word_id,chinese_word,pinyin,word_hsk_level,official_pos,sense_id,chinese_meaning,persian_meaning,collocations,example_chinese,example_pinyin,example_persian_translation,notes
1,爱,ài,HSK 1,动,1,对人、地方、国家等有深厚的感情 (动),"عشق داشتن؛ عمیقاً دوست داشتن؛ محبت شدید داشتن به کسی، خانواده، وطن و مانند آن (فعل)",爱家人 (ài jiārén) | 爱孩子 (ài háizi) | 爱父母 (ài fùmǔ) | 爱祖国 (ài zǔguó),她很爱她的家人。,Tā hěn ài tā de jiārén.,او خانواده‌اش را خیلی دوست دارد / عاشق خانواده‌اش است.,
1,爱,ài,HSK 1,动,2,喜欢做某事或喜欢某种事物，常表示兴趣或习惯 (动),دوست داشتن؛ علاقه داشتن به چیزی یا انجام کاری؛ خوشش آمدن یا عادت داشتن به کاری (فعل),爱看书 (ài kàn shū) | 爱喝茶 (ài hē chá) | 爱唱歌 (ài chànggē) | 爱运动 (ài yùndòng),我爱喝茶。,Wǒ ài hē chá.,من چای دوست دارم / به چای علاقه دارم.,
1,爱,ài,HSK 1,动,3,容易发生某种情况；常常会 (动/助动词),زیاد دچارِ چیزی شدن؛ معمولاً چنین عادتی داشتن؛ زیاد پیش آمدن که... (فعل/فعل کمکی),爱生气 (ài shēngqì) | 爱迟到 (ài chídào) | 爱忘事 (ài wàngshì) | 爱哭 (ài kū),他上班总爱迟到。,Tā shàngbān zǒng ài chídào.,او سر کار همیشه دیر می‌کند / عادت دارد دیر برسد.,
2,八,bā,HSK 1,数,1,数字八 (数),عدد هشت (عدد),八个人 (bā ge rén) | 八点 (bā diǎn) | 八岁 (bā suì),我女儿八岁了。,Wǒ nǚ'ér bā suì le.,دخترم هشت ساله شده است.,
3,爸爸,bàba,HSK 1,名,1,父亲；对爸爸的称呼 (名),پدر؛ بابا (اسم),我爸爸 (wǒ bàba) | 爸爸妈妈 (bàba māma) | 爸爸回来了 (bàba huílai le),我爸爸是老师。,Wǒ bàba shì lǎoshī.,پدرم معلم است.,
4,吧,ba,HSK 1,助,1,用在句末，表示建议、邀请、请求、劝告或商量，使语气较委婉 (助),"برای پیشنهاد، دعوت، درخواست، توصیه یا مشورت در پایان جمله می‌آید و لحن را نرم‌تر و مؤدبانه‌تر می‌کند (حرف نشانه)",我们走吧 (wǒmen zǒu ba) | 一起去吧 (yìqǐ qù ba) | 请坐吧 (qǐng zuò ba) | 你先走吧 (nǐ xiān zǒu ba) | 休息一下吧 (xiūxi yíxià ba),我们一起去吃饭吧。,Wǒmen yìqǐ qù chīfàn ba.,بیا با هم برویم غذا بخوریم.,Merged former sense 1 and 2.
4,吧,ba,HSK 1,助,2,用在句末，表示同意、接受、让步或勉强决定 (助),"برای قبول کردن، کوتاه آمدن یا تصمیمِ همراه با کمی تردید می‌آید؛ «باشه»، «خب» (حرف نشانه)",好吧 (hǎo ba) | 行吧 (xíng ba) | 算了吧 (suàn le ba) | 就这样吧 (jiù zhèyàng ba),好吧，我们明天再去。,"Hǎo ba, wǒmen míngtiān zài qù.","خیلی خب، باشه. فردا می‌ریم.","Often shows reluctant agreement, concession, or closing a decision."
4,吧,ba,HSK 1,助,3,用在句末，表示推测、估计或不太确定的判断 (助),"در پایان جمله برای حدس، گمان یا اطمینان نداشتن می‌آید؛ «احتمالاً»، «فکر کنم»، «شاید» (حرف نشانه)",可能是吧 (kěnéng shì ba) | 他会来吧 (tā huì lái ba) | 差不多吧 (chàbuduō ba) | 应该可以吧 (yīnggāi kěyǐ ba),他今天不会来了吧。,Tā jīntiān bú huì lái le ba.,فکر کنم او امروز دیگر نمی‌آید.,Conjectural modal use; degree of certainty depends on context.
4,吧,ba,HSK 1,助,4,用在句末，表示带有期待确认的疑问 (助),"در پایان جمله برای پرسشِ تأییدی می‌آید؛ یعنی گوینده انتظار دارد طرف مقابل تأیید کند؛ «درسته؟»، «مگه نه؟» (حرف نشانه)",你是老师吧 (nǐ shì lǎoshī ba) | 这就是你家吧 (zhè jiù shì nǐ jiā ba) | 没问题吧 (méi wèntí ba) | 可以吧 (kěyǐ ba),你是新来的学生吧？,Nǐ shì xīn lái de xuésheng ba?,"تو دانش‌آموز جدیدی، درست است؟",Tag-like confirmation question.
4,吧,ba,HSK 1,助,5,用在动词后，表示允许、放任或把行动交给对方决定 (助),"بعد از فعل می‌آید و اجازه دادن، رها کردن تصمیم به طرف مقابل یا «بفرما انجام بده» را می‌رساند (حرف نشانه)",你说吧 (nǐ shuō ba) | 你去吧 (nǐ qù ba) | 让他进来吧 (ràng tā jìnlái ba) | 开始吧 (kāishǐ ba),你先说吧。,Nǐ xiān shuō ba.,تو اول بگو.,Permission/yielding-the-turn use; overlaps with softened imperative but is useful to separate for learners.
4,吧,ba,HSK 1,助,6,用在句中停顿处，表示假设、举例、犹豫或两难，多用于口语 (助),"در میانه‌ی جمله و پس از یک عبارت فرضی می‌آید و حالت دودلی، فرض‌گرفتن یا دوراهی را نشان می‌دهد؛ یعنی «اگر ... کنیم/بگوییم...» (حرف نشانه)","V吧，……；不V吧，…… (V ba, ...; bù V ba, ...) | 去吧，……；不去吧，…… (qù ba, ...; bù qù ba, ...) | 说吧，……；不说吧，…… (shuō ba, ...; bù shuō ba, ...)",去吧，太远；不去吧，又可惜。,"Qù ba, tài yuǎn; bù qù ba, yòu kěxī.","اگر برویم، خیلی دور است؛ اگر نرویم هم حیف می‌شود.",Mid-sentence discourse particle; advanced pragmatic use.
4,吧,ba,HSK 1,助,7,用于列举或举例后的停顿，使语气较随意 (助),"پس از آوردن نمونه یا موردی در گفتار می‌آید و لحن را محاوره‌ای‌تر و تقریبی‌تر می‌کند؛ «مثلاً»، «فرض کن» (حرف نشانه)",比如说吧 (bǐrú shuō ba) | 拿这个例子吧 (ná zhège lìzi ba) | 就说今天吧 (jiù shuō jīntiān ba) | 你看吧 (nǐ kàn ba),比如说吧，学习汉语需要每天练习。,"Bǐrú shuō ba, xuéxí Hànyǔ xūyào měitiān liànxí.","مثلاً، یادگیری زبان چینی نیاز به تمرین روزانه دارد.",Discourse-marker use in spoken Mandarin.
4,吧,bā,HSK 1,助,8,译音用字，常用于表示酒吧、网吧、贴吧等场所或网络社区 (名/语素),"جزء آوایی/وام‌واژه‌ای در واژه‌هایی مثل بار، کافی‌نت/گیم‌نت، یا انجمن اینترنتی (اسم/تکواژ)",酒吧 (jiǔbā) | 网吧 (wǎngbā) | 贴吧 (tiēbā) | 吧台 (bātái),他晚上在酒吧工作。,Tā wǎnshang zài jiǔbā gōngzuò.,او شب‌ها در بار کار می‌کند.,Pronounced bā; not the sentence-final particle. Included for full dictionary coverage.
4,吧,bā,HSK 1,助,9,拟声词，模拟轻微的爆裂、撞击、闭合或嘴部动作的声音 (象声词),"آوانما برای صدای کوتاهِ ضربه، بسته‌شدن، ترکیدن خفیف یا حرکت دهان؛ چیزی شبیه «تق/پق/چَک» بسته به بافت (آوانما)",吧的一声 (bā de yì shēng) | 吧嗒 (bādā) | 吧唧 (bājī) | 嘴巴吧唧响 (zuǐba bājī xiǎng),门吧的一声关上了。,Mén bā de yì shēng guānshàng le.,در با صدای «تق» بسته شد.,Onomatopoeic reading bā; less common than modal particle ba.
5,白天,báitiān,HSK 1,名,1,从天亮到天黑的一段时间；白昼 (名),روز؛ زمانی از روشن شدن هوا تا شب (اسم),白天上班 (báitiān shàngbān) | 白天很热 (báitiān hěn rè) | 白天睡觉 (báitiān shuìjiào),我白天上班，晚上学习。,Wǒ báitiān shàngbān wǎnshang xuéxí.,من روزها کار می‌کنم و شب‌ها درس می‌خوانم.,
6,百,bǎi,HSK 1,数,1,数字一百；十个十 (数),عدد صد (عدد),一百 (yībǎi) | 百分之百 (bǎifēnzhībǎi) | 一百元 (yī bǎi yuán),这本书一百块。,Zhè běn shū yì bǎi kuài.,این کتاب صد یوان است.,
7,半,bàn,HSK 1,数、副,1,二分之一；一半 (数),نصف؛ نیم؛ یک‌دوم (عدد),一半 (yíbàn) | 半个苹果 (bàn ge píngguǒ) | 半杯水 (bàn bēi shuǐ),我吃了半个苹果。,Wǒ chī le bàn ge píngguǒ.,من نصف یک سیب خوردم.,
7,半,bàn,HSK 1,数、副,2,表示钟点中的三十分；半点 (数),نیم؛ سی دقیقه در بیان ساعت (عدد),一点半 (yì diǎn bàn) | 八点半 (bā diǎn bàn) | 九点半 (jiǔ diǎn bàn),我们八点半上课。,Wǒmen bā diǎn bàn shàngkè.,ما ساعت هشت و نیم کلاس داریم.,
7,半,bàn,HSK 1,数、副,3,表示不完全；部分地 (副),نیمه؛ نصفه؛ تا حدی؛ به‌طور ناقص یا کامل‌نشده (قید),半开 (bàn kāi) | 半懂不懂 (bàn dǒng bù dǒng) | 半信半疑 (bàn xìn bàn yí),门半开着。,Mén bàn kāizhe.,در نیمه‌باز است.,
7,半,bàn,HSK 1,数、副,4,表示中间部分、中途或一段时间的一半 (名/数),نیمه؛ وسط؛ میانه‌ی راه یا زمان (اسم/عدد),半路 (bànlù) | 半夜 (bànyè) | 半年 (bànnián),他半路下车了。,Tā bànlù xià chē le.,او وسط راه پیاده شد.,
7,半,bàn,HSK 1,数、副,5,和否定词连用，表示一点儿也不或几乎不 (副),"اصلاً؛ تقریباً هیچ، در ساختارهای منفی (قید)",半点儿不 (bàndiǎnr bù) | 半句话 (bàn jù huà) | 半个人影 (bàn ge rényǐng),他半句话也没说。,Tā bàn jù huà yě méi shuō.,او حتی یک کلمه هم حرف نزد.,Extended emphatic negative use.
8,包子,bāozi,HSK 1,名,1,一种有馅儿的面食，多为蒸熟 (名),نوعی نان بخارپزِ پرشده با مواد داخل؛ بائوزی (اسم),肉包子 (ròu bāozi) | 菜包子 (cài bāozi) | 吃包子 (chī bāozi),我早上吃了两个包子。,Wǒ zǎoshang chī le liǎng ge bāozi.,من صبح دو تا بائوزی خوردم.,
9,杯子,bēizi,HSK 1,名,1,喝水或喝饮料用的器皿 (名),فنجان؛ لیوان؛ ظرف نوشیدن (اسم),一个杯子 (yí ge bēizi) | 玻璃杯子 (bōli bēizi) | 杯子里的水 (bēizi lǐ de shuǐ),桌子上有一个杯子。,Zhuōzi shang yǒu yí ge bēizi.,روی میز یک لیوان هست.,
10,本,běn,HSK 1,量,1,用于书、簿子、杂志、词典等装订成册的东西的量词 (量),"واحد شمارش برای کتاب، دفتر، مجله، فرهنگ لغت و چیزهای صحافی‌شده (واحد شمارش)",一本书 (yì běn shū) | 一本词典 (yì běn cídiǎn) | 两本杂志 (liǎng běn zázhì) | 这本书 (zhè běn shū),我买了一本汉语词典。,Wǒ mǎi le yì běn Hànyǔ cídiǎn.,من یک فرهنگ لغت چینی خریدم.,
10,本,běn,HSK 1,量,2,书籍、字画、碑帖、版本等成册或成篇的文本性事物 (名),کتاب؛ جلد؛ نسخه؛ متن یا اثر چاپی/صحافی‌شده (اسم),第一本 (dì yī běn) | 下一本 (xià yì běn) | 精装本 (jīngzhuāngběn) | 平装本 (píngzhuāngběn) | 手抄本 (shǒuchāoběn),这套书我只看完了第一本。,Zhè tào shū wǒ zhǐ kànwán le dì yī běn.,از این مجموعه فقط جلد اول را تمام کرده‌ام.,Nominal sense; 书本 and 本子 are better treated as separate lexical entries.
10,本,běn,HSK 1,量,3,表示事物的根源、根基或最重要的基础，现代汉语中多作构词成分 (语素/名),"ریشه؛ بنیان؛ اصلِ بنیادین؛ پایه‌ی اصلی چیزی، بیشتر به‌صورت جزء واژه‌ساز در ترکیب‌ها می‌آید (تکواژ/اسم)",以人为本 (yǐ rén wéi běn) | 成功之本 (chénggōng zhī běn) | 教育之本 (jiàoyù zhī běn) | 做人之本 (zuòrén zhī běn) | 诚信为本 (chéngxìn wéi běn),诚信是做人之本。,Chéngxìn shì zuòrén zhī běn.,"صداقت، اصلِ درست زندگی کردن است.",Mostly used as a bound morpheme or in formal patterns such as X之本 and 以……为本.
10,本,běn,HSK 1,量,4,原有的、固有的或本质上的 (形),اصلی؛ اولیه؛ ذاتی؛ مربوط به ماهیت واقعی چیزی (صفت),本名 (běnmíng) | 本性 (běnxìng) | 本能 (běnnéng) | 本色 (běnsè),这是他的本名，不是艺名。,"Zhè shì tā de běnmíng, bú shì yìmíng.","این نام اصلی اوست، نه نام هنری‌اش.",
10,本,běn,HSK 1,量,5,指自己这一方、这个机构或当前这段时间 (代/区别词),خودِ شخص؛ این نهاد؛ طرفِ گوینده؛ مربوط به دوره‌ی جاری (ضمیر/وابسته‌ی اسمی),本人 (běnrén) | 本校 (běnxiào) | 本公司 (běn gōngsī) | 本月 (běnyuè) | 本年度 (běn niándù),本公司周末不营业。,Běn gōngsī zhōumò bù yíngyè.,این شرکت آخر هفته‌ها فعالیت ندارد.,
10,本,běn,HSK 1,量,6,演出、影视或作品所依据的底本、脚本或文本 (名),"متن پایه؛ نسخه‌ی مبنا؛ متن نمایش، فیلمنامه یا اسکریپت (اسم)",剧本 (jùběn) | 脚本 (jiǎoběn) | 话本 (huàběn) | 唱本 (chàngběn),这个剧本写得很好。,Zhège jùběn xiě de hěn hǎo.,"این فیلمنامه/متن نمایش خیلی خوب نوشته شده است.,",
11,边,biān,HSK 1,名、后缀,1,物体的边缘、侧面或靠近某物的地方 (名),لبه؛ کناره؛ حاشیه یا کنارِ چیزی (اسم),桌边 (zhuōbiān) | 床边 (chuángbiān) | 河边 (hébiān) | 路边 (lùbiān),她坐在床边看书。,Tā zuò zài chuángbiān kàn shū.,او کنار تخت نشسته و کتاب می‌خواند.,
11,边,biān,HSK 1,名、后缀,2,表示方位、方向或范围的一侧 (方位词/名),سمت؛ طرف؛ جهت؛ یک سوی مکان یا محدوده (اسم مکانی/جهتی),左边 (zuǒbiān) | 右边 (yòubiān) | 前边 (qiánbian) | 后边 (hòubian) | 这边 (zhèbiān) | 那边 (nàbiān) | 里边 (lǐbian) | 外边 (wàibian),洗手间在右边。,Xǐshǒujiān zài yòubiān.,سرویس بهداشتی سمت راست است.,Merged former direction and suffix-location senses; 一边 is handled later as an independent entry.
11,边,biān,HSK 1,名、后缀,3,边界；界线；两个地区或范围相接的地方 (名),مرز؛ حد؛ خط جداکننده میان دو منطقه یا محدوده (اسم),边界 (biānjiè) | 边境 (biānjìng) | 边线 (biānxiàn) | 边防 (biānfáng),这条河是两个国家的边界。,Zhè tiáo hé shì liǎng ge guójiā de biānjiè.,این رود مرز دو کشور است.,
11,边,biān,HSK 1,名、后缀,4,事情、关系或对立双方中的一方 (名),"طرف؛ جانب؛ یکی از طرف‌های یک رابطه، موضوع یا اختلاف (اسم)",我这边 (wǒ zhèbiān) | 你那边 (nǐ nàbiān) | 公司那边 (gōngsī nàbiān) | 站在他这一边 (zhàn zài tā zhè yì biān),公司那边还没有回复。,Gōngsī nàbiān hái méiyǒu huífù.,از طرف شرکت هنوز پاسخی نیامده است.,
11,边,biān,HSK 1,名、后缀,5,几何图形的一条线段；边长 (名),ضلع؛ یکی از خط‌های تشکیل‌دهنده‌ی شکل هندسی (اسم),三角形的边 (sānjiǎoxíng de biān) | 四边形 (sìbiānxíng) | 边长 (biāncháng),这个三角形有三条边。,Zhège sānjiǎoxíng yǒu sān tiáo biān.,این مثلث سه ضلع دارد.,
12,病,bìng,HSK 1,名、动,1,身体或心理不健康的状态；疾病 (名),بیماری؛ مریضی (اسم),病情 (bìngqíng) | 看病 (kànbìng) | 治病 (zhìbìng),他的病已经好了。,Tā de bìng yǐjīng hǎo le.,بیماری او دیگر خوب شده است.,
12,病,bìng,HSK 1,名、动,2,生病；患病 (动),بیمار شدن؛ مریض شدن (فعل),病了 (bìng le) | 病倒 (bìngdǎo) | 病得很重 (bìng de hěn zhòng),我昨天病了，没去上班。,Wǒ zuótiān bìng le méi qù shàngbān.,من دیروز مریض شدم و سر کار نرفتم.,
13,不,bù,HSK 1,副,1,表示否定，相当于“不是、没有意愿去做” (副),نه؛ نـ؛ برای منفی کردن فعل یا صفت (قید),不去 (bú qù) | 不是 (bú shì) | 不喜欢 (bù xǐhuan),我不喝咖啡。,Wǒ bù hē kāfēi.,من قهوه نمی‌نوشم.,
14,不客气,bú kèqi,HSK 1,习用语,1,用于回应感谢，表示“不用谢” (习用语),خواهش می‌کنم؛ قابلی ندارد؛ در پاسخ به تشکر (عبارت),说不客气 (shuō bú kèqi) | 回一句不客气 (huí yí jù bú kèqi) | 连忙说不客气 (liánmáng shuō bú kèqi),A：谢谢！B：不客气！,A: Xièxie! B: Bú kèqi!,الف: ممنون! ب: خواهش می‌کنم!,Official POS is unclear in extracted HSK PDF; treated here as a fixed expression.
14,不客气,bú kèqi,HSK 1,习用语,2,表示不用见外、不必拘礼 (习用语),لازم نیست تعارف کنی؛ راحت باش (عبارت),别客气 (bié kèqi) | 不要客气 (búyào kèqi) | 跟我别客气 (gēn wǒ bié kèqi),到我家来不用客气。,Dào wǒ jiā lái búyòng kèqi.,وقتی به خانهٔ من می‌آیی لازم نیست تعارف کنی.,Official POS is unclear in extracted HSK PDF; treated here as a fixed expression.
14,不客气,bú kèqi,HSK 1,习用语,3,态度或说话做事不礼貌、不留情面 (形/习用语),بی‌تعارف؛ بی‌ادبانه؛ تند؛ بی‌ملاحظه؛ بدون رودربایستی یا تعارف (صفت/عبارت),说话不客气 (shuōhuà bú kèqi) | 对人不客气 (duì rén bú kèqi) | 太不客气 (tài bú kèqi) | 我就不客气了 (wǒ jiù bú kèqi le) | 别怪我不客气 (bié guài wǒ bú kèqi),他刚才说话很不客气。,Tā gāngcái shuōhuà hěn bú kèqi.,او همین الان خیلی تند و بی‌تعارف حرف زد.,Official POS is unclear in extracted HSK PDF; adjectival sense added for modern usage.
15,不要,búyào,HSK 1,副,1,表示禁止、劝阻或请求对方别做某事 (副),نکن؛ نخواه؛ برای نهی و منع (قید),不要说话 (búyào shuōhuà) | 不要动 (búyào dòng) | 不要迟到 (búyào chídào),上课不要说话。,Shàngkè búyào shuōhuà.,سر کلاس حرف نزن.,
15,不要,búyào,HSK 1,副,2,表示不想要或不打算要某物 (动),نخواستن؛ نخواستنِ چیزی (فعل),我不要 (wǒ búyào) | 不要咖啡 (búyào kāfēi) | 不要这个 (búyào zhège),这个太贵了，我不要。,Zhège tài guì le wǒ búyào.,این خیلی گران است؛ من نمی‌خواهمش.,Additional common verbal sense beyond official HSK POS.
16,菜,cài,HSK 1,名,1,可以做食物的植物；蔬菜 (名),سبزی؛ تره‌بار؛ سبزیجات (اسم),买菜 (mǎi cài) | 青菜 (qīngcài) | 洗菜 (xǐ cài),妈妈去市场买菜了。,Māma qù shìchǎng mǎi cài le.,مامان به بازار رفته تا سبزی بخرد.,
16,菜,cài,HSK 1,名,2,饭桌上的菜肴；做好的食物 (名),غذا؛ خوراک؛ غذایی که روی میز سرو می‌شود (اسم),点菜 (diǎn cài) | 做菜 (zuò cài) | 家常菜 (jiāchángcài),这家饭店的菜很好吃。,Zhè jiā fàndiàn de cài hěn hǎochī.,غذای این رستوران خیلی خوشمزه است.,
16,菜,cài,HSK 1,名,3,〈口〉形容水平低、能力差，不够厉害 (形),ضعیف؛ ناشی؛ کم‌مهارت (صفت),太菜了 (tài cài le) | 打得很菜 (dǎ de hěn cài) | 玩得很菜 (wán de hěn cài),他打游戏太菜了。,Tā dǎ yóuxì tài cài le.,او توی بازی خیلی ضعیف است.,Colloquial adjectival sense beyond official HSK noun POS.
17,茶,chá,HSK 1,名,1,茶树的叶子加工后制成的饮料；也指这种饮料本身 (名),چای؛ برگ چای یا نوشیدنیِ چای (اسم),喝茶 (hē chá) | 绿茶 (lǜchá) | 茶杯 (chábēi),中国人很喜欢喝茶。,Zhōngguó rén hěn xǐhuan hē chá.,چینی‌ها خیلی دوست دارند چای بنوشند.,
18,唱,chàng,HSK 1,动,1,发出有曲调的声音；唱歌 (动),آواز خواندن؛ ترانه خواندن (فعل),唱歌 (chàng gē) | 唱中文歌 (chàng Zhōngwén gē) | 大声唱 (dàshēng chàng),她唱得很好听。,Tā chàng de hěn hǎotīng.,او خیلی قشنگ می‌خواند.,
18,唱,chàng,HSK 1,动,2,高声叫出或大声念出名字、号码等 (动),"با صدای بلند اسم، شماره و مانند آن را خواندن یا اعلام کردن (فعل)",唱名 (chàngmíng) | 唱票 (chàngpiào) | 唱号 (chànghào),老师开始唱名，请大家安静。,"Lǎoshī kāishǐ chàngmíng, qǐng dàjiā ānjìng.",معلم شروع کرد به اسم‌خوانی؛ لطفاً همه ساکت باشید.,Mostly used in fixed expressions such as 唱名 and 唱票.
18,唱,chàng,HSK 1,动,3,在比喻中指扮演某种角色或采取某种做法 (动),به‌طور استعاری نقش خاصی بازی کردن یا رویکردی در پیش گرفتن (فعل),唱主角 (chàng zhǔjué) | 唱红脸 (chàng hóngliǎn) | 唱反调 (chàng fǎndiào),这次他在项目里唱主角。,Zhè cì tā zài xiàngmù lǐ chàng zhǔjué.,این بار او در پروژه نقش اصلی را دارد.,
19,超市,chāoshì,HSK 1,名,1,超级市场；自选购物的商店 (名),سوپرمارکت؛ فروشگاه بزرگِ سلف‌سرویس (اسم),去超市 (qù chāoshì) | 超市买东西 (chāoshì mǎi dōngxi) | 大超市 (dà chāoshì),我下班以后要去超市。,Wǒ xiàbān yǐhòu yào qù chāoshì.,بعد از کار باید به سوپرمارکت بروم.,
20,车,chē,HSK 1,名,1,陆地上有轮子的交通工具的总称 (名),وسیله‌ی نقلیه‌ی چرخ‌دار زمینی؛ وسیله‌ی حمل‌ونقل زمینی (اسم),坐车 (zuò chē) | 上车 (shàng chē) | 下车 (xià chē) | 车站 (chēzhàn) | 车票 (chēpiào),我们坐车去学校。,Wǒmen zuò chē qù xuéxiào.,ما با وسیله‌ی نقلیه به مدرسه می‌رویم.,
20,车,chē,HSK 1,名,2,日常口语中常特指汽车 (名),ماشین؛ خودرو؛ اتومبیل (اسم),开车 (kāi chē) | 买车 (mǎi chē) | 停车 (tíng chē) | 一辆车 (yí liàng chē) | 新车 (xīn chē),他刚买了一辆新车。,Tā gāng mǎi le yí liàng xīn chē.,او تازه یک ماشین نو خریده است.,
20,车,chē,HSK 1,名,3,利用轮轴转动的器具或装置 (名),دستگاه یا ابزار چرخ‌دار؛ وسیله‌ای که با چرخ یا محور می‌چرخد (اسم),水车 (shuǐchē) | 纺车 (fǎngchē) | 风车 (fēngchē) | 推车 (tuīchē),以前人们用水车把水提上来。,Yǐqián rénmen yòng shuǐchē bǎ shuǐ tí shànglái.,"در گذشته مردم با چرخ آب، آب را بالا می‌آوردند.",
20,车,chē,HSK 1,名,4,车床；或用车床加工工件 (名/动),دستگاه تراش؛ تراشیدن یا شکل دادن قطعه با دستگاه تراش (اسم/فعل),车床 (chēchuáng) | 车零件 (chē língjiàn) | 车出形状 (chē chū xíngzhuàng),工人正在用车床车零件。,Gōngrén zhèngzài yòng chēchuáng chē língjiàn.,کارگر دارد با دستگاه تراش قطعه تراش می‌دهد.,Technical sense.
20,车,chē,HSK 1,名,5,按一车所装的量计算 (量),یک بارِ کاملِ وسیله‌ی نقلیه؛ به اندازه‌ی بار یک ماشین یا گاری (واحد شمارش),一车货 (yì chē huò) | 一车水果 (yì chē shuǐguǒ) | 两车木头 (liǎng chē mùtou),他们送来了一车水果。,Tāmen sònglái le yì chē shuǐguǒ.,آن‌ها یک ماشین میوه آوردند.,
20,车,jū,HSK 1,名,6,中国象棋中的一种棋子，也可指国际象棋中的rook (名),رخ؛ مهره‌ی «ارابه/رخ» در شطرنج چینی یا شطرنج بین‌المللی (اسم),一只车 (yì zhī jū) | 车马炮 (jū mǎ pào) | 舍车保帅 (shě jū bǎo shuài),他用车吃了我的马。,Tā yòng jū chī le wǒ de mǎ.,او با رخِ خودش اسب مرا زد.,Non-HSK reading jū; useful for chess contexts.
21,吃,chī,HSK 1,动,1,进食；把食物放进嘴里并咽下，也指用餐 (动),خوردن؛ غذا خوردن؛ وعده‌ی غذایی را صرف کردن (فعل),吃饭 (chī fàn) | 吃早饭 (chī zǎofàn) | 吃水果 (chī shuǐguǒ) | 吃包子 (chī bāozi) | 在外面吃 (zài wàimiàn chī) | 在饭馆吃 (zài fànguǎn chī),我还没吃饭。,Wǒ hái méi chī fàn.,من هنوز غذا نخورده‌ام.,
21,吃,chī,HSK 1,动,2,服用药物或其他可吞咽的东西 (动),"مصرف کردن؛ دارو، قرص یا چیز قابل‌بلع را خوردن (فعل)",吃药 (chī yào) | 吃中药 (chī zhōngyào) | 吃维生素 (chī wéishēngsù) | 吃一片药 (chī yí piàn yào),你饭后记得吃药。,Nǐ fànhòu jìde chī yào.,یادت باشد بعد از غذا دارو بخوری.,
21,吃,chī,HSK 1,动,3,遭受、承受某种结果，常用于固定搭配 (动),"متحمل شدن؛ دچار نتیجه‌ای شدن، اغلب در ترکیب‌های ثابت (فعل)",吃亏 (chīkuī) | 吃苦 (chīkǔ) | 吃苦头 (chīkǔtou),他在这件事上吃了亏。,Tā zài zhè jiàn shì shang chī le kuī.,او در این ماجرا ضرر کرد.,
21,吃,chī,HSK 1,动,4,依靠某种资源或条件生活、工作 (动),امرار معاش کردن با؛ متکی بودن به چیزی برای زندگی یا کار (فعل),吃工资 (chī gōngzī) | 吃老本 (chī lǎoběn) | 靠山吃山 (kào shān chī shān),很多人靠这份工作吃饭。,Hěn duō rén kào zhè fèn gōngzuò chīfàn.,خیلی‌ها با این شغل امرار معاش می‌کنند.,Extended livelihood sense.
21,吃,chī,HSK 1,动,5,消耗、占用或吸收 (动),مصرف کردن؛ گرفتن یا اشغال کردن منابع (فعل),吃电 (chī diàn) | 吃内存 (chī nèicún) | 吃时间 (chī shíjiān),这个软件很吃内存。,Zhège ruǎnjiàn hěn chī nèicún.,این نرم‌افزار حافظه‌ی زیادی مصرف می‌کند.,Colloquial resource-consumption sense.
21,吃,chī,HSK 1,动,6,在棋类游戏中拿掉对方的棋子 (动),زدن مهره؛ گرفتن مهره‌ی حریف در بازی‌هایی مثل شطرنج (فعل),吃子 (chī zǐ) | 吃掉对方 (chīdiào duìfāng) | 被吃 (bèi chī),他的马被我吃了。,Tā de mǎ bèi wǒ chī le.,اسب او را زدم/گرفتم.,Chess/game sense.
22,穿,chuān,HSK 1,动,1,把衣服、鞋袜等套在身上 (动),"پوشیدن؛ لباس، کفش و مانند آن را به تن کردن (فعل)",穿衣服 (chuān yīfu) | 穿鞋 (chuān xié) | 穿裙子 (chuān qúnzi),天冷了，多穿一点。,"Tiān lěng le, duō chuān yìdiǎn.","هوا سرد شده، کمی بیشتر لباس بپوش.",
22,穿,chuān,HSK 1,动,2,通过；从中间经过 (动),از میانِ جایی عبور کردن؛ از جایی رد شدن (فعل),穿过马路 (chuān guò mǎlù) | 穿过公园 (chuān guò gōngyuán) | 穿过去 (chuān guòqù),我们从小路穿过去吧。,Wǒmen cóng xiǎolù chuān guòqù ba.,بیا از راه باریک از این طرف رد شویم.,Extended common sense beyond the basic clothing sense.
22,穿,chuān,HSK 1,动,3,把线、绳等从物体中间通过；串起来 (动),رشته کردن؛ نخ یا چیز دیگری را از میان چیزی رد کردن و به هم وصل کردن (فعل),穿针 (chuān zhēn) | 穿线 (chuān xiàn) | 穿起来 (chuān qǐlai),她正在穿针，准备缝衣服。,"Tā zhèngzài chuānzhēn, zhǔnbèi féng yīfu.",او دارد نخ را داخل سوزن می‌کند تا لباس بدوزد.,Extended common sense beyond the official HSK entry.
23,出租车,chūzūchē,HSK 1,名,1,按路程或时间收费的汽车；计程车 (名),تاکسی؛ خودروی کرایه‌ای که بر اساس مسیر یا زمان کرایه می‌گیرد (اسم),坐出租车 (zuò chūzūchē) | 打出租车 (dǎ chūzūchē) | 出租车司机 (chūzūchē sījī),他每天坐出租车上班。,Tā měitiān zuò chūzūchē shàngbān.,او هر روز با تاکسی سرِ کار می‌رود.,
24,大,dà,HSK 1,形,1,体积、面积、数量、力量等超过一般程度 (形),"بزرگ؛ در اندازه، وسعت، تعداد یا قدرت بیش از حد معمول بودن (صفت)",大房子 (dà fángzi) | 大城市 (dà chéngshì) | 大教室 (dà jiàoshì),这间教室很大。,Zhè jiān jiàoshì hěn dà.,این کلاس خیلی بزرگ است.,
24,大,dà,HSK 1,形,2,年龄较多；比别人年长 (形),بزرگ‌تر از نظر سن؛ مسن‌تر (صفت),比我大 (bǐ wǒ dà) | 大哥 (dàgē) | 大女儿 (dà nǚ'ér),我哥哥比我大三岁。,Wǒ gēge bǐ wǒ dà sān suì.,برادرم سه سال از من بزرگ‌تر است.,
24,大,dà,HSK 1,形,3,长成成人或成熟的状态 (形),بزرگ‌شده؛ به سن رشد یا بلوغ رسیده (صفت),长大 (zhǎng dà) | 大孩子 (dà háizi) | 大人 (dàrén),孩子长大了，会自己做事了。,"Háizi zhǎng dà le, huì zìjǐ zuò shì le.",بچه بزرگ شده و می‌تواند کارهایش را خودش انجام دهد.,Common learner-facing sense often seen in 长大 and related expressions.
24,大,dà,HSK 1,形,4,重要；严重；影响范围大 (形),مهم؛ جدی؛ بزرگ از نظر اهمیت یا شدت (صفت),大问题 (dà wèntí) | 大事 (dàshì) | 大变化 (dà biànhuà),这不是小事，是大事。,"Zhè bú shì xiǎoshì, shì dàshì.",این موضوع کوچکی نیست؛ مسئله‌ای مهم است.,Extended common sense beyond the basic size meaning.
25,打电话,dǎ diànhuà,HSK 1,needs verification,1,通过电话跟别人联系；通电话 (动),تلفن کردن؛ از طریق تلفن با کسی تماس گرفتن (فعل),打电话给他 (dǎ diànhuà gěi tā) | 接电话 (jiē diànhuà) | 回电话 (huí diànhuà),我晚一点儿给你打电话。,Wǒ wǎn yìdiǎnr gěi nǐ dǎ diànhuà.,کمی دیرتر به تو زنگ می‌زنم.,Official POS field appears blank on the official HSK PDF page; treated here as a verbal expression.
26,大家,dàjiā,HSK 1,代,1,集体中的所有人；每个人 (代),همه؛ همه‌ی افرادِ یک جمع (ضمیر),大家都 (dàjiā dōu) | 大家一起 (dàjiā yìqǐ) | 大家好 (dàjiā hǎo),大家都认识他。,Dàjiā dōu rènshi tā.,همه او را می‌شناسند.,
27,到,dào,HSK 1,动,1,到达某个地方或时间点；也可表示去某处做某事 (动),رسیدن به مکان یا زمان مشخص؛ رفتن به جایی برای انجام کاری (فعل),到学校 (dào xuéxiào) | 到北京 (dào Běijīng) | 到站 (dào zhàn) | 到医院看病 (dào yīyuàn kànbìng) | 到机场接人 (dào jīchǎng jiē rén),我明天到医院看病。,Wǒ míngtiān dào yīyuàn kànbìng.,من فردا برای معاینه/دکتر رفتن به بیمارستان می‌روم.,
27,到,dào,HSK 1,动,2,表示时间、数量或范围的终点 (介/动),"تا؛ نشان‌دهنده‌ی پایان زمان، مقدار یا محدوده (حرف اضافه/فعل)",从一到十 (cóng yī dào shí) | 从早到晚 (cóng zǎo dào wǎn) | 到明天 (dào míngtiān),我们从八点工作到五点。,Wǒmen cóng bā diǎn gōngzuò dào wǔ diǎn.,ما از ساعت هشت تا پنج کار می‌کنیم.,
27,到,dào,HSK 1,动,3,表示达到某种程度、标准或数量 (动),"رسیدن به؛ به سطح، حد یا مقدار مشخصی رسیدن (فعل)",达到 (dádào) | 到一百人 (dào yì bǎi rén) | 高到两米 (gāo dào liǎng mǐ),今天来的人到了五十个。,Jīntiān lái de rén dào le wǔshí ge.,امروز تعداد کسانی که آمدند به پنجاه نفر رسید.,
27,到,dào,HSK 1,动,4,用在动词后表示达到、得到或感知到结果 (补语),"بعد از فعل می‌آید و رسیدن به نتیجه، دریافت یا ادراک را نشان می‌دهد (متمم نتیجه)",看到 (kàn dào) | 听到 (tīng dào) | 找到 (zhǎo dào),我终于找到了钥匙。,Wǒ zhōngyú zhǎodào le yàoshi.,بالاخره کلید را پیدا کردم.,
27,到,dào,HSK 1,动,5,表示动作涉及或影响的对象 (介/动),به؛ روی؛ نشان‌دهنده‌ی چیزی که عمل به آن می‌رسد یا مربوط می‌شود (حرف اضافه/فعل),说到 (shuō dào) | 想到 (xiǎng dào) | 讲到 (jiǎng dào),说到学习，我觉得很重要。,"Shuō dào xuéxí, wǒ juéde hěn zhòngyào.","وقتی صحبت از یادگیری می‌شود، به نظرم خیلی مهم است.",Extended topic-reaching use.
28,大学,dàxué,HSK 1,名,1,实施高等教育的学校；大学院校 (名),دانشگاه؛ مؤسسهٔ آموزش عالی (اسم),北京大学 (Běijīng Dàxué) | 上大学 (shàng dàxué) | 大学老师 (dàxué lǎoshī),她在北京一所大学上学。,Tā zài Běijīng yì suǒ dàxué shàngxué.,او در یکی از دانشگاه‌های پکن درس می‌خواند.,
29,大学生,dàxuéshēng,HSK 1,名,1,在大学学习的学生 (名),دانشجو؛ فردی که در دانشگاه درس می‌خواند (اسم),大学生宿舍 (dàxuéshēng sùshè) | 大学生生活 (dàxuéshēng shēnghuó) | 女大学生 (nǚ dàxuéshēng),我哥哥是一名大学生。,Wǒ gēge shì yì míng dàxuéshēng.,برادرم یک دانشجو است.,
30,的,de,HSK 1,助,1,用在定语后，连接修饰语和中心语，表示所属、性质、特征等 (助),"نشانه‌ی ربط بین وابسته و اسم؛ برای مالکیت، ویژگی، صفت یا توضیح قبل از اسم (حرف نشانه)",我的书 (wǒ de shū) | 漂亮的衣服 (piàoliang de yīfu) | 中国的朋友 (Zhōngguó de péngyou) | 今天的课 (jīntiān de kè),这是我的书。,Zhè shì wǒ de shū.,این کتاب من است.,
30,的,de,HSK 1,助,2,用在形容词、动词或短语后，使其代替一个人或事物 (助),"بعد از صفت، فعل یا عبارت می‌آید و به معنی «آن‌که/چیزی که...» عمل می‌کند (حرف نشانه)",大的 (dà de) | 红的 (hóng de) | 吃的 (chī de) | 我买的 (wǒ mǎi de),我要那个红的。,Wǒ yào nàge hóng de.,من آن قرمزه را می‌خواهم.,Nominalizing 的; different from possessive 的.
30,的,de,HSK 1,助,3,用在句末，表示肯定、强调或说明情况，常和“是”配合 (助),"در پایان جمله برای تأکید، قطعیت یا توضیح وضعیت می‌آید؛ اغلب همراه با 是 در ساختار 是...的 (حرف نشانه)",是我买的 (shì wǒ mǎi de) | 是昨天来的 (shì zuótiān lái de) | 会好的 (huì hǎo de) | 没问题的 (méi wèntí de),这本书是我买的。,Zhè běn shū shì wǒ mǎi de.,این کتاب را من خریده‌ام.,Sentence-final/是...的 structure.
30,的,de,HSK 1,助,4,用在名词或代词后，表示所属，后面的名词可省略 (助),بعد از اسم یا ضمیر می‌آید و مالکیت را نشان می‌دهد؛ یعنی «مالِ...» (حرف نشانه),我的 (wǒ de) | 你的 (nǐ de) | 老师的 (lǎoshī de) | 这是谁的 (zhè shì shéi de),这不是我的，是他的。,"Zhè bú shì wǒ de, shì tā de.","این مال من نیست، مال اوست.",Possessive 的 with omitted head noun; keep separate from nominalizing 的.
30,的,de,HSK 1,助,5,用在某些固定结构中，表示身份、类别或从事某事的人 (助),"در برخی ساختارها برای اشاره به شخصِ دارای نقش، شغل یا فعالیت خاص می‌آید؛ «کسی که...» (حرف نشانه)",卖水果的 (mài shuǐguǒ de) | 开车的 (kāi chē de) | 学中文的 (xué Zhōngwén de),那个卖水果的是我朋友。,Nàge mài shuǐguǒ de shì wǒ péngyou.,آن کسی که میوه می‌فروشد دوست من است.,Person/category nominalizing use.
30,的,dí,HSK 1,助,6,真实、确实，常用于固定词语“的确” (语素/副),واقعاً؛ حقیقتاً؛ در واژه‌ی ثابت 的确 به معنی «به‌راستی/واقعاً» (تکواژ/قید),的确 (díquè) | 的确如此 (díquè rúcǐ) | 的确很好 (díquè hěn hǎo),他说的的确是真的。,Tā shuō de díquè shì zhēn de.,حرفی که او گفت واقعاً درست است.,Non-HSK reading dí; mainly in 的确.
30,的,dì,HSK 1,助,7,箭靶的中心，引申为目标，常用于“目的” (语素/名),"مرکز هدف؛ هدف، بیشتر در واژه‌هایی مثل 目的 (تکواژ/اسم)",目的 (mùdì) | 有目的 (yǒu mùdì) | 目的地 (mùdìdì),你来中国的目的是什么？,Nǐ lái Zhōngguó de mùdì shì shénme?,هدفت از آمدن به چین چیست؟,Non-HSK reading dì; mostly appears in compounds such as 目的.
31,第,dì,HSK 1,前缀,1,加在数词前，表示顺序或次序 (前缀),پیشوندی که قبل از عدد می‌آید و رتبه یا ترتیب را می‌رساند (پیشوند),第一 (dì yī) | 第三 (dì sān) | 第一个 (dì yí ge),我住在第三层。,Wǒ zhù zài dì sān céng.,من در طبقهٔ سوم زندگی می‌کنم.,
32,店,diàn,HSK 1,名,1,出售商品或提供服务的铺子；商店 (名),مغازه؛ فروشگاه؛ جایی که کالا می‌فروشد یا خدمات می‌دهد (اسم),开店 (kāi diàn) | 小店 (xiǎo diàn) | 服装店 (fúzhuāngdiàn),这家店的东西很便宜。,Zhè jiā diàn de dōngxi hěn piányi.,چیزهای این مغازه خیلی ارزان است.,
33,点,diǎn,HSK 1,量、名,1,表示钟点时刻，用在数字后 (量),واحد بیان ساعت؛ بعد از عدد برای گفتن ساعت می‌آید (واحد شمارش),三点 (sān diǎn) | 八点 (bā diǎn) | 九点半 (jiǔ diǎn bàn),现在三点了。,Xiànzài sān diǎn le.,الان ساعت سه است.,
33,点,diǎn,HSK 1,量、名,2,表示少量；一点儿 (量),کمی؛ اندکی؛ مقدار کم (کمیت/واحد),多点 (duō diǎn) | 少点 (shǎo diǎn) | 早点 (zǎo diǎn) | 晚点 (wǎn diǎn) | 快点 (kuài diǎn),你说慢点，我没听清。,"Nǐ shuō màn diǎn, wǒ méi tīng qīng.","کمی آهسته‌تر صحبت کن، درست نشنیدم.",
33,点,diǎn,HSK 1,量、名,3,小的圆点、斑点或痕迹 (名),نقطه؛ لکه یا اثر کوچک (اسم),黑点 (hēidiǎn) | 雨点 (yǔdiǎn) | 污点 (Wūdiǎn),纸上有一个小黑点。,Zhǐ shang yǒu yí ge xiǎo hēidiǎn.,روی کاغذ یک نقطه‌ی سیاه کوچک هست.,
33,点,diǎn,HSK 1,量、名,4,表示事情的一个方面、项目、理由或要点 (名),نکته؛ مورد؛ جنبه؛ دلیل یا بخش مشخصی از یک موضوع (اسم),这一点 (zhè yì diǎn) | 那一点 (nà yì diǎn) | 几点意见 (jǐ diǎn yìjiàn) | 两点原因 (liǎng diǎn yuányīn) | 共同点 (gòngtóngdiǎn) | 不同点 (bùtóngdiǎn),这一点很重要。,Zhè yì diǎn hěn zhòngyào.,این نکته خیلی مهم است.,
33,点,diǎn,HSK 1,量、名,5,点选、指定或点菜 (动),سفارش دادن؛ انتخاب کردن؛ مشخص کردن چیزی برای گرفتن یا استفاده (فعل),点菜 (diǎn cài) | 点咖啡 (diǎn kāfēi) | 点歌 (diǎn gē),我们先点菜吧。,Wǒmen xiān diǎn cài ba.,بیایید اول غذا سفارش بدهیم.,
33,点,diǎn,HSK 1,量、名,6,使灯火等燃起来；点燃 (动),"روشن کردن؛ آتش، چراغ یا شمع را روشن کردن (فعل)",点灯 (diǎn dēng) | 点火 (diǎn huǒ) | 点蜡烛 (diǎn làzhú),天黑了，先点灯吧。,"Tiān hēi le, xiān diǎn dēng ba.","هوا تاریک شده، اول چراغ را روشن کنیم.",
33,点,diǎn,HSK 1,量、名,7,清点、核对数量或名字 (动),شمردن؛ بررسی و کنترل تعداد یا نام‌ها (فعل),点人数 (diǎn rénshù) | 点名 (diǎn míng) | 点货 (diǎn huò),老师开始点名了。,Lǎoshī kāishǐ diǎn míng le.,معلم شروع کرد حضور و غیاب کردن.,
33,点,diǎn,HSK 1,量、名,8,用手指、鼠标等轻按 (动),کلیک کردن؛ لمس یا فشار کوتاه دادن با انگشت یا ماوس (فعل),点一下 (diǎn yíxià) | 点手机 (diǎn shǒujī) | 点开 (diǎnkāi),请点一下这个按钮。,Qǐng diǎn yíxià zhège ànniǔ.,لطفاً روی این دکمه کلیک کن.,Modern digital usage.
33,点,diǎn,HSK 1,量、名,9,点头；头轻轻向下动，表示同意或打招呼 (动),سر تکان دادن؛ با حرکت سر تأیید یا سلام کردن (فعل),点头 (diǎntóu) | 点点头 (diǎn diǎn tóu) | 向他点头 (xiàng tā diǎntóu),他笑着点了点头。,Tā xiàozhe diǎn le diǎn tóu.,او با لبخند سری تکان داد.,
33,点,diǎn,HSK 1,量、名,10,表示小数点或符号中的点 (名),ممیز یا نقطه‌ی نشانه‌گذاری/عدد (اسم),小数点 (xiǎoshùdiǎn) | 冒号点 (màohào diǎn) | 标点 (biāodiǎn),这个小数点写错了。,Zhège xiǎoshùdiǎn xiě cuò le.,این ممیز اشتباه نوشته شده است.,
34,电话,diànhuà,HSK 1,名,1,用来通话的设备；电话机 (名),تلفن؛ دستگاه تلفن (اسم),办公室电话 (bàngōngshì diànhuà) | 座机电话 (zuòjī diànhuà) | 电话号码 (diànhuà hàomǎ) | 电话机 (diànhuàjī)电话线 (diànhuàxiàn) | 留电话 (liú diànhuà),办公室的电话响了。,Bàngōngshì de diànhuà xiǎng le.,تلفن دفتر زنگ خورد.,Device sense.
34,电话,diànhuà,HSK 1,名,2,通过电话进行的一次通话；电话联系 (名),تماس تلفنی؛ یک بار مکالمه از طریق تلفن (اسم),打电话 (dǎ diànhuà) | 接电话 (jiē diànhuà) | 一个电话 (yí ge diànhuà) | 回电话 (huí diànhuà) | 电话联系 (diànhuà liánxì),我刚接了一个电话。,Wǒ gāng jiē le yí ge diànhuà.,من همین الان یک تماس تلفنی جواب دادم.,Call sense.
35,电脑,diànnǎo,HSK 1,名,1,电子计算机；电脑设备 (名),رایانه؛ کامپیوتر (اسم),用电脑 (yòng diànnǎo) | 买电脑 (mǎi diànnǎo) | 电脑游戏 (diànnǎo yóuxì),我的电脑有点儿慢。,Wǒ de diànnǎo yǒudiǎnr màn.,کامپیوترم کمی کند است.,
36,电视,diànshì,HSK 1,名,1,接收和播放电视节目的设备；电视机 (名),تلویزیون؛ دستگاه تلویزیون (اسم),大电视 (dà diànshì) | 电视机 (diànshìjī) | 开电视 (kāi diànshì),客厅里有一台大电视。,Kètīng lǐ yǒu yì tái dà diànshì.,در پذیرایی یک تلویزیون بزرگ هست.,Device sense.
36,电视,diànshì,HSK 1,名,2,电视节目或电视这种传播媒介 (名),تلویزیون؛ برنامه‌های تلویزیونی یا رسانهٔ تلویزیون (اسم),看电视 (kàn diànshì) | 电视节目 (diànshì jiémù) | 电视新闻 (diànshì xīnwén),我晚上很少看电视。,Wǒ wǎnshang hěn shǎo kàn diànshì.,من شب‌ها خیلی کم تلویزیون تماشا می‌کنم.,Medium/program sense.
37,电影,diànyǐng,HSK 1,名,1,用活动画面和声音讲故事的作品；影片 (名),فیلم؛ اثر سینمایی؛ فیلم داستانی یا مستند (اسم),看电影 (kàn diànyǐng) | 电影票 (diànyǐng piào) | 新电影 (xīn diànyǐng),这部电影很好看。,Zhè bù diànyǐng hěn hǎokàn.,این فیلم خیلی دیدنی است.,
38,电影院,diànyǐngyuàn,HSK 1,名,1,放映电影供人观看的场所；影院 (名),سینما؛ جایی که در آن فیلم نمایش می‌دهند (اسم),去电影院 (qù diànyǐngyuàn) | 电影院门口 (diànyǐngyuàn ménkǒu) | 新电影院 (xīn diànyǐngyuàn),周末我们去电影院看电影吧。,Zhōumò wǒmen qù diànyǐngyuàn kàn diànyǐng ba.,آخر هفته برویم سینما فیلم ببینیم.,
39,弟弟,dìdi,HSK 1,名,1,同父母或同辈中比自己年纪小的男性兄弟 (名),برادر کوچک‌تر؛ برادری که از گوینده کم‌سن‌تر است (اسم),我弟弟 (wǒ dìdi) | 弟弟妹妹 (dìdi mèimei) | 小弟弟 (xiǎo dìdi),我弟弟今年十岁。,Wǒ dìdi jīnnián shí suì.,برادر کوچکم امسال ده ساله است.,
39,弟弟,dìdi,HSK 1,名,2,对年纪较小的男孩的亲切称呼 (名),پسر کوچولو؛ خطاب دوستانه به پسر کم‌سن‌تر (اسم),小弟弟 (xiǎo dìdi) | 弟弟你好 (dìdi nǐ hǎo) | 这个弟弟 (zhège dìdi),小弟弟，你叫什么名字？,"Xiǎo dìdi, nǐ jiào shénme míngzi?","پسر کوچولو، اسمت چیست؟",Address sense.
40,东西,dōngxi,HSK 1,名,1,泛指具体的物品或事物 (名),چیز؛ شیء؛ وسیله؛ هر نوع چیز ملموس (اسم),买东西 (mǎi dōngxi) | 桌上的东西 (zhuōzi shang de dōngxi) | 收拾东西 (shōushi dōngxi) | 很多东西 (hěn duō dōngxi),桌子上有很多东西。,Zhuōzi shang yǒu hěn duō dōngxi.,روی میز چیزهای زیادی هست.,
40,东西,dōngxi,HSK 1,名,2,泛指抽象的内容、知识、想法或事情 (名),چیز؛ مطلب؛ محتوا؛ دانسته یا موضوعی نامعین (اسم),学新东西 (xué xīn dōngxi) | 有用的东西 (yǒuyòng de dōngxi) | 有意思的东西 (yǒu yìsi de dōngxi) | 写点东西 (xiě diǎn dōngxi),这门课我学到了很多新东西。,Zhè mén kè wǒ xuédào le hěn duō xīn dōngxi.,در این درس چیزهای تازه‌ی زیادی یاد گرفتم.,
40,东西,dōngxi,HSK 1,名,3,指人或动物，常带感情色彩，可褒可贬 (名),"آدم؛ موجود؛ شخص یا حیوان، با بار احساسی؛ گاهی تحقیرآمیز و گاهی صمیمانه (اسم)",不是好东西 (bú shì hǎo dōngxi) | 小东西 (xiǎo dōngxi) | 这个东西 (zhège dōngxi),他不是个好东西。,Tā bú shì ge hǎo dōngxi.,او آدم خوبی نیست.,Colloquial/emotional use; can be insulting depending on context.
40,东西,dōng xī,HSK 1,名,4,东方和西方；从东到西的方向或范围 (名),شرق و غرب؛ جهت یا گستره‌ی شرقی‌ـ‌غربی (اسم),东西方向 (dōng xī fāngxiàng) | 东西文化 (dōng xī wénhuà) | 东西交流 (dōng xī jiāoliú),这条路是东西方向的。,Zhè tiáo lù shì dōng xī fāngxiàng de.,این جاده در جهت شرقی‌ـ‌غربی است.,Different pronunciation from 东西 dōngxi meaning thing/stuff.
41,都,dōu,HSK 1,副,1,表示总括，范围内的人或事物没有例外 (副),همه؛ همگی؛ بدون استثنا (قید),都去 (dōu qù) | 都喜欢 (dōu xǐhuan) | 都在这里 (dōu zài zhèlǐ) | 大家都 (dàjiā dōu),我们都喜欢中文。,Wǒmen dōu xǐhuan Zhōngwén.,ما همه زبان چینی را دوست داریم.,
41,都,dōu,HSK 1,副,2,和疑问代词连用，表示任指或全包括 (副),با واژه‌های پرسشی می‌آید و معنی «هر/همه» می‌دهد (قید),谁都可以 (shéi dōu kěyǐ) | 什么都没有 (shénme dōu méiyǒu) | 哪儿都去 (nǎr dōu qù) | 怎么都行 (zěnme dōu xíng),谁都可以参加。,Shéi dōu kěyǐ cānjiā.,هرکسی می‌تواند شرکت کند.,
41,都,dōu,HSK 1,副,3,表示强调，指出超出一般预期的情况 (副),حتی؛ برای تأکید بر چیزی فراتر از انتظار (قید),连孩子都懂 (lián háizi dōu dǒng) | 一点都不 (yìdiǎn dōu bù) | 我都知道 (wǒ dōu zhīdào),这个问题连孩子都懂。,Zhège wèntí lián háizi dōu dǒng.,حتی بچه‌ها هم این مسئله را می‌فهمند.,
41,都,dōu,HSK 1,副,4,表示已经达到某种时间、数量或状态，常带提醒、惊讶或不满语气 (副),"دیگر؛ برای نشان دادن رسیدن به زمان، مقدار یا وضعیت خاص، اغلب با لحن یادآوری یا تعجب (قید)",都十点了 (dōu shí diǎn le) | 都这么晚了 (dōu zhème wǎn le) | 茶都凉了 (chá dōu liáng le),都十点了，你还不睡吗？,"Dōu shí diǎn le, nǐ hái bú shuì ma?","دیگر ساعت ده شده، هنوز نمی‌خوابی؟",
41,都,dōu,HSK 1,副,5,和“是”连用，表示原因、责任或归因 (副),در ساختار «都是...» برای نسبت دادن علت یا مسئولیت می‌آید؛ «همه‌اش به خاطر...» (قید),都是因为 (dōu shì yīnwèi) | 都是你 (dōu shì nǐ) | 都是我的错 (dōu shì wǒ de cuò),都是我不好，让你等了这么久。,"Dōu shì wǒ bù hǎo, ràng nǐ děng le zhème jiǔ.",همه‌اش تقصیر من بود که تو را این‌قدر منتظر گذاشتم.,Attribution/responsibility use.
41,都,dū,HSK 1,副,6,大城市；首都或国都 (名),شهر بزرگ؛ پایتخت یا مرکز حکومت (اسم),首都 (shǒudū) | 国都 (guódū) | 都市 (dūshì) | 古都 (gǔdū),北京是中国的首都。,Běijīng shì Zhōngguó de shǒudū.,پکن پایتخت چین است.,Non-HSK reading dū; official HSK 1 entry is 都 dōu as 副.
42,读,dú,HSK 1,动,1,看着文字并念出声音；朗读 (动),خواندن با صدا؛ از روی متن خواندن (فعل),读课文 (dú kèwén) | 读句子 (dú jùzi) | 大声读 (dàshēng dú),请你读一下这个句子。,Qǐng nǐ dú yíxià zhège jùzi.,لطفاً این جمله را بخوان.,
42,读,dú,HSK 1,动,2,看文字并理解内容；阅读 (动),مطالعه کردن؛ خواندن و فهمیدن متن (فعل),读书 (dú shū) | 读报纸 (dú bàozhǐ) | 读小说 (dú xiǎoshuō),我每天晚上读书。,Wǒ měitiān wǎnshang dú shū.,من هر شب کتاب می‌خوانم.,
42,读,dú,HSK 1,动,3,在学校学习；上某个年级或学校 (动),درس خواندن؛ در مدرسه یا دانشگاه تحصیل کردن (فعل),读大学 (dú dàxué) | 读一年级 (dú yī niánjí) | 在北京读书 (zài Běijīng dúshū),她在上海读大学。,Tā zài Shànghǎi dú dàxué.,او در شانگهای دانشگاه می‌خواند.,
43,对,duì,HSK 1,形、介,1,正确；合乎事实、道理或要求 (形),"درست؛ صحیح؛ مطابق واقع، قاعده یا انتظار (صفت)",说得对 (shuō de duì) | 答案对 (dá'àn duì) | 做得对 (zuò de duì),你的答案是对的。,Nǐ de dá'àn shì duì de.,جواب تو درست است.,
43,对,duì,HSK 1,形、介,2,表示动作、话语或态度所朝向的对象 (介),به؛ خطاب به؛ نسبت به مخاطب یا جهتِ عمل (حرف اضافه),对我说 (duì wǒ shuō) | 对老师说 (duì lǎoshī shuō),他对我说谢谢。,Tā duì wǒ shuō xièxie.,او به من گفت ممنون.,
43,对,duì,HSK 1,形、介,3,表示对象、关系、态度或适用范围 (介),نسبت به؛ درباره‌ی؛ در رابطه با؛ برای نشان دادن موضوع یا حوزه‌ی اثر (حرف اضافه),对中文感兴趣 (duì Zhōngwén gǎn xìngqù) | 对孩子好 (duì háizi hǎo) | 对工作认真 (duì gōngzuò rènzhēn),他对中文很感兴趣。,Tā duì Zhōngwén hěn gǎn xìngqù.,او به زبان چینی خیلی علاقه‌مند است.,
43,对,duì,HSK 1,形、介,4,面对；相对；处在相反方向 (动/形),روبه‌رو بودن؛ مقابل هم قرار گرفتن (فعل/صفت),对面 (duìmiàn) | 面对面 (miàn duì miàn) | 对着门 (duìzhe mén) | 对坐 (duìzuò),他们面对面坐着。,Tāmen miàn duì miàn zuòzhe.,آن‌ها روبه‌روی هم نشسته‌اند.,
43,对,duì,HSK 1,形、介,5,检查、核对是否相同或正确 (动),چک کردن؛ مقایسه و تطبیق دادن برای درست بودن یا یکسان بودن (فعل),对答案 (duì dá'àn) | 对一下 (duì yíxià) | 对账 (duìzhàng),我们下课后对一下答案。,Wǒmen xiàkè hòu duì yíxià dá'àn.,بعد از کلاس جواب‌ها را با هم چک می‌کنیم.,
43,对,duì,HSK 1,形、介,6,相合；相符；能够对应起来 (动/形),مطابقت داشتن؛ جور درآمدن؛ با هم سازگار یا هماهنگ بودن (فعل/صفت),对得上 (duì de shàng) | 对不上 (duì bu shàng) | 号码对不上 (hàomǎ duì bu shàng) | 时间对不上 (shíjiān duì bu shàng),这两个数字对不上。,Zhè liǎng ge shùzì duì bu shàng.,این دو عدد با هم جور درنمی‌آیند.,
43,对,duì,HSK 1,形、介,7,成双的人或物；用于成双事物的量词 (量/名),جفت؛ یک جفت؛ واحد شمارش برای چیزهای دوتایی یا جفت (واحد شمارش/اسم),一对夫妻 (yí duì fūqī) | 一对耳环 (yí duì ěrhuán) | 一对朋友 (yí duì péngyou),他们是一对夫妻。,Tāmen shì yí duì fūqī.,آن‌ها یک زوج هستند.,
43,对,duì,HSK 1,形、介,8,平分；按相等的比例分开 (动),نصف‌نصف کردن؛ به نسبت مساوی تقسیم کردن (فعل),对开 (duìkāi) | 对半分 (duìbàn fēn) | 五五对开 (wǔwǔ duìkāi),这笔钱我们五五开。,Zhè bǐ qián wǒmen wǔwǔ kāi.,این پول را پنجاه‌پنجاه تقسیم می‌کنیم.,
44,对不起,duìbuqǐ,HSK 1,needs verification,1,表示道歉；请求别人原谅 (习用语),ببخشید؛ معذرت می‌خواهم؛ برای عذرخواهی (عبارت),说对不起 (shuō duìbuqǐ) | 真对不起 (zhēn duìbuqǐ) | 对不起你 (duìbuqǐ nǐ),对不起，我迟到了。,"Duìbuqǐ, wǒ chídào le.","ببخشید، دیر رسیدم.",Official POS may be blank in extracted HSK source; treated as a fixed expression.
44,对不起,duìbuqǐ,HSK 1,needs verification,2,表示辜负或做了让人受损的事 (动/习用语),شرمنده‌ی کسی بودن؛ در حق کسی بدی کردن یا کوتاهی کردن (فعل/عبارت),对不起朋友 (duìbuqǐ péngyou) | 对不起父母 (duìbuqǐ fùmǔ) | 对不起大家 (duìbuqǐ dàjiā),我这样做对不起你。,Wǒ zhèyàng zuò duìbuqǐ nǐ.,با این کارم در حق تو بدی کردم.,Extended common usage.
45,多,duō,HSK 1,形、代、副,1,数量大；跟“少”相对 (形),زیاد؛ بسیار؛ در برابر کم (صفت),很多人 (hěn duō rén) | 人多 (rén duō) | 东西多 (dōngxi duō),今天商店里人很多。,Jīntiān shāngdiàn lǐ rén hěn duō.,امروز در فروشگاه آدم زیاد است.,
45,多,duō,HSK 1,形、代、副,2,用在数量后，表示超过整数的零头 (数/助),"بعد از عدد می‌آید و مقدار بیشتر از عدد کامل را نشان می‌دهد؛ «...و خرده‌ای»، «...و اند» «بیش از» (عدد/پسوند مقداری)",十多岁 (shí duō suì) | 三十多个人 (sānshí duō ge rén) | 一百多块 (yì bǎi duō kuài),这里有三十多个人。,Zhèlǐ yǒu sānshí duō ge rén.,اینجا بیش از سی نفر هستند.,
45,多,duō,HSK 1,形、代、副,3,超过需要或合适的数量；过多 (形/动),اضافی؛ زیادی؛ بیش از حد لازم بودن (صفت/فعل),多了一个 (duō le yí ge) | 多写了 (duō xiě le) | 多花钱 (duō huā qián) | 多余 (duōyú),这个字你多写了一个点。,Zhège zì nǐ duō xiě le yí ge diǎn.,در این کاراکتر یک نقطه اضافه نوشته‌ای.,
45,多,duō,HSK 1,形、代、副,4,表示感叹，强调程度高 (副),چه‌قدر؛ چقدر؛ برای بیان تعجب یا تحسین (قید),多好啊 (duō hǎo a) | 多漂亮 (duō piàoliang) | 多有意思 (duō yǒu yìsi),你能来，我多高兴啊！,"Nǐ néng lái, wǒ duō gāoxìng a!",چقدر خوشحالم که می‌توانی بیایی!,
45,多,duō,HSK 1,形、代、副,5,询问程度、数量、距离、年龄等 (代/副),"چقدر؛ چه اندازه؛ برای پرسیدن درجه، مقدار، فاصله، سن و مانند آن (ضمیر/قید)",多大 (duō dà) | 多远 (duō yuǎn) | 多长时间 (duō cháng shíjiān) | 多高 (duō gāo),你儿子多大了？,Nǐ érzi duō dà le?,پسرت چند ساله است؟,
45,多,duō,HSK 1,形、代、副,6,表示差别大，常用于比较后 (副),"خیلی؛ بسیار، برای نشان دادن تفاوت زیاد در مقایسه (قید)",好得多 (hǎo de duō) | 快得多 (kuài de duō) | 便宜多了 (piányi duō le),这件衣服比那件便宜多了。,Zhè jiàn yīfu bǐ nà jiàn piányi duō le.,این لباس از آن یکی خیلی ارزان‌تر است.,
45,多,duō,HSK 1,形、代、副,7,不必要的；过分的，常用于构词 (形/语素),"غیرضروری؛ زیادی؛ بیش از حد، بیشتر در ترکیب‌ها (صفت/تکواژ)",多嘴 (duōzuǐ) | 多心 (duōxīn) | 多此一举 (duō cǐ yì jǔ),我只是问问，你别多心。,"Wǒ zhǐ shì wènwen, nǐ bié duōxīn.","من فقط پرسیدم، تو بد برداشت نکن.",Word-forming/idiomatic use.
46,多少,duōshao,HSK 1,代,1,用来询问数量、数目、程度或价格 (代),"چند؛ چه تعداد؛ چقدر، برای پرسیدن تعداد، مقدار، درجه یا قیمت (ضمیر پرسشی)",多少钱 (duōshao qián) | 多少人 (duōshao rén) | 多少个 (duōshao ge) | 多少岁 (duōshao suì) | 多少时间 (duōshao shíjiān),这件衣服多少钱？,Zhè jiàn yīfu duōshao qián?,این لباس چقدر قیمت دارد؟,
46,多少,duōshao,HSK 1,代,2,在“有多少……就……”等结构中，表示按已有数量、能力或程度对应处理 (代),"در ساختارهایی مثل «هرقدر... همان‌قدر...» برای تطبیق مقدار، توان یا درجه به‌کار می‌رود (ضمیر)",有多少算多少 (yǒu duōshao suàn duōshao) | 有多少带多少 (yǒu duōshao dài duōshao) | 能做多少做多少 (néng zuò duōshao zuò duōshao) | 想拿多少拿多少 (xiǎng ná duōshao ná duōshao),你能做多少就做多少。,Nǐ néng zuò duōshao jiù zuò duōshao.,هرقدر می‌توانی انجام بده.,Correlative quantity structure; not the same as the basic question use.
46,多少,duōshao,HSK 1,代,3,表示数量不多或程度较轻，相当于“稍微、有点儿” (副),"کمی؛ تا حدی؛ کم‌وبیش، برای نشان دادن مقدار یا درجه‌ی کم (قید)",多少有点儿 (duōshao yǒudiǎnr) | 多少有些 (duōshao yǒuxiē) | 多少知道一点 (duōshao zhīdào yìdiǎn) | 多少了解一些 (duōshao liǎojiě yìxiē),这个办法多少有点儿问题。,Zhège bànfǎ duōshao yǒudiǎnr wèntí.,این روش تا حدی مشکل دارد.,Adverbial use meaning somewhat/to some extent.
46,多少,duōshao,HSK 1,代,4,用于感叹或反问，表示数量多、程度大或经历很多 (代/副),"چه بسیار؛ چه اندازه زیاد، برای تعجب، تأکید یا پرسش بلاغی درباره‌ی مقدار زیاد (ضمیر/قید)",多少次 (duōshao cì) | 多少年 (duōshao nián) | 多少困难 (duōshao kùnnan) | 多少人 (duōshao rén),这些年，我们经历了多少困难啊！,"Zhèxiē nián, wǒmen jīnglì le duōshao kùnnan a!",در این سال‌ها چه سختی‌های زیادی را پشت سر گذاشته‌ایم!,Exclamatory/rhetorical use; different from asking for an exact number.
47,读书,dú shū,HSK 1,动宾短语,1,看书；阅读书籍 (动),کتاب خواندن؛ مطالعه کردن (فعل),喜欢读书 (xǐhuan dú shū) | 每天读书 (měitiān dú shū) | 在家读书 (zài jiā dú shū),他每天晚上读书。,Tā měitiān wǎnshang dú shū.,او هر شب کتاب می‌خواند.,
47,读书,dú shū,HSK 1,动宾短语,2,在学校学习；上学 (动),درس خواندن؛ تحصیل کردن؛ مدرسه یا دانشگاه رفتن (فعل),在学校读书 (zài xuéxiào dú shū) | 出国读书 (chūguó dú shū) | 读书的时候 (dú shū de shíhou),她在北京读书。,Tā zài Běijīng dú shū.,او در پکن درس می‌خواند.,
48,二,èr,HSK 1,数,1,数字二；表示数量为两个 (数),عدد دو؛ مقدارِ دو تا (عدد),二月 (èr yuè) | 二十 (èrshí) | 二号 (èr hào) | 二零二四年 (èr líng èr sì nián),今天是二月二号。,Jīntiān shì èr yuè èr hào.,امروز دوم فوریه است.,"Cardinal number use. For counting people or objects, 两 is often used before measure words."
48,二,èr,HSK 1,数,2,表示顺序中的第二或编号为二 (数),دوم؛ شماره‌ی دو؛ مورد یا رتبه‌ی دوم (عدد),第二 (dì èr) | 二楼 (èr lóu) | 二年级 (èr niánjí) | 二号房间 (èr hào fángjiān),我的教室在二楼。,Wǒ de jiàoshì zài èr lóu.,کلاس من در طبقه‌ی دوم است.,Ordinal or numbering use.
48,二,èr,HSK 1,数,3,表示次一等、非第一手或第二等级，常用于构词 (数/语素),"دست‌دوم؛ درجه‌دو؛ رده‌ی دوم یا غیرِاصلی، بیشتر در ترکیب‌ها (عدد/تکواژ)",二手车 (èrshǒu chē) | 二手书 (èrshǒu shū) | 二流 (èrliú) | 二等座 (èrděngzuò),他买了一辆二手车。,Tā mǎi le yí liàng èrshǒu chē.,او یک ماشین دست‌دوم خرید.,Word-forming use; useful for modern compounds such as 二手 and 二流.
48,二,èr,HSK 1,数,4,表示不专一、不一致或有第二种心思，常用于构词和成语 (语素),"دودلی؛ دوگانگی؛ یک‌دل نبودن یا داشتن نیت دوم، بیشتر در ترکیب‌ها و اصطلاح‌ها (تکواژ)",二心 (èrxīn) | 怀有二心 (huái yǒu èrxīn) | 三心二意 (sān xīn èr yì) | 心无二念 (xīn wú èr niàn),学习的时候不要三心二意。,Xuéxí de shíhou búyào sān xīn èr yì.,وقتی درس می‌خوانی نباید حواست به چند جا باشد.,Idiomatic/word-forming use; not a free everyday adjective.
48,二,èr,HSK 1,数,5,形容人傻、冒失或不靠谱，口语用法 (形),"خنگ؛ دست‌وپاچلفتی؛ بی‌فکر یا غیرقابل اتکا، کاربرد گفتاری (صفت)",很二 (hěn èr) | 有点儿二 (yǒudiǎnr èr) | 二货 (èrhuò) | 二了吧唧 (èr le bā jī),他有时候有点儿二。,Tā yǒu shíhou yǒudiǎnr èr.,او گاهی کمی خنگ‌بازی درمی‌آورد.,Colloquial; can be playful or mildly insulting.
49,儿子,érzi,HSK 1,名,1,父母所生的男孩子；男儿 (名),پسر؛ فرزند پسر (اسم),我儿子 (wǒ érzi) | 一个儿子 (yí ge érzi) | 儿子女儿 (érzi nǚ'ér),我儿子今年上大学。,Wǒ érzi jīnnián shàng dàxué.,پسرم امسال وارد دانشگاه می‌شود.,
50,饭,fàn,HSK 1,名,1,煮熟的谷类食物，尤指米饭 (名),"برنج پخته؛ غذا از غلات پخته، به‌ویژه برنج (اسم)",米饭 (mǐfàn) | 一碗饭 (yì wǎn fàn) | 吃饭 (chī fàn),我想吃一碗饭。,Wǒ xiǎng chī yì wǎn fàn.,می‌خواهم یک کاسه برنج بخورم.,
50,饭,fàn,HSK 1,名,2,一顿饭；泛指食物或餐食 (名),وعده‌ی غذا؛ غذا به‌طور کلی (اسم),早饭 (zǎofàn) | 午饭 (wǔfàn) | 晚饭 (wǎnfàn),我们一起吃晚饭吧。,Wǒmen yìqǐ chī wǎnfàn ba.,بیا با هم شام بخوریم.,
51,饭店,fàndiàn,HSK 1,名,1,卖饭菜供人吃的地方；餐馆 (名),رستوران؛ جایی که غذا می‌فروشد و سرو می‌کند (اسم),去饭店 (qù fàndiàn) | 一家饭店 (yì jiā fàndiàn) | 饭店吃饭 (fàndiàn chī fàn),这家饭店的菜很好吃。,Zhè jiā fàndiàn de cài hěn hǎochī.,غذای این رستوران خیلی خوشمزه است.,
51,饭店,fàndiàn,HSK 1,名,2,提供住宿和餐饮服务的场所；酒店 (名),هتل؛ مهمان‌خانه‌ای که اقامت و غذا ارائه می‌دهد (اسم),北京饭店 (Běijīng Fàndiàn) | 住饭店 (zhù fàndiàn) | 饭店房间 (fàndiàn fángjiān),他们住在火车站附近的饭店。,Tāmen zhù zài huǒchēzhàn fùjìn de fàndiàn.,آن‌ها در هتلی نزدیک ایستگاه قطار اقامت دارند.,Hotel sense; in Mainland usage 饭店 can mean hotel in names or formal contexts.
52,房间,fángjiān,HSK 1,名,1,房子里面隔开的空间；屋子 (名),اتاق؛ فضای جداشده در داخل ساختمان (اسم),一个房间 (yí ge fángjiān) | 房间里 (fángjiān lǐ) | 打扫房间 (dǎsǎo fángjiān),我的房间不大，但是很干净。,"Wǒ de fángjiān bú dà, dànshì hěn gānjìng.","اتاق من بزرگ نیست، اما خیلی تمیز است.",
52,房间,fángjiān,HSK 1,名,2,旅馆、酒店等供客人住的房 (名),اتاق هتل یا اقامتگاه برای مهمان (اسم),订房间 (dìng fángjiān) | 单人房间 (dānrén fángjiān) | 房间号码 (fángjiān hàomǎ),我已经订了一个房间。,Wǒ yǐjīng dìng le yí ge fángjiān.,من قبلاً یک اتاق رزرو کرده‌ام.,
53,非常,fēicháng,HSK 1,副,1,程度很高；十分；特别 (副),بسیار؛ خیلی؛ فوق‌العاده (قید),非常好 (fēicháng hǎo) | 非常喜欢 (fēicháng xǐhuan) | 非常高兴 (fēicháng gāoxìng),见到你我非常高兴。,Jiàndào nǐ wǒ fēicháng gāoxìng.,از دیدنت خیلی خوشحالم.,
53,非常,fēicháng,HSK 1,副,2,不同寻常；特殊，常作定语或名词性用法 (形/名),"غیرعادی؛ فوق‌العاده؛ ویژه، در کاربردهای رسمی‌تر (صفت/اسم)",非常时期 (fēicháng shíqī) | 非常情况 (fēicháng qíngkuàng) | 非常手段 (fēicháng shǒuduàn),在非常时期，我们要特别小心。,"Zài fēicháng shíqī, wǒmen yào tèbié xiǎoxīn.",در دوران غیرعادی باید بسیار مراقب باشیم.,Extended formal adjectival sense beyond elementary adverb use.
54,飞机,fēijī,HSK 1,名,1,能在空中飞行的交通工具 (名),هواپیما؛ وسیله‌ی نقلیه‌ای که در آسمان پرواز می‌کند (اسم),坐飞机 (zuò fēijī) | 开飞机 (kāi fēijī) | 飞机票 (fēijī piào),我明天坐飞机去上海。,Wǒ míngtiān zuò fēijī qù Shànghǎi.,من فردا با هواپیما به شانگهای می‌روم.,
55,分,fēn,HSK 1,名、量、动,1,把整体分成若干部分；分开 (动),تقسیم کردن؛ جدا کردن؛ بخش‌بخش کردن (فعل),分开 (fēnkāi) | 分成两份 (fēn chéng liǎng fèn) | 分东西 (fēn dōngxi) | 分组 (fēnzǔ),老师把学生分成三组。,Lǎoshī bǎ xuésheng fēn chéng sān zǔ.,معلم دانش‌آموزان را به سه گروه تقسیم کرد.,
55,分,fēn,HSK 1,名、量、动,2,分配；把东西给不同的人或地方 (动),تقسیم و پخش کردن؛ سهم دادن؛ توزیع کردن (فعل),分水果 (fēn shuǐguǒ) | 分钱 (fēn qián) | 分给大家 (fēn gěi dàjiā) | 分礼物 (fēn lǐwù) | 分任务（Fēn rènwù）,妈妈把水果分给孩子们。,Māma bǎ shuǐguǒ fēn gěi háizimen.,مادر میوه‌ها را بین بچه‌ها تقسیم کرد.,
55,分,fēn,HSK 1,名、量、动,3,辨别；区分不同的人或事物 (动),تشخیص دادن؛ تمیز دادن؛ فرق گذاشتن بین چیزها (فعل),分清 (fēnqīng) | 分不清 (fēn bu qīng) | 分真假 (fēn zhēn jiǎ)|是非不分（Shìfēi bù fēn）,我分不清这两个字。,Wǒ fēn bu qīng zhè liǎng ge zì.,من نمی‌توانم این دو کاراکتر را از هم تشخیص بدهم.,
55,分,fēn,HSK 1,名、量、动,4,时间单位，一小时的六十分之一 (量),دقیقه؛ یک‌شصتم ساعت (واحد زمان),五分钟 (wǔ fēnzhōng) | 十分 (shí fēn) | 几分钟 (jǐ fēnzhōng) | 半分钟 (bàn fēnzhōng),请等我五分钟。,Qǐng děng wǒ wǔ fēnzhōng.,لطفاً پنج دقیقه منتظرم بمان.,
55,分,fēn,HSK 1,名、量、动,5,计分单位；成绩或比赛中的分数 (量/名),امتیاز؛ نمره؛ واحد امتیاز در امتحان یا مسابقه (اسم/واحد شمارش),一百分 (yì bǎi fēn) | 得分 (dé fēn) | 分数 (fēnshù) | 扣分 (kòu fēn),这次考试他得了九十分。,Zhè cì kǎoshì tā dé le jiǔshí fēn.,او در این امتحان نود نمره گرفت.,
55,分,fēn,HSK 1,名、量、动,6,货币单位，一元的百分之一 (量),فِن؛ واحد پولی برابر با یک‌صدم یوان (واحد پول),一分钱 (yì fēn qián) | 五分钱 (wǔ fēn qián) | 几分钱 (jǐ fēn qián),这个东西只要一分钱。,Zhège dōngxi zhǐ yào yì fēn qián.,این چیز فقط یک فِن قیمت دارد.,Mostly useful for money expressions; less common in daily cash use today.
55,分,fēn,HSK 1,名、量、动,7,数学中表示把整体平均分成若干份中的一份或若干份；分数中的“分” (名/语素),کسر؛ بخش مساوی از یک کل؛ جزء کسری در ریاضی (اسم/تکواژ),分数 (fēnshù) | 分子 (fēnzǐ) | 分母 (fēnmǔ) | 百分之一 (bǎi fēn zhī yī) | 几分之几 (jǐ fēn zhī jǐ),二分之一等于一半。,Èr fēn zhī yī děngyú yíbàn.,یک‌دوم برابر با نصف است.,Mathematical fraction sense; useful for dictionary coverage.
56,分钟,fēnzhōng,HSK 1,量、名,1,时间单位，一分钟等于六十秒 (量/名),دقیقه؛ واحد زمان برابر با شصت ثانیه (اسم/واحد شمارش),十分钟 (shí fēnzhōng) | 几分钟 (jǐ fēnzhōng) | 等五分钟 (děng wǔ fēnzhōng),请等我五分钟。,Qǐng děng wǒ wǔ fēnzhōng.,لطفاً پنج دقیقه منتظرم بمان.,
57,高兴,gāoxìng,HSK 1,形,1,心情愉快；快乐 (形),خوشحال؛ شاد؛ با حال خوب (صفت),很高兴 (hěn gāoxìng) | 非常高兴 (fēicháng gāoxìng) | 高兴地笑 (gāoxìng de xiào),今天我很高兴。,Jīntiān wǒ hěn gāoxìng.,امروز خیلی خوشحالم.,
57,高兴,gāoxìng,HSK 1,形,2,愿意；乐意做某事，多用于“高兴做” (形),مایل بودن؛ با میل و رغبت حاضر بودن به انجام کاری (صفت),高兴帮忙 (gāoxìng bāngmáng) | 高兴参加 (gāoxìng cānjiā) | 很高兴认识你 (hěn gāoxìng rènshi nǐ),我很高兴帮助你。,Wǒ hěn gāoxìng bāngzhù nǐ.,خوشحال می‌شوم به تو کمک کنم.,
58,个,gè,HSK 1,量,1,通用量词，用于没有专门量词或常用“个”的人、事物 (量),واحد شمارش عمومی برای افراد و چیزها (واحد شمارش),一个人 (yí ge rén) | 三个苹果 (sān ge píngguǒ) | 这个问题 (zhè ge wèntí),我有两个哥哥。,Wǒ yǒu liǎng ge gēge.,من دو برادر بزرگ‌تر دارم.,
58,个,gè,HSK 1,量,2,用在动词和补语之间，表示轻松、随意或充分的语气 (助/量),در برخی ساختارها برای ایجاد لحن محاوره‌ای یا تأکیدی میان فعل و متمم می‌آید (حرف نشانه/واحد),睡个好觉 (shuì ge hǎo jiào) | 吃个饭 (chī ge fàn) | 洗个澡 (xǐ ge zǎo),你先睡个好觉吧。,Nǐ xiān shuì ge hǎo jiào ba.,اول یک خواب خوب بکن.,Extended usage; classified as 助 for this usage in the dataset.
59,歌,gē,HSK 1,名、动,1,歌曲；能唱的词和曲 (名),آهنگ؛ ترانه؛ قطعه‌ای برای خواندن (اسم),唱歌 (chàng gē) | 一首歌 (yì shǒu gē) | 听歌 (tīng gē) | 中文歌 (Zhōngwén gē) | 流行歌 (liúxíng gē),这首歌很好听。,Zhè shǒu gē hěn hǎotīng.,این آهنگ خیلی قشنگ است.,Verb-related use is usually expressed by 唱歌 rather than 歌 alone.
59,歌,gē,HSK 1,名、动,2,唱；歌唱，多用于书面语或固定搭配 (动),"آواز خواندن؛ سرود خواندن، بیشتر در کاربرد نوشتاری یا ترکیب‌های ثابت (فعل)",歌唱 (gēchàng) | 高歌 (gāogē) | 放声高歌 (fàngshēng gāogē) | 载歌载舞 (zài gē zài wǔ),她站在窗前轻声歌唱。,Tā zhàn zài chuāng qián qīngshēng gēchàng.,او کنار پنجره ایستاد و آرام آواز خواند.,
60,哥哥,gēge,HSK 1,名,1,同父母或同辈中比自己年纪大的男性兄弟 (名),برادر بزرگ‌تر؛ برادری که از گوینده بزرگ‌تر است (اسم),我哥哥 (wǒ gēge) | 哥哥姐姐 (gēge jiějie) | 大哥哥 (dà gēge),我哥哥在大学学习。,Wǒ gēge zài dàxué xuéxí.,برادر بزرگ‌ترم در دانشگاه درس می‌خواند.,
60,哥哥,gēge,HSK 1,名,2,对年纪较大的男孩或年轻男性的亲切称呼 (名),داداش؛ خطاب دوستانه به پسر یا مرد جوان بزرگ‌تر (اسم),大哥哥 (dà gēge) | 哥哥好 (gēge hǎo) | 这个哥哥 (zhège gēge),小朋友叫他大哥哥。,Xiǎopéngyou jiào tā dà gēge.,بچه‌ها او را داداش بزرگه صدا می‌کنند.,Address sense.
61,给,gěi,HSK 1,动、介,1,把某物交给别人；使别人得到 (动),دادن؛ چیزی را به کسی رساندن یا واگذار کردن (فعل),给他钱 (gěi tā qián) | 给妈妈打电话 (gěi māma dǎ diànhuà) | 给孩子买书 (gěi háizi mǎi shū),我给你一本书。,Wǒ gěi nǐ yì běn shū.,من به تو یک کتاب می‌دهم.,
61,给,gěi,HSK 1,动、介,2,为某人做某事；替某人 (介),برای؛ به‌نفعِ کسی؛ برای انجام کاری برای کسی (حرف اضافه),给你做饭 (gěi nǐ zuò fàn) | 给孩子讲故事 (gěi háizi jiǎng gùshi) | 给朋友买东西 (gěi péngyou mǎi dōngxi),妈妈给孩子做饭。,Māma gěi háizi zuò fàn.,مامان برای بچه غذا درست می‌کند.,
61,给,gěi,HSK 1,动、介,3,表示动作的对象，相当于“向” (介),به؛ برای نشان دادن مخاطب یا گیرنده‌ی عمل (حرف اضافه),给老师说 (gěi lǎoshī shuō) | 给朋友写信 (gěi péngyou xiě xìn) | 给我看 (gěi wǒ kàn),请给我看一下。,Qǐng gěi wǒ kàn yíxià.,لطفاً به من نشان بده.,
62,公司,gōngsī,HSK 1,名,1,从事生产、经营或服务的组织 (名),شرکت؛ سازمان تجاری یا خدماتی (اسم),大公司 (dà gōngsī) | 去公司 (qù gōngsī) | 公司经理 (gōngsī jīnglǐ),我在一家中国公司工作。,Wǒ zài yì jiā Zhōngguó gōngsī gōngzuò.,من در یک شرکت چینی کار می‌کنم.,
63,工作,gōngzuò,HSK 1,名、动,1,职业或要做的事情 (名),کار؛ شغل؛ وظیفه (اسم),找工作 (zhǎo gōngzuò) | 一份工作 (yí fèn gōngzuò) | 工作时间 (gōngzuò shíjiān),他的工作很忙。,Tā de gōngzuò hěn máng.,کار او خیلی شلوغ است.,
63,工作,gōngzuò,HSK 1,名、动,2,从事某种劳动或职业活动 (动),کار کردن؛ مشغول کار بودن (فعل),在公司工作 (zài gōngsī gōngzuò) | 工作到晚上 (gōngzuò dào wǎnshang) | 努力工作 (nǔlì gōngzuò),我爸爸在医院工作。,Wǒ bàba zài yīyuàn gōngzuò.,پدرم در بیمارستان کار می‌کند.,
63,工作,gōngzuò,HSK 1,名、动,3,机器、设备等运行或起作用 (动),کار کردن؛ روشن و فعال بودنِ دستگاه یا سیستم (فعل),电脑工作 (diànnǎo gōngzuò) | 机器工作 (jīqì gōngzuò) | 正常工作 (zhèngcháng gōngzuò),这台电脑不能正常工作。,Zhè tái diànnǎo bù néng zhèngcháng gōngzuò.,این کامپیوتر نمی‌تواند درست کار کند.,Extended common sense beyond occupational use.
64,狗,gǒu,HSK 1,名,1,一种常见的家养动物，能看家或陪伴人 (名),سگ؛ حیوان خانگی یا نگهبان (اسم),一只狗 (yì zhī gǒu) | 小狗 (xiǎo gǒu) | 养狗 (yǎng gǒu),我家有一只小狗。,Wǒ jiā yǒu yì zhī xiǎo gǒu.,خانه‌ی ما یک سگ کوچک دارد.,
65,贵,guì,HSK 1,形,1,价格高；花钱多 (形),گران؛ قیمت‌بالا (صفت),很贵 (hěn guì) | 太贵了 (tài guì le) | 贵一点儿 (guì yìdiǎnr),这件衣服太贵了。,Zhè jiàn yīfu tài guì le.,این لباس خیلی گران است.,
65,贵,guì,HSK 1,形,2,地位高或值得尊敬，常用于礼貌说法 (形),"محترم؛ گرامی؛ دارای شأن و احترام، بیشتر در کاربردهای مؤدبانه (صفت)",贵姓 (guìxìng) | 贵公司 (guì gōngsī) | 贵校 (guì xiào),请问您贵姓？,Qǐngwèn nín guìxìng?,"ببخشید، نام خانوادگی شما چیست؟",Polite/formal sense.
66,国,guó,HSK 1,名,1,国家；有土地、人民和政权的共同体 (名),کشور؛ سرزمینی با مردم و حکومت (اسم),全国 (Quánguó)  | 大国（Dàguó） |强国（Qiángguó） ,中国是一个很大的国家。,Zhōngguó shì yí ge hěn dà de guójiā.,چین یک کشور بسیار بزرگ است.,
66,国,guó,HSK 1,名,2,本国；自己的国家 (名),کشور خود؛ وطن (اسم),回国 (huí guó) | 出国 (chū guó) | 爱国 (ài guó) | 国内 (guónèi),他明年回国工作。,Tā míngnián huí guó gōngzuò.,او سال آینده برای کار به کشورش برمی‌گردد.,
66,国,guó,HSK 1,名,3,与国家有关的，常用于构词 (语素/形),"ملی؛ مربوط به کشور، بیشتر در ترکیب‌ها (تکواژ/صفت)",国产 (Guóchǎn) | 国歌 (guógē) |国宴（Guóyàn）,每个国家都有自己的国旗。,Měi ge guójiā dōu yǒu zìjǐ de guóqí.,هر کشور پرچم خودش را دارد.,Extended word-forming sense.
67,还,hái,HSK 1,副、动,1,表示动作或状态继续存在，相当于“仍然” (副),هنوز؛ همچنان؛ برای ادامه داشتن وضعیت یا عمل (قید),还在 (hái zài) | 还没 (hái méi) | 还要 (hái yào) | 还记得 (hái jìde),他还在学校。,Tā hái zài xuéxiào.,او هنوز در مدرسه است.,
67,还,hái,HSK 1,副、动,2,表示增加或补充，相当于“另外、也” (副),همچنین؛ علاوه بر این؛ یک چیز دیگر هم (قید),还有 (hái yǒu) | 还要一个 (hái yào yí ge) | 还买了书 (hái mǎi le shū),我买了水果，还买了面包。,"Wǒ mǎi le shuǐguǒ, hái mǎi le miànbāo.",من میوه خریدم و علاوه بر آن نان هم خریدم.,
67,还,hái,HSK 1,副、动,3,表示程度勉强过得去，相当于“还算、比较” (副),نسبتاً؛ بد نیست؛ تا حدی قابل قبول (قید),还可以 (hái kěyǐ) | 还不错 (hái búcuò) | 还好 (hái hǎo),这家饭馆的菜还不错。,Zhè jiā fànguǎn de cài hái búcuò.,غذای این رستوران بد نیست.,
67,还,hái,HSK 1,副、动,4,表示程度更深或数量更多，相当于“更加、更” (副),حتی بیشتر؛ باز هم؛ برای شدت یا مقدار بیشتر (قید),还大 (hái dà) | 还多 (hái duō) | 还早 (hái zǎo),今天比昨天还冷。,Jīntiān bǐ zuótiān hái lěng.,امروز از دیروز هم سردتر است.,
67,还,hái,HSK 1,副、动,5,表示出乎意料或加强语气，常带反问、责备或惊讶 (副),"حتی؛ واقعاً؛ برای تأکید، تعجب، سرزنش یا خلاف انتظار (قید)",你还说 (nǐ hái shuō) | 还真 (hái zhēn) | 还敢 (hái gǎn) | 还以为 (hái yǐwéi),你还说不知道？,Nǐ hái shuō bù zhīdào?,هنوز می‌گویی نمی‌دانی؟ / واقعاً باز می‌گویی نمی‌دانی؟,Pragmatic/emphatic use; context-dependent.
67,还,hái,HSK 1,副、动,6,用于“还……呢”等结构，强调时间、距离、数量或状态还没有达到某个程度 (副),"در ساختارهایی مثل «还...呢» برای تأکید بر این‌که زمان، فاصله، مقدار یا وضعیت هنوز به حد مورد نظر نرسیده یا چیزی هنوز باقی مانده است (قید)",还早呢 (hái zǎo ne) | 还远呢 (hái yuǎn ne) | 还多着呢 (hái duō zhe ne),离学校还远呢。,Lí xuéxiào hái yuǎn ne.,تا مدرسه هنوز خیلی مانده است.,
67,还,huán,HSK 1,副、动,7,归还；把借来的、拿走的或属于别人的东西交回去 (动),"پس دادن؛ برگرداندن چیزی که قرض گرفته‌ای، برداشته‌ای یا متعلق به دیگری است (فعل)",还书 (huán shū) | 还伞 (huán sǎn) | 还钥匙 (huán yàoshi) | 还给老师 (huán gěi lǎoshī),我把书还给老师了。,Wǒ bǎ shū huán gěi lǎoshī le.,کتاب را به معلم پس دادم.,
67,还,huán,HSK 1,副、动,8,偿还债务、钱款或人情；履行应还的责任 (动),بازپرداخت کردن؛ ادا کردن بدهی یا جبران کردن لطف و دِین (فعل),还债 (huán zhài) | 还贷款 (huán dàikuǎn) | 还人情 (huán rénqíng) | 还清债务 (huánqīng zhàiwù),他每个月都要还贷款。,Tā měi ge yuè dōu yào huán dàikuǎn.,او هر ماه باید قسط وامش را پرداخت کند.,
67,还,huán,HSK 1,副、动,9,回报、反击或以同样方式回应 (动),تلافی کردن؛ پاسخ متقابل دادن؛ مقابله‌به‌مثل کردن (فعل),还手 (huánshǒu) | 还击 (huánjī) | 还嘴 (huánzuǐ) | 以牙还牙 (yǐ yá huán yá),别人打他，他也没有还手。,"Biérén dǎ tā, tā yě méiyǒu huánshǒu.","دیگران او را زدند، اما او مقابله‌به‌مثل نکرد.",
68,孩子,háizi,HSK 1,名,1,儿童；年纪小的人 (名),کودک؛ بچه (اسم),小孩子 (xiǎo háizi) | 一个孩子 (yí ge háizi) | 孩子们 (háizimen),孩子们在房间里玩儿。,Háizimen zài fángjiān lǐ wánr.,بچه‌ها در اتاق بازی می‌کنند.,
68,孩子,háizi,HSK 1,名,2,父母的儿女；子女 (名),فرزند؛ پسر یا دخترِ والدین (اسم),我的孩子 (wǒ de háizi) | 有两个孩子 (yǒu liǎng ge háizi) | 孩子的妈妈 (háizi de māma),她有两个孩子。,Tā yǒu liǎng ge háizi.,او دو فرزند دارد.,
69,汉语,Hànyǔ,HSK 1,名,1,汉民族的语言；现代标准汉语及其相关语言形式 (名),"زبان چینی؛ زبان هان، به‌ویژه چینی معیار امروزی (اسم)",学汉语 (xué Hànyǔ) | 说汉语 (shuō Hànyǔ) | 汉语老师 (Hànyǔ lǎoshī),我在大学学习汉语。,Wǒ zài dàxué xuéxí Hànyǔ.,من در دانشگاه زبان چینی می‌خوانم.,
70,汉字,Hànzì,HSK 1,名,1,记录汉语的文字；中文字符 (名),کاراکتر چینی؛ نویسه‌ی چینی (اسم),写汉字 (xiě Hànzì) | 认识汉字 (rènshi Hànzì) | 汉字很难 (Hànzì hěn nán),这个汉字怎么读？,Zhège Hànzì zěnme dú?,این کاراکتر چینی چطور خوانده می‌شود؟,
71,号,hào,HSK 1,名、量,1,编号；用于表示号码、顺序或身份标识 (名),شماره؛ شمارهٔ شناسایی؛ عددِ ترتیب یا شناسه (اسم),手机号 (Shǒujī hào) | 房间号 (fángjiān hào) | 学号 (xuéhào) | 车牌号 (chēpái hào),请把你的电话号码写在这里。,Qǐng bǎ nǐ de diànhuà hàomǎ xiě zài zhèlǐ.,لطفاً شماره تلفنت را اینجا بنویس.,
71,号,hào,HSK 1,名、量,2,日期中的某一天，常用于口语 (名),"روزِ ماه؛ تاریخ، در گفتار روزمره (اسم)",一号 (yī hào) | 二号 (èr hào) | 今天几号 (jīntiān jǐ hào) | 三月五号 (sān yuè wǔ hào),今天几号？,Jīntiān jǐ hào?,امروز چندم است؟,
71,号,hào,HSK 1,名、量,3,商店、医院、银行等发出的排队或办理事务的号码 (名),نوبت؛ شمارهٔ صف یا شمارهٔ مراجعه برای انجام کاری (اسم),挂号 (guà hào) | 取号 (qǔ hào) | 叫号 (jiào hào) | 排号 (pái hào),我在医院挂了号。,Wǒ zài yīyuàn guà le hào.,در بیمارستان نوبت گرفتم.,
71,号,hào,HSK 1,名、量,4,信号、符号或表示某种信息的标志 (名),علامت؛ نشانه؛ سیگنال یا نمادِ حامل اطلاعات (اسم),加号 (jiāhào) | 减号 (jiǎnhào) | 问号 (wènhào) | 句号 (jùhào),这个句子后面要加句号。,Zhège jùzi hòumian yào jiā jùhào.,آخر این جمله باید نقطه گذاشت.,
71,号,hào,HSK 1,名、量,5,用于衣服、鞋帽、商品等的尺码、规格或型号 (名/量),"سایز؛ شماره یا مدل کالا، لباس، کفش و مانند آن (اسم/واحد شمارش)",大号 (dà hào) | 小号 (xiǎo hào) | 中号 (zhōng hào) | 三十八号鞋 (sānshíbā hào xié),这双鞋有三十八号吗？,Zhè shuāng xié yǒu sānshíbā hào ma?,این کفش سایز ۳۸ دارد؟,
72,好,hǎo,HSK 1,形,1,优点多或令人满意；跟“坏”相对 (形),"خوب؛ مطلوب؛ رضایت‌بخش، در برابر «بد» (صفت)",很好 (hěn hǎo) | 好人 (hǎorén) | 好事 (hǎoshì) | 好办法 (hǎo bànfǎ),这个办法很好。,Zhège bànfǎ hěn hǎo.,این روش خیلی خوب است.,
72,好,hǎo,HSK 1,形,2,身体健康、情况正常或关系安好 (形),خوب؛ سالم؛ روبه‌راه؛ در وضعیت خوب بودن (صفت),你好 (nǐ hǎo) | 身体好 (shēntǐ hǎo) | 好了吗 (hǎo le ma) | 一切都好 (yíqiè dōu hǎo),你身体好点儿了吗？,Nǐ shēntǐ hǎo diǎnr le ma?,حالت کمی بهتر شده است؟,
72,好,hǎo,HSK 1,形,3,友好；关系亲近或和睦 (形),صمیمی؛ دوستانه؛ رابطهٔ خوب و نزدیک داشتن (صفت),关系好 (guānxi hǎo) | 对人好 (duì rén hǎo) | 和他很好 (hé tā hěn hǎo),我和她关系很好。,Wǒ hé tā guānxi hěn hǎo.,من و او رابطهٔ خیلی خوبی داریم.,
72,好,hǎo,HSK 1,形,4,容易；便于做某事 (形),آسان؛ راحت؛ مناسب برای انجام کاری (صفت),好学 (hǎo xué) | 好记 (hǎo jì) | 好办 (hǎo bàn) | 好找 (hǎo zhǎo),这个字很好记。,Zhège zì hěn hǎo jì.,این کاراکتر خیلی راحت به خاطر سپرده می‌شود.,
72,好,hǎo,HSK 1,形,5,用在动词后或句中，表示动作完成、事情办妥或状态达到要求 (补语/形),"پس از فعل یا در جمله می‌آید و نشان می‌دهد کاری کامل، آماده یا به نتیجه‌ی مطلوب رسیده است (متمم/صفت)",做好了 (zuò hǎo le) | 准备好了 (zhǔnbèi hǎo le) | 饭好了 (fàn hǎo le) | 写好了 (xiě hǎo le),我已经把作业写好了。,Wǒ yǐjīng bǎ zuòyè xiě hǎo le.,من تکالیفم را کامل نوشته‌ام.,
72,好,hǎo,HSK 1,形,6,表示同意、赞成或答应 (叹/形),"باشد؛ خوب؛ موافقم، برای قبول کردن یا پاسخ مثبت (حرف ندا/صفت)","好吧 (hǎo ba) | 好的 (hǎo de) | 好啊 (hǎo a) | 好，就这样 (hǎo, jiù zhèyàng)",好，我们明天见。,"Hǎo, wǒmen míngtiān jiàn.","خوب، فردا همدیگر را می‌بینیم.",
72,好,hǎo,HSK 1,形,7,表示程度深，相当于“很、非常”，多带感叹语气 (副),خیلی؛ بسیار؛ برای تأکید و تعجب (قید),好冷 (hǎo lěng) | 好远 (hǎo yuǎn) | 好久 (hǎo jiǔ) | 好漂亮 (hǎo piàoliang),今天好冷啊！,Jīntiān hǎo lěng a!,امروز خیلی سرد است!,
72,好,hǎo,HSK 1,形,8,连接前后动作，表示前一动作是为了便于后一动作进行，相当于“以便” (连/副),تا؛ برای اینکه؛ برای آسان‌تر شدن انجام کار بعدی (حرف ربط/قید),早点儿来好帮忙 (zǎodiǎnr lái hǎo bāngmáng) | 留下地址好联系 (liúxià dìzhǐ hǎo liánxì) | 写清楚点儿好看懂 (xiě qīngchu diǎnr hǎo kàn dǒng),请留下电话，好联系你。,"Qǐng liúxià diànhuà, hǎo liánxì nǐ.",لطفاً شماره تلفنت را بگذار تا بتوانیم با تو تماس بگیریم.,
73,好吃,hǎochī,HSK 1,形,1,食物味道好；吃起来让人喜欢 (形),خوشمزه؛ خوش‌طعم (صفت),很好吃 (hěn hǎochī) | 好吃的菜 (hǎochī de cài) | 饭很好吃 (fàn hěn hǎochī),这个包子很好吃。,Zhège bāozi hěn hǎochī.,این بائوزی خیلی خوشمزه است.,
74,好看,hǎokàn,HSK 1,形,1,外表美观；看起来让人喜欢 (形),زیبا؛ خوش‌ظاهر؛ قشنگ (صفت),很好看 (hěn hǎokàn) | 好看的衣服 (hǎokàn de yīfu) | 电影好看 (diànyǐng hǎokàn),这件衣服很好看。,Zhè jiàn yīfu hěn hǎokàn.,این لباس خیلی قشنگ است.,
74,好看,hǎokàn,HSK 1,形,2,内容有趣或精彩，值得看 (形),دیدنی؛ جذاب؛ تماشایی (صفت),电影好看 (diànyǐng hǎokàn) | 书好看 (shū hǎokàn) | 节目好看 (jiémù hǎokàn),这部电影真好看。,Zhè bù diànyǐng zhēn hǎokàn.,این فیلم واقعاً دیدنی است.,
75,好听,hǎotīng,HSK 1,形,1,声音悦耳、让人听着舒服 (形),خوش‌آهنگ؛ گوش‌نواز؛ خوش‌صدا (صفت),好听的歌 (hǎotīng de gē) | 声音好听 (shēngyīn hǎotīng) | 真好听 (zhēn hǎotīng),这首歌真好听。,Zhè shǒu gē zhēn hǎotīng.,این آهنگ واقعاً خوش‌آهنگ است.,
75,好听,hǎotīng,HSK 1,形,2,话语、故事等听起来有趣、顺耳或让人愿意听 (形),شنیدنی؛ دلنشین؛ بامزه یا جذاب برای شنیدن (صفت),好听的故事 (hǎotīng de gùshi) | 话说得好听 (huà shuō de hǎotīng) | 听起来好听 (tīng qǐlái hǎotīng),他讲的故事很好听。,Tā jiǎng de gùshi hěn hǎotīng.,داستانی که او تعریف کرد خیلی شنیدنی بود.,
76,好玩儿,hǎowánr,HSK 1,形,1,有趣；让人觉得开心、新鲜或想继续玩/听/看 (形),جالب؛ سرگرم‌کننده؛ بامزه؛ جذاب و خوشایند (صفت),很好玩儿 (hěn hǎowánr) | 好玩儿的游戏 (hǎowánr de yóuxì) | 好玩儿的地方 (hǎowánr de dìfang) | 好玩儿的故事 (hǎowánr de gùshi),这个游戏很好玩儿。,Zhège yóuxì hěn hǎowánr.,این بازی خیلی سرگرم‌کننده است.,
77,和,hé,HSK 1,连、介,1,连接并列的词语，表示“跟、同” (连),و؛ برای وصل کردن دو واژه یا گروه هم‌پایه (حرف ربط),我和你 (wǒ hé nǐ) | 爸爸和妈妈 (bàba hé māma) | 中文和英文 (Zhōngwén hé Yīngwén),我和朋友去学校。,Wǒ hé péngyou qù xuéxiào.,من و دوستم به مدرسه می‌رویم.,
77,和,hé,HSK 1,连、介,2,表示动作涉及的对象、共同参与者、比较对象或关联对象，相当于“跟、与” (介),"با؛ نسبت به؛ در ارتباط با؛ برای نشان دادن همراهی، مقایسه یا ارتباط میان دو چیز (حرف اضافه)",和朋友一起 (hé péngyou yìqǐ) | 和他商量 (hé tā shāngliang) | 和你一样 (hé nǐ yíyàng) | 和工作有关 (hé gōngzuò yǒuguān),我的书和你的一样。,Wǒ de shū hé nǐ de yíyàng.,کتاب من مثل کتاب توست.,
77,和,huó,HSK 1,连、介,3,把面粉等加水搅拌，使它变成面团或较黏的东西 (动),خمیر کردن؛ آرد یا ماده‌ای پودری را با آب مخلوط کردن تا خمیر یا ماده‌ای چسبنده شود (فعل),和面 (huó miàn) | 和泥 (huó ní),妈妈正在和面。,Māma zhèngzài huó miàn.,مامان دارد خمیر درست می‌کند.,Non-HSK reading huó.
78,喝,hē,HSK 1,动,1,把液体或流质食物咽下去 (动),نوشیدن؛ خوردن مایعات یا خوراکی‌های رقیق (فعل),喝水 (hē shuǐ) | 喝茶 (hē chá) | 喝咖啡 (hē kāfēi) | 喝汤 (hē tāng),我渴了，想喝水。,"Wǒ kě le, xiǎng hē shuǐ.",تشنه‌ام و می‌خواهم آب بنوشم.,
78,喝,hē,HSK 1,动,2,特指喝酒 (动),مشروب/الکل نوشیدن (فعل),喝醉 (hē zuì) | 少喝点儿 (shǎo hē diǎnr),他昨晚喝醉了。,Tā zuówǎn hē zuì le.,او دیشب مست کرد.,Keep separate because 喝 often means alcohol drinking without repeating 酒 in context.
79,很,hěn,HSK 1,副,1,表示程度高；也常用于形容词谓语前，使句子自然 (副),خیلی؛ بسیار؛ همچنین در جمله‌های وصفی پیش از صفت می‌آید تا جمله طبیعی شود (قید),很好 (hěn hǎo) | 很忙 (hěn máng) | 很漂亮 (hěn piàoliang) | 很少 (hěn shǎo),他今天很忙。,Tā jīntiān hěn máng.,او امروز خیلی سرش شلوغ است.,"In many simple adjective predicates, 很 may be grammatically natural even when the meaning is not strongly emphatic."
80,后,hòu,HSK 1,名,1,时间上较晚；在某个时间之后 (名/方位词),بعد؛ پس از؛ در زمانِ دیرتر (اسم/کلمهٔ جهتی), 饭后 (fàn hòu) | 下课后 (xiàkè hòu),下课后，我们去吃饭。,"Xiàkè hòu, wǒmen qù chīfàn.","بعد از کلاس، می‌رویم غذا بخوریم.",
80,后,hòu,HSK 1,名,2,位置在背面或靠近末尾；跟“前”相对 (名/方位词),"عقب؛ پشت؛ قسمت پشتی، در برابر جلو (اسم/کلمهٔ جهتی)",后面 (hòumiàn) | 后边 (hòubian) | 往后 (wǎng hòu) | 身后 (shēnhòu),他坐在我后面。,Tā zuò zài wǒ hòumiàn.,او پشت سر من نشسته است.,
80,后,hòu,HSK 1,名,3,次序或排名靠后的 (名/形),بعدی؛ عقب‌تر در ترتیب یا رتبه؛ رده‌های پایانی (اسم/صفت),后排 (hòupái) | 后三名 (hòu sān míng) | 后半部分 (hòu bàn bùfen),请坐在后排。,Qǐng zuò zài hòupái.,لطفاً در ردیف عقب بنشینید.,
81,回,huí,HSK 1,动、量,1,返回；回到原来的地方或状态 (动),برگشتن؛ بازگشتن به جای قبلی یا وضعیت قبلی (فعل),回家 (huí jiā) | 回学校 (huí xuéxiào) | 回北京 (huí Běijīng),他已经回家了。,Tā yǐjīng huí jiā le.,او به خانه برگشته است.,
81,回,huí,HSK 1,动、量,2,转过来或转过去；改变方向 (动),برگرداندن یا چرخاندن جهت؛ رو برگرداندن (فعل),回头 (huí tóu) | 回身 (huí shēn) | 回过头 (huí guo tóu),他回头看了我一眼。,Tā huí tóu kàn le wǒ yì yǎn.,او سرش را برگرداند و نگاهی به من کرد.,
81,回,huí,HSK 1,动、量,3,答复；对问题、信件、电话等作回应 (动),"پاسخ دادن؛ جواب دادن به سؤال، پیام، نامه یا تماس (فعل)",回电话 (huí diànhuà) | 回信息 (huí xìnxī) | 回一句话 (huí yí jù huà),我一会儿给你回电话。,Wǒ yíhuìr gěi nǐ huí diànhuà.,کمی بعد به تو زنگ می‌زنم/تماست را جواب می‌دهم.,
81,回,huí,HSK 1,动、量,4,量词，表示事情发生的次数 (量),بار؛ دفعه؛ واحد شمارش برای دفعات وقوع کار یا رویداد (واحد شمارش),一回 (yì huí) | 两回 (liǎng huí) | 这回 (zhè yì huí) | 每回 (měi huí) |  下一回 (xià yì huí),这件事我说过两回。,Zhè jiàn shì wǒ shuō guo liǎng huí.,این موضوع را دو بار گفته‌ام.,
81,回,huí,HSK 1,动、量,5,章回小说中的一个章节；也用于表示故事分段或叙述单位 (名/量),فصل یا بخش در رمان‌های سنتی چینی؛ همچنین واحدی برای بخش‌بندی روایت یا داستان (اسم/واحد شمارش),第一回 (dì yī huí) | 第二十回 (dì èrshí huí) | 回目 (huímù) | 下回分解 (xià huí fēnjiě),这本小说第一回写得很精彩。,Zhè běn xiǎoshuō dì yī huí xiě de hěn jīngcǎi.,فصل اول این رمان بسیار جذاب نوشته شده است.,Literary but still useful for reading traditional novels.
81,回,huí,HSK 1,动、量,6,中国少数民族回族的简称 (名),خویی؛ مربوط به قوم مسلمانِ خویی/هویی در چین (اسم),回族 (Huízú) | 回民 (Huímín) | 回族朋友 (Huízú péngyou),她是回族人。,Tā shì Huízú rén.,او از قوم هویی است.,Ethnic-name use; capitalize Huí in pinyin when used as a proper noun.
82,会,huì,HSK 1,动、名,1,有能力做某事；掌握某种技能 (动),توانستن؛ بلد بودن؛ مهارت یا توانایی انجام کاری را داشتن (فعل),会说汉语 (huì shuō Hànyǔ) | 会开车 (huì kāichē) | 会写汉字 (huì xiě Hànzì),他会说汉语。,Tā huì shuō Hànyǔ.,او چینی بلد است حرف بزند.,
82,会,huì,HSK 1,动、名,2,表示将来发生或根据情况作出推测 (助动词),ممکن است؛ احتمال داشتن؛ برای بیان آینده یا حدس و احتمال (فعل کمکی),会下雨 (huì xià yǔ) | 会来 (huì lái) | 会迟到 (huì chídào) | 会更好 (huì gèng hǎo),明天会下雨。,Míngtiān huì xià yǔ.,فردا باران خواهد بارید.,
82,会,huì,HSK 1,动、名,3,善于做某事；做得巧、做得好 (动),وارد بودن؛ کاربلد بودن؛ مهارت ویژه یا توانایی خوب در انجام کاری داشتن (فعل),会说话 (huì shuōhuà) | 会照顾人 (huì zhàogù rén) | 很会买东西 (hěn huì mǎi dōngxi),她很会照顾孩子。,Tā hěn huì zhàogù háizi.,او خیلی خوب بلد است از بچه‌ها مراقبت کند.,
82,会,huì,HSK 1,动、名,4,会议；聚会或集会 (名),جلسه؛ نشست؛ گردهمایی (اسم),开会 (kāihuì) | 会议 (huìyì) | 晚会 (wǎnhuì),我下午有一个会。,Wǒ xiàwǔ yǒu yí ge huì.,من بعدازظهر یک جلسه دارم.,Common nominal sense; may be beyond beginner HSK usage.
83,火车,huǒchē,HSK 1,名,1,在铁路上行驶的交通工具 (名),قطار؛ وسیله نقلیه‌ای که روی ریل حرکت می‌کند (اسم),坐火车 (zuò huǒchē) | 火车站 (huǒchēzhàn) | 火车票 (huǒchē piào),我们坐火车去上海。,Wǒmen zuò huǒchē qù Shànghǎi.,ما با قطار به شانگهای می‌رویم.,
84,几,jǐ,HSK 1,代、数,1,询问数量、时间、年龄、顺序等，通常用于数量较小的情况 (代),"چند؛ برای پرسیدن تعداد، مقدار، سن، ساعت یا موارد مشابه، معمولاً وقتی تعداد زیاد نیست و زیر ده عدد است (ضمیر پرسشی)",几个人 (jǐ ge rén) | 几本书 (jǐ běn shū) | 几岁 (jǐ suì) | 几点 (jǐ diǎn),你家有几口人？,Nǐ jiā yǒu jǐ kǒu rén?,خانوادهٔ شما چند نفر است?,
84,几,jǐ,HSK 1,代、数,2,表示不确定的少量 (数/代),چند؛ چندتا؛ تعدادی کم و نامشخص (عدد/ضمیر),几天 (jǐ tiān) | 几个朋友 (jǐ ge péngyou) | 几本书 (jǐ běn shū) | 过几天 (guò jǐ tiān),过几天我再来看你。,Guò jǐ tiān wǒ zài lái kàn nǐ.,چند روز دیگر دوباره به دیدنت می‌آیم.,
84,几,jǐ,HSK 1,代、数,3,表示接近某个整数；差一点达到 (副/数),نزدیک به؛ حدودِ؛ اندکی کمتر از یک عدد کامل (قید/عدد),几十年 (jǐ shí nián) | 几百人 (jǐ bǎi rén) | 几千块 (jǐ qiān kuài),会场来了几百人。,Huìchǎng lái le jǐ bǎi rén.,چندصد نفر به محل برگزاری آمدند.,
85,家,jiā,HSK 1,名、量,1,家庭；共同生活的亲属集体 (名),خانواده؛ جمع افراد یک خانه و خویشاوندان نزدیک (اسم),想家 (xiǎng jiā） | 家人 (jiārén) | 家事( Jiā shì),我家有四口人。,Wǒ jiā yǒu sì kǒu rén.,خانواده‌ی من چهار نفر است.,
85,家,jiā,HSK 1,名、量,2,居住的地方；住所 (名),خانه؛ محل زندگی (اسم),在家 (zài jiā) | 到家 (dào jiā) | 家里 (jiā lǐ) | 回家（huí jiā）,我今天不在家。,Wǒ jīntiān bú zài jiā.,من امروز در خانه نیستم.,
85,家,jiā,HSK 1,名、量,3,用于商店、公司、饭店等机构的量词 (量),"واحد شمارش برای مغازه، شرکت، رستوران و مؤسسه (واحد شمارش)",一家公司 (yì jiā gōngsī) | 一家饭店 (yì jiā fàndiàn) | 这家店 (zhè jiā diàn),这是一家很大的公司。,Zhè shì yì jiā hěn dà de gōngsī.,این یک شرکت بسیار بزرگ است.,
85,家,jiā,HSK 1,名、量,4,从事某种专门活动的人 (后缀/名),پسوند برای فرد متخصص یا صاحب‌حرفه در حوزه‌ای (پسوند/اسم),画家 (huàjiā) | 作家 (zuòjiā) | 音乐家 (yīnyuèjiā),他想当一名作家。,Tā xiǎng dāng yì míng zuòjiā.,او می‌خواهد نویسنده شود.,
85,家,jiā,HSK 1,名、量,5,学术、思想或艺术流派 (名),"مکتب؛ شاخه فکری، هنری یا علمی (اسم)",儒家 (Rújiā) | 道家 (Dàojiā) | 百家 (bǎijiā),儒家思想对中国文化影响很大。,Rújiā sīxiǎng duì Zhōngguó wénhuà yǐngxiǎng hěn dà.,اندیشه کنفوسیوسی بر فرهنگ چین تأثیر زیادی داشته است.,Extended school-of-thought sense.
85,家,jiā,HSK 1,名、量,6,人工饲养的；非野生的,اهلی,家鸡 (jiājī) | 家狗 (jiāgǒu) | 家畜 (jiāchù),家狗和野狗不一样。,Jiāgǒu hé yěgǒu bù yíyàng.,سگ اهلی با سگ وحشی فرق دارد.,
86,见,jiàn,HSK 1,动,1,看到；看见 (动),دیدن؛ نگاه کردن؛ مشاهده کردن (فعل),看见 (kànjiàn) | 见到 (jiàndào) | 亲眼见 (qīnyǎn jiàn) | 没见过 (méi jiàn guo),我刚才见到他了。,Wǒ gāngcái jiàndào tā le.,من همین الان او را دیدم.,
86,见,jiàn,HSK 1,动,2,会面；跟人见面 (动),ملاقات کردن؛ دیدار کردن؛ با کسی روبه‌رو شدن (فعل),见面 (jiànmiàn) | 见朋友 (jiàn péngyou) | 去见老师 (qù jiàn lǎoshī) | 明天见 (míngtiān jiàn),我们明天见。,Wǒmen míngtiān jiàn.,فردا همدیگر را می‌بینیم.,
86,见,jiàn,HSK 1,动,3,接触、经历或遇到某种情况 (动),تجربه کردن؛ برخورد کردن با؛ با چیزی مواجه شدن (فعل),见过这种情况 (jiàn guo zhè zhǒng qíngkuàng) | 见多了 (jiàn duō le) | 少见 (shǎojiàn) | 常见 (chángjiàn),这种问题我见多了。,Zhè zhǒng wèntí wǒ jiàn duō le.,من از این نوع مشکل زیاد دیده‌ام.,
86,见,jiàn,HSK 1,动,4,显出；表现出来；可以看出 (动/语素),آشکار شدن؛ دیده شدن؛ اثر یا نتیجه نشان دادن (فعل/تکواژ),见效 (jiànxiào) | 可见 (kějiàn) | 由此可见 (yóu cǐ kějiàn) | 初见成效 (chū jiàn chéngxiào),这个办法已经见效了。,Zhège bànfǎ yǐjīng jiànxiào le.,این روش دیگر اثر خودش را نشان داده است.,Mostly appears in compounds or fixed expressions.
87,件,jiàn,HSK 1,量,1,用于衣服、事情、物品等的量词 (量),"واحد شمارش برای لباس، کار، موضوع یا برخی اشیا (واحد شمارش)",一件衣服 (yí jiàn yīfu) | 一件事 (yí jiàn shì) | 两件东西 (liǎng jiàn dōngxi),我买了一件新衣服。,Wǒ mǎi le yí jiàn xīn yīfu.,من یک لباس نو خریدم.,
88,叫,jiào,HSK 1,动,1,称呼；名字是；被称为 (动),نام داشتن؛ نامیده شدن؛ کسی یا چیزی را با نامی صدا زدن (فعل),叫什么名字 (jiào shénme míngzi) | 叫李明 (jiào Lǐ Míng) | 叫小王 (jiào Xiǎo Wáng) | 这种花叫玫瑰 (zhè zhǒng huā jiào méigui),他叫李明。,Tā jiào Lǐ Míng.,اسم او لی‌مینگ است.,
88,叫,jiào,HSK 1,动,2,人或动物发出声音；大声喊叫 (动),صدا درآوردن؛ فریاد زدن؛ دربارهٔ حیوانات: صدا کردن یا پارس کردن (فعل),大叫 (dà jiào) | 叫了一声 (jiào le yì shēng) | 狗叫 (gǒu jiào) | 鸟叫 (niǎo jiào),狗在门口叫。,Gǒu zài ménkǒu jiào.,سگ جلوی در پارس می‌کند.,
88,叫,jiào,HSK 1,动,3,呼唤；招呼某人过来或让人注意 (动),صدا زدن؛ فراخواندن؛ کسی را خبر کردن یا توجهش را جلب کردن (فعل),叫医生 (jiào yīshēng) | 叫服务员 (jiào fúwùyuán) | 叫他过来 (jiào tā guòlái) | 叫妈妈 (jiào māma),请你去叫医生。,Qǐng nǐ qù jiào yīshēng.,لطفاً برو دکتر را صدا کن.,
88,叫,jiào,HSK 1,动,4,要求、命令或请别人做某事 (动),از کسی خواستن؛ به کسی گفتن یا دستور دادن کاری انجام دهد (فعل), 叫我等一下 (jiào wǒ děng yíxià) | 叫孩子回家 (jiào háizi huí jiā) | 叫大家安静 (jiào dàjiā ānjìng),老师叫我们读课文。,Lǎoshī jiào wǒmen dú kèwén.,معلم از ما خواست متن درس را بخوانیم.,
88,叫,jiào,HSK 1,动,5,叫来或预订某种服务，常用于交通、外卖等 (动),خبر کردن یا سفارش دادن یک خدمت؛ مثل تاکسی گرفتن یا غذا سفارش دادن (فعل),叫车 (jiào chē) | 叫出租车 (jiào chūzūchē) | 叫外卖 (jiào wàimài) | 叫代驾 (jiào dàijià),我帮你叫一辆出租车。,Wǒ bāng nǐ jiào yí liàng chūzūchē.,من برایت یک تاکسی می‌گیرم.,
88,叫,jiào,HSK 1,动,6,使人产生某种感觉或反应 (动),باعث شدن؛ موجب شدن که کسی احساسی یا واکنشی پیدا کند (فعل),叫人高兴 (jiào rén gāoxìng) | 叫人担心 (jiào rén dānxīn) | 叫人失望 (jiào rén shīwàng) | 叫人感动 (jiào rén gǎndòng),这件事叫人很担心。,Zhè jiàn shì jiào rén hěn dānxīn.,این موضوع آدم را خیلی نگران می‌کند.,
89,饺子,jiǎozi,HSK 1,名,1,一种有馅儿的面食，多煮着吃 (名),جیائوزی؛ نوعی دامپلینگ چینیِ پرشده با مواد داخل (اسم),吃饺子 (chī jiǎozi) | 包饺子 (bāo jiǎozi) | 煮饺子 (zhǔ jiǎozi),我们晚上吃饺子。,Wǒmen wǎnshang chī jiǎozi.,ما شب جیائوزی می‌خوریم.,
90,家人,jiārén,HSK 1,名,1,家庭成员；亲人 (名),اعضای خانواده؛ خانواده و نزدیکان (اسم),我的家人 (wǒ de jiārén) | 家人一起 (jiārén yìqǐ) | 爱家人 (ài jiārén),我很爱我的家人。,Wǒ hěn ài wǒ de jiārén.,من خانواده‌ام را خیلی دوست دارم.,
91,鸡蛋,jīdàn,HSK 1,名,1,母鸡下的蛋，常作食物 (名),تخم‌مرغ؛ تخم مرغی که برای غذا استفاده می‌شود (اسم),吃鸡蛋 (chī jīdàn) | 一个鸡蛋 (yí ge jīdàn) | 煮鸡蛋 (zhǔ jīdàn),我早上吃了一个鸡蛋。,Wǒ zǎoshang chī le yí ge jīdàn.,من صبح یک تخم‌مرغ خوردم.,
92,姐姐,jiějie,HSK 1,名,1,同父母或同辈中比自己年纪大的女性兄弟姐妹 (名),خواهر بزرگ‌تر (اسم),我姐姐 (wǒ jiějie) | 姐姐妹妹 (jiějie mèimei) | 大姐姐 (dà jiějie),我姐姐在大学学习。,Wǒ jiějie zài dàxué xuéxí.,خواهر بزرگ‌ترم در دانشگاه درس می‌خواند.,
92,姐姐,jiějie,HSK 1,名,2,对年纪较大的女孩或年轻女性的亲切称呼 (名),آبجی؛ خطاب دوستانه به دختر یا زن جوان بزرگ‌تر (اسم),大姐姐 (dà jiějie) | 姐姐好 (jiějie hǎo) | 这个姐姐 (zhège jiějie),小朋友叫她姐姐。,Xiǎopéngyou jiào tā jiějie.,بچه‌ها او را آبجی صدا می‌کنند.,Address sense.
93,今年,jīnnián,HSK 1,名,1,现在所在的这一年 (名),امسال؛ سال جاری (اسم زمان),今年夏天 (jīnnián xiàtiān) | 今年几岁 (jīnnián jǐ suì) | 今年上大学 (jīnnián shàng dàxué),我今年二十岁。,Wǒ jīnnián èrshí suì.,من امسال بیست ساله‌ام.,
94,今天,jīntiān,HSK 1,名,1,说话时所在的这一天 (名),امروز؛ همین روز (اسم زمان),今天晚上 (jīntiān wǎnshang) | 今天上午 (jīntiān shàngwǔ) | 今天几号 (jīntiān jǐ hào),今天我很高兴。,Jīntiān wǒ hěn gāoxìng.,امروز خیلی خوشحالم.,
94,今天,jīntiān,HSK 1,名,2,现在这个时期；当今 (名),امروز؛ دوران کنونی؛ زمان حاضر (اسم زمان),今天的中国 (jīntiān de Zhōngguó) | 今天的生活 (jīntiān de shēnghuó) | 直到今天 (zhídào jīntiān),今天的中国变化很大。,Jīntiān de Zhōngguó biànhuà hěn dà.,چین امروز تغییرات بزرگی کرده است.,Extended broader time sense.
95,九,jiǔ,HSK 1,数,1,数字九 (数),عدد نه (عدد),九点 (jiǔ diǎn) | 九个人 (jiǔ ge rén) | 九月 (jiǔ yuè),现在九点了。,Xiànzài jiǔ diǎn le.,الان ساعت نه است.,
96,觉得,juéde,HSK 1,动,1,认为；有某种看法 (动),فکر کردن؛ نظر داشتن؛ احساس کردن که چیزی چنین است (فعل),觉得好 (juéde hǎo) | 觉得很难 (juéde hěn nán) | 觉得有意思 (juéde yǒu yìsi),我觉得这本书很好。,Wǒ juéde zhè běn shū hěn hǎo.,من فکر می‌کنم این کتاب خوب است.,
96,觉得,juéde,HSK 1,动,2,感觉到；产生某种感受 (动),احساس کردن؛ حس کردن (فعل),觉得累 (juéde lèi) | 觉得冷 (juéde lěng) | 觉得不舒服 (juéde bù shūfu),我觉得有点儿冷。,Wǒ juéde yǒudiǎnr lěng.,کمی احساس سرما می‌کنم.,
97,开,kāi,HSK 1,动,1,打开；使关闭的东西不再关闭 (动),باز کردن؛ چیزی بسته را باز کردن (فعل),开门 (kāi mén) | 开窗 (kāi chuāng) | 开盒子 (kāi hézi),请开门。,Qǐng kāi mén.,لطفاً در را باز کن.,
97,开,kāi,HSK 1,动,2,使电器、机器等开始工作 (动),روشن کردن؛ به‌کار انداختن دستگاه یا وسیله (فعل),开灯 (kāi dēng) | 开电视 (kāi diànshì) | 开电脑 (kāi diànnǎo),我来开灯。,Wǒ lái kāi dēng.,من چراغ را روشن می‌کنم.,
97,开,kāi,HSK 1,动,3,开始；起始 (动),شروع شدن؛ آغاز کردن (فعل),开始 (kāishǐ) | 开学 (kāixué) | 开课 (kāi kè),电影快开始了。,Diànyǐng kuài kāishǐ le.,فیلم دارد شروع می‌شود.,
97,开,kāi,HSK 1,动,4,驾驶交通工具 (动),رانندگی کردن؛ راندن وسیله نقلیه (فعل),开车 (kāichē) | 开出租车 (kāi chūzūchē) | 开飞机 (kāi fēijī),我爸爸会开车。,Wǒ bàba huì kāichē.,پدرم رانندگی بلد است.,
97,开,kāi,HSK 1,动,5,举行；召开会议、活动等 (动),برگزار کردن؛ تشکیل دادن جلسه یا رویداد (فعل),开会 (kāihuì) | 开晚会 (kāi wǎnhuì) | 开运动会 (kāi yùndònghuì),我们下午开会。,Wǒmen xiàwǔ kāihuì.,ما بعدازظهر جلسه داریم.,
97,开,kāi,HSK 1,动,6,经营；开设商店、公司等 (动),راه انداختن؛ باز کردن و اداره کردن کسب‌وکار یا مؤسسه (فعل),开店 (kāi diàn) | 开公司 (kāi gōngsī) | 开饭店 (kāi fàndiàn),他在学校旁边开了一家店。,Tā zài xuéxiào pángbiān kāi le yì jiā diàn.,او کنار مدرسه یک مغازه باز کرده است.,
97,开,kāi,HSK 1,动,7,开出、写出单据、药方等 (动),"نوشتن یا صادر کردن سند، نسخه یا رسید (فعل)",开票 (kāi piào) | 开药 (kāi yào) | 开证明 (kāi zhèngmíng),医生给我开了药。,Yīshēng gěi wǒ kāi le yào.,دکتر برای من دارو تجویز کرد.,
97,开,kāi,HSK 1,动,8,用在动词后，表示分离、移开或离开原来的位置 (结果补语),"پس از فعل می‌آید و نشان می‌دهد چیزی از جای خود دور، جدا یا کنار شده است (متمم نتیجه)",拿开 (ná kāi) | 搬开 (bān kāi) | 推开 (tuī kāi) | 走开 (zǒukāi),请把椅子搬开。,Qǐng bǎ yǐzi bān kāi.,لطفاً صندلی را کنار ببر.,
97,开,kāi,HSK 1,动,9,花朵开放 (动),شکفتن؛ باز شدن گل (فعل),花开 (huā kāi) | 开花 (kāihuā) | 春天花开 (chūntiān huā kāi),春天来了，花开了。,"Chūntiān lái le, huā kāi le.",بهار آمد و گل‌ها شکفتند.,
97,开,kāi,HSK 1,动,10,食物、水等沸腾 (动),جوش آمدن؛ قل‌قل کردنِ آب یا غذا (فعل),水开了 (shuǐ kāi le) | 汤开了 (tāng kāi le) | 等水开 (děng shuǐ kāi),水开了，可以喝茶了。,"Shuǐ kāi le, kěyǐ hē chá le.","آب جوش آمده، می‌توانیم چای بخوریم.",
97,开,kāi,HSK 1,动,11,表示分成一定比例或份额，多用于固定说法 (动),به نسبت مشخصی تقسیم شدن یا تقسیم کردن؛ بیشتر در ترکیب‌های ثابت (فعل),五五开 (wǔwǔ kāi) | 三七开 (sānqī kāi) | 六四开 (liùsì kāi),这笔钱我们五五开。,Zhè bǐ qián wǒmen wǔwǔ kāi.,این پول را نصف‌نصف تقسیم می‌کنیم.,Extended colloquial/commercial usage.
97,开,kāi,HSK 1,动,12,发射、启动或操作武器 [动词],شلیک کردن؛ عمل کردن (سلاح) (فعل),开枪 (kāiqiāng) | 开炮 (kāipào) | 开火 (kāihuǒ),警察不要随便开枪。,"Jǐngchá búyào suíbiàn kāiqiāng.	",پلیس نباید هرطور شده شلیک کند.,
98,开车,kāichē,HSK 1,动宾短语,1,驾驶汽车或其他车辆 (动),رانندگی کردن؛ وسیلهٔ نقلیه راندن (فعل),会开车 (huì kāichē) | 开车上班 (kāichē shàngbān) | 开车回家 (kāichē huí jiā) | 学开车 (xué kāichē),我每天开车上班。,Wǒ měitiān kāichē shàngbān.,من هر روز با ماشین به محل کار می‌روم.,
98,开车,kāichē,HSK 1,动宾短语,2,车辆开始行驶；发车 (动),"حرکت کردن؛ راه افتادن؛ دربارهٔ قطار، اتوبوس یا وسیلهٔ نقلیه (فعل)",",火车开车 (huǒchē kāichē) | 八点开车 (bā diǎn kāichē) | 马上开车 (mǎshàng kāichē)",火车八点开车。,Huǒchē bā diǎn kāichē.,قطار ساعت هشت حرکت می‌کند.,"For trains/buses, 开车 can mean departure."
99,看,kàn,HSK 1,动,1,用眼睛观察；看见 (动),دیدن؛ نگاه کردن؛ با چشم مشاهده کردن (فعل),看电视 (kàn diànshì) | 看书 (kàn shū) | 看电影 (kàn diànyǐng),我晚上看电影。,Wǒ wǎnshang kàn diànyǐng.,من شب فیلم می‌بینم.,
99,看,kàn,HSK 1,动,2,阅读；读书、报纸等 (动),"خواندن؛ مطالعه کردنِ کتاب، روزنامه یا متن (فعل)",看书 (kàn shū) | 看报纸 (kàn bàozhǐ) | 看课文 (kàn kèwén),他喜欢在家看书。,Tā xǐhuan zài jiā kàn shū.,او دوست دارد در خانه کتاب بخواند.,
99,看,kàn,HSK 1,动,3,观看表演、比赛、电影等 (动),"تماشا کردن؛ دیدن نمایش، مسابقه یا فیلم (فعل)",看电影 (kàn diànyǐng) | 看比赛 (kàn bǐsài) | 看节目 (kàn jiémù),我们去电影院看电影。,Wǒmen qù diànyǐngyuàn kàn diànyǐng.,ما به سینما می‌رویم تا فیلم ببینیم.,
99,看,kàn,HSK 1,动,4,探望；拜访人 (动),دیدار کردن؛ به ملاقات کسی رفتن (فعل),看朋友 (kàn péngyou) | 看父母 (kàn fùmǔ) | 看病人 (kàn bìngrén),周末我去看爷爷奶奶。,Zhōumò wǒ qù kàn yéye nǎinai.,آخر هفته به دیدن پدربزرگ و مادربزرگم می‌روم.,
99,看,kàn,HSK 1,动,5,诊治；去医院让医生检查 (动),معاینه کردن یا درمان کردن؛ به پزشک مراجعه کردن (فعل),看病 (kànbìng) | 看医生 (kàn yīshēng) | 看牙 (kàn yá),我明天去医院看病。,Wǒ míngtiān qù yīyuàn kànbìng.,من فردا به بیمارستان می‌روم تا دکتر ببینم.,
99,看,kàn,HSK 1,动,6,照看；照顾或看管 (动),مراقبت کردن؛ نگهداری کردن؛ مواظب بودن (فعل),看孩子 (kān háizi) | 看家 (kān jiā) | 看门 (kān mén),奶奶在家看孩子。,Nǎinai zài jiā kān háizi.,مادربزرگ در خانه از بچه مراقبت می‌کند.,Pronounced kān in this guarding/caring sense; included under 看 with note.
99,看,kàn,HSK 1,动,7,认为；判断；有某种看法 (动),فکر کردن؛ نظر داشتن؛ قضاوت کردن (فعل),我看 (wǒ kàn) | 看来 (kànlái) | 看问题 (kàn wèntí),我看这个办法很好。,Wǒ kàn zhège bànfǎ hěn hǎo.,به نظر من این روش خوب است.,
99,看,kàn,HSK 1,动,8,视情况而定；取决于某种情况 (动),بستگی داشتن؛ بسته به شرایط بودن (فعل),看情况 (kàn qíngkuàng) | 看时间 (kàn shíjiān) | 看天气 (kàn tiānqì),明天去不去，要看天气。,"Míngtiān qù bú qù, yào kàn tiānqì.","اینکه فردا برویم یا نه، بستگی به هوا دارد.",
99,看,kàn,HSK 1,动,9,把某人或某物当作、视作 (动),به‌حساب آوردن؛ تلقی کردن؛ چیزی را به‌عنوان چیزی دیدن (فعل),看作 (kànzuò) | 看成 (kànchéng) | 把他看作朋友 (bǎ tā kànzuò péngyou),我把他看作朋友。,Wǒ bǎ tā kànzuò péngyou.,من او را دوست خودم می‌دانم.,
99,看,kàn,HSK 1,动,10,注意、留心或小心对待 (动),مواظب بودن؛ توجه کردن؛ مراقب چیزی بودن (فعل),看路 (kàn lù) | 看着点儿 (kànzhe diǎnr) | 看好东西 (kānhǎo dōngxi),走路的时候要看路。,Zǒulù de shíhou yào kàn lù.,هنگام راه رفتن باید مراقب مسیر باشی.,
100,看病,kànbìng,HSK 1,动宾短语,1,病人去医院或找医生诊治 (动),دکتر رفتن؛ برای بیماری به پزشک مراجعه کردن (فعل),去医院看病 (qù yīyuàn kànbìng) | 看病吃药 (kànbìng chī yào) | 去看病 (qù kànbìng),他今天去医院看病。,Tā jīntiān qù yīyuàn kànbìng.,او امروز برای درمان به بیمارستان می‌رود.,
100,看病,kànbìng,HSK 1,动宾短语,2,医生给病人检查、诊断或治疗 (动),معاینه و درمان کردن بیمار توسط پزشک (فعل),医生看病 (yīshēng kànbìng) | 给病人看病 (gěi bìngrén kànbìng) | 看病很认真 (kànbìng hěn rènzhēn),这位医生看病很认真。,Zhè wèi yīshēng kànbìng hěn rènzhēn.,این پزشک بیماران را خیلی با دقت معاینه می‌کند.,
101,看见,kànjiàn,HSK 1,动,1,用眼睛看到；看得见某人或某物 (动),دیدن؛ با چشم مشاهده کردن یا چشم آدم به چیزی افتادن (فعل),看见老师 (kànjiàn lǎoshī) | 看见朋友 (kànjiàn péngyou) | 没看见 (méi kànjiàn),我看见老师了。,Wǒ kànjiàn lǎoshī le.,من معلم را دیدم.,
101,看见,kànjiàn,HSK 1,动,2,发现或注意到某种情况 (动),متوجه شدن؛ دیدن و پی بردن به یک وضعیت (فعل),看见问题 (kànjiàn wèntí) | 看见变化 (kànjiàn biànhuà) | 看见希望 (kànjiàn xīwàng),我看见他的变化很大。,Wǒ kànjiàn tā de biànhuà hěn dà.,من دیدم که تغییر او خیلی زیاد است.,Extended abstract usage.
102,课,kè,HSK 1,名,1,一次课堂教学活动；上课的一段时间 (名),کلاس؛ جلسهٔ آموزشی؛ یک نوبت برگزاری درس (اسم),上课 (shàng kè) | 下课 (xià kè) | 有课 (yǒu kè) | 一节课 (yì jié kè),我今天上午有课。,Wǒ jīntiān shàngwǔ yǒu kè.,من امروز صبح کلاس دارم.,
102,课,kè,HSK 1,名,2,教材中的一个学习单元或章节 (名),درسِ کتاب؛ بخش آموزشی شماره‌دار در کتاب (اسم),第一课 (dì yī kè) | 下一课 (xià yí kè) | 这一课 (zhè yì kè) | 复习第一课 (fùxí dì yī kè),今天我们学习第一课。,Jīntiān wǒmen xuéxí dì yī kè.,امروز درس اول را می‌خوانیم.,
102,课,kè,HSK 1,名,3,某一门课程或学习科目 (名),درس؛ واحد درسی؛ ماده یا موضوع آموزشی مشخص (اسم),汉语课 (Hànyǔ kè) | 数学课 (shùxué kè) | 选修课 (xuǎnxiū kè) | 必修课 (bìxiū kè) |  这门课 (zhè mén kè),这门课不太难,Zhè mén kè bú tài nán.,این درس خیلی سخت نیست.,
103,可以,kěyǐ,HSK 1,动,1,表示有能力或条件做某事 (动/助动词),توانستن؛ امکان داشتن انجام کاری (فعل کمکی),可以去 (kěyǐ qù) | 可以说 (kěyǐ shuō) | 可以开始 (kěyǐ kāishǐ),我现在可以走吗？,Wǒ xiànzài kěyǐ zǒu ma?,الان می‌توانم بروم؟,
103,可以,kěyǐ,HSK 1,动,2,表示许可；允许做某事 (动/助动词),اجازه داشتن؛ مجاز بودن (فعل کمکی),可以进来 (kěyǐ jìnlái) | 可以坐这里 (kěyǐ zuò zhèlǐ) | 不可以说话 (bù kěyǐ shuōhuà),这里可以喝水。,Zhèlǐ kěyǐ hē shuǐ.,اینجا می‌شود آب نوشید.,
103,可以,kěyǐ,HSK 1,动,3,表示程度还不错；还行 (形),بد نیست؛ قابل قبول؛ نسبتاً خوب (صفت),还可以 (hái kěyǐ) | 这个可以 (zhège kěyǐ) | 味道可以 (wèidào kěyǐ),这家饭店的菜还可以。,Zhè jiā fàndiàn de cài hái kěyǐ.,غذای این رستوران بد نیست.,
103,可以,kěyǐ,HSK 1,动,4,表示程度高或表现突出，常带赞叹、惊讶或讽刺语气 (形/副),"خیلی خوب؛ قابل توجه؛ عجب چیزی/کسی، برای تحسین، تعجب یا گاهی کنایه (صفت/قید)",真可以 (zhēn kěyǐ) | 这人真可以 (zhè rén zhēn kěyǐ) | 这张嘴真可以 (zhè zhāng zuǐ zhēn kěyǐ),他今天忙的镇可以,Tā jīntiān máng de zhēn kěyǐ.,او امروز واقعا سرش شلوغ است.,
104,口,kǒu,HSK 1,名、量,1,嘴；人或动物吃东西、说话的器官 (名),دهان؛ عضو خوردن و حرف زدن در انسان یا حیوان (اسم),开口 (kāikǒu) | 张口 (zhāng kǒu) | 口里 (kǒu lǐ),请张口说一遍。,Qǐng zhāng kǒu shuō yí biàn.,لطفاً دهانت را باز کن و یک بار بگو.,
104,口,kǒu,HSK 1,名、量,2,入口、出口或物体通向外面的地方 (名),دهانه؛ ورودی یا خروجی یک مکان یا شیء (اسم),门口 (ménkǒu) | 枪口 (qiāng kǒu) | 出口 (chūkǒu),我在学校门口等你。,Wǒ zài xuéxiào ménkǒu děng nǐ.,من جلوی درِ مدرسه منتظرت می‌مانم.,
104,口,kǒu,HSK 1,名、量,3,用于家庭成员、人口或牲畜等的量词 (量),"واحد شمارش برای اعضای خانواده، جمعیت یا برخی حیوانات (واحد شمارش)",三口人 (sān kǒu rén) | 一家四口 (yì jiā sì kǒu) | 一口井 (yīkǒu jǐng),我家有四口人。,Wǒ jiā yǒu sì kǒu rén.,خانواده‌ی من چهار نفر است.,
104,口,kǒu,HSK 1,名、量,4,一口；吃、喝、说话等一次的量 (量),"یک لقمه؛ یک جرعه؛ مقدار یک بار خوردن، نوشیدن یا گفتن (واحد شمارش)",一口水 (yì kǒu shuǐ) | 吃一口 (chī yì kǒu) | 喝一口茶 (hē yì kǒu chá),请把肉给我切成块儿。,Qǐng bǎ ròu gěi wǒ qiē chéng kuàir.,لطفاً گوشت را برایم تکه‌تکه کن.,
105,块,kuài,HSK 1,量、名,1,成块的东西；块状物 (名),تکه؛ قطعه؛ چیزِ تکه‌ای یا قالبی (اسم),小块儿 (xiǎo kuàir) | 大块儿 (Dà kuàir ),桌子上有一块蛋糕。,Zhuōzi shang yǒu yí kuài dàngāo.,روی میز یک تکه کیک هست.,
105,块,kuài,HSK 1,量、名,2,用于块状、片状或某些整体事物的量词 (量),"واحد شمارش برای چیزهای تکه‌ای، قطعه‌ای یا برخی اشیای کامل (واحد شمارش)",两块肥皂 (liǎng kuài féizào) | 一块手表 (yí kuài shǒubiǎo) | 一块地 (yí kuài dì) | 一块蛋糕 (yí kuài dàngāo)  | 多少钱一块 (duōshao qián yí kuài),这块手表很贵。,Zhè kuài shǒubiǎo hěn guì.,این ساعت خیلی گران است.,
105,块,kuài,HSK 1,量、名,3,人民币元的口语说法 (量/名),یوان؛ واحد پول چین در گفتار روزمره (واحد شمارش/اسم),十块 (shí kuài) | 一百块 (yì bǎi kuài) | 三块钱 (Sān kuài qián),这本书二十块。,Zhè běn shū èrshí kuài.,این کتاب بیست یوان است.,
106,来,lái,HSK 1,动,1,从别的地方到说话人所在的地方；来到 (动),آمدن؛ به سمت گوینده یا مکان مورد نظر آمدن (فعل),来学校 (lái xuéxiào) | 来中国 (lái Zhōngguó) | 来我家 (lái wǒ jiā),他明天来我家。,Tā míngtiān lái wǒ jiā.,او فردا به خانه‌ی من می‌آید.,
106,来,lái,HSK 1,动,2,表示某事发生、出现或到来 (动),رسیدن؛ فرا رسیدن؛ رخ دادن یا ظاهر شدن (فعل),春天来了 (chūntiān lái le) | 电话来了 (diànhuà lái le) | 机会来了 (jīhuì lái le),老师来了，我们上课吧。,"Lǎoshī lái le, wǒmen shàngkè ba.","معلم آمد، شروع کنیم به درس.",
106,来,lái,HSK 1,动,3,用在动词后表示动作向说话人方向移动 (动/趋向补语),بعد از فعل می‌آید و حرکت به سمت گوینده را نشان می‌دهد (فعل/متمم جهت‌نما),进来 (jìnlái) | 回来 (huílái) | 过来 (guòlái),请进来坐。,Qǐng jìnlái zuò.,لطفاً بیا داخل و بنشین.,Directional complement usage.
106,来,lái,HSK 1,动,4,用来表示主动承担或开始做某事 (动),به عهده گرفتن یا شروع کردن انجام کاری (فعل),我来做 (wǒ lái zuò) | 你来读 (nǐ lái dú) | 我来开门 (wǒ lái kāi mén),这件事我来做。,Zhè jiàn shì wǒ lái zuò.,این کار را من انجام می‌دهم.,
107,老师,lǎoshī,HSK 1,名,1,教学生知识或技能的人；教师 (名),معلم؛ آموزگار؛ کسی که آموزش می‌دهد (اسم),汉语老师 (Hànyǔ lǎoshī) | 音乐老师 (yīnyuè lǎoshī) | 老师好 (lǎoshī hǎo) | 一位老师 (yí wèi lǎoshī) |请教老师 (qǐngjiào lǎoshī),她是一位小学老师。,Tā shì yí wèi xiǎoxué lǎoshī.,او معلم دبستان است.,
107,老师,lǎoshī,HSK 1,名,2,在某些行业中对经验丰富者或师傅的称呼 (名),استادکار؛ عنوان احترام‌آمیز برای فرد باتجربه در یک حرفه (اسم),化妆老师 (huàzhuāng lǎoshī) | 美发老师 (měifà lǎoshī) | 摄影老师 (shèyǐng lǎoshī) | 按摩老师 (ànmó lǎoshī),请问哪位老师负责拍照？,Qǐngwèn nǎ wèi lǎoshī fùzé pāizhào?,ببخشید کدام استاد/متخصص مسئول عکاسی است؟,Honorific title sense.
108,了,le,HSK 1,助,1,用在动词后，表示动作已经发生或完成 (助),پس از فعل می‌آید و نشان می‌دهد کاری انجام شده یا رویدادی رخ داده است (حرف نشانه),吃了 (chī le) | 买了 (mǎi le) | 看见了 (kànjiàn le) | 去了 (qù le),我买了一本书。,Wǒ mǎi le yì běn shū.,من یک کتاب خریدم.,
108,了,le,HSK 1,助,2,用在句末，表示出现新情况、状态变化或提醒语气 (助),"در پایان جمله می‌آید و تغییر وضعیت، حالت جدید یا یادآوری/تأکید را نشان می‌دهد (حرف نشانه)",下雨了 (xià yǔ le) | 天冷了 (tiān lěng le) | 到家了 (dào jiā le) | 别说了 (bié shuō le),天冷了，多穿一点。,"Tiān lěng le, duō chuān yìdiǎn.","هوا سرد شده، کمی بیشتر لباس بپوش.",
108,了,liǎo,HSK 1,助,3,用在动词后表示能够完成、承受或达到，常见于“得了、不了” (补语),"پس از فعل می‌آید و توانستن یا نتوانستنِ انجام، تمام کردن یا تحمل چیزی را نشان می‌دهد؛ در ساختارهای 得了 و 不了 (متمم)",吃不了 (chī bu liǎo) | 受不了 (shòu bu liǎo) | 做得了 (zuò de liǎo) | 去不了 (qù bu liǎo),这么多饭我吃不了。,Zhème duō fàn wǒ chī bu liǎo.,این همه غذا را نمی‌توانم بخورم.,Pronunciation liǎo; may not be the target elementary HSK particle sense.
109,冷,lěng,HSK 1,形,1,温度低；不热；使人感觉寒冷 (形),سرد؛ خنک؛ گرم نبودن؛ باعث احساس سرما شدن (صفت),天气冷 (tiānqì lěng) | 很冷 (hěn lěng) | 冷水 (lěng shuǐ) | 饭冷了 (fàn lěng le) | 我很冷 (wǒ hěn lěng),今天很冷，多穿点儿衣服。,"Jīntiān hěn lěng, duō chuān diǎnr yīfu","امروز هوا سرد است، کمی بیشتر لباس بپوش.",
110,里,lǐ,HSK 1,方位词,1,表示人、物、处所、时间或范围的内部 (方位词),"داخل؛ درون؛ در محدودهٔ مکان، زمان، چیز یا حوزه‌ای (اسم مکانی/زمانی)",房间里 (fángjiān lǐ) | 书包里 (shūbāo lǐ) | 学校里 (xuéxiào lǐ) | 一年里 (yì nián lǐ),书包里有一本书。,Shūbāo lǐ yǒu yì běn shū.,داخل کیف یک کتاب هست.,
110,里,lǐ,HSK 1,方位词,2,附在“这、那、哪”等词后，表示地点 (后缀/方位词),"پس از واژه‌هایی مثل «این، آن، کدام» می‌آید و مکان را می‌سازد؛ اینجا، آنجا، کجا (پسوند/اسم مکانی)",这里 (zhèlǐ) | 那里 (nàlǐ) | 哪里 (nǎlǐ) | 这里面 (zhè lǐmiàn),你住在哪里？,Nǐ zhù zài nǎlǐ?,کجا زندگی می‌کنی؟,
111,两,liǎng,HSK 1,数,1,数字二，用在量词前表示数量 (数),"دو؛ عدد دو، معمولاً قبل از واحد شمارش (عدد)",两个人 (liǎng ge rén) | 两本书 (liǎng běn shū) | 两块钱 (liǎng kuài qián),我有两个哥哥。,Wǒ yǒu liǎng ge gēge.,من دو برادر بزرگ‌تر دارم.,
111,两,liǎng,HSK 1,数,2,表示双方或两个方面 (数),دو طرف؛ هر دو جنبه یا دو سوی یک رابطه (عدد),两边 (liǎng biān) | 两国 (liǎng guó) | 两个人都 (liǎng ge rén dōu),两个人都很高兴。,Liǎng ge rén dōu hěn gāoxìng.,هر دو نفر خیلی خوشحال‌اند.,
112,零,líng,HSK 1,数,1,数字零；表示没有数量，也用于读数、编号、电话号码等中的“0” (数),"صفر؛ عدد یا رقم صفر؛ برای نبود مقدار یا خواندن ۰ در عدد، شماره، تاریخ و شماره تلفن (عدد)",零分 (líng fēn) | 零元 (líng yuán) | 三零六 (sān líng liù) | 二零二六年 (èr líng èr liù nián),我的房间号是三零六。,Wǒ de fángjiān hào shì sān líng liù.,شمارهٔ اتاق من ۳۰۶ است.,
112,零,líng,HSK 1,数,2,零碎；不成整的；数量小而分散的，常用于构词 (语素/形),"خرده؛ پراکنده؛ غیرکامل یا کم و جداجدا، بیشتر در ترکیب‌ها (تکواژ/صفت)",零钱 (língqián) | 零用钱 (língyòngqián) | 零碎 (língsuì) | 零散 (língsǎn),我没有零钱，可以用手机支付吗？,"Wǒ méiyǒu língqián, kěyǐ yòng shǒujī zhīfù ma?","پول خرد ندارم، می‌توانم با موبایل پرداخت کنم؟",Word-forming sense; 零钱、零碎、零散 are independent words but share this morpheme meaning.
113,六,liù,HSK 1,数,1,数字六 (数),عدد شش (عدد),六点 (liù diǎn) | 六个人 (liù ge rén) | 六月 (liù yuè),我六点回家。,Wǒ liù diǎn huí jiā.,من ساعت شش به خانه برمی‌گردم.,
114,吗,ma,HSK 1,助,1,用在句末，表示是非疑问 (助),آیا؛ نشانه‌ی سؤال بله/خیر در پایان جمله (حرف نشانه),好吗 (hǎo ma) | 可以吗 (kěyǐ ma) | 你忙吗 (nǐ máng ma),你今天忙吗？,Nǐ jīntiān máng ma?,امروز سرت شلوغ است؟,
115,卖,mài,HSK 1,动,1,把东西交给别人并收取钱 (动),فروختن؛ چیزی را در برابر پول به کسی دادن (فعل),卖东西 (mài dōngxi) | 卖衣服 (mài yīfu) | 卖水果 (mài shuǐguǒ),这家店卖汉语书。,Zhè jiā diàn mài Hànyǔ shū.,این مغازه کتاب‌های زبان چینی می‌فروشد.,
115,卖,mài,HSK 1,动,2,背叛或为了利益出卖别人、组织等 (动),خیانت کردن؛ فروختنِ کسی یا چیزی به خاطر منفعت (فعل),卖朋友 (mài péngyou) | 出卖 (chūmài) | 卖国 (màiguó),他不会为了钱卖朋友。,Tā bú huì wèile qián mài péngyou.,او به خاطر پول به دوستش خیانت نمی‌کند.,Extended moral sense; less relevant for beginners.
116,买,mǎi,HSK 1,动,1,付钱取得商品、服务、票证或其他东西 (动),"خریدن؛ با پرداخت پول کالا، خدمت، بلیت یا چیز دیگری را به دست آوردن (فعل)",买东西 (mǎi dōngxi) | 买书 (mǎi shū) | 买衣服 (mǎi yīfu) | 买票 (mǎi piào) | 买保险 (mǎi bǎoxiǎn),我想买一张电影票。,Wǒ xiǎng mǎi yì zhāng diànyǐng piào.,می‌خواهم یک بلیت سینما بخرم.,
117,妈妈,māma,HSK 1,名,1,母亲；对母亲的称呼 (名),مادر؛ مامان (اسم),我妈妈 (wǒ māma) | 爸爸妈妈 (bàba māma) | 妈妈做饭 (māma zuò fàn),我妈妈在家做饭。,Wǒ māma zài jiā zuò fàn.,مامانم در خانه غذا درست می‌کند.,
118,忙,máng,HSK 1,形、动,1,事情多，没有空闲时间 (形),سرشلوغ؛ مشغول؛ وقت آزاد نداشتن (صفت),很忙 (hěn máng) | 工作忙 (gōngzuò máng) | 最近很忙 (zuìjìn hěn máng) | 忙得没时间 (máng de méi shíjiān),我今天很忙，没有时间出去。,"Wǒ jīntiān hěn máng, méiyǒu shíjiān chūqù.",امروز سرم خیلی شلوغ است و وقت ندارم بیرون بروم.,
118,忙,máng,HSK 1,形、动,2,忙着做某事；正在赶着处理某事 (动),مشغول انجام کاری بودن؛ درگیر رسیدگی به کاری بودن (فعل),忙着做饭 (mángzhe zuò fàn) | 忙着工作 (mángzhe gōngzuò) | 忙着准备考试 (mángzhe zhǔnbèi kǎoshì) | 忙不过来 (máng bu guòlái),妈妈正忙着做晚饭。,Māma zhèng mángzhe zuò wǎnfàn.,مامان مشغول آماده کردن شام است.,
119,猫,māo,HSK 1,名,1,一种常见的小型家养动物，爱吃鱼，会捉老鼠 (名),گربه؛ حیوان خانگی کوچک (اسم),一只猫 (yì zhī māo) | 小猫 (xiǎo māo) | 养猫 (yǎng māo),我家有一只猫。,Wǒ jiā yǒu yì zhī māo.,خانه‌ی ما یک گربه دارد.,
120,没关系,méi guānxi,HSK 1,习用语,1,用于回答道歉，表示不要紧、不介意 (习用语),اشکالی ندارد؛ مهم نیست؛ در پاسخ به عذرخواهی (عبارت),说没关系 (shuō méi guānxi) | 没关系的 (méi guānxi de) | 真没关系 (zhēn méi guānxi),A：对不起。B：没关系。,A: Duìbuqǐ. B: Méi guānxi.,الف: ببخشید. ب: اشکالی ندارد.,
120,没关系,méi guānxi,HSK 1,习用语,2,表示没有关联或没有影响 (习用语/动宾短语),ربطی ندارد؛ ارتباطی ندارد؛ تأثیری ندارد (عبارت/فعل مرکب),和我没关系 (hé wǒ méi guānxi) | 跟这件事没关系 (gēn zhè jiàn shì méi guānxi) | 没有关系 (méiyǒu guānxi),这件事和我没关系。,Zhè jiàn shì hé wǒ méi guānxi.,این موضوع به من ربطی ندارد.,
121,妹妹,mèimei,HSK 1,名,1,同父母或同辈中比自己年纪小的女性兄弟姐妹 (名),خواهر کوچک‌تر (اسم),我妹妹 (wǒ mèimei) | 弟弟妹妹 (dìdimèimei) | 小妹妹 (xiǎo mèimei),我妹妹今年八岁。,Wǒ mèimei jīnnián bā suì.,خواهر کوچک‌ترم امسال هشت ساله است.,
121,妹妹,mèimei,HSK 1,名,2,对年纪较小的女孩的亲切称呼 (名),دختر کوچولو؛ خطاب دوستانه به دختر کم‌سن‌تر (اسم),小妹妹 (xiǎo mèimei) | 妹妹你好 (mèimei nǐ hǎo) | 这个妹妹 (zhège mèimei),小妹妹，你家在哪儿？,"Xiǎo mèimei, nǐ jiā zài nǎr?","دختر کوچولو، خانه‌ات کجاست؟",Address sense.
122,没事,méi shì,HSK 1,习用语,1,没有事情；没有问题或不要紧 (习用语),مشکلی نیست؛ اشکالی ندارد؛ چیزی نشده (عبارت),没事儿 (méi shìr) | 没事的 (méi shì de) | 真的没事 (zhēn de méi shì),A：对不起。B：没事。,A: Duìbuqǐ. B: Méi shì.,الف: ببخشید. ب: اشکالی ندارد.,
122,没事,méi shì,HSK 1,习用语,2,没有要做的事；有空 (习用语),کاری نداشتن؛ بیکار بودن؛ وقت آزاد داشتن (عبارت),今天没事 (jīntiān méi shì) | 没事做 (méi shì zuò) | 没事的时候 (méi shì de shíhou),我下午没事，可以去看你。,"Wǒ xiàwǔ méi shì, kěyǐ qù kàn nǐ.",من بعدازظهر کاری ندارم و می‌توانم به دیدنت بیایم.,
123,没有,méiyǒu,HSK 1,动、副,1,表示不存在或不具有 (动),نداشتن؛ وجود نداشتن (فعل),没有钱 (méiyǒu qián) | 没有时间 (méiyǒu shíjiān) | 没有问题 (méiyǒu wèntí),我今天没有时间。,Wǒ jīntiān méiyǒu shíjiān.,من امروز وقت ندارم.,
123,没有,méiyǒu,HSK 1,动、副,2,表示动作没有发生或没有完成 (副),نه؛ هنوز انجام نشده؛ برای منفی کردن عمل در گذشته یا حال (قید),没有吃饭 (méiyǒu chī fàn) | 没有看见 (méiyǒu kànjiàn) | 没有去 (méiyǒu qù),他还没有回家。,Tā hái méiyǒu huí jiā.,او هنوز به خانه برنگشته است.,
123,没有,méiyǒu,HSK 1,动、副,3,用在比较句中，表示不如或达不到 (动),به اندازه‌ی؛ در مقایسه کمتر بودن از چیزی یا کسی (فعل),没有他高 (méiyǒu tā gāo) | 没有以前好 (méiyǒu yǐqián hǎo) | 没有这么贵 (méiyǒu zhème guì),这件衣服没有那件贵。,Zhè jiàn yīfu méiyǒu nà jiàn guì.,این لباس به گرانی آن یکی نیست.,Comparison structure usage.
124,们,men,HSK 1,助,1,用在人称代词或指人的名词后表示复数 (助),پسوند جمع برای ضمیرها یا اسم‌های انسان (حرف نشانه),我们 (wǒmen) | 你们 (nǐmen) | 孩子们 (háizimen),老师们都来了。,Lǎoshīmen dōu lái le.,معلم‌ها همه آمدند.,
125,面包,miànbāo,HSK 1,名,1,用面粉等做成并烤熟的食品 (名),"نان؛ خوراکی پخته‌شده از آرد، معمولاً نان غربی (اسم)",吃面包 (chī miànbāo) | 买面包 (mǎi miànbāo) | 一块面包 (yí kuài miànbāo),我早上吃面包。,Wǒ zǎoshang chī miànbāo.,من صبح‌ها نان می‌خورم.,
126,面条儿,miàntiáor,HSK 1,名,1,用面粉做成的细长条状食品 (名),نودل؛ رشته‌ی خوراکی آردی (اسم),吃面条儿 (chī miàntiáor) | 一碗面条儿 (yì wǎn miàntiáor) | 煮面条儿 (zhǔ miàntiáor),我想吃一碗面条儿。,Wǒ xiǎng chī yì wǎn miàntiáor.,می‌خواهم یک کاسه نودل بخورم.,
127,米饭,mǐfàn,HSK 1,名,1,用大米煮成的饭 (名),برنج پخته؛ پلو ساده (اسم),吃米饭 (chī mǐfàn) | 一碗米饭 (yì wǎn mǐfàn) | 米饭和菜 (mǐfàn hé cài),中国人常常吃米饭。,Zhōngguó rén chángcháng chī mǐfàn.,چینی‌ها اغلب برنج می‌خورند.,
128,明年,míngnián,HSK 1,名,1,今年的下一年 (名),سال آینده؛ سال بعد از امسال (اسم زمان),明年见 (míngnián jiàn) | 明年夏天 (míngnián xiàtiān) | 明年去中国 (míngnián qù Zhōngguó) | 明年开始 (míngnián kāishǐ),我明年去中国学习。,Wǒ míngnián qù Zhōngguó xuéxí.,من سال آینده برای یادگیری زبان چینی به چین می‌روم.,
129,明天,míngtiān,HSK 1,名,1,今天的下一天 (名),فردا؛ روز بعد از امروز (اسم زمان),明天上午 (míngtiān shàngwǔ) | 明天晚上 (míngtiān wǎnshang) | 明天见 (míngtiān jiàn) | 明天去学校 (míngtiān qù xuéxiào),我们明天上午有课。,Wǒmen míngtiān shàngwǔ yǒu kè.,ما فردا صبح کلاس داریم.,
129,明天,míngtiān,HSK 1,名,2,比喻未来或将来的日子 (名),"آینده؛ روزهای آینده، در کاربرد استعاری یا احساسی (اسم زمان)",美好的明天 (měihǎo de míngtiān) | 为了明天 (wèile míngtiān) | 明天会更好 (míngtiān huì gèng hǎo),我们相信明天会更好。,Wǒmen xiāngxìn míngtiān huì gèng hǎo.,ما باور داریم آینده بهتر خواهد بود.,"Figurative use; more common in slogans, songs, speeches or emotional writing."
130,名字,míngzi,HSK 1,名,1,人、事物或地方的名称 (名),"نام؛ اسم شخص، چیز یا مکان (اسم)",叫什么名字 (jiào shénme míngzi) | 我的名字 (wǒ de míngzi) | 写名字 (xiě míngzi),你的名字很好听。,Nǐ de míngzi hěn hǎotīng.,اسم تو خیلی قشنگ است.,
131,那,nà,HSK 1,代,1,指示较远的人、事物、时间或情况 (代),"آن؛ اشاره به شخص، چیز یا موقعیت دورتر (ضمیر اشاره)",那个人 (nà ge rén) | 那本书 (nà běn shū) | 那时候 (nà shíhou),那本书是我的。,Nà běn shū shì wǒ de.,آن کتاب مال من است.,
131,那,nà,HSK 1,代,2,承接上文，表示“那么、既然这样” (连/代),پس؛ در این صورت؛ برای ادامه دادن از گفته‌ی قبلی (حرف ربط/ضمیر),那好吧 (nà hǎo ba) | 那我们走吧 (nà wǒmen zǒu ba) | 那就这样 (nà jiù zhèyàng),那我们明天见吧。,Nà wǒmen míngtiān jiàn ba.,پس فردا همدیگر را ببینیم.,
132,哪,nǎ,HSK 1,代,1,询问在一定范围中的哪一个或哪一些 (代),کدام؛ کدام‌یک؛ برای پرسیدن انتخاب از میان چند گزینه یا یک محدوده (ضمیر پرسشی),哪本书 (nǎ běn shū) | 哪个人 (nǎ ge rén) | 哪一天 (nǎ yì tiān) | 哪个学校 (nǎ ge xuéxiào),你喜欢哪本书？,Nǐ xǐhuan nǎ běn shū?,کدام کتاب را دوست داری؟,
132,哪,nǎ,HSK 1,代,2,表示反问，用来否定或加强语气 (代/副),"در سؤال بلاغی برای انکار یا تأکید می‌آید؛ «مگر...؟»، «از کجا...؟»، «اصلاً...» (ضمیر/قید)",哪知道 (nǎ zhīdào) | 哪有时间 (nǎ yǒu shíjiān) | 哪能这样 (nǎ néng zhèyàng) | 哪会那么简单 (nǎ huì nàme jiǎndān),我哪知道这件事？,Wǒ nǎ zhīdào zhè jiàn shì?,من از کجا این موضوع را بدانم؟ / من چه می‌دانم؟, Rhetorical question use; often implies negation.
132,哪,nǎ,HSK 1,代,3,询问地点，常跟“儿、里、边”组成疑问词 (代),"کجا؛ برای پرسیدن مکان، در ترکیب‌هایی مثل 哪儿 و 哪里 (ضمیر پرسشی)",哪儿 (nǎr) | 哪里 (nǎlǐ) | 哪边 (nǎbian),你去哪儿？,Nǐ qù nǎr?,کجا می‌روی؟,
133,那边,nàbiān,HSK 1,代,1,离说话人较远的地方或方向 (代),آن طرف؛ آن سمت؛ مکان یا جهت دورتر از گوینده (ضمیر مکانی),去那边 (qù nàbiān) | 在那边 (zài nàbiān) | 那边的人 (nàbiān de rén) | 往那边走 (wǎng nàbiān zǒu),你先去那边等我。,Nǐ xiān qù nàbiān děng wǒ.,اول برو آن طرف منتظرم بمان.,
133,那边,nàbiān,HSK 1,代,2,指对方、另一方或某个单位、群体所在的一方 (代),"طرفِ مقابل؛ سمتِ آن شخص، گروه یا سازمان؛ از طرفِ آن‌ها (ضمیر مکانی/اشاری)",公司那边 (gōngsī nàbiān) | 学校那边 (xuéxiào nàbiān) | 你那边 (nǐ nàbiān) | 客户那边 (kèhù nàbiān),客户那边已经同意了。,Kèhù nàbiān yǐjīng tóngyì le.,طرفِ مشتری قبلاً موافقت کرده است.,Relational/place reference; 那边 often refers to the other party or their side.
134,那个,nàge,HSK 1,代,1,指较远的一个人或事物 (代),آن؛ آن یکی؛ اشاره به یک شخص یا چیز دورتر (ضمیر اشاره),那个学生 (nàge xuésheng) | 那个杯子 (nàge bēizi) | 那个地方 (nàge dìfang),那个杯子是你的。,Nàge bēizi shì nǐ de.,آن لیوان مال توست.,
134,那个,nàge,HSK 1,代,2,说话时用来停顿、犹豫或指代暂时想不起的事物 (代/语气词),اِم؛ آن چیز؛ برای مکث یا اشاره به چیزی که نامش را موقتاً به یاد نمی‌آوریم (ضمیر/حرف گفتاری),那个…… (nàge) | 那个什么 (nàge shénme) ,那个，你可以帮我一下吗？,"Nàge, nǐ kěyǐ bāng wǒ yíxià ma?","اِم، می‌توانی کمی به من کمک کنی؟",Colloquial filler/pronominal use.
135,哪个,nǎge,HSK 1,代,1,询问某一类中的哪一个人或事物 (代),کدام؛ کدام یکی از میان چند شخص یا چیز (ضمیر پرسشی),哪个人 (nǎge rén) | 哪个杯子 (nǎge bēizi) | 哪个学校 (nǎge xuéxiào),你要哪个杯子？,Nǐ yào nǎge bēizi?,کدام لیوان را می‌خواهی؟,
136,那里,nàlǐ,HSK 1,代,1,指离说话人较远的地方 (代),آنجا؛ آن مکانِ دورتر از گوینده (ضمیر مکانی),在那里 (zài nàlǐ) | 去那里 (qù nàlǐ) | 那里的人 (nàlǐ de rén) | 从那里来 (cóng nàlǐ lái),那里有一家饭店。,Nàlǐ yǒu yì jiā fàndiàn.,آنجا یک رستوران هست.,
136,那里,nàlǐ,HSK 1,代,2,指某人、某单位或某方面所在的地方、手中或负责范围 (代),پیشِ؛ نزدِ؛ در اختیارِ یا در محدودهٔ مسئولیتِ کسی/جایی (ضمیر مکانی/اشاری),老师那里 (lǎoshī nàlǐ) | 朋友那里 (péngyou nàlǐ) | 公司那里 (gōngsī nàlǐ) | 医生那里 (yīshēng nàlǐ),我的书还在朋友那里。,Wǒ de shū hái zài péngyou nàlǐ.,کتابم هنوز پیش دوستم است.,Relational location use; often means “at someone’s place / with someone / on someone’s side”.
137,哪里,nǎlǐ,HSK 1,代,1,询问地方；什么地方 (代),کجا؛ چه مکانی (ضمیر پرسشی),在哪里 (zài nǎlǐ) | 去哪里 (qù nǎlǐ) | 从哪里来 (cóng nǎlǐ lái),你家在哪里？,Nǐ jiā zài nǎlǐ?,خانه‌ات کجاست؟,
137,哪里,nǎlǐ,HSK 1,代,2,表示否定或谦虚，相当于“不”或“不敢当” (代/习用语),نه؛ کجا این‌طور است؛ برای انکار یا فروتنی در پاسخ به تعریف (عبارت/ضمیر),哪里哪里 (nǎlǐ nǎlǐ) | 哪里会 (nǎlǐ huì) | 哪里好 (nǎlǐ hǎo),A：你汉语说得很好。B：哪里哪里。,A: Nǐ Hànyǔ shuō de hěn hǎo. B: Nǎlǐ nǎlǐ.,"الف: چینی‌ات خیلی خوب است. ب: نه، این‌طورها هم نیست.",Polite modest response.
138,男,nán,HSK 1,形、名,1,男性的；用于说明人或动物的性别 (形),مذکر؛ مرد؛ برای نشان دادن جنسیت مردانهٔ انسان (صفت),男学生 (nán xuésheng) | 男老师 (nán lǎoshī) | 男朋友 (nán péngyou) | 男孩子 (nán háizi),我们班有十五个男学生。,Wǒmen bān yǒu shíwǔ ge nán xuésheng.,کلاس ما پانزده دانش‌آموز پسر دارد.,
138,男,nán,HSK 1,形、名,2,男性；男人或男孩 (名),مرد؛ پسر؛ فرد مذکر (اسم),男的 (nán de) | 男女 (nánnǚ) | 男人 (nánrén) ,这位是男的还是女的？,Zhè wèi shì nán de háishi nǚ de?,این شخص مرد است یا زن؟,
139,男朋友,nán péngyou,HSK 1,名,1,恋爱关系中的男性朋友 (名),دوست‌پسر؛ شریک عاطفی مرد (اسم),我的男朋友 (wǒ de nán péngyou) | 有男朋友 (yǒu nán péngyou) | 男朋友很忙 (nán péngyou hěn máng),她的男朋友是大学生。,Tā de nán péngyou shì dàxuéshēng.,دوست‌پسر او دانشجو است.,
140,那儿,nàr,HSK 1,代,1,指较远的地方；那里 (代),آنجا؛ آن محل دورتر (ضمیر مکانی),在那儿 (zài nàr) | 去那儿 (qù nàr) | 那儿有 (nàr yǒu),我在那儿等你。,Wǒ zài nàr děng nǐ.,من آنجا منتظرت می‌مانم.,
140,那儿,nàr,HSK 1,代,2,指某人那里或某个方面的所在地 (代),پیشِ او؛ نزدِ آن شخص یا سمتِ آن طرف (ضمیر مکانی),老师那儿 (lǎoshī nàr) | 朋友那儿 (péngyou nàr) | 我那儿 (wǒ nàr),书在老师那儿。,Shū zài lǎoshī nàr.,کتاب پیش معلم است.,Relational location use.
141,哪儿,nǎr,HSK 1,代,1,询问地方；什么地方 (代),کجا؛ چه جایی (ضمیر پرسشی),去哪儿 (qù nǎr) | 在哪儿 (zài nǎr) | 从哪儿来 (cóng nǎr lái),你去哪儿？,Nǐ qù nǎr?,کجا می‌روی؟,
141,哪儿,nǎr,HSK 1,代,2,表示否定或反问，意思是“不”或“没有那回事” (代),"کجا؛ برای انکار یا پرسش انکاری، یعنی «نه» یا «اصلاً این‌طور نیست» (ضمیر)",哪儿会 (nǎr huì) | 哪儿有 (nǎr yǒu) | 哪儿能 (nǎr néng),我哪儿会开车啊！,Wǒ nǎr huì kāichē a!,من کجا رانندگی بلدم!,Colloquial rhetorical use.
142,那些,nàxiē,HSK 1,代,1,指较远的或已提到、双方都知道的若干人、事物或情况 (代),"آن‌ها؛ آن چیزها؛ آن موارد، برای اشاره به چند شخص، چیز یا موضوع مشخص (ضمیر اشاره)",那些书 (nàxiē shū) | 那些人 (nàxiē rén) | 那些事 (nàxiē shì) | 那些问题 (nàxiē wèntí),那些书是老师的。,Nàxiē shū shì lǎoshī de.,آن کتاب‌ها مال معلم است.,
143,哪些,nǎxiē,HSK 1,代,1,询问多个或若干人、事物中的哪一些 (代),کدام‌ها؛ کدام چندتا؛ برای پرسیدن از میان چند شخص یا چیز (ضمیر پرسشی),哪些书 (nǎxiē shū) | 哪些人 (nǎxiē rén) | 哪些东西 (nǎxiē dōngxi),你想买哪些书？,Nǐ xiǎng mǎi nǎxiē shū?,می‌خواهی کدام کتاب‌ها را بخری؟,
144,呢,ne,HSK 1,助,1,用在名词、代词或短语后，表示承接上文询问同类情况 (助),"بعد از اسم، ضمیر یا عبارت می‌آید و سؤال قبلی را دربارهٔ موردی دیگر ادامه می‌دهد؛ «تو/او/آن یکی چطور؟» (حرف نشانه)",你呢 (nǐ ne) | 他呢 (tā ne) | 今天呢 (jīntiān ne) | 这个呢 (zhège ne),我喜欢喝茶，你呢？,"Wǒ xǐhuan hē chá, nǐ ne?","من چای دوست دارم، تو چطور؟",
144,呢,ne,HSK 1,助,2,用在名词、代词或短语后，询问某人或某物在哪里 (助),بعد از اسم یا ضمیر می‌آید و از محلِ شخص یا چیز می‌پرسد؛ «... کجاست؟» (حرف نشانه),我的书呢 (wǒ de shū ne) | 老师呢 (lǎoshī ne) | 你手机呢 (nǐ shǒujī ne) | 他呢 (tā ne),我的书呢？,Wǒ de shū ne?,کتابم کجاست؟,
144,呢,ne,HSK 1,助,3,用在句末，表示动作或状态正在进行或持续 (助),در پایان جمله می‌آید و نشان می‌دهد کاری یا وضعیتی همین حالا در جریان است یا ادامه دارد (حرف نشانه),看书呢 (kàn shū ne) | 吃饭呢 (chī fàn ne) | 忙着呢 (mángzhe ne) | 睡觉呢 (shuìjiào ne),别打电话，他睡觉呢。,"Bié dǎ diànhuà, tā shuìjiào ne.","زنگ نزن، او خواب است / دارد می‌خوابد.",
144,呢,ne,HSK 1,助,4,用在句末，强调事实、数量或程度，常带提醒、解释或反驳语气 (助),"در پایان جمله برای تأکید بر واقعیت، مقدار یا شدت می‌آید؛ با لحن یادآوری، توضیح یا ردّ تصور طرف مقابل (حرف نشانه)",还早呢 (hái zǎo ne) | 远着呢 (yuǎn zhe ne) | 多着呢 (duōzhe ne) | 好着呢 (hǎozhe ne),别急，时间还早呢。,"Bié jí, shíjiān hái zǎo ne.","عجله نکن، هنوز خیلی زود است.",
145,能,néng,HSK 1,动,1,有能力或技能做某事 (助动词),توانستن؛ توانایی یا مهارت انجام کاری را داشتن (فعل کمکی),能说汉语 (néng shuō Hànyǔ) | 能看见 (néng kànjiàn) | 能听懂 (néng tīng dǒng) | 能帮忙 (néng bāngmáng),我能听懂他说的话。,Wǒ néng tīng dǒng tā shuō de huà.,من می‌توانم حرف‌های او را بفهمم.,
145,能,néng,HSK 1,动,2,表示条件允许、许可或事情有实现的可能 (助动词),ممکن بودن؛ شدنی بودن؛ اجازه داشتن یا امکان انجام/رخ دادن چیزی بر اساس شرایط (فعل کمکی),能进去 (néng jìnqù) | 不能拍照 (bù néng pāizhào) | 能解决 (néng jiějué) | 能不能来 (néng bu néng lái),这里不能停车。,Zhèlǐ bù néng tíngchē.,اینجا پارک کردن ممنوع است.,
146,你,nǐ,HSK 1,代,1,第二人称代词，指说话的对象 (代),تو؛ ضمیر دوم‌شخص مفرد (ضمیر),你好 (nǐ hǎo) | 你们 (nǐmen) | 你的书 (nǐ de shū),你叫什么名字？,Nǐ jiào shénme míngzi?,اسم تو چیست؟,
147,你好,nǐ hǎo,HSK 1,习用语,1,见面或打招呼时使用的礼貌用语 (习用语),سلام؛ عبارت مؤدبانه برای احوال‌پرسی یا آغاز گفتگو (عبارت),"老师你好 (lǎoshī nǐ hǎo) | 你好啊 (nǐ hǎo a) | 你好，请问 (nǐ hǎo, qǐngwèn)",你好，我叫王明。,"Nǐ hǎo, wǒ jiào Wáng Míng.","سلام، اسم من وانگ مینگ است.",
148,年,nián,HSK 1,名、量,1,时间单位，十二个月为一年 (名/量),سال؛ واحد زمان برابر با دوازده ماه (اسم/واحد شمارش),今年 (jīnnián) | 明年 (míngnián) | 一年 (yì nián) | 去年 (qùnián),我在中国住了一年。,Wǒ zài Zhōngguó zhù le yì nián.,من یک سال در چین زندگی کردم.,
148,年,nián,HSK 1,名、量,2,春节；新年期间 (名),"سال نو؛ عید سال نو، به‌ویژه دورهٔ سال نوی چینی (اسم)",过年 (guò nián) | 新年 (xīnnián) | 年夜饭 (niányèfàn) | 拜年 (bài nián),我们回家过年。,Wǒmen huí jiā guò nián.,ما برای سال نو به خانه برمی‌گردیم.,
149,你们,nǐmen,HSK 1,代,1,第二人称复数代词，指多个听话人 (代),شما؛ ضمیر دوم‌شخص جمع (ضمیر),你们好 (nǐmen hǎo) | 你们家 (nǐmen jiā) | 你们都 (nǐmen dōu),你们都喜欢看电影吗？,Nǐmen dōu xǐhuan kàn diànyǐng ma?,آیا شما همه فیلم دیدن را دوست دارید؟,
150,您,nín,HSK 1,代,1,第二人称敬称，用来尊敬地称呼对方 (代),شما؛ ضمیر دوم‌شخص محترمانه (ضمیر),您好 (nín hǎo) | 您贵姓 (nín guìxìng) | 请您坐 (qǐng nín zuò),请问您贵姓？,Qǐngwèn nín guìxìng?,"ببخشید، نام خانوادگی شما چیست؟",
151,牛奶,niúnǎi,HSK 1,名,1,牛的奶，常作为饮料或食品原料 (名),شیر گاو؛ شیر خوراکی (اسم),喝牛奶 (hē niúnǎi) | 一杯牛奶 (yì bēi niúnǎi) | 热牛奶 (rè niúnǎi),我每天早上喝一杯牛奶。,Wǒ měitiān zǎoshang hē yì bēi niúnǎi.,من هر روز صبح یک لیوان شیر می‌نوشم.,
152,女,nǚ,HSK 1,形、名,1,女性的；女人方面的 (形),زن؛ مؤنث؛ مربوط به زنان یا دختران (صفت),女老师 (nǚ lǎoshī) | 女学生 (nǚ xuésheng) | 女朋友 (nǚ péngyou),她是一位女老师。,Tā shì yí wèi nǚ lǎoshī.,او یک معلم زن است.,
152,女,nǚ,HSK 1,形、名,2,女性；女人 (名),زن؛ جنس مؤنث (اسم),男女 (nánnǚ) | 女的 (nǚ de) | 女人 (nǚrén),这个孩子是男的还是女的？,Zhège háizi shì nán de háishi nǚ de?,این بچه پسر است یا دختر؟,
153,女儿,nǚ'ér,HSK 1,名,1,父母所生的女性孩子 (名),دختر؛ فرزند دختر (اسم),我女儿 (wǒ nǚ'ér) | 有一个女儿 (yǒu yí ge nǚ'ér) ,我女儿今年六岁。,Wǒ nǚ'ér jīnnián liù suì.,دخترم امسال شش ساله است.,
154,女朋友,nǚ péngyou,HSK 1,名,1,恋爱关系中的女性朋友 (名),دوست‌دختر؛ شریک عاطفی زن (اسم),我的女朋友 (wǒ de nǚ péngyou) | 有女朋友 (yǒu nǚ péngyou) | 漂亮的女朋友 (piàoliang de nǚ péngyou),他的女朋友是大学生。,Tā de nǚ péngyou shì dàxuéshēng.,دوست‌دختر او دانشجو است.,
155,女士,nǚshì,HSK 1,名,1,对成年女性的礼貌称呼 (名),خانم؛ عنوان مؤدبانه برای زن بالغ (اسم),这位女士 (zhè wèi nǚshì) | 王女士 (Wáng nǚshì) | 女士们 (nǚshìmen),这位女士是我们的老师。,Zhè wèi nǚshì shì wǒmen de lǎoshī.,این خانم معلم ماست.,
156,朋友,péngyou,HSK 1,名,1,彼此有交情、关系好的人 (名),دوست؛ کسی که با او رابطه‌ی دوستانه داریم (اسم),好朋友 (hǎo péngyou) | 我的朋友 (wǒ de péngyou) | 交朋友 (jiāo péngyou),他是我的好朋友。,Tā shì wǒ de hǎo péngyou.,او دوست خوب من است.,
156,朋友,péngyou,HSK 1,名,2,恋爱对象，常见于“男朋友、女朋友” (名),"دوست عاطفی؛ شریک عاطفی، در ترکیب‌هایی مثل دوست‌پسر و دوست‌دختر (اسم)",男朋友 (nán péngyou) | 女朋友 (nǚ péngyou) | 有朋友了 (yǒu péngyou le),她有男朋友了。,Tā yǒu nán péngyou le.,او دوست‌پسر دارد.,Relationship sense; usually appears with 男/女.
157,便宜,piányi,HSK 1,形,1,价格低；不贵 (形),ارزان؛ کم‌قیمت؛ گران نبودن (صفت),很便宜 (hěn piányi) | 便宜一点儿 (piányi yìdiǎnr) | 便宜的衣服 (piányi de yīfu),这件衣服很便宜。,Zhè jiàn yīfu hěn piányi.,این لباس خیلی ارزان است.,
157,便宜,piányi,HSK 1,形,2,不应得的利益或好处 (名),سود یا منفعت آسان و ناعادلانه؛ چیزی مفت یا به نفع شخص (اسم),占便宜 (zhàn piányi) | 贪便宜 (tān piányi) | 小便宜 (xiǎo piányi),不要总想占别人的便宜。,Búyào zǒng xiǎng zhàn biéren de piányi.,همیشه دنبال سوءاستفاده از دیگران نباش.,Extended common noun sense.
158,漂亮,piàoliang,HSK 1,形,1,外表美丽、好看 (形),زیبا؛ قشنگ؛ خوش‌ظاهر (صفت),很漂亮 (hěn piàoliang) | 漂亮的衣服 (piàoliang de yīfu) | 漂亮的女孩 (piàoliang  de nǚhái),她的女儿很漂亮。,Tā de nǚ'ér hěn piàoliang.,دختر او خیلی زیباست.,
158,漂亮,piàoliang,HSK 1,形,2,事情做得好、出色 (形),عالی؛ خوب انجام‌شده؛ چشمگیر (صفت),干得漂亮 (gàn de piàoliang) | 漂亮地完成 (piàoliang de wánchéng) | 打得漂亮 (dǎ de piàoliang),这件事你做得很漂亮。,Zhè jiàn shì nǐ zuò de hěn piàoliang.,این کار را خیلی خوب انجام دادی.,Extended evaluative sense.
159,苹果,píngguǒ,HSK 1,名,1,一种圆形水果，味甜或微酸 (名),سیب؛ نوعی میوه گرد با مزه شیرین یا کمی ترش (اسم),吃苹果 (chī píngguǒ) | 一个苹果 (yí ge píngguǒ) | 买苹果 (mǎi píngguǒ),我每天吃一个苹果。,Wǒ měitiān chī yí ge píngguǒ.,من هر روز یک سیب می‌خورم.,
160,七,qī,HSK 1,数,1,数字七 (数),عدد هفت (عدد),七点 (qī diǎn) | 七个人 (qī ge rén) | 七月 (qī yuè),我们七点上课。,Wǒmen qī diǎn shàngkè.,ما ساعت هفت کلاس داریم.,
161,前,qián,HSK 1,方位词、名,1,位置在正面或靠近头的一边；跟“后”相对 (方位词),جلو؛ پیش؛ سمت مقابلِ پشت (اسم مکانی/جهتی),前面 (qiánmiàn) | 门前 (mén qián) | 往前走 (wǎng qián zǒu),学校前面有一家商店。,Xuéxiào qiánmiàn yǒu yì jiā shāngdiàn.,جلوی مدرسه یک فروشگاه هست.,
161,前,qián,HSK 1,方位词、名,2,时间较早；在某个时间之前 (名/方位词),قبل؛ پیش از؛ از نظر زمانی زودتر (اسم/حرف مکانی-زمانی),饭前 (fàn qián) | 上课前 (shàngkè qián),上课前请把书打开。,Shàngkè qián qǐng bǎ shū dǎkāi.,قبل از کلاس لطفاً کتاب را باز کنید.,
161,前,qián,HSK 1,方位词、名,3,表示顺序靠前或过去的阶段 (名/形),پیشین؛ قبلی؛ مرحله یا رتبه‌ی جلوتر (اسم/صفت),前天 (qiántiān) | 前年 (qiánnián) | 前三个 (qián sān ge),前两个问题很简单。,Qián liǎng ge wèntí hěn jiǎndān.,دو سؤال اول خیلی ساده‌اند.,Extended ordering sense.
162,钱,qián,HSK 1,名,1,货币；用于购买、支付或表示某项费用的东西 (名),پول؛ مبلغ؛ وسیلهٔ خرید و پرداخت یا هزینهٔ مربوط به چیزی (اسم),多少钱 (duōshao qián) | 有钱 (yǒu qián) | 花钱 (huā qián) | 饭钱 (fànqián) | 车钱 (chēqián),这本书多少钱？,Zhè běn shū duōshao qián?,این کتاب چقدر قیمت دارد؟,
163,千,qiān,HSK 1,数,1,数字一千；十个百 (数),هزار؛ عدد ۱۰۰۰ (عدد),一千 (yì qiān) | 三千块 (sān qiān kuài) ,这台电脑三千块。,Zhè tái diànnǎo sān qiān kuài.,این کامپیوتر سه هزار یوان است.,
164,起床,qǐchuáng,HSK 1,动宾短语,1,睡醒后从床上起来 (动),از خواب بلند شدن؛ از تخت بیرون آمدن (فعل),很早起床 (hěn zǎo qǐchuáng) | 起床以后 (qǐchuáng yǐhòu) | 七点起床 (qī diǎn qǐchuáng),我每天六点起床。,Wǒ měitiān liù diǎn qǐchuáng.,من هر روز ساعت شش از خواب بیدار می‌شوم.,
165,请,qǐng,HSK 1,动,1,表示礼貌地请求别人做某事 (动),لطفاً (فعل),请坐 (qǐng zuò) | 请进 (qǐng jìn) | 请说 (qǐng shuō),请坐。,Qǐng zuò.,لطفاً بنشینید.,
165,请,qǐng,HSK 1,动,2,邀请别人来或参加某事 (动),دعوت کردن (فعل),请朋友吃饭 (qǐng péngyou chī fàn) | 请老师来 (qǐng lǎoshī lái) | 请客 (qǐngkè),我请朋友来家里吃饭。,Wǒ qǐng péngyou lái jiā lǐ chī fàn.,من دوستم را دعوت کردم به خانه بیاید و غذا بخورد.,
165,请,qǐng,HSK 1,动,3,请人做某事或聘用某人 (动),"درخواست کردن، خواهش کردن (فعل)",请医生 (qǐng yīshēng) | 请老师 (qǐng lǎoshī) | 请人帮忙 (qǐng rén bāngmáng),我们请老师帮忙。,Wǒmen qǐng lǎoshī bāngmáng.,ما از معلم خواستیم کمک کند.,
166,请问,qǐngwèn,HSK 1,动,1,用于礼貌地向别人提问 (动/习用语),ببخشید؛ اجازه هست بپرسم؛ عبارت مؤدبانه برای سؤال کردن (فعل/عبارت),请问一下 (qǐngwèn yíxià) | 请问，您贵姓 (qǐngwèn， nín guìxìng) | 请问，怎么走 (qǐngwèn， zěnme zǒu),请问，商店在哪儿？,"Qǐngwèn, shāngdiàn zài nǎr?","ببخشید، فروشگاه کجاست؟",
167,去,qù,HSK 1,动,1,从说话人或当前地点到别的地方；离开当前地点去某处 (动),رفتن؛ از مکان گوینده یا محل فعلی به جای دیگر رفتن؛ ترک کردن محل فعلی برای رفتن به جایی (فعل),去学校 (qù xuéxiào) | 去中国 (qù Zhōngguó) | 去商店 (qù shāngdiàn) | 去医院 (qù yīyuàn),我明天去学校。,Wǒ míngtiān qù xuéxiào.,من فردا به مدرسه می‌روم.,
167,去,qù,HSK 1,动,2,用在动词后，表示动作向远离说话人或中心点的方向移动 (趋向补语),پس از فعل می‌آید و حرکت به سمت دورتر از گوینده یا نقطهٔ مرکزی را نشان می‌دهد (متمم جهت‌نما),出去 (chūqù) | 回去 (huíqù) | 进去 (jìnqù) | 拿去 (ná qù),他已经回去了。,Tā yǐjīng huíqù le.,او برگشته / رفته است.,
167,去,qù,HSK 1,动,3,除掉；去掉不需要的部分 (动),برداشتن؛ حذف کردن؛ جدا کردن بخش اضافه یا ناخواسته (فعل),去皮 (qù pí) | 去掉 (qùdiào) | 去除 (qùchú) | 去味儿 (qù wèir),吃苹果前可以先去皮。,Chī píngguǒ qián kěyǐ xiān qù pí.,قبل از خوردن سیب می‌توانی اول پوستش را بگیری.,
167,去,qù,HSK 1,动,4,用在动词前，表示去做某事 (动),رفتن برای انجام کاری؛ پیش از فعل می‌آید و هدف رفتن را نشان می‌دهد (فعل),去买东西 (qù mǎi dōngxi) | 去吃饭 (qù chīfàn) | 去看朋友 (qù kàn péngyou) | 去上课 (qù shàngkè),我们去吃饭吧。,Wǒmen qù chīfàn ba.,برویم غذا بخوریم.,
168,去年,qùnián,HSK 1,名,1,今年的前一年 (名),سال گذشته؛ پارسال (اسم زمان),去年夏天 (qùnián xiàtiān) | 去年冬天 (qùnián dōngtiān),我去年去了北京。,Wǒ qùnián qù le Běijīng.,من سال گذشته به پکن رفتم.,
169,热,rè,HSK 1,形,1,温度高；不凉；使人感觉暖或烫 (形),گرم؛ داغ؛ دارای دمای بالا یا باعث احساس گرما شدن (صفت),天气热 (tiānqì rè) | 很热 (hěn rè) | 热水 (rè shuǐ) | 热茶 (rè chá),今天很热，多喝点儿水。,"Jīntiān hěn rè, duō hē diǎnr shuǐ.","امروز هوا خیلی گرم است، بیشتر آب بخور.",
169,热,rè,HSK 1,形,2,物体或环境中的高温；热量 (名),"گرما؛ حرارت؛ دمای بالا در بدن، هوا یا چیزها (اسم)",发热 (fārè) | 散热 (sànrè) | 怕热 (pà rè),电脑用久了会发热。,Diànnǎo yòng jiǔ le huì fārè.,"کامپیوتر اگر مدت زیادی استفاده شود، گرم می‌شود / حرارت تولید می‌کند.",
169,热,rè,HSK 1,形,3,使食物、饮料等变热 (动),"گرم کردن؛ غذا، نوشیدنی و مانند آن را گرم کردن (فعل)",把饭热一下 (bǎ fàn rè yíxià) | 把菜热一下 (bǎ cài rè yíxià) | 热一杯牛奶 (rè yì bēi niúnǎi) | 热一下汤 (rè yíxià tāng),饭有点儿凉了，我去热一下。,"Fàn yǒudiǎnr liáng le, wǒ qù rè yíxià.","غذا کمی سرد شده، می‌روم گرمش کنم.",
170,人,rén,HSK 1,名,1,人类个体；泛指人或人们 (名),انسان؛ آدم؛ شخص؛ مردم (اسم),一个人 (yí ge rén) | 很多人 (hěn duō rén) | 中国人 (Zhōngguó rén) | 年轻人 (niánqīng rén),教室里有很多人。,Jiàoshì lǐ yǒu hěn duō rén.,در کلاس آدم‌های زیادی هستند.,
170,人,rén,HSK 1,名,2,指某个集体、地方或方面中的成员 (名),"عضو؛ نفرِ متعلق به یک گروه، سازمان یا طرف مشخص (اسم)",公司的人 (gōngsī de rén) | 我们的人 (wǒmen de rén) | 那边的人 (nàbiān de rén) | 家里人 (jiālǐ rén),他是我们公司的人。,Tā shì wǒmen gōngsī de rén.,او از افراد شرکت ماست.,
170,人,rén,HSK 1,名,3,指人的品格、性格或为人处世的样子 (名),شخصیت؛ منش؛ اخلاق و رفتار یک فرد (اسم),人很好 (rén hěn hǎo) | 人不错 (rén búcuò) | 做人 (zuòrén) ,他人很好，大家都喜欢他。,"Tā rén hěn hǎo, dàjiā dōu xǐhuan tā.",او آدم خوبی است و همه دوستش دارند.,
170,人,rén,HSK 1,名,4,指本人或身体状况 (名),"خودِ شخص؛ خودِ فرد از نظر حضور، سلامتی یا وضعیت (اسم)",人不舒服 (rén bù shūfu) | 人在这里 (rén zài zhèlǐ) | 人不在 (rén bú zài) | 人没事 (rén méi shì),人没事就好。,Rén méi shì jiù hǎo.,مهم این است که خودِ شخص سالم باشد.,
171,认识,rènshi,HSK 1,动、名,1,知道某人是谁；与某人有交往或联系 (动),شناختن؛ آشنا بودن یا آشنا شدن با یک شخص (فعل),认识老师 (rènshi lǎoshī) | 认识朋友 (rènshi péngyou) | 不认识他 (bù rènshi tā) | 很高兴认识你 (hěn gāoxìng rènshi nǐ),我认识他的哥哥。,Wǒ rènshi tā de gēge.,من برادر او را می‌شناسم.,
171,认识,rènshi,HSK 1,动、名,2,了解、理解或辨认事物、情况、问题等 (动),"شناختن؛ درک کردن؛ فهمیدن یا تشخیص دادنِ چیزی، موضوعی یا وضعیتی (فعل)",认识汉字 (rènshi Hànzì) | 认识问题 (rènshi wèntí) | 认识错误 (rènshi cuòwù) | 认识形势 (rènshi xíngshì),我们要正确认识这个问题。,Wǒmen yào zhèngquè rènshi zhège wèntí.,باید این مسئله را درست درک کنیم.,
171,认识,rènshi,HSK 1,动、名,3,对事物的理解、看法或了解程度 (名),شناخت؛ آگاهی؛ درک یا دیدگاه نسبت به یک موضوع (اسم),提高认识 (tígāo rènshi) | 统一认识 (tǒngyī rènshi) | 正确认识 (zhèngquè rènshi) | 新的认识 (xīn de rènshi),我们对这个问题有了新的认识。,Wǒmen duì zhège wèntí yǒu le xīn de rènshi.,ما نسبت به این مسئله به شناخت تازه‌ای رسیدیم.,Formal written noun use.
172,日,rì,HSK 1,名,1,太阳，多用于构词 (语素),"خورشید؛ آفتاب، بیشتر در ترکیب‌ها و واژه‌سازی (تکواژ)",日出 (rìchū) | 日光 (rìguāng) | 日落 (rìluò) | 烈日 (lièrì),我们早上看日出。,Wǒmen zǎoshang kàn rìchū.,ما صبح طلوع خورشید را تماشا می‌کنیم.,Usually appears in compounds; modern spoken Chinese normally uses 太阳.
172,日,rì,HSK 1,名,2,日期中的“日” (名),روزِ ماه؛ بخش روز در تاریخ (اسم زمان),三月五日 (sān yuè wǔ rì) | 十五日 (shíwǔ rì) | 本月十日 (běn yuè shí rì),今天是六月三日。,Jīntiān shì liù yuè sān rì.,امروز سوم ژوئن است.,
172,日,rì,HSK 1,名,3,一昼夜；一天 (名/量),روز؛ یک شبانه‌روز (اسم/واحد شمارش),一日 (yí rì) | 每日 (měirì) | 今日 (jīnrì) | 日夜 (rìyè),一日三餐很重要。,Yí rì sān cān hěn zhòngyào.,سه وعده غذا در روز مهم است.,
173,三,sān,HSK 1,数,1,数字三 (数),عدد سه (عدد),三点 (sān diǎn) | 三个人 (sān ge rén) | 三本书 (sān běn shū),我有三本书。,Wǒ yǒu sān běn shū.,من سه کتاب دارم.,
174,上,shàng,HSK 1,方位词、动,1,位置在高处或物体表面；跟“下”相对 (方位词),"بالا؛ روی؛ بالای چیزی یا روی سطح چیزی، در برابر «پایین» (اسم مکانی/جهتی)",桌子上 (zhuōzi shang) | 楼上 (lóu shàng) | 上面 (shàngmiàn) | 山上 (shān shang),书在桌子上。,Shū zài zhuōzi shang.,کتاب روی میز است.,
174,上,shàng,HSK 1,方位词、动,2,时间、顺序或等级在前、较早或较高 (方位词/形),"قبلی؛ پیشین؛ بالاتر از نظر زمان، ترتیب یا رتبه (اسم جهتی/صفت)",上个月 (shàng ge yuè) | 上次 (shàng cì) | 上一课 (shàng yí kè) | 上级 (shàngjí),上次我没听懂。,Shàng cì wǒ méi tīng dǒng.,دفعهٔ قبل متوجه نشدم.,
174,上,shàng,HSK 1,方位词、动,3,由低处到高处；向上移动 (动),بالا رفتن؛ از جای پایین‌تر به جای بالاتر رفتن (فعل),上楼 (shàng lóu) | 上山 (shàng shān) | 上电梯 (shàng diàntī) | 往上走 (wǎng shàng zǒu),我们一起上楼吧。,Wǒmen yìqǐ shàng lóu ba.,بیا با هم بالا برویم.,
174,上,shàng,HSK 1,方位词、动,4,进入交通工具或某种空间、平台 (动),"سوار شدن؛ وارد وسیلهٔ نقلیه، مکان یا فضای خاص شدن (فعل)",上车 (shàng chē) | 上飞机 (shàng fēijī) | 上船 (shàng chuán) | 上台 (shàng tái),请快上车。,Qǐng kuài shàng chē.,لطفاً زود سوار شوید.,
174,上,shàng,HSK 1,方位词、动,5,参加学习、工作或固定活动 (动),"رفتن به کلاس، مدرسه یا سر کار؛ شرکت کردن در فعالیت منظم (فعل)",上课 (shàngkè) | 上学 (shàngxué) | 上班 (shàngbān) | 上夜班 (shàng yèbān),我们八点上课。,Wǒmen bā diǎn shàngkè.,ما ساعت هشت کلاس داریم.,
174,上,shàng,HSK 1,方位词、动,6,把东西放到、装到或加到某处 (动),"گذاشتن؛ نصب کردن؛ چیزی را روی یک سطح، عضو بدن، شیء یا سیستم قرار دادن/اعمال کردن تا اثرش برقرار شود. (فعل)",上锁 (shàng suǒ) | 上药 (shàng yào) | 上颜色 (shàng yánsè) |  上漆 (shàng qī),医生给伤口上了药。,Yīshēng gěi shāngkǒu shàng le yào.,دکتر روی زخم دارو گذاشت.,
174,上,shàng,HSK 1,方位词、动,7,端上、送上食物或服务 (动),آوردن یا سرو کردن غذا و نوشیدنی (فعل),上菜 (shàng cài) | 上茶 (shàng chá) | 上饭 (shàng fàn) | 上酒 (shàng jiǔ),服务员正在上菜。,Fúwùyuán zhèngzài shàng cài.,گارسون دارد غذا را سرو می‌کند.,
174,上,shàng,HSK 1,方位词、动,8,连接、登录或使用网络、系统等 (动),"وصل شدن یا وارد شدن به اینترنت، سیستم یا پلتفرم (فعل)",上网 (shàng wǎng) | 上微信 (shàng Wēixìn) | 上网站 (shàng wǎngzhàn) | 上系统 (shàng xìtǒng),我晚上常常上网看新闻。,Wǒ wǎnshang chángcháng shàng wǎng kàn xīnwén.,شب‌ها اغلب اینترنت می‌روم و خبر می‌خوانم.,
174,上,shàng,HSK 1,方位词、动,9,达到一定数量、程度或标准 (动),"بیش از...، رسیدن به مقدار، سطح یا حد مشخص (فعل)",上百人 (shàng bǎi rén) | 上千元 (shàng qiān yuán) | 上万 (shàng wàn) ,这次活动有上千人参加。,Zhè cì huódòng yǒu shàng qiān rén cānjiā.,در این برنامه بیش از هزار نفر شرکت کردند.,
174,上,shàng,HSK 1,方位词、动,10,用在动词后，表示动作结果达到附着、关闭、结合或开始某种状态 (结果补语),"پس از فعل می‌آید و نتیجه‌ای مثل چسبیدن، بسته شدن، وصل شدن یا وارد حالتی شدن را نشان می‌دهد (متمم نتیجه)",关上门 (guān shang mén) | 穿上衣服 (chuān shang yīfu) | 爱上他 (ài shang tā) | 贴上标签 (tiē shang biāoqiān),请把门关上。,Qǐng bǎ mén guān shang.,لطفاً در را ببند.,Resultative complement use; often pronounced neutral “shang”.
175,上班,shàngbān,HSK 1,动宾短语,1,到工作单位工作；开始工作 (动),سر کار رفتن (فعل),去上班 (qù shàngbān) | 上班时间 (shàngbān shíjiān) | 每天上班 (měitiān shàngbān),我每天八点上班。,Wǒ měitiān bā diǎn shàngbān.,من هر روز ساعت هشت سر کار می‌روم.,
175,上班,shàngbān,HSK 1,动宾短语,2,在规定工作时间内工作 (动),در ساعات کاری مشغول کار بودن (فعل),正在上班 (zhèngzài shàngbān) | 上班的时候 (shàngbān de shíhou) | 上班很忙 (shàngbān hěn máng),他现在正在上班。,Tā xiànzài zhèngzài shàngbān.,او الان سر کار است.,
176,商店,shāngdiàn,HSK 1,名,1,卖东西的地方；店铺 (名),فروشگاه؛ مغازه؛ جایی برای فروش کالا (اسم),去商店 (qù shāngdiàn) | 商店里 (shāngdiàn lǐ) | 一家商店 (yì jiā shāngdiàn),学校旁边有一家商店。,Xuéxiào pángbiān yǒu yì jiā shāngdiàn.,کنار مدرسه یک فروشگاه هست.,
177,上课,shàngkè,HSK 1,动宾短语,1,学生听课或老师讲课；也表示课堂开始或正在进行 (动),"کلاس داشتن؛ سر کلاس بودن؛ برای دانش‌آموز یعنی سر کلاس رفتن/درس خواندن، و برای معلم یعنی درس دادن؛ همچنین برای شروع یا در جریان بودن کلاس (فعل)",八点上课 (bā diǎn shàngkè) | 去上课 (qù shàngkè) | 正在上课 (zhèngzài shàngkè) | 上汉语课 (shàng Hànyǔ kè) | 给学生上课 (gěi xuéshēng shàngkè),我们上午九点上课。,Wǒmen shàngwǔ jiǔ diǎn shàngkè.,ما صبح ساعت نه کلاس داریم.,
178,上午,shàngwǔ,HSK 1,名,1,从早晨到中午以前的一段时间 (名),صبح؛ قبل از ظهر (اسم زمان),今天上午 (jīntiān shàngwǔ) | 明天上午 (míngtiān shàngwǔ) | 上午九点 (shàngwǔ jiǔ diǎn),我上午有汉语课。,Wǒ shàngwǔ yǒu Hànyǔ kè.,من صبح کلاس چینی دارم.,
179,上学,shàngxué,HSK 1,动宾短语,1,去学校学习；到学校上课 (动),به مدرسه رفتن؛ برای کلاس/درس به مدرسه رفتن (فعل),去上学 (qù shàngxué) | 上学时间 (shàngxué shíjiān) | 早上上学 (zǎoshang shàngxué) | 孩子上学 (háizi shàngxué),孩子们七点去上学。,Háizimen qī diǎn qù shàngxué.,بچه‌ها ساعت هفت به مدرسه می‌روند.,
179,上学,shàngxué,HSK 1,动宾短语,2,在学校读书；接受学校教育 (动),دانش‌آموز/دانشجو بودن؛ در مدرسه یا دانشگاه تحصیل کردن (فعل),正在上学 (zhèngzài shàngxué) | 还在上学 (hái zài shàngxué) | 上小学 (shàng xiǎoxué) | 上大学 (shàng dàxué),我女儿今年开始上学了。,Wǒ nǚ'ér jīnnián kāishǐ shàngxué le.,دخترم امسال مدرسه رفتن را شروع کرده است.,
180,少,shǎo,HSK 1,形、动,1,数量小；不多 (形),کم؛ اندک؛ تعداد یا مقدارش زیاد نبودن (صفت),人少 (rén shǎo) | 钱少 (qián shǎo) | 东西少 (dōngxi shǎo) | 很少 (hěn shǎo),今天商店里人很少。,Jīntiān shāngdiàn lǐ rén hěn shǎo.,امروز در فروشگاه آدم خیلی کم است.,
180,少,shǎo,HSK 1,形、动,2,缺少；不够；少了应有的部分 (动),کم داشتن؛ کم بودن؛ چیزی از مقدار لازم یا کامل کم بودن (فعل),少一个人 (shǎo yí ge rén) | 少一本书 (shǎo yì běn shū) | 少十块钱 (shǎo shí kuài qián) | 少东西 (shǎo dōngxi),我们还少一个人。,Wǒmen hái shǎo yí ge rén.,ما هنوز یک نفر کم داریم.,
180,少,shǎo,HSK 1,形、动,3,减少做某事的次数、数量或程度 (副/动),"کمتر؛ کمتر انجام دادن، کمتر مصرف کردن یا مقدار کاری را کم کردن (قید/فعل)",少吃糖 (shǎo chī táng) | 少喝咖啡 (shǎo hē kāfēi) | 少说话 (shǎo shuōhuà) | 少花钱 (shǎo huā qián),晚上要少喝咖啡。,Wǎnshang yào shǎo hē kāfēi.,شب‌ها باید کمتر قهوه بخوری.,
180,少,shǎo,HSK 1,形、动,4,遗漏；没有写、说或做应有的部分 (动),"جا انداختن؛ چیزی را ننوشته، نگفته یا انجام نداده گذاشتن (فعل)",少写一个字 (shǎo xiě yí ge zì) | 少说一句 (shǎo shuō yí jù) | 少做一题 (shǎo zuò yì tí) | 少填一项 (shǎo tián yí xiàng),你少写了一个字。,Nǐ shǎo xiě le yí ge zì.,تو یک کاراکتر را جا انداخته‌ای.,
181,谁,shéi,HSK 1,代,1,询问人；什么人 (代),چه کسی؛ کی (ضمیر پرسشی),谁来 (shéi lái) | 谁的书 (shéi de shū) | 你是谁 (nǐ shì shéi),你是谁？,Nǐ shì shéi?,تو کی هستی؟,
181,谁,shéi,HSK 1,代,2,和“都、也”等连用，表示任指或全包括 (代),"هر کسی؛ هیچ‌کس، بسته به مثبت یا منفی بودن جمله، مخصوصاً همراه با 都 یا 也 (ضمیر)",谁都可以 (shéi dōu kěyǐ) | 谁也不知道 (shéi yě bù zhīdào) | 谁来都行 (shéi lái dōu xíng),谁都可以参加。,Shéi dōu kěyǐ cānjiā.,هر کسی می‌تواند شرکت کند.,
182,生病,shēng bìng,HSK 1,动宾短语,1,身体不舒服，得了病 (动),بیمار شدن؛ مریض شدن (فعل),生病了 (shēng bìng le) | 孩子生病 (háizi shēng bìng) | 生病住院 (shēng bìng zhùyuàn),他昨天生病了。,Tā zuótiān shēng bìng le.,او دیروز مریض شد.,
183,什么,shénme,HSK 1,代,1,询问事物、内容、性质、原因或情况 (代),"چه؛ چه چیزی؛ چه جور/چه نوع؛ برای پرسیدن دربارهٔ چیز، نام، نوع، دلیل یا وضعیت (ضمیر پرسشی)",什么书 (shénme shū) | 什么名字 (shénme míngzi) | 什么东西 (shénme dōngxi) ,这是什么？,Zhè shì shénme?,این چیست؟,
183,什么,shénme,HSK 1,代,2,表示不确定的事物、人或情况 (代),"چیزی؛ یک چیزی؛ موردی نامشخص، وقتی دقیق نمی‌دانیم یا مهم نیست چه چیزی باشد (ضمیر)",买点什么 (mǎi diǎn shénme) | 有什么事 (yǒu shénme shì) | 吃点什么 (chī diǎn shénme) | 说些什么 (shuō xiē shénme),我想买点什么吃。,Wǒ xiǎng mǎi diǎn shénme chī.,می‌خواهم یک چیزی برای خوردن بخرم.,
183,什么,shénme,HSK 1,代,3,和“都、也”等连用，表示任指或全部包括 (代),"هر چیزی؛ هرچه؛ هیچ چیز، وقتی با 都 یا 也 می‌آید و همهٔ موارد را شامل می‌کند یا نفی کامل می‌سازد (ضمیر)",什么都可以 (shénme dōu kěyǐ) | 什么都不知道 (shénme dōu bù zhīdào) | 什么也没买 (shénme yě méi mǎi) | 什么都不怕 (shénme dōu bú pà),他什么都不知道。,Tā shénme dōu bù zhīdào.,او هیچ چیز نمی‌داند.,
183,什么,shénme,HSK 1,代,4,用在反问句或感叹句中，表示否定、不满、责问、惊讶或反驳 (代),"در جملهٔ اعتراضی یا سؤال بلاغی می‌آید و معمولاً یعنی «چرا...؟»، «چه معنی دارد...؟»، «دیگر چه...؟»، یا «اصلاً این‌طور نیست»؛ برای اعتراض، سرزنش، تعجب یا رد حرف طرف مقابل (ضمیر)",怕什么 (pà shénme) | 急什么 (jí shénme) | 笑什么 (xiào shénme) | 什么不懂 (shénme bù dǒng),你急什么？时间还早呢。,Nǐ jí shénme? Shíjiān hái zǎo ne.,چرا عجله می‌کنی؟ هنوز زود است.,"Colloquial rhetorical use; can express blame, surprise, denial or disagreement."
183,什么,shénme,HSK 1,代,5,用在并列成分前，表示列举不尽或泛指同类事物 (代),برای فهرست کردن چند نمونه می‌آید و یعنی «مثلِ... و... و از این جور چیزها»؛ نشان می‌دهد موارد دیگری هم از همان نوع وجود دارد (ضمیر),什么篮球啊 (shénme lánqiú a) | 什么足球啊 (shénme zúqiú a) | 什么电影啊 (shénme diànyǐng a),什么篮球啊、足球啊，他都喜欢。,"Shénme lánqiú a, zúqiú a, tā dōu xǐhuan.",بسکتبال و فوتبال و این جور چیزها را همه دوست دارد.,Colloquial listing use; optional but useful for fuller dictionary coverage.
184,十,shí,HSK 1,数,1,数字十 (数),عدد ده (عدد),十个人 (shí ge rén) | 十点 (shí diǎn) | 十本书 (shí běn shū),现在十点了。,Xiànzài shí diǎn le.,الان ساعت ده است.,
185,事,shì,HSK 1,名,1,事情；发生的情况、事件或谈到的内容 (名),موضوع؛ ماجرا؛ اتفاق؛ چیزی که رخ داده یا درباره‌اش حرف می‌زنیم (اسم),一件事 (yí jiàn shì) | 这件事 (zhè jiàn shì) | 那件事 (nà jiàn shì) | 事情 (shìqing),这件事很重要。,Zhè jiàn shì hěn zhòngyào.,این موضوع خیلی مهم است.,
185,事,shì,HSK 1,名,2,需要做、处理或负责的事情 (名),"کار؛ کاری که باید انجام، رسیدگی یا مدیریت شود؛ وظیفه یا مسئولیت (اسم)",有事要做 (yǒu shì yào zuò) | 做事 (zuò shì) | 家里的事 (jiālǐ de shì) | 工作上的事 (gōngzuò shang de shì),我今天有很多事要做。,Wǒ jīntiān yǒu hěn duō shì yào zuò.,امروز کارهای زیادی برای انجام دادن دارم.,
185,事,shì,HSK 1,名,3,问题、麻烦或意外情况 (名),مشکل؛ دردسر؛ اتفاق ناخوشایند یا غیرمنتظره (اسم),出事 (chū shì) | 惹事 (rě shì) | 没事 (méi shì) | 有事吗 (yǒu shì ma),别担心，他没事。,"Bié dānxīn, tā méi shì.","نگران نباش، او مشکلی ندارد / حالش خوب است.",
185,事,shì,HSK 1,名,4,关系、责任或管辖范围，常用于“关……的事” (名),ربط؛ مسئولیت؛ چیزی که به کسی مربوط است یا در حوزهٔ مسئولیت اوست (اسم),关我的事 (guān wǒ de shì) | 不关你的事 (bù guān nǐ de shì) | 这是他的事 (zhè shì tā de shì) | 自己的事 (zìjǐ de shì),这不关你的事。,Zhè bù guān nǐ de shì.,این به تو ربطی ندارد.,
186,是,shì,HSK 1,动,1,表示判断、说明身份、性质、类别或关系 (动),"بودن؛ است؛ برای معرفی، برابر دانستن، توضیح هویت، نوع یا رابطهٔ چیزی (فعل)",是老师 (shì lǎoshī) | 是学生 (shì xuésheng) | 这是 (zhè shì) | 是我的书 (shì wǒ de shū),他是我的老师。,Tā shì wǒ de lǎoshī.,او معلم من است.,
186,是,shì,HSK 1,动,2,表示某处存在或呈现某物、某种情况 (动),بودن؛ قرار داشتن؛ وجود داشتن چیزی یا وضعیتی در جایی (فعل),前面是花园 (qiánmiàn shì huāyuán) | 旁边是学校 (pángbiān shì xuéxiào) | 外面是马路 (wàimiàn shì mǎlù) | 里面是水 (lǐmiàn shì shuǐ),宿舍前面是花园。,Sùshè qiánmiàn shì huāyuán.,جلوی خوابگاه باغچه/باغ است.,
186,是,shì,HSK 1,动,3,表示肯定、确认或答应 (动/叹),"بله؛ درست است؛ برای تأیید، قبول کردن یا جواب مثبت دادن (فعل/حرف پاسخ)",是的 (shì de) | 是啊 (shì a) | 是是是 (shì shì shì) | 不是 (bú shì),A：你是学生吗？B：是的。,A: Nǐ shì xuésheng ma? B: Shì de.,الف: تو دانش‌آموزی؟ ب: بله.,
186,是,shì,HSK 1,动,4,表示正确、真实或符合事实 (形/动),درست بودن؛ صحیح بودن؛ مطابق واقع بودن (صفت/فعل),说的是 (shuō de shì) | 你说的是 (nǐ shuō de shì) | 是与非 (shì yǔ fēi) | 自以为是 (zì yǐwéi shì),你说的是，这件事我没想清楚。,"Nǐ shuō de shì, zhè jiàn shì wǒ méi xiǎng qīngchu.",حرفت درست است؛ من دربارهٔ این موضوع خوب فکر نکرده بودم.,
186,是,shì,HSK 1,动,5,用于“是……的”结构，强调动作的时间、地点、方式或执行者 (动),"در ساختار «是...的» برای تأکید بر زمان، مکان، روش یا انجام‌دهندهٔ کار می‌آید (فعل/نشانهٔ تأکید)",是我买的 (shì wǒ mǎi de) | 是昨天来的 (shì zuótiān lái de) | 是在北京认识的 (shì zài Běijīng rènshi de),这本书是我买的。,Zhè běn shū shì wǒ mǎi de.,این کتاب را من خریده‌ام.,
186,是,shì,HSK 1,动,6,用在谓语前，加强肯定或强调语气 (副/动),قبل از گزاره می‌آید و تأکید می‌کند که چیزی واقعاً چنین است؛ «واقعاً/درست است که/در واقع» (قید/فعل),是很好 (shì hěn hǎo) | 是不知道 (shì bù zhīdào) | 是有点儿贵 (shì yǒudiǎnr guì) | 是不容易 (shì bù róngyì),他是不知道这件事。,Tā shì bù zhīdào zhè jiàn shì.,او واقعاً از این موضوع خبر ندارد.,
186,是,shì,HSK 1,动,7,用于“A是A，可/但是……”结构，先承认事实，再转折说明 (动),"در ساختار «A 是 A، اما...» می‌آید؛ اول چیزی را می‌پذیرد و بعد نکتهٔ مخالف یا محدودکننده‌ای اضافه می‌کند (فعل/نشانه)",旧是旧 (jiù shì jiù) | 好是好 (hǎo shì hǎo) | 贵是贵 (guì shì guì) | 难是难 (nán shì nán),这东西旧是旧，可还能用。,"Zhè dōngxi jiù shì jiù, kě hái néng yòng.","این وسیله درست است که کهنه است، ولی هنوز قابل استفاده است.",
186,是,shì,HSK 1,动,8,用于选择问句中，引出一种选择 (动/助词),در پرسش انتخابی می‌آید و یکی از گزینه‌ها را مطرح می‌کند؛ «آیا ... یا ...؟» (فعل/نشانه),是去还是不去 (shì qù háishi bú qù) | 是今天还是明天 (shì jīntiān háishi míngtiān) | 是你还是他 (shì nǐ háishi tā),你是今天走还是明天走？,Nǐ shì jīntiān zǒu háishi míngtiān zǒu?,تو امروز می‌روی یا فردا؟,
187,时候,shíhou,HSK 1,名,1,某个时间点或一段时间；也用于“……的时候”表示某事发生的时间 (名),وقت؛ زمان؛ موقع؛ همچنین در ساختار «...的时候» یعنی «وقتی که...» یا «هنگامِ...» (اسم زمان),什么时候 (shénme shíhou) | 小时候 (xiǎo shíhou) | 吃饭的时候 (chī fàn de shíhou) | 上课的时候 (shàngkè de shíhou),上课的时候不要说话。,Shàngkè de shíhou búyào shuōhuà.,وقتی کلاس داری / هنگام کلاس حرف نزن.,
188,时间,shíjiān,HSK 1,名,1,时刻或时段；可用于或需要做某事的时间 (名),زمان؛ وقت؛ لحظه یا بازهٔ زمانی؛ وقتی که برای انجام کاری داریم یا لازم داریم (اسم زمان),有时间 (yǒu shíjiān) | 没有时间 (méiyǒu shíjiān) | 花时间 (huā shíjiān) | 多长时间 (duō cháng shíjiān) |  时间不早了 (shíjiān bù zǎo le) | 北京时间 (běijīng shíjiān),我今天没有时间。,Wǒ jīntiān méiyǒu shíjiān.,من امروز وقت ندارم.,
189,手机,shǒujī,HSK 1,名,1,可以随身携带的电话设备 (名),تلفن همراه؛ موبایل (اسم),用手机 (yòng shǒujī) | 买手机 (mǎi shǒujī) | 手机号码 (shǒujī hàomǎ),我的手机没电了。,Wǒ de shǒujī méi diàn le.,موبایلم شارژ ندارد.,
190,书,shū,HSK 1,名,1,装订成册的文字材料；书本 (名),کتاب؛ نوشته‌ی صحافی‌شده (اسم),一本书 (yì běn shū) | 看书 (kàn shū) | 买书 (mǎi shū),我买了一本汉语书。,Wǒ mǎi le yì běn Hànyǔ shū.,من یک کتاب چینی خریدم.,
190,书,shū,HSK 1,名,2,书信、文件或写成的材料 (名),نامه؛ نوشته؛ سند یا متن مکتوب (اسم),批准书 (pīzhǔn shū) | 说明书 (shuōmíngshū) | 申请书 (shēnqǐngshū) | 议定书 (yìdìngshū),请看这本说明书。,Qǐng kàn zhè běn shuōmíngshū.,لطفاً این دفترچه راهنما را ببینید.,Extended written-document sense.
191,书店,shūdiàn,HSK 1,名,1,卖书的商店 (名),کتاب‌فروشی؛ فروشگاهی که کتاب می‌فروشد (اسم),去书店 (qù shūdiàn) | 书店买书 (shūdiàn mǎi shū) | 一家书店 (yì jiā shūdiàn),学校旁边有一家书店。,Xuéxiào pángbiān yǒu yì jiā shūdiàn.,کنار مدرسه یک کتاب‌فروشی هست.,
192,睡,shuì,HSK 1,动,1,进入睡眠状态；处在睡眠中 (动),خوابیدن؛ به خواب رفتن؛ در خواب بودن (فعل),睡觉 (shuìjiào) | 睡着了 (shuìzháo le) | 睡得很好 (shuì de hěn hǎo) | 早睡 (zǎo shuì),孩子已经睡了。,Háizi yǐjīng shuì le.,بچه خوابیده است.,
192,睡,shuì,HSK 1,动,2,在某处睡觉或过夜 (动),جایی خوابیدن؛ شب را در جایی گذراندن (فعل),睡在床上 (shuì zài chuáng shang) | 睡在沙发上 (shuì zài shāfā shang) | 睡在朋友家 (shuì zài péngyou jiā) | 睡一晚 (shuì yì wǎn),他今晚睡在朋友家。,Tā jīnwǎn shuì zài péngyou jiā.,او امشب خانهٔ دوستش می‌خوابد.,
192,睡,shuì,HSK 1,动,3,和某人发生性关系，口语用法 (动),"با کسی خوابیدن؛ رابطهٔ جنسی داشتن، کاربرد محاوره‌ای (فعل)",跟他睡过 (gēn tā shuì guo) | 睡在一起 (shuì zài yìqǐ) | 和别人睡 (hé biérén shuì) | 睡过一次 (shuì guo yí cì),她发现男朋友跟别人睡过。,Tā fāxiàn nánpéngyou gēn biérén shuì guo.,او فهمید دوست‌پسرش قبلاً با کس دیگری خوابیده است.,Colloquial sexual sense; include only if your dictionary covers adult/common colloquial meanings.
193,水,shuǐ,HSK 1,名,1,无色无味的液体；自然界、生活中使用或饮用的水 (名),"آب؛ مایع بی‌رنگ و بی‌بو؛ آب برای نوشیدن، زندگی روزمره یا آب موجود در طبیعت (اسم)",喝水 (hē shuǐ) | 一杯水 (yì bēi shuǐ) | 热水 (rè shuǐ) | 河水 (héshuǐ),请给我一杯水。,Qǐng gěi wǒ yì bēi shuǐ.,لطفاً یک لیوان آب به من بده.,
193,水,shuǐ,HSK 1,名,2,质量差、内容空或不真实，网络口语用法 (形/语素),"آبکی؛ بی‌کیفیت؛ توخالی یا غیرواقعی، در گفتار و زبان اینترنتی (صفت/تکواژ)",很水 (hěn shuǐ) | 水文 (shuǐwén) | 水帖 (shuǐtiě) | 太水了 (tài shuǐ le),这篇文章太水了。,Zhè piān wénzhāng tài shuǐ le.,این مقاله/متن خیلی آبکی و بی‌محتواست.,Colloquial/internet slang use; optional for general learner dictionary.
194,水果,shuǐguǒ,HSK 1,名,1,可以吃的植物果实，通常多汁、味甜或酸 (名),"میوه؛ میوه‌های خوراکی معمولاً آبدار، شیرین یا ترش (اسم)",吃水果 (chī shuǐguǒ) | 买水果 (mǎi shuǐguǒ) | 水果店 (shuǐguǒdiàn),我每天吃水果。,Wǒ měitiān chī shuǐguǒ.,من هر روز میوه می‌خورم.,
195,睡觉,shuì jiào,HSK 1,动宾短语,1,进入睡眠状态；睡 (动),خوابیدن؛ وارد حالت خواب شدن (فعل),晚上睡觉 (wǎnshang shuì jiào) | 早点睡觉 (zǎodiǎn shuì jiào) | 睡觉前 (shuì jiào qián),我晚上十点睡觉。,Wǒ wǎnshang shí diǎn shuì jiào.,من شب ساعت ده می‌خوابم.,
195,睡觉,shuì jiào,HSK 1,动宾短语,2,躺下休息或小睡 (动),دراز کشیدن برای استراحت یا چرت زدن (فعل),睡一会儿觉 (shuì yíhuìr jiào) | 下午睡觉 (xiàwǔ shuì jiào) | 在房间睡觉 (zài fángjiān shuì jiào),他下午在房间睡觉。,Tā xiàwǔ zài fángjiān shuì jiào.,او بعدازظهر در اتاق خوابیده است.,
196,说,shuō,HSK 1,动,1,用语言表达意思；开口讲话 (动),گفتن؛ حرف زدن؛ چیزی را با زبان بیان کردن (فعل),对我说 (duì wǒ shuō) | 说一句话 (shuō yí jù huà) | 大声说 (dàshēng shuō) | 慢慢说 (mànman shuō),请你说慢一点。,Qǐng nǐ shuō màn yìdiǎn.,لطفاً کمی آهسته‌تر صحبت کن.,
196,说,shuō,HSK 1,动,2,使用某种语言讲话 (动),به زبانی صحبت کردن؛ توانایی حرف زدن به یک زبان داشتن (فعل),说汉语 (shuō Hànyǔ) | 说英语 (shuō Yīngyǔ) | 会说中文 (huì shuō Zhōngwén) | 说得很好 (shuō de hěn hǎo),他会说汉语。,Tā huì shuō Hànyǔ.,او می‌تواند چینی صحبت کند.,
196,说,shuō,HSK 1,动,3,说明、解释或讲述某件事 (动),توضیح دادن؛ روشن کردن؛ تعریف کردن یا شرح دادن موضوعی (فعل),说清楚 (shuō qīngchu) | 说一下 (shuō yíxià) | 说故事 (shuō gùshi) | 说原因 (shuō yuányīn),老师把这个问题说清楚了。,Lǎoshī bǎ zhège wèntí shuō qīngchu le.,معلم این مسئله را روشن توضیح داد.,
196,说,shuō,HSK 1,动,4,表达看法、评价或传达别人所说的话 (动),"گفتن؛ نظر دادن؛ مطرح کردن یک دیدگاه، ارزیابی یا گفتهٔ دیگران (فعل)",大家都说 (dàjiā dōu shuō) | 有人说 (yǒu rén shuō) | 我觉得可以说 (wǒ juéde kěyǐ shuō) | 他说很好 (tā shuō hěn hǎo),大家都说这家饭店很好。,Dàjiā dōu shuō zhè jiā fàndiàn hěn hǎo.,همه می‌گویند این رستوران خوب است.,
196,说,shuō,HSK 1,动,5,劝说；用话使别人同意或接受 (动),قانع کردن؛ راضی کردن؛ با حرف کسی را به پذیرفتن یا انجام کاری واداشتن (فعل),说了半天 (shuō le bàntiān) | 说不动他 (shuō bu dòng tā),我说了半天，他还是不同意。,"Wǒ shuō le bàntiān, tā háishi bù tóngyì.","هرچه با او حرف زدم، باز هم قبول نکرد.",
196,说,shuō,HSK 1,动,6,批评、责备或提醒别人 (动),تذکر دادن؛ سرزنش کردن؛ با حرف از کسی انتقاد کردن (فعل),说他几句 (shuō tā jǐ jù) | 被老师说了 (bèi lǎoshī shuō le) | 别说孩子 (bié shuō háizi) | 说了我一顿 (shuō le wǒ yí dùn),他迟到了，被老师说了几句。,"Tā chídào le, bèi lǎoshī shuō le jǐ jù.",او دیر رسید و معلم چند جمله به او تذکر داد.,
197,说话,shuōhuà,HSK 1,动宾短语,1,用语言表达意思；开口讲话 (动),حرف زدن؛ صحبت کردن؛ با زبان چیزی گفتن (فعل),不要说话 (búyào shuōhuà) | 跟老师说话 (gēn lǎoshī shuōhuà) | 说话很快 (shuōhuà hěn kuài) | 说话声音小 (shuōhuà shēngyīn xiǎo) | 会说话 (huì shuōhuà),上课不要说话。,Shàngkè búyào shuōhuà.,سر کلاس حرف نزن.,
198,四,sì,HSK 1,数,1,数字四 (数),عدد چهار (عدد),四个人 (sì ge rén) | 四点 (sì diǎn) | 四本书 (sì běn shū),我家有四口人。,Wǒ jiā yǒu sì kǒu rén.,خانواده‌ی من چهار نفر است.,
199,岁,suì,HSK 1,量,1,表示年龄的单位 (量),سال؛ واحد شمارش سن (واحد شمارش),八岁 (bā suì) | 今年几岁 (jīnnián jǐ suì) | 十岁 (shí suì),你今年几岁？,Nǐ jīnnián jǐ suì?,امسال چند ساله‌ای؟,
200,他,tā,HSK 1,代,1,第三人称男性代词，也可泛指第三人称 (代),"او؛ ضمیر سوم‌شخص، معمولاً برای مذکر (ضمیر)",他是 (tā shì) | 他的书 (tā de shū) | 他哥哥 (tā gēge),他是我的朋友。,Tā shì wǒ de péngyou.,او دوست من است.,
201,它,tā,HSK 1,代,1,第三人称代词，指人以外的事物、动物或抽象对象 (代),"آن؛ ضمیر سوم‌شخص برای چیزها، حیوانات یا امور غیرانسانی (ضمیر)",它的名字 (tā de míngzi) | 看见它 (kànjiàn tā) | 它很可爱 (tā hěn kě'ài),这只猫很小，它很可爱。,"Zhè zhī māo hěn xiǎo, tā hěn kě'ài.",این گربه خیلی کوچک است؛ خیلی بامزه است.,
202,她,tā,HSK 1,代,1,第三人称女性代词，指女性 (代),او؛ ضمیر سوم‌شخص مؤنث (ضمیر),她是 (tā shì) | 她的书 (tā de shū) | 她妈妈 (tā māma),她是我的老师。,Tā shì wǒ de lǎoshī.,او معلم من است.,
203,太,tài,HSK 1,副,1,表示程度过高，超过合适或希望的范围 (副),"بیش از حد؛ زیادی؛ خیلی، وقتی شدت چیزی از حد مناسب بیشتر است و معمولاً حس منفی دارد (قید)",太贵了 (tài guì le) | 太热了 (tài rè le) | 太忙了 (tài máng le) | 太晚了 (tài wǎn le),这件衣服太贵了。,Zhè jiàn yīfu tài guì le.,این لباس بیش از حد گران است.,
203,太,tài,HSK 1,副,2,用于感叹，表示程度很高，常带高兴、赞叹等语气 (副),"خیلی؛ واقعاً؛ برای بیان شدت زیاد همراه با احساس، تحسین یا تعجب (قید)",太好了 (tài hǎo le) | 太漂亮了 (tài piàoliang le) | 太好吃了 (tài hǎochī le) | 太棒了 (tài bàng le),这首歌太好听了！,Zhè shǒu gē tài hǎotīng le!,این آهنگ واقعاً خیلی دلنشین است!,
204,他们,tāmen,HSK 1,代,1,第三人称复数代词，指多个男性或男女混合的人 (代),آن‌ها؛ ضمیر سوم‌شخص جمع برای مردان یا گروه مختلط (ضمیر),他们都 (tāmen dōu) | 他们家 (tāmen jiā) | 他们的老师 (tāmen de lǎoshī),他们都是大学生。,Tāmen dōu shì dàxuéshēng.,آن‌ها همه دانشجو هستند.,
205,它们,tāmen,HSK 1,代,1,第三人称复数代词，指多个非人的事物或动物 (代),آن‌ها؛ ضمیر سوم‌شخص جمع برای چیزها یا حیوانات (ضمیر),它们很小 (tāmen hěn xiǎo) | 看见它们 (kànjiàn tāmen) | 它们的名字 (tāmen de míngzi),这些猫很可爱，我很喜欢它们。,"Zhèxiē māo hěn kě'ài, wǒ hěn xǐhuan tāmen.",این گربه‌ها خیلی بامزه‌اند و من آن‌ها را خیلی دوست دارم.,
206,她们,tāmen,HSK 1,代,1,第三人称复数代词，指多个女性 (代),آن‌ها؛ ضمیر سوم‌شخص جمع مؤنث (ضمیر),她们都 (tāmen dōu) | 她们家 (tāmen jiā) | 她们的朋友 (tāmen de péngyou),她们都是我的同学。,Tāmen dōu shì wǒ de tóngxué.,آن‌ها همه هم‌کلاسی‌های من هستند.,
207,天,tiān,HSK 1,名、量,1,天空；地面以上的广阔空间 (名),آسمان؛ فضای بالای زمین (اسم),天上 (tiān shang) | 蓝天 (lántiān) | 满天 (mǎn tiān),今天的天很蓝。,Jīntiān de tiān hěn lán.,آسمان امروز خیلی آبی است.,
207,天,tiān,HSK 1,名、量,2,一昼夜；二十四小时的时间单位 (名/量),روز؛ یک شبانه‌روز؛ واحد زمانی بیست‌وچهار ساعته (اسم/واحد شمارش),一天 (yì tiān) | 三天 (sān tiān) | 每天 (měi tiān) | 几天 (jǐ tiān),我在北京住了三天。,Wǒ zài Běijīng zhù le sān tiān.,من سه روز در پکن ماندم.,
207,天,tiān,HSK 1,名、量,3,某一天；和说话时间有关的日子，常用于构词 (语素/名),"روز مشخص؛ روزی نسبت به زمان حال، مثل امروز، فردا یا دیروز؛ بیشتر در ترکیب‌ها (تکواژ/اسم زمان)",今天 (jīntiān) | 明天 (míngtiān) | 昨天 (zuótiān) | 前天 (qiántiān),明天我没有课。,Míngtiān wǒ méiyǒu kè.,فردا کلاس ندارم.,今天、明天、昨天 are usually treated as independent entries.
207,天,tiān,HSK 1,名、量,4,天气；表示某种天气状况下的日子 (名/语素),"هوا؛ وضعیت آب‌وهوا؛ روزی با نوع خاصی از هوا، مثل روز بارانی، ابری یا آفتابی (اسم/تکواژ)",天冷了 (tiān lěng le) | 下雨天 (xià yǔ tiān) | 阴天 (yīn tiān) | 晴天 (qíng tiān),下雨天路上车很多。,Xià yǔ tiān lù shang chē hěn duō.,روزهای بارانی خیابان‌ها خیلی شلوغ است.,
207,天,tiān,HSK 1,名、量,5,自然界；自然力量，常用于灾害、现象等词语 (语素/名),"طبیعت؛ نیروی طبیعی؛ مربوط به پدیده‌ها یا بلایای طبیعی، بیشتر در ترکیب‌ها (تکواژ/اسم)",天灾 (tiānzāi) | 天灾人祸 (tiānzāi rénhuò),这次洪水是一场天灾。,Zhè cì hóngshuǐ shì yì chǎng tiānzāi.,این سیل یک بلای طبیعی بود.,Mostly used in compounds such as 天灾、天然.
207,天,tiān,HSK 1,名、量,6,上天、神明或命运，常用于固定表达 (名/语素),"آسمان؛ خدا؛ فلک؛ سرنوشت، در عبارت‌های ثابت و کاربردهای سنتی (اسم/تکواژ)",天知道 (tiān zhīdào) | 谢天谢地 (xiè tiān xiè dì) | 老天 (lǎotiān) | 天意 (tiānyì),谢天谢地，他终于安全回来了。,"Xiè tiān xiè dì, tā zhōngyú ānquán huílái le.","خدا را شکر، او بالاخره سالم برگشت.",Mostly in fixed expressions; 天知道 means “God knows / who knows”.
208,天气,tiānqì,HSK 1,名,1,某一地区、某一时间的气温、风雨、晴阴等情况 (名),هوا؛ وضعیت آب‌وهوا در زمان و مکان مشخص (اسم),天气很好 (tiānqì hěn hǎo) | 天气很热 (tiānqì hěn rè) | 天气预报 (tiānqì yùbào),今天的天气很好。,Jīntiān de tiānqì hěn hǎo.,هوای امروز خیلی خوب است.,
209,听,tīng,HSK 1,动,1,用耳朵接受声音；注意听某种声音或内容 (动),شنیدن؛ گوش دادن؛ با گوش دریافت کردن صدا یا با دقت گوش دادن به چیزی (فعل),听声音 (tīng shēngyīn) | 听音乐 (tīng yīnyuè) | 听老师说 (tīng lǎoshī shuō) | 听中文歌 (tīng Zhōngwén gē),我喜欢听中文歌。,Wǒ xǐhuan tīng Zhōngwén gē.,من دوست دارم به آهنگ‌های چینی گوش بدهم.,
209,听,tīng,HSK 1,动,2,听从；接受或照着别人的话、意见、命令去做 (动),"به حرف کسی گوش کردن؛ اطاعت کردن؛ پذیرفتن و طبق حرف، نظر یا دستور کسی عمل کردن (فعل)",听老师的话 (tīng lǎoshī de huà) | 听妈妈的话 (tīng māma de huà) | 听你的 (tīng nǐ de) | 不听劝 (bù tīng quàn),孩子应该听老师的话。,Háizi yīnggāi tīng lǎoshī de huà.,بچه باید به حرف معلم گوش کند.,
209,听,tīng,HSK 1,动,3,参加课程、报告、讲座等并听其内容 (动),"حضور داشتن و گوش دادن به درس، گزارش، سخنرانی یا کلاس (فعل)",听课 (tīng kè) | 听报告 (tīng bàogào) | 听讲座 (tīng jiǎngzuò) | 听老师讲课 (tīng lǎoshī jiǎngkè),下午我们去听一个讲座。,Xiàwǔ wǒmen qù tīng yí ge jiǎngzuò.,بعدازظهر می‌رویم به یک سخنرانی گوش بدهیم.,
209,听,tīng,HSK 1,动,4,用于罐装食品或饮料的量词 (量),قوطی؛ واحد شمارش برای خوراکی یا نوشیدنی قوطی‌شده (واحد شمارش),一听可乐 (yì tīng kělè) | 一听啤酒 (yì tīng píjiǔ) | 一听牛肉罐头 (yì tīng niúròu guàntou) | 两听饮料 (liǎng tīng yǐnliào),我买了一听可乐。,Wǒ mǎi le yì tīng kělè.,من یک قوطی نوشابه خریدم.,
210,听见,tīngjiàn,HSK 1,动,1,听到声音；耳朵接收到声音 (动),شنیدن؛ صدایی به گوش رسیدن (فعل),听见声音 (tīngjiàn shēngyīn) | 没听见 (méi tīngjiàn) | 听见他说话 (tīngjiàn tā shuōhuà),我听见他在说话。,Wǒ tīngjiàn tā zài shuōhuà.,من شنیدم که او دارد حرف می‌زند.,
211,同学,tóngxué,HSK 1,名,1,在同一个学校、班级或学习阶段一起学习的人 (名),"هم‌کلاسی؛ هم‌مدرسه‌ای؛ هم‌دانشگاهی؛ کسی که با او در یک کلاس، مدرسه یا دوره درس می‌خوانیم یا خوانده‌ایم (اسم)",我的同学 (wǒ de tóngxué) | 大学同学 (dàxué tóngxué) | 老同学 (lǎo tóngxué) | 同班同学 (tóngbān tóngxué),她是我的大学同学。,Tā shì wǒ de dàxué tóngxué.,او هم‌دانشگاهی/هم‌کلاسیِ دوران دانشگاه من است.,
211,同学,tóngxué,HSK 1,名,2,对学生的称呼，常用于老师、学校或正式场合 (名),"دانش‌آموز؛ دانشجو؛ عنوان خطاب محترمانه به شاگرد یا دانشجو، مخصوصاً از طرف معلم یا در محیط آموزشی (اسم/خطاب)",同学你好 (tóngxué nǐ hǎo) | 这位同学 (zhè wèi tóngxué) | 同学们好 (tóngxuémen hǎo) | 各位同学 (gè wèi tóngxué),同学们，请打开书。,"Tóngxuémen, qǐng dǎkāi shū.","دانش‌آموزان/دانشجویان، لطفاً کتاب را باز کنید.",Address term; used to address students in class or school settings.
212,外,wài,HSK 1,方位词、名,1,外面；某一范围、空间或物体的外部 (方位词/名),"بیرون؛ خارج؛ قسمت بیرونیِ یک مکان، محدوده یا چیز (اسم مکانی/جهتی)",外面 (wàimian) | 门外 (mén wài) | 窗外 (chuāng wài) | 外边 (wàibian),孩子们在外边玩。,Háizimen zài wàibian wán.,بچه‌ها بیرون بازی می‌کنند.,
212,外,wài,HSK 1,方位词、名,2,不属于本地、本国、本单位或本范围的 (形/语素),"خارجی؛ بیرونی؛ متعلق به بیرون از کشور، محل، گروه یا محدودهٔ خودی (صفت/تکواژ)",外国 (wàiguó) | 外国人 (wàiguó rén) | 外地 (wàidì) | 外单位 (wài dānwèi) |  外商 (Wàishāng),他有很多外国朋友。,Tā yǒu hěn duō wàiguó péngyou.,او دوستان خارجی زیادی دارد.,Mostly used in compounds.
212,外,wài,HSK 1,方位词、名,3,超出、排除或附加在某一范围之外 (方位词/名),خارج از؛ به‌جز؛ علاوه بر؛ فراتر از یک محدوده یا موضوع (اسم جهتی/حوزه‌ای),以外 (yǐwài) | 课外 (kèwài) | 工作以外 (gōngzuò yǐwài) | 除此之外 (chú cǐ zhī wài),工作以外，他还喜欢画画。,"Gōngzuò yǐwài, tā hái xǐhuan huàhuà.","او غیر از کار، نقاشی هم دوست دارد.",
212,外,wài,HSK 1,方位词、名,4,非自己一方的人；关系不亲近的人 (名/语素),"غریبه؛ فرد بیرونی؛ کسی که از جمع، خانواده یا طرفِ خودی نیست (اسم/تکواژ)",外人 (wàirén) | 见外 (jiànwài) | 把我当外人 (bǎ wǒ dāng wàirén),别把我当外人。,Bié bǎ wǒ dāng wàirén.,من را غریبه حساب نکن.,Mostly appears in words or fixed expressions such as 外人、见外.
212,外,wài,HSK 1,方位词、名,5,母亲、姐妹或女儿一方的亲属关系，常用于构词 (语素),"نسبت خویشاوندی از طرف مادر یا زنِ خانواده، بیشتر در ترکیب‌ها (تکواژ)",外公 (wàigōng) | 外婆 (wàipó) | 外孙 (wàisūn) | 外甥 (wàisheng),我外婆住在上海。,Wǒ wàipó zhù zài Shànghǎi.,مادربزرگ مادری‌ام در شانگهای زندگی می‌کند.,Kinship word-forming use.
212,外,wài,HSK 1,方位词、名,6,表面；外部形象或外观，常用于构词 (语素/名),"ظاهر؛ بیرونِ چیزی؛ شکل یا نمای بیرونی، بیشتر در ترکیب‌ها (تکواژ/اسم)",外表 (wàibiǎo) | 外形 (wàixíng) | 外观 (wàiguān) | 外貌 (wàimào),这部手机外观很好看。,Zhè bù shǒujī wàiguān hěn hǎokàn.,ظاهر این گوشی خیلی زیباست.,Mostly used in compounds.
213,外边,wàibian,HSK 1,方位词,1,外面；某个空间、范围、家、单位等之外的地方 (方位词),"بیرون؛ خارج؛ جایی بیرون از یک مکان، خانه، محدوده یا محیط مشخص (اسم مکانی)",在外边 (zài wàibian) | 外边很冷 (wàibian hěn lěng) | 去外边 (qù wàibian) | 在外边工作 (zài wàibian gōngzuò),外边很冷，别出去。,"Wàibian hěn lěng, bié chūqù.","بیرون خیلی سرد است، بیرون نرو.",
214,玩,wán,HSK 1,动,1,做游戏、下棋、打牌等娱乐活动 (动),"بازی کردن؛ انجام بازی یا سرگرمیِ قاعده‌دار، مثل بازی، شطرنج، کارت و مانند آن (فعل)",玩游戏 (wán yóuxì) | 玩儿牌 (wánr pái) | 玩一盘棋 (wán yì pán qí) | 和孩子玩 (hé háizi wán),我们玩一盘棋吧。,Wǒmen wán yì pán qí ba.,بیا یک دست شطرنج/بازی فکری بازی کنیم.,
214,玩,wán,HSK 1,动,2,为了放松或开心而游玩、休闲或旅行 (动),"تفریح کردن؛ گشتن؛ برای خوش‌گذرانی، استراحت یا سرگرمی به جایی رفتن و وقت گذراندن (فعل)",出去玩 (chūqù wán) | 去公园玩 (qù gōngyuán wán) | 去北京玩 (qù Běijīng wán) | 玩了三天 (wán le sān tiān),我们在青岛玩了三天。,Wǒmen zài Qīngdǎo wán le sān tiān.,ما سه روز در چینگ‌دائو تفریح کردیم/گشتیم.,
214,玩,wán,HSK 1,动,3,摆弄、使用或欣赏某物来取乐 (动),"با چیزی سرگرم شدن؛ برای تفریح با چیزی کار کردن، ور رفتن، استفاده کردن یا از آن لذت بردن (فعل)",玩手机 (wán shǒujī) | 玩玩具 (wán wánjù) | 玩邮票 (wán yóupiào) | 玩相机 (wán xiàngjī),不要一直玩手机。,Búyào yìzhí wán shǒujī.,مدام با گوشی سرگرم نباش / مدام با گوشی ور نرو.,
214,玩,wán,HSK 1,动,4,用不认真或不正当的方式对待、利用或操纵某人某事 (动),"بازی دادن؛ با کسی/چیزی سرسری، فریبکارانه یا سوءاستفاده‌گرانه رفتار کردن (فعل)",玩人 (wán rén) | 玩感情 (wán gǎnqíng) | 玩手段 (wán shǒuduàn) | 玩花样 (wán huāyàng),别玩我的感情。,Bié wán wǒ de gǎnqíng.,با احساسات من بازی نکن.,Colloquial extended sense; optional for learner dictionary.
215,晚,wǎn,HSK 1,形、名,1,时间靠后；比预定时间迟 (形),دیر؛ دیرتر از زمان معمول یا مقرر (صفت),太晚了 (tài wǎn le) | 晚一点儿 (wǎn yìdiǎnr) | 来晚了 (lái wǎn le) | 还不晚 (hái bù wǎn),我今天来晚了。,Wǒ jīntiān lái wǎn le.,امروز دیر آمدم.,
215,晚,wǎn,HSK 1,形、名,2,晚上；一天中日落以后到睡觉前的时间 (名),شب؛ عصرِ دیرهنگام؛ بخش پایانی روز (اسم زمان),今晚 (jīn wǎn) | 晚上 (wǎnshang) | 晚饭 (wǎnfàn),今天晚上我在家。,Jīntiān wǎnshang wǒ zài jiā.,امشب در خانه هستم.,
216,晚饭,wǎnfàn,HSK 1,名,1,晚上吃的一顿饭 (名),شام؛ وعده‌ی غذایی شب (اسم),吃晚饭 (chī wǎnfàn) | 做晚饭 (zuò wǎnfàn) | 晚饭以后 (wǎnfàn yǐhòu),我们一起吃晚饭吧。,Wǒmen yìqǐ chī wǎnfàn ba.,بیا با هم شام بخوریم.,
217,晚上,wǎnshang,HSK 1,名,1,太阳落山后到夜里的一段时间 (名),شب؛ عصر تا شب (اسم زمان),今天晚上 (jīntiān wǎnshang) | 明天晚上 (míngtiān wǎnshang) | 晚上睡觉 (wǎnshang shuìjiào),我晚上十点睡觉。,Wǒ wǎnshang shí diǎn shuìjiào.,من شب ساعت ده می‌خوابم.,
218,喂,wèi,HSK 1,叹、动,1,打电话或呼唤别人时用的声音 (叹),الو؛ هی؛ برای شروع تماس تلفنی یا صدا زدن کسی (حرف ندا),"喂，你好 (wèi, nǐ hǎo) | 喂，请问 (wèi, qǐngwèn) | 打电话说喂 (dǎ diànhuà shuō wèi)",喂，你好，请问王老师在吗？,"Wèi, nǐ hǎo, qǐngwèn Wáng lǎoshī zài ma?","الو، سلام، ببخشید استاد وانگ هستند؟",
218,喂,wèi,HSK 1,叹、动,2,把食物送到人或动物嘴里 (动),غذا دادن؛ خوراک دادن به انسان یا حیوان (فعل),喂孩子 (wèi háizi) | 喂猫 (wèi māo) | 喂狗 (wèi gǒu),她正在喂孩子吃饭。,Tā zhèngzài wèi háizi chī fàn.,او دارد به بچه غذا می‌دهد.,
219,问,wèn,HSK 1,动,1,向别人提出问题，请别人回答 (动),پرسیدن؛ سؤال کردن از کسی (فعل),问老师 (wèn lǎoshī) | 问问题 (wèn wèntí) |  问路 (wèn lù),我想问你一个问题。,Wǒ xiǎng wèn nǐ yí ge wèntí.,می‌خواهم از تو یک سؤال بپرسم.,
220,问题,wèntí,HSK 1,名,1,需要回答的疑问或题目 (名),سؤال؛ پرسش؛ موردی که باید به آن پاسخ داده شود (اسم),问问题 (wèn wèntí) | 回答问题 (huídá wèntí) | 提问题 (tí wèntí) | 一个问题 (yí ge wèntí),老师问了一个问题。,Lǎoshī wèn le yí ge wèntí.,معلم یک سؤال پرسید.,
220,问题,wèntí,HSK 1,名,2,需要解决、处理、研究或讨论的事情 (名),"مسئله؛ موضوع؛ موردی که باید حل، بررسی، رسیدگی یا درباره‌اش بحث شود (اسم)",解决问题 (jiějué wèntí) | 讨论问题 (tǎolùn wèntí) | 工作问题 (gōngzuò wèntí) | 学习问题 (xuéxí wèntí),我们来讨论这个问题。,Wǒmen lái tǎolùn zhège wèntí.,بیایید دربارهٔ این مسئله/موضوع بحث کنیم.,
220,问题,wèntí,HSK 1,名,3,麻烦、故障、不正常或不合适的情况 (名),مشکل؛ ایراد؛ عیب؛ وضعیت غیرعادی یا نامناسب (اسم),有问题 (yǒu wèntí) | 没有问题 (méiyǒu wèntí) | 出问题 (chū wèntí) | 质量问题 (zhìliàng wèntí),我的电脑有问题。,Wǒ de diànnǎo yǒu wèntí.,کامپیوترم مشکل دارد.,
221,我,wǒ,HSK 1,代,1,第一人称代词，指说话人自己 (代),من؛ ضمیر اول‌شخص مفرد (ضمیر),我是 (wǒ shì) | 我的书 (wǒ de shū) | 我家 (wǒ jiā),我是学生。,Wǒ shì xuésheng.,من دانش‌آموز/دانشجو هستم.,
222,我们,wǒmen,HSK 1,代,1,第一人称复数代词，指说话人和其他人 (代),ما؛ ضمیر اول‌شخص جمع (ضمیر),我们家 (wǒmen jiā) | 我们都 (wǒmen dōu) | 我们一起 (wǒmen yìqǐ),我们都喜欢汉语。,Wǒmen dōu xǐhuan Hànyǔ.,ما همه زبان چینی را دوست داریم.,
223,五,wǔ,HSK 1,数,1,数字五 (数),عدد پنج (عدد),五个人 (wǔ ge rén) | 五点 (wǔ diǎn) | 五本书 (wǔ běn shū),我下午五点下班。,Wǒ xiàwǔ wǔ diǎn xiàbān.,من بعدازظهر ساعت پنج از کار تعطیل می‌شوم.,
224,午饭,wǔfàn,HSK 1,名,1,中午吃的一顿饭 (名),ناهار؛ وعده غذایی ظهر (اسم),吃午饭 (chī wǔfàn) | 做午饭 (zuò wǔfàn) | 午饭以后 (wǔfàn yǐhòu),我们一起吃午饭吧。,Wǒmen yìqǐ chī wǔfàn ba.,بیا با هم ناهار بخوریم.,
225,下,xià,HSK 1,方位词、动,1,位置在低处、下面或某物的底部；跟“上”相对 (方位词/名),"پایین؛ زیر؛ در قسمت پایین یا زیرِ چیزی، در برابر «بالا/روی» (اسم مکانی/جهتی)",桌子下 (zhuōzi xià) | 楼下 (lóu xià) | 下面 (xiàmiàn) | 山下 (shān xià),猫在桌子下。,Māo zài zhuōzi xià.,گربه زیر میز است.,
225,下,xià,HSK 1,方位词、动,2,由高处到低处；向下移动 (动),پایین آمدن؛ از جای بالاتر به جای پایین‌تر رفتن یا حرکت کردن (فعل),下楼 (xià lóu) | 下山 (xià shān) | 下电梯 (xià diàntī) | 往下走 (wǎng xià zǒu),我们一起下楼吧。,Wǒmen yìqǐ xià lóu ba.,بیا با هم پایین برویم.,
225,下,xià,HSK 1,方位词、动,3,离开交通工具、座位或某个位置 (动),"پیاده شدن؛ پایین آمدن یا ترک کردن وسیلهٔ نقلیه، صندلی یا جایگاه (فعل)",下车 (xià chē) | 下飞机 (xià fēijī) | 下船 (xià chuán) | 下台 (xià tái),请在这儿下车。,Qǐng zài zhèr xià chē.,لطفاً اینجا پیاده شوید.,
225,下,xià,HSK 1,方位词、动,4,时间、顺序或等级在后、较晚或较低 (方位词/形),"بعدی؛ پسین؛ پایین‌تر از نظر زمان، ترتیب یا رتبه (اسم جهتی/صفت)",下个月 (xià ge yuè) | 下次 (xià cì) | 下一课 (xià yí kè) | 下级 (xiàjí),我们下次再见。,Wǒmen xià cì zài jiàn.,دفعهٔ بعد دوباره همدیگر را می‌بینیم.,
225,下,xià,HSK 1,方位词、动,5,雨、雪等从空中落下 (动),"باریدن؛ فرو ریختن باران، برف و مانند آن از آسمان (فعل)",下雨 (xià yǔ) | 下雪 (xià xuě) | 下大雨 (xià dà yǔ) | 下冰雹 (xià bīngbáo),下午下雨了。,Xiàwǔ xià yǔ le.,بعدازظهر باران بارید.,
225,下,xià,HSK 1,方位词、动,6,结束学习、工作或某种固定活动 (动),"تمام شدن یا تمام کردن کلاس، کار یا فعالیت منظم؛ از کار/کلاس فارغ شدن (فعل)",下课 (xiàkè) | 下班 (xiàbān) | 下岗 (xiàgǎng) | 下课以后 (xiàkè yǐhòu),我六点下班。,Wǒ liù diǎn xiàbān.,من ساعت شش از کار تعطیل می‌شوم.,
225,下,xià,HSK 1,方位词、动,7,用在动词后，表示动作使人或物向下、离开原处或脱离附着状态 (趋向补语/结果补语),"پس از فعل می‌آید و نشان می‌دهد چیزی پایین آورده، گذاشته، برداشته یا از جای قبلی جدا شده است (متمم جهت‌نما/نتیجه)",放下 (fàng xia) | 拿下 (ná xia) | 取下 (qǔ xia) | 摘下 (zhāi xia),请把包放下。,Qǐng bǎ bāo fàng xia.,لطفاً کیف را پایین بگذار / زمین بگذار.,Often pronounced neutral “xia” when used after a verb.
225,下,xià,HSK 1,方位词、动,8,发出、作出或提交某种决定、命令、订单等 (动),"دادن یا ثبت کردنِ دستور، تصمیم، سفارش یا نتیجه‌ای رسمی/مشخص (فعل)",下命令 (xià mìnglìng) | 下订单 (xià dìngdān) | 下结论 (xià jiélùn) | 下决定 (xià juédìng),我已经下订单了。,Wǒ yǐjīng xià dìngdān le.,من سفارش را ثبت کرده‌ام.,
225,下,xià,HSK 1,方位词、动,9,进行棋类、球类等有规则的活动，常用于搭配 (动),بازی کردنِ بازی‌های قاعده‌دار مثل شطرنج یا گو؛ بیشتر در ترکیب‌ها (فعل),下棋 (xià qí) | 下围棋 (xià wéiqí) | 下一盘棋 (xià yì pán qí) | 下象棋 (xià xiàngqí),我们下一盘棋吧。,Wǒmen xià yì pán qí ba.,بیا یک دست شطرنج/بازی فکری بازی کنیم.,
225,下,xià,HSK 1,方位词、动,10,用在动词后，表示动作完成、留下、容纳或固定住等结果 (结果补语),"پس از فعل می‌آید و نتیجه‌ای مثل انجام شدن، باقی ماندن، جا شدن یا ثبت/ثابت شدن را نشان می‌دهد (متمم نتیجه)",坐下 (zuò xia) | 写下 (xiě xia) | 记下 (jì xia) | 住下 (zhù xia),请把这个号码记下。,Qǐng bǎ zhège hàomǎ jì xia.,لطفاً این شماره را یادداشت کن.,Often pronounced neutral “xia” as a result complement.
226,下雨,xià yǔ,HSK 1,动宾短语,1,天空降雨；有雨落下 (动),باران باریدن؛ بارانی بودن هوا (فعل),今天下雨 (jīntiān xià yǔ) | 明天下雨 (míngtiān xià yǔ) | 下大雨 (xià dà yǔ),明天可能下雨。,Míngtiān kěnéng xià yǔ.,فردا ممکن است باران ببارد.,
227,下班,xiàbān,HSK 1,动宾短语,1,结束工作时间；工作结束后离开工作岗位或单位 (动),از کار تعطیل شدن؛ کار را تمام کردن و از محل کار رفتن (فعل),五点下班 (wǔ diǎn xiàbān) | 刚下班 (gāng xiàbān) | 下班以后 (xiàbān yǐhòu) | 下班回家 (xiàbān huí jiā),我每天五点下班。,Wǒ měitiān wǔ diǎn xiàbān.,من هر روز ساعت پنج کارم تمام می‌شود / از کار تعطیل می‌شوم.,
228,下课,xiàkè,HSK 1,动宾短语,1,一节课结束；学生或老师停止上课 (动),از کلاس فارغ شدن؛ کلاس را تمام کردن؛ معلم یا دانش‌آموز از فعالیت کلاسی فارغ شدن (فعل),下课了 (xiàkè le) | 下课以后 (xiàkè yǐhòu) | 快下课了 (kuài xiàkè le) | 下课休息 (xiàkè xiūxi),下课以后我们去吃午饭。,Xiàkè yǐhòu wǒmen qù chī wǔfàn.,بعد از تمام شدن کلاس می‌رویم ناهار بخوریم.,
229,想,xiǎng,HSK 1,动,1,希望做某事；有某种愿望或打算 (动),خواستن؛ قصد داشتن؛ میل داشتن کاری را انجام بدهد یا چیزی را داشته باشد (فعل),想去 (xiǎng qù) | 想买 (xiǎng mǎi) | 想吃 (xiǎng chī) | 想休息 (xiǎng xiūxi),我想买一台电脑。,Wǒ xiǎng mǎi yì tái diànnǎo.,می‌خواهم یک کامپیوتر بخرم.,
229,想,xiǎng,HSK 1,动,2,思考；动脑筋考虑某事 (动),فکر کردن؛ دربارهٔ چیزی اندیشیدن یا ذهنش را به کار انداختن (فعل),想一想 (xiǎng yi xiǎng) | 想问题 (xiǎng wèntí) | 好好想 (hǎohāo xiǎng) | 想办法 (xiǎng bànfǎ),请你想一想这个问题。,Qǐng nǐ xiǎng yi xiǎng zhège wèntí.,لطفاً کمی دربارهٔ این مسئله فکر کن.,
229,想,xiǎng,HSK 1,动,3,认为；觉得；表示自己的判断或看法 (动),خیال کردن؛ گمان کردن؛ نظر یا برداشت داشتن دربارهٔ چیزی (فعل),我想 (wǒ xiǎng) | 我想是这样 (wǒ xiǎng shì zhèyàng) | 不这样想 (bù zhèyàng xiǎng) | 你怎么想 (nǐ zěnme xiǎng),我想他今天不会来。,Wǒ xiǎng tā jīntiān bú huì lái.,فکر می‌کنم او امروز نمی‌آید.,
229,想,xiǎng,HSK 1,动,4,想念；思念某人或某地 (动),دلتنگ بودن؛ به یاد کسی یا جایی بودن (فعل),想家 (xiǎng jiā) | 想妈妈 (xiǎng māma) | 很想你 (hěn xiǎng nǐ) | 想朋友 (xiǎng péngyou),我很想我的家人。,Wǒ hěn xiǎng wǒ de jiārén.,خیلی دلتنگ خانواده‌ام هستم.,
230,先生,xiānsheng,HSK 1,名,1,对成年男性的礼貌称呼；可接在姓后 (名),"آقا؛ جناب؛ عنوان مؤدبانه برای مرد بالغ، مخصوصاً بعد از نام خانوادگی (اسم/عنوان)","王先生 (Wáng xiānsheng) | 这位先生 (zhè wèi xiānsheng) | 李先生 (Lǐ xiānsheng) | 女士们，先生们 (nǚshìmen, xiānshēngmen)",王先生是我的老师。,Wáng xiānsheng shì wǒ de lǎoshī.,آقای وانگ معلم من است.,
231,现在,xiànzài,HSK 1,名,1,说话时的这个时间；目前 (名),اکنون؛ حالا؛ زمان حاضر (اسم زمان),现在几点 (xiànzài jǐ diǎn) | 现在开始 (xiànzài kāishǐ) | 现在还早 (xiànzài hái zǎo),现在几点了？,Xiànzài jǐ diǎn le?,الان ساعت چند است؟,
232,小,xiǎo,HSK 1,形,1,体积、面积、数量或范围不大 (形),"کوچک؛ کم؛ از نظر اندازه، مساحت، تعداد، مقدار یا دامنه بزرگ نبودن (صفت)",小房间 (xiǎo fángjiān) | 小城市 (xiǎo chéngshì) | 小国 (Xiǎoguó) | 声音小 (shēngyīn xiǎo) ,这个房间很小。,Zhège fángjiān hěn xiǎo.,این اتاق خیلی کوچک است.,
232,小,xiǎo,HSK 1,形,2,程度轻；不严重或不重要 (形),جزئی؛ کم‌اهمیت؛ سبک؛ نه‌چندان جدی یا مهم (صفت),小问题 (xiǎo wèntí) | 小事 (xiǎoshì) | 小错误 (xiǎo cuòwù) | 小病 (xiǎo bìng) ,这只是一个小问题。,Zhè zhǐ shì yí ge xiǎo wèntí.,این فقط یک مشکل جزئی است.,
232,小,xiǎo,HSK 1,形,3,年龄小；比别人年轻 (形),کم‌سن؛ کوچک‌تر از نظر سن؛ جوان‌تر از کسی دیگر (صفت),年纪小 (niánjì xiǎo) | 比我小 (bǐ wǒ xiǎo) | 小孩子 (xiǎo háizi) | 小妹妹 (xiǎo mèimei),他比我小三岁。,Tā bǐ wǒ xiǎo sān suì.,او سه سال از من کوچک‌تر است.,
232,小,xiǎo,HSK 1,形,4,用于动物名前，表示幼小的动物 (形),"کوچولو، پیش از نام حیوان می‌آید و بچه یا کم‌سن بودن آن حیوان را نشان می‌دهد؛ مثل توله/بچهٔ حیوان (صفت)",小狗 (xiǎo gǒu) | 小猫 (xiǎo māo) | 小鸟 (xiǎo niǎo) | 小鸡 (xiǎo jī),那只小狗很可爱。,Nà zhī xiǎo gǒu hěn kě'ài.,آن توله‌سگ خیلی بامزه است.,
232,小,xiǎo,HSK 1,形,5,表示时间短或动作规模小，常用于构词 (语素/副),"کمی؛ کوتاه‌مدت؛ برای کاری کوتاه، مختصر یا سبک، بیشتر در ترکیب‌ها (تکواژ/قید)",小坐一会儿 (xiǎozuò yíhuìr) | 小住几天 (xiǎozhù jǐ tiān) | 小睡一会儿 (xiǎoshuì yíhuìr) | 小聚一下 (xiǎojù yíxià),你先在这儿小坐一会儿。,Nǐ xiān zài zhèr xiǎozuò yíhuìr.,اول کمی اینجا بنشین / مدتی کوتاه اینجا بنشین.,
232,小,xiǎo,HSK 1,形,6,用于姓氏、名字或称呼前，表示亲近、随意或昵称 (前缀),"پیشوند صمیمی یا خودمانی پیش از نام، نام خانوادگی یا عنوان؛ برای خطاب دوستانه یا غیررسمی (پیشوند)",小王 (Xiǎo Wáng) | 小李 (Xiǎo Lǐ) | 小张 (Xiǎo Zhāng) | 小赵 (Xiǎo Zhào),小王是我的同学。,Xiǎo Wáng shì wǒ de tóngxué.,شیائو وانگ هم‌کلاسی من است.,
233,小朋友,xiǎopéngyou,HSK 1,名,1,儿童；也可作为对儿童的亲切称呼 (名),"کودک؛ بچه؛ همچنین خطاب صمیمانه و مؤدبانه به کودک، مثل «بچه جان» (اسم/خطاب)",一个小朋友 (yí ge xiǎopéngyou) | 小朋友们 (xiǎopéngyoumen) | 这位小朋友 (zhè wèi xiǎopéngyou) | 小朋友你好 (xiǎopéngyou nǐ hǎo),小朋友，你叫什么名字？,"Xiǎopéngyou, nǐ jiào shénme míngzi?","بچه جان، اسمت چیست؟",
234,小时,xiǎoshí,HSK 1,名、量,1,时间单位，一小时等于六十分钟 (名/量),ساعت؛ واحد زمان برابر با شصت دقیقه (اسم/واحد شمارش),一个小时 (yí ge xiǎoshí) | 两个小时 (liǎng ge xiǎoshí) | 半小时 (bàn xiǎoshí) | 几个小时 (jǐ ge xiǎoshí),我每天学习一个小时汉语。,Wǒ měitiān xuéxí yí ge xiǎoshí Hànyǔ.,من هر روز یک ساعت چینی می‌خوانم.,
235,小学,xiǎoxué,HSK 1,名,1,对儿童进行初等教育的学校 (名),دبستان؛ مدرسهٔ ابتدایی (اسم),上小学 (shàng xiǎoxué) | 小学老师 (xiǎoxué lǎoshī) | 小学生 (xiǎoxuéshēng) | 这所小学 (zhè suǒ xiǎoxué),我女儿在这所小学上学。,Wǒ nǚ'ér zài zhè suǒ xiǎoxué shàngxué.,دخترم در این دبستان درس می‌خواند.,
236,小学生,xiǎoxuéshēng,HSK 1,名,1,在小学学习的学生 (名),دانش‌آموز دبستان؛ دانش‌آموز دورهٔ ابتدایی (اسم),一个小学生 (yí ge xiǎoxuéshēng) | 小学生们 (xiǎoxuéshēngmen) | 小学生书包 (xiǎoxuéshēng shūbāo) | 小学生作业 (xiǎoxuéshēng zuòyè),他是小学生。,Tā shì xiǎoxuéshēng.,او دانش‌آموز دبستانی است.,
237,下午,xiàwǔ,HSK 1,名,1,中午以后到傍晚以前的一段时间 (名),بعدازظهر؛ بازهٔ زمانی بعد از ظهر تا پیش از غروب (اسم زمان),今天下午 (jīntiān xiàwǔ) | 明天下午 (míngtiān xiàwǔ) | 下午三点 (xiàwǔ sān diǎn) | 下午有课 (xiàwǔ yǒu kè),我下午三点有课。,Wǒ xiàwǔ sān diǎn yǒu kè.,من بعدازظهر ساعت سه کلاس دارم.,
238,写,xiě,HSK 1,动,1,用笔、键盘等记录文字、符号或内容 (动),"نوشتن؛ ثبت کردن کلمه، نشانه، نام یا متن با قلم، کیبورد و مانند آن (فعل)",写汉字 (xiě Hànzì) | 写名字 (xiě míngzi) | 写作业 (xiě zuòyè) | 写下来 (xiě xiàlai),请写你的名字。,Qǐng xiě nǐ de míngzi.,لطفاً اسمت را بنویس.,
238,写,xiě,HSK 1,动,2,创作文章、书、信、歌等 (动),"نوشتن؛ ساختن یا تألیف کردنِ متن، نامه، کتاب، شعر یا ترانه (فعل)",写信 (xiě xìn) | 写文章 (xiě wénzhāng) | 写书 (xiě shū) | 写歌 (xiě gē),他给朋友写了一封信。,Tā gěi péngyou xiě le yì fēng xìn.,او برای دوستش یک نامه نوشت.,
239,些,xiē,HSK 1,量,1,表示不定的少量或若干 (量),چند؛ مقداری؛ تعدادی نامعین و معمولاً نه زیاد (واحد/کمیت‌نما),一些书 (yìxiē shū) | 这些人 (zhèxiē rén) | 那些东西 (nàxiē dōngxi) | 买些水果 (mǎi xiē shuǐguǒ),我买了一些水果。,Wǒ mǎi le yìxiē shuǐguǒ.,من مقداری میوه خریدم.,
239,些,xiē,HSK 1,量,2,用在形容词或动词后，表示程度略微增加或变化 (助/量),کمی؛ قدری؛ بعد از صفت یا فعل می‌آید و مقدار یا درجه را کمی تغییر می‌دهد (نشانه/کمیت‌نما),大些 (dà xiē) | 快些 (kuài xiē) | 好些 (hǎo xiē) | 慢些 (màn xiē),请说慢些。,Qǐng shuō màn xiē.,لطفاً کمی آهسته‌تر صحبت کن.,
240,谢谢,xièxie,HSK 1,动、习用语,1,表示感谢；也可作为礼貌的感谢用语 (动/习用语),"تشکر کردن؛ ممنون گفتن؛ ممنون، متشکرم، به‌عنوان عبارت مؤدبانهٔ سپاسگزاری (فعل/عبارت)",谢谢你 (xièxie nǐ) | 谢谢大家 (xièxie dàjiā) | 非常谢谢 (fēicháng xièxie) | 说谢谢 (shuō xièxie),A：这是你的书。B：谢谢。,A: Zhè shì nǐ de shū. B: Xièxie.,الف: این کتاب توست. ب: ممنون.,
241,喜欢,xǐhuan,HSK 1,动,1,对人、事物或活动有好感、兴趣或愿意做 (动),"دوست داشتن؛ علاقه داشتن به کسی، چیزی یا انجام کاری (فعل)",喜欢汉语 (xǐhuan Hànyǔ) | 喜欢音乐 (xǐhuan yīnyuè) | 喜欢看书 (xǐhuan kàn shū) | 喜欢喝茶 (xǐhuan hē chá),我很喜欢中文歌。,Wǒ hěn xǐhuan Zhōngwén gē.,من آهنگ‌های چینی را خیلی دوست دارم.,
242,新,xīn,HSK 1,形,1,刚出现、刚得到、刚做成、刚加入或不同于过去的；不是旧的 (形),"جدید؛ تازه؛ نو؛ تازه‌به‌وجودآمده، تازه‌به‌دست‌آمده، تازه‌وارد، یا متفاوت با گذشته؛ کهنه نبودن (صفت)",新书 (xīn shū) | 新衣服 (xīn yīfu) | 新同学 (xīn tóngxué) | 新办法 (xīn bànfǎ) | 新想法 (xīn xiǎngfǎ),我买了一件新衣服。,Wǒ mǎi le yí jiàn xīn yīfu.,من یک لباس نو خریدم.,
243,星期,xīngqī,HSK 1,名,1,以七天为一周期的时间单位 (名),هفته؛ دورهٔ زمانی هفت‌روزه (اسم زمان),这个星期 (zhège xīngqī) | 下个星期 (xià ge xīngqī) | 一个星期 (yí ge xīngqī) | 每个星期 (měi ge xīngqī),这个星期我很忙。,Zhège xīngqī wǒ hěn máng.,این هفته خیلی سرم شلوغ است.,
243,星期,xīngqī,HSK 1,名,2,表示一周中的某一天 (名),روز هفته؛ برای نام‌بردن یکی از روزهای هفته (اسم زمان),星期一 (xīngqī yī) | 星期五 (xīngqī wǔ) | 星期几 (xīngqī jǐ) | 星期天 (xīngqītiān),今天星期几？,Jīntiān xīngqī jǐ?,امروز چندشنبه است؟,
244,星期日,xīngqīrì,HSK 1,名,1,一周中的星期日；星期天；周日 (名),"یکشنبه؛ روز یکشنبه، همان 星期天 یا 周日 (اسم زمان)",星期日休息 (xīngqīrì xiūxi) | 星期日见 (xīngqīrì jiàn) | 上个星期日 (shàng ge xīngqīrì) | 这个星期日 (zhège xīngqīrì),星期日我在家休息。,Xīngqīrì wǒ zài jiā xiūxi.,یکشنبه در خانه استراحت می‌کنم.,
245,星期天,xīngqītiān,HSK 1,名,1,一周中的星期日；周日 (名),"یکشنبه؛ روز یکشنبه، همان 星期日 یا 周日 (اسم زمان)",星期天休息 (xīngqītiān xiūxi) | 星期天去玩 (xīngqītiān qù wán) | 这个星期天 (zhège xīngqītiān) | 上个星期天 (shàng ge xīngqītiān),这个星期天我们去看电影。,Zhège xīngqītiān wǒmen qù kàn diànyǐng.,این یکشنبه می‌رویم فیلم ببینیم.,
246,休息,xiūxi,HSK 1,动、名,1,停止工作、学习或活动，使身体或精神放松 (动),"استراحت کردن؛ دست کشیدن موقت از کار، درس یا فعالیت برای آرام شدن بدن یا ذهن (فعل)",休息一下 (xiūxi yíxià) | 在家休息 (zài jiā xiūxi) | 好好休息 (hǎohāo xiūxi) | 休息一会儿 (xiūxi yíhuìr),你累了，休息一下吧。,"Nǐ lèi le, xiūxi yíxià ba.","خسته‌ای، کمی استراحت کن.",
246,休息,xiūxi,HSK 1,动、名,2,休息的时间或状态 (名),استراحت؛ زمان یا حالتِ استراحت (اسم),休息时间 (xiūxi shíjiān) | 课间休息 (kèjiān xiūxi) | 休息室 (xiūxishì),现在是休息时间。,Xiànzài shì xiūxi shíjiān.,الان زمان استراحت است.,
247,学,xué,HSK 1,动,1,学习；获得知识或技能 (动),یاد گرفتن؛ آموختن؛ دانش یا مهارتی را یاد گرفتن (فعل),学汉语 (xué Hànyǔ) | 学开车 (xué kāichē) | 学写汉字 (xué xiě Hànzì) | 跟老师学 (gēn lǎoshī xué),我在学汉语。,Wǒ zài xué Hànyǔ.,من دارم چینی یاد می‌گیرم.,
247,学,xué,HSK 1,动,2,模仿；照着别人或某种样子做 (动),تقلید کردن؛ از روی کسی یا چیزی انجام دادن یا یاد گرفتن (فعل),学他说话 (xué tā shuōhuà) | 学猫叫 (xué māo jiào) | 学样子 (xué yàngzi) | 学大人说话 (xué dàren shuōhuà),孩子喜欢学大人说话。,Háizi xǐhuan xué dàren shuōhuà.,بچه‌ها دوست دارند حرف زدن بزرگ‌ترها را تقلید کنند.,
248,雪,xuě,HSK 1,名,1,空气中的水汽凝结成白色晶体落下的东西 (名),برف؛ بلورهای سفید یخ که از آسمان می‌بارد (اسم),下雪 (xià xuě) | 大雪 (dà xuě) | 雪很白 (xuě hěn bái) | 看雪 (kàn xuě),今天下雪了。,Jīntiān xià xuě le.,امروز برف بارید.,
249,学生,xuésheng,HSK 1,名,1,在学校或跟老师学习的人 (名),دانش‌آموز؛ دانشجو؛ زبان‌آموز یا کسی که نزد معلمی درس می‌خواند (اسم),大学生 (dàxuéshēng) | 小学生 (xiǎoxuéshēng) | 学生们 (xuéshengmen) | 汉语学生 (Hànyǔ xuésheng),我是汉语学生。,Wǒ shì Hànyǔ xuésheng.,من زبان‌آموز چینی هستم.,
250,学习,xuéxí,HSK 1,动、名,1,通过听、读、练习等获得知识或技能 (动),"یاد گرفتن؛ درس خواندن؛ با شنیدن، خواندن و تمرین دانش یا مهارت کسب کردن (فعل)",学习汉语 (xuéxí Hànyǔ) | 学习写字 (xuéxí xiě zì) | 努力学习 (nǔlì xuéxí) | 学习开车 (xuéxí kāichē),我每天学习汉语。,Wǒ měitiān xuéxí Hànyǔ.,من هر روز چینی می‌خوانم.,
250,学习,xuéxí,HSK 1,动、名,2,学习活动、过程或状态 (名),یادگیری؛ مطالعه؛ درس خواندن؛ فعالیت یا فرایند یاد گرفتن (اسم),学习时间 (xuéxí shíjiān) | 学习方法 (xuéxí fāngfǎ) | 汉语学习 (Hànyǔ xuéxí) | 学习计划 (xuéxí jìhuà),学习需要时间。,Xuéxí xūyào shíjiān.,یادگیری زمان می‌خواهد.,
251,学校,xuéxiào,HSK 1,名,1,进行教育和学习的地方 (名),مدرسه؛ آموزشگاه؛ محل آموزش و درس خواندن (اسم),去学校 (qù xuéxiào) | 在学校 (zài xuéxiào) | 学校里 (xuéxiào lǐ) | 学校门口 (xuéxiào ménkǒu) | 高等学校 (Gāoděng xuéxiào),我每天去学校。,Wǒ měitiān qù xuéxiào.,من هر روز به مدرسه می‌روم.,
252,要,yào,HSK 1,动,1,想得到、希望拥有或决定选取某物 (动),"خواستن؛ چیزی را خواستن، انتخاب کردن یا برداشتن/گرفتن چیزی برای خود (فعل)",要一杯水 (yào yì bēi shuǐ) | 要这个 (yào zhège) | 要不要 (yào bu yào) | 我要(wǒ yào),我要一杯水。,Wǒ yào yì bēi shuǐ.,من یک لیوان آب می‌خواهم.,
252,要,yào,HSK 1,动,2,向别人索取、请求或要求某物、某事 (动),درخواست کردن؛ طلب کردن؛ از کسی چیزی یا کاری خواستن (فعل),要钱 (yào qián) | 要电话号码 (yào diànhuà hàomǎ) | 要帮助 (yào bāngzhù) | 要答案 (yào dá'àn),他向老师要了一本书。,Tā xiàng lǎoshī yào le yì běn shū.,او از معلم یک کتاب خواست.,
252,要,yào,HSK 1,动,3,表示打算、将要做某事或将要发生 (助动词),قصد داشتن؛ قرار بودن؛ در آینده انجام شدن یا نزدیک بودنِ وقوع چیزی (فعل کمکی),要去 (yào qù) | 要买 (yào mǎi) | 要下雨了 (yào xià yǔ le) | 快要到了 (kuài yào dào le),我明天要去学校。,Wǒ míngtiān yào qù xuéxiào.,من فردا قرار است به مدرسه بروم.,
252,要,yào,HSK 1,动,4,表示需要、应该或必须做某事 (助动词),باید؛ لازم است؛ نیاز است کاری انجام شود (فعل کمکی),要休息 (yào xiūxi) | 要小心 (yào xiǎoxīn) | 要学习 (yào xuéxí) | 不要说话 (búyào shuōhuà),生病了要好好休息。,Shēng bìng le yào hǎohāo xiūxi.,وقتی مریضی باید خوب استراحت کنی.,
252,要,yào,HSK 1,动,5,表示需要花费时间、金钱或达到某种数量 (动),"وقت، پول یا مقدار لازم داشتن؛ طول کشیدن یا هزینه داشتن (فعل)",要多少钱 (yào duōshao qián) | 要十分钟 (yào shí fēnzhōng) | 要三个人 (yào sān ge rén) | 要很多时间 (yào hěn duō shíjiān),从这里到学校要十分钟。,Cóng zhèlǐ dào xuéxiào yào shí fēnzhōng.,از اینجا تا مدرسه ده دقیقه طول می‌کشد.,
253,也,yě,HSK 1,副,1,表示同样、并列或补充 (副),"هم؛ نیز؛ همچنین، برای نشان دادن اینکه موردی هم مثل مورد دیگر است یا چیزی اضافه می‌شود (قید)",我也去 (wǒ yě qù) | 他也喜欢 (tā yě xǐhuan) | 也很好 (yě hěn hǎo) | 你也来 (nǐ yě lái),我也喜欢喝茶。,Wǒ yě xǐhuan hē chá.,من هم چای دوست دارم.,
253,也,yě,HSK 1,副,2,和否定词、疑问代词等连用，表示强调、全否定或无例外 (副),"هم؛ حتی؛ اصلاً/هیچ، همراه با نفی یا ضمیرهای پرسشی برای تأکید، نفی کامل یا بی‌استثنا بودن (قید)",一点儿也不 (yìdiǎnr yě bù) | 谁也不知道 (shéi yě bù zhīdào) | 什么也没有 (shénme yě méiyǒu) | 怎么也不懂 (zěnme yě bù dǒng),我一点儿也不累。,Wǒ yìdiǎnr yě bú lèi.,من اصلاً خسته نیستم.,
254,一,yī,HSK 1,数,1,数字一；最小的正整数 (数),یک؛ عدد ۱ (عدد),一个人 (yí ge rén) | 一本书 (yì běn shū) | 一杯水 (yì bēi shuǐ) | 一天 (yì tiān)| 一件事 (yí jiàn shì),我有一本书。,Wǒ yǒu yì běn shū.,من یک کتاب دارم.,
254,一,yī,HSK 1,数,4,表示整个、全部或满 (数/形),همهٔ؛ کلِ؛ سراسرِ؛ پر از یک چیز (عدد/صفت),一身汗 (yì shēn hàn) | 一屋子人 (yì wūzi rén) | 一脸笑 (yì liǎn xiào) | 一天都在家 (yì tiān dōu zài jiā),他跑得一身汗。,Tā pǎo de yì shēn hàn.,آن‌قدر دوید که سر تا پا عرق شد.,
254,一,yī,HSK 1,数,5,用在动词前或动词重叠中，表示动作短暂或试一试 (数/助),"یک بار کوتاه؛ کمی؛ برای انجام کوتاه، سبک یا امتحانیِ یک عمل (عدد/نشانه)",看一看 (kàn yi kàn) | 想一想 (xiǎng yi xiǎng) | 问一问 (wèn yi wèn) | 等一等 (děng yi děng),请你看一看这个汉字。,Qǐng nǐ kàn yi kàn zhège Hànzì.,لطفاً نگاهی به این کاراکتر چینی بینداز.,
254,一,yī,HSK 1,数,6,表示动作一发生，另一个动作马上发生 (副/连),"به‌محض اینکه؛ همین که؛ وقتی یک کار رخ می‌دهد، کار بعدی فوراً اتفاق می‌افت در ترکیب 一….就.... (قید/رابط)",一听就懂 (yì tīng jiù dǒng) | 一看就知道 (yí kàn jiù zhīdào) | 一到就打电话 (yí dào jiù dǎ diànhuà) | 一说就笑 (yì shuō jiù xiào),他一看就知道了。,Tā yí kàn jiù zhīdào le.,"او به‌محض اینکه نگاه کرد، فهمید.",
254,一,yī,HSK 1,数,7,表示动作突然发生或情况突然变化 (副),ناگهان؛ یک‌دفعه؛ برای رخ دادن ناگهانی عمل یا تغییر وضعیت (قید),一站起来 (yí zhàn qǐlái) | 一下子 (yíxiàzi) | 一转身 (yì zhuǎnshēn) | 一开门 (yì kāi mén),他一站起来，大家都看着他。,"Tā yí zhàn qǐlái, dàjiā dōu kànzhe tā.","او یک‌دفعه که بلند شد، همه نگاهش کردند.",
255,一半,yíbàn,HSK 1,数、名,1,二分之一；半数；某物的一部分但不是全部 (数/名),نصف؛ نیم؛ بخشی از چیزی که همهٔ آن نیست (عدد/اسم),一半时间 (yíbàn shíjiān) | 一半钱 (yíbàn qián) | 吃一半 (chī yíbàn) | 一半以上 (yíbàn yǐshàng),这个苹果我吃了一半。,Zhège píngguǒ wǒ chī le yíbàn.,من نصف این سیب را خوردم.,
256,一点儿,yìdiǎnr,HSK 1,量、副,1,表示少量；一点 (量),کمی؛ مقدار اندک؛ یک مقدار کم از چیزی (کمیت‌نما),一点儿水 (yìdiǎnr shuǐ) | 一点儿时间 (yìdiǎnr shíjiān) | 一点儿钱 (yìdiǎnr qián) | 吃一点儿 (chī yìdiǎnr),请给我一点儿水。,Qǐng gěi wǒ yìdiǎnr shuǐ.,لطفاً کمی آب به من بده.,
256,一点儿,yìdiǎnr,HSK 1,量、副,2,用在形容词或动词后，表示程度稍微增加、减少或变化 (副/量),"کمی؛ اندکی، بعد از صفت یا فعل برای تغییر کمِ درجه، مقدار یا لحن درخواست (قید/کمیت‌نما)",大一点儿 (dà yìdiǎnr) | 便宜一点儿 (piányi yìdiǎnr) | 慢一点儿 (màn yìdiǎnr) | 好一点儿 (hǎo yìdiǎnr),请说慢一点儿。,Qǐng shuō màn yìdiǎnr.,لطفاً کمی آهسته‌تر صحبت کن.,
257,衣服,yīfu,HSK 1,名,1,穿在身上的东西 (名),لباس؛ پوشاک؛ چیزی که روی بدن می‌پوشند (اسم),穿衣服 (chuān yīfu) | 买衣服 (mǎi yīfu) | 新衣服 (xīn yīfu) | 洗衣服 (xǐ yīfu),这件衣服很好看。,Zhè jiàn yīfu hěn hǎokàn.,این لباس خیلی قشنگ است.,
258,医生,yīshēng,HSK 1,名,1,给病人看病、治病的人 (名),پزشک؛ دکتر؛ کسی که بیمار را معاینه و درمان می‌کند (اسم),看医生 (kàn yīshēng) | 一位医生 (yí wèi yīshēng) | 去医院找医生 (qù yīyuàn zhǎo yīshēng) | 当医生 (dāng yīshēng),我明天去看医生。,Wǒ míngtiān qù kàn yīshēng.,من فردا پیش دکتر می‌روم.,
259,一下,yíxià,HSK 1,量、副,1,表示动作短暂地进行一次；也可使语气更轻松、礼貌 (量/副),یک بار کوتاه؛ کمی؛ یک لحظه؛ برای انجام کوتاه یک عمل یا نرم‌تر و مؤدبانه‌تر کردن درخواست (واحد/قید),看一下 (kàn yíxià) | 等一下 (děng yíxià) | 问一下 (wèn yíxià) | 帮一下 (bāng yíxià),请等一下。,Qǐng děng yíxià.,لطفاً کمی صبر کن.,
259,一下,yíxià,HSK 1,量、副,2,表示动作突然发生或情况突然变化 (副),"ناگهان؛ یک‌دفعه؛ یک‌باره، برای رخ دادن ناگهانی عمل یا تغییر وضعیت (قید)",一下站起来 (yíxià zhàn qǐlái) | 一下明白了 (yíxià míngbai le) | 一下哭了 (yíxià kū le) | 一下安静了 (yíxià ānjìng le),他一下站了起来。,Tā yíxià zhàn le qǐlái.,او ناگهان از جا بلند شد.,
260,一些,yìxiē,HSK 1,量,1,表示不定的数量；若干 (量),"بعضی، برخی، عده‌ای؛ چند؛ مقداری؛ تعدادی نامعین از چیزی (کمیت‌نما)",一些书 (yìxiē shū) | 一些水果 (yìxiē shuǐguǒ) | 一些朋友 (yìxiē péngyou) | 买一些 (mǎi yìxiē) | 有一些国家 (yǒu yīxiē guójiā),我买了一些水果。,Wǒ mǎi le yìxiē shuǐguǒ.,من مقداری میوه خریدم.,
260,一些,yìxiē,HSK 1,量,2,用在形容词后，表示程度或数量稍微多一点 (量/副),"کمی؛ مقداری بیشتر، بعد از صفت برای مقایسه یا افزایش اندک درجه/مقدار (کمیت‌نما/قید)",大一些 (dà yìxiē) | 好一些 (hǎo yìxiē) | 便宜一些 (piányi yìxiē) | 多一些 (duō yìxiē),这件衣服便宜一些。,Zhè jiàn yīfu piányi yìxiē.,این لباس کمی ارزان‌تر است.,
261,医院,yīyuàn,HSK 1,名,1,给病人检查、治疗和护理的地方 (名),"بیمارستان؛ مرکز درمانی برای معاینه، درمان و مراقبت از بیمار (اسم)",去医院 (qù yīyuàn) | 在医院看病 (zài yīyuàn kànbìng) | 医院里 (yīyuàn lǐ) | 去医院检查 (qù yīyuàn jiǎnchá),他今天去医院看病。,Tā jīntiān qù yīyuàn kànbìng.,او امروز برای معاینه/درمان به بیمارستان می‌رود.,
262,椅子,yǐzi,HSK 1,名,1,有腿和靠背、供人坐的家具 (名),"صندلی؛ وسیله‌ای برای نشستن، معمولاً با پایه و پشتی (اسم)",一把椅子 (yì bǎ yǐzi) | 坐在椅子上 (zuò zài yǐzi shang) | 椅子上 (yǐzi shang) | 搬椅子 (bān yǐzi),请坐在椅子上。,Qǐng zuò zài yǐzi shang.,لطفاً روی صندلی بنشین.,
263,有,yǒu,HSK 1,动,1,表示存在；某处存在某人、某物或某种情况 (动),"وجود داشتن؛ بودنِ کسی، چیزی یا وضعیتی در جایی (فعل)",有一个人 (yǒu yí ge rén) | 有一家商店 (yǒu yì jiā shāngdiàn) | 有水 (yǒu shuǐ) | 有问题 (yǒu wèntí),桌子上有一本书。,Zhuōzi shang yǒu yì běn shū.,روی میز یک کتاب هست.,
263,有,yǒu,HSK 1,动,2,表示拥有、具有或具备某种关系、条件、东西等 (动),"داشتن؛ دارا بودن؛ برخوردار بودن از چیزی، رابطه، ویژگی، وقت یا امکان (فعل)",有钱 (yǒu qián) | 有时间 (yǒu shíjiān) | 有朋友 (yǒu péngyou) | 有两个哥哥 (yǒu liǎng ge gēge),我有两个哥哥。,Wǒ yǒu liǎng ge gēge.,من دو برادر بزرگ‌تر دارم.,
263,有,yǒu,HSK 1,动,3,用于介绍某个时间、次数、时期或情况，相当于“某……” (动),"برای معرفی زمان، دفعات، دوره یا موقعیتی نامشخص در روایت می‌آید؛ مثل «یک روز»، «یک بار»، «مدتی» (فعل)",有一天 (yǒu yì tiān) | 有一次 (yǒu yí cì) | 有一天晚上 (yǒu yì tiān wǎnshang) | 有一个时期 (yǒu yí ge shíqī),有一次，我在学校见过他。,"Yǒu yí cì, wǒ zài xuéxiào jiàn guo tā.",یک بار او را در مدرسه دیده‌ام.,
263,有,yǒu,HSK 1,动,4,表示达到某种数量、年龄、高度、长度等 (动),"به مقدار، سن، اندازه یا درجه‌ای رسیدن؛ حدوداً داشتنِ مقدار مشخص (فعل)",有三岁大 (yǒu sān suì dà) | 有一米高 (yǒu yì mǐ gāo) | 有这么多 (yǒu zhème duō) | 有十公里远 (yǒu shí gōnglǐ yuǎn),这个孩子有八岁了。,Zhège háizi yǒu bā suì le.,این بچه حدوداً هشت ساله است.,
264,有的,yǒude,HSK 1,代,1,指某些人或事物中的一部分；常用于“有的……有的……”列举不同情况 (代),"بعضی؛ برخی؛ بخشی از افراد یا چیزها، مخصوصاً برای برشمردن حالت‌ها یا دسته‌های مختلف (ضمیر)",有的人 (yǒu de rén) | 有的书 (yǒu de shū) | 有的时候 (yǒu de shíhou) | 有的……有的…… (yǒu de... yǒu de...),有的人喜欢喝茶，有的人喜欢喝咖啡。,"Yǒu de rén xǐhuan hē chá, yǒu de rén xǐhuan hē kāfēi.","بعضی‌ها چای دوست دارند، بعضی‌ها قهوه.",
265,有些,yǒuxiē,HSK 1,代、副,1,表示一部分；有的 (代),بعضی؛ برخی؛ تعدادی یا مقداری از یک گروه یا چیزها (ضمیر),有些人 (yǒuxiē rén) | 有些书 (yǒuxiē shū) | 有些问题 (yǒuxiē wèntí) | 有些学生 (yǒuxiē xuésheng),有些学生已经回家了。,Yǒuxiē xuésheng yǐjīng huí jiā le.,بعضی از دانش‌آموزان قبلاً به خانه برگشته‌اند.,
265,有些,yǒuxiē,HSK 1,代、副,2,表示程度轻微；有点儿 (副),"کمی؛ تا حدی؛ اندکی، معمولاً قبل از صفت یا حالت (قید)",有些冷 (yǒuxiē lěng) | 有些忙 (yǒuxiē máng) | 有些贵 (yǒuxiē guì) | 有些不舒服 (yǒuxiē bù shūfu),今天有些冷。,Jīntiān yǒuxiē lěng.,امروز کمی سرد است.,
266,有点儿,yǒudiǎnr,HSK 1,副,1,表示程度不高，略微；常带轻微不满意的语气 (副),"کمی؛ اندکی؛ تا حدی، اغلب وقتی گوینده حس می‌کند مقدارش کمی زیاد یا ناخوشایند است (قید)",有点儿冷 (yǒudiǎnr lěng) | 有点儿贵 (yǒudiǎnr guì) | 有点儿忙 (yǒudiǎnr máng) | 有点儿累 (yǒudiǎnr lèi),这件衣服有点儿贵。,Zhè jiàn yīfu yǒudiǎnr guì.,این لباس کمی گران است.,Usually carries mild negative or undesirable feeling.
267,雨,yǔ,HSK 1,名,1,从云中落下的水滴 (名),باران؛ قطره‌های آب که از ابر می‌بارد (اسم),下雨 (xià yǔ) | 大雨 (dà yǔ) | 小雨 (xiǎo yǔ) | 雨停了 (yǔ tíng le),外边下雨了。,Wàibian xià yǔ le.,بیرون باران می‌بارد / باران آمده است.,
268,元,yuán,HSK 1,量、名,1,人民币的基本货币单位；也泛指钱的单位“元” (量/名),یوان؛ واحد پول چین؛ همچنین واحد پولی «یوان/واحد» در قیمت‌ها (واحد/اسم),十元 (shí yuán) | 一百元 (yì bǎi yuán) | 多少元 (duōshao yuán) | 三十元 (sānshí yuán),这本书三十元。,Zhè běn shū sānshí yuán.,این کتاب سی یوان است.,
269,月,yuè,HSK 1,名、量,1,月份；一年中的十二分之一 (名/量),ماه؛ یکی از دوازده بخش سال؛ ماه تقویمی (اسم زمان/واحد شمارش),一月 (yī yuè) | 这个月 (zhège yuè) | 下个月 (xià ge yuè) | 三个月 (sān ge yuè),我下个月去北京。,Wǒ xià ge yuè qù Běijīng.,من ماه آینده به پکن می‌روم.,
270,再,zài,HSK 1,副,1,表示动作重复或继续发生 (副),دوباره؛ باز هم؛ برای تکرار یا ادامهٔ یک کار (قید),再说一遍 (zài shuō yí biàn) | 再来一次 (zài lái yí cì) | 再看一下 (zài kàn yíxià) | 再试一次 (zài shì yí cì),请再说一遍。,Qǐng zài shuō yí biàn.,لطفاً یک بار دیگر بگو.,
270,再,zài,HSK 1,副,2,表示动作将在以后或另一个时间发生 (副),"بعداً؛ سپس؛ در زمان دیگر، برای کاری که بعداً انجام می‌شود (قید)",明天再说 (míngtiān zài shuō) | 以后再见 (yǐhòu zài jiàn) | 吃完再走 (chī wán zài zǒu) | 下次再来 (xià cì zài lái),我们明天再见。,Wǒmen míngtiān zài jiàn.,فردا دوباره همدیگر را می‌بینیم.,
270,再,zài,HSK 1,副,3,表示程度或数量进一步增加 (副),"کمی دیگر؛ بیشتر؛ باز هم، برای افزایش مقدار، درجه یا زمان (قید)",再大一点儿 (zài dà yìdiǎnr) | 再便宜一些 (zài piányi yìxiē) | 再多一点儿 (zài duō yìdiǎnr) | 再等一会儿 (zài děng yíhuìr),请再便宜一点儿。,Qǐng zài piányi yìdiǎnr.,لطفاً کمی ارزان‌تر بدهید.,
271,在,zài,HSK 1,动、介、副,1,表示人或事物存在于某处 (动),بودن در جایی؛ قرار داشتن در مکانی (فعل),在家 (zài jiā) | 在学校 (zài xuéxiào) | 在医院 (zài yīyuàn) | 在房间里 (zài fángjiān lǐ),我在学校。,Wǒ zài xuéxiào.,من در مدرسه هستم.,
271,在,zài,HSK 1,动、介、副,2,表示动作发生的地点、时间或范围 (介),"در؛ در مکان، زمان یا محدوده‌ای که کاری در آن انجام می‌شود (حرف اضافه)",在北京工作 (zài Běijīng gōngzuò) | 在家吃饭 (zài jiā chīfàn) | 在上午九点 (zài shàngwǔ jiǔ diǎn) | 在学校学习 (zài xuéxiào xuéxí),他在北京工作。,Tā zài Běijīng gōngzuò.,او در پکن کار می‌کند.,
271,在,zài,HSK 1,动、介、副,3,表示动作正在进行 (副),"در حال؛ دارد، برای نشان دادن اینکه کاری هم‌اکنون در جریان است (قید)",在看书 (zài kàn shū) | 在吃饭 (zài chīfàn) | 在学习 (zài xuéxí) | 正在上课 (zhèngzài shàngkè),她在看书。,Tā zài kàn shū.,او دارد کتاب می‌خواند.,
272,再见,zàijiàn,HSK 1,习用语,1,分别时说的告别语 (习用语),خداحافظ؛ بدرود؛ عبارت رایج هنگام جدا شدن (عبارت),说再见 (shuō zàijiàn) | 明天再见 (míngtiān zàijiàn) | 跟老师说再见 (gēn lǎoshī shuō zàijiàn),老师，再见！,"Lǎoshī, zàijiàn!","معلم، خداحافظ!",
273,早,zǎo,HSK 1,形、名、副,1,时间比较靠前；在一天、过程或时期的前段 (形/副),"زود؛ در زمانِ نسبتاً اول؛ در اوایل روز، کار یا دوره‌ای (صفت/قید)",很早 (hěn zǎo) | 早起 (zǎoqǐ) | 早睡 (zǎoshuì) | 早一点儿 (zǎo yìdiǎnr),我每天早睡早起。,Wǒ měitiān zǎo shuì zǎo qǐ.,من هر روز زود می‌خوابم و زود بیدار می‌شوم.,
273,早,zǎo,HSK 1,形、名、副,2,比通常、规定或预期的时间提前 (形/副),"زودتر از موعد؛ زودتر از زمان معمول، مقرر یا انتظارشده (صفت/قید)",来早了 (lái zǎo le) | 早到 (zǎo dào) | 早退 (zǎotuì) | 太早了 (tài zǎo le),我来早了，老师还没到。,"Wǒ lái zǎo le, lǎoshī hái méi dào.","من زودتر از موعد آمدم، معلم هنوز نرسیده است.",
273,早,zǎo,HSK 1,形、名、副,3,早晨；早上 (名/语素),"صبح؛ بامداد؛ اوایل روز، بیشتر در ترکیب‌ها (اسم/تکواژ)",早上 (zǎoshang) | 早饭 (zǎofàn) | 早安 (zǎo'ān) | 早晨 (zǎochén),早上好！,Zǎoshang hǎo!,صبح بخیر!,
273,早,zǎo,HSK 1,形、名、副,4,早已；很久以前已经 (副),قبلاً؛ از قبل؛ مدت‌ها پیش؛ از خیلی وقت پیش (قید),早知道 (zǎo zhīdào) | 早就 (zǎo jiù) | 早已 (zǎoyǐ) | 早认识 (zǎo rènshi),我早就认识他了。,Wǒ zǎo jiù rènshi tā le.,من مدت‌هاست او را می‌شناسم.,
274,早饭,zǎofàn,HSK 1,名,1,早上吃的一顿饭 (名),صبحانه؛ وعدهٔ غذایی صبح (اسم),吃早饭 (chī zǎofàn) | 做早饭 (zuò zǎofàn) | 早饭以后 (zǎofàn yǐhòu) | 不吃早饭 (bù chī zǎofàn),我每天七点吃早饭。,Wǒ měitiān qī diǎn chī zǎofàn.,من هر روز ساعت هفت صبحانه می‌خورم.,
275,早上,zǎoshang,HSK 1,名,1,一天开始后到上午较早的一段时间 (名),صبح؛ اوایل روز؛ زمان بعد از بیدار شدن تا پیش از نزدیک ظهر (اسم زمان),今天早上 (jīntiān zǎoshang) | 明天早上 (míngtiān zǎoshang) | 早上起床 (zǎoshang qǐchuáng) | 早上六点 (zǎoshang liù diǎn),我早上六点起床。,Wǒ zǎoshang liù diǎn qǐchuáng.,من صبح ساعت شش از خواب بیدار می‌شوم.,
276,怎么,zěnme,HSK 1,代、副,1,询问方式、方法或原因 (代/副),"چطور؛ چگونه؛ از چه راهی؛ همچنین چرا، برای پرسیدن روش، حالت یا علت (ضمیر/قید پرسشی)",怎么读 (zěnme dú) | 怎么写 (zěnme xiě) | 怎么去 (zěnme qù) | 怎么了 (zěnme le),这个汉字怎么读？,Zhège Hànzì zěnme dú?,این کاراکتر چینی چطور خوانده می‌شود؟,
276,怎么,zěnme,HSK 1,代、副,2,表示惊讶、反问、不理解或责问 (副),"چطور؛ چرا؛ مگر چطور، برای تعجب، سؤال بلاغی، نفهمیدن یا کمی سرزنش (قید پرسشی)",怎么会 (zěnme huì) | 怎么这么贵 (zěnme zhème guì) | 怎么不来 (zěnme bù lái) | 怎么还不睡 (zěnme hái bù shuì),你怎么还不睡？,Nǐ zěnme hái bù shuì?,چرا هنوز نخوابیده‌ای؟,
276,怎么,zěnme,HSK 1,代、副,3,用在否定句中，表示程度不高 (副),"چندان؛ خیلی، معمولاً در جملهٔ منفی برای کم بودن شدت یا مقدار (قید)",不怎么好 (bù zěnme hǎo) | 不怎么忙 (bù zěnme máng) | 不怎么贵 (bù zěnme guì) | 没怎么吃 (méi zěnme chī),我今天不怎么忙。,Wǒ jīntiān bù zěnme máng.,امروز چندان سرم شلوغ نیست.,
277,怎么样,zěnmeyàng,HSK 1,代,1,询问人、事物、情况、质量或结果如何 (代),"چطور است؛ وضعیت، کیفیت، نتیجه یا حالِ کسی/چیزی چگونه است؟ (ضمیر پرسشی)",天气怎么样 (tiānqì zěnmeyàng) | 身体怎么样 (shēntǐ zěnmeyàng) | 这个电影怎么样 (zhège diànyǐng zěnmeyàng) | 考得怎么样 (kǎo de zěnmeyàng),今天的天气怎么样？,Jīntiān de tiānqì zěnmeyàng?,هوای امروز چطور است؟,
277,怎么样,zěnmeyàng,HSK 1,代,2,用在建议后，征求对方意见或询问是否可以 (代),چطور است؟ نظرت چیست؟ بعد از پیشنهاد می‌آید و می‌پرسد آیا طرف مقابل موافق است یا نه (ضمیر پرسشی),一起去怎么样 (yìqǐ qù zěnmeyàng) | 吃饺子怎么样 (chī jiǎozi zěnmeyàng) | 明天去怎么样 (míngtiān qù zěnmeyàng) | 我们休息一下怎么样 (wǒmen xiūxi yíxià zěnmeyàng),我们去看电影，怎么样？,"Wǒmen qù kàn diànyǐng, zěnmeyàng?","برویم فیلم ببینیم، چطور است؟",
277,怎么样,zěnmeyàng,HSK 1,代,3,用于“不怎么样”，表示不太好、一般或不令人满意 (代),در ساختار «不怎么样» یعنی چندان خوب نیست؛ معمولی است؛ تعریفی ندارد؛ رضایت‌بخش نیست (ضمیر/عبارت),不怎么样 (bù zěnmeyàng) | 唱得不怎么样 (chàng de bù zěnmeyàng) | 做得不怎么样 (zuò de bù zěnmeyàng) | 味道不怎么样 (wèidào bù zěnmeyàng),她唱歌不怎么样。,Tā chàng gē bù zěnmeyàng.,آواز خواندنش چندان خوب نیست / تعریفی ندارد.,
278,找,zhǎo,HSK 1,动,1,寻找；想办法发现人或事物 (动),دنبال چیزی/کسی گشتن؛ جست‌وجو کردن؛ پیدا کردن (فعل),找人 (zhǎo rén) | 找书 (zhǎo shū) | 找工作 (zhǎo gōngzuò) | 找手机 (zhǎo shǒujī),我在找我的手机。,Wǒ zài zhǎo wǒ de shǒujī.,دارم دنبال موبایلم می‌گردم.,
278,找,zhǎo,HSK 1,动,2,去见某人或联系某人办事、说话 (动),"سراغ کسی رفتن؛ با کسی کار داشتن؛ برای دیدن، صحبت کردن یا انجام کاری به کسی مراجعه کردن (فعل)",找老师 (zhǎo lǎoshī) | 找朋友 (zhǎo péngyou) | 找医生 (zhǎo yīshēng) | 有人找你 (yǒu rén zhǎo nǐ),有人找你。,Yǒu rén zhǎo nǐ.,کسی با تو کار دارد / کسی دنبالت می‌گردد.,
278,找,zhǎo,HSK 1,动,3,退还多收的钱；找零 (动),باقی پول دادن؛ پول خرد یا بقیهٔ پول را برگرداندن (فعل),找钱 (zhǎo qián) | 找零 (zhǎolíng) | 不用找了 (búyòng zhǎo le) | 找你五块 (zhǎo nǐ wǔ kuài),给你一百块，不用找了。,"Gěi nǐ yì bǎi kuài, búyòng zhǎo le.","صد یوان می‌دهم، بقیه‌اش لازم نیست.",
279,这,zhè,HSK 1,代,1,指示较近的人、事物、时间、情况或刚提到的内容 (代),"این؛ اشاره به شخص، چیز، زمان، موقعیت نزدیک یا موضوعی که تازه گفته شده (ضمیر اشاره)",这本书 (zhè běn shū) | 这个人 (zhè ge rén) | 这件事 (zhè jiàn shì) | 这是 (zhè shì),这本书是我的。,Zhè běn shū shì wǒ de.,این کتاب مال من است.,
280,这边,zhèbiān,HSK 1,代,1,指离说话人较近的地方、方向，或说话人所在的一方、单位、方面 (代),"این طرف؛ این سمت؛ مکان یا جهت نزدیک به گوینده، یا سمت/طرف مربوط به گوینده، گروه یا سازمان او (ضمیر مکانی/اشاره‌ای)",来这边 (lái zhèbiān) | 坐这边 (zuò zhèbiān) | 我这边 (wǒ zhèbiān) | 这边没问题 (zhèbiān méi wèntí),请坐这边。,Qǐng zuò zhèbiān.,لطفاً این طرف بنشین.,
281,这个,zhège,HSK 1,代,1,指较近的一个人、事物、时间、情况或刚提到的内容 (代),"این؛ این یکی؛ اشاره به یک شخص، چیز، زمان، موقعیت نزدیک یا موضوعی که تازه گفته شده (ضمیر اشاره)",这个人 (zhège rén) | 这个杯子 (zhège bēizi) | 这个问题 (zhège wèntí) | 这个可以 (zhège kěyǐ),这个杯子是我的。,Zhège bēizi shì wǒ de.,این لیوان مال من است.,
282,这里,zhèlǐ,HSK 1,代,1,指离说话人较近的地方 (代),اینجا؛ این مکانِ نزدیک به گوینده (ضمیر مکانی),在这里 (zài zhèlǐ) | 到这里来 (dào zhèlǐ lái) | 这里有 (zhèlǐ yǒu) | 这里很安静 (zhèlǐ hěn ānjìng),这里有一家书店。,Zhèlǐ yǒu yì jiā shūdiàn.,اینجا یک کتاب‌فروشی هست.,
282,这里,zhèlǐ,HSK 1,代,2,指说话人所在的一方、单位、范围或相关处所 (代),"اینجا؛ پیشِ من/ما؛ سمت یا بخش مربوط به گوینده، محل یا گروه او (ضمیر مکانی/اشاره‌ای)",我这里 (wǒ zhèlǐ) | 老师这里 (lǎoshī zhèlǐ) | 公司这里 (gōngsī zhèlǐ) | 这里没问题 (zhèlǐ méi wèntí),书在我这里。,Shū zài wǒ zhèlǐ.,کتاب پیش من است.,
283,真,zhēn,HSK 1,副、形,1,确实；表示程度很高或语气强烈 (副),"واقعاً؛ خیلی؛ برای تأکید بر شدت احساس، نظر یا وضعیت (قید)",真好 (zhēn hǎo) | 真漂亮 (zhēn piàoliang) | 真高兴 (zhēn gāoxìng) | 真不容易 (zhēn bù róngyì),今天真冷。,Jīntiān zhēn lěng.,امروز واقعاً سرد است.,
283,真,zhēn,HSK 1,副、形,2,真实；不是假的 (形),واقعی؛ حقیقی؛ اصل؛ تقلبی یا دروغی نبودن (صفت),真的 (zhēn de) | 真话 (zhēnhuà) | 真名 (zhēnmíng) | 真朋友 (zhēn péngyou) | 真丝 (Zhēnsī),这是真的吗？,Zhè shì zhēn de ma?,این واقعی است؟,
284,正在,zhèngzài,HSK 1,副,1,表示动作在说话时或某一时间进行 (副),"در حال؛ دارد، برای نشان دادن کاری که در همان لحظه یا در زمانی مشخص در جریان است (قید)",正在看书 (zhèngzài kàn shū) | 正在吃饭 (zhèngzài chīfàn) | 正在上课 (zhèngzài shàngkè) | 正在学习 (zhèngzài xuéxí),他正在看书。,Tā zhèngzài kàn shū.,او در حال کتاب خواندن است.,
285,这儿,zhèr,HSK 1,代,1,指离说话人较近的地方；这里 (代),"اینجا؛ این مکانِ نزدیک به گوینده، همان 这里 (ضمیر مکانی)",在这儿 (zài zhèr) | 到这儿来 (dào zhèr lái) | 这儿有 (zhèr yǒu) | 坐这儿 (zuò zhèr),我在这儿等你。,Wǒ zài zhèr děng nǐ.,من اینجا منتظرت می‌مانم.,
285,这儿,zhèr,HSK 1,代,2,指说话人所在的一方、所在地或相关处所 (代),اینجا؛ پیش من/ما؛ سمت یا محل مربوط به گوینده (ضمیر مکانی/اشاره‌ای),我这儿 (wǒ zhèr) | 老师这儿 (lǎoshī zhèr) | 公司这儿 (gōngsī zhèr) | 这儿没问题 (zhèr méi wèntí),书在我这儿。,Shū zài wǒ zhèr.,کتاب پیش من است.,
286,这些,zhèxiē,HSK 1,代,1,指较近的多个或若干人、事物、情况或刚提到的内容 (代),"این‌ها؛ این چندتا؛ اشاره به چند شخص، چیز، مورد یا موضوع نزدیک یا تازه مطرح‌شده (ضمیر اشاره)",这些书 (zhèxiē shū) | 这些人 (zhèxiē rén) | 这些东西 (zhèxiē dōngxi) | 这些问题 (zhèxiē wèntí),这些书都是我的。,Zhèxiē shū dōu shì wǒ de.,این کتاب‌ها همه مال من هستند.,
287,只,zhǐ,HSK 1,副、量,1,表示仅仅；只有 (副),فقط؛ تنها؛ صرفاً (قید),只有 (zhǐ yǒu) | 只喜欢 (zhǐ xǐhuan) | 只认识一个 (zhǐ rènshi yí ge) | 只要一杯水 (zhǐ yào yì bēi shuǐ),我只认识一个汉字。,Wǒ zhǐ rènshi yí ge Hànzì.,من فقط یک کاراکتر چینی می‌شناسم.,
287,只,zhī,HSK 1,副、量,2,用于动物、成对身体部位之一、某些器物等的量词 (量),"واحد شمارش برای حیوانات، یکی از اعضای جفت بدن مثل دست/پا/چشم/گوش، و بعضی چیزها مثل قایق یا جعبه (واحد شمارش)",一只猫 (yì zhī māo) | 一只狗 (yì zhī gǒu) | 一只手 (yì zhī shǒu) | 一只眼睛 (yì zhī yǎnjing),我家有一只猫。,Wǒ jiā yǒu yì zhī māo.,خانهٔ ما یک گربه دارد.,Pronounced zhī as classifier.
288,知道,zhīdào,HSK 1,动,1,对事实、情况、信息、方法或原因等有所了解 (动),"دانستن؛ خبر داشتن؛ آگاه بودن از یک واقعیت، اطلاعات، روش، دلیل یا وضعیت (فعل)",知道这件事 (zhīdào zhè jiàn shì) | 不知道 (bù zhīdào) | 知道怎么做 (zhīdào zěnme zuò) | 知道为什么 (zhīdào wèishénme),我不知道他的名字。,Wǒ bù zhīdào tā de míngzi.,من اسم او را نمی‌دانم.,
289,中国,Zhōngguó,HSK 1,名,1,中华人民共和国，位于亚洲东部的国家 (名),"چین؛ جمهوری خلق چین، کشوری در شرق آسیا (اسم خاص)",中国人 (Zhōngguó rén) | 去中国 (qù Zhōngguó) | 中国菜 (Zhōngguó cài) | 在中国 (zài Zhōngguó),我明年去中国学习。,Wǒ míngnián qù Zhōngguó xuéxí.,من سال آینده برای تحصیل به چین می‌روم.,
290,中文,Zhōngwén,HSK 1,名,1,中国的语言文字；汉语 (名),زبان چینی؛ زبان و خط چینی؛ معمولاً برابر با 汉语 در کاربرد روزمره (اسم),学中文 (xué Zhōngwén) | 说中文 (shuō Zhōngwén) | 中文课 (Zhōngwén kè) | 中文老师 (Zhōngwén lǎoshī),我喜欢学中文。,Wǒ xǐhuan xué Zhōngwén.,من یادگیری زبان چینی را دوست دارم.,
290,中文,Zhōngwén,HSK 1,名,2,用中文写成的内容、文本或名称 (名),متن چینی؛ نوشته یا محتوایی که به زبان چینی است (اسم),看中文 (kàn Zhōngwén) | 写中文 (xiě Zhōngwén) | 中文名字 (Zhōngwén míngzi) | 中文书 (Zhōngwén shū),请写你的中文名字。,Qǐng xiě nǐ de Zhōngwén míngzi.,لطفاً اسم چینی‌ات را بنویس.,
291,中午,zhōngwǔ,HSK 1,名,1,白天十二点左右的时间 (名),ظهر؛ حوالی ساعت دوازده روز؛ زمان میانی روز (اسم زمان),今天中午 (jīntiān zhōngwǔ) | 中午吃饭 (zhōngwǔ chīfàn) | 中午休息 (zhōngwǔ xiūxi) | 中午十二点 (zhōngwǔ shí'èr diǎn),我们中午一起吃饭。,Wǒmen zhōngwǔ yìqǐ chīfàn.,ما ظهر با هم غذا می‌خوریم.,
292,中学,zhōngxué,HSK 1,名,1,小学以后、大学以前的学校阶段或学校 (名),مدرسهٔ متوسطه؛ دبیرستان؛ مرحلهٔ تحصیلی بعد از دبستان و قبل از دانشگاه (اسم),上中学 (shàng zhōngxué) | 中学老师 (zhōngxué lǎoshī) | 这所中学 (zhè suǒ zhōngxué) | 中学生活 (zhōngxué shēnghuó),我哥哥在中学学习。,Wǒ gēge zài zhōngxué xuéxí.,برادر بزرگ‌ترم در مدرسهٔ متوسطه/دبیرستان درس می‌خواند.,
293,中学生,zhōngxuéshēng,HSK 1,名,1,在中学学习的学生 (名),دانش‌آموز مدرسهٔ متوسطه؛ دانش‌آموز دبیرستانی (اسم),一个中学生 (yí ge zhōngxuéshēng) | 中学生们 (zhōngxuéshēngmen) | 中学生生活 (zhōngxuéshēng shēnghuó) | 中学生书包 (zhōngxuéshēng shūbāo),他是一名中学生。,Tā shì yì míng zhōngxuéshēng.,او یک دانش‌آموز دبیرستانی است.,
294,住,zhù,HSK 1,动,1,居住；在某处生活、停留或过夜 (动),زندگی کردن؛ اقامت داشتن؛ در جایی ماندن یا شب را گذراندن (فعل),住在北京 (zhù zài Běijīng) | 住饭店 (zhù fàndiàn) | 住在家里 (zhù zài jiā lǐ) | 住一晚 (zhù yì wǎn),我住在学校旁边。,Wǒ zhù zài xuéxiào pángbiān.,من کنار مدرسه زندگی می‌کنم.,
294,住,zhù,HSK 1,动,2,用在动词后，表示动作停止、固定或结果保持 (结果补语),"پس از فعل می‌آید و نشان می‌دهد عمل متوقف، ثابت یا در ذهن/جایی نگه داشته شده است (متمم نتیجه)",站住 (zhànzhù) | 停住 (tíngzhù) | 记住 (jìzhù) | 抓住 (zhuāzhù),请记住这个汉字。,Qǐng jìzhù zhège Hànzì.,لطفاً این کاراکتر چینی را به خاطر بسپار.,
295,桌子,zhuōzi,HSK 1,名,1,有平面和腿、供放东西或做事用的家具 (名),"میز؛ وسیله‌ای با سطح صاف و پایه برای گذاشتن چیزها، غذا خوردن، درس خواندن یا کار کردن (اسم)",一张桌子 (yì zhāng zhuōzi) | 桌子上 (zhuōzi shang) | 桌子下面 (zhuōzi xiàmiàn) | 擦桌子 (cā zhuōzi),书在桌子上。,Shū zài zhuōzi shang.,کتاب روی میز است.,
296,字,zì,HSK 1,名,1,记录语言的符号；文字 (名),"کاراکتر؛ نویسه؛ حرف نوشتاری؛ نشانه‌ای برای نوشتن زبان، مخصوصاً کاراکتر چینی (اسم)",汉字 (Hànzì) | 写字 (xiě zì) | 认识字 (rènshi zì) | 这个字 (zhège zì),这个字怎么读？,Zhège zì zěnme dú?,این کاراکتر چطور خوانده می‌شود؟,
296,字,zì,HSK 1,名,2,写出的字迹或书写的样子 (名),دست‌خط؛ خط؛ شکل و ظاهر نوشتهٔ یک شخص (اسم),字很好看 (zì hěn hǎokàn) | 字写得好 (zì xiě de hǎo) | 字很大 (zì hěn dà) | 字太小 (zì tài xiǎo),他的字写得很好看。,Tā de zì xiě de hěn hǎokàn.,دست‌خط او خیلی زیباست.,
297,坐,zuò,HSK 1,动,1,把身体重心放在臀部上，使身体停在椅子等上面 (动),"نشستن؛ قرار گرفتن روی صندلی، زمین یا جایی با تکیه بر نشیمنگاه (فعل)",坐下 (zuò xià) | 坐在椅子上 (zuò zài yǐzi shang) | 坐这边 (zuò zhèbiān) | 请坐 (qǐng zuò),请坐。,Qǐng zuò.,لطفاً بنشینید.,
297,坐,zuò,HSK 1,动,2,乘坐交通工具 (动),سوار شدن؛ با وسیلهٔ نقلیه رفتن یا سفر کردن (فعل),坐车 (zuò chē) | 坐飞机 (zuò fēijī) | 坐火车 (zuò huǒchē) | 坐公共汽车 (zuò gōnggòng qìchē),我们坐火车去上海。,Wǒmen zuò huǒchē qù Shànghǎi.,ما با قطار به شانگهای می‌رویم.,
298,做,zuò,HSK 1,动,1,进行某种活动、工作或事情 (动),"انجام دادن؛ کاری، فعالیتی یا وظیفه‌ای را انجام دادن (فعل)",做事 (zuò shì) | 做工作 (zuò gōngzuò) | 做作业 (zuò zuòyè) | 做练习 (zuò liànxí),这件事我来做。,Zhè jiàn shì wǒ lái zuò.,این کار را من انجام می‌دهم.,
298,做,zuò,HSK 1,动,2,制造、制作或准备某物 (动),درست کردن؛ ساختن؛ تهیه یا آماده کردن چیزی (فعل),做饭 (zuò fàn) | 做衣服 (zuò yīfu) | 做面包 (zuò miànbāo) | 做菜 (zuò cài),妈妈正在做饭。,Māma zhèngzài zuò fàn.,مامان دارد غذا درست می‌کند.,
298,做,zuò,HSK 1,动,3,担任某种身份、职业或角色 (动),شدن؛ بودن در نقش یا شغل خاصی؛ عهده‌دار نقشی شدن (فعل),做老师 (zuò lǎoshī) | 做医生 (zuò yīshēng) | 做朋友 (zuò péngyou) | 做学生 (zuò xuésheng),他想做医生。,Tā xiǎng zuò yīshēng.,او می‌خواهد پزشک شود.,
298,做,zuò,HSK 1,动,4,用作；当作 (动),به‌عنوان چیزی استفاده کردن؛ بمثابه....به کار رفتن؛ چیزی را در نقش یا کاربردی به کار بردن (فعل),做礼物 (zuò lǐwù) | 做例子 (zuò lìzi) | 做参考 (zuò cānkǎo) | 做教材 (zuò jiàocái),这个可以做例子。,Zhège kěyǐ zuò lìzi.,این می‌تواند به‌عنوان مثال استفاده شود.,
299,做饭,zuò fàn,HSK 1,动宾短语,1,做饭菜；准备一顿饭或食物 (动),غذا درست کردن؛ آشپزی کردن؛ آماده کردن یک وعده غذا (فعل),在家做饭 (zài jiā zuò fàn) | 给孩子做饭 (gěi háizi zuò fàn) | 做晚饭 (zuò wǎnfàn) | 会做饭 (huì zuò fàn),我爸爸会做饭。,Wǒ bàba huì zuò fàn.,پدرم آشپزی بلد است.,
300,昨天,zuótiān,HSK 1,名,1,今天的前一天 (名),دیروز؛ روز قبل از امروز (اسم زمان),昨天晚上 (zuótiān wǎnshang) | 昨天上午 (zuótiān shàngwǔ) | 昨天下午 (zuótiān xiàwǔ) | 昨天去医院 (zuótiān qù yīyuàn),我昨天去了医院。,Wǒ zuótiān qù le yīyuàn.,من دیروز به بیمارستان رفتم.,
