word_id,chinese_word,pinyin,word_hsk_level,official_pos,sense_id,chinese_meaning,persian_meaning,collocations,example_chinese,example_pinyin,example_persian_translation,notes
1,啊,a,HSK 2,助、叹,1,用在句末，表示确认、同意或回应 (助),"در پایان جمله برای تأیید، موافقت یا پاسخ دادن می‌آید؛ مثل «آره/بله/درسته» (حرف نشانه)",是啊 (shì a) | 对啊 (duì a) | 好啊 (hǎo a) | 可以啊 (kěyǐ a),是啊，我也喜欢中文。,"Shì a, wǒ yě xǐhuan Zhōngwén.","آره، من هم زبان چینی را دوست دارم.",Sentence-final particle; usually neutral tone.
1,啊,a,HSK 2,助、叹,2,用在句末，表示感叹、赞叹或加强感情色彩 (助),"در پایان جمله برای بیان احساس، تعجب، تحسین یا تأکید عاطفی می‌آید؛ مثل «چه...!» یا «واقعاً...» (حرف نشانه)",真好啊 (zhēn hǎo a) | 太漂亮啊 (tài piàoliang a) | 好冷啊 (hǎo lěng a) | 真不容易啊 (zhēn bù róngyì a),今天真冷啊！,Jīntiān zhēn lěng a!,امروز واقعاً سرد است!,Sentence-final particle; adds emotional tone.
1,啊,a,HSK 2,助、叹,3,用在句末，表示提醒、催促、劝告或使语气更自然 (助),"در پایان جمله برای یادآوری، تشویق، اصرار، هشدار یا نرم‌تر و طبیعی‌تر کردن لحن می‌آید (حرف نشانه)",快走啊 (kuài zǒu a) | 你来啊 (nǐ lái a) | 别忘了啊 (bié wàng le a) | 小心啊 (xiǎoxīn a),别忘了带书啊。,Bié wàng le dài shū a.,یادت نرود کتابت را بیاوری ها.,Sentence-final particle; common in spoken reminders or urging.
1,啊,ā,HSK 2,助、叹,4,表示惊讶、赞叹、突然明白或呼唤 (叹),"آه؛ اِ؛ برای تعجب، تحسین، ناگهان فهمیدن یا صدا زدن (حرف ندا)","啊，你来了 (ā, nǐ lái le) | 啊，真好 (ā, zhēn hǎo) | 啊，我明白了 (ā, wǒ míngbai le) | 啊，原来如此 (ā, yuánlái rúcǐ)",啊，你已经来了！,"Ā, nǐ yǐjīng lái le!","آه، تو قبلاً آمده‌ای!",Interjection; tone varies with emotion.
1,啊,á/ǎ,HSK 2,助、叹,5,表示疑问、没听清、惊讶或不相信 (叹),"ها؟ چی؟ اِ؟ برای پرسش، درست نشنیدن، تعجب یا ناباوری نسبت به حرف طرف مقابل (حرف ندا)",啊？你说什么 (á? nǐ shuō shénme) | 啊？真的吗 (á? zhēn de ma) | 啊？还小呢 (á? hái xiǎo ne) | 啊？怎么会 (á? zěnme huì),A:你还小呢，B:啊？还小呢？,Á? Hái xiǎo ne?,A:تو هنوز کوچیکی. B:چی؟ من هنوز کوچیکم؟,"In surprised questioning, pinyin may be á or ǎ depending on tone description."
1,啊,à,HSK 2,助、叹,6,表示应答、明白、赞同或突然想起 (叹),"آهان؛ آره؛ فهمیدم؛ برای پاسخ دادن، فهمیدن، تأیید یا ناگهان یادآوردن چیزی (حرف ندا)","啊，我想起来了 (à, wǒ xiǎng qǐlai le) | 啊，对了 (à, duì le) | 啊，是这样 (à, shì zhèyàng) | 啊，好吧 (à, hǎo ba)",啊，我想起来了！,"À, wǒ xiǎng qǐlai le!","آهان، یادم آمد!",Interjection; often expresses realization or response.
2,爱好,àihào,HSK 2,名、动,1,对某种活动或事物有浓厚兴趣；喜欢长期做的事 (名),علاقه؛ سرگرمی؛ کاری یا چیزی که فرد به آن علاقه دارد و معمولاً دنبال می‌کند (اسم),个人爱好 (gèrén àihào) | 我的爱好 (wǒ de àihào) | 共同爱好 (gòngtóng àihào) | 兴趣爱好 (xìngqù àihào),我的爱好是看书。,Wǒ de àihào shì kàn shū.,علاقه/سرگرمی من کتاب خواندن است.,
2,爱好,àihào,HSK 2,名、动,2,喜欢并长期对某事物有兴趣 (动),"علاقه داشتن؛ به چیزی علاقه‌مند بودن، معمولاً با حس رسمی‌تر از 喜欢 (فعل)",爱好音乐 (àihào yīnyuè) | 爱好运动 (àihào yùndòng) | 爱好文学 (àihào wénxué) | 爱好书法 (àihào shūfǎ),他爱好中国音乐。,Tā àihào Zhōngguó yīnyuè.,او به موسیقی چینی علاقه دارد.,"As a verb, 爱好 is more formal than 喜欢."
3,白色,báisè,HSK 2,名、形,1,像雪或牛奶那样的颜色；颜色是白的 (名/形),رنگ سفید؛ سفید؛ به رنگ سفید (اسم/صفت),白色衣服 (báisè yīfu) | 白色的猫 (báisè de māo) | 白色杯子 (báisè bēizi) | 白色墙 (báisè qiáng),我喜欢白色的衣服。,Wǒ xǐhuan báisè de yīfu.,من لباس سفید را دوست دارم.,名词和形容词用法差别不大，可合并。
4,班,bān,HSK 2,名、量,1,学校、培训等按学习内容或人员组成的集体 (名),کلاس؛ گروه آموزشی؛ گروهی از دانش‌آموزان یا زبان‌آموزان در یک کلاس یا دوره (اسم),我们班 (wǒmen bān) | 汉语班 (Hànyǔ bān) | 培训班 (péixùn bān) | 一个班 (yí ge bān),我们班有二十个学生。,Wǒmen bān yǒu èrshí ge xuésheng.,کلاس ما بیست دانش‌آموز دارد.,
4,班,bān,HSK 2,名、量,2,工作、学习等按时间安排的一段 (名),شیفت؛ نوبت کاری یا درسی؛ بازهٔ کاری/درسی طبق برنامه (اسم),上班 (shàngbān) | 下班 (xiàbān) | 夜班 (yèbān) | 早班 (zǎobān),他今天上夜班。,Tā jīntiān shàng yèbān.,او امروز شیفت شب دارد.,
4,班,bān,HSK 2,名、量,3,用于交通工具的班次或课程班级的量词 (量),"واحد شمارش برای نوبت وسیلهٔ نقلیه، پرواز، سرویس یا کلاس آموزشی (واحد شمارش)",一班车 (yì bān chē) | 一班飞机 (yì bān fēijī) | 下一班车 (xià yì bān chē) | 两个班 (liǎng ge bān),下一班车几点来？,Xià yì bān chē jǐ diǎn lái?,سرویس بعدی ساعت چند می‌آید؟,
5,帮,bāng,HSK 2,动、量,1,帮助别人做事或解决困难 (动),کمک کردن؛ یاری رساندن؛ کمک کردن به کسی برای انجام کاری یا حل مشکلی (فعل),帮朋友 (bāng péngyou) | 帮我一下 (bāng wǒ yíxià) | 帮孩子学习 (bāng háizi xuéxí) | 帮他找书 (bāng tā zhǎo shū),请帮我一下。,Qǐng bāng wǒ yíxià.,لطفاً کمی به من کمک کن.,
5,帮,bāng,HSK 2,动、量,2,一群人；一伙人，也可作量词，口语中有时带贬义 (名/量),"دسته؛ گروه؛ عده‌ای از افراد، گاهی با لحن محاوره‌ای یا کمی منفی (اسم/واحد شمارش)",一帮朋友 (yì bāng péngyou) | 一帮孩子 (yì bāng háizi) | 这帮人 (zhè bāng rén) | 那帮学生 (nà bāng xuésheng),一帮孩子在外边玩。,Yì bāng háizi zài wàibian wán.,یک عده بچه بیرون بازی می‌کنند.,Common colloquial group/classifier use.
6,帮忙,bāngmáng,HSK 2,动宾短语,1,帮助别人做事或解决问题；也可指提供的帮助 (动/名),کمک کردن؛ یاری رساندن؛ همچنین خودِ کمک یا یاریِ ارائه‌شده (فعل/اسم),请你帮忙 (qǐng nǐ bāngmáng) | 帮个忙 (bāng ge máng) | 帮忙做饭 (bāngmáng zuò fàn) | 谢谢你的帮忙 (xièxie nǐ de bāngmáng),你能帮我一个忙吗？,Nǐ néng bāng wǒ yí ge máng ma?,می‌توانی یک کمکی به من بکنی؟,Nominal use appears in phrases like 谢谢你的帮忙.
7,包,bāo,HSK 2,名、动、量,1,装东西的袋子、包裹或随身携带的包 (名),"کیف؛ بسته؛ بقچه؛ چیزی برای گذاشتن، حمل کردن یا بسته‌بندی وسایل (اسم)",书包 (shūbāo) | 背包 (bēibāo) | 一个包 (yí ge bāo) | 包里 (bāo lǐ) | 钱包（qiánbāo）,我的书在包里。,Wǒ de shū zài bāo lǐ.,کتابم داخل کیف است.,
7,包,bāo,HSK 2,名、动、量,2,把东西用纸、布等裹起来 (动),"پیچیدن؛ بسته‌بندی کردن؛ چیزی را در کاغذ، پارچه یا پوششی قرار دادن (فعل)",包礼物 (bāo lǐwù) | 包书 (bāo shū) | 包起来 (bāo qǐlai) | 包饺子 (bāo jiǎozǐ) ,请把这个礼物包起来。,Qǐng bǎ zhège lǐwù bāo qǐlai.,لطفاً این هدیه را بسته‌بندی کن.,
7,包,bāo,HSK 2,名、动、量,3,用于成包、成袋等包装好的东西的量词 (量),"واحد شمارش برای چیزهای بسته‌بندی‌شده، پاکتی یا بسته‌ای (واحد شمارش)",一包纸 (yì bāo zhǐ) | 一包茶 (yì bāo chá) | 一包烟 (yì bāo yān) | 一包东西 (yì bāo dōngxi),我买了一包茶。,Wǒ mǎi le yì bāo chá.,من یک بسته چای خریدم.,
7,包,bāo,HSK 2,名、动、量,4,包括在内；费用、服务或条件中包含某项内容 (动),"شامل بودن؛ دربر گرفتن؛ داخل هزینه، خدمات یا شرایط بودن (فعل)",包吃住 (bāo chī zhù) | 包邮 (bāo yóu) | 包饭 (bāo fàn) | 不包税 (bù bāo shuì),这家公司包吃住。,Zhè jiā gōngsī bāo chī zhù.,این شرکت غذا و جای خواب را شامل می‌کند / غذا و جای خواب می‌دهد.,
7,包,bāo,HSK 2,名、动、量,5,承担下来；负责完成某事；保证某种结果 (动),برعهده گرفتن؛ مسئولیت انجام کاری را قبول کردن؛ تضمین کردن نتیجه‌ای (فعل),这事我包了 (zhè shì wǒ bāo le) | 任务我包了 (rènwu wǒ bāo le) | 包在我身上 (bāo zài wǒ shēnshang) | 包你满意 (bāo nǐ mǎnyì),这项任务我们包了。,Zhè xiàng rènwu wǒmen bāo le.,ما مسئولیت این مأموریت/کار را برعهده می‌گیریم.,
7,包,bāo,HSK 2,名、动、量,6,把车辆、场地、房间等全部租下或专用 (动),"دربست گرفتن؛ اجاره یا اختصاصی کردن کامل وسیله، مکان یا اتاق (فعل)",包车 (bāo chē) | 包机 (bāo jī) | 包间 (bāojiān) | 包场 (bāo chǎng),这次旅行我们包车去。,Zhè cì lǚxíng wǒmen bāo chē qù.,این سفر را با ماشین دربست می‌رویم.,
7,包,bāo,HSK 2,名、动、量,7,身体或物体表面鼓起来的小块；肿块 (名),برآمدگی؛ ورم؛ برجستگی یا غدهٔ کوچک روی بدن یا سطح چیزی (اسم),起了个包 (qǐ le ge bāo) | 头上有个包 (tóu shang yǒu ge bāo) | 蚊子咬的包 (wénzi yǎo de bāo) | 鼓了一个包 (gǔ le yí ge bāo),他头上起了一个包。,Tā tóu shang qǐ le yí ge bāo.,روی سرش یک ورم/برآمدگی زده است.,
8,本子,běnzi,HSK 2,名,1,用来写字、记事、做练习的册子 (名),"دفتر؛ دفترچه؛ دفتری برای نوشتن، یادداشت یا تمرین (اسم)",一个本子 (yí ge běnzi) | 写在本子上 (xiě zài běnzi shang) | 买本子 (mǎi běnzi) | 作业本子 (zuòyè běnzi),请把名字写在本子上。,Qǐng bǎ míngzi xiě zài běnzi shang.,لطفاً اسم را در دفتر بنویس.,Other meanings are better handled by separate words like 账本、剧本.
9,比,bǐ,HSK 2,介、动,1,用来比较两个人或事物的差别 (介词),"از؛ نسبت به؛ برای مقایسهٔ دو شخص، چیز، زمان یا وضعیت (حرف اضافه)",比我高 (bǐ wǒ gāo) | 比昨天热 (bǐ zuótiān rè) | 比这个便宜 (bǐ zhège piányi),今天比昨天热。,Jīntiān bǐ zuótiān rè.,امروز از دیروز گرم‌تر است.,
9,比,bǐ,HSK 2,介、动,2,比较、较量、比赛 (动词),مقایسه کردن؛ مسابقه دادن؛ رقابت کردن (فعل),比一比 (bǐ yi bǐ) | 比大小 (bǐ dàxiǎo) | 比速度 (bǐ sùdù) | 比谁快 (bǐ shéi kuài),我们来比一比谁写得快。,Wǒmen lái bǐ yi bǐ shéi xiě de kuài.,بیایید مقایسه کنیم ببینیم چه کسی سریع‌تر می‌نویسد.,
9,比,bǐ,HSK 2,介、动,3,用手势、动作或图形表示某种意思 (动词),با دست یا حرکت نشان دادن؛ علامت دادن (فعل),比手势 (bǐ shǒushì) | 比了个心 (bǐ le ge xīn) | 比数字 (bǐ shùzì),她对我比了一个“OK”的手势。,Tā duì wǒ bǐ le yí ge “OK” de shǒushì.,او با دست به من علامت «اوکی» نشان داد.,Common spoken use; 比了个心 = make a heart shape with hands
10,笔,bǐ,HSK 2,名、量,1,写字、画画用的工具 (名),قلم؛ خودکار؛ ابزار نوشتن یا نقاشی (اسم),一支笔 (yì zhī bǐ) | 买笔 (mǎi bǐ) | 用笔写 (yòng bǐ xiě) | 黑色的笔 (hēisè de bǐ),我有一支新笔。,Wǒ yǒu yì zhī xīn bǐ.,من یک خودکار نو دارم.,
10,笔,bǐ,HSK 2,名、量,2,汉字书写中的一画；笔画 (名),حرکت قلم؛ یک خط/ضربه در نوشتن کاراکتر چینی (اسم),一笔 (yì bǐ) | 笔画 (bǐhuà) | 写一笔 (xiě yì bǐ) | 几笔 (jǐ bǐ),这个字有几笔？,Zhège zì yǒu jǐ bǐ?,این کاراکتر چند حرکت قلم دارد؟,
10,笔,bǐ,HSK 2,名、量,3,用于钱、交易、账目、款项等的量词 (量),"واحد شمارش برای مبلغ، معامله، حساب یا مورد مالی (واحد شمارش)",一笔钱 (yì bǐ qián) | 一笔生意 (yì bǐ shēngyi) | 一笔账 (yì bǐ zhàng) | 一笔费用 (yì bǐ fèiyòng),这是一笔很大的钱。,Zhè shì yì bǐ hěn dà de qián.,این مبلغ خیلی بزرگی است.,Common classifier for financial items.
11,别,bié,HSK 2,副、动、形,1,表示禁止或劝阻，相当于“不要” (副),"نکن؛ نباید؛ برای نهی، منع یا توصیه به انجام ندادن کاری (قید)",别走 (bié zǒu) | 别说话 (bié shuōhuà) | 别着急 (bié zhāojí) | 别忘了 (bié wàng le),上课的时候别说话。,Shàngkè de shíhou bié shuōhuà.,سر کلاس حرف نزن.,
11,别,bié,HSK 2,副、动、形,2,另外的；其他的；不是这个的 (形/代),دیگر؛ دیگری؛ غیر از این؛ متفاوت از این مورد (صفت/ضمیر),别人 (biéren) | 别的书 (bié de shū) | 别的地方 (bié de dìfang) | 别的问题 (bié de wèntí),你还有别的问题吗？,Nǐ hái yǒu bié de wèntí ma?,سؤال دیگری هم داری؟,
11,别,bié,HSK 2,副、动、形,3,用针、夹子、别针等把东西固定在衣服、纸张等上面 (动),"با سنجاق، گیره، سنجاق‌سینه یا چیزی شبیه آن چیزی را به لباس، کاغذ و مانند آن وصل یا محکم کردن (فعل)",别胸针 (bié xiōngzhēn) | 别上胸牌 (bié shang xiōngpái) | 别在衣服上 (bié zài yīfu shang) | 别住纸 (bié zhù zhǐ),她把一朵花别在衣服上。,Tā bǎ yì duǒ huā bié zài yīfu shang.,او یک گل را به لباسش سنجاق کرد.,Common but more specific than the main meanings; used for pinning/clipping things.
12,不好意思,bù hǎoyìsi,HSK 2,习用语,1,表示道歉、打扰或觉得给别人添麻烦 (习用语),"ببخشید؛ شرمنده؛ برای عذرخواهی، مزاحمت یا وقتی فکر می‌کنیم برای کسی دردسر ایجاد کرده‌ایم (عبارت)","不好意思打扰 (bù hǎoyìsi dǎrǎo) | 真不好意思 (zhēn bù hǎoyìsi) | 不好意思，我来晚了 (bù hǎoyìsi, wǒ lái wǎn le) | 不好意思麻烦你 (bù hǎoyìsi máfan nǐ)",不好意思，我来晚了。,"Bù hǎoyìsi, wǒ lái wǎn le.","ببخشید، دیر آمدم.",
12,不好意思,bù hǎoyìsi,HSK 2,习用语,2,觉得害羞、难为情或不好开口 (形/习用语),خجالت کشیدن؛ رودربایستی داشتن؛ راحت نبودن برای گفتن یا انجام کاری (صفت/عبارت),不好意思说 (bù hǎoyìsi shuō) | 不好意思问 (bù hǎoyìsi wèn) | 有点儿不好意思 (yǒudiǎnr bù hǎoyìsi) | 不好意思开口 (bù hǎoyìsi kāikǒu),她不好意思问老师。,Tā bù hǎoyìsi wèn lǎoshī.,او خجالت می‌کشد از معلم بپرسد.,
13,不错,búcuò,HSK 2,形,1,比较好；让人满意 (形),خوب؛ بد نیست؛ رضایت‌بخش؛ قابل قبول و نسبتاً خوب (صفت),很不错 (hěn búcuò) | 还不错 (hái búcuò) | 味道不错 (wèidào búcuò) | 这主意不错 (zhè zhǔyi búcuò),这家饭店的菜不错。,Zhè jiā fàndiàn de cài búcuò.,غذای این رستوران خوب است.,
14,长,cháng,HSK 2,形,1,两点之间距离大；长度大 (形),بلند؛ دراز؛ دارای طول زیاد از نظر فاصله یا اندازه (صفت),很长 (hěn cháng) | 长路 (cháng lù) | 长发 (cháng fà) | 长裙子 (cháng qúnzi),这条路很长。,Zhè tiáo lù hěn cháng.,این راه خیلی طولانی است.,
14,长,cháng,HSK 2,形,2,时间久；持续的时间多 (形),طولانی؛ مدت‌دار؛ زمان‌بر (صفت),时间长 (shíjiān cháng) | 很长时间 (hěn cháng shíjiān) | 长假 (cháng jià) | 长时间学习 (cháng shíjiān xuéxí),学习汉语需要很长时间。,Xuéxí Hànyǔ xūyào hěn cháng shíjiān.,یادگیری چینی زمان زیادی می‌خواهد.,
14,长,zhǎng,HSK 2,形,3,生长；成长；身体、植物等变大或变高 (动),"رشد کردن؛ بزرگ شدن؛ قد کشیدن؛ درآوردن یا بلند شدن مو، گیاه و مانند آن (فعل)",长大 (zhǎng dà) | 长高 (zhǎng gāo) | 长头发 (zhǎng tóufa) | 长得快 (zhǎng de kuài) | 长牙 (zhǎng yá),孩子长高了。,Háizi zhǎng gāo le.,بچه قد کشیده است.,Pronounced zhǎng.
14,长,zhǎng,HSK 2,形,4,增长；知识、经验、本领等逐渐增加 (动),"زیاد شدن؛ افزایش یافتن؛ بیشتر شدنِ دانش، تجربه، مهارت یا توانایی به‌تدریج (فعل)",长知识 (zhǎng zhīshi) | 长经验 (zhǎng jīngyàn) | 长本事 (zhǎng běnshi) | 长见识 (zhǎng jiànshi),这次旅行让我长了很多见识。,Zhè cì lǚxíng ràng wǒ zhǎng le hěn duō jiànshi.,این سفر باعث شد خیلی تجربه/دیدم بیشتر شود.,"Pronounced zhǎng; for prices, salary, water level etc. use 涨, not 长."
14,长,zhǎng,HSK 2,形,5,年纪较大或排行在前，常用于构词 (形/语素),"بزرگ‌تر؛ ارشدتر؛ از نظر سن یا ترتیب خانوادگی جلوتر، بیشتر در ترکیب‌ها (صفت/تکواژ)",长子 (zhǎngzǐ) | 长女 (zhǎngnǚ) | 年长 (niánzhǎng) | 兄长 (xiōngzhǎng),他是家里的长子。,Tā shì jiā lǐ de zhǎngzǐ.,او پسر بزرگ خانواده است.,Common mainly in compounds; pronounced zhǎng.
14,长,zhǎng,HSK 2,形,6,负责人或领导，常用于职务名称 (名/语素),"رئیس؛ مسئول؛ فرد دارای مقام یا مسئولیت مدیریتی، بیشتر در عنوان‌های شغلی (اسم/تکواژ)",校长 (xiàozhǎng) | 班长 (bānzhǎng) | 家长 (jiāzhǎng) | 院长 (yuànzhǎng),他是我们班的班长。,Tā shì wǒmen bān de bānzhǎng.,او نماینده/مسئول کلاس ماست.,Word-forming sense; pronounced zhǎng.
15,车站,chēzhàn,HSK 2,名,1,公共汽车、火车等停靠、上下乘客的地方 (名),"ایستگاه؛ محل توقف و سوار و پیاده شدن مسافران برای اتوبوس، قطار و وسایل نقلیه (اسم)",火车站 (huǒchēzhàn) | 公共汽车站 (gōnggòng qìchēzhàn) | 去车站 (qù chēzhàn) | 在车站等 (zài chēzhàn děng),我在车站等你。,Wǒ zài chēzhàn děng nǐ.,من در ایستگاه منتظرت می‌مانم.,
16,出,chū,HSK 2,动,1,从里面到外面；出来 (动),بیرون رفتن؛ بیرون آمدن؛ از داخل به بیرون حرکت کردن (فعل),出去 (chūqù) | 出门 (chūmén) | 出教室 (chū jiàoshì) | 从房间里出来 (cóng fángjiān lǐ chūlái),他从房间里出来了。,Tā cóng fángjiān lǐ chūlái le.,او از اتاق بیرون آمد.,
16,出,chū,HSK 2,动,2,离开某个地方或范围，到外面或别处去 (动),"خارج شدن؛ ترک کردن مکان، محدوده یا کشور و رفتن به بیرون/جای دیگر (فعل)",出国 (chūguó) | 出城 (chū chéng) | 出校门 (chū xiàomén) | 出远门 (chū yuǎnmén),我明年出国学习。,Wǒ míngnián chūguó xuéxí.,من سال آینده برای تحصیل به خارج می‌روم.,
16,出,chū,HSK 2,动,3,产生、出现或发生某种情况 (动),پدید آمدن؛ ظاهر شدن؛ رخ دادن؛ به وجود آمدن وضعیت یا مشکلی (فعل),出问题 (chū wèntí) | 出错 (chūcuò) | 出事 (chū shì) | 出太阳 (chū tàiyáng),我的电脑出了问题。,Wǒ de diànnǎo chū le wèntí.,کامپیوترم دچار مشکل شد.,
16,出,chū,HSK 2,动,4,拿出、交出、付出或提供 (动),درآوردن؛ تحویل دادن؛ پرداختن؛ ارائه یا سهم دادن در کاری (فعل),出钱 (chū qián) | 出力 (chū lì) | 出主意 (chū zhǔyi) | 出示证件 (chūshì zhèngjiàn),这次活动他出了很多钱。,Zhè cì huódòng tā chū le hěn duō qián.,او برای این فعالیت پول زیادی داد.,
16,出,chū,HSK 2,动,5,出版、发行、推出或演出 (动),"منتشر کردن/شدن؛ عرضه کردن/شدن؛ ارائه شدن یا اجرا شدن کتاب، اثر، برنامه و مانند آن (فعل)",出书 (chū shū) | 出新电影 (chū xīn diànyǐng) | 出新产品 (chū xīn chǎnpǐn) | 出节目 (chū jiémù),他今年出了一本书。,Tā jīnnián chū le yì běn shū.,او امسال یک کتاب منتشر کرد.,
16,出,chū,HSK 2,动,6,用在动词后，表示向外、显现、识别或产生结果 (趋向补语/结果补语),"پس از فعل می‌آید و بیرون آمدن، آشکار شدن، تشخیص دادن یا به دست آمدن نتیجه را نشان می‌دهد (متمم جهت‌نما/نتیجه)",拿出 (ná chū) | 说出 (shuō chū) | 看出 (kàn chū) | 听出 (tīng chū),我看出他不高兴。,Wǒ kànchū tā bù gāoxìng.,فهمیدم/تشخیص دادم که او خوشحال نیست.,Very common complement use.
16,出,chū,HSK 2,量,7,用于戏剧、戏曲等演出的量词 (量),"واحد شمارش برای نمایش، اپرا و برخی اجراهای نمایشی (واحد شمارش)",一出戏 (yì chū xì) | 一出京剧 (yì chū Jīngjù) | 一出好戏 (yì chū hǎo xì),这是一出好戏。,Zhè shì yì chū hǎo xì.,این یک نمایش خوب است.,Rare classifier; mostly used with 戏、京剧 and stage performances.
17,床,chuáng,HSK 2,名、量,1,供人睡觉或休息的家具 (名),تخت؛ تختخواب؛ وسیله‌ای برای خوابیدن یا استراحت کردن (اسم),一张床 (yì zhāng chuáng) | 床上 (chuáng shang) | 睡在床上 (shuì zài chuáng shang) | 大床 (dà chuáng),孩子在床上睡觉。,Háizi zài chuáng shang shuìjiào.,بچه روی تخت خوابیده است.,
17,床,chuáng,HSK 2,名、量,2,用于被子、褥子等床上用品的量词 (量),"واحد شمارش برای لحاف، تشک، رختخواب و برخی وسایل خواب (واحد شمارش)",一床被子 (yì chuáng bèizi) | 两床被子 (liǎng chuáng bèizi) | 一床褥子 (yì chuáng rùzi) | 一床铺盖 (yì chuáng pūgai),床上有两床被子。,Chuáng shang yǒu liǎng chuáng bèizi.,روی تخت دو لحاف هست.,Common classifier for bedding.
18,出国,chūguó,HSK 2,动宾短语,1,到外国去，通常为学习、工作、旅行等 (动),"به خارج از کشور رفتن؛ برای تحصیل، کار، سفر یا زندگی به کشور دیگر رفتن (فعل)",出国学习 (chūguó xuéxí) | 出国工作 (chūguó gōngzuò) | 出国旅游 (chūguó lǚyóu) | 准备出国 (zhǔnbèi chūguó),她明年出国学习。,Tā míngnián chūguó xuéxí.,او سال آینده برای تحصیل به خارج می‌رود.,
19,出来,chūlái,HSK 2,动、趋向补语,1,从里面到外面来 (动),بیرون آمدن؛ از داخل به بیرون یا به سمت گوینده آمدن (فعل),从房间出来 (cóng fángjiān chūlái) | 走出来 (zǒu chūlái) | 出来一下 (chūlái yíxià) | 从里面出来 (cóng lǐmiàn chūlái),请你出来一下。,Qǐng nǐ chūlái yíxià.,لطفاً یک لحظه بیا بیرون.,
19,出来,chūlái,HSK 2,动、趋向补语,2,用在动词后，表示从里面拿出、带出或移出 (趋向补语),پس از فعل می‌آید و بیرون آوردن یا خارج کردن چیزی را نشان می‌دهد (متمم جهت‌نما),拿出来 (ná chūlái) | 搬出来 (bān chūlái) | 取出来 (qǔ chūlái) | 掏出来 (tāo chūlái),请把书拿出来。,Qǐng bǎ shū ná chūlái.,لطفاً کتاب را بیرون بیاور.,
19,出来,chūlái,HSK 2,动、趋向补语,3,用在动词后，表示结果显现、被发现或被辨认出来 (趋向补语),"پس از فعل می‌آید و آشکار شدن، تشخیص دادن یا معلوم شدن نتیجه را نشان می‌دهد (متمم نتیجه)",看出来 (kàn chūlái) | 听出来 (tīng chūlái) | 认出来 (rèn chūlái) | 想出来 (xiǎng chūlái),我看出来他不高兴。,Wǒ kàn chūlái tā bù gāoxìng.,من فهمیدم که او خوشحال نیست.,
20,出门,chūmén,HSK 2,动宾短语,1,离开家、房间或所在的地方到外面去 (动),"از خانه، اتاق یا محل بیرون رفتن (فعل)",出门上班 (chūmén shàngbān) | 出门买东西 (chūmén mǎi dōngxi) | 刚出门 (gāng chūmén) | 很少出门 (hěn shǎo chūmén),我每天八点出门上班。,Wǒ měitiān bā diǎn chūmén shàngbān.,من هر روز ساعت هشت از خانه بیرون می‌روم تا سر کار بروم.,Core modern usage.
20,出门,chūmén,HSK 2,动宾短语,2,到外地去、离家在外或出远门 (动),به سفر رفتن؛ به شهر یا جایی دور رفتن؛ دور از خانه بودن (فعل),出远门 (chū yuǎnmén) | 出门在外 (chūmén zài wài) | 经常出门 (jīngcháng chūmén) | 出门旅行 (chūmén lǚxíng),出门在外要小心。,Chūmén zài wài yào xiǎoxīn.,وقتی دور از خانه هستی باید مراقب باشی.,Common extended usage.
21,出去,chūqù,HSK 2,动、趋向补语,1,从里面到外面去 (动词),بیرون رفتن؛ از داخل به بیرون رفتن (فعل),出去一下 (chūqù yíxià) | 从房间出去 (cóng fángjiān chūqù) | 出去买东西 (chūqù mǎi dōngxi),我出去买点儿东西。,Wǒ chūqù mǎi diǎnr dōngxi.,من بیرون می‌روم کمی خرید کنم.,
21,出去,chūqù,HSK 2,动、趋向补语,2,用在动词后，表示动作使人或事物从内部到外部 (趋向补语),بعد از فعل می‌آید و نشان می‌دهد که حرکت از درون به بیرون است (متمم جهت‌نما),跑出去 (pǎo chūqù) | 拿出去 (ná chūqù) | 飞出去 (fēi chūqù),小鸟从笼子里飞出去了。,Xiǎo niǎo cóng lóngzi li fēi chūqù le.,پرنده کوچک از قفس بیرون پرواز کرد.,Directional complement
22,词,cí,HSK 2,名,1,语言中能够独立运用的最小单位 (名词),واژه؛ کلمه (اسم),一个词 (yí ge cí) | 汉语词 (Hànyǔ cí) | 新词 (xīn cí),这个词是什么意思？,Zhège cí shì shénme yìsi?,این واژه چه معنی دارد？,
22,词,cí,HSK 2,名,2,歌词、戏曲唱词、台词、开幕词等文字 (名词),"متن ترانه، متن نمایشنامه یا فیلم، سخنرانی افتتاحیه و غیره (اسم)",歌词 (gēcí) | 台词 (táicí) | 开幕词 (kāimùcí) | 写词 (xiě cí),这首歌的词很简单。,Zhè shǒu gē de cí hěn jiǎndān. Zhè bù diànyǐng de táicí hěn jīngcǎi.,متن این آهنگ خیلی ساده است.,
23,次,cì,HSK 2,量、名,1,表示动作、事情发生的回数 (量词),بار؛ دفعه (شمارگر),一次 (yí cì) | 两次 (liǎng cì) | 第一次 (dì yī cì),我去过北京两次。,Wǒ qùguo Běijīng liǎng cì.,من دو بار به پکن رفته‌ام.,
23,次,cì,HSK 2,量、名,2,次序、等级或质量较低 (名词/形容词),درجه پایین‌تر؛ کیفیت پایین‌تر؛ فرعی (اسم/صفت),次品 (cìpǐn) | 次手机 (cì shǒujī) | 次货 (cì huò) ,这个产品的质量很次。,Zhège chǎnpǐn de zhìliàng hěn cì.,کیفیت این محصول خیلی پایین است.,
24,从,cóng,HSK 2,介,1,表示时间或空间的起点 (介词),از؛ از نقطه شروع در مکان یا زمان (حرف اضافه),从家来 (cóng jiā lái) | 从北京到上海 (cóng Běijīng dào Shànghǎi) | 从今天开始 (cóng jīntiān kāishǐ) | 从早到晚 (cóng zǎo dào wǎn),我从学校回家。,Wǒ cóng xuéxiào huí jiā.,من از مدرسه به خانه برمی‌گردم.,
24,从,cóng,HSK 2,介,2,用在否定词前，表示“从来；任何时候” (副词性用法),هرگز؛ هیچ‌وقت (قبل از کلمه منفی می‌آید) (قید),从不 (cóng bù) | 从来没 (cóng lái méi) | 从没 (cóng méi),我从不抽烟。,Wǒ cóng bù chōuyān.,من هرگز سیگار نمی‌کشم.,
25,从小,cóngxiǎo,HSK 2,副,1,从年纪很小的时候开始 (副词),از کودکی؛ از وقتی کوچک بوده (قید),从小学习 (cóngxiǎo xuéxí) | 从小喜欢 (cóngxiǎo xǐhuan) | 从小到大 (cóngxiǎo dào dà),他从小喜欢音乐。,Tā cóngxiǎo xǐhuan yīnyuè.,او از کودکی موسیقی را دوست داشته است.,
26,错,cuò,HSK 2,形、动、名,1,不正确；有错误 (形容词),اشتباه؛ غلط؛ نادرست (صفت),错字 (cuòzì) | 错事 (cuòshì) | 错的答案 (cuò de dá'àn),这个答案是错的。,Zhège dá'àn shì cuò de.,این جواب اشتباه است.,
26,错,cuò,HSK 2,形、动、名,2,错误；过失 (名词),اشتباه؛ خطا؛ تقصیر (اسم),一个错 (yí ge cuò) | 犯错 (fàn cuò) | 认错 (rèn cuò),这不是你的错。,Zhè bú shì nǐ de cuò.,این تقصیر تو نیست.,
26,错,cuò,HSK 2,形、动、名,3,用在动词后，表示动作的结果是错误的 (结果补语),بعد از فعل می‌آید و نشان می‌دهد نتیجه عمل اشتباه است (متمم نتیجه),看错 (kàn cuò) | 听错 (tīng cuò) | 认错人 (rèn cuò rén),我看错时间了。,Wǒ kàn cuò shíjiān le.,من ساعت را اشتباه دیدم.,
26,错,cuò,HSK 2,形、动、名,4,交叉；使时间或空间不重叠 (动词),جابه‌جا کردن؛ از هم جدا کردن در زمان یا مکان (فعل),错开 (cuòkāi) | 错开时间 (cuòkāi shíjiān) | 错一下 (cuò yíxià) ,这两个会不能同时开，得错开。,"Zhè liǎng ge huì bù néng tóngshí kāi, děi cuòkāi.","این دو جلسه را نمی‌شود همزمان برگزار کرد، باید جابه‌جا کنیم.",
27,打,dǎ,HSK 2,动,1,用手、工具或物体撞击、敲击 (动词),"کتک زدن؛ ضربه زدن؛ با دست، ابزار یا چیزی به جایی کوبیدن (فعل)",打人 (dǎ rén) | 打门 (dǎ mén) | 打鼓 (dǎ gǔ),不要打人。,Búyào dǎ rén.,کسی را نزن.,Core modern usage.
27,打,dǎ,HSK 2,动,2,拨打电话或通过通讯工具联系 (动词),زنگ زدن؛ تماس گرفتن؛ از طریق تلفن یا وسیلهٔ ارتباطی تماس گرفتن (فعل),打电话 (dǎ diànhuà) | 打手机 (dǎ shǒujī) | 给你打电话 (gěi nǐ dǎ diànhuà),我晚上给你打电话。,Wǒ wǎnshang gěi nǐ dǎ diànhuà.,شب به تو زنگ می‌زنم.,Core modern usage.
27,打,dǎ,HSK 2,动,3,进行球类、牌类或游戏等活动 (动词),"بازی کردن؛ انجام ورزش، بازی، کارت، بازی ویدئویی و مانند آن (فعل)",打篮球 (dǎ lánqiú) | 打网球 (dǎ wǎngqiú) | 打牌 (dǎ pái) | 打游戏 (dǎ yóuxì),他喜欢打篮球。,Tā xǐhuan dǎ lánqiú.,او بسکتبال بازی کردن را دوست دارد.,Core modern usage.
27,打,dǎ,HSK 2,动,4,叫来或乘坐出租车、网约车等交通服务 (动词),تاکسی گرفتن؛ ماشین/تاکسی اینترنتی گرفتن؛ وسیلهٔ نقلیه برای رفت‌وآمد گرفتن (فعل),打车 (dǎ chē) | 打的 (dǎ dī) | 打出租车 (dǎ chūzūchē),下雨了，我们打车回家吧。,"Xià yǔ le, wǒmen dǎ chē huí jiā ba.","باران آمده، بیا با تاکسی برگردیم خانه.",Common modern usage.
27,打,dǎ,HSK 2,动,5,舀取、领取或买取饭、水等日常物品 (动词),"گرفتن؛ برداشتن؛ کشیدن یا گرفتنِ آب، غذا و مانند آن، معمولاً از جایی مشخص (فعل)",打水 (dǎ shuǐ) | 打饭 (dǎ fàn) | 去食堂打饭 (qù shítáng dǎ fàn),我去食堂打饭。,Wǒ qù shítáng dǎ fàn.,من می‌روم سلف غذا بگیرم.,Common in daily-life contexts.
27,打,dǎ,HSK 2,动,6,注射药物、疫苗或点滴 (动词),تزریق کردن؛ آمپول زدن؛ واکسن زدن؛ سرم زدن (فعل),打针 (dǎ zhēn) | 打疫苗 (dǎ yìmiáo) | 打点滴 (dǎ diǎndī),我明天去医院打针。,Wǒ míngtiān qù yīyuàn dǎ zhēn.,من فردا به بیمارستان می‌روم آمپول بزنم.,Core modern usage.
27,打,dǎ,HSK 2,动,7,撑开或使用伞、旗等 (动词),"باز کردن یا به کار بردنِ چتر، پرچم و مانند آن (فعل)",打伞 (dǎ sǎn) | 打雨伞 (dǎ yǔsǎn) | 打旗子 (dǎ qízi),下雨了，快打伞吧。,"Xià yǔ le, kuài dǎ sǎn ba.","باران آمده، زود چترت را باز کن.",Common with 伞.
27,打,dǎ,HSK 2,动,8,自然现象发出雷声、闪电等 (动词),"رخ دادنِ پدیدهٔ طبیعی مثل رعد یا برق؛ رعد زدن، برق زدن (فعل)",打雷 (dǎ léi) | 打闪 (dǎ shǎn),外面在打雷。,Wàimiàn zài dǎ léi.,بیرون رعد می‌زند.,Common fixed-pattern usage.
27,打,dǎ,HSK 2,动,9,用键盘输入文字；打字 (动词),تایپ کردن؛ با صفحه‌کلید متن وارد کردن (فعل),打字 (dǎzì) | 打汉字 (dǎ Hànzì) | 打文件 (dǎ wénjiàn),他打字很快。,Tā dǎzì hěn kuài.,او خیلی سریع تایپ می‌کند.,Common modern usage.
27,打,dǎ,HSK 2,动,10,做出手势、招呼、信号等表示动作 (动词),"نشان دادن؛ علامت دادن؛ ادا کردن یا انجام دادنِ اشاره، سلام، علامت و مانند آن (فعل)",打招呼 (dǎ zhāohu) | 打手势 (dǎ shǒushì) | 打信号 (dǎ xìnhào),他向我打了个招呼。,Tā xiàng wǒ dǎ le ge zhāohu.,او به من سلام/اشاره کرد.,Common in expressions like 打招呼、打手势.
28,打车,dǎ chē,HSK 2,动宾短语,1,叫出租车或网约车并乘坐出行 (动词短语),تاکسی گرفتن؛ با تاکسی یا ماشین کرایه‌ای رفتن (فعل),打车去机场 (dǎ chē qù jīchǎng) | 在路边打车 (zài lùbiān dǎ chē) | 打车上班 (dǎ chē shàngbān),我们打车去车站吧。,Wǒmen dǎ chē qù chēzhàn ba.,بیایید با تاکسی به ایستگاه برویم.,
29,打开,dǎkāi,HSK 2,动,1,使关闭的东西不再关闭 (动词),باز کردن (چیز بسته) (فعل),打开门 (dǎkāi mén) | 打开窗户 (dǎkāi chuānghu) | 打开书 (dǎkāi shū),请打开书。,Qǐng dǎkāi shū.,لطفاً کتاب را باز کنید.,
29,打开,dǎkāi,HSK 2,动,2,使机器、设备、软件等开始使用或显示 (动词),باز کردن؛ روشن کردن؛ فعال کردن (فعل),打开电脑 (dǎkāi diànnǎo) | 打开手机 (dǎkāi shǒujī) | 打开文件 (dǎkāi wénjiàn),请打开电脑。,Qǐng dǎkāi diànnǎo.,لطفاً کامپیوتر را روشن کن.,
29,打开,dǎkāi,HSK 2,动,3,展开或使局面、思路等变得开阔 (动词),"گشودن؛ باز کردنِ مسیر، ذهن یا موقعیت (فعل)",打开思路 (dǎkāi sīlù) | 打开局面 (dǎkāi júmiàn) | 打开市场 (dǎkāi shìchǎng),这个问题打开了我们的思路。,Zhège wèntí dǎkāi le wǒmen de sīlù.,این مسئله ذهن ما را باز کرد.,
30,但,dàn,HSK 2,连,1,表示转折，相当于“但是” (连词),اما؛ ولی؛ با این حال (حرف ربط),但我觉得 (dàn wǒ juéde) | 但没有时间 (dàn méiyǒu shíjiān) | 但很贵 (dàn hěn guì),我想去，但没有时间。,"Wǒ xiǎng qù, dàn méiyǒu shíjiān.","می‌خواهم بروم، اما وقت ندارم.",
31,但是,dànshì,HSK 2,连,1,表示转折，连接意思相反或不同的内容 (连词),اما؛ ولی؛ برای وصل کردن دو بخش متضاد یا متفاوت (حرف ربط),但是很贵 (dànshì hěn guì) | 但是没有时间 (dànshì méiyǒu shíjiān) | 但是我喜欢 (dànshì wǒ xǐhuan),这件衣服很好看，但是太贵了。,"Zhè jiàn yīfu hěn hǎokàn, dànshì tài guì le.","این لباس خیلی قشنگ است، اما خیلی گران است.",
32,得,de,HSK 2,助、动,1,用在动词或形容词后，引出程度、结果或状态补语 (助词),"بعد از فعل یا صفت می‌آید و متمم درجه، نتیجه یا حالت را معرفی می‌کند (حرف نشانه)",说得好 (shuō de hǎo) | 写得快 (xiě de kuài) | 高兴得很 (gāoxìng de hěn) | 累得不想说话 (lèi de bù xiǎng shuōhuà),他说汉语说得很好。,Tā shuō Hànyǔ shuō de hěn hǎo.,او خیلی خوب چینی صحبت می‌کند.,Pronounced de as structural particle.
32,得,děi,HSK 2,助、动,2,表示必须或需要 (动词/助动词),باید؛ لازم بودن (فعل کمکی),得去 (děi qù) | 得学习 (děi xuéxí) | 得上班 (děi shàngbān)| 得好好学习 (děi hǎohāo xuéxí),我明天得上班。,Wǒ míngtiān děi shàngbān.,من فردا باید سر کار بروم.,Pronounced děi.
32,得,dé,HSK 2,助、动,3,得到；获得 (动词),به دست آوردن؛ گرفتن؛ کسب کردن (فعل),得到 (dédào) | 得分 (dé fēn) | 得奖 (dé jiǎng),他考试得了九十分。,Tā kǎoshì dé le jiǔshí fēn.,او در امتحان نود نمره گرفت.,Pronounced dé.
32,得,dé,HSK 2,动,4,行؛ 好؛ 表示同意或结束话题 (动词/叹词),باشه؛ خوب؛ برای اعلام موافقت یا پایان بحث (فعل/واژه‌ی ندا),"得了吧 (dé le ba) | 得了，别说了 (dé le, bié shuō le)",得，就这么办吧。,"Dé, jiù zhème bàn ba.","باشه، همین طور انجامش بدهیم.",Spoken usage; often 得了
32,得,dé,HSK 2,动,5,用于算式中，表示计算结果 (动词),"می‌شود؛ برابر است با، برای نشان دادن نتیجهٔ محاسبه (فعل)",二三得六 (èr sān dé liù) | 十二除以三得四 (shí'èr chúyǐ sān dé sì) | 五加三得八 (wǔ jiā sān dé bā),十二除以三得四。,Shí'èr chúyǐ sān dé sì.,دوازده تقسیم بر سه می‌شود چهار.,Common but specific; mainly used in arithmetic formulas or multiplication-table language. Usually omit from basic learner-focused 得 entry unless covering math language.
33,地,de,HSK 2,助、名,1,用在状语后，表示修饰后面的动词或形容词 (助词),بعد از قید یا عبارت وصفی می‌آید و آن را به فعل/صفت بعدی وصل می‌کند (حرف نشانه),高兴地说 (gāoxìng de shuō) | 慢慢地走 (mànmàn de zǒu) | 认真地学习 (rènzhēn de xuéxí),他高兴地笑了。,Tā gāoxìng de xiào le.,او با خوشحالی خندید.,Pronounced de as structural particle.
33,地,dì,HSK 2,助、名,2,地面；土地,زمین؛ سطح زمین؛ خاک/زمین,地上 (dì shang) | 坐在地上 (zuò zài dì shang) | 一块地 (yí kuài dì),书掉在地上了。,Shū diào zài dì shang le.,کتاب روی زمین افتاد.,Pronounced dì. The “place/area” sense mainly appears in compounds such as 地方、地区、地图.
34,等,děng,HSK 2,动、助,1,等待；停留到某个时间或某人出现 (动词),منتظر ماندن؛ صبر کردن تا کسی یا زمانی برسد (فعل),等车 (děng chē) | 等朋友 (děng péngyou) | 等一下 (děng yíxià),请等我五分钟。,Qǐng děng wǒ wǔ fēnzhōng.,لطفاً پنج دقیقه منتظرم بمان.,
34,等,děng,HSK 2,动、助,2,表示列举未尽，相当于“等等” (助词),و غیره؛ و مانند آن (حرف نشانه),"苹果、香蕉等 (píngguǒ, xiāngjiāo děng) | 北京、上海等城市 (Běijīng, Shànghǎi děng chéngshì) | 学习、工作等方面 (xuéxí, gōngzuò děng fāngmiàn)",商店里有苹果、牛奶、面包等。,"Shāngdiàn lǐ yǒu píngguǒ, niúnǎi, miànbāo děng.","در فروشگاه سیب، شیر، نان و غیره هست.",
34,等,děng,HSK 2,动、助,3,等级或程度相同，常用于构词 (名词/形容词),درجه؛ سطح؛ رتبه (اسم/صفت),一等 (yī děng) | 二等座 (èr děng zuò) | 不同等级 (bùtóng děngjí),这些学生的水平不等。,Zhèxiē xuésheng de shuǐpíng bù děng.,سطح این دانش‌آموزان یکسان نیست.,Extended level/equality sense; mainly appears in compounds
35,地铁,dìtiě,HSK 2,名,1,在地下或城市轨道上运行的公共交通工具 (名词),مترو؛ قطار شهری زیرزمینی یا ریلی (اسم),坐地铁 (zuò dìtiě) | 地铁站 (dìtiězhàn) | 乘地铁 (chéng dìtiě),我每天坐地铁上班。,Wǒ měitiān zuò dìtiě shàngbān.,من هر روز با مترو سر کار می‌روم.,
36,动,dòng,HSK 2,动,1,改变位置或姿势；移动（动）,حرکت کردن؛ تکان خوردن؛ جابه‌جا شدن (فعل),别动 (bié dòng) | 动一下 (dòng yíxià) | 动来动去 (dòng lái dòng qù),请别动。,Qǐng bié dòng.,لطفاً تکان نخور.,
36,动,dòng,HSK 2,动,2,碰、移动或改变某物的位置（动）,دست زدن به چیزی؛ جابه‌جا کردن یا تغییر جای چیزی (فعل),动了我的东西 (dòng le wǒ de dōngxi) | 别动它 (bié dòng tā) ,不要动我的手机。,Búyào dòng wǒ de shǒujī.,به گوشی من دست نزن.,"Transitive use; separate from sense 1 because the object is being touched, moved, or changed."
36,动,dòng,HSK 2,动,3,使用或调动身体、头脑、工具等来做事（动）,"به کار انداختن؛ استفاده کردن از ذهن، دست، قلم یا ابزار برای انجام کاری (فعل)",动脑子 (dòng nǎozi) | 动手做 (dòngshǒu zuò) | 动笔写 (dòng bǐ xiě),遇到问题要多动脑子。,Yùdào wèntí yào duō dòng nǎozi.,"وقتی با مشکلی روبه‌رو می‌شوی، باید بیشتر فکر کنی.",Common modern usage in verb-object expressions such as 动脑子、动手、动笔.
36,动,dòng,HSK 2,动,4,内心产生或牵涉某种情感（动）,احساساتی شدن؛ از نظر عاطفی درگیر شدن؛ احساسات را دخالت دادن (فعل),动感情 (dòng gǎnqíng) | 动了感情 (dòng le gǎnqíng) | 别动感情 (bié dòng gǎnqíng),处理这个问题时，最好不要动感情。,"Chǔlǐ zhège wèntí shí, zuìhǎo búyào dòng gǎnqíng.","هنگام رسیدگی به این مسئله، بهتر است احساساتت را دخالت ندهی.",Common but specific; often used in fixed verb-object expressions. Different from 感动 “to be moved/touched”.
36,动,dòng,HSK 2,动,5,用在“动不动就……”结构中，表示某种情况很容易或经常发生（固定用法）,در ساختار «动不动就…» یعنی زودبه‌زود؛ تا چیزی می‌شود؛ بی‌دلیل یا به‌آسانی کاری کردن (عبارت ثابت),动不动就生气 (dòngbudòng jiù shēngqì) | 动不动就哭 (dòngbudòng jiù kū) | 动不动就迟到 (dòngbudòng jiù chídào),他动不动就生气。,Tā dòngbudòng jiù shēngqì.,او زود عصبانی می‌شود.,Common fixed pattern: 动不动就 + verb. Better also treated as a separate fixed expression.
37,懂,dǒng,HSK 2,动,1,知道意思；理解 (动词),فهمیدن؛ درک کردن (فعل),懂汉语 (dǒng Hànyǔ) | 懂电脑 (dǒng diànnǎo) | 懂礼貌 (dǒng lǐmào),他懂汉语。,Tā dǒng Hànyǔ.,او چینی می‌فهمد / چینی بلد است.,
37,懂,dǒng,HSK 2,动,2,用在动词后，表示动作的结果是理解 (结果补语),بعد از فعل می‌آید و نشان می‌دهد نتیجه عمل فهمیدن است (متمم نتیجه),听懂 (tīng dǒng) | 看懂 (kàn dǒng) | 读懂 (dú dǒng),你听懂了吗？,Nǐ tīng dǒng le ma?,فهمیدی؟,Result complement
38,饭馆,fànguǎn,HSK 2,名,1,卖饭菜供人吃的地方；餐馆 (名词),رستوران؛ غذاخوری (اسم),一家饭馆 (yì jiā fànguǎn) | 去饭馆 (qù fànguǎn) | 小饭馆 (xiǎo fànguǎn),这家饭馆的菜很好吃。,Zhè jiā fànguǎn de cài hěn hǎochī.,غذای این رستوران خیلی خوشمزه است.,
39,飞,fēi,HSK 2,动,1,鸟、飞机等在空中移动 (动词),پرواز کردن؛ حرکت کردن در هوا (فعل),飞机飞 (fēijī fēi) | 鸟飞走了 (niǎo fēi zǒu le) | 飞到天上 (fēi dào tiān shang),飞机飞得很高。,Fēijī fēi de hěn gāo.,هواپیما خیلی بالا پرواز می‌کند.,
39,飞,fēi,HSK 2,动,2,乘飞机去某地 (动词),با هواپیما رفتن؛ پرواز کردن به مقصدی (فعل),飞北京 (fēi Běijīng) | 飞上海 (fēi Shànghǎi) | 飞回家 (fēi huí jiā),他明天飞上海。,Tā míngtiān fēi Shànghǎi.,او فردا با هواپیما به شانگهای می‌رود.,
40,高,gāo,HSK 2,形,1,从下到上的距离大 (形容词),بلند؛ مرتفع؛ دارای ارتفاع زیاد (صفت),很高 (hěn gāo) | 高楼 (gāo lóu) | 个子高 (gèzi gāo),他个子很高。,Tā gèzi hěn gāo.,او قدبلند است.,
40,高,gāo,HSK 2,形,2,程度、水平、数量、价格、分数、年级、等级、地位等在一般标准以上（形）,"بالا؛ زیاد؛ فراتر از حد معمول، برای سطح، مقدار، قیمت، نمره، پایه، رتبه یا جایگاه (صفت)",水平高 (shuǐpíng gāo) | 价格高 (jiàgé gāo) | 分数高 (fēnshù gāo) | 高年级 (gāo niánjí) | 地位高 (dìwèi gāo),他的汉语水平很高。,Tā de Hànyǔ shuǐpíng hěn gāo.,سطح زبان چینی او خیلی بالاست.,
40,高,gāo,HSK 2,形,3,声音或温度等程度强 (形容词),"زیر/بلند یا شدید؛ برای صدا، دما و برخی درجات (صفت)",声音高 (shēngyīn gāo) | 温度高 (wēndù gāo) | 高声说 (gāoshēng shuō),今天温度很高。,Jīntiān wēndù hěn gāo.,امروز دما خیلی بالاست.,
41,告诉,gàosu,HSK 2,动,1,把事情、消息、信息或要求说给别人听，使别人知道（动）,گفتن؛ خبر دادن؛ اطلاع دادن؛ چیزی را به کسی گفتن یا فهماندن (فعل),告诉我 (gàosu wǒ) | 告诉老师 (gàosu lǎoshī) | 告诉你一件事 (gàosu nǐ yí jiàn shì) | 把答案告诉我 (bǎ dá'àn gàosu wǒ),请告诉我你的名字。,Qǐng gàosu wǒ nǐ de míngzi.,لطفاً اسمت را به من بگو.,Senses “tell information” and “let someone know/explain” are merged because the learner translation and structure are largely the same.
42,高中,gāozhōng,HSK 2,名,1,高级中学；中学的较高阶段（名）,دبیرستان؛ دورهٔ متوسطهٔ دوم (اسم),上高中 (shàng gāozhōng) | 高中生 (gāozhōngshēng) | 高中老师 (gāozhōng lǎoshī) | 高中毕业 (gāozhōng bìyè),我哥哥上高中。,Wǒ gēge shàng gāozhōng.,برادر بزرگ‌ترم دبیرستان می‌رود.,
43,跟,gēn,HSK 2,介、动、名,1,表示和某人一起或同某人发生关系 (介词),با؛ همراه با؛ در رابطه با کسی (حرف اضافه),跟朋友去 (gēn péngyou qù) | 跟老师说话 (gēn lǎoshī shuōhuà) | 跟家人一起 (gēn jiārén yìqǐ),我跟朋友一起去书店。,Wǒ gēn péngyou yìqǐ qù shūdiàn.,من با دوستم به کتاب‌فروشی می‌روم.,
43,跟,gēn,HSK 2,介、动、名,2,表示比较的对象，相当于“和” (介词),با؛ نسبت به؛ برای مقایسه (حرف اضافه),跟他一样 (gēn tā yíyàng) | 跟以前不同 (gēn yǐqián bùtóng) | 跟我差不多 (gēn wǒ chàbuduō),这个跟那个一样贵。,Zhège gēn nàge yíyàng guì.,این با آن یکی به یک اندازه گران است.,
43,跟,gēn,HSK 2,介、动、名,3,跟随；在后面走或做 (动词),دنبال کردن؛ همراه کسی رفتن یا از او پیروی کردن (فعل),跟着老师 (gēnzhe lǎoshī) | 跟我来 (gēn wǒ lái) | 跟上 (gēn shàng),他说的太快，我跟不上。,"Tā shuō de tài kuài, wǒ gēn bu shàng.","او خیلی تند حرف می‌زند/زد، من نمی‌توانم پا به پایش برسم / نمی‌توانم حرفش را دنبال کنم.",
43,跟,gēn,HSK 2,介、动、名,4,脚的后部；鞋、袜等的后部 (名词),"پاشنه؛ بخش عقب پا، کفش یا جوراب (اسم)",脚跟 (jiǎogēn) | 鞋跟 (xiégēn) | 高跟鞋 (gāogēnxié),这双鞋的鞋跟有点儿高。,Zhè shuāng xié de xiégēn yǒudiǎnr gāo.,پاشنه‌ی این کفش کمی بلند است.,
44,个子,gèzi,HSK 2,名,1,人的身高 (名词),قد؛ بلندی قامت انسان (اسم),个子高 (gèzi gāo) | 个子矮 (gèzi ǎi) | 高个子 (gāo gèzi)| 小个子 (xiǎo gèzi),他个子很高。,Tā gèzi hěn gāo.,او قدبلند است.,
45,公交车,gōngjiāochē,HSK 2,名,1,在城市固定线路上行驶、供公众乘坐的车 (名词),اتوبوس شهری؛ وسیله نقلیه عمومی در مسیرهای ثابت (اسم),坐公交车 (zuò gōngjiāochē) | 等公交车 (děng gōngjiāochē) | 公交车站 (gōngjiāochē zhàn) | 下公交车 (xià gōngjiāochē),我每天坐公交车上班。,Wǒ měitiān zuò gōngjiāochē shàngbān.,من هر روز با اتوبوس سر کار می‌روم.,
46,过,guò,HSK 2,动、助,1,从一边到另一边；经过某处 (动词),عبور کردن؛ گذشتن از جایی یا چیزی (فعل),过马路 (guò mǎlù) | 过桥 (guò qiáo) | 过河 (guò hé),过马路要小心。,Guò mǎlù yào xiǎoxīn.,هنگام عبور از خیابان باید مراقب باشی.,
46,过,guò,HSK 2,动、助,2,时间流逝；经过一段时间（动）,گذشتن؛ سپری شدنِ زمان (فعل),过了三天 (guò le sān tiān) | 时间过得快 (shíjiān guò de kuài) | 假期过得很快 (jiàqī guò de hěn kuài),假期过得怎么样？,Jiàqī guò de zěnmeyàng?,تعطیلات چطور گذشت؟ / تعطیلاتت چطور بود؟,
46,过,guò,HSK 2,动、助,3,用在时间数量前，表示经过这段时间以后（动/介词性用法）,بعد از؛ پس از گذشتِ مدت‌زمانی؛ ... دیگر (فعل/کاربرد حرف اضافه‌ای),过十分钟 (guò shí fēnzhōng) | 过两天 (guò liǎng tiān) | 过一会儿 (guò yíhuìr),我过十分钟就来。,Wǒ guò shí fēnzhōng jiù lái.,ده دقیقه دیگر می‌آیم.,"Common and useful; related to the time-passing sense, but worth separating for learners because it translates as “after/in + time”."
46,过,guò,HSK 2,动、助,4,度过、庆祝节日或过某种生活（动）,گذراندن؛ جشن گرفتن (فعل),过年 (guònián) | 过生日 (guò shēngrì) | 过节 (guò jié),我们回家过年。,Wǒmen huí jiā guònián.,ما برای سال نو به خانه برمی‌گردیم.,
46,过,guò,HSK 2,动、助,5,用在形容词前，表示超过适当程度或标准（程度副词/语素）,"بیش از حد؛ زیادی؛ فراتر از حد مناسب، پیش از صفت می‌آید (قید درجه/تکواژ)",过高 (guò gāo) | 过长 (guò cháng) | 过多 (guò duō) | 过大 (guò dà),这个句子过长，不太好懂。,"Zhège jùzi guò cháng, bú tài hǎo dǒng.",این جمله بیش از حد طولانی است و خیلی راحت فهمیده نمی‌شود.,Common in adjective-like written or semi-formal expressions.
46,过,guò,HSK 2,动、助,6,把内容从头到尾看、想或检查一遍（动）,مرور کردن؛ یک دور نگاه/بررسی کردن (فعل),过一遍 (guò yí biàn) | 把课文过一遍 (bǎ kèwén guò yí biàn) | 在脑子里过一遍 (zài nǎozi lǐ guò yí biàn),考试前，我把课文又过了一遍。,"Kǎoshì qián, wǒ bǎ kèwén yòu guò le yí biàn.","قبل از امتحان، متن درس را دوباره یک دور مرور کردم.","Common in the pattern 过一遍; usually better treated as phrase-level usage, not a core independent sense of 过. For “review lessons,” 复习 is more standard."
46,过,guo,HSK 2,动、助,7,用在动词后，表示曾经有某种经历 (助词),پس از فعل می‌آید و تجربه‌ی انجام کاری را نشان می‌دهد (حرف نشانه),去过 (qùguo) | 看过 (kànguo),我去过中国。,Wǒ qùguo Zhōngguó.,من به چین رفته‌ام.,Aspect particle; pronounced with neutral tone
47,过来,guòlái,HSK 2,动、趋向补语,1,从别处向说话人这边来，常单独作谓语（动词短语）,آمدن به این طرف؛ آمدن نزد گوینده (عبارت فعلی),过来一下 (guòlái yíxià) | 快过来 (kuài guòlái),请你过来一下。,Qǐng nǐ guòlái yíxià.,لطفاً یک لحظه بیا اینجا.,Used like an independent verb phrase in learner-level sentences.
47,过来,guòlái,HSK 2,动、趋向补语,2,用在动词后，表示人或事物向说话人方向移动（趋向补语）,بعد از فعل می‌آید و حرکت شخص یا چیز به سمت گوینده را نشان می‌دهد (متمم جهت‌نما),走过来 (zǒu guòlái) | 跑过来 (pǎo guòlái) | 拿过来 (ná guòlái) | 送过来 (sòng guòlái),把书拿过来。,Bǎ shū ná guòlái.,کتاب را بیاور اینجا.,Directional complement usage.
47,过来,guòlái,HSK 2,动、趋向补语,3,用在动词后，表示恢复到正常状态或从困难中转好（结果补语）,"بعد از فعل می‌آید و برگشتن به حالت عادی، به هوش آمدن یا بهتر شدن را نشان می‌دهد (متمم نتیجه)",醒过来 (xǐng guòlái) | 缓过来 (huǎn guòlái) | 好过来 (hǎo guòlái),他休息了一会儿，才缓过来。,"Tā xiūxi le yíhuìr, cái huǎn guòlái.",او کمی استراحت کرد و تازه کم‌کم حالش بهتر شد.,Result-complement use; extended from directional meaning.
48,过年,guònián,HSK 2,动宾短语,1,庆祝春节或新年；度过春节或新年期间（动）,"سال نو را جشن گرفتن؛ دورهٔ سال نو، به‌ویژه سال نوی چینی را گذراندن (فعل)",回家过年 (huí jiā guònián) | 在北京过年 (zài Běijīng guònián) | 一起过年 (yìqǐ guònián) | 过春节 (guò Chūnjié),我们今年回家过年。,Wǒmen jīnnián huí jiā guònián.,ما امسال برای سال نو به خانه برمی‌گردیم.,The “celebrate New Year” and “spend the New Year period” senses are merged.
49,过去,guòqù,HSK 2,动、名、趋向补语,1,离开说话人所在的位置，到另一边或别处去，常单独作谓语（动词短语）,"رفتن آن طرف؛ رفتن به جای دیگر، دور از گوینده (عبارت فعلی)",过去看看 (guòqù kànkan) | 你过去吧 (nǐ guòqù ba),我过去看看。,Wǒ guòqù kànkan.,می‌روم آن طرف یک نگاهی بیندازم.,Used like an independent verb phrase in learner-level sentences.
49,过去,guòqù,HSK 2,动、名、趋向补语,2,以前的时间；从前（名/时间词）,گذشته؛ زمان پیشین؛ قبلاً (اسم/قید زمانی),过去的事 (guòqù de shì) | 过去一年 (guòqù yì nián) | 回忆过去 (huíyì guòqù) ,过去的事不要再说了。,Guòqù de shì búyào zài shuō le.,دیگر دربارهٔ اتفاقات گذشته حرف نزن.,
49,过去,guòqù,HSK 2,动、名、趋向补语,3,用在动词后，表示人或事物向远离说话人的方向移动，或到另一边去（趋向补语）,بعد از فعل می‌آید و حرکت به سمت دورتر از گوینده یا به آن طرف را نشان می‌دهد (متمم جهت‌نما),走过去 (zǒu guòqù) | 跑过去 (pǎo guòqù) | 拿过去 (ná guòqù) | 送过去 (sòng guòqù),请把这本书拿过去。,Qǐng bǎ zhè běn shū ná guòqù.,لطفاً این کتاب را ببر آن طرف.,Directional complement usage.
49,过去,guòqù,HSK 2,动、名、趋向补语,4,用在动词后，表示失去知觉或进入某种非正常状态（结果补语）,بعد از فعل می‌آید و از هوش رفتن یا وارد شدن به حالتی غیرعادی را نشان می‌دهد (متمم نتیجه),晕过去 (yūn guòqù) | 昏过去 (hūn guòqù) | 累得晕过去 (lèi de yūn guòqù),他累得差点儿晕过去。,Tā lèi de chàdiǎnr yūn guòqù.,او آن‌قدر خسته شد که نزدیک بود از حال برود.,Common but specific result-complement use.
50,还是,háishi,HSK 2,连、副,1,用于选择疑问句，连接可选择的项目（连）,یا؛ برای پرسش انتخابی میان چند گزینه (حرف ربط),茶还是咖啡 (chá háishi kāfēi) | 今天还是明天 (jīntiān háishi míngtiān) | 去还是不去 (qù háishi bú qù),你喝茶还是咖啡？,Nǐ hē chá háishi kāfēi?,چای می‌نوشی یا قهوه؟,
50,还是,háishi,HSK 2,连、副,2,表示情况没有改变，仍然如此（副）,"هنوز؛ همچنان؛ باز هم، وقتی وضعیت تغییر نکرده است (قید)",还是很好 (háishi hěn hǎo) | 还是喜欢 (háishi xǐhuan) | 还是在家 (háishi zài jiā),他还是很忙。,Tā háishi hěn máng.,او هنوز خیلی سرش شلوغ است.,
50,还是,háishi,HSK 2,连、副,3,表示经过考虑或比较后认为某种选择更好（副）,بهتر است؛ در نهایت بهتر دانستن یا ترجیح دادن یک گزینه (قید),还是去吧 (háishi qù ba) | 还是这个好 (háishi zhège hǎo) | 还是算了 (háishi suàn le),我们还是坐地铁吧。,Wǒmen háishi zuò dìtiě ba.,بهتر است با مترو برویم.,
51,黑色,hēisè,HSK 2,名、形,1,像煤或夜晚那样的颜色；颜色是黑的 (名词/形容词),رنگ سیاه؛ مشکی (اسم/صفت),黑色衣服 (hēisè yīfu) | 黑色的猫 (hēisè de māo) | 喜欢黑色 (xǐhuan hēisè),那辆车是黑色的。, Nà liàng chē shì hēisè de.,آن ماشین مشکی است.,
52,红茶,hóngchá,HSK 2,名,1,一种茶，茶汤颜色较红或深褐 (名词),چای سیاه؛ نوعی چای با رنگ تیره یا مایل به قرمز (اسم),喝红茶 (hē hóngchá) | 一杯红茶 (yì bēi hóngchá) | 买红茶 (mǎi hóngchá) | 红茶和绿茶 (hóngchá hé lǜchá),我早上喜欢喝红茶。,Wǒ zǎoshang xǐhuan hē hóngchá.,من صبح‌ها چای سیاه نوشیدن را دوست دارم.,
53,红色,hóngsè,HSK 2,名、形,1,像血或火那样的颜色；颜色是红的 (名词/形容词),رنگ قرمز (اسم/صفت),红色衣服 (hóngsè yīfu) | 红色的花 (hóngsè de huā) | 喜欢红色 (xǐhuan hóngsè),这朵花是红色的。, Zhè duǒ huā shì hóngsè de.,این گل قرمز است.,
54,后面,hòumiàn,HSK 2,方位词、名,1,位置在背后或较靠后的地方 (方位词),پشت؛ عقب؛ قسمت یا مکانِ پشت چیزی (اسم مکانی),学校后面 (xuéxiào hòumiàn) | 房子后面 (fángzi hòumiàn)  | 后面的人 (hòumiàn de rén),学校后面有一家饭馆。,Xuéxiào hòumiàn yǒu yì jiā fànguǎn.,پشت مدرسه یک رستوران هست.,
54,后面,hòumiàn,HSK 2,方位词、名,2,次序、文章或时间较后的部分 (名词/方位词),بعدا؛ بخش بعدی؛ قسمت بعد یا پشتِ متن/ترتیب/زمان (اسم/جهت‌نما),后面的课 (hòumiàn de kè) | 后面的内容 (hòumiàn de nèiróng),后面的内容比较难。,Hòumiàn de nèiróng bǐjiào nán.,مطالب بعدی نسبتاً سخت‌تر است.,
55,画,huà,HSK 2,动、名,1,用笔、颜色等画出图形 (动词),کشیدن؛ نقاشی کردن؛ رسم کردن (فعل),画画 (huà huà) | 画一只猫 (huà yì zhī māo),孩子在画一只猫。,Háizi zài huà yì zhī māo.,بچه دارد یک گربه می‌کشد.,
55,画,huà,HSK 2,动、名,2,画出的图或艺术作品 (名词),نقاشی؛ تصویر کشیده‌شده؛ تابلو نقاشی (اسم),一幅画 (yì fú huà) | 看画 (kàn huà),这幅画很漂亮。,Zhè fú huà hěn piàoliang.,این نقاشی خیلی زیباست.,
55,画,huà,HSK 2,动、名,3,汉字的一笔；笔画（名）,حرکت قلم؛ یک خط/ضربه در نوشتن کاراکتر چینی (اسم),几画 (jǐ huà) | 多少画 (duōshao huà) | 笔画 (bǐhuà),这个字有几画？,Zhège zì yǒu jǐ huà?,این کاراکتر چند حرکت قلم دارد؟,Common in character-learning contexts; usually omit from basic learner-focused 画 entry if 笔画 is treated separately.
56,花,huā,HSK 2,名、动、形,1,植物开出的有颜色、有香味的部分 (名词),گل؛ بخش رنگی و معطر گیاه (اسم),一朵花 (yì duǒ huā) | 红色的花 (hóngsè de huā)| 花开了 (huā kāi le) | 种花 （Zhònghuā）,这朵花很好看。,Zhè duǒ huā hěn hǎokàn.,این گل خیلی زیباست.,
56,花,huā,HSK 2,名、动、形,2,花费；用掉钱、时间或精力 (动词),"خرج کردن؛ صرف کردن پول، زمان یا انرژی (فعل)",花钱 (huā qián) | 花时间 (huā shíjiān) | 花力气 (huā lìqi) | 花三十元 (huā sānshí yuán),我花了三十元买这本书。,Wǒ huā le sānshí yuán mǎi zhè běn shū.,من برای خرید این کتاب سی یوان خرج کردم.,
56,花,huā,HSK 2,名、动、形,3,颜色或图案复杂、不单一 (形容词),رنگارنگ؛ طرح‌دار؛ دارای نقش و رنگ‌های گوناگون (صفت),花衣服 (huā yīfu) | 花书包 (huā shūbāo) | 花裙子 (huā qúnzi) ,她穿了一件花衣服。,Tā chuān le yí jiàn huā yīfu.,او یک لباس طرح‌دار پوشیده است.,
56,花,huā,HSK 2,名、动、形,4,眼睛看东西不清楚，常用于“眼花” (形容词/动词),"تار دیدن؛ خوب ندیدن، معمولاً در ترکیب 眼花 (صفت/فعل)",眼花 (yǎnhuā) | 看花了眼 (kàn huā le yǎn)| 眼睛都花了 (yǎnjing dōu huā le),我看电脑看得眼花了。,Wǒ kàn diànnǎo kàn de yǎnhuā le.,آن‌قدر به کامپیوتر نگاه کردم که چشمم تار شد.,Extended visual sense; appears in 眼花
57,坏,huài,HSK 2,形、动,1,质量不好、性质不好或不合适，常放在名词前修饰名词（形）,"بد؛ خراب؛ بی‌کیفیت؛ نامناسب، وقتی قبل از اسم می‌آید (صفت)",坏东西 (huài dōngxi) | 坏电脑 (huài diànnǎo) | 坏习惯 (huài xíguàn) | 坏主意 (huài zhǔyi),不要学坏习惯。,Búyào xué huài xíguàn.,عادت‌های بد را یاد نگیر.,Attributive adjective use before nouns.
57,坏,huài,HSK 2,形、动,2,东西不能正常使用；出了问题，常作谓语（动/状态动词）,"خراب شدن؛ خراب بودن؛ از کار افتادن، وقتی بعد از اسم به‌صورت گزاره می‌آید (فعل/فعل حالتی)",手机坏了 (shǒujī huài le) | 电脑坏了 (diànnǎo huài le) | 灯坏了 (dēng huài le) | 车坏了 (chē huài le),我的手机坏了。,Wǒ de shǒujī huài le.,گوشی‌ام خراب شده است.,Predicative/state-verb use; 坏了 means “became broken / is broken.”
57,坏,huài,HSK 2,形、动,3,人的品行不好；不善良（形）,بد؛ بدجنس؛ ناپسند از نظر اخلاقی (صفت),坏人 (huàirén) | 坏孩子 (huài háizi) | 心眼儿坏 (xīnyǎnr huài),他不是坏人。,Tā bú shì huàirén.,او آدم بدی نیست.,
57,坏,huài,HSK 2,形、动,4,用在动词后，表示东西被损坏或身体、情况受到不好的影响（结果补语）,"بعد از فعل می‌آید و خراب شدن، آسیب دیدن یا بد شدن نتیجهٔ عمل را نشان می‌دهد (متمم نتیجه)",弄坏 (nòng huài) | 用坏 (yòng huài) | 吃坏肚子 (chī huài dùzi) | 玩坏了 (wán huài le),别把电脑弄坏了。,Bié bǎ diànnǎo nòng huài le.,کامپیوتر را خراب نکن.,Result complement usage; not an independent verb here.
57,坏,huài,HSK 2,形、动,5,用在某些心理、感觉或状态词后，表示程度很深（程度补语）,بعد از بعضی فعل‌ها یا صفت‌های احساسی/حالتی می‌آید و شدت زیاد را نشان می‌دهد؛ خیلی؛ شدیداً (متمم درجه),吓坏了 (xià huài le) | 高兴坏了 (gāoxìng huài le) | 急坏了 (jí huài le) | 累坏了 (lèi huài le),听到这个消息，他吓坏了。,"Tīngdào zhège xiāoxi, tā xià huài le.","با شنیدن این خبر، او خیلی ترسید / از ترس زهره‌ترک شد.",Common degree-complement usage; often expresses a strong emotional or physical state.
58,回来,huílái,HSK 2,动、趋向补语,1,返回到说话人所在的地方或原来的地方，常单独作谓语（动词短语）,برگشتن؛ بازگشتن به سمت گوینده یا محل قبلی (عبارت فعلی),回来吃饭 (huílái chī fàn) | 从学校回来 (cóng xuéxiào huílái) | 回来以后 (huílái yǐhòu),你什么时候回来？,Nǐ shénme shíhou huílái?,کی برمی‌گردی؟,Used like an independent verb phrase in learner-level sentences.
58,回来,huílái,HSK 2,动、趋向补语,2,用在动词后，表示动作使人或事物回到原处或说话人处（趋向补语）,بعد از فعل می‌آید و برگشتن یا برگرداندنِ چیزی/کسی به محل قبلی یا سمت گوینده را نشان می‌دهد (متمم جهت‌نما),拿回来 (ná huílái) | 买回来 (mǎi huílái) | 带回来 (dài huílái) | 找回来 (zhǎo huílái),请把书带回来。,Qǐng bǎ shū dài huílái.,لطفاً کتاب را با خودت برگردان/بیاور.,Directional complement usage. The broader “return to normal state” use is valid but usually omitted from basic learner-focused entry.
59,回去,huíqù,HSK 2,动、趋向补语,1,返回原来的地方或离说话人较远的地方，常单独作谓语（动词短语）,برگشتن؛ رفتن به محل قبلی یا جایی دور از گوینده (عبارت فعلی),回家去 (huí jiā qù) | 回学校去 (huí xuéxiào qù) | 明天回去 (míngtiān huíqù),我明天回去。,Wǒ míngtiān huíqù.,من فردا برمی‌گردم.,Used like an independent verb phrase in learner-level sentences.
59,回去,huíqù,HSK 2,动、趋向补语,2,用在动词后，表示动作使人或事物回到原处或远离说话人（趋向补语）,بعد از فعل می‌آید و برگشتن یا برگرداندنِ چیزی/کسی به محل قبلی یا سمت دورتر از گوینده را نشان می‌دهد (متمم جهت‌نما),拿回去 (ná huíqù) | 带回去 (dài huíqù) | 送回去 (sòng huíqù) | 退回去 (tuì huíqù),请把这把椅子拿回去。,Qǐng bǎ zhè bǎ yǐzi ná huíqù.,لطفاً این صندلی را برگردان آنجا.,Directional complement usage.
60,间,jiān,HSK 2,量、名,1,用于房屋、房间等空间的量词（量）,"واحد شمارش برای اتاق، خانه یا فضای ساختمانی (واحد شمارش)",一间房间 (yì jiān fángjiān) | 两间教室 (liǎng jiān jiàoshì) | 三间屋子 (sān jiān wūzi),我们有一间很大的房间。,Wǒmen yǒu yì jiān hěn dà de fángjiān.,ما یک اتاق خیلی بزرگ داریم.,
60,间,jiān,HSK 2,量、名,2,表示人、事物、时间或范围之间的关系，多放在名词或代词后（名/方位词/语素）,"میان؛ بین؛ مابین؛ برای رابطه یا فاصله میان افراد، چیزها، زمان‌ها یا حوزه‌ها، معمولاً بعد از اسم/ضمیر می‌آید (اسم/جهت‌نما/تکواژ)",彼此间 (bǐcǐ jiān) | 同志之间 (tóngzhì zhījiān) | 城乡间 (chéngxiāng jiān) | 两国间 (liǎng guó jiān),他们彼此间很和睦。,Tāmen bǐcǐ jiān hěn hémù.,رابطهٔ میان آن‌ها بسیار صمیمی/هماهنگ است.,Mainly appears after nouns/pronouns or in compounds; 之间 is often more common and natural in modern Chinese.
61,教,jiāo,HSK 2,动、名,1,把知识、技能或做法传授、说明给别人（动）,"درس دادن؛ آموزش دادن؛ یاد دادنِ دانش، مهارت یا روش انجام کاری به کسی (فعل)",教汉语 (jiāo Hànyǔ) | 教学生 (jiāo xuésheng) | 教孩子写字 (jiāo háizi xiě zì) | 教我做饭 (jiāo wǒ zuò fàn),王老师教我们汉语。,Wáng lǎoshī jiāo wǒmen Hànyǔ.,معلم وانگ به ما چینی درس می‌دهد.,The “teach knowledge” and “teach how to do something” senses are merged.
62,教室,jiàoshì,HSK 2,名,1,学校里上课用的房间（名）,کلاس درس؛ اتاقی در مدرسه یا آموزشگاه برای برگزاری درس (اسم),在教室里 (zài jiàoshì lǐ) | 进教室 (jìn jiàoshì) | 教室前面 (jiàoshì qiánmiàn) | 离开教室 (líkāi jiàoshì),学生们在教室里上课。,Xuéshengmen zài jiàoshì lǐ shàngkè.,دانش‌آموزان در کلاس درس هستند و درس دارند.,
63,机场,jīchǎng,HSK 2,名,1,飞机起飞、降落和旅客上下飞机的地方（名）,فرودگاه؛ محل پرواز و فرود هواپیما و سوار و پیاده شدن مسافران (اسم),去机场 (qù jīchǎng) | 机场大巴 (jīchǎng dàbā) | 在机场等 (zài jīchǎng děng) | 国际机场 (guójì jīchǎng),我明天去机场接朋友。,Wǒ míngtiān qù jīchǎng jiē péngyou.,من فردا به فرودگاه می‌روم تا دوستم را دنبال کنم/به استقبالش بروم.,Senses “airport” and “airfield” are merged for learner-focused entry.
64,记得,jìde,HSK 2,动,1,没有忘记某个人、事情或信息，后面常接名词或小句（动）,"یاد داشتن؛ به خاطر داشتن؛ فراموش نکردنِ کسی، چیزی یا اطلاعاتی (فعل)",记得名字 (jìde míngzi) | 记得这件事 (jìde zhè jiàn shì) | 还记得 (hái jìde),我还记得你的名字。,Wǒ hái jìde nǐ de míngzi.,من هنوز اسمت را یادم هست.,
64,记得,jìde,HSK 2,动,2,提醒自己或别人不要忘记做某事，后面常接动词短语（动）,یادت باشد؛ فراموش نکنی کاری را انجام بدهی (فعل),记得带书 (jìde dài shū) | 记得打电话 (jìde dǎ diànhuà) | 记得早点儿来 (jìde zǎodiǎnr lái),明天记得带本子。,Míngtiān jìde dài běnzi.,فردا یادت باشد دفترت را بیاوری.,"Same core meaning as sense 1, but kept separate because the structure and Persian translation differ."
65,介绍,jièshào,HSK 2,动、名,1,把人或事物的情况说明给别人（动）,"معرفی کردن؛ توضیح دادن دربارهٔ شخص، چیز یا وضعیت (فعل)",介绍自己 (jièshào zìjǐ) | 介绍学校 (jièshào xuéxiào) | 简单介绍一下 (jiǎndān jièshào yíxià),请你介绍一下自己。,Qǐng nǐ jièshào yíxià zìjǐ.,لطفاً کمی خودت را معرفی کن.,
65,介绍,jièshào,HSK 2,动、名,2,使双方认识或发生联系（动）,معرفی کردن دو طرف به هم؛ آشنا کردن؛ وصل کردن افراد یا فرصت‌ها (فعل),介绍朋友认识 (jièshào péngyou rènshi) | 介绍工作 (jièshào gōngzuò) | 介绍对象 (jièshào duìxiàng),老师介绍我认识了一个中国朋友。,Lǎoshī jièshào wǒ rènshi le yí ge Zhōngguó péngyou.,معلم مرا با یک دوست چینی آشنا کرد.,
65,介绍,jièshào,HSK 2,动、名,3,关于人、事物或情况的说明（名）,"معرفی؛ توضیح کوتاه دربارهٔ شخص، چیز یا وضعیت (اسم)",自我介绍 (zìwǒ jièshào) | 简单介绍 (jiǎndān jièshào) | 产品介绍 (chǎnpǐn jièshào),他的自我介绍很清楚。,Tā de zìwǒ jièshào hěn qīngchu.,معرفیِ خودش خیلی واضح بود.,
66,进,jìn,HSK 2,动、趋向补语,1,从外面到里面；进入（动）,وارد شدن؛ از بیرون به داخل رفتن (فعل),进教室 (jìn jiàoshì) | 进房间 (jìn fángjiān) | 进门 (jìn mén) | 请进 (qǐng jìn),请进教室。,Qǐng jìn jiàoshì.,لطفاً وارد کلاس شوید.,Independent verb use.
66,进,jìn,HSK 2,动、趋向补语,2,用在动词后，表示动作使人或事物向里面移动（趋向补语）,بعد از فعل می‌آید و نشان می‌دهد شخص یا چیزی در نتیجهٔ عمل به داخل حرکت می‌کند (متمم جهت‌نما),走进教室 (zǒu jìn jiàoshì) | 放进包里 (fàng jìn bāo lǐ) | 拿进房间 (ná jìn fángjiān) | 搬进新家 (bān jìn xīn jiā),他走进教室。,Tā zǒu jìn jiàoshì.,او وارد کلاس شد / به داخل کلاس رفت.,Directional complement after another verb.
66,进,jìn,HSK 2,动、趋向补语,3,买入或接收货物，放入库存以便出售（动）,"کالا خریدن یا دریافت کردن و وارد موجودی کردن، معمولاً برای فروش (فعل)",进货 (jìn huò) | 进了一批货 (jìn le yì pī huò) | 进新书 (jìn xīn shū),这家书店进了很多新书。,Zhè jiā shūdiàn jìn le hěn duō xīn shū.,این کتاب‌فروشی کتاب‌های جدید زیادی برای فروش تهیه کرده/وارد موجودی کرده است.,Commercial/inventory usage; natural in shop or business contexts.
67,近,jìn,HSK 2,形,1,空间距离短；离得不远（形）,نزدیک از نظر مکانی؛ دارای فاصلهٔ مکانی کم (صفت),离学校近 (lí xuéxiào jìn) | 离家近 (lí jiā jìn) | 住得近 (zhù de jìn) | 近一点儿 (jìn yìdiǎnr),这家咖啡店离公司很近。,Zhè jiā kāfēidiàn lí gōngsī hěn jìn.,این کافه به شرکت خیلی نزدیک است.,
67,近,jìn,HSK 2,形,2,距离现在或某个时间不远；最近的，多用于“近 + 时间数量/时间段”（形/语素）,"نزدیک از نظر زمانی؛ اخیر؛ مربوط به زمان نزدیک، بیشتر در ساختار «近 + مقدار/بازهٔ زمانی» (صفت/تکواژ)",近两天 (jìn liǎng tiān) | 近几年 (jìn jǐ nián) | 近一个月 (jìn yí ge yuè) | 近一段时间 (jìn yí duàn shíjiān),近几年，这个城市变化很大。,"Jìn jǐ nián, zhège chéngshì biànhuà hěn dà.","در سال‌های اخیر، این شهر خیلی تغییر کرده است.",Words like 近来、近期、最近 are better treated as separate entries.
67,近,jìn,HSK 2,形,3,关系亲密或接触多（形）,نزدیک؛ صمیمی؛ دارای رابطه یا تماس زیاد (صفت),走得近 (zǒu de jìn) | 关系近 (guānxi jìn) | 跟他很近 (gēn tā hěn jìn),她最近和同事走得很近。,Tā zuìjìn hé tóngshì zǒu de hěn jìn.,او اخیراً با همکارش خیلی صمیمی/نزدیک شده است.,Common in relational expressions; 亲近 can be treated as a separate entry.
68,经常,jīngcháng,HSK 2,副,1,常常；事情发生的次数多（副）,اغلب؛ معمولاً؛ به‌طور مکرر (قید),经常去 (jīngcháng qù) | 经常下雨 (jīngcháng xià yǔ) | 经常坐地铁 (jīngcháng zuò dìtiě) | 经常联系 (Jīngcháng liánxì),他经常坐地铁上班。,Tā jīngcháng zuò dìtiě shàngbān.,او اغلب با مترو سر کار می‌رود.,Adverbial use is the core learner-relevant use; adjective-like uses are usually omitted.
69,进来,jìnlái,HSK 2,动、趋向补语,1,从外面到里面来，常单独作谓语（动词短语）,"داخل آمدن؛ از بیرون به داخل، به سمت گوینده آمدن (عبارت فعلی)",请进来 (qǐng jìnlái) | 进来坐 (jìnlái zuò) | 快进来 (kuài jìnlái),请进来坐。,Qǐng jìnlái zuò.,لطفاً بیا داخل و بنشین.,Used like an independent verb phrase in learner-level sentences.
69,进来,jìnlái,HSK 2,动、趋向补语,2,用在动词后，表示动作使人或事物从外向里、向说话人处移动（趋向补语）,"بعد از فعل می‌آید و حرکت شخص یا چیز را از بیرون به داخل، به سمت گوینده نشان می‌دهد (متمم جهت‌نما)",走进来 (zǒu jìnlái) | 拿进来 (ná jìnlái) | 送进来 (sòng jìnlái) | 搬进来 (bān jìnlái),请把椅子拿进来。,Qǐng bǎ yǐzi ná jìnlái.,لطفاً صندلی را بیاور داخل.,Directional complement usage.
70,进去,jìnqù,HSK 2,动、趋向补语,1,从外面到里面去，常单独作谓语（动词短语）,"داخل رفتن؛ از بیرون به داخل، دور از گوینده رفتن (عبارت فعلی)",进去看看 (jìnqù kànkan) | 快进去 (kuài jìnqù) | 进去吧 (jìnqù ba),老师让我们进去。,Lǎoshī ràng wǒmen jìnqù.,معلم اجازه داد داخل برویم.,Used like an independent verb phrase in learner-level sentences.
70,进去,jìnqù,HSK 2,动、趋向补语,2,用在动词后，表示动作使人或事物从外向里、离开说话人方向移动（趋向补语）,بعد از فعل می‌آید و حرکت شخص یا چیز را از بیرون به داخل و دور از گوینده نشان می‌دهد (متمم جهت‌نما),走进去 (zǒu jìnqù) | 放进去 (fàng jìnqù) | 拿进去 (ná jìnqù) | 送进去 (sòng jìnqù),把书放进去。,Bǎ shū fàng jìnqù.,کتاب را بگذار داخل.,Directional complement usage.
71,机票,jīpiào,HSK 2,名,1,乘坐飞机的票（名）,بلیت هواپیما (اسم),买机票 (mǎi jīpiào) | 订机票 (dìng jīpiào) | 一张机票 (yì zhāng jīpiào) | 往返机票 (wǎngfǎn jīpiào),我买了明天去北京的机票。,Wǒ mǎi le míngtiān qù Běijīng de jīpiào.,من بلیت هواپیمای فردا به پکن را خریده‌ام.,
72,就,jiù,HSK 2,副、连、介,1,表示动作或情况很快发生，常和“马上、很快、一会儿”等连用（副）,"به‌زودی؛ همین الآن؛ خیلی زود، برای وقوع سریع کاری یا وضعیتی (قید)",马上就来 (mǎshàng jiù lái) | 很快就到 (hěn kuài jiù dào) | 一会儿就好 (yíhuìr jiù hǎo),我马上就来。,Wǒ mǎshàng jiù lái.,همین الآن می‌آیم.,
72,就,jiù,HSK 2,副、连、介,2,表示事情发生得早，或达到某个时间、年龄、数量等比预想早（副）,"از همان؛ همین؛ برای نشان دادن زودتر بودن از انتظار از نظر زمان، سن یا مقدار (قید)",九点就睡 (jiǔ diǎn jiù shuì) | 十分钟就做完了 (shí fēnzhōng jiù zuò wán le) | 一百块就买到了 (yì bǎi kuài jiù mǎi dào le),他三岁就会写字。,Tā sān suì jiù huì xiě zì.,او از سه‌سالگی می‌توانست بنویسد.,"Shows something happens earlier, faster, or with less time/money than expected; contrasts with 才."
72,就,jiù,HSK 2,副、连、介,3,用于“一……就……”结构，表示前一动作或情况发生后，后一动作马上发生（副/连）,"در ساختار «一...就...» می‌آید و یعنی «به‌محض اینکه...، فوراً...» (قید/حرف ربط)",一到家就睡了 (yí dào jiā jiù shuì le) | 一见面就笑 (yí jiànmiàn jiù xiào) | 一听就懂 (yì tīng jiù dǒng),他一到家就睡了。,Tā yí dào jiā jiù shuì le.,"او به‌محض اینکه به خانه رسید، خوابید.",Important fixed pattern; keep separate from the “earlier than expected” use.
72,就,jiù,HSK 2,副、连、介,4,表示两个动作或情况紧接着发生（副）,"بلافاصله؛ همین که... بعد...، برای رخ دادن دو عمل پشت‌سرهم (قید)",说完就走 (shuō wán jiù zǒu) | 吃完就睡 (chī wán jiù shuì) | 到家就给我打电话 (dào jiā jiù gěi wǒ dǎ diànhuà),他吃完饭就走了。,Tā chī wán fàn jiù zǒu le.,او به‌محض تمام کردن غذا رفت.,
72,就,jiù,HSK 2,副、连、介,5,表示范围小、数量少或只限于某项（副）,"فقط؛ تنها؛ صرفاً، برای محدود کردن دامنه یا مقدار (قید)",就一个 (jiù yí ge) | 就这些 (jiù zhèxiē) | 就我一个人 (jiù wǒ yí ge rén) | 就买一本 (jiù mǎi yì běn),我就买了一本书。,Wǒ jiù mǎi le yì běn shū.,من فقط یک کتاب خریدم.,
72,就,jiù,HSK 2,副、连、介,6,表示强调或确认某个对象、地点、情况等（副）,"دقیقاً؛ همین؛ خودِ همان، برای تأکید یا مشخص کردن شخص، چیز، مکان یا وضعیت (قید)",就是他 (jiù shì tā) | 就在这里 (jiù zài zhèlǐ) | 就这本 (jiù zhè běn) | 就这样 (jiù zhèyàng),书就在桌子上。,Shū jiù zài zhuōzi shang.,کتاب دقیقاً روی میز است.,
72,就,jiù,HSK 2,副、连、介,7,表示说话人坚持、偏要如此，有“就是要”的语气（副）,"اصراراً؛ حتماً؛ دقیقاً همین‌طور، برای نشان دادن اصرار یا لجاجت گوینده (قید)",我就不去 (wǒ jiù bú qù) | 我就要这个 (wǒ jiù yào zhège) | 他就喜欢这样 (tā jiù xǐhuan zhèyàng),我就不告诉你。,Wǒ jiù bù gàosu nǐ.,من اصلاً/عمداً به تو نمی‌گویم.,Emphatic insistence; tone depends strongly on context.
72,就,jiù,HSK 2,副、连、介,8,表示在某种条件下自然发生后面的结果（副/连）,"اگر/وقتی...، آن‌وقت/پس...؛ برای بیان نتیجه پس از شرط یا موقعیت (قید/حرف ربط)",有时间就来 (yǒu shíjiān jiù lái) | 想去就去 (xiǎng qù jiù qù) | 累了就休息 (lèi le jiù xiūxi) | 到了就给我打电话 (dào le jiù gěi wǒ dǎ diànhuà),你有时间就来我家。,Nǐ yǒu shíjiān jiù lái wǒ jiā.,"اگر وقت داشتی، بیا خانهٔ من.",
72,就,jiù,HSK 2,副、连、介,9,表示按照、根据或围绕某个对象来说或做（介）,"دربارهٔ؛ بر اساسِ؛ با توجه به، برای مشخص کردن موضوع یا مبنا (حرف اضافه)",就这个问题 (jiù zhège wèntí) | 就目前情况 (jiù mùqián qíngkuàng) | 就我个人来说 (jiù wǒ gèrén lái shuō),就这个问题，我们还要讨论。,"Jiù zhège wèntí, wǒmen hái yào tǎolùn.","دربارهٔ این مسئله، هنوز باید بحث کنیم.",Formal/written or semi-formal use; close to 关于、针对 depending on context.
72,就,jiù,HSK 2,副、连、介,10,和“是”连用，表示解释、判断或强调，相当于“就是”（副/连）,"یعنی؛ همان است که؛ برای توضیح، تعریف یا تأکید، معمولاً در ساختار «就是» (قید/حرف ربط)",就是这个意思 (jiù shì zhège yìsi) | 也就是说 (yě jiù shì shuō) | 问题就是时间不够 (wèntí jiù shì shíjiān bú gòu),我的意思就是，你应该早点儿来。,"Wǒ de yìsi jiù shì, nǐ yīnggāi zǎodiǎnr lái.",منظورم این است که باید زودتر بیایی.,Can also be treated under the separate entry 就是 if your dictionary has phrase entries.
72,就,jiù,HSK 2,副、连、介,11,和“要、快、快要”等连用，表示事情很快将发生（副）,"نزدیک است که؛ به‌زودی، در ساختارهایی مثل «就要،快要» برای آیندهٔ نزدیک (قید)",就要下雨了 (jiù yào xià yǔ le) | 快就到了 (kuài jiù dào le) | 马上就要开始 (mǎshàng jiù yào kāishǐ),电影就要开始了。,Diànyǐng jiù yào kāishǐ le.,فیلم به‌زودی شروع می‌شود.,就要 is frequent enough to treat as a fixed pattern or separate entry.
72,就,jiù,HSK 2,副、连、介,12,用于让步关系，表示即使如此也有后面的结果（连）,"حتی اگر؛ ولو اینکه؛ با اینکه چنین است، نتیجهٔ بعدی همچنان برقرار است (حرف ربط)",就算下雨也去 (jiùsuàn xià yǔ yě qù) | 就是累也要做完 (jiù shì lèi yě yào zuò wán) | 就连他也不知道 (jiù lián tā yě bù zhīdào),就算下雨，我们也要去。,"Jiùsuàn xià yǔ, wǒmen yě yào qù.","حتی اگر باران ببارد، ما باز هم باید برویم.",就算、就是…也、就连…也 这类固定结构也可以作为单独词条处理。
73,酒店,jiǔdiàn,HSK 2,名,1,供旅客住宿的地方，有时也提供吃饭等服务（名）,"هتل؛ محل اقامت مسافران، گاهی همراه با خدمات غذا و دیگر خدمات (اسم)",住酒店 (zhù jiǔdiàn) | 订酒店 (dìng jiǔdiàn) | 去酒店 (qù jiǔdiàn) | 一家酒店 (yì jiā jiǔdiàn),我们今晚住酒店。,Wǒmen jīnwǎn zhù jiǔdiàn.,ما امشب در هتل می‌مانیم.,Restaurant-related uses are regional or context-specific and are omitted for learner clarity.
74,咖啡,kāfēi,HSK 2,名,1,用咖啡豆制成的饮料（名）,قهوه؛ نوشیدنی تهیه‌شده از دانهٔ قهوه (اسم),喝咖啡 (hē kāfēi) | 一杯咖啡 (yì bēi kāfēi) | 买咖啡 (mǎi kāfēi) | 黑咖啡 (hēi kāfēi),我早上喜欢喝咖啡。,Wǒ zǎoshang xǐhuan hē kāfēi.,من صبح‌ها دوست دارم قهوه بنوشم.,
75,开始,kāishǐ,HSK 2,动、名,1,从某个时候起做某事；使事情发生或进行（动）,شروع کردن؛ آغاز کردن؛ از زمانی مشخص کاری را آغاز کردن (فعل),开始上课 (kāishǐ shàngkè) | 开始学习 (kāishǐ xuéxí) | 开始工作 (kāishǐ gōngzuò) | 开始吃饭 (kāishǐ chī fàn),我们八点开始上课。,Wǒmen bā diǎn kāishǐ shàngkè.,ما ساعت هشت کلاس را شروع می‌کنیم.,
75,开始,kāishǐ,HSK 2,动、名,2,事情的开端或最初阶段（名）,آغاز؛ شروع؛ مرحلهٔ نخست (اسم),一开始 (yì kāishǐ) | 从开始 (cóng kāishǐ) | 开始的时候 (kāishǐ de shíhou) | 开始阶段 (Kāishǐ jiēduàn),一开始我不懂这个问题。,Yì kāishǐ wǒ bù dǒng zhège wèntí.,در ابتدا این مسئله را نمی‌فهمیدم.,
76,开学,kāixué,HSK 2,动,1,学校新学期开始上课（动）,شروع شدن مدرسه/دانشگاه؛ آغاز ترم یا سال تحصیلی (فعل),九月开学 (jiǔ yuè kāixué) | 快开学了 (kuài kāixué le) | 开学第一天 (kāixué dì yī tiān) | 开学以后 (kāixué yǐhòu),我们九月开学。,Wǒmen jiǔ yuè kāixué.,مدرسه/دانشگاه ما در سپتامبر شروع می‌شود.,
77,考,kǎo,HSK 2,动,1,参加考试或测验（动）,امتحان دادن؛ در آزمون شرکت کردن (فعل),考汉语 (kǎo Hànyǔ) | 考数学 (kǎo shùxué) | 考得好 (kǎo de hǎo) | 明天考 (míngtiān kǎo),我明天考汉语。,Wǒ míngtiān kǎo Hànyǔ.,من فردا امتحان چینی دارم.,
77,考,kǎo,HSK 2,动,2,通过考试进入学校、单位或取得资格（动）,با آزمون وارد شدن یا قبول شدن؛ از راه امتحان وارد مدرسه/دانشگاه یا یک موقعیت شدن (فعل),考大学 (kǎo dàxué) | 考高中 (kǎo gāozhōng) | 考上大学 (kǎo shàng dàxué),他想考大学。,Tā xiǎng kǎo dàxué.,او می‌خواهد برای ورود به دانشگاه امتحان بدهد.,
77,考,kǎo,HSK 2,动,3,用题目检查别人知识或能力（动）,امتحان گرفتن؛ سنجیدن دانش یا توانایی کسی با پرسش یا آزمون (فعل),考学生 (kǎo xuésheng) | 考生词 (kǎo shēngcí) | 考听力 (kǎo tīnglì) | 考我们十个词 (kǎo wǒmen shí ge cí),老师今天考了我们十个词。,Lǎoshī jīntiān kǎo le wǒmen shí ge cí.,معلم امروز از ما ده واژه امتحان گرفت.,
78,考试,kǎoshì,HSK 2,动、名,1,通过题目检查知识或能力的活动（名）,امتحان؛ آزمون برای سنجش دانش یا توانایی (اسم),参加考试 (cānjiā kǎoshì) | 汉语考试 (Hànyǔ kǎoshì) | 考试时间 (kǎoshì shíjiān) | 期末考试 (qīmò kǎoshì),明天有汉语考试。,Míngtiān yǒu Hànyǔ kǎoshì.,فردا امتحان چینی داریم.,
78,考试,kǎoshì,HSK 2,动、名,2,参加考试；进行测验（动）,امتحان دادن؛ آزمون دادن؛ در امتحان شرکت کردن (فعل),明天考试 (míngtiān kǎoshì) | 去考试 (qù kǎoshì) | 正在考试 (zhèngzài kǎoshì) | 要考试了 (yào kǎoshì le),他明天要考试。,Tā míngtiān yào kǎoshì.,او فردا امتحان دارد.,"As a verb, 考试 usually means taking an exam; “to give/test someone” is better expressed with 考学生 or 给学生考试 depending on context."
79,可能,kěnéng,HSK 2,动、形、副、名,1,表示对事情的发生、存在或情况作推测（助动/副）,"ممکن است؛ شاید؛ احتمالاً، برای حدس زدن دربارهٔ وقوع، وجود یا وضعیت چیزی (فعل کمکی/قید)",可能下雨 (kěnéng xià yǔ) | 可能来 (kěnéng lái) | 可能是 (kěnéng shì) | 可能不来 (kěnéng bù lái) | 不可能 (bù kěnéng),明天可能下雨。,Míngtiān kěnéng xià yǔ.,فردا ممکن است باران ببارد.,
79,可能,kěnéng,HSK 2,动、形、副、名,2,事情发生或实现的机会；常用于“有/没有/很大/不大 + 可能”（名）,امکان؛ احتمال؛ شانسِ وقوع یا تحقق چیزی (اسم),有可能 (yǒu kěnéng) | 两种可能 (liǎng zhǒng kěnéng),事情发展有两种可能。,Shìqing fāzhǎn yǒu liǎng zhǒng kěnéng.,روندِ ماجرا دو احتمال دارد.,可能性 可作为单独词条处理。
80,快,kuài,HSK 2,形、副,1,速度高；动作进行得迅速（形/副）,سریع؛ تند؛ با سرعت زیاد (صفت/قید),跑得快 (pǎo de kuài) | 走得快 (zǒu de kuài) | 说得快 (shuō de kuài) | 快一点儿 (kuài yìdiǎnr),他说话说得很快。,Tā shuōhuà shuō de hěn kuài.,او خیلی تند حرف می‌زند.,
80,快,kuài,HSK 2,形、副,2,做事用的时间短；效率高（形/副）,سریع؛ زود؛ در مدت کوتاه؛ با کارایی بالا (صفت/قید),很快做好 (hěn kuài zuò hǎo) | 学得快 (xué de kuài) | 写得快 (xiě de kuài) | 反应快 (fǎnyìng kuài),她学汉语学得很快。,Tā xué Hànyǔ xué de hěn kuài.,او چینی را خیلی سریع یاد می‌گیرد.,"با معنی ۱ نزدیک است، ولی اینجا تأکید روی کوتاه بودن زمان یا کارایی است، نه فقط سرعت حرکت."
80,快,kuài,HSK 2,形、副,3,时间接近；事情将要发生（副）,نزدیک است؛ به‌زودی؛ چیزی در آستانهٔ وقوع است (قید),快到了 (kuài dào le) | 快下雨了 (kuài xià yǔ le) | 快上课了 (kuài shàngkè le) | 快十二点了 (kuài shí'èr diǎn le),快上课了，我们走吧。,"Kuài shàngkè le, wǒmen zǒu ba.","کلاس دارد شروع می‌شود، برویم.",常用于“快……了”结构。
80,快,kuài,HSK 2,形、副,4,接近某个数量、时间或程度；差不多（副）,"نزدیک به؛ تقریباً؛ کم‌وبیش به مقدار، زمان یا حدی رسیده (قید)",快十年了 (kuài shí nián le) | 快一百人 (kuài yì bǎi rén) | 快三十岁了 (kuài sānshí suì le) | 快到年底了 (kuài dào niándǐ le),我来中国快一年了。,Wǒ lái Zhōngguó kuài yì nián le.,نزدیک یک سال است که به چین آمده‌ام.,表示数量、时间或程度接近某个标准。
80,快,kuài,HSK 2,形、副,5,刀、剪刀等锋利（形）,"تیز؛ بُرنده، دربارهٔ چاقو، قیچی و ابزار برنده (صفت)",刀很快 (dāo hěn kuài) | 快刀 (kuài dāo) | 剪刀很快 (jiǎndāo hěn kuài),这把刀很快，小心点儿。,"Zhè bǎ dāo hěn kuài, xiǎoxīn diǎnr.","این چاقو خیلی تیز است، کمی مراقب باش.",Also can be expressed with 锋利; 快 is common in everyday speech.
81,快乐,kuàilè,HSK 2,形,1,心情愉快、高兴；也可形容使人愉快的生活、时间或事情（形）,شاد؛ خوشحال؛ دل‌خوش؛ خوشایند و شادی‌آور (صفت),生日快乐 (shēngrì kuàilè) | 很快乐 (hěn kuàilè) | 快乐生活 (kuàilè shēnghuó) | 快乐的一天 (kuàilè de yì tiān),祝你生日快乐！,Zhù nǐ shēngrì kuàilè!,تولدت مبارک!,“心情快乐” and “快乐的一天” are merged because both express happiness/pleasantness.
82,快要,kuàiyào,HSK 2,副,1,表示某事很快就要发生，常和“了”连用（副）,"نزدیک است؛ به‌زودی؛ در آستانهٔ وقوع بودن، معمولاً با «了» می‌آید (قید)",快要下雨了 (kuàiyào xià yǔ le) | 快要上课了 (kuàiyào shàngkè le) | 快要到了 (kuàiyào dào le) | 快要过年了 (kuàiyào guònián le),快要下雨了，我们快回去吧。,"Kuàiyào xià yǔ le, wǒmen kuài huíqù ba.","نزدیک است باران ببارد، زود برگردیم.",Two previous senses are merged; both mean an event/time/state is approaching.
83,裤子,kùzi,HSK 2,名,1,穿在下身的衣服，有两条裤腿（名）,شلوار (اسم),一条裤子 (yì tiáo kùzi) | 穿裤子 (chuān kùzi) | 买裤子 (mǎi kùzi) | 黑裤子 (hēi kùzi),这条裤子有点儿贵。,Zhè tiáo kùzi yǒudiǎnr guì.,این شلوار کمی گران است.,
84,篮球,lánqiú,HSK 2,名,1,一种球类运动，双方把球投进篮筐得分（名）,بسکتبال (اسم),打篮球 (dǎ lánqiú) | 篮球比赛 (lánqiú bǐsài) | 喜欢篮球 (xǐhuan lánqiú),他喜欢打篮球。,Tā xǐhuan dǎ lánqiú.,او بسکتبال بازی کردن را دوست دارد.,
84,篮球,lánqiú,HSK 2,名,2,打篮球用的球（名）,توپ بسکتبال (اسم),一个篮球 (yí ge lánqiú) | 买篮球 (mǎi lánqiú) | 我的篮球 (wǒ de lánqiú) | 篮球在地上 (lánqiú zài dìshang),我买了一个新篮球。,Wǒ mǎi le yí ge xīn lánqiú.,من یک توپ بسکتبال نو خریدم.,
85,累,lèi,HSK 2,形、动,1,身体或精神感到疲劳（形）,خسته؛ فرسوده از نظر جسمی یا ذهنی (صفت),很累 (hěn lèi) | 太累了 (tài lèi le) | 累坏了 (lèi huài le) | 累得不想动 (lèi de bù xiǎng dòng),我今天很累，想早点儿睡。,"Wǒ jīntiān hěn lèi, xiǎng zǎodiǎnr shuì.",امروز خیلی خسته‌ام و می‌خواهم زودتر بخوابم.,
85,累,lèi,HSK 2,形、动,2,使人感到疲劳；做起来费力（形/动）,خسته‌کننده بودن؛ آدم را خسته کردن؛ سخت و طاقت‌فرسا بودن (صفت/فعل),累眼睛 (lèi yǎnjing) | 累人 (lèi rén) | 累活儿 (lèi huór) | 工作很累 (gōngzuò hěn lèi),看手机太久很累眼睛。,Kàn shǒujī tài jiǔ hěn lèi yǎnjing.,زیاد نگاه کردن به گوشی چشم‌ها را خسته می‌کند.,
85,累,lèi,HSK 2,形、动,3,因长时间劳动、学习或活动而辛苦、疲劳（动/形）,زحمت کشیدن؛ سخت کار کردن و خسته شدن؛ مدتی درگیر کار یا فعالیت طاقت‌فرسا بودن (فعل/صفت),累了一天 (lèi le yì tiān) | 累了一上午 (lèi le yì shàngwǔ) | 累到很晚 (lèi dào hěn wǎn),累了一天，该休息了。,"Lèi le yì tiān, gāi xiūxi le.","یک روز تمام زحمت کشیدی/خسته شدی، وقت استراحت است.",Here 累 describes being worn out after a period of work/activity.
86,离,lí,HSK 2,介、动,1,表示距离某处、某时或某种状态有多远（介）,"از؛ فاصله داشتن از مکان، زمان یا وضعیتی مشخص (حرف اضافه)",离学校近 (lí xuéxiào jìn) | 离家远 (lí jiā yuǎn) | 离机场不远 (lí jīchǎng bù yuǎn) | 离考试还有三天 (lí kǎoshì hái yǒu sān tiān),我家离学校很近。,Wǒ jiā lí xuéxiào hěn jìn.,خانهٔ من به مدرسه خیلی نزدیک است.,
86,离,lí,HSK 2,介、动,2,离开原来的地方、人或关系；分开（动）,"ترک کردن؛ جدا شدن؛ دور شدن از مکان، شخص یا رابطهٔ قبلی (فعل)",离家 (lí jiā) | 离校 (lí xiào) | 离职 (lízhí) | 离婚 (líhūn),他十岁就离家上学。,Tā shí suì jiù lí jiā shàngxué.,او از ده‌سالگی خانه را ترک کرد و برای درس رفت.,离开、分离、离不开 can be treated as separate entries.
87,里面,lǐmiàn,HSK 2,方位词、名,1,某个物体、地方或范围的内部（方位词/名）,"داخل؛ درون؛ بخش داخلیِ یک چیز، مکان، محدوده، متن یا گروه (اسم مکانی/جهت‌نما)",房间里面 (fángjiān lǐmiàn) | 包里面 (bāo lǐmiàn) | 书里面 (shū lǐmiàn) | 班里面 (bān lǐmiàn),包里面有一本书。,Bāo lǐmiàn yǒu yì běn shū.,داخل کیف یک کتاب هست.,Physical and abstract “inside” uses are merged for clarity.
88,楼,lóu,HSK 2,名、量,1,有多层的房屋或建筑（名）,ساختمان چندطبقه؛ بنا (اسم),一座楼 (yí zuò lóu) | 一栋楼 (yí dòng lóu) | 高楼 (gāo lóu) | 楼里 (lóu lǐ),学校后面有一座高楼。,Xuéxiào hòumiàn yǒu yí zuò gāo lóu.,پشت مدرسه یک ساختمان بلند هست.,"For counting buildings, 座/栋 are the common classifiers."
88,楼,lóu,HSK 2,名、量,2,楼层；建筑中的一层（名）,طبقه؛ یک سطح از ساختمان (اسم),二楼 (èr lóu) | 三楼 (sān lóu) | 楼上 (lóu shàng) | 楼下 (lóu xià),教室在三楼。,Jiàoshì zài sān lóu.,کلاس درس در طبقهٔ سوم است.,
89,路,lù,HSK 2,名,1,供人或车通行的道路（名）,راه؛ جاده؛ خیابان؛ مسیر عبور انسان یا وسیلهٔ نقلیه (اسم),一条路 (yì tiáo lù) | 走路 (zǒu lù) | 路上 (lùshang) | 过马路 (guò mǎlù),这条路很长。,Zhè tiáo lù hěn cháng.,این راه خیلی طولانی است.,
89,路,lù,HSK 2,名,2,到某地的路线、方向或经过的途径（名）,مسیر؛ جهت یا راهی که برای رسیدن به جایی طی می‌شود (اسم),问路 (wèn lù) | 走错路 (zǒu cuò lù) | 回家的路 (huí jiā de lù) | 去机场的路 (qù jīchǎng de lù),我不认识去机场的路。,Wǒ bù rènshi qù jīchǎng de lù.,من راهِ فرودگاه را بلد نیستم.,
89,路,lù,HSK 2,名,3,做事、解决问题或达到目的的方法、途径；也可指较近、较方便的路（名）,راه؛ روش؛ مسیر انجام کار؛ راه‌حل؛ راهِ رسیدن به هدف؛ گاهی راه میان‌بُر یا مسیر کوتاه‌تر (اسم),出路 (chūlù) | 路子 (lùzi) | 近路 (jìnlù) | 走近路 (zǒu jìnlù),学习没有近路。,Xuéxí méiyǒu jìnlù.,یادگیری راه میان‌بُر ندارد.,思路 بهتر است مدخل جدا باشد؛ یعنی «خط فکری/طرز فکر».
90,绿茶,lǜchá,HSK 2,名,1,一种不发酵或轻微加工的茶，茶汤多为绿色或黄绿色（名）,چای سبز (اسم),喝绿茶 (hē lǜchá) | 一杯绿茶 (yì bēi lǜchá) | 买绿茶 (mǎi lǜchá) ,我下午喜欢喝绿茶。,Wǒ xiàwǔ xǐhuan hē lǜchá.,من بعدازظهرها دوست دارم چای سبز بنوشم.,
91,绿色,lǜsè,HSK 2,名、形,1,像草或树叶那样的颜色；颜色是绿的（名/形）,رنگ سبز؛ سبز؛ به رنگ سبز (اسم/صفت),绿色衣服 (lǜsè yīfu) | 绿色书包 (lǜsè shūbāo) | 绿色的树 (lǜsè de shù) | 我喜欢绿色 (wǒ xǐhuan lǜsè),这个书包是绿色的。,Zhège shūbāo shì lǜsè de.,این کیف سبز است.,اسم و صفت رنگی در یک ردیف ادغام شده‌اند.
91,绿色,lǜsè,HSK 2,名、形,2,环保、节能、无污染或有利于健康的（形）,سازگار با محیط‌زیست؛ پاک؛ کم‌آسیب؛ سالم و بی‌ضرر (صفت),绿色食品 (lǜsè shípǐn) | 绿色生活 (lǜsè shēnghuó) | 绿色出行 (lǜsè chūxíng) | 绿色能源 (lǜsè néngyuán),坐公交车是一种绿色出行方式。,Zuò gōngjiāochē shì yì zhǒng lǜsè chūxíng fāngshì.,اتوبوس‌سواری نوعی رفت‌وآمد سازگار با محیط‌زیست است.,
92,路上,lùshang,HSK 2,名,1,道路上；路面上或街上（名）,در خیابان/جاده؛ روی مسیر عبور (اسم مکانی),路上有车 (lùshang yǒu chē) | 走在路上 (zǒu zài lùshang) | 路上的人 (lùshang de rén),路上有很多车。,Lùshang yǒu hěn duō chē.,در خیابان/جاده ماشین‌های زیادی هست.,上 在这里通常读轻声：lùshang。
92,路上,lùshang,HSK 2,名,2,去某地或回某地的途中（名）,در راه؛ در مسیر رفتن یا برگشتن به جایی (اسم مکانی/زمانی),在路上 (zài lùshang) | 回家的路上 (huí jiā de lùshang) | 上班路上 (shàngbān lùshang) | 去学校的路上 (qù xuéxiào de lùshang),我在回家的路上。,Wǒ zài huí jiā de lùshang.,من در راهِ برگشت به خانه هستم.,上 在这里通常读轻声：lùshang。
93,旅游,lǚyóu,HSK 2,动、名,1,到外地或外国游玩、参观（动）,سفر تفریحی رفتن؛ برای گردش و بازدید به جایی رفتن (فعل),去旅游 (qù lǚyóu) | 出国旅游 (chūguó lǚyóu) | 到中国旅游 (dào Zhōngguó lǚyóu) | 暑假旅游 (shǔjià lǚyóu),我想去中国旅游。,Wǒ xiǎng qù Zhōngguó lǚyóu.,می‌خواهم برای گردش/سفر تفریحی به چین بروم.,
93,旅游,lǚyóu,HSK 2,动、名,2,旅游活动或与旅游有关的事情（名）,گردشگری؛ سفر تفریحی؛ امور مربوط به سفر و بازدید (اسم),旅游景点 (lǚyóu jǐngdiǎn) | 旅游业 (lǚyóuyè) | 旅游费用 (lǚyóu fèiyòng) | 国内旅游 (guónèi lǚyóu),这个城市的旅游业发展很快。,Zhège chéngshì de lǚyóuyè fāzhǎn hěn kuài.,صنعت گردشگریِ این شهر خیلی سریع رشد می‌کند.,指旅游活动或旅游相关事务；单次“سفر” معمولاً با 旅行 طبیعی‌تر است.
94,慢,màn,HSK 2,形,1,速度低；动作、反应或进展不快（形）,آهسته؛ کند؛ یواش؛ با سرعت کم (صفت),很慢 (hěn màn) | 慢一点儿 (màn yìdiǎnr) | 走得慢 (zǒu de màn) | 反应慢 (fǎnyìng màn),请说慢一点儿。,Qǐng shuō màn yìdiǎnr.,لطفاً کمی آهسته‌تر صحبت کن.,
94,慢,màn,HSK 2,形,2,不着急；从容地做某事，常用于“慢慢”或固定说法（形/副）,"آرام؛ باحوصله؛ بدون عجله، معمولاً در «慢慢» یا عبارت‌های ثابت (صفت/قید)",慢慢来 (mànmàn lái) | 慢慢说 (mànmàn shuō) | 慢慢吃 (mànmàn chī) | 慢走 (màn zǒu),别着急，慢慢来。,"Bié zhāojí, mànmàn lái.","عجله نکن، آرام‌آرام انجام بده.",
95,每,měi,HSK 2,代,1,指全体中的任何一个或任何一组；也表示按固定周期重复（代/限定词）,"هر؛ هر یک؛ هر بار/هر دوره، برای اشاره به تک‌تک اعضای یک مجموعه یا تکرار منظم (ضمیر/وابستهٔ شمارشی)",每天 (měitiān) | 每个人 (měi ge rén) | 每本书 (měi běn shū) | 每星期 (měi xīngqī),我每天学习汉语。,Wǒ měitiān xuéxí Hànyǔ.,من هر روز چینی می‌خوانم.,کاربرد «هر عضو» و «هر دورهٔ تکرارشونده» در یک معنی ادغام شده‌اند.
96,没意思,méi yìsi,HSK 2,形、习用语,1,没有趣味；不有趣（形）,بی‌مزه؛ کسل‌کننده؛ جالب نبودن (صفت),电影没意思 (diànyǐng méi yìsi) | 这本书没意思 (zhè běn shū méi yìsi) | 太没意思了 (tài méi yìsi le),这部电影没意思。,Zhè bù diànyǐng méi yìsi.,این فیلم جالب نیست.,
96,没意思,méi yìsi,HSK 2,形、习用语,2,没有意义、价值或必要（形）,بی‌معنی؛ بی‌فایده؛ ارزش/ضرورت نداشتن (صفت),这样做没意思 (zhèyàng zuò méi yìsi) | 说这些没意思 (shuō zhèxiē méi yìsi) | 争这个没意思 (zhēng zhège méi yìsi),一直说过去的事没意思。,Yìzhí shuō guòqù de shì méi yìsi.,مدام دربارهٔ گذشته حرف زدن فایده‌ای ندارد.,
97,门,mén,HSK 2,名、量,1,房屋、车、柜子等的出入口或能开关的部分（名）,"در؛ ورودی؛ بخش باز و بسته‌شوندهٔ خانه، اتاق، ماشین، کمد و مانند آن (اسم)",开门 (kāi mén) | 关门 (guān mén) | 门口 (ménkǒu) | 房门 (fángmén),请把门打开。,Qǐng bǎ mén dǎkāi.,لطفاً در را باز کن.,
97,门,mén,HSK 2,名、量,2,用于课程、学科、语言、技术等的量词（量）,"واحد شمارش برای درس، رشته، زبان، مهارت و مانند آن (واحد شمارش)",一门课 (yì mén kè) | 两门外语 (liǎng mén wàiyǔ) | 一门技术 (yì mén jìshù) | 三门考试 (sān mén kǎoshì),这个学期我有三门课。,Zhège xuéqī wǒ yǒu sān mén kè.,این ترم سه درس دارم.,门类、专门 等 بهتر است مدخل جدا باشند.
98,门口,ménkǒu,HSK 2,名,1,门的附近或某个地方的出入口处（名）,جلوی در؛ کنار در؛ ورودیِ یک مکان (اسم مکانی),在门口 (zài ménkǒu) | 学校门口 (xuéxiào ménkǒu) | 酒店门口 (jiǔdiàn ménkǒu) | 门口等你 (ménkǒu děng nǐ),我在学校门口等你。,Wǒ zài xuéxiào ménkǒu děng nǐ.,من جلوی درِ مدرسه منتظرت می‌مانم.,دو معنی قبلی ادغام شدند؛ «جلوی در» و «ورودی مکان» در کاربرد روزمره جداکردنی نیستند.
99,门票,ménpiào,HSK 2,名,1,进入公园、景点、电影院、展览等需要购买的票（名）,"بلیت ورودی؛ بلیت ورود به مکان، دیدنی، نمایشگاه یا برنامه (اسم)",买门票 (mǎi ménpiào) | 一张门票 (yì zhāng ménpiào) | 门票多少钱 (ménpiào duōshao qián) | 景点门票 (jǐngdiǎn ménpiào),这个公园的门票很便宜。,Zhège gōngyuán de ménpiào hěn piányi.,بلیت ورودی این پارک خیلی ارزان است.,
100,面,miàn,HSK 2,名、量,1,脸；头的前部（名）,صورت؛ چهره؛ بخش جلویی سر (اسم),脸面 (liǎnmiàn) | 面带笑容 (miàn dài xiàoróng) | 面对面 (miàn duì miàn),他们面对面坐着。,Tāmen miàn duì miàn zuòzhe.,آن‌ها روبه‌روی هم نشسته‌اند.,洗面 بیشتر رسمی/نوشتاری یا در ترکیب‌هایی مثل 洗面奶 دیده می‌شود.
100,面,miàn,HSK 2,名、量,2,物体的表面、方向或某一方面（名）,سطح؛ رو؛ طرف؛ جهت؛ جنبه یا بُعدی از چیزی (اسم),表面 (biǎomiàn) | 正面 (zhèngmiàn) | 反面 (fǎnmiàn) | 方面 (fāngmiàn),这个问题有两面。,Zhège wèntí yǒu liǎng miàn.,این مسئله دو جنبه دارد.,上面、下面 بهتر است مدخل‌های جدا باشند؛ اینجا فقط کاربرد عمومی 面 آمده است.
100,面,miàn,HSK 2,名、量,3,面粉；用面粉做成的食物，常指面条（名）,آرد؛ غذای آردی؛ به‌ویژه نودل (اسم),面粉 (miànfěn) | 吃面 (chī miàn) | 一碗面 (yì wǎn miàn) | 牛肉面 (niúròu miàn),我中午吃了一碗面。,Wǒ zhōngwǔ chī le yì wǎn miàn.,من ظهر یک کاسه نودل خوردم.,
100,面,miàn,HSK 2,名、量,4,用于镜子、旗子、墙等扁平物，或用于表示方面（量）,"واحد شمارش برای بعضی اشیای تخت مثل آینه، پرچم و دیوار؛ همچنین برای جنبه‌ها (واحد شمارش)",一面镜子 (yí miàn jìngzi) | 一面旗子 (yí miàn qízi) | 一面墙 (yí miàn qiáng) | 两面 (liǎng miàn),墙上有一面镜子。,Qiáng shang yǒu yí miàn jìngzi.,روی دیوار یک آینه هست.,
101,名,míng,HSK 2,名、量、形,1,名字；名称（名）,نام؛ اسم؛ عنوان (اسم),中文名 (Zhōngwén míng) |  书名 (shūmíng) | 地名 (dìmíng),你的中文名是什么？,Nǐ de Zhōngwén míng shì shénme?,نام چینی تو چیست؟,
101,名,míng,HSK 2,名、量、形,2,有名的；著名的，多用于复合词（形/语素）,"معروف؛ نامدار؛ شناخته‌شده، بیشتر در ترکیب‌ها (صفت/تکواژ)",名人 (míngrén) | 名校 (míngxiào) | 名菜 (míngcài) | 名牌 (míngpái),这是一所名校。,Zhè shì yì suǒ míngxiào.,این یک مدرسه/دانشگاه معروف و معتبر است.,名声、名气、出名、成名 可作为单独词条处理。
101,名,míng,HSK 2,名、量、形,3,用于人的量词，多用于正式表达（量）,"واحد شمارش برای افراد، بیشتر در بیان رسمی (واحد شمارش)",一名学生 (yì míng xuésheng) | 三名老师 (sān míng lǎoshī) | 两名医生 (liǎng míng yīshēng) | 一名记者 (yì míng jìzhě),我们班有二十名学生。,Wǒmen bān yǒu èrshí míng xuésheng.,کلاس ما بیست دانش‌آموز دارد.,
102,拿,ná,HSK 2,动、介,1,用手取、握住、拿着或把东西带到某处（动）,گرفتن؛ برداشتن؛ در دست گرفتن؛ همراه آوردن یا بردنِ چیزی با دست (فعل),拿书 (ná shū) | 拿手机 (ná shǒujī) | 拿着伞 (názhe sǎn) | 拿过来 (ná guòlái),请把书拿过来。,Qǐng bǎ shū ná guòlái.,لطفاً کتاب را بردار و اینجا بیاور.,基本动词用法；和趋向补语连用时可表示“拿来/拿去”。
102,拿,ná,HSK 2,动、介,2,取得、获得某物、成绩、资格或名次（动）,"گرفتن؛ به دست آوردن؛ کسب کردنِ پول، مدرک، جایزه، نمره یا رتبه (فعل)",拿钱 (ná qián) | 拿工资 (ná gōngzī) | 拿奖 (ná jiǎng) | 拿第一名 (ná dì-yī míng),他在比赛中拿了第一名。,Tā zài bǐsài zhōng ná le dì-yī míng.,او در مسابقه مقام اول را به دست آورد.,
102,拿,ná,HSK 2,动、介,3,用某物作为工具、材料、依据或例子（介/动）,"با چیزی؛ با استفاده از چیزی؛ چیزی را به‌عنوان ابزار، ماده، دلیل یا مثال به کار بردن (حرف اضافه/فعل)",拿钥匙开门 (ná yàoshi kāi mén) | 拿这个做例子 (ná zhège zuò lìzi) | 拿事实说话 (ná shìshí shuōhuà) | 拿钱买书 (ná qián mǎi shū),我们拿这个句子做例子。,Wǒmen ná zhège jùzi zuò lìzi.,ما این جمله را به‌عنوان مثال به کار می‌بریم.,这里的拿接近“用、以”；不是单纯“برداشتن”.
102,拿,ná,HSK 2,动、介,4,对待、处理某人或某事，常用于固定说法（动）,با کسی یا چیزی برخورد کردن؛ کاری با کسی/چیزی کردن؛ از پسِ کسی یا چیزی برآمدن (فعل),拿他没办法 (ná tā méi bànfǎ) | 拿你怎么办 (ná nǐ zěnme bàn) | 你能拿我怎么样 (nǐ néng ná wǒ zěnmeyàng),我真拿他没办法。,Wǒ zhēn ná tā méi bànfǎ.,واقعاً نمی‌دانم با او چه کار کنم / از پسش برنمی‌آیم.,多用于固定结构；意思不是“گرفتن با دست”.
102,拿,ná,HSK 2,动、介,5,把握、判断或决定，常用于固定说法（动）,"تشخیص دادن؛ مطمئن بودن؛ تصمیم گرفتن یا در دست داشتنِ قضاوت، بیشتر در عبارت‌های ثابت (فعل)",拿主意 (ná zhǔyi) | 拿不准 (ná bù zhǔn) | 拿定主意 (nádìng zhǔyi),这件事我拿不准。,Zhè jiàn shì wǒ ná bù zhǔn.,دربارهٔ این موضوع مطمئن نیستم / نمی‌توانم دقیق تصمیم بگیرم.,拿主意、拿不准、拿定主意 可作为单独词条处理。
103,奶茶,nǎichá,HSK 2,名,1,加了牛奶或奶制品的茶饮料（名）,چای شیر؛ چای همراه با شیر یا فرآوردهٔ لبنی (اسم),喝奶茶 (hē nǎichá) | 一杯奶茶 (yì bēi nǎichá) | 买奶茶 (mǎi nǎichá) | 珍珠奶茶 (zhēnzhū nǎichá),我想喝一杯奶茶。,Wǒ xiǎng hē yì bēi nǎichá.,می‌خواهم یک لیوان چای شیر بنوشم.,
104,奶奶,nǎinai,HSK 2,名,1,父亲的母亲（名）,مادربزرگ پدری (اسم),我奶奶 (wǒ nǎinai) | 爷爷奶奶 (yéye nǎinai) | 看奶奶 (kàn nǎinai),我奶奶住在北京。,Wǒ nǎinai zhù zài Běijīng.,مادربزرگ پدری‌ام در پکن زندگی می‌کند.,
104,奶奶,nǎinai,HSK 2,名,2,对年老女性的亲切称呼（名）,مادربزرگ؛ خطاب محترمانه یا صمیمی به زن سالمند (اسم),老奶奶 (lǎo nǎinai) | 这位奶奶 (zhè wèi nǎinai) | 奶奶您好 (nǎinai nín hǎo),那位老奶奶很热情。,Nà wèi lǎo nǎinai hěn rèqíng.,آن خانم سالمند/مادربزرگ خیلی خون‌گرم است.,
105,那么,nàme,HSK 2,代、副、连,1,指示方式、性质或程度，相当于“那样、那般”（代/副）,آن‌طور؛ آن‌گونه؛ آن‌قدر؛ به آن شکل یا آن درجه (ضمیر/قید),那么做 (nàme zuò) | 那么高 (nàme gāo) | 那么贵 (nàme guì) | 没那么难 (méi nàme nán),你不该那么做。,Nǐ bù gāi nàme zuò.,نباید آن‌طور رفتار/عمل می‌کردی.,
105,那么,nàme,HSK 2,代、副、连,2,表示数量或程度的大概，相当于“大约、左右”（副）,تقریباً؛ حدوداً؛ نزدیک به آن مقدار یا اندازه (قید),那么二三十个 (nàme èr-sānshí ge) | 那么几个人 (nàme jǐ ge rén) | 那么一点儿 (nàme yìdiǎnr) | 那么多 (nàme duō),再有那么二三十个麻袋就够了。,Zài yǒu nàme èr-sānshí ge mádài jiù gòu le.,"اگر حدوداً بیست‌سی کیسهٔ دیگر باشد، کافی است.",常用于口语或估计数量时；那么多 也可表示“آن‌قدر زیاد”.
105,那么,nàme,HSK 2,代、副、连,3,承接上文，引出结果、判断、建议或下一步，相当于“既然这样、那”（连/副）,پس؛ در این صورت؛ بنابراین؛ حالا که این‌طور است (حرف ربط/قید),那么我们走吧 (nàme wǒmen zǒu ba) | 那么就这样吧 (nàme jiù zhèyàng ba) | 那么说来 (nàme shuō lái),这样做既然不行，那么你打算怎么办？,"Zhèyàng zuò jìrán bù xíng, nàme nǐ dǎsuàn zěnme bàn?","حالا که این کار جواب نمی‌دهد، پس قصد داری چه کار کنی؟",口语中“那”更常见；“那么”更完整，也常用于较有条理的承接。
106,男孩儿,nánháir,HSK 2,名,1,男性儿童或少年（名）,پسر؛ کودک یا نوجوان مذکر (اسم),一个男孩儿 (yí ge nánháir) | 小男孩儿 (xiǎo nánháir) | 男孩儿女孩儿 (nánháir nǚháir),那个男孩儿是我的弟弟。,Nàge nánháir shì wǒ de dìdi.,آن پسر برادر کوچک‌تر من است.,
107,那样,nàyàng,HSK 2,代、副,1,指示前面提到的或较远的方式、性质、状态或种类（代/副）,آن‌طور؛ آن‌گونه؛ به آن شکل؛ از آن جور/نوع (ضمیر/قید),那样做 (nàyàng zuò) | 那样说 (nàyàng shuō) | 像那样 (xiàng nàyàng) | 那样的人 (nàyàng de rén),他不是那样的人。,Tā bú shì nàyàng de rén.,او چنین آدمی نیست / او از آن جور آدم‌ها نیست.,表示程度时也可说“没有那样难”，但口语中“那么难”更常见。
108,鸟,niǎo,HSK 2,名,1,有羽毛和翅膀，多数会飞的动物（名）,پرنده؛ جانوری دارای پر و بال که بیشتر گونه‌هایش می‌پرند (اسم),一只鸟 (yì zhī niǎo) | 小鸟 (xiǎo niǎo) | 鸟叫 (niǎo jiào) | 鸟飞走了 (niǎo fēi zǒu le),树上有一只小鸟。,Shù shang yǒu yì zhī xiǎo niǎo.,روی درخت یک پرندهٔ کوچک هست.,
109,女孩儿,nǚháir,HSK 2,名,1,女性儿童或少年（名）,دختر؛ کودک یا نوجوان مؤنث (اسم),一个女孩儿 (yí ge nǚháir) | 小女孩儿 (xiǎo nǚháir) | 漂亮女孩儿 (piàoliang nǚháir),那个女孩儿是我的同学。,Nàge nǚháir shì wǒ de tóngxué.,آن دختر هم‌کلاسی من است.,
110,旁边,pángbiān,HSK 2,方位词、名,1,靠近某人或某物的地方；旁侧（方位词/名）,کنار؛ پهلو؛ جای نزدیک به چیزی یا کسی (اسم مکانی/جهت‌نما),学校旁边 (xuéxiào pángbiān) | 桌子旁边 (zhuōzi pángbiān) | 坐在旁边 (zuò zài pángbiān) | 旁边的人 (pángbiān de rén),学校旁边有一家书店。,Xuéxiào pángbiān yǒu yì jiā shūdiàn.,کنار مدرسه یک کتاب‌فروشی هست.,دو ردیف قبلی ادغام شدند؛ «کنار چیزی» و «آدم/اتاق کناری» از یک کاربردند.
111,跑,pǎo,HSK 2,动,1,两脚快速移动；奔跑（动）,دویدن؛ با پاها سریع حرکت کردن (فعل),跑得快 (pǎo de kuài) | 往前跑 (wǎng qián pǎo) | 跑出去 (pǎo chūqù) | 跑回家 (pǎo huí jiā),他跑得很快。,Tā pǎo de hěn kuài.,او خیلی سریع می‌دود.,
111,跑,pǎo,HSK 2,动,2,为办事、联系或处理某事到处走动（动）,"برای پیگیری یا انجام کاری این‌طرف و آن‌طرف رفتن؛ رفت‌وآمد کردن برای کار، مشتری، اداره، بانک و مانند آن (فعل)",跑手续 (pǎo shǒuxù) | 跑业务 (pǎo yèwù) | 跑客户 (pǎo kèhù) | 跑银行 (pǎo yínháng),他今天跑了一天银行。,Tā jīntiān pǎo le yì tiān yínháng.,او امروز تمام روز برای کارهای بانکی این‌طرف و آن‌طرف رفت.,这个用法常见，但搭配有限；跑工作 不自然，可说 找工作。
111,跑,pǎo,HSK 2,动,3,离开、逃走或走失；也可指机会、东西等失去（动）,فرار کردن؛ دررفتن؛ گم شدن؛ از دست رفتنِ فرصت یا چیزی (فعل),跑了 (pǎo le) | 狗跑了 (gǒu pǎo le) | 跑不掉 (pǎo bu diào) | 机会跑了 (jīhuì pǎo le),那只狗跑了。,Nà zhī gǒu pǎo le.,آن سگ فرار کرد/در رفت.,
112,跑步,pǎobù,HSK 2,动宾短语,1,进行跑的运动或锻炼（动）,دویدن؛ دویدن برای ورزش یا تمرین (فعل),去跑步 (qù pǎobù) | 每天跑步 (měitiān pǎobù) | 早上跑步 (zǎoshang pǎobù) | 跑步锻炼 (pǎobù duànliàn),我每天早上跑步。,Wǒ měitiān zǎoshang pǎobù.,من هر روز صبح می‌دوم.,
113,票,piào,HSK 2,名,1,乘车、看电影、进入某地等的凭证（名）,"بلیت؛ برگه یا مدرک ورود، سفر یا تماشا (اسم)",买票 (mǎi piào) | 电影票 (diànyǐng piào) | 车票 (chēpiào) | 门票 (ménpiào),我买了两张电影票。,Wǒ mǎi le liǎng zhāng diànyǐng piào.,من دو بلیت فیلم خریدم.,
113,票,piào,HSK 2,名,2,用于投票、选举的票（名）,رأی؛ برگهٔ رأی؛ رأی در رأی‌گیری یا انتخابات (اسم),投票 (tóupiào) | 一票 (yí piào) | 选票 (xuǎnpiào) | 得票 (dé piào),每个人都可以投一票。,Měi ge rén dōu kěyǐ tóu yí piào.,هر نفر می‌تواند یک رأی بدهد.,钞票、发票、小票、票据 等建议作为单独词条处理。
114,前面,qiánmiàn,HSK 2,方位词、名,1,位置在前方；跟“后面”相对（方位词/名）,"جلو؛ روبه‌رو؛ قسمت جلویی، در برابر «پشت/عقب» (اسم مکانی/جهت‌نما)",学校前面 (xuéxiào qiánmiàn) | 前面的人 (qiánmiàn de rén) | 坐在前面 (zuò zài qiánmiàn) | 往前面走 (wǎng qiánmiàn zǒu),学校前面有一个车站。,Xuéxiào qiánmiàn yǒu yí ge chēzhàn.,جلوی مدرسه یک ایستگاه هست.,
114,前面,qiánmiàn,HSK 2,方位词、名,2,次序、文章、话语或时间中较早的部分（名/方位词）,"بخش قبلی؛ قسمت پیشین در ترتیب، متن، گفتار یا زمان (اسم/جهت‌نما)",前面的内容 (qiánmiàn de nèiróng) | 前面的课 (qiánmiàn de kè) | 前面说过 (qiánmiàn shuōguo) | 前面几天 (qiánmiàn jǐ tiān),前面的内容比较简单。,Qiánmiàn de nèiróng bǐjiào jiǎndān.,مطالب قبلی نسبتاً ساده‌تر است.,
115,起来,qǐlái,HSK 2,动、趋向补语,1,从躺、坐、睡等状态起身；站起身来（动）,"بلند شدن؛ برخاستن از حالت خوابیده، نشسته یا خواب (فعل)",起来了 (qǐlái le) | 早上起来 (zǎoshang qǐlái) | 从床上起来 (cóng chuáng shang qǐlái) | 起不来 (qǐ bu lái),我早上七点起来。,Wǒ zǎoshang qī diǎn qǐlái.,من صبح ساعت هفت بلند می‌شوم.,这是起来作独立动词的用法。
115,起来,qǐlái,HSK 2,动、趋向补语,2,用在动词后，表示人或身体从低处、坐卧状态向上移动（趋向补语）,پس از فعل می‌آید و بلند شدن یا بالا آمدنِ بدن/شخص را نشان می‌دهد (متمم جهت‌نما),站起来 (zhàn qǐlái) | 坐起来 (zuò qǐlái) | 抬起头来 (tái qǐ tóu lái) | 跳起来 (tiào qǐlái),请大家站起来。,Qǐng dàjiā zhàn qǐlái.,لطفاً همه بایستید/بلند شوید.,这里的起来不是独立动词，而是动词后的趋向补语。
115,起来,qǐlái,HSK 2,动、趋向补语,3,用在动词或形容词后，表示动作或状态开始并发展（趋向补语）,پس از فعل یا صفت می‌آید و شروع شدن یا شدت گرفتن یک عمل/حالت را نشان می‌دهد (متمم جهت‌نما),笑起来 (xiào qǐlái) | 忙起来 (máng qǐlái) | 跑起来 (pǎo qǐlái) | 热起来 (rè qǐlái),孩子们高兴地笑起来。,Háizimen gāoxìng de xiào qǐlái.,بچه‌ها با خوشحالی شروع به خندیدن کردند.,
115,起来,qǐlái,HSK 2,动、趋向补语,4,用在动词后，表示把东西收拢、收好、保存起来（趋向补语）,"پس از فعل می‌آید و جمع کردن، کنار گذاشتن یا نگه‌داشتن چیزی را نشان می‌دهد (متمم نتیجه/جهت‌نما)",收起来 (shōu qǐlái) | 放起来 (fàng qǐlái) | 存起来 (cún qǐlái) | 叠起来 (dié qǐlái),请把书收起来。,Qǐng bǎ shū shōu qǐlái.,لطفاً کتاب‌ها را جمع کنید.,
115,起来,qǐlái,HSK 2,动、趋向补语,5,用在感觉、判断等动词后，表示从某种角度得到的印象（趋向补语）,"پس از فعل‌های ادراکی یا داوری می‌آید و برداشت حاصل از دیدن، شنیدن، خوردن یا فکر کردن را نشان می‌دهد (متمم)",看起来 (kàn qǐlái) | 听起来 (tīng qǐlái) | 吃起来 (chī qǐlái) | 说起来 (shuō qǐlái),这个菜看起来很好吃。,Zhège cài kàn qǐlái hěn hǎochī.,این غذا خیلی خوشمزه به نظر می‌آید.,
116,晴,qíng,HSK 2,形,1,天空没有云或云很少，天气好（形）,"صاف؛ آفتابی؛ بی‌ابر یا کم‌ابر، دربارهٔ هوا (صفت)",晴天 (qíngtiān) | 天晴了 (tiān qíng le) ,今天是晴天。,Jīntiān shì qíngtiān.,امروز هوا آفتابی است.,
117,球,qiú,HSK 2,名,1,圆形的体育用品或玩具（名）,توپ؛ وسیلهٔ گرد برای بازی یا ورزش (اسم),一个球 (yí ge qiú) | 皮球 (píqiú) | 篮球 (lánqiú) | 足球 (zúqiú),地上有一个球。,Dì shang yǒu yí ge qiú.,روی زمین یک توپ هست.,
117,球,qiú,HSK 2,名,2,球类运动或球赛的简称（名）,ورزش توپی؛ بازی یا مسابقه‌ای که با توپ انجام می‌شود (اسم),打球 (dǎ qiú) | 看球 (kàn qiú) | 球赛 (qiúsài) | 球迷 (qiúmí),他喜欢打球。,Tā xǐhuan dǎ qiú.,او ورزش‌های توپی/توپ‌بازی را دوست دارد.,看球 常指看球赛；具体是哪种球类运动要看语境。
117,球,qiú,HSK 2,名,3,球形的东西或星体，常用于构词（名/语素）,"چیز کروی؛ کره یا جرم آسمانی کروی، بیشتر در ترکیب‌ها (اسم/تکواژ)",地球 (dìqiú) | 月球 (yuèqiú) | 球形 (qiúxíng) | 眼球 (yǎnqiú) | 雪球 (xuěqiú),地球是圆的。,Dìqiú shì yuán de.,زمین گرد است.,
118,妻子,qīzi,HSK 2,名,1,丈夫的配偶（名）,همسرِ زن؛ زن؛ زوجه (اسم),我的妻子 (wǒ de qīzi) | 他的妻子 (tā de qīzi) | 妻子和孩子 (qīzi hé háizi),他的妻子是医生。,Tā de qīzi shì yīshēng.,همسر او پزشک است.,老婆 更口语；妻子 较正式、中性。
119,让,ràng,HSK 2,动、介,1,允许或同意别人做某事；使别人可以做某事（动）,اجازه دادن؛ گذاشتن کسی کاری انجام دهد؛ مانع نشدن از انجام کاری (فعل),让我看看 (ràng wǒ kànkan) | 让他走 (ràng tā zǒu) | 不让进 (bù ràng jìn) | 让孩子出去玩 (ràng háizi chūqù wán),请让我看一下。,Qǐng ràng wǒ kàn yíxià.,لطفاً بگذارید یک نگاه بیندازم.,
119,让,ràng,HSK 2,动、介,2,叫、请或安排别人做某事（动）,از کسی خواستن/به کسی گفتن کاری انجام دهد؛ کسی را مأمور یا موظف به انجام کاری کردن (فعل),让他来 (ràng tā lái) | 让孩子学习 (ràng háizi xuéxí) | 让老师帮忙 (ràng lǎoshī bāngmáng) | 让学生回答问题 (ràng xuésheng huídá wèntí),妈妈让孩子早点睡觉。,Māma ràng háizi zǎodiǎn shuìjiào.,مادر از بچه خواست زودتر بخوابد.,和“允许”有时会重合，具体意思看语境。
119,让,ràng,HSK 2,动、介,3,使某人产生某种感觉、状态或结果（动）,باعث شدن؛ موجب شدن که کسی دچار حالتی یا احساسی شود (فعل),让人高兴 (ràng rén gāoxìng) | 让人感动 (ràng rén gǎndòng) | 让人失望 (ràng rén shīwàng) | 让我想起 (ràng wǒ xiǎngqǐ),这个消息让我很高兴。,Zhège xiāoxi ràng wǒ hěn gāoxìng.,این خبر مرا خیلی خوشحال کرد.,
119,让,ràng,HSK 2,动、介,4,把方便、位置或好处给别人；自己退开或避开（动）,"جا دادن؛ کنار رفتن؛ جای خود، نوبت یا منفعتی را به دیگری دادن؛ واگذار کردن (فعل)",让路 (ràng lù) | 让座 (ràng zuò) | 让给别人 (ràng gěi biéren) | 让一让 (ràng yi rang),请给老人让座。,Qǐng gěi lǎorén ràng zuò.,لطفاً جایتان را به سالمند بدهید.,
119,让,ràng,HSK 2,动、介,5,表示被动关系，相当于“被”，口语中常用（介）,"نشانهٔ مجهول در گفتار؛ نشان می‌دهد کسی یا چیزی تحت تأثیر کاری ناخواسته/غیرمنتظره قرار گرفته است، شبیه «被» (حرف اضافه)",让人偷了 (ràng rén tōu le) | 让狗咬了 (ràng gǒu yǎo le) | 让雨淋湿了 (ràng yǔ lín shī le) | 让风吹倒了 (ràng fēng chuī dǎo le),我的手机让人偷了。,Wǒ de shǒujī ràng rén tōu le.,گوشی‌ام را یکی دزدید / گوشی‌ام دزدیده شد.,多用于口语；常带有不如意、意外或受影响的感觉。
120,肉,ròu,HSK 2,名,1,人或动物身体中柔软的部分；通常指可食用的动物肉（名）,"گوشت؛ بخش نرم بدن انسان یا حیوان، معمولاً گوشت خوراکی حیوان (اسم)",吃肉 (chī ròu) | 牛肉 (niúròu) | 猪肉 (zhūròu) | 羊肉 (yángròu),我不太喜欢吃肉。,Wǒ bú tài xǐhuan chī ròu.,من خیلی گوشت دوست ندارم.,
120,肉,ròu,HSK 2,名,2,果实中可以吃的软部分（名）,گوشتِ میوه؛ بخش نرم و خوراکیِ میوه (اسم),果肉 (guǒròu) | 西瓜肉 (xīguā ròu) | 椰子肉 (yēzi ròu) ,这个苹果的果肉很甜。,Zhège píngguǒ de guǒròu hěn tián.,گوشتِ این سیب خیلی شیرین است.,
121,商场,shāngchǎng,HSK 2,名,1,规模较大的购物场所，里面有许多商店、柜台或服务设施（名）,"مرکز خرید؛ فروشگاه بزرگ؛ محل بزرگ خرید با چندین فروشگاه، غرفه یا بخش خدماتی (اسم)",去商场 (qù shāngchǎng) | 大商场 (dà shāngchǎng) | 商场里 (shāngchǎng lǐ) | 逛商场 (guàng shāngchǎng),周末我们去商场买衣服。,Zhōumò wǒmen qù shāngchǎng mǎi yīfu.,آخر هفته برای خرید لباس به مرکز خرید می‌رویم.,“商场上、商场竞争”是比喻或较书面用法，可作为扩展说明，不必单列。
122,上来,shànglái,HSK 2,动、趋向补语,1,从低处向高处并朝说话人或说话人所在处移动（动）,بالا آمدن؛ از پایین به بالا و به‌سوی گوینده یا محل گوینده آمدن (فعل),上来一下 (shànglái yíxià) | 从楼下上来 (cóng lóu xià shànglái) | 上来看看 (shànglái kànkan),请你上来一下。,Qǐng nǐ shànglái yíxià.,لطفاً یک لحظه بیا بالا.,
122,上来,shànglái,HSK 2,动、趋向补语,2,用在动词后，表示动作的方向是从低处到高处，并朝说话人这边（趋向补语）,پس از فعل می‌آید و نشان می‌دهد جهتِ حرکت از پایین به بالا و به‌سوی گوینده است (متمم جهت‌نما),走上来 (zǒu shànglái) | 跑上来 (pǎo shànglái) | 拿上来 (ná shànglái) | 搬上来 (bān shànglái),他从楼下跑上来了。,Tā cóng lóu xià pǎo shànglái le.,او از پایین با دویدن بالا آمد.,
122,上来,shànglái,HSK 2,动、趋向补语,3,表示水平、成绩、数量等逐渐提高或恢复到较好的状态（趋向补语）,"بالا آمدن یا بهتر شدنِ سطح، نتیجه، مقدار یا وضعیت؛ به‌تدریج بهتر/بیشتر شدن (متمم)",水平上来了 (shuǐpíng shànglái le) | 成绩上来了 (chéngjì shànglái le) | 价格上来了 (jiàgé shànglái le) | 状态上来了 (zhuàngtài shànglái le),他的成绩慢慢上来了。,Tā de chéngjì mànmàn shànglái le.,نمره‌ها/عملکرد او کم‌کم بهتر شد.,这个用法多表示“提高、变好或恢复”；情绪上来了 要看语境，不作为主要例子。
123,上面,shàngmiàn,HSK 2,方位词、名,1,位置在高处或物体表面之上；跟“下面”相对（方位词/名）,"بالا؛ روی چیزی؛ قسمت بالایی یا سطح روی یک چیز، در برابر «پایین/زیر» (اسم مکانی/جهت‌نما)",桌子上面 (zhuōzi shàngmiàn) | 书上面 (shū shàngmiàn) | 上面有字 (shàngmiàn yǒu zì) | 放在上面 (fàng zài shàngmiàn),桌子上面有一杯咖啡。,Zhuōzi shàngmiàn yǒu yì bēi kāfēi.,روی میز یک فنجان قهوه هست.,楼上面 不如 楼上、楼顶上 自然。
123,上面,shàngmiàn,HSK 2,方位词、名,2,文字、文章、名单等中前面或较高位置的部分（名/方位词）,"بالا؛ قسمت بالایی یا قبلیِ متن، نوشته، فهرست یا صفحه (اسم/جهت‌نما)",上面写着 (shàngmiàn xiězhe) | 上面的内容 (shàngmiàn de nèiróng) | 上面说的 (shàngmiàn shuō de) | 名单上面 (míngdān shàngmiàn),上面写着他的名字。,Shàngmiàn xiězhe tā de míngzi.,بالای آن/روی آن اسم او نوشته شده است.,
123,上面,shàngmiàn,HSK 2,方位词、名,3,上级、上层或较高的管理方面（名）,بالادستی‌ها؛ مقام بالاتر؛ مدیریت یا سطح بالاتر در یک سازمان (اسم),上面的决定 (shàngmiàn de juédìng) | 上面的要求 (shàngmiàn de yāoqiú) | 上面通知 (shàngmiàn tōngzhī) | 上面的人 (shàngmiàn de rén),这是上面的要求。,Zhè shì shàngmiàn de yāoqiú.,این خواستهٔ مقامات بالاتر/مدیریت بالاتر است.,多用于单位、组织或行政语境；较口语。
124,上去,shàngqù,HSK 2,动、趋向补语,1,从低处向高处并离开说话人或说话人所在处移动（动）,بالا رفتن؛ از پایین به بالا و دور از گوینده یا محل گوینده رفتن (فعل),上去看看 (shàngqù kànkan) | 上去找人 (shàngqù zhǎo rén) | 从楼下上去 (cóng lóu xià shàngqù),他上去找老师了。,Tā shàngqù zhǎo lǎoshī le.,او بالا رفت تا معلم را پیدا کند.,这是上去作独立动词的用法。
124,上去,shàngqù,HSK 2,动、趋向补语,2,用在动词后，表示动作的方向是从低处到高处，并离开说话人这边（趋向补语）,پس از فعل می‌آید و نشان می‌دهد جهت حرکت از پایین به بالا و دور از گوینده است (متمم جهت‌نما),走上去 (zǒu shàngqù) | 跑上去 (pǎo shàngqù) | 拿上去 (ná shàngqù) | 搬上去 (bān shàngqù),他从楼下跑上去了。,Tā cóng lóu xià pǎo shàngqù le.,او از پایین دوید و بالا رفت.,这是“动词 + 上去”的趋向补语用法。
124,上去,shàngqù,HSK 2,动、趋向补语,3,用在感觉、判断等动词后，表示从外表或感觉得到的印象（趋向补语）,"پس از فعل‌های ادراکی یا داوری می‌آید و برداشت از ظاهر، صدا، بو یا لمس را نشان می‌دهد؛ به نظر/به گوش/به لمس/به بو آمدن (متمم)",看上去 (kàn shàngqù) | 听上去 (tīng shàngqù) | 摸上去 (mō shàngqù) | 闻上去 (wén shàngqù),他看上去很累。,Tā kàn shàngqù hěn lèi.,او خیلی خسته به نظر می‌آید.,说上去 不自然；常用 看上去、听上去、摸上去、闻上去。
125,上网,shàngwǎng,HSK 2,动宾短语,1,连接或使用互联网，在网上查找、学习、聊天、看内容等（动）,"به اینترنت وصل شدن؛ از اینترنت استفاده کردن؛ آنلاین شدن برای جست‌وجو، یادگیری، چت، دیدن محتوا و مانند آن (فعل)",上网查资料 (shàngwǎng chá zīliào) | 上网学习 (shàngwǎng xuéxí) | 经常上网 (jīngcháng shàngwǎng) | 不能上网 (bù néng shàngwǎng),我每天上网学习汉语。,Wǒ měitiān shàngwǎng xuéxí Hànyǔ.,من هر روز با اینترنت چینی یاد می‌گیرم.,用于人时多指使用互联网；用于手机、电脑等设备时多指连接互联网。
126,生日,shēngrì,HSK 2,名,1,人出生的日期，每年纪念一次（名）,تولد؛ روز تولد؛ سالروز به دنیا آمدن (اسم),生日快乐 (shēngrì kuàilè) | 过生日 (guò shēngrì) | 生日礼物 (shēngrì lǐwù) | 生日蛋糕 (shēngrì dàngāo),祝你生日快乐！,Zhù nǐ shēngrì kuàilè!,تولدت مبارک!,
127,身体,shēntǐ,HSK 2,名,1,人的身子；也指健康状况或身体状态（名）,بدن؛ جسم؛ وضعیت جسمی؛ سلامتی و حالِ بدن (اسم),身体好 (shēntǐ hǎo) | 身体健康 (shēntǐ jiànkāng) | 注意身体 (zhùyì shēntǐ) | 锻炼身体 (duànliàn shēntǐ),运动对身体很好。,Yùndòng duì shēntǐ hěn hǎo.,ورزش برای بدن خیلی خوب است.,
128,时,shí,HSK 2,名、语素,1,表示时间、时候或某一段时间，多用于构成复合词（语素）,"زمان؛ وقت؛ هنگام؛ دوره‌ای از زمان، بیشتر به‌صورت تکواژ در ترکیب‌ها (تکواژ)", 此时 (cǐshí) | 那时 (nàshí),那时我还很小。,Nàshí wǒ hái hěn xiǎo.,آن زمان من هنوز خیلی کوچک بودم.,小时、时代、时期、时机、有时、当时、平时 等建议作为单独词条处理。
129,事情,shìqing,HSK 2,名,1,发生、存在、需要处理或需要说明的事（名）,"کار؛ موضوع؛ مسئله؛ ماجرا؛ وضعیت یا اتفاقی که رخ داده، مطرح است یا باید رسیدگی/توضیح داده شود (اسم)",一件事情 (yí jiàn shìqing) | 重要事情 (zhòngyào shìqing) | 有事情 (yǒu shìqing) | 事情不简单 (shìqing bù jiǎndān),我有一件事情要告诉你。,Wǒ yǒu yí jiàn shìqing yào gàosu nǐ.,یک موضوعی دارم که باید به تو بگویم.,
130,手,shǒu,HSK 2,名、语素,1,人体上用来拿东西、做动作的部分（名）,دست؛ عضو بدن برای گرفتن چیزها و انجام کار (اسم),一只手 (yì zhī shǒu) | 左手 (zuǒshǒu) | 右手 (yòushǒu) | 洗手 (xǐ shǒu),请先洗手。,Qǐng xiān xǐ shǒu.,لطفاً اول دست‌هایت را بشوی.,
130,手,shǒu,HSK 2,名、语素,2,从事某种工作或擅长某种技能的人，多用于构词（名/语素）,فردِ انجام‌دهندهٔ کاری یا ماهر در مهارتی خاص؛ بیشتر در ترکیب‌ها (اسم/تکواژ),好手 (hǎoshǒu) | 高手 (gāoshǒu) | 新手 (xīnshǒu) | 老手 (lǎoshǒu),他是这方面的高手。,Tā shì zhè fāngmiàn de gāoshǒu.,او در این زمینه استادکار/خیلی ماهر است.,歌手、选手、新手、高手 等可作为单独词条处理。
130,手,shǒu,HSK 2,名、语素,3,表示用手做、手工的或与手的动作有关，多用于构词（语素）,"نشان‌دهندهٔ انجام با دست، کارِ دستی یا مربوط به حرکت دست؛ بیشتر در ترکیب‌ها (تکواژ)",手写 (shǒuxiě) | 手工 (shǒugōng) | 手洗 (shǒuxǐ) ,这张卡片是手写的。,Zhè zhāng kǎpiàn shì shǒuxiě de.,این کارت با دست نوشته شده است.,亲手、动手、手段 等最好作为单独词条处理。
131,手表,shǒubiǎo,HSK 2,名,1,戴在手腕上用来看时间的表（名）,ساعت مچی (اسم),戴手表 (dài shǒubiǎo) | 一块手表 (yí kuài shǒubiǎo) | 买手表 (mǎi shǒubiǎo) | 看手表 (kàn shǒubiǎo),这块手表很漂亮。,Zhè kuài shǒubiǎo hěn piàoliang.,این ساعت مچی خیلی زیباست.,
132,书包,shūbāo,HSK 2,名,1,学生装书、本子等学习用品的包（名）,کیف مدرسه؛ کیف یا کوله‌ای برای کتاب و وسایل درسی (اسم),一个书包 (yí ge shūbāo) | 背书包 (bēi shūbāo) | 书包里 (shūbāo lǐ) | 放进书包 (fàng jìn shūbāo),我的书包里有很多书。,Wǒ de shūbāo lǐ yǒu hěn duō shū.,در کیف مدرسه‌ام کتاب‌های زیادی هست.,
133,舒服,shūfu,HSK 2,形,1,身体、心里、东西或环境让人感觉轻松、愉快（形）,راحت؛ آسوده؛ خوشایند؛ حس خوبی داشتن یا حس خوبی دادن (صفت),坐着舒服 (zuòzhe shūfu) | 穿着舒服 (chuānzhe shūfu) | 住得舒服 (zhù de shūfu) | 用着舒服 (yòngzhe shūfu),这把椅子坐着很舒服。,Zhè bǎ yǐzi zuòzhe hěn shūfu.,نشستن روی این صندلی خیلی راحت است.,
133,舒服,shūfu,HSK 2,形,2,病痛、疲劳或不适减轻后感觉好一些（形）,"بهتر؛ راحت‌تر؛ وقتی درد، خستگی یا ناخوشی کمتر شده باشد (صفت)",舒服多了 (shūfu duō le) | 舒服一点儿了 (shūfu yìdiǎnr le) | 身体舒服多了 (shēntǐ shūfu duō le) | 感觉舒服多了 (gǎnjué shūfu duō le),吃了药以后，我舒服多了。,"Chī le yào yǐhòu, wǒ shūfu duō le.",بعد از خوردن دارو خیلی بهتر شدم.,
134,送,sòng,HSK 2,动,1,把东西作为礼物给别人；赠送（动）,هدیه دادن؛ چیزی را به کسی به‌عنوان هدیه دادن (فعل),送礼物 (sòng lǐwù) | 送花 (sòng huā) | 送给朋友 (sòng gěi péngyou) | 送生日礼物 (sòng shēngrì lǐwù),我送她一束花。,Wǒ sòng tā yì shù huā.,من به او یک دسته گل هدیه دادم.,
134,送,sòng,HSK 2,动,2,陪着人到某处；把人送到目的地或送别（动）,رساندن؛ همراهی کردن کسی تا جایی؛ بدرقه کردن (فعل),送孩子上学 (sòng háizi shàngxué) | 送朋友去机场 (sòng péngyou qù jīchǎng) | 送到门口 (sòng dào ménkǒu) | 送客人 (sòng kèrén),我送朋友去机场。,Wǒ sòng péngyou qù jīchǎng.,من دوستم را تا فرودگاه می‌رسانم.,
134,送,sòng,HSK 2,动,3,把东西送到某处；递送、运送（动）,رساندن؛ تحویل دادن؛ فرستادن یا منتقل کردن چیزی به جایی (فعل),送快递 (sòng kuàidì) | 送过来 (sòng guòlái) | 送到家 (sòng dào jiā) | 送外卖 (sòng wàimài),请把包送到我家。,Qǐng bǎ bāo sòng dào wǒ jiā.,لطفاً بسته را به خانهٔ من برسانید.,
135,虽然,suīrán,HSK 2,连,1,表示让步，常和“但是、可是、还”等配合（连）,"اگرچه؛ هرچند؛ با اینکه، برای بیان خلافِ انتظار و معمولاً همراه با «اما/با این حال» (حرف ربط)",虽然很累 (suīrán hěn lèi) | 虽然下雨 (suīrán xià yǔ) | 虽然……但是…… (suīrán... dànshì...) | 虽然……还…… (suīrán... hái...),虽然今天下雨，但是我们还是去商场。,"Suīrán jīntiān xià yǔ, dànshì wǒmen háishi qù shāngchǎng.","اگرچه امروز باران می‌آید، اما ما باز هم به مرکز خرید می‌رویم.",虽然 和 但是 常一起出现，但句子中有时也可省略 但是。
136,所以,suǒyǐ,HSK 2,连,1,表示结果或结论（连）,"بنابراین؛ پس؛ در نتیجه؛ برای همین، برای بیان نتیجه یا نتیجه‌گیری (حرف ربط)",因为……所以…… (yīnwèi... suǒyǐ...) | 所以没去 (suǒyǐ méi qù) | 所以迟到了 (suǒyǐ chídào le),今天下雨，所以我没出去。,"Jīntiān xià yǔ, suǒyǐ wǒ méi chūqù.","امروز باران می‌بارد، برای همین بیرون نرفتم.",
136,所以,suǒyǐ,HSK 2,连,2,口语中用于承接或总结前文，提示重点、结论或追问（连/话语标记）,"خب پس؛ نکته این است؛ برای همین می‌گویم؛ برای جمع‌بندی، تأکید بر نکته یا ادامهٔ پرسش در گفتار (حرف ربط/نشانگر گفتاری)",所以呢 (suǒyǐ ne) | 所以啊 (suǒyǐ a) | 所以呀 (suǒyǐ ya) | 所以嘛 (suǒyǐ ma),所以呢，你到底想怎么办？,"Suǒyǐ ne, nǐ dàodǐ xiǎng zěnme bàn?","خب پس، بالاخره می‌خواهی چه کار کنی؟",口语用法；有时不是单纯表示结果，而是承接、总结或引出重点。
136,所以,suǒyǐ,HSK 2,连,3,用于“之所以……是因为……”结构，强调原因（连/语素）,در ساختار «之所以……是因为……» برای تأکید بر علت؛ دلیل اینکه… این است که… (حرف ربط/تکواژ),之所以迟到 (zhī suǒyǐ chídào) | 之所以这样 (zhī suǒyǐ zhèyàng) | 之所以成功 (zhī suǒyǐ chénggōng),他之所以迟到，是因为下雨。,"Tā zhī suǒyǐ chídào, shì yīnwèi xià yǔ.",دلیل اینکه دیر رسید این بود که باران می‌آمد.,所以然、知其所以然 较书面，可作为单独词条或扩展处理。
137,疼,téng,HSK 2,形、动,1,身体某处有痛的感觉（形/动）,درد داشتن؛ درد کردن (فعل/صفت),头疼 (tóu téng) | 肚子疼 (dùzi téng) | 手疼 (shǒu téng) | 疼得厉害 (téng de lìhai),我今天头疼。,Wǒ jīntiān tóu téng.,امروز سرم درد می‌کند.,
137,疼,téng,HSK 2,形、动,2,疼爱；非常喜爱并关心（动）,خیلی دوست داشتن و با محبت مراقبت کردن؛ عزیز داشتن (فعل),疼孩子 (téng háizi) | 疼女儿 (téng nǚ'ér) | 很疼他 (hěn téng tā) | 父母疼孩子 (fùmǔ téng háizi),奶奶很疼这个孩子。,Nǎinai hěn téng zhège háizi.,مادربزرگ این بچه را خیلی دوست دارد و به او محبت می‌کند.,
138,题,tí,HSK 2,名、动,1,考试或练习中的问题（名）,سؤال؛ تمرین یا مسئلهٔ امتحانی/تمرینی (اسم),一道题 (yí dào tí) | 做题 (zuò tí) | 考试题 (kǎoshì tí) | 数学题 (shùxué tí),这道题很难。,Zhè dào tí hěn nán.,این سؤال خیلی سخت است.,
138,题,tí,HSK 2,名、动,2,所谈、所写、所问的内容或中心；题目、主题、话题中的“题”（名/语素）,"موضوع؛ محور بحث؛ محتوای مورد پرسش، نوشتن یا گفت‌وگو؛ جزء واژه‌ساز در «عنوان/موضوع» (اسم/تکواژ)",跑题 (pǎo tí) | 离题 (lí tí)| 切题 (qiètí),他说着说着就跑题了。,Tā shuōzhe shuōzhe jiù pǎo tí le.,"همین‌طور که حرف می‌زد، از موضوع خارج شد.",题目、话题、问题、主题 可作为单独词条处理。
138,题,tí,HSK 2,名、动,3,在书、画、纪念物等上面写字、题词或写上名字，多用于书面语（动）,"روی کتاب، نقاشی، یادگاری و مانند آن نوشته‌ای، عبارت یادگاری یا نام نوشتن؛ بیشتر رسمی/نوشتاری (فعل)",题字 (tí zì) | 题词 (tící) | 题名 (tímíng) | 题在书上 (tí zài shū shang),老师为这本书题了字。,Lǎoshī wèi zhè běn shū tí le zì.,استاد/معلم برای این کتاب نوشته‌ای یادگاری نوشت.,较书面、正式；题字、题词、题名 可作为单独词条处理。
139,踢,tī,HSK 2,动,1,用脚撞击、踢动或拨动物体（动）,"لگد زدن؛ جفتک زدن؛ با پا زدن، ضربه زدن یا حرکت دادن چیزی (فعل)",踢球 (tī qiú) | 踢足球 (tī zúqiú) | 踢门 (tī mén) | 踢了一脚 (tī le yì jiǎo) | 这马踢人 (zhè mǎ tī rén),他们在外边踢球。,Tāmen zài wàibian tī qiú.,آن‌ها بیرون فوتبال/توپ بازی می‌کنند.,
139,踢,tī,HSK 2,动,2,把人从群、队伍、职位等中赶走，口语用法（动）,"بیرون انداختن؛ اخراج کردن از گروه، تیم، موقعیت یا جایگاه، کاربرد گفتاری (فعل)",踢出去 (tī chūqù) | 踢出群 (tī chū qún) | 被踢了 (bèi tī le) | 踢出队伍 (tī chū duìwu),他被踢出了这个群。,Tā bèi tī chū le zhège qún.,او از این گروه بیرون انداخته شد.,口语扩展用法；网络群聊中很常见。
140,条,tiáo,HSK 2,量、名,1,用于细长的东西，也用于道路、河流、裤子、鱼等（量）,"واحد شمارش برای چیزهای باریک و بلند، و نیز برای راه، رودخانه، شلوار، ماهی و مانند آن (واحد شمارش)",一条路 (yì tiáo lù) | 一条河 (yì tiáo hé) | 一条裤子 (yì tiáo kùzi) | 一条鱼 (yì tiáo yú),学校前面有一条河。,Xuéxiào qiánmiàn yǒu yì tiáo hé.,جلوی مدرسه یک رودخانه هست.,
140,条,tiáo,HSK 2,量、名,2,用于消息、新闻、规定、建议、理由等一项一项的内容（量）,"واحد شمارش برای خبر، خبر رسانه‌ای، قانون، پیشنهاد، دلیل یا موردهایی که جداگانه شمرده می‌شوند (واحد شمارش)",一条消息 (yì tiáo xiāoxi) | 一条新闻 (yì tiáo xīnwén) | 一条建议 (yì tiáo jiànyì) | 一条规定 (yì tiáo guīdìng),我今天看到一条新闻。,Wǒ jīntiān kàndào yì tiáo xīnwén.,امروز یک خبر دیدم/خواندم.,
140,条,tiáo,HSK 2,量、名,3,细长的一段或一根；条状物（名）,یک تکه یا رشتهٔ باریک و دراز؛ چیز نواری/رشته‌ای (اسم),切成条 (qiē chéng tiáo) | 一条一条地 (yì tiáo yì tiáo de) | 长条 (chángtiáo) | 布条 (bùtiáo),请把土豆切成条。,Qǐng bǎ tǔdòu qiē chéng tiáo.,لطفاً سیب‌زمینی را خلالی/نواری خرد کن.,面条、纸条、条子、布条 可作为单独词条处理。
141,跳舞,tiàowǔ,HSK 2,动宾短语,1,随着音乐有节奏地移动身体（动）,رقصیدن؛ حرکت موزون بدن همراه با موسیقی (فعل),喜欢跳舞 (xǐhuan tiàowǔ) | 一起跳舞 (yìqǐ tiàowǔ) | 学跳舞 (xué tiàowǔ) | 去跳舞 (qù tiàowǔ),她很喜欢跳舞。,Tā hěn xǐhuan tiàowǔ.,او رقصیدن را خیلی دوست دارد.,
142,头,tóu,HSK 2,名、量、语素,1,人或动物身体最上面的部分；头部（名）,"سر؛ سرِ انسان یا حیوان؛ بخش بالایی بدن که چشم، دهان و مغز در آن است (اسم)",头疼 (tóu téng) | 洗头 (xǐ tóu) | 头上 (tóu shang) | 低头 (dī tóu),我今天有点儿头疼。,Wǒ jīntiān yǒudiǎnr tóu téng.,امروز کمی سرم درد می‌کند.,
142,头,tóu,HSK 2,名、量、语素,2,物体的一端、顶端、前端或靠近某处的地方（名/语素）,سر؛ نوک؛ انتها؛ بالای چیزی؛ یک سرِ چیزی یا جایی نزدیکِ آن (اسم/تکواژ),床头 (chuángtóu) | 桥头 (qiáotóu) | 村头 (cūntóu) | 尽头 (jìntóu),书在床头。,Shū zài chuángtóu.,کتاب کنار سر تخت است.,床头、桥头、村头、尽头 可作为单独词条处理。
142,头,tóu,HSK 2,名、量、语素,3,表示开始、最前或最先的部分，多用于构词和固定说法（名/语素）,"اول؛ آغاز؛ بخش نخست یا جلوترین بخشِ یک چیز، بیشتر در ترکیب‌ها و عبارت‌های ثابت (اسم/تکواژ)",开头 (kāitóu) | 从头开始 (cóng tóu kāishǐ) | 头一个 (tóu yí ge) | 头几天 (tóu jǐ tiān),我们从头开始学。,Wǒmen cóng tóu kāishǐ xué.,ما از اول شروع به یادگیری می‌کنیم.,开头、从头、头一个、头几天 可作为单独词条处理。
142,头,tóu,HSK 2,名、量、语素,4,表示负责人、首领或带头的人，多用于构词或口语（名/语素）,"سرگروه؛ مسئول؛ رهبر؛ کسی که جلوتر از دیگران کاری را آغاز یا هدایت می‌کند، بیشتر در ترکیب‌ها/گفتار (اسم/تکواژ)",头儿 (tóur) | 带头 (dàitóu) | 领头 (lǐngtóu) | 头目 (tóumù),这件事得有人带头。,Zhè jiàn shì děi yǒu rén dàitóu.,برای این کار باید یک نفر پیش‌قدم شود.,头儿、带头、领头、头目 可作为单独词条处理。
142,头,tóu,HSK 2,名、量、语素,5,用于牛、猪、象等较大的动物的量词（量）,"واحد شمارش برای حیوانات بزرگ مثل گاو، خوک و فیل (واحد شمارش)",一头牛 (yì tóu niú) | 两头猪 (liǎng tóu zhū) | 三头大象 (sān tóu dàxiàng),农场里有一头牛。,Nóngchǎng lǐ yǒu yì tóu niú.,در مزرعه یک گاو هست.,
143,外国,wàiguó,HSK 2,名,1,本国以外的国家（名）,کشور خارجی؛ کشوری غیر از کشور خود (اسم),外国朋友 (wàiguó péngyou) | 外国人 (wàiguórén) | 外国电影 (wàiguó diànyǐng) | 外国语 (wàiguóyǔ),我有一个外国朋友。,Wǒ yǒu yí ge wàiguó péngyou.,من یک دوست خارجی دارم.,表示“خارج از کشور”时，口语中多说 国外，如 去国外、在国外。
144,外面,wàimiàn,HSK 2,方位词、名,1,某个空间、范围、家庭、单位或组织以外的地方（方位词/名）,"بیرون؛ خارج از یک مکان، محدوده، خانه، سازمان یا گروه (اسم مکانی/جهت‌نما)",外面下雨 (wàimiàn xià yǔ) | 在外面等 (zài wàimiàn děng) | 外面很冷 (wàimiàn hěn lěng) | 去外面吃饭 (qù wàimiàn chī fàn),外面下雨了。,Wàimiàn xià yǔ le.,بیرون باران گرفته است.,“外面的工作、外面的人”要看语境；不必单列。
145,完,wán,HSK 2,动、形、补语,1,结束；完成；事情到此结束（动/形）,تمام شدن؛ پایان یافتن؛ کامل شدن؛ به آخر رسیدن (فعل/صفت),完了 (wán le) | 没完 (méi wán) | 事情完了 (shìqing wán le) | 完了吗 (wán le ma),事情还没完。,Shìqing hái méi wán.,ماجرا هنوز تمام نشده است.,
145,完,wán,HSK 2,动、形、补语,2,用在动词后，表示动作完成；有时也表示东西被用尽、卖光、吃光等（结果补语）,"پس از فعل می‌آید و تمام شدن یا کامل انجام شدنِ عمل را نشان می‌دهد؛ گاهی هم یعنی چیزی کاملاً مصرف، فروخته، خورده یا خرج شده است (متمم نتیجه)",看完 (kàn wán) | 写完 (xiě wán) | 用完 (yòng wán) | 卖完 (mài wán),我看完这本书了。,Wǒ kàn wán zhè běn shū le.,این کتاب را خوانده و تمام کرده‌ام.,用完、卖完、吃完、花完 都属于“动词 + 完”的结果补语用法。
146,万,wàn,HSK 2,数、语素,1,数字一万；十个千（数）,ده هزار؛ عدد ۱۰۰۰۰ (عدد),一万 (yí wàn) | 万元 (wàn yuán) | 两万人 (liǎng wàn rén) | 十万 (shí wàn),这辆车十万元。,Zhè liàng chē shí wàn yuán.,این ماشین صد هزار یوان است.,
146,万,wàn,HSK 2,数、语素,2,表示数量很多、范围很广或程度很高，多用于固定词语或成语（数/语素）,"بسیار زیاد؛ بی‌شمار؛ گسترده و فراوان؛ برای نشان دادن مقدار زیاد، دامنهٔ وسیع یا شدت بالا، بیشتر در ترکیب‌ها و عبارت‌های ثابت (عدد/تکواژ)",万物 (wànwù) | 万事 (wànshì) | 万千 (wànqiān) | 千千万万 (qiānqiānwànwàn),世界上有千千万万种植物。,Shìjiè shang yǒu qiānqiānwànwàn zhǒng zhíwù.,در دنیا گونه‌های بی‌شماری از گیاهان وجود دارد.,万物、万事、万千、千万、万一、万分、万岁、万不得已 等可作为单独词条处理。
147,忘,wàng,HSK 2,动,1,不记得；记忆中失去（动）,"فراموش کردن؛ یادش نبودن؛ به خاطر نیاوردنِ نام، موضوع، حرف یا چیزی که قبلاً می‌دانسته‌ایم (فعل)",忘了名字 (wàng le míngzi) | 忘了这件事 (wàng le zhè jiàn shì) | 忘了他说的话 (wàng le tā shuō de huà) | 忘得很快 (wàng de hěn kuài),我忘了他的名字。,Wǒ wàng le tā de míngzi.,اسمش یادم رفته است.,
147,忘,wàng,HSK 2,动,2,没有想到要做某事；忘记去做该做的事（动）,از یاد بردن انجام کاری؛ فراموش کردنِ انجامِ کاری که قرار بود یا باید انجام می‌شد (فعل),忘了带书 (wàng le dài shū) | 忘了打电话 (wàng le dǎ diànhuà) | 忘了买票 (wàng le mǎi piào) | 别忘了来 (bié wàng le lái),我忘了给你打电话。,Wǒ wàng le gěi nǐ dǎ diànhuà.,یادم رفت به تو زنگ بزنم.,忘记 可作为单独词条处理；“忘带书”口语可见，但“忘了带书”更清楚。
148,往,wǎng,HSK 2,介、动、语素,1,表示动作的方向、目标或朝向（介）,به سمت؛ به طرف؛ رو به سوی جهت یا مقصد (حرف اضافه),往前走 (wǎng qián zǒu) | 往左走 (wǎng zuǒ zǒu) | 往里走 (wǎng lǐ zǒu) | 往学校走 (wǎng xuéxiào zǒu),请往前走。,Qǐng wǎng qián zǒu.,لطفاً به جلو بروید.,
148,往,wǎng,HSK 2,介、动、语素,2,过去、以前，多用于构词（名/语素）,"گذشته؛ پیشین؛ زمان‌های قبل، بیشتر در ترکیب‌ها (اسم/تکواژ)",以往 (yǐwǎng) | 往年 (wǎngnián) | 往事 (wǎngshì) | 往日 (wǎngrì),往年的这个时候，天气已经很热了。,"Wǎngnián de zhège shíhou, tiānqì yǐjīng hěn rè le.","در سال‌های گذشته، این موقع هوا دیگر خیلی گرم شده بود.",以往、往年、往事、往日 可作为单独词条处理。
149,网上,wǎngshàng,HSK 2,名、方位词,1,互联网上；网络里；在线范围内（名/方位词）,در اینترنت؛ آنلاین؛ در فضای اینترنتی/مجازی (اسم مکانی/جهت‌نما),网上买票 (wǎngshàng mǎi piào) | 网上学习 (wǎngshàng xuéxí) | 网上聊天 (wǎngshàng liáotiān) | 网上有资料 (wǎngshàng yǒu zīliào),我在网上买了机票。,Wǒ zài wǎngshàng mǎi le jīpiào.,من بلیت هواپیما را آنلاین خریدم.,两种原义可合并；“发到网上、网上有信息”都属于同一用法。
150,位,wèi,HSK 2,量、名,1,用于人的敬称量词（量）,واحد شمارش محترمانه برای افراد (واحد شمارش),一位老师 (yí wèi lǎoshī) | 两位客人 (liǎng wèi kèrén) | 这位先生 (zhè wèi xiānsheng) | 各位朋友 (gèwèi péngyou),这位老师教我们汉语。,Zhè wèi lǎoshī jiāo wǒmen Hànyǔ.,این معلم به ما چینی درس می‌دهد.,
150,位,wèi,HSK 2,量、名,2,数字中每个数码所在的位置，多用于构词（名/语素）,"مرتبهٔ عددی؛ جای رقم در عدد، بیشتر در ترکیب‌ها (اسم/تکواژ)",个位 (gèwèi) | 十位 (shíwèi) | 百位 (bǎiwèi) | 小数位 (xiǎoshùwèi),这个数的十位是三。,Zhège shù de shíwèi shì sān.,رقم دهگان این عدد سه است.,位置、座位、位子、地位 建议作为单独词条处理。
151,为什么,wèishénme,HSK 2,代、副,1,询问原因或目的；也可用于反问、惊讶或不满（代/副）,"چرا؛ برای پرسیدن علت، دلیل یا هدف؛ گاهی در پرسش انکاری، تعجب یا اعتراض هم به کار می‌رود (ضمیر/قید پرسشی)",为什么迟到 (wèishénme chídào) | 为什么不去 (wèishénme bú qù) | 为什么学习汉语 (wèishénme xuéxí Hànyǔ) | 为什么这么贵 (wèishénme zhème guì),你为什么学习汉语？,Nǐ wèishénme xuéxí Hànyǔ?,چرا زبان چینی یاد می‌گیری؟,反问、惊讶或不满只是语气不同，不必单列。
152,洗,xǐ,HSK 2,动,1,用水或其他液体去掉脏东西；清洁身体、衣物、食物等（动）,"شستن؛ تمیز کردن با آب یا مایع دیگر؛ شستن بدن، لباس، خوراکی و مانند آن (فعل)",洗手 (xǐ shǒu) | 洗脸 (xǐ liǎn) | 洗衣服 (xǐ yīfu) | 洗水果 (xǐ shuǐguǒ),吃饭前请洗手。,Chī fàn qián qǐng xǐ shǒu.,قبل از غذا لطفاً دست‌هایت را بشوی.,洗澡、洗头 可作为单独词条处理，也可看作这一用法的常见搭配。
152,洗,xǐ,HSK 2,动,2,冲印照片或处理胶卷、影像，多用于传统照片处理（动）,"چاپ کردن یا ظاهر کردن عکس؛ ظاهر کردن فیلم عکاسی، بیشتر دربارهٔ روش‌های سنتی عکس (فعل)",洗照片 (xǐ zhàopiàn) | 洗相片 (xǐ xiàngpiàn) | 洗胶卷 (xǐ jiāojuǎn),以前人们常去店里洗照片。,Yǐqián rénmen cháng qù diàn lǐ xǐ zhàopiàn.,قبلاً مردم معمولاً برای چاپ عکس به مغازه می‌رفتند.,较传统；现在口语中常说 打印照片、冲洗照片 或 去洗照片。
152,洗,xǐ,HSK 2,动,3,把牌混合打乱，主要用于“洗牌”（动）,"بر زدن کارت‌ها؛ قاطی کردن کارت‌ها پیش از بازی، عمدتاً در «洗牌» (فعل)",洗牌 (xǐpái) | 重新洗牌 (chóngxīn xǐpái) | 洗好牌 (xǐ hǎo pái) | 洗牌发牌 (xǐpái fāpái),请你先洗牌。,Qǐng nǐ xiān xǐpái.,لطفاً اول کارت‌ها را بر بزن.,多用于“洗牌”；“洗牌”也可比喻格局、关系或力量重新改变。
153,下来,xiàlái,HSK 2,动、趋向补语,1,从高处向低处并朝说话人或说话人所在处移动（动）,پایین آمدن؛ از جای بالاتر به پایین و به‌سوی گوینده یا محل گوینده آمدن (فعل),下来一下 (xiàlái yíxià) | 从楼上下来 (cóng lóu shang xiàlái) | 下来看看 (xiàlái kànkan),请你从楼上下来。,Qǐng nǐ cóng lóu shang xiàlái.,لطفاً از طبقهٔ بالا پایین بیا.,这是“下来”作独立动词的用法。
153,下来,xiàlái,HSK 2,动、趋向补语,2,用在动词后，表示动作从高处向低处并朝说话人这边移动（趋向补语）,پس از فعل می‌آید و نشان می‌دهد حرکت از بالا به پایین و به‌سوی گوینده است (متمم جهت‌نما),走下来 (zǒu xiàlái) | 跑下来 (pǎo xiàlái) | 拿下来 (ná xiàlái) | 搬下来 (bān xiàlái),他从楼上跑下来了。,Tā cóng lóu shang pǎo xiàlái le.,او از طبقهٔ بالا با دویدن پایین آمد.,这是“动词 + 下来”的趋向补语用法。
153,下来,xiàlái,HSK 2,动、趋向补语,3,用在动词后，表示把话、内容、信息等记录或保存起来（结果补语）,"پس از فعل می‌آید و ثبت کردن، یادداشت کردن یا نگه داشتنِ حرف، محتوا یا اطلاعات را نشان می‌دهد (متمم نتیجه)",写下来 (xiě xiàlái) | 记下来 (jì xiàlái) | 录下来 (lù xiàlái) | 拍下来 (pāi xiàlái),请把这个词写下来。,Qǐng bǎ zhège cí xiě xiàlái.,لطفاً این واژه را یادداشت کن.,
153,下来,xiàlái,HSK 2,动、趋向补语,4,用在动词后，表示动作、状态或结果持续、保留到后来（结果补语）,"پس از فعل می‌آید و ادامه یافتن، باقی ماندن یا حفظ شدنِ یک عمل، حالت یا نتیجه را نشان می‌دهد (متمم نتیجه)",坚持下来 (jiānchí xiàlái) | 留下来 (liú xiàlái) | 保存下来 (bǎocún xiàlái) | 传下来 (chuán xiàlái),这个习惯一直保留下来了。,Zhège xíguàn yìzhí bǎoliú xiàlái le.,این عادت تا بعد/تا امروز حفظ شده است.,
153,下来,xiàlái,HSK 2,动、趋向补语,5,用在动词或形容词后，表示状态由强到弱、由动到静或逐渐稳定（趋向补语）,"پس از فعل یا صفت می‌آید و آرام شدن، کم شدن، فروکش کردن یا پایدار شدنِ حالت را نشان می‌دهد (متمم جهت‌نما/نتیجه)",安静下来 (ānjìng xiàlái) | 慢下来 (màn xiàlái) | 停下来 (tíng xiàlái) | 冷静下来 (lěngjìng xiàlái),大家慢慢安静下来了。,Dàjiā mànmàn ānjìng xiàlái le.,همه کم‌کم آرام شدند.,
154,下面,xiàmiàn,HSK 2,方位词、名,1,位置在低处或物体下方；跟“上面”相对（方位词/名）,"پایین؛ زیر؛ بخش زیرین یا پایین‌ترِ چیزی، در برابر «بالا/روی چیزی» (اسم مکانی/جهت‌نما)",桌子下面 (zhuōzi xiàmiàn) | 床下面 (chuáng xiàmiàn) | 书下面 (shū xiàmiàn) | 下面有东西 (xiàmiàn yǒu dōngxi),猫在桌子下面。,Māo zài zhuōzi xiàmiàn.,گربه زیر میز است.,楼下面 不如 楼下 自然；楼下 可作为单独词条处理。
154,下面,xiàmiàn,HSK 2,方位词、名,2,文章、讲话、名单等中后面或较低位置的部分；也指接下来的内容（名/方位词）,"بخش پایین‌تر یا بعدیِ متن، سخنرانی، فهرست و مانند آن؛ مطالب بعدی/در ادامه (اسم/جهت‌نما)",下面的内容 (xiàmiàn de nèiróng) | 下面一段 (xiàmiàn yí duàn) | 下面我们开始 (xiàmiàn wǒmen kāishǐ) | 下面请看 (xiàmiàn qǐng kàn),下面我们开始学习新词。,Xiàmiàn wǒmen kāishǐ xuéxí xīn cí.,در ادامه شروع می‌کنیم واژه‌های جدید را یاد بگیریم.,
154,下面,xiàmiàn,HSK 2,方位词、名,3,下级、基层或下属的人、部门、单位等（名）,"زیردستان؛ سطح پایین‌تر؛ بخش‌ها، افراد یا واحدهای زیرمجموعه/پایین‌تر در سازمان (اسم)",下面的人 (xiàmiàn de rén) | 下面的部门 (xiàmiàn de bùmén) | 下面的单位 (xiàmiàn de dānwèi) | 向下面传达 (xiàng xiàmiàn chuándá),这个决定要向下面传达。,Zhège juédìng yào xiàng xiàmiàn chuándá.,این تصمیم باید به بخش‌های پایین‌تر/زیرمجموعه‌ها ابلاغ شود.,多用于单位、组织或行政语境；较口语。
155,笑,xiào,HSK 2,动、名,1,因高兴、觉得有趣等而露出笑容或发出笑声（动）,خندیدن؛ لبخند زدن؛ از خوشحالی یا به‌خاطر جالب/خنده‌دار بودن چیزی خندیدن یا لبخند زدن (فعل),笑起来 (xiào qǐlái) | 高兴地笑 (gāoxìng de xiào) | 对我笑 (duì wǒ xiào) | 笑了笑 (xiào le xiào),她高兴地笑了。,Tā gāoxìng de xiào le.,او با خوشحالی خندید.,
155,笑,xiào,HSK 2,动、名,2,嘲笑；因为别人做错、出丑等而取笑别人（动）,مسخره کردن؛ به کسی از روی تمسخر خندیدن؛ دست انداختن کسی به‌خاطر اشتباه یا وضعیت خجالت‌آور (فعل),笑别人 (xiào biéren) | 别笑他 (bié xiào tā) | 被人笑 (bèi rén xiào) | 笑我不会说 (xiào wǒ bú huì shuō),不要笑别人。,Búyào xiào biéren.,دیگران را مسخره نکن.,笑话别人 也常见，但 笑话 可作为单独词条处理。
156,小孩儿,xiǎoháir,HSK 2,名,1,儿童；年纪小的人；口语中也可指自己的孩子（名）,بچه؛ کودک؛ فرد کم‌سن؛ در گفتار گاهی به معنی فرزندِ خود/خانواده (اسم),一个小孩儿 (yí ge xiǎoháir) | 小孩儿们 (xiǎoháirmen) | 带小孩儿 (dài xiǎoháir) | 我家小孩儿 (wǒ jiā xiǎoháir),小孩儿们在外面玩。,Xiǎoháirmen zài wàimiàn wán.,بچه‌ها بیرون بازی می‌کنند.,“小孩儿”口语色彩较明显；指自己的孩子时常说 我家小孩儿。
157,小时候,xiǎoshíhou,HSK 2,名,1,年纪小的时候；童年时期 (名),دوران کودکی؛ وقتی کوچک بودم/بود (اسم زمان),我小时候 (wǒ xiǎoshíhou) | 小时候喜欢 (xiǎoshíhou xǐhuan) | 从小时候 (cóng xiǎoshíhou),我小时候很喜欢跳舞。,Wǒ xiǎoshíhou hěn xǐhuan tiàowǔ.,من در کودکی خیلی رقصیدن را دوست داشتم.,
158,下去,xiàqù,HSK 2,动、趋向补语,1,从高处向低处并离开说话人或说话人所在处移动（动）,پایین رفتن؛ از جای بالاتر به پایین و دور از گوینده یا محل گوینده رفتن (فعل),下去一下 (xiàqù yíxià) | 从楼上下去 (cóng lóu shang xiàqù) | 下去看看 (xiàqù kànkan),他从楼上下去了。,Tā cóng lóu shang xiàqù le.,او از طبقهٔ بالا پایین رفت.,这是“下去”作独立动词的用法。
158,下去,xiàqù,HSK 2,动、趋向补语,2,用在动词后，表示动作从高处向低处并离开说话人这边（趋向补语）,پس از فعل می‌آید و نشان می‌دهد حرکت از بالا به پایین و دور از گوینده است (متمم جهت‌نما),走下去 (zǒu xiàqù) | 跑下去 (pǎo xiàqù) | 拿下去 (ná xiàqù) | 搬下去 (bān xiàqù),请把这把椅子搬下去。,Qǐng bǎ zhè bǎ yǐzi bān xiàqù.,لطفاً این صندلی را پایین ببر.,这是“动词 + 下去”的趋向补语用法。
158,下去,xiàqù,HSK 2,动、趋向补语,3,用在动词后，表示动作或状态继续进行、持续发展（趋向补语）,پس از فعل می‌آید و ادامه پیدا کردن یا ادامه دادنِ یک عمل یا وضعیت را نشان می‌دهد (متمم جهت‌نما/ادامه),说下去 (shuō xiàqù) | 做下去 (zuò xiàqù) | 学下去 (xué xiàqù) | 坚持下去 (jiānchí xiàqù),请你继续说下去。,Qǐng nǐ jìxù shuō xiàqù.,لطفاً به صحبتت ادامه بده.,
159,姓,xìng,HSK 2,动、名,1,表示一个人的姓氏是什么（动）,نام خانوادگی داشتن؛ نام خانوادگیِ کسی چیزی بودن (فعل),姓王 (xìng Wáng) | 姓李 (xìng Lǐ) | 你姓什么 (nǐ xìng shénme) | 他姓什么 (tā xìng shénme),请问你姓什么？,Qǐngwèn nǐ xìng shénme?,"ببخشید، نام خانوادگی شما چیست؟",
159,姓,xìng,HSK 2,动、名,2,姓氏；家族名称（名）,نام خانوادگی؛ نام خانوادگیِ خانوادگی/خاندانی (اسم),一个姓 (yí ge xìng) | 常见的姓 (chángjiàn de xìng) | 中国人的姓 (Zhōngguó rén de xìng) | 姓和名 (xìng hé míng),王是一个很常见的姓。,Wáng shì yí ge hěn chángjiàn de xìng.,وانگ یک نام خانوادگی بسیار رایج است.,姓氏、百家姓 可作为单独词条处理。
160,姓名,xìngmíng,HSK 2,名,1,姓和名；人的全名 (名),نام و نام خانوادگی؛ نام کامل (اسم),填写姓名 (tiánxiě xìngmíng) | 姓名和电话 (xìngmíng hé diànhuà) | 中文姓名 (Zhōngwén xìngmíng),请写下你的姓名和电话。,Qǐng xiě xià nǐ de xìngmíng hé diànhuà.,لطفاً نام کامل و شماره تلفنت را بنویس.,
161,洗手间,xǐshǒujiān,HSK 2,名,1,供人洗手、上厕所的房间 (名),سرویس بهداشتی؛ دستشویی؛ توالت (اسم),去洗手间 (qù xǐshǒujiān) | 洗手间在哪儿 (xǐshǒujiān zài nǎr) | 公共洗手间 (gōnggòng xǐshǒujiān),请问，洗手间在哪儿？,"Qǐngwèn, xǐshǒujiān zài nǎr?","ببخشید، سرویس بهداشتی کجاست؟",
162,希望,xīwàng,HSK 2,动、名,1,心里想达到某种目的或出现某种情况（动）,امیدوار بودن؛ امید داشتن؛ خواستن و امیدوار بودن به رخ دادنِ چیزی یا رسیدن به هدفی (فعل),希望你来 (xīwàng nǐ lái) | 希望成功 (xīwàng chénggōng) | 希望明天不下雨 (xīwàng míngtiān bú xià yǔ) | 希望有机会 (xīwàng yǒu jīhuì),我希望明天是晴天。,Wǒ xīwàng míngtiān shì qíngtiān.,امیدوارم فردا هوا آفتابی باشد.,
162,希望,xīwàng,HSK 2,动、名,2,愿望；可能实现的好结果或好的可能性（名）,امید؛ آرزو؛ امکان یا نشانهٔ رسیدن به نتیجه‌ای خوب (اسم),有希望 (yǒu xīwàng) | 没有希望 (méiyǒu xīwàng) | 很有希望 (hěn yǒu xīwàng) | 看到希望 (kàndào xīwàng),这件事还有希望。,Zhè jiàn shì hái yǒu xīwàng.,هنوز برای این موضوع امیدی هست.,
163,眼睛,yǎnjing,HSK 2,名,1,人和动物用来看东西的器官（名）,چشم؛ عضو دیدن در انسان و حیوان (اسم),一双眼睛 (yì shuāng yǎnjing) | 眼睛疼 (yǎnjing téng) | 大眼睛 (dà yǎnjing) | 闭上眼睛 (bì shang yǎnjing),我的眼睛有点儿疼。,Wǒ de yǎnjing yǒudiǎnr téng.,چشمم کمی درد می‌کند.,有眼光、有眼力、眼光好、看人很准 等表示“دید/تشخیص خوب”。
164,颜色,yánsè,HSK 2,名,1,物体表面反映出的色彩 (名),رنگ؛ رنگِ ظاهری چیزها (اسم),红色颜色 (hóngsè yánsè) | 颜色好看 (yánsè hǎokàn) | 喜欢这个颜色 (xǐhuan zhège yánsè),这个颜色很好看。,Zhège yánsè hěn hǎokàn.,این رنگ خیلی قشنگ است.,
164,颜色,yánsè,HSK 2,名,2,脸上的神色或态度，常用于固定表达 (名),"رنگ چهره؛ حالت صورت یا برخورد، بیشتر در ترکیب‌ها (اسم)",脸色颜色 (liǎnsè yánsè) | 给颜色看 (gěi yánsè kàn) | 没好颜色 (méi hǎo yánsè),他的脸上没有好颜色。,Tā de liǎn shang méiyǒu hǎo yánsè.,چهره‌اش حالت خوشی نداشت.,Extended expression/attitude sense.
165,药,yào,HSK 2,名,1,用来治病、预防疾病或减轻疼痛的东西（名）,"دارو؛ چیزی برای درمان بیماری، پیشگیری از بیماری یا کم کردن درد (اسم)",吃药 (chī yào) | 买药 (mǎi yào) | 感冒药 (gǎnmào yào) | 中药 (zhōngyào),医生让我每天吃药。,Yīshēng ràng wǒ měitiān chī yào.,دکتر گفت هر روز دارو بخورم.,
165,药,yào,HSK 2,名,2,有化学作用或特殊效力的物质，多用于构词（名/语素）,"ماده‌ای با اثر شیمیایی یا اثر خاص؛ بیشتر در ترکیب‌ها، مانند سم، باروت یا محلول دارویی (اسم/تکواژ)",农药 (nóngyào) | 火药 (huǒyào) | 药水 (yàoshuǐ) | 炸药 (zhàyào),这种药水不能喝。,Zhè zhǒng yàoshuǐ bù néng hē.,این محلول/مایع دارویی را نباید خورد.,农药、火药、炸药、药水 可作为单独词条处理。
166,药店,yàodiàn,HSK 2,名,1,卖药的商店 (名),داروخانه؛ مغازه‌ی فروش دارو (اسم),去药店 (qù yàodiàn) | 药店买药 (yàodiàn mǎi yào) | 附近的药店 (fùjìn de yàodiàn),学校旁边有一家药店。,Xuéxiào pángbiān yǒu yì jiā yàodiàn.,کنار مدرسه یک داروخانه هست.,
167,爷爷,yéye,HSK 2,名,1,父亲的父亲 (名),پدربزرگ پدری (اسم),我爷爷 (wǒ yéye) | 爷爷奶奶 (yéye nǎinai) | 看爷爷 (kàn yéye),我爷爷今年七十岁。,Wǒ yéye jīnnián qīshí suì.,پدربزرگم امسال هفتاد ساله است.,
167,爷爷,yéye,HSK 2,名,2,对年老男性的亲切称呼 (名),پدربزرگ؛ خطاب محترمانه یا صمیمی به مرد سالمند (اسم),老爷爷 (lǎo yéye) | 这位爷爷 (zhè wèi yéye) | 爷爷您好 (yéye nín hǎo),那位老爷爷正在公园里走路。,Nà wèi lǎo yéye zhèngzài gōngyuán lǐ zǒulù.,آن پدربزرگ در پارک قدم می‌زند.,Address sense.
168,一会儿,yíhuìr,HSK 2,名、副,1,很短的一段时间；也可放在动词后，表示动作持续的时间短（名/副）,"یک لحظه؛ مدت کوتاه؛ کمی، برای نشان دادن اینکه کاری مدت کوتاهی انجام می‌شود (اسم زمان/قید)",等一会儿 (děng yíhuìr) | 休息一会儿 (xiūxi yíhuìr) | 睡一会儿 (shuì yíhuìr) | 看一会儿 (kàn yíhuìr),请等我一会儿。,Qǐng děng wǒ yíhuìr.,لطفاً یک لحظه منتظرم بمان.,
168,一会儿,yíhuìr,HSK 2,名、副,2,表示过不久、稍后或马上（副）,کمی بعد؛ تا چند لحظهٔ دیگر؛ به‌زودی؛ بعداً در زمان نزدیک (قید),一会儿见 (yíhuìr jiàn) | 一会儿回来 (yíhuìr huílái) | 一会儿再说 (yíhuìr zài shuō) | 一会儿就到 (yíhuìr jiù dào),我一会儿回来。,Wǒ yíhuìr huílái.,کمی بعد برمی‌گردم.,
168,一会儿,yíhuìr,HSK 2,名、副,3,用于“一会儿……一会儿……”结构，表示两种动作或情况交替出现（副）,در ساختار «一会儿……一会儿……» می‌آید و نشان می‌دهد دو کار یا دو حالت پی‌درپی و متناوب عوض می‌شوند؛ گاهی... گاهی... (قید),一会儿笑一会儿哭 (yíhuìr xiào yíhuìr kū) | 一会儿冷一会儿热 (yíhuìr lěng yíhuìr rè) | 一会儿看手机一会儿写作业 (yíhuìr kàn shǒujī yíhuìr xiě zuòyè),他一会儿笑，一会儿哭。,"Tā yíhuìr xiào, yíhuìr kū.","او یک لحظه می‌خندد، یک لحظه گریه می‌کند.",
169,已经,yǐjīng,HSK 2,副,1,表示事情在某个时间以前完成或达到某种状态 (副),قبلاً؛ پیش از این؛ نشان‌دهنده انجام شدن یا رسیدن به حالتی (قید),已经到了 (yǐjīng dào le) | 已经吃完 (yǐjīng chī wán) | 已经知道 (yǐjīng zhīdào),我已经吃完饭了。,Wǒ yǐjīng chī wán fàn le.,من غذا را قبلاً تمام کرده‌ام.,
170,阴,yīn,HSK 2,形、名、语素,1,天空有云、不见太阳；阴天（形）,ابری؛ بی‌آفتاب؛ وقتی آسمان ابر دارد و آفتاب دیده نمی‌شود (صفت),阴天 (yīntiān) | 天气阴 (tiānqì yīn) | 阴了一天 (yīn le yì tiān) | 阴沉沉 (yīnchénchén),今天是阴天。,Jīntiān shì yīntiān.,امروز هوا ابری است.,
170,阴,yīn,HSK 2,形、名、语素,2,没有阳光照到的地方；背光处（名/语素）,سایه؛ جای بی‌آفتاب؛ جایی که نور مستقیم خورشید به آن نمی‌رسد (اسم/تکواژ),树阴 (shùyīn) | 阴面 (yīnmiàn) | 阴处 (yīnchù) | 背阴 (bèiyīn),我们在树阴下休息。,Wǒmen zài shùyīn xià xiūxi.,ما زیر سایهٔ درخت استراحت می‌کنیم.,阴影、阴凉 可作为单独词条处理。
170,阴,yīn,HSK 2,形、名、语素,3,光线暗；不明亮，多用于构词（形/语素）,"تاریک؛ کم‌نور؛ دلگیر، بیشتر در ترکیب‌ها (صفت/تکواژ)",阴暗 (yīn’àn) | 阴森 (yīnsēn) | 阴沉 (yīnchén) | 阴冷 (yīnlěng),这个房间有点儿阴暗。,Zhège fángjiān yǒudiǎnr yīn’àn.,این اتاق کمی تاریک و دلگیر است.,阴暗、阴森、阴沉、阴冷 可作为单独词条处理。
170,阴,yīn,HSK 2,形、名、语素,4,隐藏的、不公开的、暗中害人的或带有不好意味的，多用于构词（形/语素）,"پنهانی؛ پشت‌پرده‌ای؛ موذیانه؛ بدخواهانه یا منفی، بیشتر در ترکیب‌ها (صفت/تکواژ)",阴谋 (yīnmóu) | 阴险 (yīnxiǎn) | 阴招 (yīnzhāo) | 阴阳怪气 (yīnyáng guàiqì),他这个人有点儿阴险。,Tā zhège rén yǒudiǎnr yīnxiǎn.,این آدم کمی موذی و خطرناک است.,阴谋、阴险、阴招、阴阳怪气 建议作为单独词条处理。
170,阴,yīn,HSK 2,形、名、语素,5,传统观念中与“阳”相对的概念，也可指女性、柔弱、寒冷、内部等一类属性（名/语素）,"یین؛ مفهوم سنتی مقابلِ «یانگ»؛ در فرهنگ سنتی گاهی وابسته به زنانه، سردی، درون، تاریکی یا نرمی دانسته می‌شود (اسم/تکواژ)",阴阳 (yīnyáng) | 阴气 (yīnqì) | 阴历 (yīnlì) | 阴性 (yīnxìng),阴阳是中国传统文化中的一个概念。,Yīnyáng shì Zhōngguó chuántǒng wénhuà zhōng de yí ge gàiniàn.,یین و یانگ مفهومی در فرهنگ سنتی چین است.,阴阳、阴历、阴性 可作为单独词条处理。
170,阴,yīn,HSK 2,形、名、语素,6,指生殖器或生殖器相关部位，多用于医学或正式词语（名/语素）,"اندام یا ناحیهٔ تناسلی؛ جزء واژه‌ساز در اصطلاحات پزشکی/رسمی مربوط به اندام‌های تناسلی، مانند واژن، آلت مردانه یا ناحیهٔ تناسلی (اسم/تکواژ)",阴部 (yīnbù) | 阴道 (yīndào) | 阴茎 (yīnjīng) | 外阴 (wàiyīn),阴道是女性生殖系统的一部分。,Yīndào shì nǚxìng shēngzhí xìtǒng de yí bùfen.,واژن بخشی از دستگاه تولیدمثل زنانه است.,阴部、阴道、阴茎、外阴 建议作为单独词条处理；日常口语中通常不用单独的“阴”表示这个意思。
170,阴,yīn,HSK 2,形、名、语素,7,表示负面的、反面的或非阳性的，多用于专业或固定词语（形/语素）,"منفی؛ غیرمثبت؛ در برابر «مثبت/阳»، بیشتر در اصطلاحات علمی، پزشکی یا فنی (صفت/تکواژ)",阴性 (yīnxìng) | 阴极 (yīnjí) | 阴电 (yīndiàn) | 阴离子 (yīnlízǐ),检查结果是阴性。,Jiǎnchá jiéguǒ shì yīnxìng.,نتیجهٔ آزمایش منفی است.,阴性、阴极、阴离子 多为专业词语，建议作为单独词条处理。
171,因为,yīnwèi,HSK 2,连、介,1,表示原因或理由；常和“所以”配合（连/介）,"چون؛ زیرا؛ به دلیلِ؛ برای بیان علت یا دلیل، گاهی همراه با «所以» (حرف ربط/حرف اضافه)",因为下雨 (yīnwèi xià yǔ) | 因为生病 (yīnwèi shēng bìng) | 因为工作忙 (yīnwèi gōngzuò máng) | 因为……所以…… (yīnwèi... suǒyǐ...),因为下雨，所以我没出去。,"Yīnwèi xià yǔ, suǒyǐ wǒ méi chūqù.","چون باران می‌آمد، بیرون نرفتم.",因为既可连接小句，也可接名词性成分；意义都是表示原因。
172,一起,yìqǐ,HSK 2,副、名,1,一同做某事；表示动作由两人或多人共同进行（副）,با هم؛ همراه هم؛ برای انجام دادنِ کاری به‌صورت مشترک (قید),一起去 (yìqǐ qù) | 一起吃饭 (yìqǐ chī fàn) | 一起学习 (yìqǐ xuéxí) | 一起玩 (yìqǐ wán),我们一起去看电影吧。,Wǒmen yìqǐ qù kàn diànyǐng ba.,بیایید با هم فیلم ببینیم.,
172,一起,yìqǐ,HSK 2,副、名,2,在同一个地方、范围或状态中；表示人或事物合在一处（名/副）,"کنار هم؛ در یک جا؛ با هم در یک مکان، محدوده یا وضعیت قرار داشتن (اسم/قید)",在一起 (zài yìqǐ) | 放在一起 (fàng zài yìqǐ) | 住在一起 (zhù zài yìqǐ) | 坐在一起 (zuò zài yìqǐ),这些书放在一起。,Zhèxiē shū fàng zài yìqǐ.,این کتاب‌ها کنار هم گذاشته شده‌اند.,
173,意思,yìsi,HSK 2,名,1,语言、动作、符号或事物所表达的内容（名）,"معنی؛ مفهوم؛ محتوایی که واژه، جمله، نشانه، رفتار یا چیزی بیان می‌کند (اسم)",什么意思 (shénme yìsi) | 这个词的意思 (zhège cí de yìsi) | 明白意思 (míngbai yìsi) | 意思不清楚 (yìsi bù qīngchu),这个词是什么意思？,Zhège cí shì shénme yìsi?,این واژه چه معنی دارد؟,
173,意思,yìsi,HSK 2,名,2,想法、意图、打算或说话人想表达的内容（名）,منظور؛ قصد؛ نیت؛ چیزی که گوینده می‌خواهد بیان کند یا در نظر دارد (اسم),我的意思 (wǒ de yìsi) | 他的意思 (tā de yìsi) | 不是这个意思 (bú shì zhège yìsi) | 没有这个意思 (méiyǒu zhège yìsi),我不是这个意思。,Wǒ bú shì zhège yìsi.,منظورم این نیست.,
173,意思,yìsi,HSK 2,名,3,趣味；让人觉得有趣、值得注意或值得做的地方（名）,جالبی؛ جذابیت؛ ارزشِ توجه یا سرگرم‌کنندگیِ چیزی (اسم),有意思 (yǒu yìsi) | 很有意思 (hěn yǒu yìsi) | 没意思 (méi yìsi) | 有点儿意思 (yǒudiǎnr yìsi),这本书很有意思。,Zhè běn shū hěn yǒu yìsi.,این کتاب خیلی جالب است.,没意思 可作为单独词条处理。
173,意思,yìsi,HSK 2,名,4,心意、情意或礼貌上的表示，多用于送礼、感谢等场合（名）,"لطف؛ محبت؛ نشانهٔ احترام یا توجه، بیشتر در تعارف، هدیه دادن یا تشکر (اسم)",一点儿小意思 (yìdiǎnr xiǎo yìsi) | 我的一点儿意思 (wǒ de yìdiǎnr yìsi) | 意思意思 (yìsi yìsi) | 表达一点儿意思 (biǎodá yìdiǎnr yìsi),这只是我的一点儿意思。,Zhè zhǐ shì wǒ de yìdiǎnr yìsi.,این فقط نشانهٔ کوچکی از لطف و احترام من است.,这个义项多用于客气、送礼或表示心意；小意思、意思意思 可作为单独词条处理。
174,游,yóu,HSK 2,动,1,在水中移动；游泳（动）,شنا کردن؛ در آب حرکت کردن (فعل),游泳 (yóuyǒng) | 游过河 (yóu guò hé) | 在水里游 (zài shuǐ lǐ yóu) | 游来游去 (yóu lái yóu qù),鱼在水里游来游去。,Yú zài shuǐ lǐ yóu lái yóu qù.,ماهی در آب این‌طرف و آن‌طرف شنا می‌کند.,
174,游,yóu,HSK 2,动,2,到某地参观、玩儿或旅行，多用于构词或书面表达（动/语素）,"گردش کردن؛ سفر و بازدید کردن؛ به جایی برای تفریح یا دیدن رفتن، بیشتر در ترکیب‌ها یا بیان رسمی‌تر (فعل/تکواژ)",旅游 (lǚyóu) | 游玩 (yóuwán) | 游公园 (yóu gōngyuán) | 游中国 (yóu Zhōngguó),我们明年去中国游玩。,Wǒmen míngnián qù Zhōngguó yóuwán.,ما سال آینده برای گردش به چین می‌رویم.,旅游、游玩 可作为单独词条处理；口语中常说 去玩、去旅游。
174,游,yóu,HSK 2,动,3,没有固定方向地移动、活动或闲逛，多用于构词（动/语素）,"پرسه زدن؛ حرکت یا گشت‌وگذار بدون مسیر ثابت، بیشتر در ترکیب‌ها (فعل/تکواژ)",游走 (yóuzǒu) | 游荡 (yóudàng)  | 四处游荡 (sìchù yóudàng),他在城市里四处游荡。,Tā zài chéngshì lǐ sìchù yóudàng.,او در شهر این‌طرف و آن‌طرف پرسه می‌زد.,游走、游荡、漫游 建议作为单独词条处理。
175,右,yòu,HSK 2,方位词、名、语素,1,面对前方时身体右手所在的一边；右边（方位词/名）,راست؛ سمت راست؛ سمتی که دست راست در آن قرار دارد (اسم مکانی/جهت‌نما),右边 (yòubiān) | 往右走 (wǎng yòu zǒu) | 右手 (yòushǒu) | 右面 (yòumiàn),请往右走。,Qǐng wǎng yòu zǒu.,لطفاً به سمت راست بروید.,右边、右手、右面 可作为单独词条处理。
175,右,yòu,HSK 2,方位词、名、语素,2,政治、思想上偏保守或右翼的一方，多用于书面语或政治语境（名/形/语素）,"راست‌گرا؛ جناح راست؛ گرایش محافظه‌کارانه یا راست در سیاست، بیشتر در متن رسمی/سیاسی (اسم/صفت/تکواژ)",右派 (yòupài) | 右翼 (yòuyì) | 右倾 (yòuqīng) | 偏右 (piān yòu),这个政党立场偏右。,Zhège zhèngdǎng lìchǎng piān yòu.,موضع این حزب متمایل به راست است.,政治用法；右派、右翼、右倾、偏右 可作为单独词条处理。
176,有意思,yǒu yìsi,HSK 2,形,1,有趣；让人感兴趣；值得注意（形）,جالب؛ جذاب؛ بامزه؛ قابل‌توجه؛ چیزی که توجه یا علاقهٔ آدم را جلب می‌کند (صفت),很有意思 (hěn yǒu yìsi) | 这本书有意思 (zhè běn shū yǒu yìsi) | 有意思的电影 (yǒu yìsi de diànyǐng) | 有点儿意思 (yǒudiǎnr yìsi),这部电影很有意思。,Zhè bù diànyǐng hěn yǒu yìsi.,این فیلم خیلی جالب است.,表示“معنادار/باارزش”时，一般说 有意义；有意思 也可表示“有某种意思/意味”，但多依赖语境，不必单列。
177,右边,yòubiān,HSK 2,方位词、名,1,右的一侧或右方的位置 (方位词),سمت راست؛ طرف راست (اسم مکانی),在右边 (zài yòubiān) | 右边的门 (yòubiān de mén) | 往右边走 (wǎng yòubiān zǒu),洗手间在右边。,Xǐshǒujiān zài yòubiān.,سرویس بهداشتی سمت راست است.,
178,有时候,yǒu shíhou,HSK 2,副,1,表示某些时候；偶尔 (副),گاهی؛ بعضی وقت‌ها (قید),有时候去 (yǒu shíhou qù) | 有时候下雨 (yǒu shíhou xià yǔ) | 有时候很忙 (yǒu shíhou hěn máng),我有时候坐公交车上班。,Wǒ yǒu shíhou zuò gōngjiāochē shàngbān.,من گاهی با اتوبوس سر کار می‌روم.,
179,游泳,yóuyǒng,HSK 2,动宾短语,1,人在水中用身体动作前进（动）,شنا کردن؛ حرکت کردن در آب با بدن (فعل),去游泳 (qù yóuyǒng) | 会游泳 (huì yóuyǒng) | 学游泳 (xué yóuyǒng) | 游了一个小时泳 (yóu le yí ge xiǎoshí yǒng),夏天我喜欢去游泳。,Xiàtiān wǒ xǐhuan qù yóuyǒng.,تابستان دوست دارم به شنا بروم.,游泳 是动宾短语，中间可以插入时量、次数等成分，如 游了一个小时泳、游过几次泳。
180,鱼,yú,HSK 2,名,1,生活在水里的脊椎动物，多数有鳞和鳍（名）,ماهی؛ جانور مهره‌دار آبزی که معمولاً فلس و باله دارد (اسم),一条鱼 (yì tiáo yú) | 养鱼 (yǎng yú) | 鱼在水里游 (yú zài shuǐ lǐ yóu) | 大鱼 (dà yú),水里有很多鱼。,Shuǐ lǐ yǒu hěn duō yú.,در آب ماهی‌های زیادی هست.,
180,鱼,yú,HSK 2,名,2,鱼肉；作为食物的鱼（名）,ماهی؛ گوشت ماهی یا ماهی به‌عنوان غذا (اسم),吃鱼 (chī yú) | 做鱼 (zuò yú) | 红烧鱼 (hóngshāo yú) | 鱼很好吃 (yú hěn hǎochī),妈妈今天做了一条鱼。,Māma jīntiān zuò le yì tiáo yú.,مامان امروز یک ماهی درست کرد.,红烧鱼、鱼肉、鱼汤 可作为单独词条处理。
181,远,yuǎn,HSK 2,形,1,空间距离大；离得不近（形）,دور؛ با فاصله؛ نزدیک نبودن از نظر مکانی (صفت),很远 (hěn yuǎn) | 离学校远 (lí xuéxiào yuǎn) | 远一点儿 (yuǎn yìdiǎnr) | 远处 (yuǎnchù),我家离学校很远。,Wǒ jiā lí xuéxiào hěn yuǎn.,خانه‌ی من از مدرسه خیلی دور است.,时间义多见于“久远、遥远、远古、年代久远”等，建议作为单独词条处理。
181,远,yuǎn,HSK 2,形,2,关系疏远；差距大；程度上相差多（形）,دور بودن رابطه؛ فاصله یا تفاوت زیاد داشتن (صفت),关系远 (guānxi yuǎn) | 差得远 (chà de yuǎn) | 远不如 (yuǎn bù rú) | 离目标还远 (lí mùbiāo hái yuǎn),他的汉语水平跟老师比还差得很远。,Tā de Hànyǔ shuǐpíng gēn lǎoshī bǐ hái chà de hěn yuǎn.,سطح زبان چینی او در مقایسه با معلم هنوز خیلی فاصله دارد.,抽象距离或程度差距用法，口语和书面语都常见。
182,运动,yùndòng,HSK 2,动、名,1,锻炼身体的活动；进行体育锻炼（名/动）,ورزش؛ ورزش کردن؛ فعالیت بدنی برای سلامت یا تمرین (اسم/فعل),做运动 (zuò yùndòng) | 喜欢运动 (xǐhuan yùndòng) | 经常运动 (jīngcháng yùndòng) | 多运动 (duō yùndòng),我每天都运动半个小时。,Wǒ měitiān dōu yùndòng bàn ge xiǎoshí.,من هر روز نیم ساعت ورزش می‌کنم.,名词和动词用法意义相近，不必单列；“运动会”建议作为单独词条处理。
182,运动,yùndòng,HSK 2,动、名,2,物体位置不断变化；移动（名/动）,حرکت؛ جابه‌جایی؛ حرکت کردن (اسم/فعل),物体运动 (wùtǐ yùndòng) | 机械运动 (jīxiè yùndòng) | 天体运动 (tiāntǐ yùndòng) | 运动规律 (yùndòng guīlǜ),地球一直在运动。,Dìqiú yìzhí zài yùndòng.,زمین پیوسته در حال حرکت است.,多用于科学或书面语；日常口语说“动、移动”更常见。
182,运动,yùndòng,HSK 2,动、名,3,有组织、有目的的群众性活动（名）,"جنبش؛ حرکت سازمان‌یافته با هدف اجتماعی، سیاسی یا جمعی (اسم)",社会运动 (shèhuì yùndòng) | 学生运动 (xuésheng yùndòng) | 妇女运动 (fùnǚ yùndòng) | 环保运动 (huánbǎo yùndòng),这场环保运动影响了很多年轻人。,Zhè chǎng huánbǎo yùndòng yǐngxiǎng le hěn duō niánqīngrén.,این جنبش محیط‌زیستی بر جوانان زیادی تأثیر گذاشت.,社会、政治等用法；“运动会”不是此义，建议作为单独词条处理。
183,站,zhàn,HSK 2,动、名,1,身体直立，两脚着地或支撑身体（动）,ایستادن؛ روی پا قرار گرفتن (فعل),站起来 (zhàn qǐlái) | 站在门口 (zhàn zài ménkǒu) | 站着等 (zhànzhe děng) | 站稳 (zhàn wěn),请大家站起来。,Qǐng dàjiā zhàn qǐlái.,لطفاً همه بایستید.,
183,站,zhàn,HSK 2,动、名,2,交通工具停靠、上下乘客的地方（名）,ایستگاه؛ محل توقف وسیلهٔ نقلیه برای سوار و پیاده شدن (اسم),车站 (chēzhàn) | 地铁站 (dìtiězhàn) | 公交车站 (gōngjiāochē zhàn) | 下一站 (xià yí zhàn),我在地铁站等你。,Wǒ zài dìtiězhàn děng nǐ.,من در ایستگاه مترو منتظرت هستم.,“车站、地铁站、公交车站”可作为常用搭配处理。
183,站,zhàn,HSK 2,动、名,3,为某种工作、服务或活动设立的地点或机构（名）,ایستگاه؛ پایگاه؛ مرکز یا محل خدمات و فعالیت مشخص (اسم),服务站 (fúwùzhàn) | 加油站 (jiāyóuzhàn) | 回收站 (huíshōuzhàn) | 记者站 (jìzhězhàn),小区门口有一个快递服务站。,Xiǎoqū ménkǒu yǒu yí ge kuàidì fúwùzhàn.,دمِ ورودی مجتمع یک مرکز خدمات پستی/تحویل بسته هست.,多作构词成分；“网站”常用但建议作为单独词条处理。
184,丈夫,zhàngfu,HSK 2,名,1,妻子的配偶；已婚女子的男性配偶（名）,شوهر؛ همسرِ مرد (اسم),我的丈夫 (wǒ de zhàngfu) | 她丈夫 (tā zhàngfu) | 丈夫和妻子 (zhàngfu hé qīzi) | 前夫和丈夫 (qiánfū hé zhàngfu),她的丈夫是医生。,Tā de zhàngfu shì yīshēng.,شوهر او پزشک است.,现代汉语常用义。
184,丈夫,zhàngfu,HSK 2,名,2,用于“大丈夫”等词语，指有志气、有担当、守信用的男子（名）,"در ترکیب‌هایی مثل 大丈夫: مرد واقعی؛ مرد بزرگ‌منش، مسئولیت‌پذیر و پایبند به قول (اسم)",大丈夫 (dàzhàngfu) | 大丈夫要说话算话 (dàzhàngfu yào shuōhuà suànhuà) | 大丈夫能屈能伸 (dàzhàngfu néng qū néng shēn),大丈夫要说话算话。,Dàzhàngfu yào shuōhuà suànhuà.,مرد واقعی باید سر حرفش بایستد.,多用于“大丈夫”等固定说法；“丈夫”单独表示“成年男子”已不常用；带有传统性别观念色彩，使用时需看语境。
185,着,zhe,HSK 2,助,1,用在动词或形容词后，表示动作或状态持续（助）,پس از فعل یا صفت می‌آید و ادامه داشتن عمل یا حالت را نشان می‌دهد (حرف نشانه),坐着 (zuòzhe) | 站着 (zhànzhe) | 门开着 (mén kāizhe) | 灯亮着 (dēng liàngzhe),他在椅子上坐着。,Tā zài yǐzi shang zuòzhe.,او روی صندلی نشسته است.,读轻声 zhe；常表示状态的持续。
185,着,zhe,HSK 2,助,2,用在动词后，表示伴随状态或方式（助）,پس از فعل می‌آید و حالت همراه یا شیوهٔ انجام عمل را نشان می‌دهد (حرف نشانه),笑着说 (xiàozhe shuō) | 站着吃 (zhànzhe chī) | 哭着跑出去 (kūzhe pǎo chūqu) | 看着电视吃饭 (kànzhe diànshì chī fàn),她笑着说谢谢。,Tā xiàozhe shuō xièxie.,او با لبخند گفت ممنون.,读轻声 zhe；这里前一动作表示后一动作的方式或伴随状态。
185,着,zháo,HSK 2,动、补,3,用在动词后，表示达到目的、得到结果或进入某种状态（补）,"بعد از فعل می‌آید و رسیدن به نتیجه، تحقق عمل یا وارد شدن به حالتی را نشان می‌دهد (متمم نتیجه)",找着 (zhǎozháo) | 睡着 (shuìzháo) | 猜着 (cāizháo) | 买着了 (mǎizháo le),我终于找着我的手机了。,Wǒ zhōngyú zhǎozháo wǒ de shǒujī le.,بالاخره موبایلم را پیدا کردم.,读 zháo；常作结果补语，如“找着、睡着、猜着”；口语中很常见。
186,这么,zhème,HSK 2,代、副,1,表示程度或数量接近说话人所指的情况；这样多、这样大、这样程度（代/副）,این‌قدر؛ به این اندازه؛ تا این حد (ضمیر/قید),这么大 (zhème dà) | 这么贵 (zhème guì) | 这么多 (zhème duō) | 这么难 (zhème nán),这个问题没有这么难。,Zhège wèntí méiyǒu zhème nán.,این مسئله این‌قدر سخت نیست.,常用于指示说话人眼前或刚提到的程度、数量。
186,这么,zhème,HSK 2,代、副,2,表示方式接近说话人所指的情况；这样、如此（代/副）,این‌طور؛ این‌گونه؛ به این شکل (ضمیر/قید),这么做 (zhème zuò) | 这么说 (zhème shuō) | 这么写 (zhème xiě) | 这么回答 (zhème huídá),你可以这么写。,Nǐ kěyǐ zhème xiě.,می‌توانی این‌طور بنویسی.,承接上文或现场示范时常用；口语中也说“这样”。
187,正,zhèng,HSK 2,副、形、语素,1,表示动作正在进行或状态正在发生（副）,در حال؛ درست در حال انجام یا رخ دادن (قید),正在 (zhèngzài) | 正吃饭 (zhèng chī fàn) | 正忙 (zhèng máng) | 正准备 (zhèng zhǔnbèi),我正准备出门。,Wǒ zhèng zhǔnbèi chūmén.,دارم آماده می‌شوم از خانه بیرون بروم.,“正”和“正在”都可表示进行，口语中“正在”更明确。
187,正,zhèng,HSK 2,副、形、语素,2,不偏不斜；位置、方向、形状合适（形）,صاف؛ راست؛ کج نبودن؛ در جای درست قرار داشتن (صفت),坐正 (zuò zhèng) | 写正 (xiě zhèng) | 放正 (fàng zhèng) | 正中间 (zhèng zhōngjiān),请把字写正。,Qǐng bǎ zì xiě zhèng.,لطفاً نویسه‌ها را صاف بنویس.,常作结果补语或状态描写，如“坐正、放正、写正”。
187,正,zhèng,HSK 2,副、形、语素,3,正好；恰好；刚好；表示时间、数量、情况等刚刚合适或完全相符（副）,"دقیقاً؛ درست؛ درست همان؛ درست به‌موقع/به‌اندازه؛ اتفاقاً، در کاربردهایی مثل 正好 و 正巧 (قید)",正好 (zhènghǎo) | 正是 (zhèng shì) | 正巧 (zhèngqiǎo) | 正合适 (zhèng héshì),我正好有两张票。,Wǒ zhènghǎo yǒu liǎng zhāng piào.,اتفاقاً دقیقاً دو بلیت دارم.,“正好”最常用，可表示刚好合适或碰巧；“正是”表示强调“正是如此/正是这个”；“正巧”表示碰巧；“正合适”多表示大小、时间、安排等刚刚合适。
187,正,zhèng,HSK 2,副、形、语素,4,正式的；主要的；合乎标准的（语素）,رسمی؛ اصلی؛ استاندارد یا مطابق قاعده (تکواژ),正式 (zhèngshì) | 正门 (zhèngmén) | 正职 (zhèngzhí) | 正常 (zhèngcháng),客人请从正门进入。,Kèrén qǐng cóng zhèngmén jìnrù.,مهمانان لطفاً از درِ اصلی وارد شوند.,多作构词成分；“正式、正常、正门、正职”可按需要作为单独词条处理。
187,正,zhèng,HSK 2,副、形、语素,5,大于零的；与“负”相对的（语素）,"مثبت؛ در برابر منفی، به‌ویژه در عدد یا برق (تکواژ)",正数 (zhèngshù) | 正负 (zhèngfù) | 正极 (zhèngjí) | 正电 (zhèngdiàn),三是正数，负三是负数。,"Sān shì zhèngshù, fù sān shì fùshù.",سه عددی مثبت است و منفی سه عددی منفی است.,数学、物理等用法；“正数、正极”可作为单独词条处理。
188,这样,zhèyàng,HSK 2,代,1,指示某种方式或做法；如此、这么做（代）,این‌طور؛ این‌گونه؛ به این شکل؛ به این روش (ضمیر),这样做 (zhèyàng zuò) | 这样说 (zhèyàng shuō) | 这样写 (zhèyàng xiě) | 这样安排 (zhèyàng ānpái),你可以这样做。,Nǐ kěyǐ zhèyàng zuò.,می‌توانی این‌طور انجام بدهی.,常指说话人示范的方式，或上文提到的做法；和“这么”意思接近。
188,这样,zhèyàng,HSK 2,代,2,指示或指代这种情况、样子、性质或结果（代）,چنین؛ این‌چنین؛ چنین وضعیتی؛ این نوع/این شکل از چیزی (ضمیر),这样很好 (zhèyàng hěn hǎo) | 这样不行 (zhèyàng bù xíng) | 这样的人 (zhèyàng de rén) | 这样一来 (zhèyàng yì lái),这样很好，我们就这么办。,"Zhèyàng hěn hǎo, wǒmen jiù zhème bàn.",این خیلی خوب است؛ پس همین کار را می‌کنیم.,可指上文或眼前的情况；“这样的人、这样的事”中相当于“这种”。
189,周,zhōu,HSK 2,名、量、语素,1,星期；七天为一周（名/量）,هفته؛ دورهٔ هفت‌روزه (اسم/واحد شمارش),这周 (zhè zhōu) | 下周 (xià zhōu) | 一周 (yì zhōu) | 每周 (měi zhōu),我下周去上海。,Wǒ xià zhōu qù Shànghǎi.,من هفتهٔ آینده به شانگهای می‌روم.,口语和书面语都常用；“周末、周一、周刊”可按需要作为单独词条处理。
189,周,zhōu,HSK 2,名、量、语素,2,环绕一圈；一个循环或一整圈（量/语素）,یک دور؛ یک گردش کامل؛ یک چرخهٔ کامل (واحد شمارش/تکواژ),跑一周 (pǎo yì zhōu) | 转了一周 (zhuàn le yì zhōu) | 绕操场一周 (rào cāochǎng yì zhōu) | 绕地球一周 (rào Dìqiú yì zhōu),他绕操场跑了一周。,Tā rào cāochǎng pǎo le yì zhōu.,او یک دور دورِ زمین ورزش دوید.,单用不多，多用于“一周、绕……一周、转一周”等结构；“周年、周期”可作为单独词条处理。
189,周,zhōu,HSK 2,名、量、语素,3,用于人名、姓氏或朝代名（名）,ژو؛ نام خانوادگی یا نام دودمان ژو (اسم خاص),周先生 (Zhōu xiānsheng) | 周老师 (Zhōu lǎoshī) | 周朝 (Zhōu Cháo) | 西周 (Xī Zhōu),周老师教我们中文。,Zhōu lǎoshī jiāo wǒmen Zhōngwén.,معلم ژو به ما زبان چینی درس می‌دهد.,作姓氏或朝代名时拼音首字母常大写；“周朝、西周、东周”属于历史专名。
190,准备,zhǔnbèi,HSK 2,动、名,1,事先安排或做好需要的工作（动）,آماده کردن؛ تدارک دیدن؛ از پیش آماده شدن برای کاری (فعل),准备考试 (zhǔnbèi kǎoshì) | 准备午饭 (zhǔnbèi wǔfàn) | 准备材料 (zhǔnbèi cáiliào) | 为旅行做准备 (wèi lǚxíng zuò zhǔnbèi),我正在准备考试。,Wǒ zhèngzài zhǔnbèi kǎoshì.,من در حال آماده شدن برای امتحان هستم.,可带名词宾语，也可说“为……做准备”。
190,准备,zhǔnbèi,HSK 2,动、名,2,打算做某事；计划要做某事（动）,قصد داشتن؛ برنامه داشتن؛ قرار داشتن کاری را انجام دادن (فعل),准备去中国 (zhǔnbèi qù Zhōngguó) | 准备买房 (zhǔnbèi mǎi fáng) | 准备学习中文 (zhǔnbèi xuéxí Zhōngwén) | 准备明年结婚 (zhǔnbèi míngnián jiéhūn),我准备明年去中国。,Wǒ zhǔnbèi míngnián qù Zhōngguó.,قصد دارم سال آینده به چین بروم.,后面常接动词短语，表示计划或打算。
190,准备,zhǔnbèi,HSK 2,动、名,3,准备工作；事先做好的安排或状态（名）,آمادگی؛ تدارک؛ کارهای مقدماتی؛ آماده‌سازی (اسم),做好准备 (zuò hǎo zhǔnbèi) | 考试准备 (kǎoshì zhǔnbèi) | 没有准备 (méiyǒu zhǔnbèi) | 心理准备 (xīnlǐ zhǔnbèi),你做好准备了吗？,Nǐ zuò hǎo zhǔnbèi le ma?,آماده شده‌ای؟,名词用法常见于“做好准备、没有准备、心理准备”。
191,自己,zìjǐ,HSK 2,代,1,反身代词，指说话人、听话人或前面提到的人本身；也可强调亲自、独立地做某事（代）,خود؛ خودِ شخص؛ شخصاً؛ به‌تنهایی یا مستقلانه (ضمیر),我自己 (wǒ zìjǐ) | 他自己 (tā zìjǐ) | 自己做 (zìjǐ zuò) | 自己做饭 (zìjǐ zuò fàn),这件事我自己做。,Zhè jiàn shì wǒ zìjǐ zuò.,این کار را خودم انجام می‌دهم.,可作反身代词，也可强调亲自或独立完成；这两种用法意义接近，不必单列。
192,走,zǒu,HSK 2,动、语素,1,用脚移动；步行（动）,راه رفتن؛ پیاده حرکت کردن (فعل),走路 (zǒulù) | 走得快 (zǒu de kuài) | 往前走 (wǎng qián zǒu) | 走回家 (zǒu huí jiā),请往前走。,Qǐng wǎng qián zǒu.,لطفاً به جلو بروید.,最基本义；“走路”常用，可作为搭配或单独词条处理。
192,走,zǒu,HSK 2,动、语素,2,离开某地或离开说话人所在的地方（动）,رفتن؛ ترک کردن جایی؛ دور شدن (فعل),走了 (zǒu le) | 走开 (zǒukāi) | 先走 (xiān zǒu) | 走吧 (zǒu ba),他已经走了。,Tā yǐjīng zǒu le.,او قبلاً رفته است.,口语常用；“走开”可作为单独词条处理。
192,走,zǒu,HSK 2,动、语素,3,通过某条路线或经过某地；按某条路走（动）,از مسیری رفتن؛ از راهی عبور کردن؛ مسیر خاصی را انتخاب کردن (فعل),走这条路 (zǒu zhè tiáo lù) | 走右边 (zǒu yòubiān) | 走近路 (zǒu jìnlù) | 走小路 (zǒu xiǎolù),去学校走这条路比较近。,Qù xuéxiào zǒu zhè tiáo lù bǐjiào jìn.,"برای رفتن به مدرسه، این مسیر نزدیک‌تر است.",常用于说明路线、方向或通行方式。
192,走,zǒu,HSK 2,动、语素,4,移动、运转或运行；多指机器、钟表等在动（动）,"حرکت کردن؛ کار کردن یا به‌کار افتادن، به‌ویژه دربارهٔ ساعت یا دستگاه (فعل)",表走了 (biǎo zǒu le) | 钟不走了 (zhōng bù zǒu le) | 机器走得很稳 (jīqì zǒu de hěn wěn) | 车走得慢 (chē zǒu de màn),我的表不走了。,Wǒ de biǎo bù zǒu le.,ساعتم دیگر کار نمی‌کند.,用于钟表、机器、车辆等；比“运转”口语化。
192,走,zǒu,HSK 2,动、语素,5,发展、变化或趋向某个方向（动）,پیش رفتن؛ تحول یافتن؛ به سمتی رفتن یا گرایش پیدا کردن (فعل),往好的方向走 (wǎng hǎo de fāngxiàng zǒu) |  走向成功 (zǒuxiàng chénggōng) | 事情走到这一步 (shìqing zǒu dào zhè yí bù),事情正在往好的方向走。,Shìqing zhèngzài wǎng hǎo de fāngxiàng zǒu.,اوضاع دارد به سمت خوبی پیش می‌رود.,抽象用法，常和“方向、下去、走到、走向”等搭配；“走向、走势”可作为单独词条处理。
192,走,zǒu,HSK 2,动、语素,6,用于某些固定词语，表示失去原样、泄露、流行或非法运送等（语素）,"در برخی ترکیب‌های ثابت، بیانگر از حالت اصلی خارج شدن، فاش شدن، رایج شدن یا قاچاق کردن (تکواژ)",走样 (zǒuyàng) | 走漏消息 (zǒulòu xiāoxi) | 走红 (zǒuhóng) | 走私 (zǒusī) | 走后门 (zǒu hòumén),这件衣服洗了几次就走样了。,Zhè jiàn yīfu xǐ le jǐ cì jiù zǒuyàng le.,این لباس بعد از چند بار شستن از شکل افتاد.,多用于固定词语；“走样、走漏、走红、走私”意义差别较大，建议作为单独词条处理。
193,走路,zǒulù,HSK 2,动宾短语,1,步行；用脚移动身体（动）,راه رفتن؛ پیاده رفتن؛ با پا حرکت کردن (فعل),走路上学 (zǒulù shàngxué) | 走路回家 (zǒulù huí jiā) | 走路很快 (zǒulù hěn kuài) | 学走路 (xué zǒulù),我每天走路去学校。,Wǒ měitiān zǒulù qù xuéxiào.,من هر روز پیاده به مدرسه می‌روم.,动宾短语；主要指身体动作或步行方式。“走自己的路”等是“走+路”的结构，不必作为“走路”的单独义项。
194,最,zuì,HSK 2,副,1,表示程度达到最高；在比较中没有比它更高、更强或更突出的（副）,ترین؛ از همه بیشتر/کمتر؛ نشان‌دهندهٔ بالاترین یا شدیدترین درجه در مقایسه (قید),最好 (zuì hǎo) | 最喜欢 (zuì xǐhuan) | 最近 (zuì jìn) | 最高 (zuì gāo) | 最快 (zuì kuài),我最喜欢喝绿茶。,Wǒ zuì xǐhuan hē lǜchá.,من از همه بیشتر چای سبز دوست دارم.,用于形容词或心理动词前，表示最高程度；“最近”可表示“نزدیک‌ترین” یا “اخیراً”，后者建议作为单独词条处理。
195,左,zuǒ,HSK 2,方位词、名、语素,1,左边；面向前方时身体左手的一边（方位词/名）,چپ؛ سمت چپ (اسم جهتی/مکانی),左边 (zuǒbiān) | 往左走 (wǎng zuǒ zǒu) | 左手 (zuǒshǒu) | 左转 (zuǒ zhuǎn),请往左走。,Qǐng wǎng zuǒ zǒu.,لطفاً به سمت چپ بروید.,最基本义；“左边、左手、左转”常用，可按需要作为单独词条处理。
195,左,zuǒ,HSK 2,方位词、名、语素,2,政治、思想上偏向左派或较激进的一方（名/形/语素）,چپ؛ چپ‌گرا؛ جناح چپ یا گرایش سیاسیِ چپ (اسم/صفت/تکواژ),左派 (zuǒpài) | 左翼 (zuǒyì) | 左倾 (zuǒqīng) | 偏左 (piān zuǒ),他的政治观点比较偏左。,Tā de zhèngzhì guāndiǎn bǐjiào piān zuǒ.,دیدگاه سیاسی او نسبتاً چپ‌گراست.,政治用法，多见于新闻、评论或正式语境；“左派、左翼、左倾”可作为单独词条处理；“左右”不用于此义，建议另作词条。
196,左边,zuǒbiān,HSK 2,方位词、名,1,左的一侧或左方的位置 (方位词),سمت چپ؛ طرف چپ (اسم مکانی),在左边 (zài zuǒbiān) | 左边的门 (zuǒbiān de mén) | 往左边走 (wǎng zuǒbiān zǒu),药店在左边。,Yàodiàn zài zuǒbiān.,داروخانه سمت چپ است.,
197,足球,zúqiú,HSK 2,名,1,一种用脚踢球、双方争取把球踢进对方球门的运动（名）,فوتبال؛ ورزش تیمی با توپ که هدف آن وارد کردن توپ به دروازهٔ حریف است (اسم),踢足球 (tī zúqiú) | 足球比赛 (zúqiú bǐsài) | 喜欢足球 (xǐhuan zúqiú) | 足球队 (zúqiúduì),他每周都踢足球。,Tā měi zhōu dōu tī zúqiú.,او هر هفته فوتبال بازی می‌کند.,在中国大陆“足球”通常指英式足球；美式足球一般说“美式足球”。
197,足球,zúqiú,HSK 2,名,2,踢足球用的球（名）,توپ فوتبال (اسم),一个足球 (yí ge zúqiú) | 买足球 (mǎi zúqiú) | 踢足球 (tī zúqiú) | 足球滚了过来 (zúqiú gǔn le guòlái),这个足球是新的。,Zhège zúqiú shì xīn de.,این توپ فوتبال نو است.,指具体的球；和运动项目同形同音，需看语境区分。
