word_id,chinese_word,pinyin,word_hsk_level,official_pos,sense_id,chinese_meaning,persian_meaning,collocations,example_chinese,example_pinyin,example_persian_translation,notes
1,矮,ǎi,HSK 3,形,1,身高小；个子不高（形）,کوتاه‌قد؛ قدکوتاه (صفت),个子矮 (gèzi ǎi) | 比我矮 (bǐ wǒ ǎi) | 矮一点儿 (ǎi yìdiǎnr) | 又矮又瘦 (yòu ǎi yòu shòu),他比我矮一点儿。,Tā bǐ wǒ ǎi yìdiǎnr.,او کمی از من کوتاه‌قدتر است.,常用于人的身高；反义词是“高”。
1,矮,ǎi,HSK 3,形,2,高度低；不高（形）,کوتاه؛ کم‌ارتفاع؛ بلند نبودن (صفت),矮墙 (ǎi qiáng) | 矮楼 (ǎi lóu) | 矮桌子 (ǎi zhuōzi) | 树很矮 (shù hěn ǎi),院子外面有一堵矮墙。,Yuànzi wàimian yǒu yì dǔ ǎi qiáng.,بیرون حیاط یک دیوار کوتاه هست.,用于物体高度；“矮小、低矮”可作为单独词条处理。
2,爱人,àiren,HSK 3,名,1,配偶；丈夫或妻子（名）,همسر؛ شوهر یا زن (اسم),我的爱人 (wǒ de àiren) | 他爱人 (tā àiren) | 爱人和孩子 (àiren hé háizi) | 带爱人来 (dài àiren lái),我爱人今天不在家。,Wǒ àiren jīntiān bú zài jiā.,همسرم امروز خانه نیست.,中国大陆常用来指配偶，语气较正式或偏传统；日常口语中也常说“丈夫、妻子、老公、老婆”。
2,爱人,àiren,HSK 3,名,2,相爱的人；恋人或所爱的人（名）,معشوق؛ محبوب؛ کسی که دوستش دارند (اسم),心爱的爱人 (xīn'ài de àiren) | 失去爱人 (shīqù àiren) | 等待爱人 (děngdài àiren) | 思念爱人 (sīniàn àiren),他一直在等待自己的爱人回来。,Tā yìzhí zài děngdài zìjǐ de àiren huílái.,او همیشه منتظر بود محبوبش برگردد.,此义较书面或文艺；现代口语中“爱人”通常指配偶，不宜直接理解为普通“恋人”。
3,安静,ānjìng,HSK 3,形、动,1,没有声音或声音很小；不吵闹（形）,ساکت؛ آرام؛ بی‌سروصدا (صفت),很安静 (hěn ānjìng) | 安静的房间 (ānjìng de fángjiān) | 保持安静 (bǎochí ānjìng) | 周围很安静 (zhōuwéi hěn ānjìng),图书馆里很安静。,Túshūguǎn li hěn ānjìng.,داخل کتابخانه خیلی ساکت است.,可形容环境或人不吵闹；反义词是“吵、热闹”。
3,安静,ānjìng,HSK 3,形、动,2,使安静；变得安静（动）,ساکت شدن؛ آرام شدن از نظر صدا یا رفتار؛ ساکت کردن (فعل),安静下来 (ānjìng xiàlái) | 请安静 (qǐng ānjìng) | 让孩子安静 (ràng háizi ānjìng) | 大家安静一下 (dàjiā ānjìng yíxià),请大家安静一下。,Qǐng dàjiā ānjìng yíxià.,لطفاً همه کمی ساکت شوید.,作动词时多用于祈使句或“安静下来”；不表示“آسوده/بی‌دغدغه”，那通常说“安心、放心”。
4,安全,ānquán,HSK 3,形、名,1,没有危险；不受威胁（形）,امن؛ ایمن؛ بی‌خطر؛ در امان (صفت),很安全 (hěn ānquán) | 安全的地方 (ānquán de dìfang) | 这样不安全 (zhèyàng bù ānquán) | 安全回家 (ānquán huí jiā),晚上一个人走这条路不太安全。,Wǎnshang yí ge rén zǒu zhè tiáo lù bú tài ānquán.,شب تنها از این راه رفتن خیلی امن نیست.,形容人、地方、行为或情况没有危险。
4,安全,ānquán,HSK 3,形、名,2,安全状况；保障人身、财产或信息不受危险的状态（名）,امنیت؛ ایمنی؛ وضعیت امن بودن (اسم),注意安全 (zhùyì ānquán) | 交通安全 (jiāotōng ānquán) | 食品安全 (shípǐn ānquán) | 网络安全 (wǎngluò ānquán),过马路时一定要注意安全。,Guò mǎlù shí yídìng yào zhùyì ānquán.,هنگام رد شدن از خیابان حتماً مراقب ایمنی باش.,名词用法常见于“注意安全、交通安全、食品安全、网络安全”；“安全带、安全感”可作为单独词条处理。
5,阿姨,āyí,HSK 3,名,1,对母亲同辈女性亲属的称呼；也可泛称女性长辈（名）,خاله؛ عنوان خطاب برای زن بزرگ‌ترِ هم‌نسل مادر (اسم),一位阿姨 (yí wèi āyí) | 王阿姨 (Wáng āyí) | 邻居阿姨 (línjū āyí) | 阿姨好 (āyí hǎo),王阿姨经常来我家。,Wáng āyí jīngcháng lái wǒ jiā.,خاله/خانم وانگ اغلب به خانهٔ ما می‌آید.,可用于亲属或对熟悉的女性长辈的礼貌称呼；具体亲属关系要看语境。
5,阿姨,āyí,HSK 3,名,2,保姆、家政服务人员或照顾孩子的人（名）,پرستار بچه؛ خدمتکار خانه؛ نیروی خدمات خانگی (اسم),请阿姨 (qǐng āyí) | 家里的阿姨 (jiā li de āyí) | 做饭的阿姨 (zuò fàn de āyí) | 照顾孩子的阿姨 (zhàogù háizi de āyí),他们家请了一位阿姨照顾孩子。,Tāmen jiā qǐng le yí wèi āyí zhàogù háizi.,آن‌ها یک خانم پرستار/کمک‌کار گرفته‌اند تا از بچه مراقبت کند.,口语常用；指家政或照护人员时语气较自然，但需注意语境和礼貌。
6,把,bǎ,HSK 3,介、动、量、语素,1,用在宾语前，把宾语提前，表示对这个对象进行处置、影响或使它发生变化（介）,"حرف اضافهٔ «把»؛ برای آوردن مفعول پیش از فعل و نشان دادن اثرگذاری، تغییر یا نتیجه روی آن مفعول (حرف اضافه)",把门打开 (bǎ mén dǎkāi) | 把书放下 (bǎ shū fàngxià) | 把作业写完 (bǎ zuòyè xiě wán) | 把他累坏了 (bǎ tā lèi huài le),这一趟把他累坏了。,Zhè yí tàng bǎ tā lèi huài le.,این سفر/رفت‌وآمد او را حسابی خسته و کوفته کرد.,“把”字句是核心用法；后面的动词通常带结果、方向、数量或其他成分，如“打开、放下、写完、累坏”。
6,把,bǎ,HSK 3,介、动、量、语素,2,用手握住、扶住或控制住（动）,گرفتن؛ در دست گرفتن؛ نگه داشتن؛ کنترل کردن (فعل),把住方向盘 (bǎzhù fāngxiàngpán) | 把着门 (bǎzhe mén) | 把住机会 (bǎzhù jīhuì) ,司机把住方向盘，慢慢开。,"Sījī bǎzhù fāngxiàngpán, mànmàn kāi.",راننده فرمان را محکم گرفت و آهسته رانندگی کرد.,作动词时多见于“把住、把着、把关”等；口语中表示扶人走路通常说“扶着、牵着”，不常说“把着孩子走路”。
6,把,bǎ,HSK 3,介、动、量、语素,3,扶持婴幼儿，使其大小便；多用于“把尿、把屎”（动）,بچه را گرفتن/نگه داشتن تا ادرار یا مدفوع کند؛ بیشتر در 把尿 و 把屎 (فعل),把尿 (bǎ niào) | 把屎 (bǎ shǐ) | 给孩子把尿 (gěi háizi bǎ niào) | 给宝宝把屎把尿 (gěi bǎobao bǎ shǐ bǎ niào),奶奶正在给宝宝把尿。,Nǎinai zhèngzài gěi bǎobao bǎ niào.,مادربزرگ بچه را گرفته تا ادرار کند.,育儿口语用法，场景很具体；“把尿、把屎”可作为固定说法处理。
6,把,bǎ,HSK 3,介、动、量、语素,4,用于有把手的器物、成束的东西，或某些动作、身份说法（量）,"واحد شمارش برای چیزهای دسته‌دار، دسته‌ای از چیزها، و بعضی ساختارهای مربوط به کنش یا جایگاه (واحد شمارش)",一把伞 (yì bǎ sǎn) | 一把椅子 (yì bǎ yǐzi) | 一把钥匙 (yì bǎ yàoshi) | 一把扫把 (yì bǎ sàoba) | 帮他一把 (bāng tā yì bǎ),我买了一把新伞。,Wǒ mǎi le yì bǎ xīn sǎn.,یک چتر نو خریدم.,常用量词；也说“一把米、一把火、帮一把、一把年纪”。“一把手”是固定说法，指主要负责人。
6,把,bà,HSK 3,名、语素,5,器物上便于用手拿的部分；把手（名/语素）,دسته؛ دستگیره؛ بخشی از وسیله که با دست گرفته می‌شود (اسم/تکواژ),刀把 (dāobà) | 茶壶把 (cháhúbà) | 门把 (ménbà) | 伞把 (sǎnbà) | 扫把 (),这个茶壶把坏了。,Zhège cháhúbà huài le.,دستهٔ این قوری خراب شده است.,读 bà；也常说“把儿”。“把手”读 bǎshou，建议作为单独词条处理。
6,把,bà,HSK 3,名、语素,6,花、叶或果实等的柄；连接主体的小枝或小茎（名/语素）,"دُم یا ساقهٔ میوه، برگ یا گل؛ بخش باریکِ متصل‌کننده (اسم/تکواژ)",花把儿 (huābàr) | 叶把儿 (yèbàr) | 苹果把儿 (píngguǒbàr) | 梨把儿 (líbàr),这个苹果的把儿掉了。,Zhège píngguǒ de bàr diào le.,دُمِ این سیب افتاده است.,读 bà，北方口语常带儿化；书面或更正式表达也可说“柄”。
7,办,bàn,HSK 3,动,1,办理；处理事情（动）,انجام دادن؛ رسیدگی کردن؛ انجام امور اداری یا کاری (فعل),办手续 (bàn shǒuxù) | 办签证 (bàn qiānzhèng) | 办事情 (bàn shìqing) | 办银行卡 (bàn yínhángkǎ),我明天去办签证。,Wǒ míngtiān qù bàn qiānzhèng.,فردا می‌روم برای ویزا اقدام کنم.,常用于手续、证件、业务等；比“做”更偏处理事务。
7,办,bàn,HSK 3,动,2,创办、经营或举办某种机构、活动（动）,برپا کردن؛ برگزار کردن؛ تأسیس یا اداره کردن (فعل),办学校 (bàn xuéxiào) | 办公司 (bàn gōngsī) | 办活动 (bàn huódòng) | 办婚礼 (bàn hūnlǐ),他们想在这里办一所学校。,Tāmen xiǎng zài zhèli bàn yì suǒ xuéxiào.,آن‌ها می‌خواهند اینجا یک مدرسه تأسیس کنند.,可指创办机构，也可指举办活动；“举办”更书面。
7,办,bàn,HSK 3,动,3,有办法处理；能做到，常用于“怎么办、办得到、办不了”等（动）,از پس کاری برآمدن؛ راهی برای انجام دادن داشتن؛ توانستن کاری را پیش بردن (فعل),怎么办 (zěnme bàn) | 办得到 (bàn de dào) | 办不了 (bàn bù liǎo) | 好办 (hǎo bàn),这件事我一个人办不了。,Zhè jiàn shì wǒ yí ge rén bàn bù liǎo.,من به‌تنهایی از پس این کار برنمی‌آیم.,多用于可能补语或固定说法；“怎么办、好办、难办”常用。
8,搬,bān,HSK 3,动,1,搬运；把东西从一个地方移动到另一个地方（动）,حمل کردن؛ جابه‌جا کردن؛ چیزی را از جایی به جای دیگر بردن (فعل),搬东西 (bān dōngxi) | 搬桌子 (bān zhuōzi) | 搬行李 (bān xíngli) | 搬到楼上 (bān dào lóushàng),请帮我搬一下这个箱子。,Qǐng bāng wǒ bān yíxià zhège xiāngzi.,لطفاً کمکم کن این جعبه را جابه‌جا کنم.,常指用手或工具移动较重的东西。
8,搬,bān,HSK 3,动,2,搬家；迁移住处、办公地点等（动）,اسباب‌کشی کردن؛ نقل مکان کردن؛ محل زندگی یا کار را عوض کردن (فعل),搬家 (bānjiā) | 搬到北京 (bān dào Běijīng) | 搬出去 (bān chūqu) | 搬进新房子 (bān jìn xīn fángzi),我们下个月搬到北京。,Wǒmen xià ge yuè bān dào Běijīng.,ما ماه آینده به پکن نقل مکان می‌کنیم.,“搬家”最常用；也可用于公司、办公室等地点迁移。
8,搬,bān,HSK 3,动,3,把别人的话、方法、经验等直接拿来用；多含机械套用的意思（动/语素）,"عیناً برداشتن و به کار بردن؛ بدون تغییر کپی یا منتقل کردن، معمولاً دربارهٔ حرف، روش، تجربه یا نظریه (فعل/تکواژ)",照搬 (zhàobān) | 生搬硬套 (shēngbān yìngtào) | 搬用别人的方法 (bānyòng biérén de fāngfǎ) | 搬别人的句子 (bān biérén de jùzi),这个方法不能照搬到我们的项目里。,Zhège fāngfǎ bù néng zhàobān dào wǒmen de xiàngmù li.,این روش را نمی‌شود عیناً در پروژهٔ ما به کار برد.,抽象用法，常带“不加改变、机械套用”的意思；多见于“照搬、生搬硬套、搬用”等，“照搬、生搬硬套”可作为单独词条处理。
9,办法,bànfǎ,HSK 3,名,1,处理事情或解决问题的方法（名）,راه‌حل؛ راه؛ روشِ انجام یا حل کردن کاری (اسم),有办法 (yǒu bànfǎ) | 没办法 (méi bànfǎ) | 想办法 (xiǎng bànfǎ) | 解决办法 (jiějué bànfǎ),我们得想个办法解决这个问题。,Wǒmen děi xiǎng ge bànfǎ jiějué zhège wèntí.,باید راهی پیدا کنیم تا این مشکل را حل کنیم.,口语和书面语都常用；“方法”更中性，“办法”常强调解决实际问题。
9,办法,bànfǎ,HSK 3,名,2,机关、组织制定的处理某类事务的规则或具体规定（名）,آیین‌نامه؛ مقررات اجرایی؛ دستورالعمل رسمی برای رسیدگی به کاری (اسم),管理办法 (guǎnlǐ bànfǎ) | 实施办法 (shíshī bànfǎ) | 处理办法 (chǔlǐ bànfǎ) | 暂行办法 (zànxíng bànfǎ),公司公布了新的管理办法。,Gōngsī gōngbù le xīn de guǎnlǐ bànfǎ.,شرکت آیین‌نامهٔ مدیریتی جدیدی منتشر کرد.,多用于正式文件、制度或行政语境；不是普通“راه‌حل”，而是成文规定或执行规则。
10,办公室,bàngōngshì,HSK 3,名,1,办公的房间或场所（名）,دفتر کار؛ اتاق یا محل کار (اسم),在办公室 (zài bàngōngshì) | 去办公室 (qù bàngōngshì) | 老师办公室 (lǎoshī bàngōngshì) | 办公室里 (bàngōngshì li),老师在办公室等你。,Lǎoshī zài bàngōngshì děng nǐ.,معلم در دفتر منتظر توست.,最常用义，指具体办公地点。
10,办公室,bàngōngshì,HSK 3,名,2,机关、学校、公司等负责日常事务的部门（名）,دفتر؛ بخش اداری مسئول امور روزمرهٔ یک سازمان (اسم),学校办公室 (xuéxiào bàngōngshì) | 公司办公室 (gōngsī bàngōngshì) | 办公室主任 (bàngōngshì zhǔrèn) | 联系办公室 (liánxì bàngōngshì),有问题可以联系学校办公室。,Yǒu wèntí kěyǐ liánxì xuéxiào bàngōngshì.,"اگر مشکلی هست، می‌توانید با دفتر مدرسه تماس بگیرید.",可指一个部门，不一定只是房间；常见于机关、学校、公司等组织。
11,帮助,bāngzhù,HSK 3,动、名,1,替别人解决困难或提供支持（动）,کمک کردن؛ یاری کردن؛ حمایت کردن (فعل),帮助别人 (bāngzhù biérén) | 帮助学生 (bāngzhù xuésheng) | 互相帮助 (hùxiāng bāngzhù) | 帮助解决问题 (bāngzhù jiějué wèntí),谢谢你帮助我。,Xièxie nǐ bāngzhù wǒ.,ممنون که به من کمک کردی.,动词用法常见；比“帮”稍正式，也可用于书面语。
11,帮助,bāngzhù,HSK 3,动、名,2,别人给予的支持或有利条件（名）,کمک؛ یاری؛ پشتیبانی (اسم),得到帮助 (dédào bāngzhù) | 需要帮助 (xūyào bāngzhù) | 提供帮助 (tígōng bāngzhù) | 很大的帮助 (hěn dà de bāngzhù),我需要你的帮助。,Wǒ xūyào nǐ de bāngzhù.,من به کمک تو نیاز دارم.,名词用法常见；“帮忙”更口语，“帮助”更中性或稍正式。
12,班级,bānjí,HSK 3,名,1,学校中按年级、专业等分成的学生组织（名）,کلاس؛ گروه کلاسی در مدرسه یا دانشگاه (اسم),一个班级 (yí ge bānjí) | 班级活动 (bānjí huódòng) | 班级管理 (bānjí guǎnlǐ) | 我们班级 (wǒmen bānjí),我们班级有三十个学生。,Wǒmen bānjí yǒu sānshí ge xuésheng.,کلاس ما سی دانش‌آموز دارد.,多用于学校语境；口语中也常说“班”。“班级”比“班”更正式。
13,搬家,bānjiā,HSK 3,动宾短语、动,1,迁移住处；把家从一个地方移到另一个地方（动）,اسباب‌کشی کردن؛ نقل مکان کردن؛ خانه را عوض کردن (فعل),准备搬家 (zhǔnbèi bānjiā) | 搬到新家 (bān dào xīn jiā) | 下个月搬家 (xià ge yuè bānjiā) | 帮朋友搬家 (bāng péngyou bānjiā),我们下个月搬家。,Wǒmen xià ge yuè bānjiā.,ما ماه آینده اسباب‌کشی می‌کنیم.,动宾短语，但整体常作一个动词使用；主要指住处变动。
13,搬家,bānjiā,HSK 3,动宾短语、动,2,机构、公司、网站等迁移地点或位置（动）,"منتقل شدن؛ جابه‌جا شدنِ محل شرکت، سازمان یا سایت (فعل)",公司搬家 (gōngsī bānjiā) | 网站搬家 (wǎngzhàn bānjiā) | 办公室搬家 (bàngōngshì bānjiā) | 搬到新地址 (bān dào xīn dìzhǐ),公司已经搬家了，新地址在市中心。,"Gōngsī yǐjīng bānjiā le, xīn dìzhǐ zài shì zhōngxīn.",شرکت منتقل شده است؛ آدرس جدید در مرکز شهر است.,引申用法常见；可用于公司、办公室、网站等位置或地址迁移。
14,半天,bàntiān,HSK 3,名、副,1,半个白天；从上午到中午或从中午到晚上的一段时间（名）,نیم‌روز؛ نصف روز (اسم),半天假 (bàntiān jià) | 半天时间 (bàntiān shíjiān) | 上半天 (shàng bàntiān) | 下半天 (xià bàntiān),今天下午我请了半天假。,Jīntiān xiàwǔ wǒ qǐng le bàntiān jià.,امروز بعدازظهر نصف روز مرخصی گرفتم.,表示较准确的半个白天；可指上午或下午的一段时间。
14,半天,bàntiān,HSK 3,名、副,2,很久；较长时间，常用于口语夸张（名/副）,خیلی وقت؛ مدت زیادی؛ کلی وقت (اسم/قید),等了半天 (děng le bàntiān) | 忙了半天 (máng le bàntiān) | 想了半天 (xiǎng le bàntiān) | 半天不说话 (bàntiān bù shuōhuà),他想了半天才回答。,Tā xiǎng le bàntiān cái huídá.,او کلی فکر کرد تا بالاخره جواب داد.,口语常用，不一定表示实际半天；常表示等、想、忙、说话等持续了较长时间。
15,饱,bǎo,HSK 3,形、动、语素,1,吃够了；肚子不饿（形）,سیر؛ گرسنه نبودن پس از غذا خوردن (صفت),很饱 (hěn bǎo) | 饱了 (bǎo le) | 吃得太饱 (chī de tài bǎo) | 肚子很饱 (dùzi hěn bǎo),我吃饱了，不想再吃了。,"Wǒ chī bǎo le, bù xiǎng zài chī le.",سیر شدم و دیگر نمی‌خواهم بخورم.,最常用义；反义词是“饿”。
15,饱,bǎo,HSK 3,形、动、语素,2,用在动词后，表示吃够或使吃够（结果补语）,بعد از فعل می‌آید و نتیجهٔ «سیر شدن/سیر کردن» را نشان می‌دهد (متمم نتیجه),吃饱 (chī bǎo) | 吃不饱 (chī bù bǎo) | 喂饱孩子 (wèi bǎo háizi) | 让大家吃饱 (ràng dàjiā chī bǎo),这些饭够把大家喂饱。,Zhèxiē fàn gòu bǎ dàjiā wèi bǎo.,این غذاها کافی است که همه را سیر کند.,常作结果补语，如“吃饱、喂饱”；和形容词义关系近，但结构上对学习者有用。
16,报纸,bàozhǐ,HSK 3,名,1,登载新闻、评论、广告等的纸质出版物；也可泛指报纸这种媒体（名）,"روزنامه؛ نشریهٔ خبری چاپی، و گاهی خودِ رسانهٔ روزنامه (اسم)",看报纸 (kàn bàozhǐ) | 买报纸 (mǎi bàozhǐ) | 一份报纸 (yí fèn bàozhǐ) | 今天的报纸 (jīntiān de bàozhǐ),爷爷每天早上都看报纸。,Yéye měitiān zǎoshang dōu kàn bàozhǐ.,پدربزرگ هر روز صبح روزنامه می‌خواند.,通常指纸质报纸；现在也可说“电子报纸、报纸网站”，但日常更多说“新闻、新闻网站”。
17,被,bèi,HSK 3,介、助、名,1,用在被动句中，表示主语受到某个动作的影响；可引出施事，也可直接放在动词前（介/助）,"نشانگر جملهٔ مجهول/اثرپذیری؛ نشان می‌دهد فاعل جمله تحت تأثیر عملی قرار گرفته، چه عاملِ انجام‌دهنده ذکر شود چه نشود (حرف اضافه/حرف نشانه)",被老师批评 (bèi lǎoshī pīpíng) | 被雨淋湿 (bèi yǔ lín shī) | 被人发现 (bèi rén fāxiàn) | 被偷了 (bèi tōu le),我的手机被人偷了。,Wǒ de shǒujī bèi rén tōu le.,گوشی‌ام را کسی دزدیده است.,“被”字句可写作“被+施事+动词”，如“被人偷了”，也可写作“被+动词”，如“被偷了”；常表示不如意或受到影响，但也可中性使用。
17,被,bèi,HSK 3,介、助、名,2,被子；睡觉时盖在身上的东西（名）,لحاف؛ روانداز؛ چیزی که هنگام خواب روی بدن می‌کشند (اسم),一床被子 (yì chuáng bèizi) | 盖被子 (gài bèizi) | 厚被子 (hòu bèizi) | 晒被子 (shài bèizi) | 棉被 (Mián bèi),晚上冷，记得盖好被子。,"Wǎnshang lěng, jìde gài hǎo bèizi.","شب سرد است، یادت باشد خوب لحاف را روی خودت بکشی.",作名词时常说“被子”；单说“被”较书面或见于复合词，如“棉被、被套”。
18,北,běi,HSK 3,方位词、名、语素,1,四个基本方向之一；北边、北部或北方地区，与“南”相对（方位词/名/语素）,"شمال؛ سمت شمال؛ بخش یا ناحیهٔ شمالی، در برابر جنوب (اسم جهتی/مکانی/تکواژ)",往北走 (wǎng běi zǒu) | 北边 (běibiān) | 北部 (běibù) | 华北 (Huáběi),一直往北走就到北门了。,Yìzhí wǎng běi zǒu jiù dào běimén le.,همین‌طور به سمت شمال بروی به دروازهٔ شمالی می‌رسی.,基本方位词；也常作构词成分，如“北部、华北、东北、北欧”。“北方、北边、北门、北京”等可按需要作为单独词条处理。
18,北,Běi,HSK 3,方位词、名、语素,2,姓氏（名）,نام خانوادگی چینی (اسم خاص),北老师 (Běi lǎoshī) | 北先生 (Běi xiānsheng),北老师今天不在学校。,Běi lǎoshī jīntiān bú zài xuéxiào.,معلم بِی امروز در مدرسه نیست.,作姓氏较少见。
19,变,biàn,HSK 3,动,1,和原来不同；发生变化（动）,تغییر کردن؛ عوض شدن؛ متفاوت شدن با قبل (فعل),变了 (biàn le) | 天气变冷 (tiānqì biàn lěng) | 变得更好 (biàn de gèng hǎo) | 情况变了 (qíngkuàng biàn le),天气变冷了。,Tiānqì biàn lěng le.,هوا سرد شده است.,最常用义；表示“成为另一种状态”时多用“变成”，建议作为单独词条处理；“变化、改变”也可作为单独词条处理。
20,遍,biàn,HSK 3,量,1,表示一个动作从开始到结束的全过程；一次完整地做完（量）,"بار؛ نوبت، برای انجام کامل یک عمل از ابتدا تا انتها (واحد شمارش)",看一遍 (kàn yí biàn) | 说一遍 (shuō yí biàn) | 再读一遍 (zài dú yí biàn) | 复习一遍 (fùxí yí biàn),请你再说一遍。,Qǐng nǐ zài shuō yí biàn.,لطفاً یک بار دیگر بگو.,常用于“看、说、读、写、听、复习”等动作，强调从头到尾完整做一次；不要和“次”完全等同。
20,遍,biàn,HSK 3,动、补,2,到处；整个范围都经过、找过、看过或做过（动/补）,"سراسر؛ همه‌جا؛ تمامِ یک محدوده را گشتن، دیدن، جست‌وجو کردن یا پوشش دادن (فعل/متمم)",走遍全国 (zǒubiàn quánguó) | 找遍房间 (zhǎobiàn fángjiān) | 跑遍全城 (pǎobiàn quánchéng) | 看遍世界 (kànbiàn shìjiè),他走遍了全国。,Tā zǒubiàn le quánguó.,او سراسر کشور را گشته است.,常用在动词后，表示动作覆盖整个范围，如“走遍、找遍、跑遍、看遍”；和第一义的“完整做一遍”不同。
21,变成,biànchéng,HSK 3,动,1,由一种状态、形式或身份变为另一种；也可用于“把……变成……”表示使其成为另一种状态（动）,تبدیل شدن به؛ بدل شدن به؛ در ساختار «把…变成…» تبدیل کردنِ چیزی به چیز دیگر (فعل),变成现实 (biànchéng xiànshí) | 变成红色 (biànchéng hóngsè) | 把梦想变成现实 (bǎ mèngxiǎng biànchéng xiànshí) | 把房间变成办公室 (bǎ fángjiān biànchéng bàngōngshì),雨变成了雪。,Yǔ biànchéng le xuě.,باران به برف تبدیل شد.,“变成”后面接变化后的结果；可说“A变成B”，也可说“把A变成B”。和“成为”接近，但更强调变化过程。
22,变化,biànhuà,HSK 3,动、名,1,发生改变；和原来的情况不同（动）,تغییر کردن؛ دگرگون شدن؛ با وضعیت قبلی فرق کردن (فعل),天气变化 (tiānqì biànhuà) | 情况变化 (qíngkuàng biànhuà) | 不断变化 (búduàn biànhuà) | 变化很快 (biànhuà hěn kuài),这几年城市变化很大。,Zhè jǐ nián chéngshì biànhuà hěn dà.,در این چند سال شهر خیلی تغییر کرده است.,动词用法常见；主语通常是天气、情况、城市、生活等。
22,变化,biànhuà,HSK 3,动、名,2,改变的情况或结果（名）,تغییر؛ دگرگونی؛ تفاوت ایجادشده (اسم),很大的变化 (hěn dà de biànhuà) | 发生变化 (fāshēng biànhuà) | 没有变化 (méiyǒu biànhuà) | 新变化 (xīn biànhuà),他的中文有了很大的变化。,Tā de Zhōngwén yǒu le hěn dà de biànhuà.,زبان چینی او تغییر زیادی کرده است.,名词用法常见；“变化”比“变”更书面、更适合描述情况或结果。
23,表演,biǎoyǎn,HSK 3,动、名,1,把音乐、舞蹈、戏剧、节目等演给别人看（动）,اجرا کردن؛ نمایش دادن؛ برنامه‌ای را برای دیگران اجرا کردن (فعل),表演节目 (biǎoyǎn jiémù) | 表演舞蹈 (biǎoyǎn wǔdǎo) | 上台表演 (shàngtái biǎoyǎn) | 给大家表演 (gěi dàjiā biǎoyǎn),孩子们在舞台上表演节目。,Háizimen zài wǔtái shang biǎoyǎn jiémù.,بچه‌ها روی صحنه برنامه اجرا می‌کنند.,常用于舞台、节目、艺术活动等。
23,表演,biǎoyǎn,HSK 3,动、名,2,演出或展示的节目、行为（名）,اجرا؛ نمایش؛ برنامهٔ نمایشی یا هنری (اسم),精彩的表演 (jīngcǎi de biǎoyǎn) | 看表演 (kàn biǎoyǎn) | 一场表演 (yì chǎng biǎoyǎn) | 表演结束 (biǎoyǎn jiéshù),今晚的表演很精彩。,Jīnwǎn de biǎoyǎn hěn jīngcǎi.,اجرای امشب خیلی دیدنی بود.,名词用法常见；可指一次演出，也可指具体节目。
24,别的,biéde,HSK 3,代、形,1,另外的；其他的，不是前面所说的那个或那些（代/形）,دیگر؛ بقیه؛ چیز/کس دیگر؛ غیر از مورد گفته‌شده (ضمیر/صفت),别的人 (biéde rén) | 别的地方 (biéde dìfang) | 别的办法 (biéde bànfǎ) | 没有别的 (méiyǒu biéde),你还有别的问题吗？,Nǐ hái yǒu biéde wèntí ma?,سؤال دیگری هم داری؟,口语常用；“别的”后面可接名词，也可单独指“其他的东西/事情/人”。
25,别人,biérén,HSK 3,代,1,另外的人；不是自己或当前所说的那个人（代）,دیگران؛ شخص دیگر؛ کسی غیر از خود یا فرد مورد نظر (ضمیر),别人家 (biérén jiā) | 帮助别人 (bāngzhù biérén) | 别人的东西 (biérén de dōngxi) | 不要打扰别人 (bú yào dǎrǎo biérén),不要随便拿别人的东西。,Bú yào suíbiàn ná biérén de dōngxi.,وسایل دیگران را بی‌اجازه برندار.,口语和书面语都常用；可泛指“other people”。
26,笔记,bǐjì,HSK 3,名,1,听课、读书或开会时记录下来的内容（名）,"یادداشت؛ نوشته‌هایی که هنگام درس، مطالعه یا جلسه برداشته می‌شود (اسم)",记笔记 (jì bǐjì) | 做笔记 (zuò bǐjì) | 课堂笔记 (kètáng bǐjì) | 整理笔记 (zhěnglǐ bǐjì),上课时我喜欢记笔记。,Shàngkè shí wǒ xǐhuan jì bǐjì.,سر کلاس دوست دارم یادداشت بردارم.,“笔记”主要作名词；表示动作时常说“记笔记、做笔记”，其中“记笔记”更直接表示记录内容。
26,笔记,bǐjì,HSK 3,名、动,2,记录重点内容；做笔记（动）,یادداشت برداشتن؛ نکته‌های مهم را نوشتن (فعل),认真笔记 (rènzhēn bǐjì) | 边听边笔记 (biān tīng biān bǐjì) | 笔记重点 (bǐjì zhòngdiǎn) | 学会笔记 (xuéhuì bǐjì),他一边听老师讲课，一边笔记。,"Tā yìbiān tīng lǎoshī jiǎngkè, yìbiān bǐjì.","او هم‌زمان که به درس معلم گوش می‌داد، یادداشت برمی‌داشت.",动词用法不如“做笔记、记笔记”常见；可根据词典规模决定是否保留。
27,比较,bǐjiào,HSK 3,动、副,1,把两种或多种事物放在一起，看它们的相同点和不同点（动）,مقایسه کردن؛ سنجیدن شباهت‌ها و تفاوت‌های دو یا چند چیز (فعل),比较价格 (bǐjiào jiàgé) | 比较两个城市 (bǐjiào liǎng ge chéngshì) | 进行比较 (jìnxíng bǐjiào) | 比较一下 (bǐjiào yíxià),我们比较一下这两个办法。,Wǒmen bǐjiào yíxià zhè liǎng ge bànfǎ.,بیایید این دو راه‌حل را با هم مقایسه کنیم.,动词用法常见；也可作名词，如“没有比较就没有选择”。
27,比较,bǐjiào,HSK 3,动、副,2,表示程度较高，但不算最高；相当于“较为”（副）,"نسبتاً؛ تا حدی؛ نسبتاً زیاد، اما نه در بالاترین حد (قید)",比较好 (bǐjiào hǎo) | 比较贵 (bǐjiào guì) | 比较容易 (bǐjiào róngyì) | 比较安静 (bǐjiào ānjìng),这个房间比较安静。,Zhège fángjiān bǐjiào ānjìng.,این اتاق نسبتاً ساکت است.,副词用法很常见；语气比“很”弱，常表示较温和的判断。
28,笔记本,bǐjìběn,HSK 3,名,1,用来写笔记的本子（名）,دفترچه؛ دفتر یادداشت (اسم),一个笔记本 (yí ge bǐjìběn) | 打开笔记本 (dǎkāi bǐjìběn) | 买笔记本 (mǎi bǐjìběn) | 笔记本上 (bǐjìběn shang),我把新单词写在笔记本上。,Wǒ bǎ xīn dāncí xiě zài bǐjìběn shang.,واژه‌های جدید را در دفترچه‌ام می‌نویسم.,最基本义；指纸质本子。
28,笔记本,bǐjìběn,HSK 3,名,2,笔记本电脑；便携式电脑（名）,لپ‌تاپ؛ رایانهٔ قابل‌حمل (اسم),笔记本电脑 (bǐjìběn diànnǎo) | 用笔记本 (yòng bǐjìběn) | 买笔记本电脑 (mǎi bǐjìběn diànnǎo) | 笔记本坏了 (bǐjìběn huài le),我的笔记本电脑坏了。,Wǒ de bǐjìběn diànnǎo huài le.,لپ‌تاپ من خراب شده است.,口语中“笔记本”可省略“电脑”指笔记本电脑；需根据语境区分。
29,冰,bīng,HSK 3,名、形、动,1,水在零摄氏度以下凝结成的固体（名）,یخ؛ آبِ منجمد (اسم),一块冰 (yí kuài bīng) | 冰化了 (bīng huà le) | 加冰 (jiā bīng) | 冰上运动 (bīng shang yùndòng),杯子里有很多冰。,Bēizi li yǒu hěn duō bīng.,داخل لیوان مقدار زیادی یخ هست.,最常用义；“冰块、冰箱、冰水”可作为单独词条处理。
29,冰,bīng,HSK 3,名、形、动,2,很冷；像冰一样冷（形）,خیلی سرد؛ یخ‌کرده؛ مثل یخ سرد (صفت),手很冰 (shǒu hěn bīng) | 水很冰 (shuǐ hěn bīng) | 冰冷 (bīnglěng) | 冰凉 (bīngliáng),你的手怎么这么冰？,Nǐ de shǒu zěnme zhème bīng?,دستت چرا این‌قدر سرد است؟,口语常用来形容身体、液体或东西很冷。
29,冰,bīng,HSK 3,名、形、动,3,因很冷而刺激或冻得身体部位发凉、发麻（动）,"از شدت سردی دست، دندان یا عضو بدن را یخ/بی‌حس کردن؛ سردیِ آزاردهنده ایجاد کردن (فعل)",冰手 (bīng shǒu) | 冰牙 (bīng yá) | 冰得手疼 (bīng de shǒu téng) | 这水冰手 (zhè shuǐ bīng shǒu),这个冰水太凉了，一喝就冰牙。,"Zhè shuǐ tài bīng le, bīng shǒu.",این آب خیلی سرد است؛ دست را یخ می‌کند.,口语用法；常用于“冰手、冰牙、冰得……”等，强调冷对身体部位造成刺激。
29,冰,bīng,HSK 3,名、形、动,4,用冰或低温使东西变冷；冰镇（动）,با یخ یا سرما خنک کردن؛ سرد کردن؛ در یخچال یا با یخ خنک گذاشتن (فعل),冰一下 (bīng yíxià) | 冰一冰 (bīng yi bīng) | 把饮料冰上 (bǎ yǐnliào bīng shang) | 把西瓜冰一冰 (bǎ xīguā bīng yi bīng),把饮料放冰箱里冰一冰。,Bǎ yǐnliào fàng bīngxiāng li bīng yi bīng.,نوشیدنی را بگذار داخل یخچال تا کمی خنک شود.,口语用法；常指把饮料、水果等放凉或冰镇。
30,冰激凌,bīngjīlíng,HSK 3,名,1,一种冷冻的甜食，通常由牛奶、奶油、糖等制成（名）,"بستنی؛ خوراکی شیرین و یخ‌زده، معمولاً از شیر، خامه و شکر (اسم)",吃冰激凌 (chī bīngjīlíng) | 一个冰激凌 (yí ge bīngjīlíng) | 巧克力冰激凌 (qiǎokèlì bīngjīlíng) | 买冰激凌 (mǎi bīngjīlíng),天气太热了，我想吃一个冰激凌。,"Tiānqì tài rè le, wǒ xiǎng chī yí ge bīngjīlíng.",هوا خیلی گرم است؛ دلم می‌خواهد یک بستنی بخورم.,也写作“冰淇淋”，两种写法都常见；“冰淇淋”更常见于正式包装或菜单。
31,病人,bìngrén,HSK 3,名,1,生病的人；接受治疗的人（名）,بیمار؛ شخص بیمار یا کسی که تحت درمان است (اسم),一个病人 (yí ge bìngrén) | 照顾病人 (zhàogù bìngrén) | 看望病人 (kànwàng bìngrén) | 医院里的病人 (yīyuàn li de bìngrén),医生正在给病人看病。,Yīshēng zhèngzài gěi bìngrén kànbìng.,پزشک دارد بیمار را معاینه/درمان می‌کند.,可指一般生病的人，也可指医院中接受治疗的人；“患者”更正式。
32,宾馆,bīnguǎn,HSK 3,名,1,供旅客住宿的地方；旅馆、酒店（名）,هتل؛ مهمان‌خانه؛ محل اقامت مسافران (اسم),住宾馆 (zhù bīnguǎn) | 一家宾馆 (yì jiā bīnguǎn) | 订宾馆 (dìng bīnguǎn) | 宾馆房间 (bīnguǎn fángjiān),我们在车站附近订了一家宾馆。,Wǒmen zài chēzhàn fùjìn dìng le yì jiā bīnguǎn.,ما نزدیک ایستگاه یک هتل رزرو کردیم.,和“酒店、旅馆”意思接近；“酒店”现在更常用于各种档次的hotel，“宾馆”略偏传统或普通住宿场所。
33,冰箱,bīngxiāng,HSK 3,名,1,用来冷藏或冷冻食物、饮料等的家用或商用电器（名）,یخچال؛ وسیله‌ای برای سرد یا منجمد نگه داشتن غذا و نوشیدنی (اسم),打开冰箱 (dǎkāi bīngxiāng) | 放进冰箱 (fàng jìn bīngxiāng) | 冰箱里 (bīngxiāng li) | 一台冰箱 (yì tái bīngxiāng),请把牛奶放进冰箱里。,Qǐng bǎ niúnǎi fàng jìn bīngxiāng li.,لطفاً شیر را داخل یخچال بگذار.,通常指“refrigerator”；若特指冷冻部分，可说“冷冻室、冰柜”等。
34,比如,bǐrú,HSK 3,动、介,1,用来举例，相当于“例如”（动/介）,"مثلاً؛ برای مثال؛ مانندِ، برای آوردن نمونه (فعل/حرف اضافه)","比如说 (bǐrú shuō) | 比如今天 (bǐrú jīntiān) | 比如北京和上海 (bǐrú Běijīng hé Shànghǎi) | 举个例子，比如 (jǔ ge lìzi, bǐrú)",我喜欢很多中国菜，比如饺子和面条。,"Wǒ xǐhuan hěn duō Zhōngguó cài, bǐrú jiǎozi hé miàntiáo.","من خیلی از غذاهای چینی را دوست دارم، مثلاً جیائوزی و نودل.",口语和书面语都常用；“比如说”更口语，“例如”稍正式。
35,比赛,bǐsài,HSK 3,动、名,1,在体育、技能、知识等方面争胜负或比高低（动）,مسابقه دادن؛ رقابت کردن؛ برای برد و باخت یا سنجش توانایی رقابت کردن (فعل),跟别人比赛 (gēn biérén bǐsài) | 和同学比赛 (hé tóngxué bǐsài) |比赛谁更快 (bǐsài shéi gèng kuài),他们明天要比赛。,Tāmen míngtiān yào bǐsài.,آن‌ها فردا مسابقه می‌دهند/رقابت می‌کنند.,动词用法中“比赛”本身作谓语；“参加比赛、看比赛、一场比赛”是名词用法。
35,比赛,bǐsài,HSK 3,动、名,2,体育、技能、知识等方面的竞争活动（名）,مسابقه؛ رقابت؛ رویداد رقابتی (اسم),参加比赛 (cānjiā bǐsài) | 足球比赛 (zúqiú bǐsài) | 一场比赛 (yì chǎng bǐsài) | 看比赛 (kàn bǐsài),这场比赛很精彩。,Zhè chǎng bǐsài hěn jīngcǎi.,این مسابقه خیلی دیدنی بود.,名词用法很常见；量词常用“场”。
36,必须,bìxū,HSK 3,副,1,表示一定要这样做或一定需要某种条件；不能不做、不能没有（副）,باید؛ حتماً باید؛ لازم است؛ ناگزیر است (قید),必须去 (bìxū qù) | 必须完成 (bìxū wánchéng) | 必须遵守 (bìxū zūnshǒu) | 必须有证明 (bìxū yǒu zhèngmíng),你必须今天完成作业。,Nǐ bìxū jīntiān wánchéng zuòyè.,تو باید امروز تکالیفت را تمام کنی.,语气比“要、得”更强；常用于要求、规定、条件等语境。否定通常说“不必、不需要”，不常说“不必须”。
37,不同,bùtóng,HSK 3,形,1,不一样；两个或几个事物之间有差别（形）,"متفاوت؛ فرق‌دار؛ یکسان نبودن، دربارهٔ تفاوت میان دو یا چند چیز (صفت)",完全不同 (wánquán bùtóng) | 和以前不同 (hé yǐqián bùtóng) | 意见不同 (yìjiàn bùtóng) | 想法不同 (xiǎngfǎ bùtóng),我们的想法不同。,Wǒmen de xiǎngfǎ bùtóng.,فکرهای ما متفاوت است.,常作谓语或补语，强调事物之间有差别；反义词是“相同、一样”。
37,不同,bùtóng,HSK 3,形,2,放在名词前，表示不止一种或不止一个对象；各种各样的（形）,"مختلف؛ گوناگون؛ چند نوع یا چند مورد متفاوت، وقتی پیش از اسم می‌آید (صفت)",不同国家 (bùtóng guójiā) | 不同文化 (bùtóng wénhuà) | 不同年龄的人 (bùtóng niánlíng de rén) | 不同情况下 (bùtóng qíngkuàng xià),不同国家有不同的文化。,Bùtóng guójiā yǒu bùtóng de wénhuà.,کشورهای مختلف فرهنگ‌های متفاوتی دارند.,多作定语，常译为“مختلف/گوناگون”；和第一义相关，但功能和翻译不同，适合单列。
38,不但,búdàn,HSK 3,连,1,表示递进，常与“而且、还、也”连用（连）,"نه‌تنها؛ فقط این نیست که؛ برای بیان افزوده شدن یا شدت گرفتن مطلب، معمولاً با 而且/还/也 (حرف ربط)",不但……而且…… (búdàn... érqiě...) | 不但会说 (búdàn huì shuō) | 不但如此 (búdàn rúcǐ) | 不但没生气 (búdàn méi shēngqì),他不但会说中文，而且会写汉字。,"Tā búdàn huì shuō Zhōngwén, érqiě huì xiě Hànzì.","او نه‌تنها می‌تواند چینی صحبت کند، بلکه می‌تواند نویسه‌های چینی هم بنویسد.",“不但”后面常接“而且、还、也”；口语中也常说“不仅”。
39,不见,bújiàn,HSK 3,动,1,看不见；找不到；消失了（动）,دیده نشدن؛ پیدا نبودن؛ گم شدن یا ناپدید شدن (فعل),不见了 (bújiàn le) | 人不见了 (rén bújiàn le) | 钱包不见了 (qiánbāo bújiàn le) | 找不见 (zhǎo bú jiàn),我的钥匙不见了。,Wǒ de yàoshi bújiàn le.,کلیدم گم شده است/پیدا نیست.,口语常用；“不见了”多表示东西找不到或人不在了。
39,不见,bújiàn,HSK 3,动,2,没有见面；用于一段时间没见到某人（动）,ندیدن؛ ملاقات نکردن؛ مدتی کسی را ندیدن (فعل),好久不见 (hǎojiǔ bújiàn) | 很久不见 (hěn jiǔ bújiàn) | 多年不见 (duō nián bújiàn) | 几天不见 (jǐ tiān bújiàn),好久不见，你最近怎么样？,"Hǎojiǔ bújiàn, nǐ zuìjìn zěnmeyàng?",خیلی وقت است ندیدمت؛ اخیراً چطوری؟,常用于问候语“好久不见”；和“看不见”不同。
40,不久,bùjiǔ,HSK 3,副、形,1,时间不长；过了不长时间（副/形）,به‌زودی؛ دیری نگذشته؛ مدت زیادی طول نکشیدن (قید/صفت),不久以后 (bùjiǔ yǐhòu) | 不久前 (bùjiǔ qián) | 来中国不久 (lái Zhōngguó bùjiǔ) | 不久就回来 (bùjiǔ jiù huílái),他来中国不久，中文已经说得很好了。,"Tā lái Zhōngguó bùjiǔ, Zhōngwén yǐjīng shuō de hěn hǎo le.","او مدت زیادی نیست که به چین آمده، اما چینی را خیلی خوب صحبت می‌کند.",可表示“时间不长”，也可表示“很快、过了一会儿”；“不久前”表示不久以前，“不久以后”表示不久之后。
41,不行,bùxíng,HSK 3,形、动,1,不可以；不被允许；不能这样做（形/动）,نمی‌شود؛ مجاز نیست؛ امکان ندارد این کار را کرد (صفت/فعل),"这样不行 (zhèyàng bùxíng) | 不行，不能去 (bùxíng, bù néng qù) | 现在不行 (xiànzài bùxíng) | 绝对不行 (juéduì bùxíng)",这里不能停车，这样不行。,"Zhèli bù néng tíngchē, zhèyàng bùxíng.",اینجا نمی‌شود پارک کرد؛ این کار مجاز نیست.,口语常用；表示拒绝、禁止或认为某做法不可接受。
41,不行,bùxíng,HSK 3,形、动,2,能力、质量、状态不好；不能胜任或不能正常使用（形/动）,خوب نبودن؛ به درد نخوردن؛ از پس کاری برنیامدن؛ درست کار نکردن (صفت/فعل),身体不行 (shēntǐ bùxíng) | 水平不行 (shuǐpíng bùxíng) | 这个办法不行 (zhège bànfǎ bùxíng) | 手机不行了 (shǒujī bùxíng le),这个办法不行，我们得换一个。,"Zhège bànfǎ bùxíng, wǒmen děi huàn yí ge.",این روش جواب نمی‌دهد؛ باید یکی دیگر عوض کنیم.,口语常用，可指人、身体、能力、方法、机器等状态不好或不能用。
42,不用,búyòng,HSK 3,副、动,1,不需要；没有必要做某事（副）,لازم نیست؛ نیازی نیست؛ احتیاجی به انجام کاری نیست (قید),不用谢 (búyòng xiè) | 不用担心 (búyòng dānxīn) | 不用去了 (búyòng qù le) | 不用这么麻烦 (búyòng zhème máfan),你不用担心，我会处理好的。,"Nǐ búyòng dānxīn, wǒ huì chǔlǐ hǎo de.",لازم نیست نگران باشی؛ من درست رسیدگی می‌کنم.,常用于劝别人不必做某事；“不用谢”是常用礼貌回应。
42,不用,búyòng,HSK 3,动,2,不使用某物或某种方法（动）,استفاده نکردن؛ به کار نبردن (فعل),不用手机 (búyòng shǒujī) | 不用现金 (búyòng xiànjīn) | 不用这个软件 (búyòng zhège ruǎnjiàn) | 做饭不用油 (zuò fàn búyòng yóu),我现在很少用现金，基本不用现金。,"Wǒ xiànzài hěn shǎo yòng xiànjīn, jīběn búyòng xiànjīn.",الان خیلی کم از پول نقد استفاده می‌کنم؛ تقریباً اصلاً استفاده نمی‌کنم.,这里是“不使用”的意思；和第一义“不需要”不同。
43,才,cái,HSK 3,副,1,表示事情发生得晚，或到某个时候才发生（副）,تازه؛ تا آن موقع/دیرتر از انتظار؛ نشان می‌دهد کاری دیر یا بعد از زمانی مشخص رخ داده است (قید),八点才来 (bā diǎn cái lái) | 十点才到 (shí diǎn cái dào) | 现在才知道 (xiànzài cái zhīdào) | 昨天才回来 (zuótiān cái huílái),他十点才到。,Tā shí diǎn cái dào.,او تازه ساعت ده رسید.,强调发生时间比预期晚，常可译为“تازه/تا...才”。
43,才,cái,HSK 3,副,2,表示数量少、程度低，带有“只有、不过”的意思（副）,"فقط؛ تنها؛ بیشتر برای نشان دادن کم بودن مقدار، تعداد، سن یا درجه (قید)",才三个人 (cái sān ge rén) | 才十块钱 (cái shí kuài qián) | 才五岁 (cái wǔ suì) | 才一点儿 (cái yìdiǎnr),教室里才三个人。,Jiàoshì li cái sān ge rén.,در کلاس فقط سه نفر هستند.,强调数量或程度比预期少；常译为“فقط/تنها”.
43,才,cái,HSK 3,副,3,表示在某个条件满足以后，事情才会发生（副）,فقط وقتی که؛ تنها بعد از اینکه؛ نشان می‌دهد تحقق کاری وابسته به شرطی است (قید),做完作业才睡觉 (zuò wán zuòyè cái shuìjiào) | 吃完饭才走 (chī wán fàn cái zǒu) | 有票才能进去 (yǒu piào cái néng jìnqù) | 只有努力才会成功 (zhǐyǒu nǔlì cái huì chénggōng),做完作业才能出去玩。,Zuò wán zuòyè cái néng chūqu wán.,فقط بعد از تمام کردن تکلیف می‌توانی بروی بیرون بازی کنی.,常用于“……才……”或“只有……才……”结构，表示必要条件或先后条件。
43,才,cái,HSK 3,副,4,表示强调，认为这样才正确、合适或真正如此（副）,تأکید بر «این است که واقعاً/درست/مناسب است»؛ دقیقاً همین‌طور بودن (قید),这才对 (zhè cái duì) | 这样才好 (zhèyàng cái hǎo) | 这才是我的朋友 (zhè cái shì wǒ de péngyou) | 这才叫生活 (zhè cái jiào shēnghuó),这样才对。,Zhèyàng cái duì.,این‌طوری درست است.,强调“正是这样、这样才合适”；和表示时间晚或数量少的“才”不同。
44,菜单,càidān,HSK 3,名,1,饭馆里列出菜名和价格的单子（名）,منو؛ فهرست غذاها و قیمت‌ها در رستوران (اسم),看菜单 (kàn càidān) | 拿菜单 (ná càidān) | 中文菜单 (Zhōngwén càidān) | 点菜菜单 (diǎncài càidān),服务员，请给我菜单。,"Fúwùyuán, qǐng gěi wǒ càidān.","پیشخدمت، لطفاً منو را به من بدهید.",最常用义；在饭馆点菜时使用。
44,菜单,càidān,HSK 3,名,2,电脑、手机或软件中可选择命令或功能的列表（名）,"منو؛ فهرست گزینه‌ها یا فرمان‌ها در کامپیوتر، موبایل یا نرم‌افزار (اسم)",打开菜单 (dǎkāi càidān) | 设置菜单 (shèzhì càidān) | 主菜单 (zhǔ càidān) | 下拉菜单 (xiàlā càidān),请在设置菜单里选择语言。,Qǐng zài shèzhì càidān li xuǎnzé yǔyán.,لطفاً در منوی تنظیمات زبان را انتخاب کنید.,科技和软件语境常用；和饭馆“菜单”同形，但语境不同。
45,参加,cānjiā,HSK 3,动,1,加入某种活动、组织或事件；参与其中（动）,"شرکت کردن؛ حضور/مشارکت داشتن در فعالیت، سازمان یا رویداد (فعل)",参加比赛 (cānjiā bǐsài) | 参加会议 (cānjiā huìyì) | 参加活动 (cānjiā huódòng) | 参加考试 (cānjiā kǎoshì),我明天要参加一个会议。,Wǒ míngtiān yào cānjiā yí ge huìyì.,من فردا باید در یک جلسه شرکت کنم.,常用于活动、会议、比赛、考试、组织等；“参加比赛”中“比赛”是名词。
46,草,cǎo,HSK 3,名,1,草本植物；常指地上低矮的绿色植物（名）,علف؛ گیاه علفی؛ سبزه و گیاهان کوتاه روی زمین (اسم),小草 (xiǎocǎo) | 青草 (qīngcǎo) | 草长得很高 (cǎo zhǎng de hěn gāo) | 一片草 (yí piàn cǎo),春天来了，草都绿了。,"Chūntiān lái le, cǎo dōu lǜ le.",بهار آمد و علف‌ها/سبزه‌ها همه سبز شدند.,基本义；“草地、草原、草坪”可作为单独词条处理。
46,草,cǎo,HSK 3,名、形、语素,2,草率；粗略；字迹潦草、不工整，多用于书写或固定词语（形/语素）,"سرسری؛ بی‌دقت؛ بدخط یا ناخوانا، به‌ویژه دربارهٔ نوشتن یا در ترکیب‌های ثابت (صفت/تکواژ)",字写得很草 (zì xiě de hěn cǎo) | 草草地看一遍 (cǎocǎo de kàn yí biàn) | 草率 (cǎoshuài) | 草稿 (cǎogǎo),他的字写得很草。,Tā de zì xiě de hěn cǎo.,خط او خیلی بدخط/ناخواناست.,可单独形容字写得潦草；“草草地/草草+动词”表示做事匆忙粗略；“草率、草稿、起草”建议作为单独词条处理。
47,草地,cǎodì,HSK 3,名,1,长着草的地面；草坪或草场（名）,چمنزار؛ زمین پوشیده از علف؛ محوطهٔ چمن (اسم),一片草地 (yí piàn cǎodì) | 坐在草地上 (zuò zài cǎodì shang) | 绿色的草地 (lǜsè de cǎodì) | 草地上玩 (cǎodì shang wán),孩子们在草地上玩。,Háizimen zài cǎodì shang wán.,بچه‌ها روی چمن بازی می‌کنند.,指有草覆盖的地面；城市公园里的“草地”也常说“草坪”。
48,层,céng,HSK 3,量、名,1,用于楼房、楼层、重叠或分层的东西（量）,"واحد شمارش برای طبقه، لایه یا چیزهای چندلایه/روی‌هم‌قرارگرفته (واحد شمارش)",三层楼 (sān céng lóu) | 一层纸 (yì céng zhǐ) | 一层雪 (yì céng xuě) | 三层蛋糕 (sān céng dàngāo),这块蛋糕有三层。,Zhè kuài dàngāo yǒu sān céng.,این تکه کیک سه لایه دارد.,常用作量词；可用于楼房、纸、雪、蛋糕等具体分层事物，也可用于“一层意思”等抽象层次。
48,层,céng,HSK 3,量、名,2,重叠事物中的一级或一部分；层次（名）,لایه؛ طبقه؛ سطح یا بخشی از ساختار چندلایه (اسم),表层 (biǎocéng) | 深层 (shēncéng) | 这一层 (zhè yì céng) |  冰层 (bīng céng),问题不只停留在表层。,Wèntí bù zhǐ tíngliú zài biǎocéng.,مشکل فقط در سطح ظاهری متوقف نمی‌شود.,名词用法可指具体或抽象的层次；“楼层、层次、表层、深层”可作为单独词条处理。
49,查,chá,HSK 3,动,1,检查；核对；检测或查看是否有问题（动）,کنترل کردن؛ بازرسی کردن؛ معاینه یا آزمایش کردن برای اطمینان از وضعیت یا پیدا کردن مشکل (فعل),查作业 (chá zuòyè) | 查身份证 (chá shēnfènzhèng) | 查卫生 (chá wèishēng) | 查血 (chá xuè),老师正在查我们的作业。,Lǎoshī zhèngzài chá wǒmen de zuòyè.,معلم دارد تکالیف ما را کنترل می‌کند.,可指检查、核对、检测或例行查看；“查血”多用于医学检查，口语中也常说“验血”。
49,查,chá,HSK 3,动,2,调查；查明事情的原因、真相或责任（动）,"تحقیق و پیگیری کردن برای روشن کردن علت، حقیقت یا مسئولیت (فعل)",查原因 (chá yuányīn) | 查问题 (chá wèntí) | 查案子 (chá ànzi) | 查清楚 (chá qīngchu),警察正在查事故原因。,Jǐngchá zhèngzài chá shìgù yuányīn.,پلیس دارد علت حادثه را پیگیری می‌کند.,强调调查并弄清楚事实；常用于原因、问题、案件、责任等。
49,查,chá,HSK 3,动,3,查找；翻阅资料或使用工具以获得信息（动）,جست‌وجو کردن؛ مراجعه کردن به منبع یا ابزار برای پیدا کردن اطلاعات (فعل),查词典 (chá cídiǎn) | 查地图 (chá dìtú) | 查单词 (chá dāncí) | 上网查 (shàngwǎng chá),这个词我得查一下词典。,Zhège cí wǒ děi chá yíxià cídiǎn.,این کلمه را باید در فرهنگ لغت نگاه کنم.,常用于查词典、查资料、上网查等，强调寻找信息。
50,差,chà,HSK 3,形、动,1,不好；不够好；质量、水平或状态低（形）,"بد؛ ضعیف؛ نامطلوب؛ پایین بودن کیفیت، سطح یا وضعیت (صفت)",成绩差 (chéngjì chà) | 身体差 (shēntǐ chà) | 质量差 (zhìliàng chà) | 服务很差 (fúwù hěn chà),这家店的服务很差。,Zhè jiā diàn de fúwù hěn chà.,خدمات این مغازه خیلی بد است.,常用于评价成绩、质量、身体、服务等；反义词是“好”。
50,差,chà,HSK 3,形、动,2,相差；不足；离某个标准、数量或时间还不够（动/形）,"کم داشتن؛ فاصله داشتن؛ به اندازهٔ لازم نرسیدن؛ تا یک مقدار، زمان یا معیار فاصله داشتن (فعل/صفت)",差两分钟 (chà liǎng fēnzhōng) | 差一点儿 (chà yìdiǎnr) | 还差十块钱 (hái chà shí kuài qián) | 差得远 (chà de yuǎn),现在差五分钟八点。,Xiànzài chà wǔ fēnzhōng bā diǎn.,الان پنج دقیقه به هشت مانده است.,表示距离某个数量、时间或标准还不够；“差一点儿”常表示“تقریباً/چیزی نمانده بود”。
50,差,chāi,HSK 3,动、名、语素,3,派遣；被派去做的事或任务，多用于固定词语（动/名/语素）,"مأمور کردن؛ مأموریت یا کاری که کسی برای انجامش فرستاده می‌شود، بیشتر در ترکیب‌ها (فعل/اسم/تکواژ)",出差 (chūchāi) | 差事 (chāishi) | 差遣 (chāiqiǎn) ,他下周要去上海出差。,Tā xià zhōu yào qù Shànghǎi chūchāi.,او هفتهٔ آینده برای مأموریت کاری به شانگهای می‌رود.,读 chāi；现代汉语中多见于“出差、差事、差遣”等固定词语。
51,差不多,chàbuduō,HSK 3,形、副,1,两个或几个事物相差很少；大致一样（形/副）,تقریباً مثل هم؛ کم‌وبیش یکسان؛ تفاوت زیادی با هم نداشتن (صفت/قید),价格差不多 (jiàgé chàbuduō) | 两个人差不多高 (liǎng ge rén chàbuduō gāo) | 差不多一样 (chàbuduō yíyàng) | 水平差不多 (shuǐpíng chàbuduō),这两个手机价格差不多。,Zhè liǎng ge shǒujī jiàgé chàbuduō.,قیمت این دو گوشی تقریباً مثل هم است.,用于比较两个或多个事物，强调差别不大。
51,差不多,chàbuduō,HSK 3,副,2,表示数量、时间、程度等接近某个值；大约、将近（副）,"حدوداً؛ تقریباً؛ نزدیکِ یک مقدار، زمان یا درجه (قید)",差不多三点 (chàbuduō sān diǎn) | 差不多十个人 (chàbuduō shí ge rén) | 差不多一个小时 (chàbuduō yí ge xiǎoshí) | 差不多完成了 (chàbuduō wánchéng le),我差不多等了一个小时。,Wǒ chàbuduō děng le yí ge xiǎoshí.,حدود یک ساعت منتظر ماندم.,用于估计一个数值、时间或完成程度，不是在比较两个东西。
52,尝,cháng,HSK 3,动,1,吃一点儿或喝一点儿，辨别味道（动）,چشیدن؛ کمی خوردن یا نوشیدن برای فهمیدن مزه (فعل),尝一尝 (cháng yi cháng) | 尝味道 (cháng wèidao) | 尝一口 (cháng yì kǒu) | 尝尝这个菜 (chángchang zhège cài),你尝尝这个菜，好吃吗？,"Nǐ chángchang zhège cài, hǎochī ma?","این غذا را بچش، خوشمزه است؟",口语中常说“尝尝、尝一尝”；强调试味道，不一定吃很多。
52,尝,cháng,HSK 3,动,2,经历某种滋味或结果；多用于抽象或比喻说法（动）,"چشیدن و تجربه کردنِ مزه یا نتیجهٔ چیزی، بیشتر به‌صورت استعاری (فعل)",尝到甜头 (cháng dào tiántou) | 尝到成功的滋味 (cháng dào chénggōng de zīwèi) | 尝过苦头 (cháng guo kǔtou) | 尝尽艰辛 (cháng jìn jiānxīn),他终于尝到了成功的滋味。,Tā zhōngyú cháng dào le chénggōng de zīwèi.,او بالاخره طعم موفقیت را چشید.,比喻用法，常和“滋味、甜头、苦头、艰辛”等搭配；“尝试”表示“امتحان کردن”，建议作为单独词条处理。
53,常,cháng,HSK 3,副、形、语素、名,1,经常；常常；表示事情多次发生（副）,اغلب؛ معمولاً؛ مکرراً؛ بارها (قید),常去 (cháng qù) | 常听音乐 (cháng tīng yīnyuè) | 常给我打电话 (cháng gěi wǒ dǎ diànhuà) | 常常迟到 (chángcháng chídào),他常去图书馆学习。,Tā cháng qù túshūguǎn xuéxí.,او اغلب برای درس خواندن به کتابخانه می‌رود.,副词用法常见；“常常”更口语，语气更明确。
53,常,cháng,HSK 3,副、形、语素、名,2,通常的；一般的；符合平常状态或规律的，多用于构词（形/语素）,"معمول؛ عادی؛ همیشگی یا مطابق حالت معمول، بیشتر در ترکیب‌ها (صفت/تکواژ)",反常 (fǎncháng) | 异常 (yìcháng) | 如常 (rúcháng) | 常态 (chángtài),会议如常举行。,Huìyì rúcháng jǔxíng.,جلسه طبق روال همیشگی برگزار شد.,多作构词成分；“反常、异常、如常、常态”可作为单独词条处理。
53,常,cháng,HSK 3,副、形、语素、名,3,姓氏（名）,چانگ؛ نام خانوادگی چینی (اسم خاص),常先生 (Cháng xiānsheng) | 常老师 (Cháng lǎoshī) | 常女士 (Cháng nǚshì) | 老常 (Lǎo Cháng),常老师今天不来。,Cháng lǎoshī jīntiān bù lái.,معلم چانگ امروز نمی‌آید.,
54,常见,chángjiàn,HSK 3,形,1,经常见到或经常发生；不稀奇（形）,رایج؛ معمول؛ زیاد دیده‌شونده؛ غیرنادر (صفت),常见问题 (chángjiàn wèntí) | 常见错误 (chángjiàn cuòwù) | 很常见 (hěn chángjiàn) | 最常见的原因 (zuì chángjiàn de yuányīn),这个错误在初学者中很常见。,Zhège cuòwù zài chūxuézhě zhōng hěn chángjiàn.,این اشتباه میان زبان‌آموزان مبتدی خیلی رایج است.,可作谓语或定语；反义词可用“少见、罕见”。
55,常用,chángyòng,HSK 3,形,1,经常使用的；使用频率高的（形）,پرکاربرد؛ رایج در استفاده؛ زیاد استفاده‌شونده (صفت),常用词 (chángyòng cí) | 常用软件 (chángyòng ruǎnjiàn) | 常用方法 (chángyòng fāngfǎ) | 常用汉字 (chángyòng Hànzì),这是一个常用词。,Zhè shì yí ge chángyòng cí.,این یک واژهٔ پرکاربرد است.,常作定语，表示某物经常被使用；和“常见”不同，“常用”强调“استفاده شدن”。
56,常常,chángcháng,HSK 3,副,1,经常；多次发生或反复出现（副）,اغلب؛ معمولاً؛ مکرراً؛ بارها (قید),常常迟到 (chángcháng chídào) | 常常想起 (chángcháng xiǎngqǐ) | 常常去公园 (chángcháng qù gōngyuán) | 常常帮助别人 (chángcháng bāngzhù biérén),他常常周末去看爷爷奶奶。,Tā chángcháng zhōumò qù kàn yéye nǎinai.,او اغلب آخر هفته‌ها به دیدن پدربزرگ و مادربزرگش می‌رود.,比“常”更口语、更明确；表示动作或情况经常发生。
57,成绩,chéngjì,HSK 3,名,1,学习、考试、比赛或工作中取得的结果或分数（名）,"نمره؛ نتیجه؛ عملکرد به‌دست‌آمده در درس، امتحان، مسابقه یا کار (اسم)",考试成绩 (kǎoshì chéngjì) | 学习成绩 (xuéxí chéngjì) | 成绩好 (chéngjì hǎo) | 提高成绩 (tígāo chéngjì),他的考试成绩很好。,Tā de kǎoshì chéngjì hěn hǎo.,نمرهٔ امتحان او خیلی خوب است.,常用于学习和考试，也可用于比赛、工作等结果。
57,成绩,chéngjì,HSK 3,名,2,工作、事业、研究等方面取得的成果或成就（名）,"دستاورد؛ نتیجهٔ مثبت؛ موفقیت به‌دست‌آمده در کار، پژوهش یا فعالیتی (اسم)",取得成绩 (qǔdé chéngjì) | 工作成绩 (gōngzuò chéngjì) | 研究成绩 (yánjiū chéngjì) | 很大成绩 (hěn dà chéngjì),他们在研究中取得了很大成绩。,Tāmen zài yánjiū zhōng qǔdé le hěn dà chéngjì.,آن‌ها در پژوهش خود دستاورد بزرگی به دست آوردند.,此义偏书面或正式；不一定指考试分数。
58,城市,chéngshì,HSK 3,名,1,人口集中、工商业和交通较发达的地区；城镇，和“农村”相对（名）,"شهر؛ منطقهٔ شهری، در برابر روستا (اسم)",大城市 (dà chéngshì) | 小城市 (xiǎo chéngshì) | 城市生活 (chéngshì shēnghuó) | 住在城市 (zhù zài chéngshì),我喜欢城市生活。,Wǒ xǐhuan chéngshì shēnghuó.,من زندگی شهری را دوست دارم.,常和“农村”相对；“都市”更书面或强调大城市。
59,衬衫,chènshān,HSK 3,名,1,穿在上身的有领、有袖、前面通常有扣子的衣服（名）,"پیراهن؛ پیراهن دکمه‌دارِ بالاتنه، معمولاً یقه‌دار و آستین‌دار (اسم)",一件衬衫 (yí jiàn chènshān) | 白衬衫 (bái chènshān) | 穿衬衫 (chuān chènshān) | 买衬衫 (mǎi chènshān),他今天穿了一件白衬衫。,Tā jīntiān chuān le yí jiàn bái chènshān.,او امروز یک پیراهن سفید پوشیده است.,量词常用“件”；通常指衬衣式的上衣，不是普通“T恤”。
60,迟到,chídào,HSK 3,动,1,到得比规定、约定或应该到的时间晚（动）,دیر رسیدن؛ دیر کردن؛ بعد از زمان مقرر یا قرار رسیده بودن (فعل),上课迟到 (shàngkè chídào) | 上班迟到 (shàngbān chídào) | 迟到十分钟 (chídào shí fēnzhōng) | 别迟到 (bié chídào),他今天上课迟到了十分钟。,Tā jīntiān shàngkè chídào le shí fēnzhōng.,او امروز ده دقیقه دیر به کلاس رسید.,常用于上课、上班、开会、约会等有规定时间的场合；反义说法可用“早到、准时到”。
62,船,chuán,HSK 3,名,1,在水上行驶、运人或运东西的交通工具（名）,کشتی؛ قایق؛ وسیلهٔ نقلیه‌ای که روی آب حرکت می‌کند (اسم),一条船 (yì tiáo chuán) | 坐船 (zuò chuán) | 上船 (shàng chuán) | 船开了 (chuán kāi le),我们坐船去那个小岛。,Wǒmen zuò chuán qù nà ge xiǎodǎo.,ما با کشتی/قایق به آن جزیرهٔ کوچک می‌رویم.,量词常用“条、艘”；小船可译为 قایق，大船可译为 کشتی。
63,出发,chūfā,HSK 3,动,1,离开原来的地方，开始去某个目的地（动）,راه افتادن؛ حرکت کردن؛ از جایی به سوی مقصدی شروع به رفتن کردن (فعل),准备出发 (zhǔnbèi chūfā) | 明天出发 (míngtiān chūfā) | 从北京出发 (cóng Běijīng chūfā) | 出发去机场 (chūfā qù jīchǎng),我们明天早上出发。,Wǒmen míngtiān zǎoshang chūfā.,ما فردا صبح راه می‌افتیم.,常用于旅行、交通、行动开始；强调“开始走/开始去”。
63,出发,chūfā,HSK 3,动,2,从某个角度、立场或原则开始考虑问题（动）,"از یک دیدگاه، موضع یا اصل شروع کردن؛ مبنا قرار دادن چیزی برای فکر یا عمل (فعل)",从实际出发 (cóng shíjì chūfā) | 从学生的角度出发 (cóng xuésheng de jiǎodù chūfā) | 从安全出发 (cóng ānquán chūfā) | 一切从需要出发 (yíqiè cóng xūyào chūfā),我们应该从实际出发。,Wǒmen yīnggāi cóng shíjì chūfā.,ما باید از واقعیت‌ها شروع کنیم/بر پایهٔ واقعیت‌ها فکر کنیم.,抽象用法，多用于“从……出发”，偏书面或正式。
64,除了,chúle,HSK 3,介,1,表示不包括某人或某事物；除去（介）,به‌جز؛ غیر از؛ با کنار گذاشتنِ کسی یا چیزی (حرف اضافه),除了他以外 (chúle tā yǐwài) | 除了周末 (chúle zhōumò) | 除了这个问题 (chúle zhège wèntí) | 除了你 (chúle nǐ),除了小王，大家都来了。,"Chúle Xiǎo Wáng, dàjiā dōu lái le.","به‌جز شیائو وانگ، همه آمده‌اند.",常和“以外”连用；后面常有“都、全、没有”等，表示排除。
64,除了,chúle,HSK 3,介,2,表示包括前面所说的人或事物之外，还有别的；除……之外还（介）,"علاوه بر؛ افزون بر؛ غیر از چیزی که گفته شد، چیز دیگری هم هست (حرف اضافه)","除了中文，还学英语 (chúle Zhōngwén, hái xué Yīngyǔ) | 除了他，还有我 (chúle tā, hái yǒu wǒ) | 除了便宜，也很好用 (chúle piányi, yě hěn hǎoyòng) | 除了学习，还要运动 (chúle xuéxí, hái yào yùndòng)",除了中文，他还会说英语。,"Chúle Zhōngwén, tā hái huì shuō Yīngyǔ.","او علاوه بر چینی، انگلیسی هم بلد است صحبت کند.",常和“还、也、又”连用，表示补充或增加；和第一义“排除”不同。
65,春天,chūntiān,HSK 3,名,1,一年四季中的第一季；冬天以后、夏天以前的季节（名）,"بهار؛ فصل بهار، پس از زمستان و پیش از تابستان (اسم)",春天来了 (chūntiān lái le) | 春天的天气 (chūntiān de tiānqì) | 在春天 (zài chūntiān) | 春天很暖和 (chūntiān hěn nuǎnhuo),春天来了，花都开了。,"Chūntiān lái le, huā dōu kāi le.",بهار آمد و گل‌ها همه شکوفه دادند.,也可说“春季”，语气更书面；四季为“春天、夏天、秋天、冬天”。
66,出生,chūshēng,HSK 3,动,1,胎儿从母体中生出来；来到世界上（动）,متولد شدن؛ به دنیا آمدن (فعل),出生日期 (chūshēng rìqī) | 出生地 (chūshēngdì) | 出生在北京 (chūshēng zài Běijīng) | 刚出生 (gāng chūshēng),他出生在一个小城市。,Tā chūshēng zài yí ge xiǎo chéngshì.,او در یک شهر کوچک به دنیا آمد.,常用于说明人的出生时间、地点或家庭背景；“出生日期、出生地”可作为单独词条处理。
67,出院,chūyuàn,HSK 3,动,1,病人离开医院，结束住院治疗（动）,از بیمارستان مرخص شدن؛ پایان دادن به بستری و خارج شدن از بیمارستان (فعل),可以出院 (kěyǐ chūyuàn) | 办理出院手续 (bànlǐ chūyuàn shǒuxù) | 明天出院 (míngtiān chūyuàn) | 出院以后 (chūyuàn yǐhòu),医生说他明天可以出院。,Yīshēng shuō tā míngtiān kěyǐ chūyuàn.,دکتر گفت او فردا می‌تواند از بیمارستان مرخص شود.,“出院”指离开医院；反义词是“住院、入院”。
68,初中,chūzhōng,HSK 3,名,1,初级中学；小学以后、高中以前的学习阶段或学校（名）,دورهٔ راهنمایی/متوسطهٔ اول؛ مدرسه یا مرحلهٔ تحصیلی پس از ابتدایی و پیش از دبیرستان (اسم),上初中 (shàng chūzhōng) | 初中生 (chūzhōngshēng) | 初中老师 (chūzhōng lǎoshī) | 初中三年级 (chūzhōng sān niánjí),我妹妹今年上初中。,Wǒ mèimei jīnnián shàng chūzhōng.,خواهر کوچک‌ترم امسال به دورهٔ متوسطهٔ اول می‌رود.,在中国通常指小学以后、高中以前的阶段；“初中生”可作为单独词条处理。
69,词典,cídiǎn,HSK 3,名,1,收集词语并解释读音、意义、用法等的工具书（名）,"فرهنگ لغت؛ واژه‌نامه؛ کتاب یا ابزار توضیح‌دهندهٔ تلفظ، معنی و کاربرد واژه‌ها (اسم)",查词典 (chá cídiǎn) | 汉语词典 (Hànyǔ cídiǎn) | 电子词典 (diànzǐ cídiǎn) | 一本词典 (yì běn cídiǎn),这个词我在词典里查到了。,Zhège cí wǒ zài cídiǎn li chá dào le.,این واژه را در فرهنگ لغت پیدا کردم.,量词常用“本”；也可说“字典”，但“词典”更强调词语及其用法。
70,聪明,cōngming,HSK 3,形,1,智力好；理解、学习或反应快（形）,"باهوش؛ زیرک؛ تیزفهم؛ سریع در فهمیدن، یادگیری یا واکنش نشان دادن (صفت)",很聪明 (hěn cōngming) | 聪明的孩子 (cōngming de háizi) | 聪明办法 (cōngming bànfǎ) | 又聪明又努力 (yòu cōngming yòu nǔlì),这个孩子很聪明，学东西很快。,"Zhège háizi hěn cōngming, xué dōngxi hěn kuài.",این بچه خیلی باهوش است و چیزها را سریع یاد می‌گیرد.,可形容人，也可形容办法、做法等巧妙；反义词常用“笨”。
71,小聪明,xiǎocōngming,HSK 3,名,1,表面上机灵、能想小办法，但常不够踏实或不够正当的聪明（名）,زرنگی سطحی؛ زرنگ‌بازی؛ هوشی که بیشتر برای راه‌دررو یا منفعت کوتاه‌مدت به کار می‌رود (اسم),耍小聪明 (shuǎ xiǎocōngming) | 有点小聪明 (yǒudiǎn xiǎocōngming) | 靠小聪明 (kào xiǎocōngming) | 别耍小聪明 (bié shuǎ xiǎocōngming),别耍小聪明，认真把事情做好。,"Bié shuǎ xiǎocōngming, rènzhēn bǎ shìqing zuò hǎo.",زرنگ‌بازی درنیاور؛ کارت را جدی و درست انجام بده.,常带贬义，强调不够踏实或不够正当；和“聪明”不同，不是单纯的“باهوش بودن”。
72,大概,dàgài,HSK 3,副、名,1,表示估计；大约、差不多（副）,حدوداً؛ تقریباً؛ به‌طور تخمینی (قید),大概三点 (dàgài sān diǎn) | 大概十个人 (dàgài shí ge rén) | 大概需要一天 (dàgài xūyào yì tiān) | 大概多少钱 (dàgài duōshao qián),从这里到机场大概需要一个小时。,Cóng zhèli dào jīchǎng dàgài xūyào yí ge xiǎoshí.,از اینجا تا فرودگاه حدوداً یک ساعت لازم است.,表示估计数量、时间、价格等；和“差不多”接近。
72,大概,dàgài,HSK 3,副、名,2,表示推测；大约可能是这样（副）,احتمالاً؛ شاید؛ به گمان زیاد (قید),大概是这样 (dàgài shì zhèyàng) | 大概不会来 (dàgài bú huì lái) | 大概知道 (dàgài zhīdào) | 他大概忘了 (tā dàgài wàng le),他大概忘了我们的约会。,Tā dàgài wàng le wǒmen de yuēhuì.,او احتمالاً قرارمان را فراموش کرده است.,用于说话人不完全确定的推测。
72,大概,dàgài,HSK 3,副、名,3,大致的内容、情况或范围（名）,کلیت؛ خلاصهٔ تقریبی؛ تصویر کلی از محتوا یا وضعیت (اسم),知道个大概 (zhīdào ge dàgài) | 说个大概 (shuō ge dàgài) | 了解大概 (liǎojiě dàgài) | 大概情况 (dàgài qíngkuàng),我只知道个大概，不知道细节。,"Wǒ zhǐ zhīdào ge dàgài, bù zhīdào xìjié.","من فقط کلیتش را می‌دانم، جزئیاتش را نمی‌دانم.",名词用法常和“知道、了解、说”搭配，表示大致情况。
73,带,dài,HSK 3,动、名、语素,1,随身拿着或携带；把东西带在身边（动）,همراه داشتن؛ با خود بردن؛ حمل کردن (فعل),带手机 (dài shǒujī) | 带钱 (dài qián) | 带伞 (dài sǎn) | 忘了带 (wàng le dài),出门别忘了带手机。,Chūmén bié wàng le dài shǒujī.,وقتی از خانه بیرون می‌روی یادت نرود گوشی‌ات را همراه ببری.,强调把东西随身带着；“拿”更强调用手拿。
73,带,dài,HSK 3,动、名、语素,2,把人或东西带到某处；顺便拿来或拿去（动）,"بردن یا آوردنِ کسی/چیزی به جایی؛ همراه آوردن یا همراه بردن، گاهی در مسیر (فعل)",带孩子去医院 (dài háizi qù yīyuàn) | 带朋友回家 (dài péngyou huí jiā) | 带饭来学校 (dài fàn lái xuéxiào) | 给我带杯咖啡 (gěi wǒ dài bēi kāfēi),你能给我带杯咖啡吗？,Nǐ néng gěi wǒ dài bēi kāfēi ma?,می‌توانی برایم یک لیوان قهوه بیاوری؟,可带人，也可带东西；方向由“来、去、回”等说明。
73,带,dài,HSK 3,动、名、语素,3,带领；引导别人行动、参观、学习或工作（动）,رهبری کردن؛ راهنمایی کردن؛ هدایت کردن کسی در کاری یا جایی (فعل),带路 (dài lù) | 带学生参观 (dài xuésheng cānguān) | 带队 (dài duì) | 带新人 (dài xīnrén),老师带我们参观了学校。,Lǎoshī dài wǒmen cānguān le xuéxiào.,معلم ما را برای بازدید از مدرسه راهنمایی کرد.,强调引导、带领；“带路、带队”可作为单独词条处理。
73,带,dài,HSK 3,动、名、语素,4,带有；含有某种性质、颜色、味道、感情或特点（动）,"داشتنِ نوعی ویژگی، رنگ، مزه، احساس یا حالت؛ همراه داشتنِ خصوصیتی (فعل)",带点儿甜味 (dài diǎnr tiánwèi) | 带着笑容 (dàizhe xiàoróng) | 带有地方口音 (dàiyǒu dìfang kǒuyīn) | 带感情地读 (dài gǎnqíng de dú),这茶带点儿甜味。,Zhè chá dài diǎnr tiánwèi.,این چای کمی مزهٔ شیرین دارد.,常用于抽象或附带特征；“带有”偏书面，“带着”更口语。
73,带,dài,HSK 3,动、名、语素,5,引起或产生某种结果、影响；使某事发生（动）,به همراه آوردن؛ باعث شدن؛ موجبِ نتیجه یا تأثیری شدن (فعل),带来好处 (dàilái hǎochu) | 带来问题 (dàilái wèntí) | 带动经济 (dàidòng jīngjì) | 带来变化 (dàilái biànhuà),新技术带来了很多变化。,Xīn jìshù dàilái le hěn duō biànhuà.,فناوری جدید تغییرات زیادی به همراه آورد.,多见于“带来、带动”等；“带来、带动”可作为单独词条处理。
73,带,dài,HSK 3,动、名、语素,6,带子；像带子一样的长条物（名/语素）,بند؛ نوار؛ کمربند یا چیز باریک و دراز شبیه بند (اسم/تکواژ),皮带 (pídài) | 安全带 (ānquándài) | 鞋带 (xiédài) | 胶带 (jiāodài),开车时一定要系安全带。,Kāichē shí yídìng yào jì ānquándài.,هنگام رانندگی حتماً کمربند ایمنی ببند.,多作构词成分；“皮带、安全带、鞋带、胶带”可作为单独词条处理。
73,带,dài,HSK 3,动、名、语素,7,地区；区域；一带，多用于地名或范围说法（名/语素）,ناحیه؛ منطقه؛ حوالی و اطراف یک جا (اسم/تکواژ),这一带 (zhè yí dài) | 沿海一带 (yánhǎi yí dài) | 热带 (rèdài) | 地带 (dìdài),这一带有很多小饭馆。,Zhè yí dài yǒu hěn duō xiǎo fànguǎn.,در این حوالی رستوران‌های کوچک زیادی هست.,作区域义时常见于“一带、地带、热带、沿海一带”等。
74,蛋糕,dàngāo,HSK 3,名,1,用鸡蛋、面粉、糖等做成的甜点，常用于生日等场合（名）,"کیک؛ شیرینی‌ای که معمولاً با تخم‌مرغ، آرد و شکر درست می‌شود (اسم)",一块蛋糕 (yí kuài dàngāo) | 生日蛋糕 (shēngrì dàngāo) | 吃蛋糕 (chī dàngāo) | 做蛋糕 (zuò dàngāo),我给妈妈买了一个生日蛋糕。,Wǒ gěi māma mǎi le yí ge shēngrì dàngāo.,برای مادرم یک کیک تولد خریدم.,量词可用“个、块”；“生日蛋糕”可作为单独词条处理。
75,当然,dāngrán,HSK 3,副、形,1,表示肯定、同意或认为理所应当；不用说（副）,البته؛ حتماً؛ بی‌تردید؛ برای تأیید یا طبیعی دانستن چیزی (قید),当然可以 (dāngrán kěyǐ) | 当然要去 (dāngrán yào qù) | 当然知道 (dāngrán zhīdào) | 当然不是 (dāngrán bú shì),你可以帮我吗？当然可以。,Nǐ kěyǐ bāng wǒ ma? Dāngrán kěyǐ.,می‌توانی کمکم کنی؟ البته که می‌توانم.,常用于回答、强调同意或肯定；语气很自然。
75,当然,dāngrán,HSK 3,副、形,2,合乎情理；应该如此（形）,طبیعی؛ بدیهی؛ مطابق انتظار و منطقی (صفت),理所当然 (lǐsuǒdāngrán) | 当然的事 (dāngrán de shì) | 这是当然的 (zhè shì dāngrán de) | 觉得当然 (juéde dāngrán),他觉得别人帮他是理所当然的。,Tā juéde biérén bāng tā shì lǐsuǒdāngrán de.,او فکر می‌کند کمک کردن دیگران به او کاملاً بدیهی است.,形容词用法多见于“理所当然、当然的”；“理所当然”建议作为单独词条处理。
76,担心,dānxīn,HSK 3,动,1,放心不下；害怕发生不好的事情（动）,نگران بودن؛ دلواپس بودن؛ ترسیدن از اینکه اتفاق بدی بیفتد (فعل),担心孩子 (dānxīn háizi) | 担心考试 (dānxīn kǎoshì) | 很担心 (hěn dānxīn) | 别担心 (bié dānxīn),妈妈很担心我的身体。,Māma hěn dānxīn wǒ de shēntǐ.,مادرم خیلی نگران سلامتی من است.,常用结构：“担心某人/某事”或“担心……会……”。
77,到处,dàochù,HSK 3,副,1,各处；每个地方；处处（副）,همه‌جا؛ هر جا؛ در همهٔ جاها (قید),到处找 (dàochù zhǎo) | 到处都是人 (dàochù dōu shì rén) | 到处旅行 (dàochù lǚxíng) | 到处看看 (dàochù kànkan),我到处找你，终于找到你了。,"Wǒ dàochù zhǎo nǐ, zhōngyú zhǎodào nǐ le.",همه‌جا دنبالت گشتم و بالاخره پیدایت کردم.,常作状语，表示范围很广；“到处都是……”很常用。
78,大人,dàrén,HSK 3,名,1,成年人；和“小孩、孩子”相对（名）,بزرگسال؛ آدم بزرگ؛ در برابر کودک (اسم),大人和孩子 (dàrén hé háizi) | 一个大人 (yí ge dàrén) | 家里的大人 (jiā li de dàrén) | 大人说话 (dàrén shuōhuà),这个票价只适合大人，孩子半价。,"Zhège piàojià zhǐ shìhé dàrén, háizi bànjià.",این قیمت بلیت فقط برای بزرگسالان است؛ بچه‌ها نیم‌بها هستند.,日常常用；儿童说“我们家大人”时可指家长或家里的成年人。
78,大人,dàrén,HSK 3,名,2,对官员或有权势者的尊称，多见于旧时、古装剧或小说（名）,"عنوان احترام‌آمیز برای مقام یا صاحب قدرت؛ بیشتر در بافت تاریخی، سریال‌های古装 یا رمان (اسم)",大人饶命 (dàrén ráomìng) | 拜见大人 (bàijiàn dàrén) | 县令大人 (xiànlìng dàrén) | 大人明察 (dàrén míngchá),大人饶命！,Dàrén ráomìng!,"سرورم، رحم کنید!",现代日常口语中很少这样称呼别人，主要见于古装剧、小说或玩笑模仿。
79,打扫,dǎsǎo,HSK 3,动,1,清扫；把房间、地面等弄干净（动）,"تمیز کردن؛ جارو و مرتب کردن؛ پاکیزه کردن اتاق، زمین و مانند آن (فعل)",打扫房间 (dǎsǎo fángjiān) | 打扫卫生 (dǎsǎo wèishēng) | 打扫教室 (dǎsǎo jiàoshì) | 打扫干净 (dǎsǎo gānjìng),周末我要打扫房间。,Zhōumò wǒ yào dǎsǎo fángjiān.,آخر هفته باید اتاقم را تمیز کنم.,常用于房间、教室、办公室等；“打扫卫生”是常用固定搭配。
80,打算,dǎsuàn,HSK 3,动、名,1,计划做某事；准备这样做（动）,قصد داشتن؛ برنامه داشتن؛ تصمیم داشتن کاری انجام دادن (فعل),打算去旅行 (dǎsuàn qù lǚxíng) | 打算买房 (dǎsuàn mǎi fáng) | 你打算怎么办 (nǐ dǎsuàn zěnme bàn) | 不打算告诉他 (bù dǎsuàn gàosu tā),你明天打算做什么？,Nǐ míngtiān dǎsuàn zuò shénme?,فردا قصد داری چه کار کنی؟,后面常接动词短语；语气比“计划”口语一些。
80,打算,dǎsuàn,HSK 3,动、名,2,计划；想法；对以后事情的安排（名）,برنامه؛ قصد؛ تصمیم یا فکر برای آینده (اسم),有什么打算 (yǒu shénme dǎsuàn) | 以后的打算 (yǐhòu de dǎsuàn) | 没有打算 (méiyǒu dǎsuàn) | 新的打算 (xīn de dǎsuàn),毕业以后你有什么打算？,Bìyè yǐhòu nǐ yǒu shénme dǎsuàn?,بعد از فارغ‌التحصیلی چه برنامه‌ای داری؟,名词用法常见于“有什么打算、以后的打算”。
81,大小,dàxiǎo,HSK 3,名,1,物体或范围的大或小；尺寸、规模（名）,اندازه؛ بزرگی یا کوچکی؛ ابعاد یا مقیاس (اسم),大小合适 (dàxiǎo héshì) | 房间大小 (fángjiān dàxiǎo) | 大小不一样 (dàxiǎo bù yíyàng) | 看大小 (kàn dàxiǎo),这双鞋大小正合适。,Zhè shuāng xié dàxiǎo zhèng héshì.,اندازهٔ این جفت کفش دقیقاً مناسب است.,常指尺寸或规模；“大小写、大小便、大大小小”等建议作为单独词条处理。
81,大小,dàxiǎo,HSK 3,名,2,大的和小的；大人和小孩，或各种规模的事物（名）,"بزرگ و کوچک؛ بزرگسال و کودک، یا چیزهایی با اندازه‌های مختلف (اسم)",大小车辆 (dàxiǎo chēliàng) | 大小商店 (dàxiǎo shāngdiàn) | 全家大小 (quánjiā dàxiǎo) | 大小事情 (dàxiǎo shìqing),全家大小都来参加婚礼了。,Quánjiā dàxiǎo dōu lái cānjiā hūnlǐ le.,"همهٔ اعضای خانواده، بزرگ و کوچک، در عروسی شرکت کردند.",此义多用于概括不同大小或不同年龄的人和事物，常见于“全家大小、大大小小”等表达。
82,大熊猫,dàxióngmāo,HSK 3,名,1,一种黑白相间、主要吃竹子的珍稀动物（名）,پاندای غول‌پیکر؛ جانور کمیاب سیاه‌وسفید که بیشتر بامبو می‌خورد (اسم),一只大熊猫 (yì zhī dàxióngmāo) | 看大熊猫 (kàn dàxióngmāo) | 大熊猫保护 (dàxióngmāo bǎohù) | 野生大熊猫 (yěshēng dàxióngmāo),孩子们都想去动物园看大熊猫。,Háizimen dōu xiǎng qù dòngwùyuán kàn dàxióngmāo.,بچه‌ها همه می‌خواهند به باغ‌وحش بروند و پاندا ببینند.,也常简称“熊猫”；量词常用“只”。
83,大衣,dàyī,HSK 3,名,1,穿在外面的较长、较厚的外套，多在冷天穿（名）,پالتو؛ کت بلند و نسبتاً ضخیم که روی لباس و در هوای سرد پوشیده می‌شود (اسم),一件大衣 (yí jiàn dàyī) | 穿大衣 (chuān dàyī) | 脱大衣 (tuō dàyī) | 黑色大衣 (hēisè dàyī),外面很冷，出门记得穿大衣。,"Wàimian hěn lěng, chūmén jìde chuān dàyī.",بیرون خیلی سرد است؛ موقع بیرون رفتن یادت باشد پالتو بپوشی.,量词常用“件”；比一般“外套”更长、更厚。
84,得到,dédào,HSK 3,动,1,获得；取得；使某物、机会、结果或评价归自己所有（动）,"به دست آوردن؛ دریافت کردن؛ کسب کردنِ چیزی، فرصت، نتیجه یا ارزیابی (فعل)",得到帮助 (dédào bāngzhù) | 得到机会 (dédào jīhuì) | 得到好成绩 (dédào hǎo chéngjì) | 得到大家的支持 (dédào dàjiā de zhīchí),他得到了老师的帮助。,Tā dédào le lǎoshī de bāngzhù.,او کمک معلم را دریافت کرد.,后面常接抽象名词，如“帮助、机会、支持、表扬”；口语中也常说“得到一份工作”等。
84,得到,dedào,HSK 3,动,2,能够拿到、找到或实现；“得”作可能补语时的形式（动/补）,"توانستنِ به دست آوردن، پیدا کردن یا رسیدن به چیزی؛ صورتِ متمم امکانی با 得 (فعل/متمم)",找得到 (zhǎo de dào) | 买得到 (mǎi de dào) | 看得到 (kàn de dào) | 听得到 (tīng de dào),这本书现在还买得到。,Zhè běn shū xiànzài hái mǎi de dào.,این کتاب هنوز هم قابل خریدن است/می‌شود خریدش.,此处常写作“动词+得到”，如“找得到、买得到”；和第一义“获得”用法不同。
85,得分,défēn,HSK 3,动、名,1,在考试、比赛等中取得分数（动）,"امتیاز گرفتن؛ نمره گرفتن در امتحان، مسابقه و مانند آن (فعل)",考试得分 (kǎoshì défēn) | 比赛得分 (bǐsài défēn) | 得了九十分 (dé le jiǔshí fēn) | 得分很高 (défēn hěn gāo),他在这次考试中得了九十五分。,Tā zài zhè cì kǎoshì zhōng dé le jiǔshíwǔ fēn.,او در این امتحان نود و پنج نمره گرفت.,作动词时常说“得了……分”；体育比赛中也表示取得分数。
85,得分,défēn,HSK 3,动、名,2,考试、比赛等中取得的分数（名）,"نمره یا امتیازِ به‌دست‌آمده در امتحان، مسابقه و مانند آن (اسم)",得分很高 (défēn hěn gāo) | 得分不低 (défēn bù dī) | 他的得分 (tā de défēn) | 最后得分 (zuìhòu défēn),他的得分比我高。,Tā de défēn bǐ wǒ gāo.,نمره/امتیاز او از من بالاتر است.,名词用法存在，但比动词用法更偏考试、比赛或统计语境。
86,的话,dehuà,HSK 3,助,1,用在词语或句子后，表示假设、条件或话题范围（助）,"اگر؛ در صورتی که؛ از نظرِ/در موردِ، برای ساختن شرط یا مشخص کردن موضوع (حرف نشانه)",如果可以的话 (rúguǒ kěyǐ dehuà) | 你去的话 (nǐ qù dehuà) | 明天的话 (míngtiān dehuà) | 我的意见的话 (wǒ de yìjiàn dehuà),如果你有时间的话，来我家坐坐。,"Rúguǒ nǐ yǒu shíjiān dehuà, lái wǒ jiā zuòzuo.","اگر وقت داری، بیا خانهٔ من کمی بنشین.",常和“如果、要是”连用，也可直接接在短语后；口语很常用，用来使语气更自然。
87,灯,dēng,HSK 3,名,1,照明用的器具（名）,چراغ؛ وسیلهٔ روشنایی (اسم),开灯 (kāi dēng) | 关灯 (guān dēng) | 一盏灯 (yì zhǎn dēng) | 灯亮着 (dēng liàngzhe),天黑了，请把灯打开。,"Tiān hēi le, qǐng bǎ dēng dǎkāi.","هوا تاریک شده است، لطفاً چراغ را روشن کن.",量词常用“盏”；“电灯、台灯、红绿灯”可作为单独词条处理。
88,电,diàn,HSK 3,名、语素,1,电能；电力（名）,برق؛ انرژی الکتریکی؛ نیروی برق (اسم),有电 (yǒu diàn) | 停电 (tíngdiàn) | 用电 (yòng diàn) | 省电 (shěng diàn),这个房间没有电。,Zhège fángjiān méiyǒu diàn.,این اتاق برق ندارد.,指电力或电能；“停电、用电、省电”可作为单独词条处理。
88,电,diàn,HSK 3,名、语素,2,电池里的电量；设备还能使用的电（名）,شارژ؛ میزان باتری؛ انرژی باقی‌مانده در باتری دستگاه (اسم),手机没电 (shǒujī méi diàn) | 电快没了 (diàn kuài méi le) | 还有电 (hái yǒu diàn) | 充满电 (chōng mǎn diàn),手机快没电了。,Shǒujī kuài méi diàn le.,شارژ گوشی دارد تمام می‌شود.,口语常用于手机、电脑、电动车等设备；“充电”是给设备补充电量，建议作为单独词条处理。
88,电,diàn,HSK 3,名、语素,3,电的；和电有关的，多用于构词（语素）,"برقی؛ مربوط به برق، بیشتر به‌عنوان جزء واژه‌ساز (تکواژ)",电动 (diàndòng) | 电热 (diànrè) | 电控 (diànkòng) | 电气 (diànqì),这把牙刷是电动的，不是手动的。,"Zhè bǎ yáshuā shì diàndòng de, bú shì shǒudòng de.","این مسواک برقی است، دستی نیست.",此义主要用于构词；“电动”常和“手动”相对；“电子、电脑、电话、电视”等通常作为单独词条处理。
89,电梯,diàntī,HSK 3,名,1,楼房里上下运送人或东西的设备（名）,آسانسور؛ وسیلهٔ جابه‌جایی بین طبقات ساختمان (اسم),坐电梯 (zuò diàntī) | 乘电梯 (chéng diàntī) | 电梯坏了 (diàntī huài le) | 等电梯 (děng diàntī),电梯坏了，我们走楼梯吧。,"Diàntī huài le, wǒmen zǒu lóutī ba.","آسانسور خراب شده است، از پله برویم.",日常口语常说“坐电梯”；和“楼梯”相对。
90,电子书,diànzǐshū,HSK 3,名,1,可以在电子设备上阅读的书（名）,کتاب الکترونیکی؛ کتابی که روی دستگاه الکترونیکی خوانده می‌شود (اسم),看电子书 (kàn diànzǐshū) | 下载电子书 (xiàzài diànzǐshū) | 一本电子书 (yì běn diànzǐshū) | 电子书阅读器 (diànzǐshū yuèdúqì),我喜欢在手机上看电子书。,Wǒ xǐhuan zài shǒujī shang kàn diànzǐshū.,من دوست دارم روی گوشی کتاب الکترونیکی بخوانم.,量词常用“本”；“电子书阅读器”可作为单独词条处理。
91,地点,dìdiǎn,HSK 3,名,1,事情发生、进行或约定的地方（名）,"محل؛ مکان؛ جایی که کاری در آن رخ می‌دهد، انجام می‌شود یا قرار گذاشته می‌شود (اسم)",集合地点 (jíhé dìdiǎn) | 见面地点 (jiànmiàn dìdiǎn) | 考试地点 (kǎoshì dìdiǎn) | 改地点 (gǎi dìdiǎn),请告诉我见面的时间和地点。,Qǐng gàosu wǒ jiànmiàn de shíjiān hé dìdiǎn.,لطفاً زمان و محل ملاقات را به من بگو.,比“地方”更正式，常用于通知、安排、考试、会议等语境。
92,地方,dìfang,HSK 3,名,1,地点；某一处位置或场所（名）,جا؛ مکان؛ محل (اسم),这个地方 (zhège dìfang) | 找地方 (zhǎo dìfang) | 换个地方 (huàn ge dìfang) | 去一个地方 (qù yí ge dìfang),我们找个安静的地方坐一会儿吧。,Wǒmen zhǎo ge ānjìng de dìfang zuò yíhuìr ba.,بیایید یک جای ساکت پیدا کنیم و کمی بنشینیم.,最常用义；比“地点”口语，范围也更广。
92,地方,dìfang,HSK 3,名,2,部分；方面；某个具体之处（名）,بخش؛ قسمت؛ جنبه؛ جای خاصی از یک چیز یا موضوع (اسم),不懂的地方 (bù dǒng de dìfang) | 有问题的地方 (yǒu wèntí de dìfang) | 改错的地方 (gǎi cuò de dìfang) | 好的地方 (hǎo de dìfang),这篇文章有几个地方需要修改。,Zhè piān wénzhāng yǒu jǐ ge dìfang xūyào xiūgǎi.,این مقاله چند جا/قسمت دارد که باید اصلاح شود.,可指文章、事情、计划、身体等的某一部分或某个方面。
93,地图,dìtú,HSK 3,名,1,表示地球表面、国家、城市、道路等位置和形状的图（名）,"نقشه؛ تصویری که جای کشورها، شهرها، راه‌ها و مانند آن را نشان می‌دهد (اسم)",看地图 (kàn dìtú) | 查地图 (chá dìtú) | 中国地图 (Zhōngguó dìtú) | 手机地图 (shǒujī dìtú),我在手机地图上查到了这个地方。,Wǒ zài shǒujī dìtú shang chá dào le zhège dìfang.,این مکان را روی نقشهٔ گوشی پیدا کردم.,量词常用“张、幅”；现代口语中“地图”也可指手机里的地图应用或地图页面。
94,丢,diū,HSK 3,动,1,遗失；不小心失去某物（动）,گم کردن؛ از دست دادنِ چیزی به‌طور ناخواسته (فعل),丢钱包 (diū qiánbāo) | 丢手机 (diū shǒujī) | 东西丢了 (dōngxi diū le) | 别丢了 (bié diū le),我的钥匙丢了。,Wǒ de yàoshi diū le.,کلیدم گم شده است.,常用于东西不见了；也可说“丢失”，语气更书面。
94,丢,diū,HSK 3,动,2,把东西忘在某处；落下（动）,جا گذاشتن؛ چیزی را در جایی置 گذاشتن و با خود نیاوردن (فعل),丢在家里 (diū zài jiā li) | 丢在车上 (diū zài chē shang) | 丢在办公室 (diū zài bàngōngshì) | 把钥匙丢在家里 (bǎ yàoshi diū zài jiā li),我把手机丢在出租车上了。,Wǒ bǎ shǒujī diū zài chūzūchē shang le.,گوشی‌ام را در تاکسی جا گذاشتم.,口语用法；也常说“落在……、忘在……”。
94,丢,diū,HSK 3,动,3,扔；把东西抛开或放弃不要（动）,انداختن؛ دور انداختن؛ رها کردن چیزی که دیگر نمی‌خواهند (فعل),丢垃圾 (diū lājī) | 丢到垃圾桶里 (diū dào lājītǒng li) | 丢掉旧衣服 (diūdiào jiù yīfu) | 别乱丢 (bié luàn diū),请不要把垃圾丢在地上。,Qǐng bú yào bǎ lājī diū zài dì shang.,لطفاً زباله را روی زمین نیندازید.,口语常用；“丢掉”更明确表示扔掉或放弃。
94,丢,diū,HSK 3,动,4,失去；丧失，常用于抽象事物（动）,از دست دادن؛ باختن یا از کف دادنِ چیزی غیرمادی (فعل),丢脸 (diūliǎn) | 丢面子 (diū miànzi) | 丢分 (diū fēn) | 丢工作 (diū gōngzuò),这次比赛他们最后一分钟丢了一分。,Zhè cì bǐsài tāmen zuìhòu yì fēnzhōng diū le yì fēn.,در این مسابقه آن‌ها در دقیقهٔ آخر یک امتیاز از دست دادند.,多见于固定搭配或口语表达；“丢脸、丢面子”可作为单独词条处理。
95,东,dōng,HSK 3,方位词、名、语素,1,四个基本方向之一；太阳升起的一边，和“西”相对（方位词/名/语素）,"شرق؛ سمت شرق، در برابر غرب (اسم جهتی/مکانی/تکواژ)",往东走 (wǎng dōng zǒu) | 东边 (dōngbian) | 东门 (dōngmén) | 东部 (dōngbù),从这里往东走五分钟就到了。,Cóng zhèli wǎng dōng zǒu wǔ fēnzhōng jiù dào le.,از اینجا پنج دقیقه به سمت شرق بروی می‌رسی.,基本方位词；“东方、东边、东部、东西”可作为单独词条处理。
95,东,dōng,HSK 3,方位词、名、语素,2,姓氏（名）,دونگ؛ نام خانوادگی چینی (اسم خاص),东先生 (Dōng xiānsheng) | 东老师 (Dōng lǎoshī) | 东女士 (Dōng nǚshì) | 老东 (Lǎo Dōng),东老师今天给我们上课。,Dōng lǎoshī jīntiān gěi wǒmen shàngkè.,معلم دونگ امروز به ما درس می‌دهد.,
96,东北,dōngběi,HSK 3,方位词、名,1,东和北之间的方向；东北方（方位词/名）,شمال‌شرق؛ جهت میان شرق و شمال (اسم جهتی/مکانی),往东北走 (wǎng dōngběi zǒu) | 东北方向 (dōngběi fāngxiàng) | 在东北边 (zài dōngběi biān) | 东北角 (dōngběi jiǎo),学校在医院的东北方向。,Xuéxiào zài yīyuàn de dōngběi fāngxiàng.,مدرسه در سمت شمال‌شرقی بیمارستان است.,表示方向或位置；也可说“东北边、东北方”。
96,东北,dōngběi,HSK 3,方位词、名,2,中国东北地区，通常指辽宁、吉林、黑龙江一带（名）,"دونگ‌بِی؛ ناحیهٔ شمال‌شرق چین، معمولاً شامل لیائونینگ، جیلین و هیلونگ‌جیانگ (اسم خاص/مکانی)",东北人 (Dōngběi rén) | 东北话 (Dōngběi huà) | 去东北 (qù Dōngběi) | 东北三省 (Dōngběi sān shěng),冬天很多人去东北看雪。,Dōngtiān hěn duō rén qù Dōngběi kàn xuě.,زمستان افراد زیادی به دونگ‌بِی/شمال‌شرق چین می‌روند تا برف ببینند.,作地区名时常指中国东北；“东北人、东北话、东北三省”可作为单独词条处理。
97,懂得,dǒngde,HSK 3,动,1,知道、理解某种道理、知识或情况（动）,"فهمیدن؛ درک کردن؛ دانستنِ یک اصل، دانش یا وضعیت (فعل)",懂得道理 (dǒngde dàolǐ) | 懂得中文 (dǒngde Zhōngwén) | 懂得他的意思 (dǒngde tā de yìsi) | 懂得很多 (dǒngde hěn duō),他懂得很多中国文化。,Tā dǒngde hěn duō Zhōngguó wénhuà.,او چیزهای زیادی از فرهنگ چین می‌داند/می‌فهمد.,比“懂”稍正式，后面常接道理、知识、意思、情况等。
97,懂得,dǒngde,HSK 3,动,2,知道应该怎样做；明白某种做人做事的道理（动）,بلد بودنِ رفتار درست؛ فهمیدن اینکه باید چگونه عمل کرد؛ معمولا مفعول بعد از آن یک عبارت فعلی است (فعل),懂得尊重别人 (dǒngde zūnzhòng biérén) | 懂得照顾自己 (dǒngde zhàogù zìjǐ) | 懂得珍惜时间 (dǒngde zhēnxī shíjiān) | 懂得感恩 (dǒngde gǎn'ēn),孩子应该懂得尊重别人。,Háizi yīnggāi dǒngde zūnzhòng biérén.,بچه باید بلد باشد به دیگران احترام بگذارد.,常接动词短语，强调明白道理并知道该怎么做。
98,东方,dōngfāng,HSK 3,名、方位词,1,太阳升起的方向；东边（名/方位词）,شرق؛ سمت شرق؛ جایی که خورشید از آن طلوع می‌کند (اسم جهتی/مکانی),东方升起 (dōngfāng shēngqǐ) | 东方天空 (dōngfāng tiānkōng) | 东方很亮 (dōngfāng hěn liàng) | 面向东方 (miànxiàng dōngfāng),太阳从东方升起。,Tàiyáng cóng dōngfāng shēngqǐ.,خورشید از شرق طلوع می‌کند.,比“东边”更书面；“东方”也可作文化或地区概念。
98,东方,dōngfāng,HSK 3,名、方位词,2,东方国家或东方文化；常与“西方”相对（名）,"شرق؛ کشورهای شرقی یا فرهنگ شرقی، در برابر غرب (اسم)",东方文化 (Dōngfāng wénhuà) | 东方国家 (Dōngfāng guójiā) | 东方艺术 (Dōngfāng yìshù) | 东方和西方 (Dōngfāng hé Xīfāng),东方文化和西方文化有很多不同。,Dōngfāng wénhuà hé Xīfāng wénhuà yǒu hěn duō bùtóng.,فرهنگ شرقی و فرهنگ غربی تفاوت‌های زیادی دارند.,作文化或地区概念时常和“西方”相对，语气较书面。
99,东南,dōngnán,HSK 3,方位词、名,1,东和南之间的方向；东南方（方位词/名）,جنوب‌شرق؛ جهت میان شرق و جنوب (اسم جهتی/مکانی),往东南走 (wǎng dōngnán zǒu) | 东南方向 (dōngnán fāngxiàng) | 在东南边 (zài dōngnán biān) | 东南角 (dōngnán jiǎo),学校在公园的东南方向。,Xuéxiào zài gōngyuán de dōngnán fāngxiàng.,مدرسه در سمت جنوب‌شرقی پارک است.,表示方向或位置；也可说“东南边、东南方”。
99,东南,dōngnán,HSK 3,方位词、名,2,某个地区的东南部；也可指中国东南地区（名）,جنوب‌شرقِ یک منطقه؛ گاهی ناحیهٔ جنوب‌شرق چین (اسم مکانی),东南地区 (dōngnán dìqū) | 中国东南 (Zhōngguó dōngnán) | 东南沿海 (dōngnán yánhǎi) | 东南部 (dōngnánbù),中国东南沿海有很多港口城市。,Zhōngguó dōngnán yánhǎi yǒu hěn duō gǎngkǒu chéngshì.,در ساحل جنوب‌شرقی چین شهرهای بندری زیادی وجود دارد.,可指方向上的东南部；“东南亚”是固定地区名，建议作为单独词条处理。
100,冬天,dōngtiān,HSK 3,名,1,一年四季中最冷的季节；秋天以后、春天以前的季节（名）,"زمستان؛ سردترین فصل سال، پس از پاییز و پیش از بهار (اسم)",冬天来了 (dōngtiān lái le) | 冬天很冷 (dōngtiān hěn lěng) | 在冬天 (zài dōngtiān) | 冬天的衣服 (dōngtiān de yīfu),冬天这里常常下雪。,Dōngtiān zhèli chángcháng xià xuě.,زمستان اینجا اغلب برف می‌بارد.,也可说“冬季”，语气更书面；四季为“春天、夏天、秋天、冬天”。
101,动物,dòngwù,HSK 3,名,1,能自己活动、需要吃东西维持生命的生物；和“植物”相对（名）,"جانور؛ حیوان؛ موجود زنده‌ای که معمولاً حرکت می‌کند و برای زندگی غذا می‌خورد، در برابر گیاه (اسم)",野生动物 (yěshēng dòngwù)  | 保护动物 (bǎohù dòngwù) | 小动物 (xiǎo dòngwù),孩子们都喜欢去动物园看动物。,Háizimen dōu xǐhuan qù dòngwùyuán kàn dòngwù.,بچه‌ها همه دوست دارند برای دیدن حیوانات به باغ‌وحش بروند.,“动物园、野生动物、保护动物”可作为单独词条处理；反义词是“植物”。
102,动物园,dòngwùyuán,HSK 3,名,1,饲养、展出动物，供人参观的地方（名）,باغ‌وحش؛ جایی که حیوانات را نگهداری و برای بازدید نمایش می‌دهند (اسم),去动物园 (qù dòngwùyuán) | 逛动物园 (guàng dòngwùyuán) | 动物园门票 (dòngwùyuán ménpiào) | 北京动物园 (Běijīng Dòngwùyuán),周末我们带孩子去动物园看大熊猫。,Zhōumò wǒmen dài háizi qù dòngwùyuán kàn dàxióngmāo.,آخر هفته بچه را به باغ‌وحش می‌بریم تا پاندا ببیند.,“动物园”是具体地点；“动物”指动物本身。
103,段,duàn,HSK 3,量、名,1,时间、距离、文字、话语等分成的一部分；也用作量词表示这样的一部分（名/量）,"بخش؛ قسمت؛ قطعه یا بازه‌ای از زمان، راه، متن یا سخن؛ همچنین واحد شمارش برای چنین بخش‌هایی (اسم/واحد شمارش)",一段时间 (yí duàn shíjiān) | 一段路 (yí duàn lù) | 一段话 (yí duàn huà) | 最后一段 (zuìhòu yí duàn),这篇文章的最后一段写得很好。,Zhè piān wénzhāng de zuìhòu yí duàn xiě de hěn hǎo.,بخش پایانی این مقاله خیلی خوب نوشته شده است.,常用于时间、距离、文章、话语、经历等可分成部分的事物；“一段时间、一段路、一段话”很常用。
103,段,duàn,HSK 3,量、名,2,姓氏（名）,دوان؛ نام خانوادگی چینی (اسم خاص),段先生 (Duàn xiānsheng) | 段老师 (Duàn lǎoshī) | 段女士 (Duàn nǚshì) | 老段 (Lǎo Duàn),段老师今天给我们上课。,Duàn lǎoshī jīntiān gěi wǒmen shàngkè.,معلم دوان امروز به ما درس می‌دهد.,
104,短,duǎn,HSK 3,形,1,长度或时间不长（形）,کوتاه؛ کم‌طول یا کوتاه‌مدت (صفت),头发短 (tóufa duǎn) | 裙子太短 (qúnzi tài duǎn) | 时间短 (shíjiān duǎn) | 假期太短 (jiàqī tài duǎn),他的头发很短。,Tā de tóufa hěn duǎn.,موهای او خیلی کوتاه است.,可用于具体长度，也可用于时间长短；反义词是“长”。
105,短裤,duǎnkù,HSK 3,名,1,裤腿较短，通常到膝盖上下或更短的裤子（名）,شلوارک؛ شلوار کوتاه (اسم),一条短裤 (yì tiáo duǎnkù) | 穿短裤 (chuān duǎnkù) | 买短裤 (mǎi duǎnkù) | 运动短裤 (yùndòng duǎnkù),夏天很多人喜欢穿短裤。,Xiàtiān hěn duō rén xǐhuan chuān duǎnkù.,تابستان افراد زیادی دوست دارند شلوارک بپوشند.,量词常用“条”；和“长裤”相对。
106,锻炼,duànliàn,HSK 3,动、名,1,通过体育运动增强身体或保持健康（动/名）,ورزش کردن؛ تمرین بدنی کردن؛ فعالیت برای تقویت بدن یا حفظ سلامتی (فعل/اسم),锻炼身体 (duànliàn shēntǐ) | 每天锻炼 (měitiān duànliàn) | 去锻炼 (qù duànliàn) | 坚持锻炼 (jiānchí duànliàn),我每天早上锻炼身体。,Wǒ měitiān zǎoshang duànliàn shēntǐ.,من هر روز صبح ورزش می‌کنم.,最常用义；可作动词，也可作名词，如“多锻炼对身体好”。
106,锻炼,duànliàn,HSK 3,动、名,2,通过实践、困难或训练提高能力、意志等（动）,"پرورش دادن؛ تقویت کردنِ توانایی، اراده یا تجربه از راه تمرین، کار یا سختی (فعل)",锻炼能力 (duànliàn nénglì) | 锻炼意志 (duànliàn yìzhì) | 锻炼自己 (duànliàn zìjǐ) ,这份工作很锻炼人。,Zhè fèn gōngzuò hěn duànliàn rén.,این کار آدم را خیلی ورزیده/باتجربه می‌کند.,抽象用法，强调通过实践或困难使人变得更有能力、更坚强。
107,对话,duìhuà,HSK 3,名、动,1,两个或几个人之间的谈话；也可指进行这样的谈话（名/动）,گفت‌وگو؛ مکالمه؛ گفت‌وگو کردن میان دو یا چند نفر (اسم/فعل),一段对话 (yí duàn duìhuà) | 听对话 (tīng duìhuà) | 对话练习 (duìhuà liànxí) | 双方正在对话 (shuāngfāng zhèngzài duìhuà),双方正在对话，希望能解决这个问题。,"Shuāngfāng zhèngzài duìhuà, xīwàng néng jiějué zhège wèntí.",دو طرف در حال گفت‌وگو هستند و امیدوارند بتوانند این مشکل را حل کنند.,主要作名词，常指课文、听力中的会话内容；作动词时多用于正式语境，日常更常说“聊天、谈话、交流”。
108,饿,è,HSK 3,形、动、补,1,想吃东西；肚子空，身体需要食物（形）,گرسنه؛ وقتی شکم خالی است و آدم می‌خواهد غذا بخورد (صفت),很饿 (hěn è) | 饿了 (è le) | 肚子饿 (dùzi è) | 又饿又累 (yòu è yòu lèi),我饿了，想吃点儿东西。,"Wǒ è le, xiǎng chī diǎnr dōngxi.",گرسنه‌ام؛ می‌خواهم کمی چیزی بخورم.,反义词是“饱”；“饿了”很常用。
108,饿,è,HSK 3,形、动、补,2,因为没有吃饭而受影响；使人饿或让人一直饿着（动/补）,گرسنه ماندن یا گرسنه نگه داشتن؛ از گرسنگی تحت‌تأثیر قرار گرفتن (فعل/متمم),饿着肚子 (èzhe dùzi) | 别饿着自己 (bié èzhe zìjǐ) | 饿坏了 (è huài le) | 饿肚子 (è dùzi),别饿着肚子去上课。,Bié èzhe dùzi qù shàngkè.,با شکم گرسنه سر کلاس نرو.,常见于“饿着、饿坏了、饿肚子”等；表示因为没吃饭而处于饥饿状态或受到影响。
109,耳朵,ěrduo,HSK 3,名,1,人或动物用来听声音的器官（名）,گوش؛ عضو شنوایی انسان یا حیوان (اسم),一只耳朵 (yì zhī ěrduo) | 耳朵疼 (ěrduo téng) | 耳朵里 (ěrduo li) | 保护耳朵 (bǎohù ěrduo),我的耳朵有点儿疼。,Wǒ de ěrduo yǒudiǎnr téng.,گوشم کمی درد می‌کند.,量词常用“只”；口语常用“耳朵”，书面或医学语境也说“耳”。
110,耳机,ěrjī,HSK 3,名,1,戴在耳朵上或放在耳朵里的听声音设备（名）,هدفون؛ هندزفری؛ وسیله‌ای برای شنیدن صدا از طریق گوش (اسم),戴耳机 (dài ěrjī) | 一副耳机 (yí fù ěrjī) | 蓝牙耳机 (lányá ěrjī) | 耳机坏了 (ěrjī huài le),他戴着耳机听音乐。,Tā dàizhe ěrjī tīng yīnyuè.,او با هدفون/هندزفری موسیقی گوش می‌دهد.,量词常用“副”；“蓝牙耳机、无线耳机”可作为单独词条处理。
111,而且,érqiě,HSK 3,连,1,表示进一步补充，后面的内容比前面更进一层；并且（连）,"علاوه بر این؛ و نیز؛ همچنین، برای افزودن نکته‌ای بیشتر یا قوی‌تر (حرف ربط)",便宜而且好用 (piányi érqiě hǎoyòng) | 聪明而且努力 (cōngming érqiě nǔlì) | 不但……而且…… (búdàn... érqiě...) | 而且还 (érqiě hái),这件衣服很便宜，而且质量也不错。,"Zhè jiàn yīfu hěn piányi, érqiě zhìliàng yě búcuò.",این لباس خیلی ارزان است و علاوه بر آن کیفیتش هم بد نیست.,常用于连接两个并列或递进的内容；“不但……而且……”是常用结构。
112,发,fā,HSK 3,动、语素,1,送出；寄出；分发（动）,فرستادن؛ ارسال کردن؛ پخش یا توزیع کردن (فعل),发邮件 (fā yóujiàn) | 发短信 (fā duǎnxìn) | 发工资 (fā gōngzī) | 发给大家 (fā gěi dàjiā) | 发货 (fā huò),老师把资料发给了大家。,Lǎoshī bǎ zīliào fā gěi le dàjiā.,معلم مطالب را برای همه فرستاد/پخش کرد.,常用于信息、文件、工资、通知等；“发送”更正式。
112,发,fā,HSK 3,动、语素,2,发出声音、光、热、气味等（动）,"تولید یا منتشر کردنِ صدا، نور، گرما، بو و مانند آن (فعل)",发光 (fāguāng) | 发热 (fārè) ,这个灯在黑暗中会发光。,Zhège dēng zài hēi'àn zhōng huì fāguāng.,این چراغ در تاریکی نور می‌دهد.,常和“发出”连用；“发光、发热”可作为单独词条处理。
112,发,fā,HSK 3,动、语素,3,表达或说出；发表某种话语、意见或情绪（动/语素）,"بیان کردن؛ ابراز کردن؛ مطرح کردنِ سخن، نظر یا احساس (فعل/تکواژ)",发言 (fāyán) | 发脾气 (fā píqi) | 发牢骚 (fā láosāo),开会时他发了言。,Kāihuì shí tā fā le yán.,او در جلسه صحبت کرد/اظهارنظر کرد.,多见于“发言、发表、发脾气、发牢骚”等；这些词可作为单独词条处理。
112,发,fā,HSK 3,动、语素,4,出现或产生某种状态、变化、颜色、气味、热度等，多用于固定词语（动/语素）,"بروز کردن؛ پیدا کردن یا ایجاد شدنِ حالتی، تغییر، رنگ، بو، گرما و مانند آن، بیشتر در ترکیب‌های ثابت (فعل/تکواژ)",发烧 (fāshāo) | 发黄 (fāhuáng) | 发臭 (fāchòu) | 发白 (fābái)| 发胖 (fāpàng) ,这件白衬衫洗多了有点发黄。,Zhè jiàn bái chènshān xǐ duō le yǒudiǎn fāhuáng.,این پیراهن سفید از بس شسته شده کمی زرد شده است.,此义多见于“发烧、发热、发冷、发黄、发臭、发白”等，表示某种状态或变化出现。
112,发,fà,HSK 3,名、语素,5,头发；人的毛发（名/语素）,مو؛ موی سر (اسم/تکواژ),头发 (tóufa) | 理发 (lǐfà) | 发型 (fàxíng) | 白发 (báifà),他的头发很短。,Tā de tóufa hěn duǎn.,موهای او خیلی کوتاه است.,多作构词成分；“头发、理发、发型”可作为单独词条处理。
112,发,fā,HSK 3,动、量、语素,6,用于子弹、炮弹、导弹等发射出去的东西（量）,"واحد شمارش برای گلوله، فشنگ، گلولهٔ توپ، موشک و چیزهای شلیک‌شونده (واحد شمارش)",一发子弹 (yì fā zǐdàn) | 三发炮弹 (sān fā pàodàn) | 两发导弹 (liǎng fā dǎodàn) | 几发子弹 (jǐ fā zǐdàn),他打出了一发子弹。,Tā dǎchū le yì fā zǐdàn.,او یک گلوله شلیک کرد.,量词用法，多用于军事、射击或新闻语境；日常生活中不如“个、只、条”等量词常见。
113,放,fàng,HSK 3,动,1,把人或东西放在某处；安置（动）,گذاشتن؛ قرار دادنِ کسی یا چیزی در جایی (فعل),放在桌子上 (fàng zài zhuōzi shang) | 放书包里 (fàng shūbāo li) | 放好 (fàng hǎo) | 放回去 (fàng huíqù),请把书放在桌子上。,Qǐng bǎ shū fàng zài zhuōzi shang.,لطفاً کتاب را روی میز بگذار.,最常用义；强调把东西安置到某个位置。
113,放,fàng,HSK 3,动,2,让人或动物离开；释放；不再限制（动）,رها کردن؛ آزاد کردن؛ اجازه دادن به رفتن یا محدود نکردن (فعل),放人 (fàng rén) | 放鸟 (fàng niǎo) | 放他走 (fàng tā zǒu) | 放开手 (fàngkāi shǒu),请放开我的手。,Qǐng fàngkāi wǒ de shǒu.,لطفاً دستم را رها کن.,常用于人、动物或身体动作；“放开、释放”可作为单独词条处理。
113,放,fàng,HSK 3,动,3,播放；使声音、电影、节目等出来（动）,"پخش کردن؛ اجرا کردنِ صدا، فیلم، برنامه و مانند آن (فعل)",放音乐 (fàng yīnyuè) | 放电影 (fàng diànyǐng) | 放视频 (fàng shìpín) | 放一首歌 (fàng yì shǒu gē),他在房间里放音乐。,Tā zài fángjiān li fàng yīnyuè.,او در اتاق موسیقی پخش می‌کند.,口语常用；“播放”更正式。
113,放,fàng,HSK 3,动,4,停止工作、学习或活动，让人休息；多用于假期、学业等（动/语素）,تعطیل کردن یا مرخص کردن؛ متوقف کردن کار/درس برای استراحت یا تعطیلی (فعل/تکواژ),放假 (fàngjià) | 放学 (fàngxué) | 放工 (fànggōng) | 放一天假 (fàng yì tiān jià),明天学校放假。,Míngtiān xuéxiào fàngjià.,فردا مدرسه تعطیل است.,多见于“放假、放学”等；这些词建议作为单独词条处理。
114,方便,fāngbiàn,HSK 3,形、动,1,做事容易；省时间、省力；条件便利（形）,راحت؛ آسان؛ مناسب؛ بی‌دردسر و دارای شرایط مناسب برای انجام کار (صفت),交通方便 (jiāotōng fāngbiàn) | 生活方便 (shēnghuó fāngbiàn) | 买东西方便 (mǎi dōngxi fāngbiàn) | 很方便 (hěn fāngbiàn),这里交通很方便。,Zhèli jiāotōng hěn fāngbiàn.,رفت‌وآمد اینجا خیلی راحت است.,最常用义；可形容地点、交通、生活、工具等是否便利。
114,方便,fāngbiàn,HSK 3,形、动,2,使别人容易做事；给别人提供便利（动）,راحت‌تر کردن؛ تسهیل کردن؛ فراهم کردن شرایط مناسب برای دیگران (فعل),方便大家 (fāngbiàn dàjiā) | 方便联系 (fāngbiàn liánxì) | 方便学生学习 (fāngbiàn xuésheng xuéxí) | 方便使用 (fāngbiàn shǐyòng),为了方便大家，我们把时间改到了下午。,"Wèile fāngbiàn dàjiā, wǒmen bǎ shíjiān gǎi dào le xiàwǔ.","برای راحتی همه، زمان را به بعدازظهر تغییر دادیم.",动词用法常见于“为了方便……”或“方便+人/做事”的结构。
114,方便,fāngbiàn,HSK 3,形、动,3,有空或条件允许；适合做某事，也可委婉表示钱或条件暂时不宽裕（形）,وقت داشتن؛ شرایط مناسب داشتن؛ مناسب بودن برای انجام کاری؛ گاهی مؤدبانه برای دست‌تنگ بودن یا فراهم نبودن شرایط (صفت),现在方便吗 (xiànzài fāngbiàn ma) | 方便说话吗 (fāngbiàn shuōhuà ma) | 手头不方便 (shǒutóu bù fāngbiàn) | 方便的时候 (fāngbiàn de shíhou),我最近手头不方便，能不能晚点儿还你钱？,"Wǒ zuìjìn shǒutóu bù fāngbiàn, néng bù néng wǎn diǎnr huán nǐ qián?",این روزها دستم از نظر مالی بسته است؛ می‌شود کمی دیرتر پولت را پس بدهم؟,常用于礼貌询问时间、地点或条件是否合适；“手头不方便”多指暂时钱不方便或条件不允许，不必单列。
114,方便,fāngbiàn,HSK 3,形、动,4,上厕所；大小便的委婉说法（动）,"دستشویی رفتن؛ قضای حاجت کردن، به‌صورت مؤدبانه و غیرمستقیم (فعل)",去方便一下 (qù fāngbiàn yíxià) | 我方便一下 (wǒ fāngbiàn yíxià) | 方便完了 (fāngbiàn wán le) | 找厕所方便 (zhǎo cèsuǒ fāngbiàn),不好意思，我去方便一下。,"Bù hǎoyìsi, wǒ qù fāngbiàn yíxià.","ببخشید، می‌روم دستشویی.",委婉口语用法；正式或直接说法是“上厕所”。不宜和“不方便离开”等形容词用法混在一起。
115,方便面,fāngbiànmiàn,HSK 3,名,1,经过加工、加热水或煮一下就能吃的面（名）,نودل فوری؛ رشتهٔ آماده‌ای که با آب جوش یا کمی پختن سریع آماده می‌شود (اسم),一包方便面 (yì bāo fāngbiànmiàn) | 吃方便面 (chī fāngbiànmiàn) | 泡方便面 (pào fāngbiànmiàn) | 煮方便面 (zhǔ fāngbiànmiàn),晚上太晚了，我只吃了一包方便面。,"Wǎnshang tài wǎn le, wǒ zhǐ chī le yì bāo fāngbiànmiàn.",شب خیلی دیر شده بود و فقط یک بسته نودل فوری خوردم.,量词常用“包、碗”；口语也常说“泡面”。
116,方法,fāngfǎ,HSK 3,名,1,解决问题或做事情所采用的办法、方式（名）,روش؛ راه؛ شیوهٔ انجام کاری یا حل مسئله (اسم),学习方法 (xuéxí fāngfǎ) | 好方法 (hǎo fāngfǎ) | 用这个方法 (yòng zhège fāngfǎ) | 找方法 (zhǎo fāngfǎ),这个方法很简单，也很有用。,"Zhège fāngfǎ hěn jiǎndān, yě hěn yǒuyòng.",این روش ساده و بسیار مفید است.,比“办法”更中性，常用于学习、工作、研究、解决问题等。
117,放假,fàngjià,HSK 3,动,1,停止工作、学习等，休息一段时间；学校、单位等开始假期（动）,تعطیل شدن؛ مرخصی یا تعطیلی داشتن؛ برای مدتی از کار یا درس دست کشیدن و استراحت کردن (فعل),学校放假 (xuéxiào fàngjià) | 明天放假 (míngtiān fàngjià) | 放三天假 (fàng sān tiān jià) | 放寒假 (fàng hánjià),我们学校下周放假。,Wǒmen xuéxiào xià zhōu fàngjià.,مدرسهٔ ما هفتهٔ آینده تعطیل می‌شود.,常用于学校、单位或节日假期；“放寒假、放暑假”可作为固定搭配处理。
118,方向,fāngxiàng,HSK 3,名,1,东、西、南、北等位置指向；前进或移动的目标方位（名）,جهت؛ سمت؛ سوی حرکت یا موقعیت (اسم),方向错了 (fāngxiàng cuò le) | 东北方向 (dōngběi fāngxiàng) | 往这个方向走 (wǎng zhège fāngxiàng zǒu) | 看清方向 (kànqīng fāngxiàng),你走错方向了。,Nǐ zǒu cuò fāngxiàng le.,تو مسیر/جهت را اشتباه رفته‌ای.,可指具体空间方向；常和“东南西北、走、看、错”等搭配。
118,方向,fāngxiàng,HSK 3,名,2,目标、趋势或努力的重点（名）,"جهت‌گیری؛ هدف؛ مسیر کلی یا گرایش در کار، فکر یا تلاش (اسم)",学习方向 (xuéxí fāngxiàng) | 研究方向 (yánjiū fāngxiàng) | 发展方向 (fāzhǎn fāngxiàng) | 明确方向 (míngquè fāngxiàng),我们需要明确以后的发展方向。,Wǒmen xūyào míngquè yǐhòu de fāzhǎn fāngxiàng.,ما باید جهت‌گیری/مسیر توسعهٔ آینده را روشن کنیم.,抽象用法，常用于学习、工作、研究、发展等语境。
119,放心,fàngxīn,HSK 3,动、形,1,心里不担心；觉得安全、可靠（动/形）,خیال راحت داشتن؛ مطمئن بودن؛ نگران نبودن (فعل/صفت),放心吧 (fàngxīn ba) | 很放心 (hěn fàngxīn) | 对他放心 (duì tā fàngxīn) | 让人放心 (ràng rén fàngxīn),你放心吧，我会照顾好自己。,"Nǐ fàngxīn ba, wǒ huì zhàogù hǎo zìjǐ.","خیالت راحت باشد، از خودم خوب مراقبت می‌کنم.",常用于安慰别人；反义词是“担心”。“让人放心”表示让别人感到可靠、不担心。
120,放学,fàngxué,HSK 3,动,1,学校一天的课结束，学生离开学校（动）,تعطیل شدنِ مدرسه؛ تمام شدن کلاس‌ها و رفتن دانش‌آموزان از مدرسه (فعل),放学以后 (fàngxué yǐhòu) | 放学回家 (fàngxué huí jiā) | 等孩子放学 (děng háizi fàngxué) | 下午放学 (xiàwǔ fàngxué),孩子们放学以后就回家了。,Háizimen fàngxué yǐhòu jiù huí jiā le.,بچه‌ها بعد از تعطیل شدن مدرسه به خانه برگشتند.,只用于学校、学生语境；不要和“下班”混用。
121,房子,fángzi,HSK 3,名,1,供人居住或使用的建筑物；住宅（名）,خانه؛ ساختمان یا واحدی برای زندگی یا استفاده (اسم),买房子 (mǎi fángzi) | 租房子 (zū fángzi) | 一套房子 (yí tào fángzi) | 老房子 (lǎo fángzi),他们在城里买了一套房子。,Tāmen zài chéng li mǎi le yí tào fángzi.,آن‌ها در شهر یک خانه/واحد خریدند.,口语常用；量词常用“套、间、栋”，具体选择看房子的类型。
122,发烧,fāshāo,HSK 3,动,1,体温升高，超过正常范围；发热（动）,تب داشتن؛ بالا رفتن دمای بدن از حد طبیعی (فعل),有点儿发烧 (yǒudiǎnr fāshāo) | 发高烧 (fā gāoshāo) | 孩子发烧 (háizi fāshāo) | 发烧了 (fāshāo le),孩子有点儿发烧，得去医院看看。,"Háizi yǒudiǎnr fāshāo, děi qù yīyuàn kànkan.",بچه کمی تب دارد و باید برود بیمارستان/دکتر دیده شود.,口语常用；也可说“发热”，语气稍正式或医学化。
123,发生,fāshēng,HSK 3,动,1,事情出现、产生或发生了变化，多指事件、情况或问题（动）,"رخ دادن؛ اتفاق افتادن؛ پیش آمدن، بیشتر دربارهٔ رویداد، وضعیت یا مشکل (فعل)",发生事情 (fāshēng shìqing) | 发生变化 (fāshēng biànhuà) | 发生事故 (fāshēng shìgù) | 发生问题 (fāshēng wèntí),昨天晚上这里发生了一起交通事故。,Zuótiān wǎnshang zhèli fāshēng le yì qǐ jiāotōng shìgù.,دیشب اینجا یک حادثهٔ رانندگی رخ داد.,主语多是事情、事故、变化、问题等，不能直接说“我发生了……”。
124,发现,fāxiàn,HSK 3,动、名,1,看到、找到或注意到原来不知道的人、事物或情况（动）,کشف کردن؛ پی بردن؛ متوجه شدنِ چیزی که قبلاً نمی‌دانستیم (فعل),发现问题 (fāxiàn wèntí) | 发现错误 (fāxiàn cuòwù) | 发现一个秘密 (fāxiàn yí ge mìmì) | 突然发现 (tūrán fāxiàn),我发现他今天不太高兴。,Wǒ fāxiàn tā jīntiān bú tài gāoxìng.,متوجه شدم او امروز خیلی خوشحال نیست.,可指发现具体东西，也可指发现情况、问题、事实等。
124,发现,fāxiàn,HSK 3,动、名,2,被找到或认识到的新事物、新情况或新成果（名）,کشف؛ یافته؛ چیز یا نتیجهٔ تازه‌ای که پیدا یا شناخته شده است (اسم),重要发现 (zhòngyào fāxiàn) | 新发现 (xīn fāxiàn) | 科学发现 (kēxué fāxiàn) | 有了发现 (yǒu le fāxiàn),这个发现对医学研究很重要。,Zhège fāxiàn duì yīxué yánjiū hěn zhòngyào.,این کشف برای پژوهش پزشکی بسیار مهم است.,名词用法较常见于科学、研究、调查等语境。
125,发展,fāzhǎn,HSK 3,动、名,1,事物由小到大、由简单到复杂、由低级到高级地变化（不及物动）,رشد کردن؛ پیشرفت کردن؛ توسعه یافتن (فعل ناگذرا),经济发展 (jīngjì fāzhǎn) | 城市发展 (chéngshì fāzhǎn) | 发展很快 (fāzhǎn hěn kuài) | 继续发展 (jìxù fāzhǎn),这个城市发展得很快。,Zhège chéngshì fāzhǎn de hěn kuài.,این شهر خیلی سریع توسعه پیدا کرده است.,不及物用法，主语本身发生变化或进步；可用于经济、城市、社会、技术、个人能力等。
125,发展,fāzhǎn,HSK 3,动、名,2,使事物扩大、进步或形成新的关系、规模、业务等（及物动）,"گسترش دادن؛ توسعه دادن؛ پیش بردنِ کار، رابطه، فعالیت یا مقیاس (فعل گذرا)",发展经济 (fāzhǎn jīngjì) | 发展业务 (fāzhǎn yèwù) | 发展关系 (fāzhǎn guānxi) | 发展兴趣 (fāzhǎn xìngqù),公司正在发展新的业务。,Gōngsī zhèngzài fāzhǎn xīn de yèwù.,شرکت در حال توسعهٔ فعالیت‌های جدید است.,及物用法，后面接被扩大、推进或培养的对象；常用于经济、业务、关系、兴趣、能力等。
125,发展,fāzhǎn,HSK 3,动、名,3,吸收新成员；使某人成为组织的一员（及物动）,عضو جدید جذب کردن؛ کسی را به عضویت یک سازمان درآوردن (فعل),发展新党员 (fāzhǎn xīn dǎngyuán) | 发展新成员 (fāzhǎn xīn chéngyuán) | 发展会员 (fāzhǎn huìyuán) | 发展对象 (fāzhǎn duìxiàng),这个组织正在发展新成员。,Zhège zǔzhī zhèngzài fāzhǎn xīn chéngyuán.,این سازمان در حال جذب اعضای جدید است.,多用于政党、组织、协会等吸收成员的语境；“发展对象”常指准备被吸收、培养的人。
125,发展,fāzhǎn,HSK 3,动、名,4,事物发展变化的过程、情况或前途（名）,"رشد؛ توسعه؛ روند، وضعیت یا آیندهٔ پیشرفت و تحول (اسم)",未来发展 (wèilái fāzhǎn) | 发展方向 (fāzhǎn fāngxiàng) | 发展空间 (fāzhǎn kōngjiān) | 经济的发展 (jīngjì de fāzhǎn),这个行业还有很大的发展空间。,Zhège hángyè hái yǒu hěn dà de fāzhǎn kōngjiān.,این صنعت هنوز فضای زیادی برای رشد دارد.,名词用法常见于“发展方向、发展空间、未来发展、……的发展”等。
126,风,fēng,HSK 3,名,1,空气流动形成的自然现象（名）,باد؛ جریان هوا (اسم),刮风 (guā fēng) | 大风 (dà fēng) | 冷风 (lěng fēng) | 风很大 (fēng hěn dà) |风声 (fēngshēng),外面风很大，出门多穿点儿。,"Wàimian fēng hěn dà, chūmén duō chuān diǎnr.",بیرون باد شدیدی می‌وزد؛ موقع بیرون رفتن بیشتر لباس بپوش.,最常用义；“刮风”表示 باد وزیدن。
126,风,fēng,HSK 3,名、语素,2,风气；风格；某种习惯、作风或特点，多用于构词（名/语素）,"فضا و رسم رایج؛ سبک؛ حال‌وهوا یا ویژگیِ یک گروه، دوره یا کار (اسم/تکواژ)",中国风 (Zhōngguó fēng) | 校风 (xiàofēng) | 民风 (mínfēng) ,这家店的装修很有中国风。,Zhè jiā diàn de zhuāngxiū hěn yǒu Zhōngguó fēng.,دکوراسیون این مغازه حال‌وهوای چینی زیادی دارد.,此义多见于构词或固定说法；“作风、校风、民风、中国风”可作为单独词条处理。
127,封,fēng,HSK 3,动、量、名,1,把开口、入口或物体封住，使里面的东西不能出来或外面不能进去（动）,"بستن؛ مهر و موم کردن؛ مسدود کردنِ دهانه، راه یا چیزی برای جلوگیری از ورود یا خروج (فعل)",封住门口 (fēngzhù ménkǒu) | 封好信封 (fēng hǎo xìnfēng) | 封箱子 (fēng xiāngzi) | 封起来 (fēng qǐlai),请把这个箱子封好。,Qǐng bǎ zhège xiāngzi fēng hǎo.,لطفاً این جعبه را خوب ببند و مهر و موم کن.,常用于信封、箱子、入口、道路等；“封住、封起来”强调堵住或关严。
127,封,fēng,HSK 3,动、量、名,2,关闭、禁止或限制某处、某账号、某活动等使用或通行（动）,"بستن؛ مسدود کردن؛ ممنوع یا محدود کردنِ استفاده، رفت‌وآمد یا دسترسی (فعل)",封路 (fēng lù) | 封城 (fēng chéng) | 封账号 (fēng zhànghào) | 被封了 (bèi fēng le),因为下雪，这条路被封了。,"Yīnwèi xià xuě, zhè tiáo lù bèi fēng le.","به‌خاطر بارش برف، این جاده بسته شده است.",现代常见用法，可用于道路、城市、账号、网站等；“被封了”口语中常指账号或通道被禁止使用。
127,封,fēng,HSK 3,动、量、名,3,用于信、邮件等封好的东西（量）,"واحد شمارش برای نامه، ایمیل یا نوشتهٔ بسته‌بندی‌شده/فرستاده‌شده (واحد شمارش)",一封信 (yì fēng xìn) | 一封邮件 (yì fēng yóujiàn) | 两封信 (liǎng fēng xìn) | 这封信 (zhè fēng xìn),我收到了一封朋友的来信。,Wǒ shōudào le yì fēng péngyou de láixìn.,یک نامه از دوستم دریافت کردم.,量词用法很常见，尤其用于“信、邮件、来信”等。
127,封,fēng,HSK 3,动、量、名,4,姓氏（名）,فِنگ؛ نام خانوادگی چینی (اسم خاص),封先生 (Fēng xiānsheng) | 封老师 (Fēng lǎoshī) | 封女士 (Fēng nǚshì) | 老封 (Lǎo Fēng),封老师今天不在办公室。,Fēng lǎoshī jīntiān bú zài bàngōngshì.,معلم فنگ امروز در دفتر نیست.,
128,分开,fēnkāi,HSK 3,动、形,1,使人或事物不在一起；把整体分成几个部分（动）,جدا کردن؛ از هم جدا کردن؛ تقسیم کردن یک چیز یا چند نفر به بخش‌ها یا جاهای جدا (فعل),把东西分开 (bǎ dōngxi fēnkāi) | 分开坐 (fēnkāi zuò) | 分开讨论 (fēnkāi tǎolùn) | 分开放 (fēnkāi fàng),请把这些衣服和那些衣服分开。,Qǐng bǎ zhèxiē yīfu hé nàxiē yīfu fēnkāi.,لطفاً این لباس‌ها را از آن لباس‌ها جدا کن.,及物用法常见，也可作方式状语，如“分开坐、分开放”。
128,分开,fēnkāi,HSK 3,动、形,2,人或事物不在一起；彼此分离（动/形）,جدا شدن؛ جدا بودن؛ با هم نبودن یا از هم دور شدن (فعل/صفت),两个人分开 (liǎng ge rén fēnkāi) | 分开生活 (fēnkāi shēnghuó) | 分开以后 (fēnkāi yǐhòu) | 暂时分开 (zànshí fēnkāi),他们结婚后不久就分开了。,Tāmen jiéhūn hòu bù jiǔ jiù fēnkāi le.,آن‌ها کمی بعد از ازدواج از هم جدا شدند.,不及物用法常用于人、地点或关系；用于夫妻、恋人时可表示分居或分手，具体意思看语境。
129,附近,fùjìn,HSK 3,名、方位词,1,离某个地方不远的地方；周围一带（名/方位词）,نزدیکی؛ حوالی؛ اطراف یک جا (اسم/مکان‌نما),学校附近 (xuéxiào fùjìn) | 附近有超市 (fùjìn yǒu chāoshì) | 住在附近 (zhù zài fùjìn) | 这附近 (zhè fùjìn),学校附近有一家书店。,Xuéxiào fùjìn yǒu yì jiā shūdiàn.,نزدیک مدرسه یک کتاب‌فروشی هست.,常作地点名词，可说“在……附近、……附近有……”；比“旁边”范围更大。
130,夫妻,fūqī,HSK 3,名,1,丈夫和妻子；已结婚的一对男女（名）,زن و شوهر؛ زوجِ ازدواج‌کرده (اسم),一对夫妻 (yí duì fūqī) | 年轻夫妻 (niánqīng fūqī) | 夫妻关系 (fūqī guānxi) | 老夫妻 (lǎo fūqī),这对夫妻在一起生活了三十年。,Zhè duì fūqī zài yìqǐ shēnghuó le sānshí nián.,این زن و شوهر سی سال با هم زندگی کرده‌اند.,指已婚的两个人；量词常用“对”。日常也常说“两口子”，更口语。
131,服务,fúwù,HSK 3,动、名,1,为别人或集体做事，满足需要或提供帮助（动）,خدمت کردن؛ خدمات ارائه دادن؛ کاری برای رفع نیاز یا کمک به دیگران انجام دادن (فعل),为人民服务 (wèi rénmín fúwù) | 为顾客服务 (wèi gùkè fúwù) | 服务大家 (fúwù dàjiā) | 热情服务 (rèqíng fúwù),这家店的员工服务很热情。,Zhè jiā diàn de yuángōng fúwù hěn rèqíng.,کارکنان این مغازه خیلی گرم و باحوصله خدمت می‌کنند.,动词用法常见于商店、餐厅、公共机构等场景；“为……服务”结构很常用。
131,服务,fúwù,HSK 3,动、名,2,提供给顾客、用户或公众的帮助、工作或体验（名）,"خدمات؛ کمک، کار یا تجربه‌ای که به مشتری، کاربر یا عموم ارائه می‌شود (اسم)",服务很好 (fúwù hěn hǎo) | 客户服务 (kèhù fúwù) | 售后服务 (shòuhòu fúwù) | 服务态度 (fúwù tàidu),这家饭店的服务很好。,Zhè jiā fàndiàn de fúwù hěn hǎo.,خدمات این رستوران خیلی خوب است.,名词用法很常见；常用于评价餐厅、商店、公司、网站、公共机构等。
132,复习,fùxí,HSK 3,动、名,1,重新学习已经学过的内容，以便记住或准备考试（动/名）,"مرور کردن؛ دوباره خواندنِ مطالبی که قبلاً یاد گرفته شده، برای یادآوری یا آمادگی امتحان (فعل/اسم)",复习课文 (fùxí kèwén) | 复习生词 (fùxí shēngcí) | 复习功课 (fùxí gōngkè) | 考前复习 (kǎo qián fùxí),考试前我每天复习生词。,Kǎoshì qián wǒ měi tiān fùxí shēngcí.,قبل از امتحان هر روز واژه‌های جدید را مرور می‌کنم.,可作动词，也可作名词，如“认真复习、复习很重要”；反义词可用“预习”。
133,该,gāi,HSK 3,助动、动、代,1,表示应该、需要或应由某人做某事（助动）,باید؛ لازم است؛ بر عهدهٔ کسی است کاری را انجام دهد (فعل کمکی),该走了 (gāi zǒu le) | 该怎么办 (gāi zěnme bàn) | 该谁负责 (gāi shéi fùzé) | 该你出钱 (gāi nǐ chū qián),时间不早了，我们该走了。,"Shíjiān bù zǎo le, wǒmen gāi zǒu le.","وقت دیر شده، باید برویم.",助动词用法最常见；也可用于“该谁负责/该你出钱”等结构，表示应由谁承担。
133,该,gāi,HSK 3,助动、动、代,2,轮到某人做某事（动/助动）,نوبتِ کسی بودن؛ رسیدن نوبت به کسی برای انجام کاری (فعل/فعل کمکی),该我了 (gāi wǒ le) | 该你了 (gāi nǐ le) | 该谁回答 (gāi shéi huídá) | 该他上场 (gāi tā shàngchǎng),该你回答这个问题了。,Gāi nǐ huídá zhège wèntí le.,حالا نوبت توست که به این سؤال جواب بدهی.,常用于轮流做事的场景；“该你了”很口语。
133,该,gāi,HSK 3,助动、动、代,3,这个或那个；上述的，多用于正式书面语（代）,"مذکور؛ فوق‌الذکر؛ موردِ یادشده، بیشتر در زبان رسمی و نوشتاری (ضمیر/صفت اشاره)",该公司 (gāi gōngsī) | 该校 (gāi xiào) | 该地区 (gāi dìqū) | 该问题 (gāi wèntí),该公司去年开始进入中国市场。,Gāi gōngsī qùnián kāishǐ jìnrù Zhōngguó shìchǎng.,این شرکت از سال گذشته وارد بازار چین شد.,书面语用法，口语中通常说“这家公司、那个问题”等。
134,干,gān,HSK 3,形、名、动、语素,1,没有水分或水分很少（形）,خشک؛ بی‌آب؛ کم‌رطوبت (صفت),衣服干了 (yīfu gān le) | 头发干 (tóufa gān) | 天气很干 (tiānqì hěn gān) | 干毛巾 (gān máojīn),衣服还没干。,Yīfu hái méi gān.,لباس‌ها هنوز خشک نشده‌اند.,读 gān；反义词是“湿”。
134,干,gān,HSK 3,形、名、动、语素,2,表示动作的结果是变干；常作结果补语或构词成分（补语/语素）,خشک شدن یا خشک کردن به‌عنوان نتیجهٔ عمل؛ به حالت خشک رساندن (متمم/تکواژ),擦干 (cā gān) | 晒干 (shài gān) | 烘干 (hōnggān) | 晾干 (liàng gān),请把手擦干。,Qǐng bǎ shǒu cā gān.,لطفاً دست‌هایت را خشک کن.,“干”在“擦干、晒干、烘干、晾干”中多作结果补语；不宜简单处理为独立动词。
134,干,gān,HSK 3,形、名、动、语素,3,脱水或晒干后制成的食品（名/语素）,خوراکی خشک‌شده؛ خشکبار یا مادهٔ غذایی خشک‌شده (اسم/تکواژ),牛肉干 (niúròu gān) | 水果干 (shuǐguǒ gān) | 豆腐干 (dòufu gān) | 葡萄干 (pútao gān) | 芒果干 (mángguǒ gān),我买了一包牛肉干。,Wǒ mǎi le yì bāo niúròu gān.,من یک بسته گوشت خشک خریدم.,多用于食品名称；“水果干”泛指 میوهٔ خشک。
134,干,gān,HSK 3,形、名、动、语素,4,没有效果、没有内容或没有实质行动；白白地（副/语素）,بی‌نتیجه؛ بی‌حاصل؛ فقط در ظاهر یا بدون اقدام واقعی (قید/تکواژ),干等 (gān děng) | 干着急 (gān zháojí) | 干笑 (gān xiào) | 干说不做 (gān shuō bú zuò),你别干等着，先给他打个电话。,"Nǐ bié gān děngzhe, xiān gěi tā dǎ ge diànhuà.",بی‌خودی همین‌طور منتظر نمان؛ اول به او زنگ بزن.,读 gān；常用于固定搭配，单独解释为“白白地、没有实际效果”。
134,干,gān,HSK 3,形、名、动、语素,5,非亲生、非血缘关系的；认来的亲属关系（形/语素）,غیرخونی؛ خوانده؛ وابسته به رابطهٔ خانوادگیِ قراردادی یا پذیرفته‌شده (صفت/تکواژ),干妈 (gānmā) | 干爸 (gānbà) | 干儿子 (gān érzi) | 干女儿 (gān nǚ'ér),她是我的干妈，从小很照顾我。,"Tā shì wǒ de gānmā, cóng xiǎo hěn zhàogù wǒ.",او مادرخواندهٔ من است و از بچگی خیلی از من مراقبت کرده است.,读 gān；多用于亲属称谓，可作为相关词条单独处理。
134,干,gàn,HSK 3,形、名、动、语素,6,做；从事某种工作或事情（动）,انجام دادن؛ مشغول کاری بودن؛ کاری را انجام دادن (فعل),干活儿 (gàn huór) | 干工作 (gàn gōngzuò) | 干什么 (gàn shénme) | 好好干 (hǎohǎo gàn),你周末想干什么？,Nǐ zhōumò xiǎng gàn shénme?,آخر هفته می‌خواهی چه کار کنی؟,读 gàn；口语常用，相当于“做”，但语气更口语或更强调实际干事。
134,干,gàn,HSK 3,形、名、动、语素,7,有能力；会办事，多用于“能干”等词（形/语素）,توانا؛ کاربلد؛ از عهدهٔ کارها برآمدنی (صفت/تکواژ),能干 (nénggàn) | 精明能干 (jīngmíng nénggàn) | 很能干 (hěn nénggàn),她很能干，一个人能处理很多事情。,"Tā hěn nénggàn, yí ge rén néng chǔlǐ hěn duō shìqing.",او خیلی کاربلد است و یک‌تنه می‌تواند کارهای زیادی را مدیریت کند.,读 gàn；主要见于“能干、精明能干”等词，建议“能干”作为单独词条处理。
134,干,gàn,HSK 3,形、名、动、语素,8,树木、身体或事物的主体部分；多用于构词（名/语素）,"تنه؛ بخش اصلی بدن، درخت یا یک چیز؛ بیشتر در ترکیب‌ها (اسم/تکواژ)",树干 (shùgàn) | 躯干 (qūgàn) | 主干 (zhǔgàn) | 骨干 (gǔgàn),这棵树的树干很粗。,Zhè kē shù de shùgàn hěn cū.,تنهٔ این درخت خیلی کلفت است.,此义读 gàn，不读 gān；多作构词成分，相关词可作为单独词条处理。
135,感兴趣,gǎn xìngqù,HSK 3,动词短语,1,对某人、某事或某活动有兴趣，想了解或参与（动词短语）,"علاقه‌مند بودن؛ به کسی، چیزی یا کاری علاقه داشتن و خواستن که بیشتر بداند یا شرکت کند (عبارت فعلی)",对中文感兴趣 (duì Zhōngwén gǎn xìngqù) | 对历史感兴趣 (duì lìshǐ gǎn xìngqù) | 很感兴趣 (hěn gǎn xìngqù) | 不感兴趣 (bù gǎn xìngqù),我对中国文化很感兴趣。,Wǒ duì Zhōngguó wénhuà hěn gǎn xìngqù.,من به فرهنگ چین خیلی علاقه‌مندم.,常用结构是“对……感兴趣”；“兴趣”可作为单独词条处理。
136,感到,gǎndào,HSK 3,动,1,产生某种感觉、情绪或看法；觉得（动）,احساس کردن؛ دچار احساسی شدن؛ چیزی را حس کردن یا چنین برداشتی داشتن (فعل),感到高兴 (gǎndào gāoxìng) | 感到累 (gǎndào lèi) | 感到奇怪 (gǎndào qíguài) | 感到满意 (gǎndào mǎnyì),听到这个消息，我感到很高兴。,"Tīngdào zhège xiāoxi, wǒ gǎndào hěn gāoxìng.",با شنیدن این خبر خیلی خوشحال شدم.,后面常接形容词或心理、感觉类词语；比“觉得”稍正式。
137,刚,gāng,HSK 3,副,1,表示动作或情况发生在不久以前（副）,همین الان؛ تازه؛ کمی پیش (قید),刚到 (gāng dào) | 刚开始 (gāng kāishǐ) | 刚吃完 (gāng chī wán),我刚到家。,Wǒ gāng dào jiā.,من تازه به خانه رسیدم.,和“刚才、刚刚”意思接近，但“刚”通常放在动词前。
137,刚,gāng,HSK 3,副,2,表示时间、数量或程度正好达到某一点；恰好（副）,درست؛ دقیقاً؛ تازه به حدی رسیدن (قید),刚好 (gānghǎo) | 刚满十八岁 (gāng mǎn shíbā suì) | 刚够 (gāng gòu),这件衣服大小刚好。,Zhè jiàn yīfu dàxiǎo gānghǎo.,اندازهٔ این لباس درست مناسب است.,
138,刚才,gāngcái,HSK 3,副、名,1,说话前不久的时间；刚刚过去的时候（副/名）,همین چند لحظه پیش؛ کمی پیش (قید/اسم),刚才说 (gāngcái shuō) | 刚才看见 (gāngcái kànjiàn) | 刚才的事 (gāngcái de shì),刚才谁给你打电话了？,Gāngcái shéi gěi nǐ dǎ diànhuà le?,همین چند لحظه پیش چه کسی به تو زنگ زد؟,指过去不久的时间，不能指将来。
139,刚刚,gānggāng,HSK 3,副,1,动作或情况发生在不久以前；刚才（副）,همین الان؛ تازه؛ کمی پیش (قید),刚刚回来 (gānggāng huílái) | 刚刚开始 (gānggāng kāishǐ) | 刚刚收到 (gānggāng shōudào),我刚刚收到你的消息。,Wǒ gānggāng shōudào nǐ de xiāoxi.,من همین الان پیام تو را دریافت کردم.,和“刚才”接近；“刚刚”更强调时间很近。
139,刚刚,gānggāng,HSK 3,副,2,正好达到某个程度、数量或标准；刚好（副）,دقیقاً؛ درست به‌اندازه؛ تازه به حد لازم (قید),刚刚好 (gānggāng hǎo) | 刚刚够 (gānggāng gòu) | 刚刚及格 (gānggāng jígé),这杯水刚刚够两个人喝。,Zhè bēi shuǐ gānggāng gòu liǎng ge rén hē.,این لیوان آب درست برای دو نفر کافی است.,
140,干净,gānjìng,HSK 3,形、补语,1,没有脏东西；清洁（形）,تمیز؛ پاکیزه (صفت),干净的房间 (gānjìng de fángjiān) | 洗干净 (xǐ gānjìng) | 打扫干净 (dǎsǎo gānjìng),请把桌子擦干净。,Qǐng bǎ zhuōzi cā gānjìng.,لطفاً میز را تمیز پاک کن.,
140,干净,gānjìng,HSK 3,形、补语,2,一点儿不剩；彻底（补语/形）,کامل؛ بی‌باقی‌مانده؛ به‌طور کامل (صفت/متمم),吃干净 (chī gānjìng) | 忘得干净 (wàng de gānjìng) | 卖干净 (mài gānjìng),孩子把饭吃干净了。,Háizi bǎ fàn chī gānjìng le.,بچه غذا را کامل خورد و چیزی باقی نگذاشت.,常作结果补语。
140,干净,gānjìng,HSK 3,形、补语,3,不拖泥带水；利落；没有多余的东西（形）,مرتب و بی‌زائده؛ بی‌حاشیه؛ تمیز و جمع‌وجور (صفت),说得干净 (shuō de gānjìng) | 处理得干净 (chǔlǐ de gānjìng) | 画面干净 (huàmiàn gānjìng),她的回答很干净，没有多余的话。,"Tā de huídá hěn gānjìng, méiyǒu duōyú de huà.",پاسخ او خیلی جمع‌وجور و بی‌حاشیه بود و حرف اضافه نداشت.,
141,感冒,gǎnmào,HSK 3,动、名,1,患上感冒这种病（动）,سرما خوردن (فعل ناگذرا),感冒了 (gǎnmào le) | 容易感冒 (róngyì gǎnmào) | 重感冒 (zhòng gǎnmào),他昨天感冒了，今天没来上课。,"Tā zuótiān gǎnmào le, jīntiān méi lái shàngkè.",او دیروز سرما خورد و امروز برای کلاس نیامد.,
141,感冒,gǎnmào,HSK 3,动、名,2,感冒这种病（名）,سرماخوردگی (اسم),得感冒 (dé gǎnmào) | 预防感冒 (yùfáng gǎnmào) | 治疗感冒 (zhìliáo gǎnmào),冬天要注意预防感冒。,Dōngtiān yào zhùyì yùfáng gǎnmào.,زمستان باید مراقب پیشگیری از سرماخوردگی بود.,
142,高铁,gāotiě,HSK 3,名,1,高速铁路；也指高速铁路列车（名）,قطار سریع‌السیر؛ راه‌آهن سریع‌السیر (اسم),坐高铁 (zuò gāotiě) | 高铁站 (gāotiězhàn) | 高铁票 (gāotiě piào) | 乘坐高铁 (chéngzuò gāotiě),我们明天坐高铁去上海。,Wǒmen míngtiān zuò gāotiě qù Shànghǎi.,ما فردا با قطار سریع‌السیر به شانگهای می‌رویم.,“高铁”可指铁路系统，也常指高速列车；“高铁站”可作为单独词条处理。
143,更,gèng,HSK 3,副,1,表示程度进一步加深；更加（副）,بیشتر؛ باز هم؛ به‌مراتب بیشتر (قید),更好 (gèng hǎo) | 更快 (gèng kuài) | 更重要 (gèng zhòngyào) | 更喜欢 (gèng xǐhuan),今天比昨天更冷。,Jīntiān bǐ zuótiān gèng lěng.,امروز از دیروز سردتر است.,常用于比较或表示程度加深。
143,更,gèng,HSK 3,副,2,表示在原有基础上再进一步；又、再（副）,باز هم؛ علاوه بر آن؛ حتی بیشتر؛ چه برسد به اینکه (قید),更进一步 (gèng jìn yí bù) | 更别说 (gèng bié shuō) | 更不用说 (gèng bú yòng shuō),这个问题很难，更不用说一个人完成了。,"Zhège wèntí hěn nán, gèng bú yòng shuō yí ge rén wánchéng le.","این مسئله خیلی سخت است، چه برسد به اینکه یک نفر تنهایی آن را تمام کند.",多用于递进结构；“更别说/更不用说”很常见。
144,根据,gēnjù,HSK 3,介、动、名,1,按照某种事实、情况、资料或标准；以此作为依据（介/动）,بر اساس؛ طبق؛ بنا بر؛ چیزی را مبنا قرار دادن (حرف اضافه/فعل),根据规定 (gēnjù guīdìng) | 根据情况 (gēnjù qíngkuàng) | 根据事实 (gēnjù shìshí) | 根据需要 (gēnjù xūyào),根据天气预报，明天会下雨。,"Gēnjù tiānqì yùbào, míngtiān huì xià yǔ.","بر اساس پیش‌بینی هوا، فردا باران می‌بارد.",最常见用法是介词；动词义和介词义很接近，教学中可合并处理。
144,根据,gēnjù,HSK 3,介、动、名,2,作为判断、说话或行动的依据（名）,دلیل؛ مبنا؛ مستند؛ پایهٔ استدلال (اسم),有根据 (yǒu gēnjù) | 没有根据 (méiyǒu gēnjù) | 科学根据 (kēxué gēnjù) | 事实根据 (shìshí gēnjù),这种说法没有根据。,Zhè zhǒng shuōfa méiyǒu gēnjù.,این حرف هیچ مبنایی ندارد.,名词用法常见于“有/没有根据”。
145,公斤,gōngjīn,HSK 3,量、名,1,重量单位；一公斤等于一千克（量/名）,کیلوگرم؛ واحد وزن برابر با هزار گرم (واحد شمارش/اسم),一公斤苹果 (yì gōngjīn píngguǒ) | 两公斤米 (liǎng gōngjīn mǐ) | 五公斤重 (wǔ gōngjīn zhòng) | 每公斤多少钱 (měi gōngjīn duōshao qián),我买了两公斤苹果。,Wǒ mǎi le liǎng gōngjīn píngguǒ.,من دو کیلوگرم سیب خریدم.,口语中常说“公斤”或“千克”；日常买东西也常说“斤”，但“斤”不是一公斤。
146,公园,gōngyuán,HSK 3,名,1,供人休息、散步、游玩等的公共园地（名）,پارک؛ بوستان عمومی (اسم),去公园 (qù gōngyuán) | 在公园散步 (zài gōngyuán sànbù) | 公园门口 (gōngyuán ménkǒu) | 附近的公园 (fùjìn de gōngyuán),周末我们去公园散步。,Zhōumò wǒmen qù gōngyuán sànbù.,آخر هفته برای قدم زدن به پارک می‌رویم.,
147,工作日,gōngzuòrì,HSK 3,名,1,需要上班或上学的日子；非休息日（名）,روز کاری؛ روز اداری؛ روز غیرتعطیل (اسم),工作日上班 (gōngzuòrì shàngbān) | 工作日开放 (gōngzuòrì kāifàng) | 工作日上午 (gōngzuòrì shàngwǔ) | 非工作日 (fēi gōngzuòrì),这个银行工作日才开门。,Zhège yínháng gōngzuòrì cái kāimén.,این بانک فقط روزهای کاری باز است.,通常指周一到周五，但具体要看国家、单位或规定。
148,刮,guā,HSK 3,动,1,风吹；风把东西吹动（不及物动）,وزیدن؛ وزیدن باد و حرکت دادن چیزها (فعل),刮风 (guā fēng) | 刮大风 (guā dà fēng) | 风刮得很大 (fēng guā de hěn dà) | 刮了一夜风 (guā le yí yè fēng),外面刮大风，别出去了。,"Wàimiàn guā dà fēng, bié chūqù le.","بیرون باد شدیدی می‌وزد، بیرون نرو.",最常见用法是“刮风”。
148,刮,guā,HSK 3,动,2,用工具贴着物体表面擦、削或去掉表面的东西（及物动）,تراشیدن؛ خراشیدن؛ با ابزار چیزی را از روی سطح پاک یا جدا کردن (فعل),刮胡子 (guā húzi) | 刮墙皮 (guā qiángpí) | 刮掉污渍 (guā diào wūzì) | 刮鱼鳞 (guā yúlín),他每天早上刮胡子。,Tā měitiān zǎoshang guā húzi.,او هر روز صبح ریشش را می‌تراشد.,“刮胡子”很常用；“刮痧”可作为单独词条处理。
149,关,guān,HSK 3,动、名,1,使开着的东西合上；关闭（及物动）,بستن؛ تعطیل کردن (فعل),关门 (guān mén) | 关窗户 (guān chuānghu) | 把门关上 (bǎ mén guān shàng) | 关好门 (guān hǎo mén),请把门关上。,Qǐng bǎ mén guān shàng.,لطفاً در را ببند.,反义词是“开”；“关门”也可表示店铺、机构停止营业。
149,关,guān,HSK 3,动、名,2,使机器、电器等停止工作；关掉（及物动）,خاموش کردن؛ از کار انداختن دستگاه یا وسیله (فعل),关灯 (guān dēng) | 关电视 (guān diànshì) | 关电脑 (guān diànnǎo) | 关空调 (guān kōngtiáo),睡觉前别忘了关灯。,Shuìjiào qián bié wàng le guān dēng.,قبل از خواب یادت نرود چراغ را خاموش کنی.,常和电器、设备搭配；“关机”建议作为单独词条处理。
149,关,guān,HSK 3,动、名,3,把人或动物限制在某个地方；不让出来（及物动）,حبس کردن؛ در جایی نگه داشتن و اجازهٔ بیرون آمدن ندادن (فعل),关在屋里 (guān zài wū li) | 关进笼子 (guān jìn lóngzi) | 被关起来 (bèi guān qǐlái),他把狗关在院子里。,Tā bǎ gǒu guān zài yuànzi li.,او سگ را در حیاط نگه داشت و بیرون نگذاشت.,口语常用；不一定表示正式“坐牢”。
149,关,guān,HSK 3,动、名,4,与某人或某事有关；多用于否定表达（动）,"ربط داشتن؛ مربوط بودن، بیشتر در جملهٔ منفی (فعل)",不关你的事 (bù guān nǐ de shì) | 不关我的事 (bù guān wǒ de shì) | 关我什么事 (guān wǒ shénme shì),这不关你的事。,Zhè bù guān nǐ de shì.,این به تو ربطی ندارد.,常用于“不关……的事、关我什么事”等口语表达。
149,关,guān,HSK 3,动、名,5,姓氏（名）,نام خانوادگی چینی (اسم خاص),关老师 (Guān lǎoshī) | 关先生 (Guān xiānsheng),关老师今天来得很早。,Guān lǎoshī jīntiān lái de hěn zǎo.,معلم گوان امروز خیلی زود آمد.,
150,关机,guānjī,HSK 3,动、名,1,关闭机器或电子设备；也指设备处于关闭状态（动/名）,خاموش کردن دستگاه؛ خاموش بودن دستگاه (فعل/اسم),手机关机 (shǒujī guānjī) | 电脑关机 (diànnǎo guānjī) | 自动关机 (zìdòng guānjī) | 关机状态 (guānjī zhuàngtài),飞机起飞前，请把手机关机。,"Fēijī qǐfēi qián, qǐng bǎ shǒujī guānjī.","قبل از برخاستن هواپیما، لطفاً تلفن همراهتان را خاموش کنید.",常用于手机、电脑等设备；反义词是“开机”。
151,关系,guānxi,HSK 3,名、动,1,人、组织或事物之间的联系（名）,"رابطه؛ مناسبات؛ ارتباط میان افراد، سازمان‌ها یا چیزها (اسم)",朋友关系 (péngyou guānxi) | 家庭关系 (jiātíng guānxi) | 国际关系 (guójì guānxi) | 两者的关系 (liǎng zhě de guānxi),他们的关系很好。,Tāmen de guānxi hěn hǎo.,رابطهٔ آن‌ها خیلی خوب است.,最常见名词义；可指人际关系，也可指事物之间的联系。
151,关系,guānxi,HSK 3,名、动,2,社会上的人脉或可利用的私人联系（名）,رابطه و آشنا؛ ارتباطات شخصی و اجتماعی برای پیش بردن کار (اسم),有关系 (yǒu guānxi) | 找关系 (zhǎo guānxi) | 靠关系 (kào guānxi),他不是靠关系进公司的。,Tā bú shì kào guānxi jìn gōngsī de.,او با پارتی و رابطه وارد شرکت نشده است.,此义带有“人脉、门路”的意思，语境中有时略带负面色彩。
151,关系,guānxi,HSK 3,名、动,3,与某人或某事有关联（动/名）,ربط داشتن؛ مرتبط بودن؛ رابطه داشتن با چیزی یا کسی (فعل/اسم),跟我有关系 (gēn wǒ yǒu guānxi) | 和这件事有关系 (hé zhè jiàn shì yǒu guānxi) | 没有关系 (méiyǒu guānxi),这件事跟我没有关系。,Zhè jiàn shì gēn wǒ méiyǒu guānxi.,این موضوع به من ربطی ندارد.,常用于“跟/和……有关系、没有关系”，表示关联。
151,关系,guānxi,HSK 3,名、动,4,对某事有重要影响；关系到（动）,به چیزی مربوط و مؤثر بودن؛ پای چیزی در میان بودن (فعل),关系到健康 (guānxi dào jiànkāng) | 关系到未来 (guānxi dào wèilái) | 关系重大 (guānxi zhòngdà),这件事关系到每个人的安全。,Zhè jiàn shì guānxi dào měi ge rén de ānquán.,این موضوع به امنیت هر فرد مربوط می‌شود.,动词用法常见于“关系到……”，语气比普通“有关系”更正式、更重大。
151,关系,guānxi,HSK 3,名、动,5,影响某事安排或结果的原因、因素，多用于“由于/因为……关系”（名）,دلیل؛ عامل؛ ملاحظه یا شرایطی که بر انجام کاری اثر می‌گذارد (اسم),由于时间关系 (yóuyú shíjiān guānxi) | 因为工作关系 (yīnwèi gōngzuò guānxi) | 由于天气关系 (yóuyú tiānqì guānxi),由于时间关系，今天我们先讲到这里。,"Yóuyú shíjiān guānxi, jīntiān wǒmen xiān jiǎng dào zhèli.","به دلیل کمبود وقت، امروز فعلاً تا همین‌جا صحبت می‌کنیم.",多用于较正式或半正式表达，表示受某种因素影响。
151,关系,guānxi,HSK 3,名、动,6,表示不要紧、没有影响，常用于“没关系”（固定表达）,اشکالی ندارد؛ مهم نیست؛ مسئله‌ای نیست (عبارت ثابت),没关系 (méi guānxi) | 没什么关系 (méi shénme guānxi) | 一点关系也没有 (yìdiǎn guānxi yě méiyǒu),对不起。——没关系。,Duìbuqǐ. —— Méi guānxi.,ببخشید. — اشکالی ندارد.,“没关系”非常常用；既可回应道歉，也可表示“没有关联/影响”，需看语境。
152,关心,guānxīn,HSK 3,动,1,把人或事情放在心上；重视并给予注意或照顾（及物动）,اهمیت دادن؛ توجه و رسیدگی کردن؛ نگران و مراقب بودن (فعل),关心孩子 (guānxīn háizi) | 关心健康 (guānxīn jiànkāng) | 关心朋友 (guānxīn péngyou) | 关心国家大事 (guānxīn guójiā dàshì),妈妈很关心我的学习和生活。,Māma hěn guānxīn wǒ de xuéxí hé shēnghuó.,مامان خیلی به درس و زندگی من اهمیت می‌دهد.,可指情感上的关怀，也可指对事情的关注；比“关注”更有感情色彩。
153,关于,guānyú,HSK 3,介,1,引出涉及的对象、范围或内容（介）,دربارهٔ؛ در موردِ؛ مربوط به (حرف اضافه),关于学习 (guānyú xuéxí) | 关于这个问题 (guānyú zhège wèntí) | 关于中国文化 (guānyú Zhōngguó wénhuà) | 关于考试的通知 (guānyú kǎoshì de tōngzhī),关于这个问题，我们明天再讨论。,"Guānyú zhège wèntí, wǒmen míngtiān zài tǎolùn.","دربارهٔ این مسئله، فردا دوباره بحث می‌کنیم.",常用于书面语或较正式表达；口语中也常说“说到、至于、有关”。
154,关注,guānzhù,HSK 3,动、名,1,关心并注意某人或某事的发展变化（及物动）,توجه داشتن؛ دنبال کردن؛ زیر نظر داشتن و اهمیت دادن (فعل),关注新闻 (guānzhù xīnwén) | 关注健康 (guānzhù jiànkāng) | 关注这个问题 (guānzhù zhège wèntí) | 受到关注 (shòudào guānzhù),越来越多的人开始关注环境问题。,Yuè lái yuè duō de rén kāishǐ guānzhù huánjìng wèntí.,افراد بیشتری شروع کرده‌اند به مسئلهٔ محیط‌زیست توجه کنند.,比“关心”更偏向注意、观察和公共议题，不一定有私人感情。
154,关注,guānzhù,HSK 3,动、名,2,在网络平台上订阅或跟随某个账号、话题等（及物动）,دنبال کردن (فالو کردن)؛ عضو دنبال‌کنندگان شدن (فعل),关注公众号 (guānzhù gōngzhònghào) | 关注账号 (guānzhù zhànghào) | 取消关注 (qǔxiāo guānzhù) | 互相关注 (hùxiāng guānzhù),我关注了这个老师的账号。,Wǒ guānzhù le zhège lǎoshī de zhànghào.,من حساب کاربری این معلم را دنبال کردم.,网络用法很常见；“取消关注”表示 لغو دنبال‌کردن。
154,关注,guānzhù,HSK 3,动、名,3,注意力或关心的状态（名）,توجه؛ پیگیری (اسم),社会关注 (shèhuì guānzhù) | 公众关注 (gōngzhòng guānzhù) | 引起关注 (yǐnqǐ guānzhù) | 得到关注 (dédào guānzhù),这条新闻引起了很多关注。,Zhè tiáo xīnwén yǐnqǐ le hěn duō guānzhù.,این خبر توجه زیادی را جلب کرد.,
155,国家,guójiā,HSK 3,名,1,有领土、人民和政府的政治共同体（名）,کشور؛ دولت-ملت؛ سرزمین دارای مردم و حکومت (اسم),一个国家 (yí ge guójiā) | 国家发展 (guójiā fāzhǎn) | 国家安全 (guójiā ānquán) | 世界各国 (shìjiè gè guó),中国是一个很大的国家。,Zhōngguó shì yí ge hěn dà de guójiā.,چین کشور بسیار بزرگی است.,“国家”偏正式；日常说具体国家时也常用“国”，如“中国、美国”。
155,国家,guójiā,HSK 3,名,2,代表国家政权或公共管理体系的机构和力量（名）,حکومت؛ دولت؛ نظام کشوری (اسم),国家政策 (guójiā zhèngcè) | 国家机关 (guójiā jīguān) | 国家法律 (guójiā fǎlǜ) | 国家利益 (guójiā lìyì),每个人都应该遵守国家法律。,Měi ge rén dōu yīnggāi zūnshǒu guójiā fǎlǜ.,هر کسی باید قوانین کشور را رعایت کند.,此义常见于正式表达，强调国家层面的制度、政策或利益。
156,过节,guòjié,HSK 3,动、名,1,庆祝节日；度过节日（动）,جشن گرفتن مناسبت؛ گذراندن عید یا جشن (فعل),回家过节 (huí jiā guòjié) | 一起过节 (yìqǐ guòjié) | 过春节 (guò Chūnjié) | 过中秋节 (guò Zhōngqiū Jié),今年春节我回家过节。,Jīnnián Chūnjié wǒ huí jiā guòjié.,امسال عید بهار برای جشن گرفتن به خانه برمی‌گردم.,“过节”通常指过传统节日或重要节日。
156,过节,guòjié,HSK 3,动、名,2,节日；过节的时候（名）,زمان عید؛ دورهٔ جشن و مناسبت (اسم),过节期间 (guòjié qījiān) | 快过节了 (kuài guòjié le) | 过节气氛 (guòjié qìfēn),快过节了，商店里人很多。,"Kuài guòjié le, shāngdiàn li rén hěn duō.",نزدیک عید است و در فروشگاه‌ها آدم‌های زیادی هستند.,名词用法多指节日期间。
157,故事,gùshi,HSK 3,名,1,真实或虚构的事件；讲给别人听的事情（名）,داستان؛ قصه؛ حکایت (اسم),讲故事 (jiǎng gùshi) | 听故事 (tīng gùshi) | 故事书 (gùshi shū) | 真实故事 (zhēnshí gùshi),爷爷喜欢给我们讲故事。,Yéye xǐhuan gěi wǒmen jiǎng gùshi.,پدربزرگ دوست دارد برای ما داستان تعریف کند.,
157,故事,gùshi,HSK 3,名,2,作品、电影或经历中的情节和内容（名）,ماجرای اصلی؛ پیرنگ و محتوای یک اثر یا تجربه (اسم),故事内容 (gùshi nèiróng) | 故事情节 (gùshi qíngjié) | 故事背景 (gùshi bèijǐng) | 故事发展 (gùshi fāzhǎn),这个电影的故事很感人。,Zhège diànyǐng de gùshi hěn gǎnrén.,داستان این فیلم خیلی تأثیرگذار است.,
158,海,hǎi,HSK 3,名、语素,1,大面积的咸水；海洋（名）,دریا؛ اقیانوس (اسم),看海 (kàn hǎi) | 大海 (dàhǎi) | 海边 (hǎibiān) | 海水 (hǎishuǐ),我想去海边看海。,Wǒ xiǎng qù hǎibiān kàn hǎi.,می‌خواهم به کنار دریا بروم و دریا را ببینم.,
158,海,hǎi,HSK 3,名、语素,2,像海一样多或大的事物；多用于构词或比喻（名/语素）,تعداد زیادی از مردم یا اشیا یا ظرفیت؛ انبوه (اسم/تکواژ),人海 (rénhǎi) | 花海 (huāhǎi) | 火海 (huǒhǎi) | 海量信息 (hǎiliàng xìnxī) | 他是海量 (tā shì hǎiliàng),节日那天，广场上人山人海。,"Jiérì nà tiān, guǎngchǎng shang rénshān-rénhǎi.","روز جشن، میدان پر از جمعیت بود.",多用于比喻和固定搭配；“人山人海”可作为单独词条处理。
159,害怕,hàipà,HSK 3,动、形,1,遇到危险、困难或不好的事情时感到怕（动/形）,ترسیدن؛ ترس داشتن؛ احساس ترس کردن (فعل/صفت),害怕黑暗 (hàipà hēi'àn) | 害怕考试 (hàipà kǎoshì) | 很害怕 (hěn hàipà) | 有点儿害怕 (yǒudiǎnr hàipà),小孩子常常害怕黑暗。,Xiǎo háizi chángcháng hàipà hēi'àn.,بچه‌ها معمولاً از تاریکی می‌ترسند.,比“怕”稍正式一点，也很常用；口语里也常说“怕黑”。
160,好多,hǎoduō,HSK 3,数、形,1,数量很多；许多（数/形）,خیلی؛ تعداد زیادی؛ بسیار زیاد (عدد/صفت),好多人 (hǎoduō rén) | 好多东西 (hǎoduō dōngxi) | 好多次 (hǎoduō cì) | 好多朋友 (hǎoduō péngyou),今天公园里有好多人。,Jīntiān gōngyuán li yǒu hǎoduō rén.,امروز در پارک آدم‌های خیلی زیادی هستند.,口语常用，意思接近“很多”。
160,好多,hǎoduō,HSK 3,数、形,2,程度或数量增加了不少；情况明显变好（形）,خیلی بهتر از قبل؛ بسیار بهتر شدن (صفت),好多了 (hǎoduō le) | 比以前好多了 (bǐ yǐqián hǎoduō le) | 身体好多了 (shēntǐ hǎoduō le),吃了药以后，我好多了。,"Chī le yào yǐhòu, wǒ hǎoduō le.","بعد از خوردن دارو، حالم خیلی بهتر شد.",“好多了”非常常用，表示情况明显变好。
161,好久,hǎojiǔ,HSK 3,名、副,1,很长一段时间（名/副）,مدت طولانی؛ خیلی وقت (اسم/قید),好久不见 (hǎojiǔ bú jiàn) | 等了好久 (děng le hǎojiǔ) | 好久以前 (hǎojiǔ yǐqián) | 好久没来 (hǎojiǔ méi lái),好久不见，你最近怎么样？,"Hǎojiǔ bú jiàn, nǐ zuìjìn zěnmeyàng?","خیلی وقت است ندیدمت، اخیراً حالت چطور است؟",口语常用；“好久不见”是常见问候语。
162,号码,hàomǎ,HSK 3,名,1,表示顺序、身份或联系信息的数字或符号（名）,"شماره؛ عدد یا کدی برای ترتیب، هویت یا تماس (اسم)",电话号码 (diànhuà hàomǎ) | 手机号码 (shǒujī hàomǎ) | 身份证号码 (shēnfènzhèng hàomǎ) | 房间号码 (fángjiān hàomǎ),请把你的电话号码写在这里。,Qǐng bǎ nǐ de diànhuà hàomǎ xiě zài zhèli.,لطفاً شماره تلفنت را اینجا بنویس.,日常常说“号码”，也常简说“号”，如“手机号、房号”。
163,好像,hǎoxiàng,HSK 3,动、副,1,表示看起来、听起来或感觉上像某种情况；说话人不十分肯定（动/副）,انگار؛ مثل اینکه؛ به نظر می‌رسد؛ گویی (فعل/قید),好像要下雨 (hǎoxiàng yào xià yǔ) | 好像不太对 (hǎoxiàng bú tài duì) | 好像见过 (hǎoxiàng jiàn guò) | 好像一个梦 (hǎoxiàng yí ge mèng),外面好像要下雨了。,Wàimiàn hǎoxiàng yào xià yǔ le.,انگار بیرون می‌خواهد باران ببارد.,可表示不太肯定的判断，也可表示“像……一样”；不必把“像”义单独列出。
164,河,hé,HSK 3,名,1,天然或人工的流水通道，通常比江小（名）,"رود؛ رودخانه، معمولاً کوچک‌تر از رود بزرگ (اسم)",一条河 (yì tiáo hé) | 河边 (hébiān) | 过河 (guò hé) | 黄河 (Huáng Hé),我家附近有一条小河。,Wǒ jiā fùjìn yǒu yì tiáo xiǎo hé.,نزدیک خانهٔ من یک رودخانهٔ کوچک هست.,“河”常用量词是“条”；“黄河”为专名。
164,河,hé,HSK 3,名,2,姓氏（名）,نام خانوادگی چینی (اسم خاص),河老师 (Hé lǎoshī) | 河先生 (Hé xiānsheng),河老师今天给我们上课。,Hé lǎoshī jīntiān gěi wǒmen shàng kè.,معلم هه امروز به ما درس می‌دهد.,作姓氏不如“何”常见；如无姓氏需求，可不作为重点。
165,黑板,hēibǎn,HSK 3,名,1,教师写字用的深色板；也可泛指教室里的书写板（名）,تخته‌سیاه؛ تختهٔ کلاس (اسم),擦黑板 (cā hēibǎn) | 看黑板 (kàn hēibǎn) | 黑板上 (hēibǎn shang) | 写在黑板上 (xiě zài hēibǎn shang),老师把生词写在黑板上。,Lǎoshī bǎ shēngcí xiě zài hēibǎn shang.,معلم واژه‌های جدید را روی تخته نوشت.,现在教室里也常用白板，但“黑板”仍是常用词。
166,合适,héshì,HSK 3,形,1,符合需要、条件、标准或场合；适合（形）,"مناسب؛ جور؛ به‌جا؛ سازگار با نیاز، شرایط یا موقعیت (صفت)",很合适 (hěn héshì) | 不太合适 (bú tài héshì) | 合适的人选 (héshì de rénxuǎn) | 这样说不合适 (zhèyàng shuō bù héshì),这件衣服大小很合适。,Zhè jiàn yīfu dàxiǎo hěn héshì.,اندازهٔ این لباس خیلی مناسب است.,可用于人、东西、时间、地点、办法、说法或场合；不必把“得体”义单独列出。
167,红绿灯,hónglǜdēng,HSK 3,名,1,指挥车辆和行人通行的交通信号灯（名）,چراغ راهنمایی؛ چراغ قرمز و سبزِ عبور و مرور (اسم),等红绿灯 (děng hónglǜdēng) | 过红绿灯 (guò hónglǜdēng) | 红绿灯路口 (hónglǜdēng lùkǒu) | 看红绿灯 (kàn hónglǜdēng),过马路时要看红绿灯。,Guò mǎlù shí yào kàn hónglǜdēng.,هنگام عبور از خیابان باید به چراغ راهنمایی نگاه کرد.,口语中也常说“红灯、绿灯、交通灯”。
168,后来,hòulái,HSK 3,名、副,1,说话人所说的某个时间之后；以后（名/副）,بعداً؛ پس از آن؛ در ادامه (اسم/قید),后来才知道 (hòulái cái zhīdào) | 后来发生的事 (hòulái fāshēng de shì) | 后来怎么样 (hòulái zěnmeyàng) | 后来又见面 (hòulái yòu jiànmiàn),我一开始不懂，后来才明白。,"Wǒ yì kāishǐ bù dǒng, hòulái cái míngbai.","اولش نمی‌فهمیدم، بعداً تازه فهمیدم.",指过去某个时间之后发生的情况，不能直接表示将来“بعداً”。
169,后年,hòunián,HSK 3,名,1,明年的下一年（名）,دو سال دیگر؛ سالِ بعد از سال آینده (اسم),后年春天 (hòunián chūntiān) | 后年毕业 (hòunián bìyè) | 后年回国 (hòunián huí guó) | 到后年 (dào hòunián),我后年大学毕业。,Wǒ hòunián dàxué bìyè.,من دو سال دیگر از دانشگاه فارغ‌التحصیل می‌شوم.,以说话时的年份为基准；“明年”之后的一年。
170,后天,hòutiān,HSK 3,名,1,明天的下一天（名）,پس‌فردا (اسم),后天上午 (hòutiān shàngwǔ) | 后天下午 (hòutiān xiàwǔ) | 后天见 (hòutiān jiàn) | 后天考试 (hòutiān kǎoshì),我们后天见。,Wǒmen hòutiān jiàn.,پس‌فردا همدیگر را می‌بینیم.,指从今天算起的第三天。
170,后天,hòutiān,HSK 3,名,2,出生以后或成长过程中形成的；非先天的（形/名）,اکتسابی؛ شکل‌گرفته پس از تولد یا در روند رشد؛ غیرذاتی (صفت/اسم),后天因素 (hòutiān yīnsù) | 后天形成 (hòutiān xíngchéng) | 后天培养 (hòutiān péiyǎng) | 后天性免疫 (hòutiānxìng miǎnyì),很多能力不是天生的，而是后天培养出来的。,"Hěn duō nénglì bú shì tiānshēng de, ér shì hòutiān péiyǎng chūlái de.","بسیاری از توانایی‌ها ذاتی نیستند، بلکه در روند رشد و آموزش به دست می‌آیند.",此义和“先天”相对，较书面；与“پس‌فردا”同音同形。
171,画家,huàjiā,HSK 3,名,1,以绘画为职业或有较高绘画成就的人（名）,نقاش؛ هنرمند نقاش (اسم),著名画家 (zhùmíng huàjiā) | 中国画家 (Zhōngguó huàjiā) | 一位画家 (yí wèi huàjiā) | 年轻画家 (niánqīng huàjiā),他长大以后想当画家。,Tā zhǎngdà yǐhòu xiǎng dāng huàjiā.,او می‌خواهد وقتی بزرگ شد نقاش شود.,“画家”通常指专业画画的人，不等于一般“画画的人”。
172,换,huàn,HSK 3,动,1,把原来的东西拿下或去掉，改用别的东西；更换（动）,عوض کردن؛ جایگزین کردن؛ تعویض کردن (فعل),换衣服 (huàn yīfu) | 换手机 (huàn shǒujī) | 换工作 (huàn gōngzuò) | 换一个新的 (huàn yí ge xīn de),我想换一部新手机。,Wǒ xiǎng huàn yí bù xīn shǒujī.,می‌خواهم یک گوشی جدید عوض کنم.,
172,换,huàn,HSK 3,动,2,互相交换；用一种东西得到另一种东西（动）,معاوضه کردن؛ مبادله کردن؛ چیزی را با چیز دیگر عوض کردن (فعل),换钱 (huàn qián) | 换座位 (huàn zuòwèi) | 换美元 (huàn Měiyuán) | 跟朋友换书 (gēn péngyou huàn shū),我想把人民币换成美元。,Wǒ xiǎng bǎ Rénmínbì huàn chéng Měiyuán.,می‌خواهم یوان را به دلار تبدیل کنم.,“换钱”可表示兑换货币，也可指换零钱。
173,黄色,huángsè,HSK 3,名、形,1,像柠檬、香蕉等的颜色（名/形）,زرد؛ رنگ زرد (اسم/صفت),黄色衣服 (huángsè yīfu) | 黄色的花 (huángsè de huā) | 黄色书包 (huángsè shūbāo) | 淡黄色 (dàn huángsè),我喜欢这件黄色的衣服。,Wǒ xǐhuan zhè jiàn huángsè de yīfu.,من این لباس زرد را دوست دارم.,
173,黄色,huángsè,HSK 3,名、形,2,含有色情内容的；不健康的（形）,مستهجن؛ دارای محتوای جنسی نامناسب (صفت),黄色小说 (huángsè xiǎoshuō) | 黄色网站 (huángsè wǎngzhàn) | 黄色内容 (huángsè nèiróng),这类黄色内容不适合孩子看。,Zhè lèi huángsè nèiróng bù shìhé háizi kàn.,این نوع محتوای مستهجن برای بچه‌ها مناسب نیست.,此义常见但需注意语境；不是颜色义。
174,环境,huánjìng,HSK 3,名,1,人、动物或事物周围的自然条件和外部情况（名）,محیط؛ شرایط پیرامونی؛ محیط زیست یا محیط اطراف (اسم),生活环境 (shēnghuó huánjìng) | 学习环境 (xuéxí huánjìng) | 工作环境 (gōngzuò huánjìng) | 保护环境 (bǎohù huánjìng),我们应该保护环境。,Wǒmen yīnggāi bǎohù huánjìng.,ما باید از محیط زیست محافظت کنیم.,可指自然环境，也可指学习、工作、生活等周围条件。
175,欢迎,huānyíng,HSK 3,动、形,1,高兴地接待或接受某人、某事（动）,خوشامد گفتن؛ استقبال کردن؛ با روی خوش پذیرفتن (فعل),欢迎你 (huānyíng nǐ) | 欢迎来到北京 (huānyíng lái dào Běijīng) | 热烈欢迎 (rèliè huānyíng) | 欢迎参加 (huānyíng cānjiā),欢迎你来我们家做客。,Huānyíng nǐ lái wǒmen jiā zuòkè.,خوشحال می‌شویم مهمان خانهٔ ما باشی.,
175,欢迎,huānyíng,HSK 3,动、形,2,受到很多人的喜欢或接受（形）,محبوب بودن؛ مورد استقبال قرار گرفتن (صفت),很受欢迎 (hěn shòu huānyíng) | 受学生欢迎 (shòu xuésheng huānyíng) | 最受欢迎 (zuì shòu huānyíng),这位老师很受学生欢迎。,Zhè wèi lǎoshī hěn shòu xuésheng huānyíng.,دانش‌آموزان این معلم را خیلی دوست دارند.,常用结构是“受欢迎”。
176,花园,huāyuán,HSK 3,名,1,种花草树木、供人观赏或休息的地方（名）,باغچه؛ باغ؛ فضای سبزِ گل‌کاری‌شده (اسم),小花园 (xiǎo huāyuán) | 花园里 (huāyuán li) | 后花园 (hòu huāyuán) | 漂亮的花园 (piàoliang de huāyuán),奶奶每天在花园里浇花。,Nǎinai měitiān zài huāyuán li jiāo huā.,مادربزرگ هر روز در باغچه گل‌ها را آب می‌دهد.,可指住宅旁的小花园，也可指较大的观赏性园地。
177,回答,huídá,HSK 3,动、名,1,对问题、要求或别人说的话作出答复（动/名）,پاسخ دادن؛ جواب دادن؛ پاسخ (فعل/اسم),回答问题 (huídá wèntí) | 回答老师 (huídá lǎoshī) | 正确回答 (zhèngquè huídá) | 给出回答 (gěi chū huídá),请回答我的问题。,Qǐng huídá wǒ de wèntí.,لطفاً به سؤال من جواب بده.,作动词最常见；作名词时意思是“答案、答复”。
178,会议,huìyì,HSK 3,名,1,有组织地讨论事情、作决定或交流信息的活动（名）,جلسه؛ نشست؛ کنفرانس (اسم),开会议 (kāi huìyì) | 参加会议 (cānjiā huìyì) | 会议室 (huìyìshì) | 重要会议 (zhòngyào huìyì),下午三点我们有一个会议。,Xiàwǔ sān diǎn wǒmen yǒu yí ge huìyì.,ساعت سه بعدازظهر یک جلسه داریم.,口语中常说“开会”；“会议室”可作为单独词条处理。
179,或,huò,HSK 3,连、副,1,表示选择关系；或者（连）,یا؛ یا اینکه (حرف ربط),周一或周二 (Zhōuyī huò Zhōu'èr) | 三个或四个 (sān ge huò sì ge) | 中文或英文 (Zhōngwén huò Yīngwén) | 参加或不参加 (cānjiā huò bù cānjiā),你可以用中文或英文回答。,Nǐ kěyǐ yòng Zhōngwén huò Yīngwén huídá.,می‌توانی به چینی یا انگلیسی جواب بدهی.,比“或者”更书面、更简洁，常用于并列词语。
179,或,huò,HSK 3,连、副,2,表示不确定；有时；也许，多用于书面语（副）,"گاهی؛ شاید؛ احتمالاً، بیشتر در زبان نوشتاری (قید)",或早或晚 (huò zǎo huò wǎn) | 或多或少 (huò duō huò shǎo) | 或有不同 (huò yǒu bùtóng),每个人的想法或有不同。,Měi ge rén de xiǎngfǎ huò yǒu bùtóng.,ممکن است فکر هر کسی متفاوت باشد.,此义较书面，常见于固定搭配；初级学习者重点掌握“或者”义。
179,或,huò,HSK 3,连、副,1,表示选择关系；或者（连）,یا؛ یا اینکه (حرف ربط),周一或周二 (Zhōuyī huò Zhōu'èr) | 三个或四个 (sān ge huò sì ge) | 中文或英文 (Zhōngwén huò Yīngwén) | 参加或不参加 (cānjiā huò bù cānjiā),你可以用中文或英文回答。,Nǐ kěyǐ yòng Zhōngwén huò Yīngwén huídá.,می‌توانی به چینی یا انگلیسی جواب بدهی.,比“或者”更书面、更简洁，常用于并列词语。
179,或,huò,HSK 3,连、副,2,用于固定格式，表示大概、多少或早晚会发生（副/语素）,"کم‌وبیش؛ تا حدی؛ دیر یا زود، بیشتر در عبارت‌های ثابت (قید/تکواژ)",或多或少 (huò duō huò shǎo) | 或早或晚 (huò zǎo huò wǎn),每个人或多或少都会有压力。,Měi ge rén huò duō huò shǎo dōu huì yǒu yālì.,هر کسی کم‌وبیش فشار و استرس دارد.,此义主要见于固定格式；不建议扩展太多搭配。
181,护照,hùzhào,HSK 3,名,1,公民出入国境和在国外证明身份的证件（名）,گذرنامه؛ پاسپورت (اسم),办护照 (bàn hùzhào) | 带护照 (dài hùzhào) | 护照号码 (hùzhào hàomǎ) | 护照过期 (hùzhào guòqī),出国以前，你要先办护照。,"Chū guó yǐqián, nǐ yào xiān bàn hùzhào.","قبل از رفتن به خارج از کشور، باید اول گذرنامه بگیری.",
182,极,jí,HSK 3,副、名、语素,1,程度非常高；十分；极其（副）,بسیار؛ فوق‌العاده؛ به‌شدت (قید),极好 (jí hǎo) | 极难 (jí nán) | 极重要 (jí zhòngyào) | 极不愿意 (jí bù yuànyì),这件事极重要，不能忘。,"Zhè jiàn shì jí zhòngyào, bù néng wàng.",این موضوع بسیار مهم است و نباید فراموش شود.,较书面；口语中更常说“非常、很”。
182,极,jí,HSK 3,副、名、语素,2,地球或磁体两端的点；极地（名/语素）,قطب؛ نقطهٔ قطبی زمین یا آهن‌ربا (اسم/تکواژ),南极 (Nánjí) | 北极 (Běijí) | 两极 (liǎngjí) | 磁极 (cíjí),很多科学家去南极做研究。,Hěn duō kēxuéjiā qù Nánjí zuò yánjiū.,دانشمندان زیادی برای پژوهش به قطب جنوب می‌روند.,“南极、北极”常作为专名或独立词条处理。
183,急,jí,HSK 3,形、动,1,时间紧迫；需要马上处理（形）,فوری؛ اضطراری؛ عجله‌ای (صفت),急事 (jíshì) | 急用 (jí yòng) | 急需帮助 (jí xū bāngzhù) | 情况很急 (qíngkuàng hěn jí),我有急事，得先走了。,"Wǒ yǒu jíshì, děi xiān zǒu le.",من کار فوری دارم و باید زودتر بروم.,
183,急,jí,HSK 3,形、动,2,心里焦急、不安；想马上做某事；也可表示使人焦急（形/动）,نگران و بی‌قرار بودن؛ عجله داشتن؛ دلواپس کردن یا کلافه کردن (صفت/فعل),别急 (bié jí) | 急着走 (jízhe zǒu) | 真急人 (zhēn jí rén) | 急死人了 (jí sǐ rén le),别急，慢慢说。,"Bié jí, mànman shuō.","عجله نکن، آرام‌آرام بگو.",“着急”是常用独立词条；“急人、急死人了”表示使人焦急或着急。
183,急,jí,HSK 3,形、动,3,速度快而猛烈（形）,تند و شدید؛ سریع و ناگهانی (صفت),水流很急 (shuǐliú hěn jí) | 急刹车 (jí shāchē) | 急转弯 (jí zhuǎnwān),这条河的水流很急。,Zhè tiáo hé de shuǐliú hěn jí.,جریان آب این رودخانه خیلی تند است.,
184,记,jì,HSK 3,动、名、量,1,把事情、内容等留在脑子里；记住（动）,به خاطر سپردن؛ یاد داشتن (فعل),记单词 (jì dāncí) | 记名字 (jì míngzi) | 记不住 (jì bu zhù) | 记得清楚 (jì de qīngchu),这个字我记不住。,Zhège zì wǒ jì bu zhù.,این کاراکتر را نمی‌توانم به خاطر بسپارم.,
184,记,jì,HSK 3,动、名、量,2,把事情写下来；记录（动）,یادداشت کردن؛ ثبت کردن؛ نوشتن برای حفظ اطلاعات (فعل),记笔记 (jì bǐjì) | 记下来 (jì xiàlai) | 记账 (jì zhàng) | 记电话号码 (jì diànhuà hàomǎ),请把我的电话记下来。,Qǐng bǎ wǒ de diànhuà jì xiàlai.,لطفاً شمارهٔ تلفنم را یادداشت کن.,
184,记,jì,HSK 3,动、名、量,3,记载事情、经历或资料的文字；多用于构词（名/语素）,"یادداشت؛ نوشتهٔ ثبت‌شده؛ نوشته‌ای دربارهٔ رویداد، تجربه یا اطلاعات (اسم/تکواژ)",日记 (rìjì) | 游记 (yóujì) | 大事记 (dàshìjì),他写了一篇关于北京的游记。,Tā xiě le yì piān guānyú Běijīng de yóujì.,او یک سفرنامه دربارهٔ پکن نوشت.,多用于构词；“日记、笔记、游记、大事记”建议作为单独词条处理。
184,记,jì,HSK 3,动、名、量,4,用于某些动作、打击或声音的一次，多见于书面或叙事表达（量）,"بار؛ دفعه، برای برخی حرکت‌ها، ضربه‌ها یا صداها، بیشتر در متن روایی/نوشتاری (واحد شمارش)",一记耳光 (yí jì ěrguāng) | 一记重拳 (yí jì zhòngquán) | 一记响亮的耳光 (yí jì xiǎngliàng de ěrguāng),他给了对方一记耳光。,Tā gěi le duìfāng yí jì ěrguāng.,او یک سیلی به طرف مقابل زد.,量词用法常见于书面或叙事表达；口语中更常说“一巴掌”。
185,季,jì,HSK 3,名、语素,1,一年中的一段时期；季节、季候或某种活动集中的时期（名/语素）,فصل؛ موسم؛ دوره‌ای از سال یا دورهٔ اوجِ یک فعالیت (اسم/تکواژ),春季 (chūnjì) | 夏季 (xiàjì) | 雨季 (yǔjì) | 旅游季 (lǚyóu jì),夏季这里常常下雨。,Xiàjì zhèli chángcháng xià yǔ.,تابستان اینجا معمولاً باران می‌بارد.,多用于构词；“季”单独使用不如“季节”常见。
185,季,jì,HSK 3,名、语素,2,三个月为一季；季度；也指影视节目等的一季（名/语素）,سه‌ماهه؛ فصل کاری یا مالی؛ فصلِ یک برنامه یا سریال (اسم/تکواژ),第一季 (dì-yī jì) | 本季 (běn jì) | 季度报告 (jìdù bàogào) | 一季节目 (yì jì jiémù),这部电视剧第一季很好看。,Zhè bù diànshìjù dì-yī jì hěn hǎokàn.,فصل اول این سریال خیلی دیدنی است.,可指节目的一季，也可指工作、财务上的季度。
185,季,jì,HSK 3,名、语素,3,姓氏（名）,نام خانوادگی چینی (اسم خاص),季老师 (Jì lǎoshī) | 季先生 (Jì xiānsheng),季老师今天不在学校。,Jì lǎoshī jīntiān bú zài xuéxiào.,معلم جی امروز در مدرسه نیست.,“幼弟、季月”等古义或专门用法不建议收入普通学习词条。
186,鸡,jī,HSK 3,名,1,一种常见家禽；鸡肉（名）,مرغ؛ خروس یا مرغ خانگی؛ گوشت مرغ (اسم),一只鸡 (yì zhī jī) | 鸡肉 (jīròu) | 鸡蛋 (jīdàn) | 烤鸡 (kǎojī),我晚饭吃了鸡肉。,Wǒ wǎnfàn chī le jīròu.,من شام گوشت مرغ خوردم.,可指动物，也可指鸡肉；“鸡蛋、鸡肉”可作为单独词条处理。
187,加,jiā,HSK 3,动、介、语素,1,增加；把数量、程度或内容变多（动）,افزودن؛ اضافه کردن؛ زیاد کردن (فعل),加水 (jiā shuǐ) | 加糖 (jiā táng) | 加一点儿盐 (jiā yìdiǎnr yán) | 加工资 (jiā gōngzī),请在咖啡里加一点儿糖。,Qǐng zài kāfēi li jiā yìdiǎnr táng.,لطفاً به قهوه کمی شکر اضافه کن.,
187,加,jiā,HSK 3,动、介、语素,2,数学上把两个或多个数合在一起（动/语素）,جمع کردن؛ به‌علاوه کردن در ریاضی (فعل/تکواژ),一加一 (yī jiā yī) | 加起来 (jiā qǐlai) | 加法 (jiāfǎ) | 加减乘除 (jiā jiǎn chéng chú),二加三等于五。,Èr jiā sān děngyú wǔ.,دو به‌علاوهٔ سه برابر پنج است.,
187,加,jiā,HSK 3,动、介、语素,3,施以某种动作、态度或处理方式，多用于书面或固定搭配（动/语素）,"اِعمال کردن؛ نشان دادن یا به کار بردنِ نوعی رفتار، نگرش یا روش برخورد، بیشتر در ترکیب‌های رسمی (فعل/تکواژ)",多加小心 (duō jiā xiǎoxīn) | 大加赞扬 (dà jiā zànyáng) | 不加考虑 (bù jiā kǎolǜ) | 严加管束 (yán jiā guǎnshù),出门在外，请多加小心。,"Chūmén zài wài, qǐng duō jiā xiǎoxīn.","وقتی بیرون از خانه هستی، لطفاً بیشتر احتیاط کن.",此义多见于书面语、正式表达或固定搭配；“加以说明、加以保护”也属此类。
187,加,jiā,HSK 3,动、介、语素,4,构成常用词，表示增加、参加、加强或附加等意思（语素）,"تکواژی برای ساخت واژه‌هایی با معنی افزودن، پیوستن، تقویت یا اضافه شدن (تکواژ)",加油 (jiāyóu) | 加班 (jiābān) | 加强 (jiāqiáng) | 参加 (cānjiā),我们要加强练习。,Wǒmen yào jiāqiáng liànxí.,ما باید تمرین را تقویت کنیم.,多用于构词；“加油、加班、参加、加强”建议作为单独词条处理。
188,检查,jiǎnchá,HSK 3,动、名,1,为了发现问题而仔细查看、核对（动/名）,بررسی کردن؛ وارسی کردن؛ معاینه یا کنترل (فعل/اسم),检查作业 (jiǎnchá zuòyè) | 检查身体 (jiǎnchá shēntǐ) | 仔细检查 (zǐxì jiǎnchá) | 安全检查 (ānquán jiǎnchá),老师正在检查我们的作业。,Lǎoshī zhèngzài jiǎnchá wǒmen de zuòyè.,معلم دارد تکالیف ما را بررسی می‌کند.,可用于学习、工作、身体、安全等方面。
188,检查,jiǎnchá,HSK 3,动、名,2,反省自己的错误或问题（动/名）,اشتباه خود را بررسی کردن؛ خودانتقادی کردن؛ گزارشِ بررسی خطا (فعل/اسم),作检查 (zuò jiǎnchá) | 写检查 (xiě jiǎnchá) | 深刻检查 (shēnkè jiǎnchá),他为自己的错误写了一份检查。,Tā wèi zìjǐ de cuòwù xiě le yí fèn jiǎnchá.,او برای اشتباه خودش یک گزارشِ خودانتقادی نوشت.,此义有一定正式或学校/单位语境，日常口语不如第一义常用。
189,坚持,jiānchí,HSK 3,动,1,不放弃，持续做某事；或坚决保持某种意见、原则、立场（动）,"ادامه دادن و رها نکردن؛ بر نظر، اصل یا موضعی پافشاری کردن (فعل)",坚持学习 (jiānchí xuéxí) | 坚持锻炼 (jiānchí duànliàn) | 坚持原则 (jiānchí yuánzé) | 坚持自己的看法 (jiānchí zìjǐ de kànfǎ),只要坚持下去，你一定会进步。,"Zhǐyào jiānchí xiàqù, nǐ yídìng huì jìnbù.","تا وقتی ادامه بدهی، حتماً پیشرفت می‌کنی.",后接动作时表示持续做、不放弃；后接意见、原则、立场时表示坚决保持。
190,简单,jiǎndān,HSK 3,形,1,内容、结构或做法不复杂；容易理解或完成（形）,ساده؛ آسان؛ غیرپیچیده (صفت),很简单 (hěn jiǎndān) | 简单的问题 (jiǎndān de wèntí) | 简单介绍 (jiǎndān jièshào) | 简单说一下 (jiǎndān shuō yíxià),这个问题很简单。,Zhège wèntí hěn jiǎndān.,این سؤال خیلی ساده است.,反义词是“复杂”。
190,简单,jiǎndān,HSK 3,形,2,看问题或处理事情不细致、不深入；把复杂事情看得太容易（形）,سطحی؛ سرسری؛ ساده‌انگارانه؛ بی‌دقت در نگاه یا برخورد با مسئله (صفت),想得太简单 (xiǎng de tài jiǎndān) | 处理得太简单 (chǔlǐ de tài jiǎndān) | 事情没那么简单 (shìqing méi nàme jiǎndān) | 头脑简单 (tóunǎo jiǎndān),这件事没那么简单。,Zhè jiàn shì méi nàme jiǎndān.,این موضوع آن‌قدرها هم ساده نیست.,“简单”本身一般不等于“ساده‌لوح”；“头脑简单”可表示想法简单、缺少思考，带贬义。
191,讲,jiǎng,HSK 3,动,1,说；把事情、道理、知识或语言内容说给别人听（动）,گفتن؛ تعریف کردن؛ توضیح دادن؛ درس دادن؛ صحبت کردن به یک زبان (فعل),讲故事 (jiǎng gùshi) | 讲中文 (jiǎng Zhōngwén) | 讲课 (jiǎng kè) | 讲清楚 (jiǎng qīngchu),老师正在给我们讲一个历史故事。,Lǎoshī zhèngzài gěi wǒmen jiǎng yí ge lìshǐ gùshi.,معلم دارد برای ما یک داستان تاریخی تعریف می‌کند.,比“说”更常强调有内容地讲述、说明或授课。
191,讲,jiǎng,HSK 3,动,2,就某个问题、条件或价钱进行商量、讨论或谈判（动）,"بحث کردن؛ مذاکره کردن؛ دربارهٔ شرط، قیمت یا مسئله‌ای صحبت و چانه‌زنی کردن (فعل)",讲条件 (jiǎng tiáojiàn) | 讲价钱 (jiǎng jiàqian) | 讲价 (jiǎng jià) | 讲合作 (jiǎng hézuò),买东西的时候可以跟老板讲价。,Mǎi dōngxi de shíhou kěyǐ gēn lǎobǎn jiǎng jià.,هنگام خرید می‌شود با فروشنده چانه زد.,此义强调商量、讨论或谈判；“讲价”比“讲价钱”更常用。
191,讲,jiǎng,HSK 3,动,3,重视、讲求某种原则、方式或条件（动）,اهمیت دادن؛ رعایت کردن؛ پایبند بودن به یک اصل یا روش (فعل),讲礼貌 (jiǎng lǐmào) | 讲卫生 (jiǎng wèishēng) | 讲道理 (jiǎng dàolǐ) | 讲信用 (jiǎng xìnyòng),小孩子也要讲礼貌。,Xiǎo háizi yě yào jiǎng lǐmào.,بچه‌ها هم باید ادب را رعایت کنند.,常用于“讲礼貌、讲卫生、讲信用”等搭配。
192,健康,jiànkāng,HSK 3,名、形,1,身体或心理状态良好，没有疾病或严重问题（名/形）,سلامت؛ سالم؛ تندرستی (اسم/صفت),身体健康 (shēntǐ jiànkāng) | 健康生活 (jiànkāng shēnghuó) | 保持健康 (bǎochí jiànkāng) | 心理健康 (xīnlǐ jiànkāng),健康比什么都重要。,Jiànkāng bǐ shénme dōu zhòngyào.,سلامتی از هر چیزی مهم‌تر است.,可指身体，也可指心理或生活方式。
193,见面,jiànmiàn,HSK 3,动,1,人与人相见；碰面（动）,دیدار کردن؛ همدیگر را دیدن؛ ملاقات کردن (فعل),第一次见面 (dì-yī cì jiànmiàn) | 见个面 (jiàn ge miàn) | 跟朋友见面 (gēn péngyou jiànmiàn) | 见面时间 (jiànmiàn shíjiān),我们明天上午见面吧。,Wǒmen míngtiān shàngwǔ jiànmiàn ba.,بیا فردا صبح همدیگر را ببینیم.,常用于口语；比“会面”更日常。
194,检票,jiǎnpiào,HSK 3,动,1,检查车票、门票等是否有效（动）,بلیت را کنترل کردن؛ بلیت را بازرسی کردن (فعل),开始检票 (kāishǐ jiǎnpiào) | 检票口 (jiǎnpiàokǒu) | 检票进站 (jiǎnpiào jìn zhàn) | 排队检票 (pái duì jiǎnpiào),火车快开了，已经开始检票了。,"Huǒchē kuài kāi le, yǐjīng kāishǐ jiǎnpiào le.",قطار به‌زودی حرکت می‌کند و کنترل بلیت شروع شده است.,常见于车站、机场、电影院、景区等场景；“检票口”可作为单独词条处理。
195,角,jiǎo,HSK 3,名、量、语素,1,物体两边相接形成的尖处；角落或角度（名）,گوشه؛ زاویه؛ کنج (اسم),桌角 (zhuōjiǎo) | 墙角 (qiángjiǎo) | 角度 (jiǎodù) | 一个角 (yí ge jiǎo),桌角有点儿尖，小心一点儿。,"Zhuōjiǎo yǒudiǎnr jiān, xiǎoxīn yìdiǎnr.","گوشهٔ میز کمی تیز است، مراقب باش.",“角度、墙角、桌角”等相关词可作为单独词条处理。
195,角,jiǎo,HSK 3,名、量、语素,2,动物头上长出的硬东西（名）,شاخ حیوان (اسم),牛角 (niújiǎo) | 羊角 (yángjiǎo) | 鹿角 (lùjiǎo),这只牛的角很长。,Zhè zhī niú de jiǎo hěn cháng.,شاخ‌های این گاو خیلی بلند است.,
195,角,jiǎo,HSK 3,名、量、语素,3,人民币的辅助单位；一元的十分之一（量/名）,جیائو؛ واحد پول چین برابر با یک‌دهم یوان (واحد شمارش/اسم),一角钱 (yì jiǎo qián) | 五角 (wǔ jiǎo) | 两元三角 (liǎng yuán sān jiǎo),这支笔两元五角。,Zhè zhī bǐ liǎng yuán wǔ jiǎo.,این خودکار دو یوان و پنج جیائو است.,口语里常说“毛”，如“五毛”。
195,角,jué,HSK 3,名、语素,4,角色；演员所扮演的人物，多用于构词（名/语素）,نقش؛ شخصیت نمایشی یا داستانی (اسم/تکواژ),角色 (juésè) | 主角 (zhǔjué) | 配角 (pèijué) | 角儿 (juér),她在电影里演主角。,Tā zài diànyǐng li yǎn zhǔjué.,او در فیلم نقش اصلی را بازی می‌کند.,此义读 jué；“角色、主角、配角”建议作为单独词条处理。
196,脚,jiǎo,HSK 3,名,1,人或动物腿的最下端，用来站立、走路（名）,پا؛ بخش پایینی پا برای ایستادن و راه رفتن (اسم),左脚 (zuǒ jiǎo) | 右脚 (yòu jiǎo) | 洗脚 (xǐ jiǎo) | 脚疼 (jiǎo téng),我走了很多路，脚有点儿疼。,"Wǒ zǒu le hěn duō lù, jiǎo yǒudiǎnr téng.",خیلی راه رفتم و پایم کمی درد می‌کند.,
196,脚,jiǎo,HSK 3,名,2,物体下面起支撑作用的部分（名）,پایه؛ بخش پایینی و نگهدارندهٔ یک چیز (اسم),桌脚 (zhuōjiǎo) | 椅子脚 (yǐzi jiǎo) | 山脚 (shānjiǎo) | 墙脚 (qiángjiǎo),这张桌子的脚坏了。,Zhè zhāng zhuōzi de jiǎo huài le.,پایهٔ این میز خراب شده است.,用于物体时表示支撑或底部；“山脚、墙脚”等可作为单独词条处理。
197,假期,jiàqī,HSK 3,名,1,不上课或不上班、用来休息或旅行的一段时间（名）,تعطیلات؛ دورهٔ مرخصی یا استراحت (اسم),假期安排 (jiàqī ānpái) | 假期旅行 (jiàqī lǚxíng),这个假期你打算去哪儿？,Zhège jiàqī nǐ dǎsuàn qù nǎr?,این تعطیلات قصد داری کجا بروی؟,可指学生假期，也可指工作中的休假时间。
198,节,jié,HSK 3,名、量、语素,1,节日；有纪念、庆祝意义的日子（名/语素）,جشن؛ عید؛ مناسبت (اسم/تکواژ),春节 (Chūnjié) | 中秋节 (Zhōngqiū Jié) | 节日 (jiérì) | 过节 (guòjié),春节是中国最重要的传统节日之一。,Chūnjié shì Zhōngguó zuì zhòngyào de chuántǒng jiérì zhī yī.,عید بهار یکی از مهم‌ترین جشن‌های سنتی چین است.,节日名称常用“……节”。
198,节,jié,HSK 3,名、量、语素,2,一段；事物分成的部分（名/量）,بخش؛ قسمت؛ قطعه؛ واحدی از زمان یا محتوا (اسم/واحد شمارش),一节课 (yì jié kè) | 第一节 (dì-yī jié) | 一节车厢 (yì jié chēxiāng) | 这一节内容 (zhè yì jié nèiróng),今天上午我们有三节课。,Jīntiān shàngwǔ wǒmen yǒu sān jié kè.,امروز صبح سه جلسه کلاس داریم.,常用于课、车厢、文章内容等。
198,节,jié,HSK 3,名、量、语素,3,节约；限制使用，不浪费，多用于构词（语素）,"صرفه‌جویی؛ مصرف نکردنِ بیهوده، بیشتر در ترکیب‌ها (تکواژ)",节水 (jié shuǐ) | 节电 (jié diàn) | 节能 (jié néng) | 节省时间 (jiéshěng shíjiān),我们应该节约用水。,Wǒmen yīnggāi jiéyuē yòng shuǐ.,ما باید در مصرف آب صرفه‌جویی کنیم.,单独用作动词不如“节约、节省”常见。
199,借,jiè,HSK 3,动,1,暂时使用别人的东西，以后归还（动）,قرض گرفتن؛ امانت گرفتن (فعل),借书 (jiè shū) | 借钱 (jiè qián) | 向朋友借 (xiàng péngyou jiè) | 借一下手机 (jiè yíxià shǒujī),我想向你借一本书。,Wǒ xiǎng xiàng nǐ jiè yì běn shū.,می‌خواهم یک کتاب از تو قرض بگیرم.,“借”可表示借进，也可表示借出，需看语境。
199,借,jiè,HSK 3,动,2,把自己的东西暂时给别人使用，以后收回（动）,قرض دادن؛ امانت دادن (فعل),借给朋友 (jiè gěi péngyou) | 借给我 (jiè gěi wǒ) | 把书借给他 (bǎ shū jiè gěi tā),你能把这本书借给我吗？,Nǐ néng bǎ zhè běn shū jiè gěi wǒ ma?,می‌توانی این کتاب را به من قرض بدهی؟,常用“借给……”表示借出。
199,借,jiè,HSK 3,动,3,利用某种机会、名义或条件来做事（动）,بهره گرفتن؛ به بهانه یا با استفاده از چیزی کاری کردن (فعل),借机会 (jiè jīhuì) | 借这个机会 (jiè zhège jīhuì) | 借钱生钱 (jiè qián shēng qián),我想借这个机会谢谢大家。,Wǒ xiǎng jiè zhège jīhuì xièxie dàjiā.,می‌خواهم از این فرصت استفاده کنم و از همه تشکر کنم.,常见于“借这个机会”等表达。
200,接,jiē,HSK 3,动,1,迎接或接到某人；去某地把人带回来（动）,دنبال کسی رفتن؛ استقبال کردن و آوردن کسی (فعل),接孩子 (jiē háizi) | 接朋友 (jiē péngyou) | 去机场接人 (qù jīchǎng jiē rén) | 接客人 (jiē kèrén),我下午去机场接朋友。,Wǒ xiàwǔ qù jīchǎng jiē péngyou.,بعدازظهر می‌روم فرودگاه دنبال دوستم.,
200,接,jiē,HSK 3,动,2,接受、接住或收到传来的东西（动）,گرفتن؛ دریافت کردن؛ گرفتن چیزی که داده یا فرستاده می‌شود (فعل),接电话 (jiē diànhuà) | 接球 (jiē qiú) | 接信号 (jiē xìnhào) | 接到通知 (jiē dào tōngzhī),我刚才没接到你的电话。,Wǒ gāngcái méi jiē dào nǐ de diànhuà.,همین چند لحظه پیش تماس تو را نگرفتم / جواب ندادم.,“接电话”可表示接起电话，也可表示 پاسخ دادن به تماس.
200,接,jiē,HSK 3,动,3,连接；使一个东西和另一个东西连在一起（动）,وصل کردن؛ متصل کردن؛ به هم پیوستن (فعل),接电线 (jiē diànxiàn) | 接起来 (jiē qǐlai) | 接上网 (jiē shàng wǎng) | 接在一起 (jiē zài yìqǐ),请把这两根线接在一起。,Qǐng bǎ zhè liǎng gēn xiàn jiē zài yìqǐ.,لطفاً این دو سیم را به هم وصل کن.,
200,接,jiē,HSK 3,动,4,继续；紧跟着前面的内容或动作（动）,ادامه دادن؛ در پیِ چیزی آمدن یا انجام دادن (فعل),接着说 (jiēzhe shuō) | 接着做 (jiēzhe zuò) | 接下来 (jiē xiàlái) | 接上次的话题 (jiē shàng cì de huàtí),你接着说，我在听。,"Nǐ jiēzhe shuō, wǒ zài tīng.","ادامه بده، دارم گوش می‌دهم.",“接着、接下来”可作为单独词条处理。
201,街,jiē,HSK 3,名,1,城市或村镇中两旁有房屋、商店等的道路（名）,خیابان؛ کوچه‌خیابانِ شهری یا محله‌ای (اسم),一条街 (yì tiáo jiē) | 街上 (jiē shang) | 逛街 (guàng jiē) | 这条街 (zhè tiáo jiē),这条街上有很多小饭馆。,Zhè tiáo jiē shang yǒu hěn duō xiǎo fànguǎn.,در این خیابان رستوران‌های کوچک زیادی هست.,常用量词是“条”；“逛街”可作为单独词条处理。
202,结婚,jiéhūn,HSK 3,动,1,男女双方依法或按习俗成为夫妻（动）,ازدواج کردن؛ زن و شوهر شدن (فعل),结婚登记 (jiéhūn dēngjì) | 结婚典礼 (jiéhūn diǎnlǐ) | 跟他结婚 (gēn tā jiéhūn) | 结婚以后 (jiéhūn yǐhòu),他们打算明年结婚。,Tāmen dǎsuàn míngnián jiéhūn.,آن‌ها قصد دارند سال آینده ازدواج کنند.,常说“跟/和某人结婚”；不说“结婚某人”。
203,解决,jiějué,HSK 3,动,1,处理问题、困难或矛盾，使它不再存在或得到结果（动）,حل کردن؛ برطرف کردن؛ رسیدگی کردن به مسئله یا مشکل (فعل),解决问题 (jiějué wèntí) | 解决困难 (jiějué kùnnan) | 解决办法 (jiějué bànfǎ) | 尽快解决 (jǐnkuài jiějué),这个问题需要尽快解决。,Zhège wèntí xūyào jǐnkuài jiějué.,این مشکل باید هرچه زودتر حل شود.,
204,姐妹,jiěmèi,HSK 3,名,1,姐姐和妹妹；也可泛指女性之间亲近的关系（名）,خواهران؛ خواهرها؛ همچنین زنان یا دخترانِ صمیمی با یکدیگر (اسم),姐妹俩 (jiěmèi liǎ) | 亲姐妹 (qīn jiěmèi) | 姐妹关系 (jiěmèi guānxi) | 好姐妹 (hǎo jiěmèi),她们姐妹俩长得很像。,Tāmen jiěmèi liǎ zhǎng de hěn xiàng.,آن دو خواهر خیلی شبیه هم هستند.,也可用于亲密女性朋友之间，如“好姐妹”。
205,节目,jiémù,HSK 3,名,1,文艺演出、广播、电视或网络平台中的一个内容项目（名）,"برنامه؛ آیتم یا بخشِ نمایشی، رادیویی، تلویزیونی یا اینترنتی (اسم)",电视节目 (diànshì jiémù) | 综艺节目 (zōngyì jiémù) | 表演节目 (biǎoyǎn jiémù) | 一个节目 (yí ge jiémù),这个电视节目很有意思。,Zhège diànshì jiémù hěn yǒu yìsi.,این برنامهٔ تلویزیونی خیلی جالب است.,
206,节日,jiérì,HSK 3,名,1,有纪念、庆祝或休息意义的日子（名）,جشن؛ عید؛ روز مناسبت‌دار یا تعطیل (اسم),传统节日 (chuántǒng jiérì) | 重要节日 (zhòngyào jiérì) | 节日快乐 (jiérì kuàilè) | 庆祝节日 (qìngzhù jiérì),春节是中国重要的传统节日。,Chūnjié shì Zhōngguó zhòngyào de chuántǒng jiérì.,عید بهار یکی از جشن‌های سنتی مهم چین است.,比“节”更常作为完整名词单独使用。
207,结束,jiéshù,HSK 3,动、名,1,发展到最后，不再继续；使某事停止（动）,تمام شدن؛ پایان یافتن؛ به پایان رساندن (فعل),会议结束 (huìyì jiéshù) | 课程结束 (kèchéng jiéshù) | 结束工作 (jiéshù gōngzuò) | 快要结束 (kuàiyào jiéshù),会议已经结束了。,Huìyì yǐjīng jiéshù le.,جلسه تمام شده است.,
207,结束,jiéshù,HSK 3,动、名,2,事情、文章、故事等的最后部分或终点（名）,"پایان؛ خاتمه؛ بخش پایانی یک رویداد، متن یا داستان (اسم)",故事的结束 (gùshi de jiéshù) | 文章的结束 (wénzhāng de jiéshù) | 电影的结束 (diànyǐng de jiéshù) | 一个好的结束 (yí ge hǎo de jiéshù),这个故事的结束让人很感动。,Zhège gùshi de jiéshù ràng rén hěn gǎndòng.,پایان این داستان آدم را خیلی تحت تأثیر قرار می‌دهد.,作名词时多用于“……的结束”，不如动词用法常见；口语中也常说“结尾”。
208,几乎,jīhū,HSK 3,副,1,表示非常接近某种程度、数量或状态；差不多（副）,تقریباً؛ نزدیک بود؛ کم‌وبیش تا حدِ کامل (قید),几乎一样 (jīhū yíyàng) | 几乎没有 (jīhū méiyǒu) | 几乎每天 (jīhū měitiān) | 几乎忘了 (jīhū wàng le),我几乎每天都运动。,Wǒ jīhū měitiān dōu yùndòng.,من تقریباً هر روز ورزش می‌کنم.,常和“都、没有、不”等搭配；表示接近但不完全等同。
209,机会,jīhuì,HSK 3,名,1,有利于做某事的时机或可能性（名）,فرصت؛ امکان مناسب برای انجام کاری (اسم),有机会 (yǒu jīhuì) | 找机会 (zhǎo jīhuì) | 给我一个机会 (gěi wǒ yí ge jīhuì) | 学习机会 (xuéxí jīhuì),有机会我想去中国看看。,Yǒu jīhuì wǒ xiǎng qù Zhōngguó kànkan.,"اگر فرصتی باشد، دوست دارم به چین بروم و ببینم.",
210,季节,jìjié,HSK 3,名,1,一年中因气候、天气等变化而分成的时期（名）,فصل؛ دوره‌ای از سال از نظر آب‌وهوا و طبیعت (اسم),四个季节 (sì ge jìjié) | 不同季节 (bùtóng jìjié) | 换季节 (huàn jìjié) | 旅游季节 (lǚyóu jìjié),我最喜欢春天这个季节。,Wǒ zuì xǐhuan chūntiān zhège jìjié.,من فصل بهار را بیشتر از همه دوست دارم.,比单字“季”更适合作为普通口语名词。
211,斤,jīn,HSK 3,量,1,中国常用重量单位，一斤等于五百克（量）,جین؛ واحد وزن چینی برابر با ۵۰۰ گرم (واحد شمارش),一斤苹果 (yì jīn píngguǒ) | 半斤 (bàn jīn) | 两斤米 (liǎng jīn mǐ) | 多少钱一斤 (duōshǎo qián yì jīn),这种苹果多少钱一斤？,Zhè zhǒng píngguǒ duōshǎo qián yì jīn?,این نوع سیب کیلویی/هر جین چند است؟,在中国买菜、水果等时很常用；一斤等于500克。
212,经过,jīngguò,HSK 3,动、介、名,1,从某个地方通过或路过（动/介）,عبور کردن؛ رد شدن؛ از کنار یا از میان جایی گذشتن (فعل/حرف اضافه),经过动物园 (jīngguò dòngwùyuán) | 经过学校 (jīngguò xuéxiào) | 经过这里 (jīngguò zhèli) | 经过门口 (jīngguò ménkǒu),这路车经过动物园吗？,Zhè lù chē jīngguò dòngwùyuán ma?,این خط اتوبوس از کنار باغ‌وحش رد می‌شود؟,
212,经过,jīngguò,HSK 3,动、介、名,2,通过某个时间、过程、努力、讨论或经历以后（介/动）,پس از گذر از؛ پس از طی کردن؛ بعد از تجربه کردن یا گذراندنِ یک زمان یا روند (حرف اضافه/فعل),经过讨论 (jīngguò tǎolùn) | 经过努力 (jīngguò nǔlì) | 经过三年 (jīngguò sān nián) | 经过充分讨论 (jīngguò chōngfèn tǎolùn),经过充分讨论，大家取得了一致意见。,"Jīngguò chōngfèn tǎolùn, dàjiā qǔdé le yízhì yìjiàn.","پس از بحث کافی، همه به نظر واحد رسیدند.",“经过三年五载”较书面，表示经过好几年。
212,经过,jīngguò,HSK 3,动、介、名,3,经历的过程或事情的前后情况（名）,جریان ماجرا؛ روند؛ شرح آنچه اتفاق افتاده است (اسم),事情的经过 (shìqing de jīngguò) | 详细经过 (xiángxì jīngguò) | 讲经过 (jiǎng jīngguò) | 了解经过 (liǎojiě jīngguò),事情的经过是这样的。,Shìqing de jīngguò shì zhèyàng de.,جریان ماجرا این‌طور است.,
213,经理,jīnglǐ,HSK 3,名,1,负责经营、管理某个部门、公司或业务的人（名）,"مدیر؛ مسئول ادارهٔ شرکت، بخش یا کار (اسم)",公司经理 (gōngsī jīnglǐ) | 酒店经理 (jiǔdiàn jīnglǐ) | 部门经理 (bùmén jīnglǐ) | 找经理 (zhǎo jīnglǐ),我想跟经理谈一谈。,Wǒ xiǎng gēn jīnglǐ tán yi tán.,می‌خواهم کمی با مدیر صحبت کنم.,
214,旧,jiù,HSK 3,形、名,1,使用时间长或已经不是新的（形）,کهنه؛ قدیمی؛ نو نبودن (صفت),旧衣服 (jiù yīfu) | 旧手机 (jiù shǒujī) | 旧书 (jiù shū) | 很旧 (hěn jiù),这件衣服有点儿旧了。,Zhè jiàn yīfu yǒudiǎnr jiù le.,این لباس کمی کهنه شده است.,反义词是“新”。
214,旧,jiù,HSK 3,形、名,2,以前的；原来的；与现在相对的（形）,"قبلی؛ سابق؛ قدیم؛ پیشین، در برابرِ فعلی یا جدید (صفت)",旧地址 (jiù dìzhǐ) | 旧朋友 (jiù péngyou) | 旧习惯 (jiù xíguàn) | 旧社会 (jiù shèhuì),这是我的旧地址，现在不用了。,"Zhè shì wǒ de jiù dìzhǐ, xiànzài bú yòng le.",این آدرس قبلی من است و الان دیگر استفاده نمی‌شود.,强调“以前的、原来的”，不一定表示东西破旧。
215,久,jiǔ,HSK 3,形,1,时间长（形）,طولانی؛ مدت‌دار؛ زمان زیاد (صفت),很久 (hěn jiǔ) | 好久 (hǎojiǔ) | 不久 (bù jiǔ) | 等了很久 (děng le hěn jiǔ),我等了你很久。,Wǒ děng le nǐ hěn jiǔ.,مدت زیادی منتظرت ماندم.,常和时间、等待、停留等搭配。
216,酒,jiǔ,HSK 3,名,1,含有酒精、可饮用的饮料（名）,نوشیدنی الکلی؛ مشروب (اسم),喝酒 (hē jiǔ) | 啤酒 (píjiǔ) | 红酒 (hóngjiǔ) | 一杯酒 (yì bēi jiǔ),他不喜欢喝酒。,Tā bù xǐhuan hē jiǔ.,او نوشیدن مشروب را دوست ندارد.,可泛指各种含酒精饮料；“啤酒、红酒、白酒”可作为单独词条处理。
217,句,jù,HSK 3,量、名,1,用于话语、诗文、歌词等的一句话或一行（量）,"تا؛ جمله/عبارت، برای شمردن گفته‌ها، جمله‌ها یا سطرهای شعر و متن (واحد شمارش)",一句话 (yí jù huà) | 说一句 (shuō yí jù) | 写两句 (xiě liǎng jù) | 问一句 (wèn yí jù),我只想说一句话。,Wǒ zhǐ xiǎng shuō yí jù huà.,فقط می‌خواهم یک جمله بگویم.,作量词时强调“几句话、几句诗”等数量。
217,句,jù,HSK 3,量、名,2,语言中能表达相对完整意思的单位；句子（名/语素）,جمله؛ واحد زبانی با معنای نسبتاً کامل (اسم/تکواژ),句子 (jùzi) | 句号 (jùhào) | 长句 (chángjù) | 短句 (duǎnjù),这个句子不太自然。,Zhège jùzi bú tài zìrán.,این جمله خیلی طبیعی نیست.,作名词时多用于构词；“句子、句号”建议作为单独词条处理。
218,决定,juédìng,HSK 3,动、名,1,经过考虑后作出选择或确定做法（动）,تصمیم گرفتن؛ تعیین کردن پس از فکر کردن (فعل),决定去北京 (juédìng qù Běijīng) | 决定学习中文 (juédìng xuéxí Zhōngwén) | 最后决定 (zuìhòu juédìng) | 还没决定 (hái méi juédìng),我决定明年去中国学习。,Wǒ juédìng míngnián qù Zhōngguó xuéxí.,تصمیم گرفته‌ام سال آینده برای درس خواندن به چین بروم.,
218,决定,juédìng,HSK 3,动、名,2,作出的选择、安排或结论（名）,تصمیم؛ انتخاب یا نتیجهٔ قطعی (اسم),做决定 (zuò juédìng) | 重要决定 (zhòngyào juédìng) | 改变决定 (gǎibiàn juédìng) | 一个决定 (yí ge juédìng),这是一个很重要的决定。,Zhè shì yí ge hěn zhòngyào de juédìng.,این یک تصمیم بسیار مهم است.,
218,决定,juédìng,HSK 3,动、名,3,对结果产生关键影响；使事情成为某种样子（动）,تعیین کردن؛ نقش تعیین‌کننده داشتن؛ اثر اصلی گذاشتن (فعل),决定结果 (juédìng jiéguǒ) | 决定成败 (juédìng chéngbài) | 态度决定一切 (tàidu juédìng yíqiè) | 细节决定成败 (xìjié juédìng chéngbài),努力常常决定结果。,Nǔlì chángcháng juédìng jiéguǒ.,تلاش اغلب نتیجه را تعیین می‌کند.,此义表示某因素对结果有关键影响；“由你决定”更偏向“由你来作决定”。
219,句子,jùzi,HSK 3,名,1,由词语组成、能表达相对完整意思的语言单位（名）,جمله؛ واحد زبانی ساخته‌شده از واژه‌ها با معنای نسبتاً کامل (اسم),一个句子 (yí ge jùzi) | 写句子 (xiě jùzi) | 长句子 (cháng jùzi) | 简单句子 (jiǎndān jùzi),请用这个词写一个句子。,Qǐng yòng zhège cí xiě yí ge jùzi.,لطفاً با این واژه یک جمله بنویس.,
220,卡,kǎ,HSK 3,名,1,小而薄的片状物，多用于证明身份、付款、通信等（名）,"کارت؛ کارتک؛ شیء کوچک و نازک برای شناسایی، پرداخت یا ارتباط (اسم)",银行卡 (yínhángkǎ) | 身份卡 (shēnfènkǎ) | 电话卡 (diànhuàkǎ) | 一张卡 (yì zhāng kǎ),我忘了带银行卡。,Wǒ wàng le dài yínhángkǎ.,فراموش کردم کارت بانکی‌ام را بیاورم.,常用量词是“张”；“银行卡、电话卡”可作为单独词条处理。
220,卡,kǎ,HSK 3,名,2,机器、网络或动作不顺畅，停住或反应慢（形/动）,گیر کردن؛ کند شدن؛ لگ زدن؛ روان کار نکردن (صفت/فعل),手机很卡 (shǒujī hěn kǎ) | 网络卡 (wǎngluò kǎ) | 卡住了 (kǎ zhù le) | 电脑卡 (diànnǎo kǎ),今天网络有点儿卡。,Jīntiān wǎngluò yǒudiǎnr kǎ.,امروز اینترنت کمی کند و گیر دارد.,此义在口语中很常用，尤其用于手机、电脑、网络。
221,开花,kāihuā,HSK 3,动,1,植物长出花朵；花开放（动）,گل دادن؛ شکوفه دادن؛ باز شدن گل (فعل),花开花了 (huā kāihuā le) | 春天开花 (chūntiān kāihuā) | 开花结果 (kāihuā jiéguǒ) | 这棵树开花了 (zhè kē shù kāihuā le),春天到了，很多树都开花了。,"Chūntiān dào le, hěn duō shù dōu kāihuā le.",بهار رسیده و درختان زیادی شکوفه داده‌اند.,
222,开会,kāihuì,HSK 3,动,1,举行或参加会议（动）,جلسه برگزار کردن؛ در جلسه شرکت کردن (فعل),上午开会 (shàngwǔ kāihuì) | 开一个会 (kāi yí ge huì) | 去开会 (qù kāihuì) | 开会讨论 (kāihuì tǎolùn),我们下午三点开会。,Wǒmen xiàwǔ sān diǎn kāihuì.,ما ساعت سه بعدازظهر جلسه داریم.,“开会”既可指举行会议，也可指参加会议。
223,开机,kāijī,HSK 3,动,1,打开机器、电器或电子设备，使它开始工作（动）,روشن کردن دستگاه؛ روشن شدن دستگاه (فعل),电脑开机 (diànnǎo kāijī) | 手机开机 (shǒujī kāijī) | 开不了机 (kāi bu liǎo jī) | 开机密码 (kāijī mìmǎ),我的电脑开不了机。,Wǒ de diànnǎo kāi bu liǎo jī.,کامپیوترم روشن نمی‌شود.,反义词是“关机”；可作动词，也可用于“开机密码”等构词。
224,开心,kāixīn,HSK 3,形、动,1,心情愉快、高兴；也可表示使人高兴（形/动）,خوشحال؛ شاد؛ خوشحال کردن (صفت/فعل),很开心 (hěn kāixīn) | 玩得很开心 (wán de hěn kāixīn) | 哄孩子开心 (hǒng háizi kāixīn) | 开心地笑 (kāixīn de xiào),今天我很开心。,Jīntiān wǒ hěn kāixīn.,امروز خیلی خوشحالم.,最常见用法是形容词；“哄孩子开心”表示使人高兴。
224,开心,kāixīn,HSK 3,形、动,2,拿别人取乐；开别人的玩笑（动）,دست انداختن؛ با کسی شوخی کردن و او را مایهٔ خنده قرار دادن (فعل),拿他开心 (ná tā kāixīn) | 拿我开心 (ná wǒ kāixīn) | 别拿别人开心 (bié ná biérén kāixīn),别拿我开心。,Bié ná wǒ kāixīn.,من را دست نینداز / با من این‌طوری شوخی نکن.,常用于“拿……开心”，带有取笑别人的意思；不如第一义常用。
225,看来,kànlái,HSK 3,动、插入语,1,从某种情况判断；看起来（插入语/动）,به نظر می‌رسد؛ از شواهد پیداست؛ انگار (عبارت/فعل),看来要下雨 (kànlái yào xià yǔ) | 看来不容易 (kànlái bù róngyì) | 在我看来 (zài wǒ kànlái) | 由此看来 (yóucǐ kànlái),看来他今天不会来了。,Kànlái tā jīntiān bú huì lái le.,به نظر می‌رسد او امروز نمی‌آید.,“在我看来”表示“از نظر من”；“看来”常放在句首表示判断。
226,刻,kè,HSK 3,动、量、名,1,用刀等在物体上雕、写或留下痕迹（动）,حک کردن؛ کندن؛ کنده‌کاری کردن (فعل),刻字 (kè zì) | 刻在石头上 (kè zài shítou shang) | 刻图案 (kè tú’àn) ,他把名字刻在木头上。,Tā bǎ míngzi kè zài mùtou shang.,او نامش را روی چوب حک کرد.,“雕刻”可作为单独词条处理。
226,刻,kè,HSK 3,动、量、名,2,十五分钟；一小时的四分之一（量）,ربع ساعت؛ پانزده دقیقه (واحد شمارش),一刻钟 (yí kè zhōng) | 三刻钟 (sān kè zhōng) | 七点一刻 (qī diǎn yí kè),现在是七点一刻。,Xiànzài shì qī diǎn yí kè.,الان ساعت هفت و ربع است.,现代口语中常说“十五分钟”；“一刻钟”也常见。
226,刻,kè,HSK 3,动、量、名,3,短暂的时间或某个时间点；多用于书面语和固定搭配（名/语素）,"لحظه؛ زمان کوتاه؛ نقطه‌ای از زمان، بیشتر در ترکیب‌های نوشتاری یا ثابت (اسم/تکواژ)",片刻 (piànkè) | 一时一刻 (yì shí yí kè) | 每时每刻 (měi shí měi kè) | 刻不容缓 (kè bù róng huǎn),这件事刻不容缓，必须马上处理。,"Zhè jiàn shì kè bù róng huǎn, bìxū mǎshàng chǔlǐ.",این کار حتی لحظه‌ای جای تأخیر ندارد و باید فوراً رسیدگی شود.,此义多见于书面语或固定搭配；“立刻、时刻、此刻”建议作为单独词条处理。
227,可,kě,HSK 3,助动、连、副、语素,1,表示许可、可能或值得；相当于“可以”，多用于书面或固定表达（助动/语素）,"می‌توان؛ مجاز است؛ قابلِ انجام یا شایستهٔ انجام بودن، بیشتر در نوشتار یا ترکیب‌ها (فعل کمکی/تکواژ)",可去 (kě qù) | 可用 (kě yòng) | 可说 (kě shuō) | 不可忽视 (bù kě hūshì),这个办法可用。,Zhège bànfǎ kě yòng.,این روش قابل استفاده است.,单字“可”在口语中不如“可以”常用；“可爱、可以、可见、可笑”建议作为单独词条处理。
227,可,kě,HSK 3,助动、连、副、语素,2,表示转折，相当于“可是”（连）,اما؛ ولی؛ با این حال (حرف ربط),可我不知道 (kě wǒ bù zhīdào) | 可他没来 (kě tā méi lái) | 可问题是 (kě wèntí shì) | 可不是这样 (kě bú shì zhèyàng),我想去，可今天没有时间。,"Wǒ xiǎng qù, kě jīntiān méiyǒu shíjiān.","می‌خواهم بروم، اما امروز وقت ندارم.",口语中常见；完整形式是“可是”。
227,可,kě,HSK 3,助动、连、副、语素,3,用在形容词或程度表达前，加强语气，表示程度高（副）,واقعاً؛ خیلی؛ برای تأکید بر شدت یا درجه (قید),可好了 (kě hǎo le) | 可漂亮了 (kě piàoliang le) | 可真忙 (kě zhēn máng) | 可厉害了 (kě lìhai le),这儿的风景可漂亮了。,Zhèr de fēngjǐng kě piàoliang le.,منظرهٔ اینجا واقعاً خیلی زیباست.,多见于口语，常带感叹语气；一般不能随便等同于普通的“很”。
227,可,kě,HSK 3,助动、连、副、语素,4,用于提醒、强调、感叹或疑问，语气较强（副/语气词）,"برای تأکید، یادآوری، هشدار، تعجب یا پرسشِ تأکیدی؛ با لحنی نسبتاً قوی (قید/ادات لحن)",可别忘了 (kě bié wàng le) | 可要小心 (kě yào xiǎoxīn) | 可怎么办 (kě zěnme bàn) | 你可来了 (nǐ kě lái le),你可别忘了明天的考试。,Nǐ kě bié wàng le míngtiān de kǎoshì.,حواست باشد امتحان فردا را فراموش نکنی.,此义主要表示语气，不一定有实在词义；“你可曾……”较书面或旧式，“重可千斤”属文言或书面旧用，不建议收入普通学习词条。
228,渴,kě,HSK 3,形,1,口干，想喝水（形）,تشنه؛ تشنه بودن (صفت),很渴 (hěn kě) | 口渴 (kǒukě) | 渴了 (kě le) | 又渴又累 (yòu kě yòu lèi),我很渴，想喝水。,"Wǒ hěn kě, xiǎng hē shuǐ.",خیلی تشنه‌ام و می‌خواهم آب بنوشم.,“口渴”也很常用，比单字“渴”稍正式一点。
229,可爱,kě’ài,HSK 3,形,1,讨人喜欢；让人觉得亲切、漂亮或有趣（形）,دوست‌داشتنی؛ بامزه؛ ناز (صفت),很可爱 (hěn kě’ài) | 可爱的孩子 (kě’ài de háizi) | 可爱的小狗 (kě’ài de xiǎo gǒu) | 长得很可爱 (zhǎng de hěn kě’ài),这只小猫真可爱。,Zhè zhī xiǎo māo zhēn kě’ài.,این بچه‌گربه واقعاً بامزه است.,常用于孩子、小动物、人物外表或性格。
230,课本,kèběn,HSK 3,名,1,学校上课使用的书；教材（名）,کتاب درسی؛ کتاب آموزشیِ کلاس (اسم),语文课本 (yǔwén kèběn) | 数学课本 (shùxué kèběn) | 打开课本 (dǎkāi kèběn) | 一本课本 (yì běn kèběn),请大家打开课本第十页。,Qǐng dàjiā dǎkāi kèběn dì shí yè.,لطفاً همه کتاب درسی را صفحهٔ ده باز کنید.,“教材”范围更广；“课本”更强调课堂用书。
231,客人,kèrén,HSK 3,名,1,被邀请来家里或某处的人；来访的人（名）,مهمان؛ کسی که برای دیدار یا دعوت آمده است (اسم),请客人 (qǐng kèrén) | 家里有客人 (jiāli yǒu kèrén) | 接待客人 (jiēdài kèrén) | 一位客人 (yí wèi kèrén),今天家里来了客人。,Jīntiān jiāli lái le kèrén.,امروز خانه‌مان مهمان آمده است.,
231,客人,kèrén,HSK 3,名,2,商店、饭店、旅馆等服务对象；顾客（名）,"مشتری؛ مراجعه‌کنندهٔ فروشگاه، رستوران، هتل و مانند آن (اسم)",饭店客人 (fàndiàn kèrén) | 客人很多 (kèrén hěn duō) | 服务客人 (fúwù kèrén) | 客人的要求 (kèrén de yāoqiú),这家饭店每天都有很多客人。,Zhè jiā fàndiàn měitiān dōu yǒu hěn duō kèrén.,این رستوران هر روز مشتریان زیادی دارد.,此义接近“顾客”，但“客人”更泛用。
232,可是,kěshì,HSK 3,连,1,表示转折，相当于“但是”（连）,اما؛ ولی؛ با این حال (حرف ربط),可是我不知道 (kěshì wǒ bù zhīdào) | 可是他没来 (kěshì tā méi lái) | 可是问题是 (kěshì wèntí shì) | 可是今天没时间 (kěshì jīntiān méi shíjiān),我想去，可是今天没有时间。,"Wǒ xiǎng qù, kěshì jīntiān méiyǒu shíjiān.","می‌خواهم بروم، اما امروز وقت ندارم.",比单字“可”更完整、更常用于普通表达。
233,课文,kèwén,HSK 3,名,1,课本中供学习、讲解或朗读的文章（名）,متن درس؛ متن آموزشی داخل کتاب درسی (اسم),读课文 (dú kèwén) | 背课文 (bèi kèwén) | 课文内容 (kèwén nèiróng) | 第一篇课文 (dì-yī piān kèwén),请大家先读一遍课文。,Qǐng dàjiā xiān dú yí biàn kèwén.,لطفاً همه اول متن درس را یک بار بخوانید.,常用于语言课或学校教材中。
234,空调,kōngtiáo,HSK 3,名,1,调节室内温度、湿度等的设备；空调机（名）,کولر؛ دستگاه تهویهٔ مطبوع؛ سیستم سرمایش و گرمایش (اسم),开空调 (kāi kōngtiáo) | 关空调 (guān kōngtiáo) | 空调坏了 (kōngtiáo huài le) | 空调房 (kōngtiáo fáng),天气太热了，我们开空调吧。,"Tiānqì tài rè le, wǒmen kāi kōngtiáo ba.","هوا خیلی گرم است، کولر را روشن کنیم.",可指空调设备，也可泛指空调系统。
235,哭,kū,HSK 3,动,1,因为伤心、疼痛、激动等流泪并发出声音（动）,گریه کردن (فعل),哭了 (kū le) | 大哭 (dà kū) | 哭得很伤心 (kū de hěn shāngxīn) | 别哭 (bié kū),孩子摔倒了，哭了起来。,"Háizi shuāidǎo le, kū le qǐlai.",بچه زمین خورد و شروع به گریه کرد.,
236,筷子,kuàizi,HSK 3,名,1,中国等地吃饭时用来夹食物的一双细长工具（名）,چوب غذاخوری؛ چاپستیک (اسم),一双筷子 (yì shuāng kuàizi) | 用筷子 (yòng kuàizi) | 拿筷子 (ná kuàizi) | 木筷子 (mù kuàizi),你会用筷子吗？,Nǐ huì yòng kuàizi ma?,بلدی با چوب غذاخوری غذا بخوری؟,常用量词是“双”。
237,矿泉水,kuàngquánshuǐ,HSK 3,名,1,含有矿物质的饮用水；日常也泛指瓶装饮用水（名）,آب معدنی؛ آب آشامیدنی بطری‌شده (اسم),一瓶矿泉水 (yì píng kuàngquánshuǐ) | 买矿泉水 (mǎi kuàngquánshuǐ) | 喝矿泉水 (hē kuàngquánshuǐ) | 冰矿泉水 (bīng kuàngquánshuǐ),请给我一瓶矿泉水。,Qǐng gěi wǒ yì píng kuàngquánshuǐ.,لطفاً یک بطری آب معدنی به من بدهید.,日常口语中常泛指瓶装水。
238,来自,láizì,HSK 3,动、介,1,从某个地方、组织、来源或背景来（动/介）,آمدن از؛ متعلق بودن به؛ منشأ گرفتن از (فعل/حرف اضافه),来自中国 (láizì Zhōngguó) | 来自不同国家 (láizì bùtóng guójiā) | 来自家庭 (láizì jiātíng) | 来自网络 (láizì wǎngluò),他来自一个小城市。,Tā láizì yí ge xiǎo chéngshì.,او اهل یک شهر کوچک است.,常用于介绍来源、出处或背景。
239,蓝,lán,HSK 3,形、名、语素,1,像晴天天空或海水那样的颜色；蓝色（形/名）,آبی؛ رنگ آبی (صفت/اسم),蓝天 (lántiān) | 蓝色 (lánsè) | 蓝衣服 (lán yīfu) | 深蓝 (shēn lán),她今天穿了一件蓝衣服。,Tā jīntiān chuān le yí jiàn lán yīfu.,او امروز یک لباس آبی پوشیده است.,“蓝色”是更完整的颜色名；“蓝”也常作定语。
239,蓝,lán,HSK 3,形、名、语素,2,姓氏（名）,نام خانوادگی چینی (اسم خاص),蓝老师 (Lán lǎoshī) | 蓝先生 (Lán xiānsheng),蓝老师今天给我们上课。,Lán lǎoshī jīntiān gěi wǒmen shàng kè.,معلم لان امروز به ما درس می‌دهد.,
240,老,lǎo,HSK 3,形、副、语素,1,年纪大；年龄大；看起来年纪大（形）,پیر؛ مسن؛ سالخورده؛ پیر به نظر رسیدن (صفت),老人 (lǎorén) | 老了 (lǎo le) | 显老 (xiǎn lǎo) | 人老心不老 (rén lǎo xīn bù lǎo),他不显老，看起来很年轻。,"Tā bù xiǎn lǎo, kàn qǐlai hěn niánqīng.",او سنش را نشان نمی‌دهد و جوان به نظر می‌رسد.,“老爷爷、老奶奶”既表示年纪大，也带有礼貌、亲切的称呼色彩；“人老心不老”是常用说法，表示人年纪大但心态年轻。
240,老,lǎo,HSK 3,形、副、语素,2,存在或使用时间长；旧的；原来的（形）,قدیمی؛ کهنه؛ دیرینه؛ قبلی (صفت),老房子 (lǎo fángzi) | 老朋友 (lǎo péngyou) | 老办法 (lǎo bànfǎ) | 老地方 (lǎo dìfang),我们还是在老地方见面吧。,Wǒmen háishi zài lǎo dìfang jiànmiàn ba.,باز هم همان جای همیشگی همدیگر را ببینیم.,可表示时间久，也可表示熟悉、原来的。
240,老,lǎo,HSK 3,形、副、语素,3,经常；总是，带口语色彩（副）,"همیشه؛ مدام؛ مرتب، با لحن گفتاری (قید)",老迟到 (lǎo chídào) | 老忘 (lǎo wàng) | 老说这件事 (lǎo shuō zhè jiàn shì) | 老犯错 (lǎo fàncuò),他上课老迟到。,Tā shàngkè lǎo chídào.,او سر کلاس مدام دیر می‌رسد.,口语中常见，语气可带不满。
240,老,lǎo,HSK 3,形、副、语素,4,用于称呼或排行，表示亲近、尊敬或年长（语素）,"برای خطاب یا رتبه‌بندی؛ نشان‌دهندهٔ صمیمیت، احترام یا بزرگ‌تر بودن (تکواژ)",老王 (Lǎo Wáng) | 老师 (lǎoshī) | 老大 (lǎodà) | 老三 (lǎosān),老王是我们的邻居。,Lǎo Wáng shì wǒmen de línjū.,آقای وانگ همسایهٔ ماست.,多用于称呼、排行或构词；“老师、老大”等建议作为单独词条处理。
240,老,lǎo,HSK 3,形、副、语素,5,食物、蔬菜等因时间久、成熟过度或煮得过久而不嫩（形）,"سفت، زیادی رسیده، مانده یا بیش‌ازحد پخته؛ در برابرِ ترد و نرم بودنِ خوراکی (صفت)",肉太老了 (ròu tài lǎo le) | 菜老了 (cài lǎo le) | 菠菜老了 (bōcài lǎo le) | 鸡蛋煮老了 (jīdàn zhǔ lǎo le),这个鸡蛋煮老了，不太好吃。,"Zhège jīdàn zhǔ lǎo le, bú tài hǎochī.",این تخم‌مرغ زیادی پخته و خیلی خوش‌خوراک نیست.,用于肉、蛋、蔬菜等，表示不嫩、过熟或过了最佳食用状态；反义词可用“嫩”。
241,老人,lǎorén,HSK 3,名,1,年纪大的人（名）,سالمند؛ فرد مسن؛ پیرمرد یا پیرزن (اسم),一位老人 (yí wèi lǎorén) | 照顾老人 (zhàogù lǎorén) | 老人家 (lǎorenjia) | 帮助老人 (bāngzhù lǎorén),我们应该关心老人。,Wǒmen yīnggāi guānxīn lǎorén.,ما باید به سالمندان توجه کنیم.,比直接说“老头儿、老太太”更中性、礼貌。
242,练,liàn,HSK 3,动、语素,1,反复做某事，使技能熟练（动）,تمرین کردن؛ با تکرار مهارت پیدا کردن (فعل),练字 (liàn zì) | 练口语 (liàn kǒuyǔ) | 练钢琴 (liàn gāngqín) | 多练几遍 (duō liàn jǐ biàn),你每天都要练口语。,Nǐ měitiān dōu yào liàn kǒuyǔ.,تو باید هر روز مکالمه تمرین کنی.,“练习”更完整，可作为单独词条处理。
243,脸,liǎn,HSK 3,名,1,头的前部，包括眼、鼻、嘴等；面部（名）,صورت؛ چهره (اسم),洗脸 (xǐ liǎn) | 脸红 (liǎn hóng) | 一张脸 (yì zhāng liǎn) | 脸上 (liǎn shang),她的脸有点儿红。,Tā de liǎn yǒudiǎnr hóng.,صورتش کمی قرمز است.,常用量词是“张”。
243,脸,liǎn,HSK 3,名,2,面子；人的尊严或体面（名）,آبرو؛ حیثیت؛ وجهه (اسم),丢脸 (diū liǎn) | 给他脸 (gěi tā liǎn) | 不要脸 (bú yào liǎn) | 有脸说 (yǒu liǎn shuō),在大家面前摔倒，他觉得很丢脸。,"Zài dàjiā miànqián shuāidǎo, tā juéde hěn diūliǎn.",جلوی همه زمین خورد و احساس کرد خیلی آبرویش رفت.,此义多见于固定搭配；“丢脸、不要脸”建议作为单独词条处理。
244,辆,liàng,HSK 3,量,1,用于车、汽车、自行车等车辆（量）,"واحد شمارش برای وسیلهٔ نقلیه، مانند ماشین و دوچرخه (واحد شمارش)",一辆车 (yí liàng chē) | 两辆汽车 (liǎng liàng qìchē) | 三辆自行车 (sān liàng zìxíngchē) | 这辆车 (zhè liàng chē),这辆车是我爸爸的。,Zhè liàng chē shì wǒ bàba de.,این ماشین مال پدرم است.,常用于有轮子的车辆；不用于飞机、船等。
245,凉快,liángkuai,HSK 3,形,1,温度不高，让人感觉舒服（形）,خنک و دلپذیر؛ خنک (صفت),天气凉快 (tiānqì liángkuai) | 很凉快 (hěn liángkuai) | 凉快一点儿 (liángkuai yìdiǎnr) | 屋里很凉快 (wū li hěn liángkuai),今天晚上很凉快。,Jīntiān wǎnshang hěn liángkuai.,امشب هوا خیلی خنک است.,多用于天气、地方或感觉；比“凉”更口语、舒服。
245,凉快,liángkuai,HSK 3,形,2,使身体感到凉爽；到凉爽的地方休息（动）,خنک شدن؛ جایی رفتن یا کاری کردن برای خنک شدن (فعل),凉快凉快 (liángkuai liángkuai) | 去树荫下凉快一下 (qù shùyīn xià liángkuai yíxià) | 到外面凉快凉快 (dào wàimian liángkuai liángkuai),我们去树荫下凉快一下吧。,Wǒmen qù shùyīn xià liángkuai yíxià ba.,بیا برویم زیر سایهٔ درخت کمی خنک شویم.,动词用法较口语。
246,练习,liànxí,HSK 3,动、名,1,为了掌握技能或知识而反复做（动）,تمرین کردن؛ برای یادگیری یا تسلط تکرار کردن (فعل),练习发音 (liànxí fāyīn) | 练习写字 (liànxí xiě zì) | 每天练习 (měitiān liànxí) | 反复练习 (fǎnfù liànxí),我每天练习说中文。,Wǒ měitiān liànxí shuō Zhōngwén.,من هر روز صحبت کردن به چینی را تمرین می‌کنم.,
246,练习,liànxí,HSK 3,动、名,2,为训练而做的题目或任务（名）,تمرین؛ تکلیف یا سؤال تمرینی (اسم),做练习 (zuò liànxí) | 口语练习 (kǒuyǔ liànxí) | 课后练习 (kè hòu liànxí) | 练习题 (liànxítí),请完成课后的练习。,Qǐng wánchéng kè hòu de liànxí.,لطفاً تمرین‌های بعد از درس را انجام دهید.,“练习题”可作为单独词条处理。
247,聊,liáo,HSK 3,动,1,随便谈话；聊天（动）,گپ زدن؛ صحبت خودمانی کردن (فعل),聊一会儿 (liáo yíhuìr) | 跟朋友聊 (gēn péngyou liáo) | 聊工作 (liáo gōngzuò),我们坐下来聊一会儿吧。,Wǒmen zuò xiàlai liáo yíhuìr ba.,بیا بنشینیم و کمی گپ بزنیم.,口语常用；“聊天儿”可作为单独词条处理。
248,了解,liǎojiě,HSK 3,动,1,知道或明白某人、某事的情况、内容或背景（动）,شناختن؛ آگاه بودن از؛ فهمیدن وضعیت یا اطلاعات چیزی (فعل),了解情况 (liǎojiě qíngkuàng) | 了解中国文化 (liǎojiě Zhōngguó wénhuà) | 很了解他 (hěn liǎojiě tā) | 互相了解 (hùxiāng liǎojiě),我不太了解这个城市。,Wǒ bú tài liǎojiě zhège chéngshì.,من این شهر را خیلی خوب نمی‌شناسم.,比“知道”更强调对情况有一定认识。
249,聊天儿,liáotiānr,HSK 3,动,1,轻松随便地谈话（动）,گپ زدن؛ صحبت خودمانی و آزاد کردن (فعل),跟朋友聊天儿 (gēn péngyou liáotiānr) | 网上聊天儿 (wǎng shàng liáotiānr) | 聊了一会儿天儿 (liáo le yíhuìr tiānr) | 一边喝茶一边聊天儿 (yìbiān hē chá yìbiān liáotiānr),我们在咖啡馆聊了一会儿天儿。,Wǒmen zài kāfēiguǎn liáo le yíhuìr tiānr.,ما در کافه کمی گپ زدیم.,儿化形式较口语、北方色彩；也常写作“聊天”。
250,离开,líkāi,HSK 3,动,1,从某地、某人身边或某种状态中走开、不再在那里（动）,ترک کردن؛ رفتن از؛ جدا شدن از جایی یا کسی (فعل),离开家 (líkāi jiā) | 离开北京 (líkāi Běijīng) | 离开学校 (líkāi xuéxiào) | 离开座位 (líkāi zuòwèi),他明天要离开北京。,Tā míngtiān yào líkāi Běijīng.,او فردا پکن را ترک می‌کند.,可用于地点、人或岗位等。
251,邻居,línjū,HSK 3,名,1,住在自己家附近的人或家庭（名）,همسایه (اسم),我的邻居 (wǒ de línjū) | 隔壁邻居 (gébì línjū) | 新邻居 (xīn línjū) | 跟邻居打招呼 (gēn línjū dǎ zhāohu),我们的邻居很热情。,Wǒmen de línjū hěn rèqíng.,همسایهٔ ما خیلی خون‌گرم است.,
252,历史,lìshǐ,HSK 3,名,1,过去发生的事情和发展过程；也指研究过去的学科（名）,تاریخ؛ رویدادها و روندهای گذشته؛ دانش تاریخ (اسم),中国历史 (Zhōngguó lìshǐ) | 学历史 (xué lìshǐ) | 历史故事 (lìshǐ gùshi) | 历史课 (lìshǐ kè),我对中国历史很感兴趣。,Wǒ duì Zhōngguó lìshǐ hěn gǎn xìngqù.,من به تاریخ چین خیلی علاقه دارم.,可指过去的事实，也可指学校里的历史学科。
252,历史,lìshǐ,HSK 3,名,2,某人、事物、机构等过去的经历或存在时间；背景、来历（名）,"سابقه؛ پیشینه؛ گذشته یا زمینهٔ یک شخص، چیز یا نهاد (اسم)",工作历史 (gōngzuò lìshǐ) | 很长的历史 (hěn cháng de lìshǐ) | 发展历史 (fāzhǎn lìshǐ) | 使用历史 (shǐyòng lìshǐ),这家公司有很长的历史。,Zhè jiā gōngsī yǒu hěn cháng de lìshǐ.,این شرکت سابقهٔ بسیار طولانی دارد.,此义常可译为“سابقه、پیشینه”；医学中的“病史”建议作为单独词条处理。
253,留学,liúxué,HSK 3,动,1,到外国学习或深造（动）,برای تحصیل به خارج رفتن؛ در خارج تحصیل کردن (فعل),去中国留学 (qù Zhōngguó liúxué) | 出国留学 (chūguó liúxué) | 留学一年 (liúxué yì nián) | 留学生活 (liúxué shēnghuó),他明年要去中国留学。,Tā míngnián yào qù Zhōngguó liúxué.,او سال آینده برای تحصیل به چین می‌رود.,
254,留学生,liúxuéshēng,HSK 3,名,1,在外国学习的学生（名）,دانشجوی خارجی؛ دانشجویی که در کشور دیگری تحصیل می‌کند (اسم),中国留学生 (Zhōngguó liúxuéshēng) | 外国留学生 (wàiguó liúxuéshēng) | 一名留学生 (yì míng liúxuéshēng) | 留学生宿舍 (liúxuéshēng sùshè),她是一名来自伊朗的留学生。,Tā shì yì míng láizì Yīlǎng de liúxuéshēng.,او یک دانشجوی خارجی از ایران است.,可指在本国的外国学生，也可指本国到国外学习的学生，需看语境。
255,礼物,lǐwù,HSK 3,名,1,送给别人的东西，表示祝贺、感谢、关心等（名）,هدیه؛ کادو (اسم),送礼物 (sòng lǐwù) | 生日礼物 (shēngrì lǐwù) | 收到礼物 (shōudào lǐwù) | 一件礼物 (yí jiàn lǐwù),这是我送给你的生日礼物。,Zhè shì wǒ sòng gěi nǐ de shēngrì lǐwù.,این هدیهٔ تولدی است که برای تو گرفته‌ام.,常用量词是“件、份”；口语里也常说“礼品”。
256,楼梯,lóutī,HSK 3,名,1,楼房中供人上下的台阶（名）,پله؛ راه‌پله (اسم),上楼梯 (shàng lóutī) | 下楼梯 (xià lóutī) | 走楼梯 (zǒu lóutī) | 楼梯口 (lóutīkǒu),电梯坏了，我们只能走楼梯。,"Diàntī huài le, wǒmen zhǐ néng zǒu lóutī.",آسانسور خراب شده و فقط می‌توانیم از پله برویم.,
257,路边,lùbiān,HSK 3,名,1,道路的旁边（名）,کنار جاده؛ کنار خیابان؛ حاشیهٔ راه (اسم),路边停车 (lùbiān tíngchē) | 坐在路边 (zuò zài lùbiān) | 路边的小店 (lùbiān de xiǎo diàn) | 站在路边 (zhàn zài lùbiān),他把车停在路边。,Tā bǎ chē tíng zài lùbiān.,او ماشین را کنار خیابان پارک کرد.,
258,路口,lùkǒu,HSK 3,名,1,两条或多条道路相交的地方（名）,تقاطع؛ چهارراه؛ محل برخورد چند راه (اسم),十字路口 (shízì lùkǒu) | 在路口等 (zài lùkǒu děng) | 过路口 (guò lùkǒu) | 下一个路口 (xià yí ge lùkǒu),我们在前面的路口见面吧。,Wǒmen zài qiánmian de lùkǒu jiànmiàn ba.,بیا در تقاطع جلویی همدیگر را ببینیم.,“十字路口”是常见具体说法。
259,马,mǎ,HSK 3,名,1,一种常见的大型动物，过去常用于骑乘、拉车等（名）,اسب (اسم),一匹马 (yì pǐ mǎ) | 骑马 (qí mǎ) | 马跑得很快 (mǎ pǎo de hěn kuài) | 马车 (mǎchē),他小时候很喜欢骑马。,Tā xiǎoshíhou hěn xǐhuan qí mǎ.,او در کودکی خیلی اسب‌سواری را دوست داشت.,常用量词是“匹”；“马上”表示“立刻”时是独立词，建议单独处理。
259,马,Mǎ,HSK 3,名,2,姓氏（名）,نام خانوادگی چینی (اسم خاص),马老师 (Mǎ lǎoshī) | 马先生 (Mǎ xiānsheng),马老师今天给我们上课。,Mǎ lǎoshī jīntiān gěi wǒmen shàng kè.,معلم ما امروز به ما درس می‌دهد.,
260,马路,mǎlù,HSK 3,名,1,城市或乡村中供车辆、行人通行的较宽道路（名）,خیابان؛ جاده؛ راه عبور خودرو و عابر (اسم),过马路 (guò mǎlù) | 马路边 (mǎlù biān) | 马路对面 (mǎlù duìmiàn) | 一条马路 (yì tiáo mǎlù),过马路的时候要小心。,Guò mǎlù de shíhou yào xiǎoxīn.,هنگام رد شدن از خیابان باید مراقب بود.,口语常用；比“道路”更日常。
261,满意,mǎnyì,HSK 3,形、动,1,觉得事情符合自己的希望或要求（形/动）,راضی؛ رضایت داشتن؛ خشنود بودن (صفت/فعل),很满意 (hěn mǎnyì) | 对结果满意 (duì jiéguǒ mǎnyì) | 不太满意 (bú tài mǎnyì) | 让人满意 (ràng rén mǎnyì),我对这次考试的结果很满意。,Wǒ duì zhè cì kǎoshì de jiéguǒ hěn mǎnyì.,من از نتیجهٔ این امتحان خیلی راضی‌ام.,常用结构是“对……满意”。
262,毛,máo,HSK2,名、量、形、语素,1,人或动物皮肤上长出的细丝；也指动植物或物体表面的细毛、绒毛、毛料（名/语素）,مو؛ کرک؛ پرز؛ پشم یا الیاف نرم سطحی (اسم/تکواژ),猫毛 (māo máo) | 汗毛 (hànmáo) | 腋毛 (yèmáo) | 毛毯 (máotǎn),这只猫掉毛很厉害。,Zhè zhī māo diào máo hěn lìhai.,این گربه خیلی مو می‌ریزد.,“毛毯、毛袜、毛衣、毛巾”多为构词用法，可作为单独词条处理。
262,毛,máo,HSK2,名、量、形、语素,2,人民币的辅助单位；一角的口语说法（量/名）,مائو؛ واحد پولی گفتاری برابر با یک‌دهم یوان (واحد شمارش/اسم),五毛 (wǔ máo) | 一毛钱 (yì máo qián) | 两块五毛 (liǎng kuài wǔ máo),这个本子两块五毛。,Zhège běnzi liǎng kuài wǔ máo.,این دفترچه دو یوان و پنج مائو است.,口语中常用“毛”表示“角”。
262,毛,máo,HSK2,名、量、形、语素,3,未经加工、没有修整好或表面不光滑；粗糙的（形/语素）,خام؛ ناتمام؛ پرداخت‌نشده؛ زبر یا ناصاف (صفت/تکواژ),毛坯 (máopī) | 毛边 (máobiān) | 毛稿 (máogǎo) | 毛糙 (máocao),这块木板表面有点儿毛。,Zhè kuài mùbǎn biǎomiàn yǒudiǎnr máo.,سطح این تخته کمی زبر و ناصاف است.,多用于构词或描述表面不光滑、加工不精细；“毛料”多指毛织品或衣料，建议另作处理。
262,毛,máo,HSK2,名、量、形、语素,4,没有扣除成本、包装、重量等的；总的、未净化的（形/语素）,"ناخالص؛ کل، پیش از کسر هزینه، بسته‌بندی، وزن یا موارد دیگر (صفت/تکواژ)",毛重 (máozhòng) | 毛利 (máolì) | 毛收入 (máo shōurù) | 毛利润 (máo lìrùn),这批货的毛重是一百公斤。,Zhè pī huò de máozhòng shì yìbǎi gōngjīn.,وزن ناخالص این محموله صد کیلوگرم است.,多用于商业、运输、财务等语境；日常生活中不如“总、没扣除”常用，反义词常用“净”。
262,毛,máo,HSK2,名、量、形、语素,5,做事不细心、不稳重；粗心急躁，多用于固定搭配（形/语素）,"بی‌دقت؛ دست‌وپاچلفتی؛ عجول و ناپخته، بیشتر در ترکیب‌های ثابت (صفت/تکواژ)",毛手毛脚 (máo shǒu máo jiǎo) | 毛毛躁躁 (máomaozàozào) | 做事太毛 (zuòshì tài máo),他做事毛手毛脚，常常出错。,"Tā zuòshì máo shǒu máo jiǎo, chángcháng chū cuò.",او کارها را بی‌دقت و دست‌وپاچلفتی انجام می‌دهد و اغلب اشتباه می‌کند.,此义口语色彩较强；常见于固定搭配。
262,毛,máo,HSK2,名、量、形、语素,6,心里害怕、发慌或感到不安；多用于“发毛”等固定表达（语素）,"ترسیدن؛ دل‌آشوبه گرفتن؛ احساس دلهره یا ناآرامی کردن، بیشتر در عبارت‌های ثابت (تکواژ)",心里发毛 (xīnli fā máo) | 听得发毛 (tīng de fā máo) | 看得发毛 (kàn de fā máo) | 毛骨悚然 (máo gǔ sǒng rán),一个人走夜路，我心里有点儿发毛。,"Yí ge rén zǒu yèlù, wǒ xīnli yǒudiǎnr fā máo.","وقتی شب تنها راه می‌روم، کمی دلم می‌لرزد.",常见于口语或描写恐惧、不安的语境；主要用于“发毛、毛骨悚然”等固定表达。
262,毛,Máo,HSK2,名、量、形、语素,7,姓氏（名）,نام خانوادگی چینی (اسم خاص),毛老师 (Máo lǎoshī) | 毛先生 (Máo xiānsheng),毛老师今天不在办公室。,Máo lǎoshī jīntiān bú zài bàngōngshì.,معلم مائو امروز در دفتر نیست.,
263,马上,mǎshàng,HSK 3,副,1,很快；立刻（副）,فوراً؛ بلافاصله؛ همین الان (قید),马上来 (mǎshàng lái) | 马上走 (mǎshàng zǒu) | 马上开始 (mǎshàng kāishǐ) | 马上就到 (mǎshàng jiù dào),我马上就回来。,Wǒ mǎshàng jiù huílái.,من فوراً برمی‌گردم.,口语很常用；不是“在马的上面”的意思。
264,米,mǐ,HSK2,名、量,1,去壳后的稻谷；常指大米（名）,برنج؛ دانهٔ برنج پوست‌کنده (اسم),大米 (dàmǐ) | 买米 (mǎi mǐ) | 一袋米 (yí dài mǐ) | 米饭 (mǐfàn),我们家今天买了一袋米。,Wǒmen jiā jīntiān mǎi le yí dài mǐ.,خانوادهٔ ما امروز یک کیسه برنج خرید.,“米饭”是熟饭，建议作为单独词条处理。
264,米,mǐ,HSK2,名、量,2,长度单位；一米等于一百厘米（量）,متر؛ واحد طول برابر با صد سانتی‌متر (واحد شمارش),一米 (yì mǐ) | 三米长 (sān mǐ cháng) | 一米八 (yì mǐ bā) | 米尺 (mǐchǐ),他身高一米八。,Tā shēngāo yì mǐ bā.,قد او یک متر و هشتاد است.,“一米八”口语中指一米八十厘米。
264,米,Mǐ,HSK2,名、量,3,姓氏（名）,نام خانوادگی چینی (اسم خاص),米老师 (Mǐ lǎoshī) | 米先生 (Mǐ xiānsheng),米老师教我们中文。,Mǐ lǎoshī jiāo wǒmen Zhōngwén.,معلم می به ما زبان چینی درس می‌دهد.,
265,面前,miànqián,HSK 3,名,1,人或事物的前面；也指面对某人、某种情况或问题的时候（名）,"جلوی؛ پیشِ روی؛ در برابرِ کسی، چیزی یا موقعیتی (اسم)",在老师面前 (zài lǎoshī miànqián) | 站在镜子面前 (zhàn zài jìngzi miànqián) | 摆在面前 (bǎi zài miànqián) | 困难面前 (kùnnan miànqián),孩子在老师面前不敢说话。,Háizi zài lǎoshī miànqián bù gǎn shuōhuà.,بچه جلوی معلم جرئت نمی‌کند حرف بزند.,常用于“在……面前”；既可表示具体位置，也可表示面对某人、困难、事实等抽象情况。
266,明白,míngbai,HSK 3,形、动,1,清楚地知道或理解；也可作结果补语，表示通过听、看、说、想等达到理解、清楚的结果（动/补）,"فهمیدن؛ متوجه شدن؛ روشن شدن، همچنین به‌عنوان متمم نتیجه پس از فعل‌هایی مثل شنیدن، دیدن، گفتن و فکر کردن (فعل/متمم)",听明白 (tīng míngbai) | 看明白 (kàn míngbai) | 想明白 (xiǎng míngbai) | 弄明白 (nòng míngbai),这个问题我还没想明白。,Zhège wèntí wǒ hái méi xiǎng míngbai.,من هنوز این مسئله را برای خودم روشن نکرده‌ام.,“明白”常作结果补语，如“听明白、看明白、说明白、讲明白、想明白、弄明白”。
266,明白,míngbai,HSK 3,形、动,2,话、说明、文章等清楚，容易懂（形）,"روشن؛ واضح؛ قابل فهم، دربارهٔ حرف، توضیح یا نوشته (صفت)",说得很明白 (shuō de hěn míngbai) | 写得明白 (xiě de míngbai) | 讲明白 (jiǎng míngbai) | 说明白 (shuō míngbai),老师讲得很明白。,Lǎoshī jiǎng de hěn míngbai.,معلم خیلی روشن توضیح داد.,“讲明白、说明白”也可理解为把事情讲清楚。
266,明白,míngbai,HSK 3,形、动,3,人心里清楚、懂事或有判断力；不糊涂（形）,"آگاه؛ فهمیده؛ عاقل و سردرآورده، نه گیج یا ناآگاه (صفت)",心里明白 (xīnli míngbai) | 明白人 (míngbai rén) | 做个明白人 (zuò ge míngbai rén) | 心里很明白 (xīnli hěn míngbai),他嘴上不说，心里很明白。,"Tā zuǐshang bù shuō, xīnli hěn míngbai.","او به زبان نمی‌آورد، اما در دل کاملاً می‌فهمد/می‌داند.",作形容词形容人时，常表示心里清楚、有判断力。
267,名单,míngdān,HSK 3,名,1,写有人名的单子（名）,فهرست اسامی؛ لیست نام‌ها (اسم),学生名单 (xuésheng míngdān) | 参加名单 (cānjiā míngdān) | 名单上 (míngdān shang) | 一份名单 (yí fèn míngdān),请把你的名字写在名单上。,Qǐng bǎ nǐ de míngzi xiě zài míngdān shang.,لطفاً نامت را در فهرست اسامی بنویس.,常用量词是“份、张”。
268,名人,míngrén,HSK 3,名,1,有名的人；社会上很多人知道的人（名）,فرد مشهور؛ آدم معروف؛ چهرهٔ شناخته‌شده (اسم),历史名人 (lìshǐ míngrén) | 文化名人 (wénhuà míngrén) | 当地名人 (dāngdì míngrén) | 一位名人 (yí wèi míngrén),他想采访一位当地名人。,Tā xiǎng cǎifǎng yí wèi dāngdì míngrén.,او می‌خواهد با یک فرد مشهور محلی مصاحبه کند.,比“明星”范围更广，不一定是演员或歌手。
269,南,nán,HSK 3,名、方位词、语素,1,四个基本方向之一；与“北”相对（名/方位词）,جنوب؛ جهت جنوب (اسم/جهت‌نما),南边 (nánbian) | 南门 (nánmén) | 往南走 (wǎng nán zǒu) | 南半球 (nán bànqiú),学校南边有一个公园。,Xuéxiào nánbian yǒu yí ge gōngyuán.,در جنوب مدرسه یک پارک هست.,常作方位成分；“南方”可作为单独词条处理。
269,南,Nán,HSK 3,名、方位词、语素,2,姓氏（名）,نام خانوادگی چینی (اسم خاص),南老师 (Nán lǎoshī) | 南先生 (Nán xiānsheng),南老师是我们的历史老师。,Nán lǎoshī shì wǒmen de lìshǐ lǎoshī.,معلم نان معلم تاریخ ماست.,
270,难,nán,HSK 3,形、动、语素,1,不容易；做起来费力，或理解、解决起来不简单（形）,"سخت؛ دشوار؛ مشکل؛ آسان نبودن از نظر انجام، فهم یا حل کردن (صفت)",很难 (hěn nán) | 太难了 (tài nán le) | 难学 (nán xué) | 难解决 (nán jiějué),这个问题有点儿难。,Zhège wèntí yǒudiǎnr nán.,این مسئله کمی سخت است.,反义词是“容易”；可形容事情、问题、语言、动作等。
270,难,nán,HSK 3,形、动、语素,2,使人觉得困难；使人被问题或情况困住（动/补）,سخت کردن؛ به مشکل انداختن؛ گیر انداختن در مسئله یا وضعیت دشوار (فعل/متمم),难住我 (nánzhù wǒ) | 被难住 (bèi nánzhù) | 把他难住了 (bǎ tā nánzhù le) | 难倒大家 (nándǎo dàjiā),这个问题把我难住了。,Zhège wèntí bǎ wǒ nánzhù le.,این مسئله مرا گیر انداخت / حسابی به مشکل انداخت.,常用于“难住、难倒”等结构，表示问题使人答不上来或做不下去。
270,难,nán,HSK 3,形、动、语素,3,不容易做到、发生或判断；表示可能性小或难以实现（语素）,"دشوار بودنِ انجام، رخ دادن یا قضاوت؛ به‌سادگی ممکن یا قابل گفتن نبودن (تکواژ)",难忘 (nánwàng) | 难说 (nánshuō) | 难免 (nánmiǎn) | 难以相信 (nányǐ xiāngxìn),这段经历让我难忘。,Zhè duàn jīnglì ràng wǒ nánwàng.,این تجربه برایم فراموش‌نشدنی است / فراموش کردنش برایم سخت است.,不一定表示绝对不可能，而是“不容易、难以”；“难忘、难免、难以……”等可作为单独词条处理。
270,难,nán,HSK 3,形、动、语素,4,不好；令人不舒服或不满意；多用于评价声音、味道、话语、外观等（语素）,"بد؛ ناخوشایند؛ ناپسند یا ناراحت‌کننده، دربارهٔ صدا، مزه، حرف، ظاهر و مانند آن (تکواژ)",难听 (nántīng) | 难吃 (nánchī) | 难看 (nánkàn) | 难闻 (nánwén),这个菜太难吃了。,Zhège cài tài nánchī le.,این غذا خیلی بدمزه است.,多用于“难听、难吃、难看、难闻”等词，表示感官或评价上的不好。
271,南方,nánfāng,HSK 3,名,1,南边的地区；特指一个国家或地区中较靠南的地方（名）,جنوب؛ ناحیهٔ جنوبی؛ بخش جنوبی یک کشور یا منطقه (اسم),中国南方 (Zhōngguó nánfāng) | 南方城市 (nánfāng chéngshì) | 南方人 (nánfāng rén) | 去南方 (qù nánfāng),中国南方的冬天不太冷。,Zhōngguó nánfāng de dōngtiān bú tài lěng.,زمستانِ جنوب چین خیلی سرد نیست.,和“北方”相对；可指地理或文化上的南部地区。
272,难过,nánguò,HSK 3,形、动,1,心里不舒服；伤心、难受（形）,ناراحت؛ غمگین؛ دل‌گرفته (صفت),很难过 (hěn nánguò) | 感到难过 (gǎndào nánguò) | 难过得哭了 (nánguò de kū le) | 心里难过 (xīnli nánguò),听到这个消息，他很难过。,"Tīngdào zhège xiāoxi, tā hěn nánguò.","با شنیدن این خبر، او خیلی ناراحت شد.",最常见用法，强调心理上的伤心、不舒服。
272,难过,nánguò,HSK 3,形,2,日子、关口等不容易度过；较像“难+过”的组合用法（形）,"سخت‌گذر؛ دشوار برای گذراندن یا عبور کردن، بیشتر دربارهٔ روزگار یا مرحله‌ای سخت (صفت)",日子难过 (rìzi nánguò) | 这一关难过 (zhè yì guān nánguò) | 难过的日子 (nánguò de rìzi),那几年他们的日子很难过。,Nà jǐ nián tāmen de rìzi hěn nánguò.,آن چند سال روزگارشان خیلی سخت می‌گذشت.,此义作形容词性谓语使用，但结构上更接近“难+过”的组合；建议放在“难”的相关用法中说明，而非作为“难过”的主要义项。
273,难看,nánkàn,HSK 3,形,1,不好看；外表、样子或颜色让人不喜欢（形）,زشت؛ بدظاهر؛ نازیبا (صفت),长得难看 (zhǎng de nánkàn) | 颜色难看 (yánsè nánkàn) | 衣服难看 (yīfu nánkàn) | 样子难看 (yàngzi nánkàn),这件衣服颜色有点儿难看。,Zhè jiàn yīfu yánsè yǒudiǎnr nánkàn.,رنگ این لباس کمی زشت است.,可形容人、衣服、颜色、样子等。
273,难看,nánkàn,HSK 3,形,2,脸色、表情不好看；显得不高兴或不舒服（形）,بدحال یا گرفته به نظر رسیدن؛ رنگ‌ورو یا چهرهٔ ناخوش داشتن (صفت),脸色难看 (liǎnsè nánkàn) | 表情难看 (biǎoqíng nánkàn) | 脸变得难看 (liǎn biàn de nánkàn),他听完这句话，脸色很难看。,"Tā tīng wán zhè jù huà, liǎnsè hěn nánkàn.","بعد از شنیدن این حرف، چهره‌اش خیلی گرفته شد.",常用于“脸色难看”，表示生气、尴尬、不舒服等。
273,难看,nánkàn,HSK 3,形,3,使人丢脸、不体面；场面或结果不好（形）,آبروریز؛ خجالت‌آور؛ در محظور قرار گرفته؛ نامناسب و ناخوشایند از نظر ظاهر یا شأن (صفت),太难看了 (tài nánkàn le) | 输得很难看 (shū de hěn nánkàn) | 场面难看 (chǎngmiàn nánkàn) | 这样做很难看 (zhèyàng zuò hěn nánkàn),在客人面前吵架太难看了。,Zài kèrén miànqián chǎojià tài nánkàn le.,دعوا کردن جلوی مهمان‌ها خیلی زشت و خجالت‌آور است.,此义不是外表丑，而是“不体面、让人尴尬”。
274,男人,nánrén,HSK 3,名,1,成年的男性（名）,مرد؛ مرد بالغ (اسم),一个男人 (yí ge nánrén) | 年轻男人 (niánqīng nánrén) | 中年男人 (zhōngnián nánrén) | 男人和女人 (nánrén hé nǚrén),门口站着一个陌生男人。,Ménkǒu zhànzhe yí ge mòshēng nánrén.,دم در یک مرد غریبه ایستاده بود.,通常指成年男性；较小的男性一般说“男孩、男生”。
274,男人,nánrén,HSK 3,名,2,丈夫或恋爱关系中的男方；口语用法（名）,"شوهر؛ مردِ زندگی یا طرف مرد در رابطه، در گفتار (اسم)",她男人 (tā nánrén) | 找个好男人 (zhǎo ge hǎo nánrén) | 我的男人 (wǒ de nánrén),她男人在外地工作。,Tā nánrén zài wàidì gōngzuò.,شوهرش در شهر دیگری کار می‌کند.,口语用法，语气和场合要注意；正式表达常用“丈夫、男朋友”。
275,男生,nánshēng,HSK 3,名,1,男性学生（名）,دانش‌آموز یا دانشجوی پسر؛ شاگرد پسر (اسم),一个男生 (yí ge nánshēng) | 班里的男生 (bān li de nánshēng) | 男生宿舍 (nánshēng sùshè) | 男生女生 (nánshēng nǚshēng),我们班男生比女生多。,Wǒmen bān nánshēng bǐ nǚshēng duō.,در کلاس ما پسرها از دخترها بیشترند.,与“女生”相对，常用于学校语境。
275,男生,nánshēng,HSK 3,名,2,年轻男性；男孩子，口语中范围可比“男性学生”宽（名）,"پسر؛ مرد جوان، در گفتار و موقعیت‌های غیررسمی (اسم)",那个男生 (nà ge nánshēng) | 年轻男生 (niánqīng nánshēng) | 喜欢的男生 (xǐhuan de nánshēng),她喜欢一个很安静的男生。,Tā xǐhuan yí ge hěn ānjìng de nánshēng.,او از یک پسر خیلی آرام خوشش می‌آید.,口语中可指年轻男子，不一定强调学生身份；正式场合宜用“男性、男子”等。
276,难题,nántí,HSK 3,名,1,不容易解答的题目（名）,مسئلهٔ سخت؛ سؤال دشوار (اسم),一道难题 (yí dào nántí) | 数学难题 (shùxué nántí) | 解决难题 (jiějué nántí) | 遇到难题 (yùdào nántí),这道数学难题我不会做。,Zhè dào shùxué nántí wǒ bú huì zuò.,من نمی‌توانم این مسئلهٔ سخت ریاضی را حل کنم.,用于题目时常用量词“道”。
276,难题,nántí,HSK 3,名,2,难以解决的问题、困难或挑战（名）,مشکل دشوار؛ چالش سخت؛ مسئلهٔ پیچیده (اسم),社会难题 (shèhuì nántí) | 世界性难题 (shìjièxìng nántí) | 面临难题 (miànlín nántí) | 破解难题 (pòjiě nántí),住房问题是很多大城市面临的难题。,Zhùfáng wèntí shì hěn duō dà chéngshì miànlín de nántí.,مسئلهٔ مسکن مشکلی دشوار است که بسیاری از شهرهای بزرگ با آن روبه‌رو هستند.,此义比学校题目更抽象，常用于新闻、讨论和正式语境。
277,难听,nántīng,HSK 3,形,1,声音、音乐、话语等听起来不好听（形）,بدصدا؛ ناخوش‌آهنگ؛ گوش‌خراش (صفت),声音难听 (shēngyīn nántīng) | 唱得难听 (chàng de nántīng) | 歌声难听 (gēshēng nántīng) | 难听的声音 (nántīng de shēngyīn),他说话的声音有点儿难听。,Tā shuōhuà de shēngyīn yǒudiǎnr nántīng.,صدای حرف زدنش کمی ناخوشایند است.,可指声音、音乐、唱歌等。
277,难听,nántīng,HSK 3,形,2,话说得粗鲁、刺耳或让人不舒服（形）,"زننده؛ تند و ناخوشایند، دربارهٔ حرف یا لحن (صفت)",话很难听 (huà hěn nántīng) | 说得难听 (shuō de nántīng) | 难听的话 (nántīng de huà) | 说话难听 (shuōhuà nántīng),他虽然生气，也不该说这么难听的话。,"Tā suīrán shēngqì, yě bù gāi shuō zhème nántīng de huà.","او هرچند عصبانی بود، نباید چنین حرف‌های زننده‌ای می‌زد.",此义常指话语伤人、不礼貌。
277,难听,nántīng,HSK 3,形,3,事情传出去后不好听；不体面，让人难堪（形）,بدنام‌کننده؛ آبروریز؛ رسوا کننده؛ ناخوشایند از نظر آبرو و ظاهر اجتماعی (صفت),传出去难听 (chuán chūqù nántīng) | 说出去难听 (shuō chūqù nántīng) | 这事难听 (zhè shì nántīng),这件事要是传出去，会很难听。,"Zhè jiàn shì yàoshi chuán chūqù, huì hěn nántīng.","اگر این ماجرا پخش شود، خیلی آبروریزی می‌شود.",此义常用于“说出去/传出去难听”，强调面子和名声。
278,年级,niánjí,HSK 3,名,1,学校中按学习年限或程度分成的级别（名）,پایهٔ تحصیلی؛ سال یا مقطع تحصیلی در مدرسه (اسم),一年级 (yì niánjí) | 三年级 (sān niánjí) | 高年级 (gāo niánjí) | 低年级 (dī niánjí),我妹妹今年上三年级。,Wǒ mèimei jīnnián shàng sān niánjí.,خواهر کوچک‌ترم امسال کلاس سوم است.,常用于学校；“年级”强调学习阶段。
278,年级,niánjí,HSK 3,名,2,同一个年级的学生整体；也可指该年级的管理单位（名）,کلِ دانش‌آموزان یک پایه؛ واحد یا مجموعهٔ مربوط به یک پایهٔ تحصیلی (اسم),全年级 (quán niánjí) | 年级第一 (niánjí dì-yī) | 年级主任 (niánjí zhǔrèn) | 同年级 (tóng niánjí),他这次考试考了年级第一。,Tā zhè cì kǎoshì kǎo le niánjí dì-yī.,او در این امتحان در کلِ پایه اول شد.,“年级第一”指在同一年级所有学生中排名第一；“年级主任”指负责某个年级的老师或管理者。
279,年轻,niánqīng,HSK 3,形,1,年龄不大；年纪轻；也可引申为经验少、不够成熟，或具有年轻人的活力和心态（形）,جوان؛ کم‌سن‌وسال؛ گاه کم‌تجربه یا دارای روحیه و ویژگی‌های جوانی (صفت),年轻人 (niánqīng rén) | 很年轻 (hěn niánqīng) | 年轻的时候 (niánqīng de shíhou) | 年轻气盛 (niánqīng qì shèng),她虽然是经理，但很年轻。,"Tā suīrán shì jīnglǐ, dàn hěn niánqīng.","او با اینکه مدیر است، خیلی جوان است.",主要表示年龄小；在“太年轻、年轻气盛、年轻不懂事”等语境中可引申为经验不足或不够成熟。
280,牛,niú,HSK 3,名、形、语素,1,一种常见的大型家畜，可耕地、产奶或供肉食用（名）,گاو؛ گاو اهلی (اسم),一头牛 (yì tóu niú) | 养牛 (yǎng niú) | 牛奶 (niúnǎi) | 牛肉 (niúròu),农民家里养了几头牛。,Nóngmín jiā li yǎng le jǐ tóu niú.,خانوادهٔ کشاورز چند گاو نگه می‌دارند.,常用量词是“头”；“牛奶、牛肉”可作为单独词条处理。
280,牛,niú,HSK 3,名、形、语素,2,固执、倔强；也可形容脾气大（形/语素）,لجباز؛ یک‌دنده؛ سرسخت (صفت/تکواژ),牛脾气 (niú píqi) | 脾气很牛 (píqi hěn niú) | 性子牛 (xìngzi niú),他有点儿牛脾气，谁也劝不动。,"Tā yǒudiǎnr niú píqi, shuí yě quàn bu dòng.",او کمی یک‌دنده است و هیچ‌کس نمی‌تواند قانعش کند.,多用于口语或固定说法，如“牛脾气”。
280,牛,niú,HSK 3,名、形、语素,3,很厉害、很出色；口语称赞用法（形）,"خیلی قوی؛ خیلی خفن؛ بسیار ماهر یا عالی، در گفتار (صفت)",很牛 (hěn niú) | 太牛了 (tài niú le) | 牛人 (niúrén) | 牛得很 (niú de hěn),你能一个人完成这个项目，太牛了！,"Nǐ néng yí ge rén wánchéng zhège xiàngmù, tài niú le!",تو توانستی این پروژه را تنهایی تمام کنی؛ خیلی خفنی!,口语、网络语中很常见；正式场合可用“厉害、出色”。
280,牛,Niú,HSK 3,名、形、语素,4,姓氏（名）,نام خانوادگی چینی (اسم خاص),牛老师 (Niú lǎoshī) | 牛先生 (Niú xiānsheng),牛老师今天给我们讲历史。,Niú lǎoshī jīntiān gěi wǒmen jiǎng lìshǐ.,معلم نیو امروز به ما تاریخ درس می‌دهد.,
281,努力,nǔlì,HSK 3,动、形、名、副,1,尽力去做；也可放在动词前，表示认真、用力地做某事（动/副）,تلاش کردن؛ کوشش کردن؛ همچنین با جدیت و تلاش کاری را انجام دادن (فعل/قید),努力学习 (nǔlì xuéxí) | 努力工作 (nǔlì gōngzuò) | 继续努力 (jìxù nǔlì) | 努力完成 (nǔlì wánchéng),只要你努力学习，成绩一定会提高。,"Zhǐyào nǐ nǔlì xuéxí, chéngjì yídìng huì tígāo.","اگر با جدیت درس بخوانی، نمره‌هایت حتماً بهتر می‌شود.",作动词时可说“继续努力”；放在动词前时作状语，如“努力学习”。
281,努力,nǔlì,HSK 3,动、形、名、副,2,做事认真、肯用功的（形）,پرتلاش؛ کوشا؛ سخت‌کوش (صفت),很努力 (hěn nǔlì) | 努力的人 (nǔlì de rén) | 学习很努力 (xuéxí hěn nǔlì) | 工作努力 (gōngzuò nǔlì),她是一个很努力的学生。,Tā shì yí ge hěn nǔlì de xuésheng.,او دانش‌آموزی بسیار پرتلاش است.,作形容词时形容人做事认真、肯用功。
281,努力,nǔlì,HSK 3,动、形、名、副,3,为达到目标而付出的力量或行动（名）,تلاش؛ کوشش؛ زحمت و نیرویی که برای رسیدن به هدف صرف می‌شود (اسم),付出努力 (fùchū nǔlì) | 经过努力 (jīngguò nǔlì) | 共同努力 (gòngtóng nǔlì) | 努力没有白费 (nǔlì méiyǒu báifèi),经过大家的努力，问题终于解决了。,"Jīngguò dàjiā de nǔlì, wèntí zhōngyú jiějué le.","با تلاش همه، مشکل بالاخره حل شد.",作名词时常和“付出、经过、共同、白费”等搭配。
282,女人,nǚrén,HSK 3,名,1,成年的女性（名）,زن؛ زن بالغ (اسم),一个女人 (yí ge nǚrén) | 年轻女人 (niánqīng nǚrén) | 中年女人 (zhōngnián nǚrén) | 男人和女人 (nánrén hé nǚrén),门口站着一个陌生女人。,Ménkǒu zhànzhe yí ge mòshēng nǚrén.,دم در یک زن غریبه ایستاده بود.,通常指成年女性；较小的女性一般说“女孩、女生”。
282,女人,nǚrén,HSK 3,名,2,妻子或恋爱关系中的女方；口语用法（名）,"زنِ زندگی؛ همسر یا طرف زن در رابطه، در گفتار (اسم)",他的女人 (tā de nǚrén) | 找个好女人 (zhǎo ge hǎo nǚrén) | 我女人 (wǒ nǚrén),他女人在医院工作。,Tā nǚrén zài yīyuàn gōngzuò.,همسرش در بیمارستان کار می‌کند.,口语用法，语气和场合要注意；正式表达常用“妻子、女朋友”。
283,女生,nǚshēng,HSK 3,名,1,女性学生（名）,دانش‌آموز یا دانشجوی دختر؛ شاگرد دختر (اسم),一个女生 (yí ge nǚshēng) | 班里的女生 (bān li de nǚshēng) | 女生宿舍 (nǚshēng sùshè) | 男生女生 (nánshēng nǚshēng),我们班女生比男生多。,Wǒmen bān nǚshēng bǐ nánshēng duō.,در کلاس ما دخترها از پسرها بیشترند.,与“男生”相对，常用于学校语境。
283,女生,nǚshēng,HSK 3,名,2,年轻女性；女孩子，口语中范围可比“女性学生”宽（名）,"دختر؛ زن جوان، در گفتار و موقعیت‌های غیررسمی (اسم)",那个女生 (nà ge nǚshēng) | 年轻女生 (niánqīng nǚshēng) | 喜欢的女生 (xǐhuan de nǚshēng),他喜欢一个很开朗的女生。,Tā xǐhuan yí ge hěn kāilǎng de nǚshēng.,او از یک دختر خیلی خوش‌برخورد خوشش می‌آید.,口语中可指年轻女性，不一定强调学生身份；正式场合宜用“女性、女子”等。
284,爬,pá,HSK 3,动,1,人或动物用手脚贴近地面移动；爬行（动）,خزیدن؛ چهار دست‌وپا رفتن؛ روی زمین حرکت کردن (فعل),往前爬 (wǎng qián pá) | 在地上爬 (zài dìshang pá) | 小孩儿会爬了 (xiǎoháir huì pá le) | 虫子爬 (chóngzi pá),小孩儿已经会爬了。,Xiǎoháir yǐjīng huì pá le.,بچه دیگر می‌تواند چهار دست‌وپا برود.,
284,爬,pá,HSK 3,动,2,抓着东西向上或向某处移动；攀登（动）,بالا رفتن؛ صعود کردن؛ با دست‌وپا از چیزی بالا رفتن (فعل),爬山 (pá shān) | 爬楼梯 (pá lóutī) | 爬树 (pá shù) | 往上爬 (wǎng shàng pá),周末我们去爬山。,Zhōumò wǒmen qù pá shān.,آخر هفته برای کوه‌نوردی می‌رویم.,比“上”更强调费力或用手脚攀登；“爬楼梯”口语中也常指走楼梯上去。
284,爬,pá,HSK 3,动,3,位置、等级、数字等慢慢升高；多用于比喻（动）,کم‌کم بالا رفتن؛ به‌تدریج افزایش یا ارتقا یافتن (فعل),价格往上爬 (jiàgé wǎng shàng pá) | 排名往上爬 (páimíng wǎng shàng pá) | 一步步往上爬 (yí bù bù wǎng shàng pá),他的排名一点一点往上爬。,Tā de páimíng yìdiǎn yìdiǎn wǎng shàng pá.,رتبهٔ او کم‌کم بالا رفت.,比喻用法，常带“慢慢、一步步”的感觉。
285,怕,pà,HSK 3,动,1,害怕；对某人、某事感到恐惧（动）,ترسیدن؛ از کسی یا چیزی ترس داشتن (فعل),怕黑 (pà hēi) | 怕狗 (pà gǒu) | 很怕 (hěn pà) | 什么都不怕 (shénme dōu bú pà),小孩子常常怕黑。,Xiǎoháizi chángcháng pà hēi.,بچه‌ها اغلب از تاریکی می‌ترسند.,
285,怕,pà,HSK 3,动,2,对某种感觉、环境或刺激不耐受；受不了（动）,"تحمل نداشتن؛ حساس بودن نسبت به حس، محیط یا محرکی ناخوشایند (فعل)",怕冷 (pà lěng) | 怕热 (pà rè) | 怕疼 (pà téng) | 怕辣 (pà là),我很怕冷，冬天总是穿很多。,"Wǒ hěn pà lěng, dōngtiān zǒngshì chuān hěn duō.",من خیلی به سرما حساسم و زمستان همیشه زیاد لباس می‌پوشم.,此义不一定表示真正害怕，而是表示不耐受或敏感。
285,怕,pà,HSK 3,动,3,担心某种不好的情况发生（动）,نگران بودن؛ ترسیدن از اینکه اتفاق بدی بیفتد (فعل),怕迟到 (pà chídào) | 怕出错 (pà chūcuò) | 怕麻烦 (pà máfan) | 怕来不及 (pà lái bu jí),我怕明天会下雨。,Wǒ pà míngtiān huì xiàyǔ.,نگرانم فردا باران ببارد.,后面可接小句，表示担心某种情况。
285,怕,pà,HSK 3,动、副,4,表示估计或委婉判断，相当于“恐怕、可能”（副）,"احتمالاً؛ گمان کنم؛ می‌ترسم که، برای حدس یا بیان محتاطانه (قید)",怕是来不了 (pà shì lái bu liǎo) | 怕是不容易 (pà shì bù róngyì) | 怕要下雨 (pà yào xiàyǔ),他这么晚还没到，怕是迷路了。,"Tā zhème wǎn hái méi dào, pà shì mílù le.",او تا این وقت هنوز نرسیده؛ احتمالاً راه را گم کرده است.,此义常见于“怕是……”结构，语气接近“恐怕”，带有估计或委婉判断色彩。
286,拍照,pāizhào,HSK 3,动,1,用照相机、手机等拍摄照片（动）,عکس گرفتن؛ عکاسی کردن (فعل),拍照留念 (pāizhào liúniàn) | 给朋友拍照 (gěi péngyou pāizhào) | 拍一张照 (pāi yì zhāng zhào) | 不准拍照 (bù zhǔn pāizhào),这里可以拍照吗？,Zhèlǐ kěyǐ pāizhào ma?,اینجا می‌شود عکس گرفت؟,“拍照片、照相”意思相近；“拍照”很常用。
287,胖,pàng,HSK 3,形,1,身体肉多；体重较重（形）,چاق؛ فربه؛ دارای وزن زیاد (صفت),有点儿胖 (yǒudiǎnr pàng) | 太胖了 (tài pàng le) | 胖了几斤 (pàng le jǐ jīn) | 又高又胖 (yòu gāo yòu pàng),他最近胖了几斤。,Tā zuìjìn pàng le jǐ jīn.,او اخیراً چند جین چاق‌تر شده است.,反义词常用“瘦”；直接说别人“胖”可能不礼貌。
287,胖,pàng,HSK 3,形,2,食物、衣服、字体等显得宽大或圆鼓鼓；口语或描述性用法（形）,"پهن، پف‌کرده یا گرد و توپر، دربارهٔ چیزها در توصیف گفتاری (صفت)",胖乎乎 (pànghūhū) | 胖胖的字 (pàngpàng de zì) | 包子很胖 (bāozi hěn pàng),这个包子圆圆胖胖的，看起来很好吃。,"Zhège bāozi yuányuán pàngpàng de, kàn qǐlái hěn hǎochī.",این بائوزی گرد و تپل است و خیلی خوشمزه به نظر می‌رسد.,用于物时多带形象描写色彩，不是严格的体重意义。
288,盘子,pánzi,HSK 3,名,1,盛放食物等的浅而平的器具（名）,بشقاب؛ دیس کم‌عمق برای گذاشتن غذا (اسم),一个盘子 (yí ge pánzi) | 洗盘子 (xǐ pánzi) | 菜盘子 (cài pánzi) | 盘子里 (pánzi li),请把水果放在盘子里。,Qǐng bǎ shuǐguǒ fàng zài pánzi li.,لطفاً میوه‌ها را داخل بشقاب بگذار.,常用量词是“个、只”；比“碗”浅。
289,啤酒,píjiǔ,HSK 3,名,1,一种用麦芽等酿成的低度酒（名）,آبجو؛ نوشیدنی الکلی کم‌درجه از مالت و مانند آن (اسم),喝啤酒 (hē píjiǔ) | 一瓶啤酒 (yì píng píjiǔ) | 冰啤酒 (bīng píjiǔ) | 啤酒杯 (píjiǔbēi),他晚饭时喝了一瓶啤酒。,Tā wǎnfàn shí hē le yì píng píjiǔ.,او موقع شام یک بطری آبجو نوشید.,常用量词是“瓶、杯、罐”；属于酒类。
290,平时,píngshí,HSK 3,名、副,1,平常的时候；一般情况下（名/副）,معمولاً؛ در حالت عادی؛ اوقات معمولی (اسم/قید),平时很忙 (píngshí hěn máng) | 平时喜欢 (píngshí xǐhuan) | 平时上班 (píngshí shàngbān) | 平时的生活 (píngshí de shēnghuó),我平时很少喝咖啡。,Wǒ píngshí hěn shǎo hē kāfēi.,من معمولاً خیلی کم قهوه می‌خورم.,可作时间状语，也可作名词性成分，如“平时的生活”。
290,平时,píngshí,HSK 3,名、副,2,与特殊时候、考试、假期等相对的普通时间（名）,"روزها یا زمان‌های عادی، در برابر زمان‌های خاص مثل امتحان یا تعطیلات (اسم)",平时成绩 (píngshí chéngjì) | 平时表现 (píngshí biǎoxiàn) | 平时作业 (píngshí zuòyè) | 和平时一样 (hé píngshí yíyàng),这门课的成绩包括考试和平时成绩。,Zhè mén kè de chéngjì bāokuò kǎoshì hé píngshí chéngjì.,نمرهٔ این درس شامل امتحان و نمرهٔ طول ترم است.,在学校语境中，“平时成绩”常指平常作业、出勤、课堂表现等形成的成绩。
291,瓶子,píngzi,HSK 3,名,1,口较小、颈较细、用来盛液体或其他东西的容器（名）,بطری؛ شیشه؛ ظرف دهانه‌باریک برای مایعات یا چیزهای دیگر (اسم),一个瓶子 (yí ge píngzi) | 玻璃瓶子 (bōli píngzi) | 空瓶子 (kōng píngzi) | 瓶子里 (píngzi li),桌子上有一个空瓶子。,Zhuōzi shang yǒu yí ge kōng píngzi.,روی میز یک بطری خالی هست.,常用量词是“个、只”；“一瓶水”中的“瓶”是量词，“瓶子”是容器本身。
292,骑,qí,HSK 3,动,1,跨坐在动物、车等上面，让它带着自己移动（动）,سوار شدن؛ سوار بر حیوان یا وسیله‌ای حرکت کردن (فعل),骑马 (qí mǎ) | 骑自行车 (qí zìxíngchē) | 骑电动车 (qí diàndòngchē) | 骑车上班 (qí chē shàngbān),他每天骑自行车去学校。,Tā měitiān qí zìxíngchē qù xuéxiào.,او هر روز با دوچرخه به مدرسه می‌رود.,常用于“骑马、骑自行车、骑电动车”等；乘坐汽车、火车一般不用“骑”。
292,骑,qí,HSK 3,动,2,骑兵；骑马的人，多用于书面或构词（名/语素）,"سواره‌نظام؛ سوارکار، بیشتر در نوشتار یا ترکیب‌ها (اسم/تکواژ)",骑兵 (qíbīng) | 骑手 (qíshǒu) | 铁骑 (tiěqí),古代战争中，骑兵非常重要。,"Gǔdài zhànzhēng zhōng, qíbīng fēicháng zhòngyào.","در جنگ‌های باستان، سواره‌نظام بسیار مهم بود.",此义多见于“骑兵、骑手”等词；“铁骑”较书面。
293,起,qǐ,HSK 3,动、介、量、语素,1,由低处到高处；从坐、躺、睡等状态变为站立、起来或开始活动（动）,"برخاستن؛ بلند شدن؛ از خواب، نشستن یا حالت پایین بلند شدن (فعل)",早睡早起 (zǎo shuì zǎo qǐ) | 起床 (qǐchuáng) | 起身 (qǐ shēn) | 起得很早 (qǐ de hěn zǎo),他每天都早睡早起。,Tā měitiān dōu zǎo shuì zǎo qǐ.,او هر روز زود می‌خوابد و زود بیدار می‌شود.,“起床、起来”可作为单独词条处理；此义强调人或物从低处、静止或睡眠状态起来。
293,起,qǐ,HSK 3,动、介、量、语素,2,把嵌着、钉着或粘着的东西从原处取出、撬起；多用于具体动作（动）,"بیرون کشیدن؛ کندن؛ از جای فرورفته، چسبیده یا میخ‌شده جدا کردن (فعل)",起钉子 (qǐ dīngzi) | 起瓶盖 (qǐ pínggài) | 起墙皮 (qǐ qiángpí) | 起地板 (qǐ dìbǎn),他用工具把钉子起出来了。,Tā yòng gōngjù bǎ dīngzi qǐ chūlái le.,او با ابزار میخ را بیرون کشید.,此义不如“拿起、捡起”的补语用法常见，多用于把钉子、瓶盖、墙皮、地板等从原处撬起或取出。
293,起,qǐ,HSK 3,动、介、量、语素,3,某种东西在身体、表面等处出现、生出或长出来（动）,ظاهر شدن؛ در آمدن؛ روی بدن یا سطحی پدید آمدن (فعل),起水泡 (qǐ shuǐpào) | 起鸡皮疙瘩 (qǐ jīpí gēda) | 起疹子 (qǐ zhěnzi) | 起皱纹 (qǐ zhòuwén)| 起皮 (qǐ pí),他的脚上起了水泡。,Tā de jiǎo shang qǐ le shuǐpào.,روی پایش تاول زده است.,常用于身体或物体表面出现水泡、疹子、皱纹等。
293,起,qǐ,HSK 3,动、介、量、语素,4,某种现象、变化、作用、感觉等开始出现或发挥出来（动/语素）,"شروع شدن یا پدید آمدنِ پدیده، تغییر، احساس یا اثر؛ فعال شدن و اثر کردن (فعل/تکواژ)",起风了 (qǐ fēng le) | 起作用 (qǐ zuòyòng) | 起变化 (qǐ biànhuà) | 起疑心 (qǐ yíxīn),这种药很快就起作用了。,Zhè zhǒng yào hěn kuài jiù qǐ zuòyòng le.,این دارو خیلی زود اثر کرد.,“起风”表示自然现象开始出现；“起作用”表示作用开始发挥出来，都属于“开始出现或发挥”的用法。
293,起,qǐ,HSK 3,动、介、量、语素,5,拟定、提出或办理某事；主要用于构成动词（语素）,"تنظیم کردن، مطرح کردن یا انجام دادنِ کاری، عمدتاً در ساخت فعل‌های مرکب (تکواژ)",起草 (qǐcǎo) | 起诉 (qǐsù) | 起名 (qǐmíng) | 起稿 (qǐ gǎo),这份报告由他负责起草。,Zhè fèn bàogào yóu tā fùzé qǐcǎo.,تهیهٔ پیش‌نویس این گزارش بر عهدهٔ اوست.,此义主要见于“起草、起诉、起名、起稿”等词；这些词更适合作为单独词条处理。
293,起,qǐ,HSK 3,动、介、量、语素,6,从某个时间、地点、范围或对象开始（介/语素）,"از؛ از زمان، مکان، محدوده یا نقطه‌ای شروع شدن (حرف اضافه/تکواژ)",从今天起 (cóng jīntiān qǐ) | 从现在起 (cóng xiànzài qǐ) | 自明天起 (zì míngtiān qǐ) | 从小事做起 (cóng xiǎoshì zuò qǐ),从今天起，我要早睡早起。,"Cóng jīntiān qǐ, wǒ yào zǎo shuì zǎo qǐ.",از امروز می‌خواهم زود بخوابم و زود بیدار شوم.,常和“从、自”连用，表示起点。
293,起,qǐ,HSK 3,动、介、量、语素,7,用于案件、事故、事件等，相当于“件、次”（量）,"مورد؛ فقره، برای شمردن پرونده‌ها، حوادث یا رویدادها (واحد شمارش)",一起案件 (yì qǐ ànjiàn) | 一起事故 (yì qǐ shìgù) | 几起刑事案件 (jǐ qǐ xíngshì ànjiàn) | 多起事件 (duō qǐ shìjiàn),警方正在调查这起案件。,Jǐngfāng zhèngzài diàochá zhè qǐ ànjiàn.,پلیس در حال بررسی این پرونده است.,作量词时常用于案件、事故、事件等，常见于新闻和正式语境。
294,铅笔,qiānbǐ,HSK 3,名,1,用石墨等作笔芯、可以擦掉笔迹的书写工具（名）,مداد (اسم),一支铅笔 (yì zhī qiānbǐ) | 铅笔盒 (qiānbǐhé) | 用铅笔写 (yòng qiānbǐ xiě) | 削铅笔 (xiāo qiānbǐ),请用铅笔写你的名字。,Qǐng yòng qiānbǐ xiě nǐ de míngzi.,لطفاً نامت را با مداد بنویس.,常用量词是“支”；“铅笔盒”可作为单独词条处理。
295,前年,qiánnián,HSK 3,名,1,去年的前一年；两年前的那一年（名）,دو سال پیش؛ پیرارسال (اسم),前年夏天 (qiánnián xiàtiān) | 前年年底 (qiánnián niándǐ) | 前年去过 (qiánnián qùguo) | 前年的事 (qiánnián de shì),我前年去过北京。,Wǒ qiánnián qùguo Běijīng.,من دو سال پیش به پکن رفتم.,指说话时间往前数第二年；和“去年、今年、明年、后年”相对。
296,前天,qiántiān,HSK 3,名,1,昨天的前一天；两天前（名）,پریروز؛ دو روز پیش (اسم),前天晚上 (qiántiān wǎnshang) | 前天上午 (qiántiān shàngwǔ) | 前天见过 (qiántiān jiànguo) | 前天的事 (qiántiān de shì),我前天见过他。,Wǒ qiántiān jiànguo tā.,من پریروز او را دیده‌ام.,指说话时间往前数第二天；和“昨天、今天、明天、后天”相对。
297,汽车,qìchē,HSK 3,名,1,以发动机或电力驱动，在道路上行驶的车辆（名）,خودرو؛ ماشین؛ وسیلهٔ نقلیهٔ جاده‌ای موتوری یا برقی (اسم),开汽车 (kāi qìchē) | 坐汽车 (zuò qìchē) | 一辆汽车 (yí liàng qìchē) | 汽车站 (qìchēzhàn),他每天开汽车去上班。,Tā měitiān kāi qìchē qù shàngbān.,او هر روز با ماشین به سر کار می‌رود.,常用量词是“辆”；口语中常说“车”。“汽车站”多指长途汽车站。
298,起飞,qǐfēi,HSK 3,动,1,飞机、火箭等开始离开地面或水面飞上天空（动）,"برخاستن؛ بلند شدن هواپیما، موشک و مانند آن از زمین یا آب (فعل)",飞机起飞 (fēijī qǐfēi) | 准时起飞 (zhǔnshí qǐfēi) | 起飞时间 (qǐfēi shíjiān) | 延迟起飞 (yánchí qǐfēi),飞机十分钟后起飞。,Fēijī shí fēnzhōng hòu qǐfēi.,هواپیما ده دقیقه دیگر بلند می‌شود.,反义词常用“降落、着陆”。
298,起飞,qǐfēi,HSK 3,动,2,事业、经济、成绩等迅速发展或开始快速上升；比喻用法（动）,"اوج گرفتن؛ جهش کردن؛ شروع رشد سریع، دربارهٔ کار، اقتصاد، نتیجه و مانند آن (فعل)",经济起飞 (jīngjì qǐfēi) | 事业起飞 (shìyè qǐfēi) | 成绩起飞 (chéngjì qǐfēi) | 开始起飞 (kāishǐ qǐfēi),这个行业正在快速起飞。,Zhège hángyè zhèngzài kuàisù qǐfēi.,این صنعت در حال جهش و رشد سریع است.,比喻用法，常见于经济、事业、行业等语境。
299,奇怪,qíguài,HSK 3,形、动,1,跟一般情况不一样，使人觉得不理解或意外（形）,عجیب؛ غریب؛ غیرعادی و باعث تعجب یا ابهام (صفت),很奇怪 (hěn qíguài) | 奇怪的声音 (qíguài de shēngyīn) | 感到奇怪 (gǎndào qíguài) | 真奇怪 (zhēn qíguài),我听到一个奇怪的声音。,Wǒ tīngdào yí ge qíguài de shēngyīn.,من صدای عجیبی شنیدم.,
299,奇怪,qíguài,HSK 3,形、动,2,对某事感到疑惑、意外或不理解（动）,تعجب کردن؛ متعجب و مشکوک شدن؛ چیزی را عجیب دانستن (فعل),奇怪他没来 (qíguài tā méi lái) | 我很奇怪 (wǒ hěn qíguài) | 觉得奇怪 (juéde qíguài),我很奇怪，他为什么没来。,"Wǒ hěn qíguài, tā wèishénme méi lái.",خیلی تعجب می‌کنم که چرا او نیامده است.,作动词时表示“觉得奇怪、感到不理解”，常后接小句。
300,清楚,qīngchu,HSK 3,形、动,1,事物、声音、字迹、说明等清晰，容易看见、听见或理解（形）,"واضح؛ روشن؛ شفاف؛ قابل دیدن، شنیدن یا فهمیدن (صفت)",字迹清楚 (zìjì qīngchu) | 声音清楚 (shēngyīn qīngchu) | 说明清楚 (shuōmíng qīngchu) | 画面清楚 (huàmiàn qīngchu),这张照片不太清楚。,Zhè zhāng zhàopiàn bú tài qīngchu.,این عکس خیلی واضح نیست.,作形容词时，强调看得见、听得见或容易理解。
300,清楚,qīngchu,HSK 3,形、动,2,对情况、道理、事实等了解得明白（形/动）,آگاه؛ باخبر؛ خوب فهمیده و روشن نسبت به موضوع یا وضعیت (صفت/فعل),很清楚 (hěn qīngchu) | 不太清楚 (bú tài qīngchu) | 对情况清楚 (duì qíngkuàng qīngchu) | 心里清楚 (xīnli qīngchu),我还不太清楚事情的经过。,Wǒ hái bú tài qīngchu shìqing de jīngguò.,من هنوز جریان ماجرا را خیلی خوب نمی‌دانم.,主语通常是人，表示对某事有明确了解。
300,清楚,qīngchu,HSK 3,形、动,3,作结果补语，表示看、听、说、问、查、分等动作达到清晰、明白或分明的结果（补）,به‌عنوان متمم نتیجه: واضح دیدن/شنیدن/گفتن؛ روشن یا مشخص کردن و شدن (متمم),看清楚 (kàn qīngchu) | 听清楚 (tīng qīngchu) | 说清楚 (shuō qīngchu) | 弄清楚 (nòng qīngchu),请你把这个问题说清楚。,Qǐng nǐ bǎ zhège wèntí shuō qīngchu.,لطفاً این مسئله را روشن توضیح بده.,常用于“看清楚、听清楚、说清楚、问清楚、查清楚、分清楚、弄清楚”等结构。
301,请假,qǐngjià,HSK 3,动,1,因病、因事等向学校或单位请求暂时不去上课或上班（动）,مرخصی گرفتن؛ اجازهٔ غیبت گرفتن از مدرسه یا محل کار (فعل),请一天假 (qǐng yì tiān jià) | 请病假 (qǐng bìngjià) | 请事假 (qǐng shìjià) | 向老师请假 (xiàng lǎoshī qǐngjià),我今天身体不舒服，想请一天假。,"Wǒ jīntiān shēntǐ bù shūfu, xiǎng qǐng yì tiān jià.",امروز حالم خوب نیست و می‌خواهم یک روز مرخصی بگیرم.,“请病假”因病请假，“请事假”因私事请假；“请假条”可作为单独词条处理。
302,请客,qǐngkè,HSK 3,动,1,请别人吃饭、喝茶、娱乐等，并由自己付钱（动）,"مهمان کردن؛ کسی را به غذا، نوشیدنی یا تفریح دعوت کردن و هزینه‌اش را پرداختن (فعل)",请客吃饭 (qǐngkè chīfàn) | 请朋友客 (qǐng péngyou kè) | 今天我请客 (jīntiān wǒ qǐngkè) ,今天我请客，大家想吃什么？,"Jīntiān wǒ qǐngkè, dàjiā xiǎng chī shénme?",امروز من مهمان می‌کنم؛ همه چه چیزی می‌خواهید بخورید؟,“请客”强调由请的人付钱；也常说“请客吃饭”。
303,其实,qíshí,HSK 3,副,1,表示实际情况与表面、想象或前文说法不完全一样；实际上（副）,"در واقع؛ در حقیقت؛ راستش، برای بیان وضعیت واقعی برخلاف ظاهر یا تصور (قید)",其实不是 (qíshí bú shì) | 其实我知道 (qíshí wǒ zhīdào) | 其实很简单 (qíshí hěn jiǎndān) | 其实没关系 (qíshí méi guānxi),这道题看起来很难，其实很简单。,"Zhè dào tí kàn qǐlái hěn nán, qíshí hěn jiǎndān.","این سؤال سخت به نظر می‌رسد، اما در واقع خیلی ساده است.",常用于纠正、补充或说明真实情况；和“实际上”意思接近。
304,其他,qítā,HSK 3,代、形,1,别的；其余的人、事物、地方或方面（代/形）,"دیگر؛ سایر؛ بقیهٔ افراد، چیزها، جاها یا جنبه‌ها (ضمیر/صفت)",其他人 (qítā rén) | 其他地方 (qítā dìfang) | 其他问题 (qítā wèntí) | 其他方面 (qítā fāngmiàn),除了中文，我还想学其他语言。,"Chúle Zhōngwén, wǒ hái xiǎng xué qítā yǔyán.","به‌جز چینی، می‌خواهم زبان‌های دیگری هم یاد بگیرم.",常放在名词前；也可单独作代词，如“其他的我不知道”。
305,球场,qiúchǎng,HSK 3,名,1,进行球类运动的场地（名）,زمین بازی؛ زمین ورزش‌های توپی (اسم),足球场 (zúqiúchǎng) | 篮球场 (lánqiúchǎng) | 网球场 (wǎngqiúchǎng) | 去球场 (qù qiúchǎng),学校后面有一个新的篮球场。,Xuéxiào hòumian yǒu yí ge xīn de lánqiúchǎng.,پشت مدرسه یک زمین بسکتبال جدید هست.,可指足球、篮球、网球等球类运动场地；具体运动常放在“球场”前。
306,秋天,qiūtiān,HSK 3,名,1,一年四季之一，在夏天之后、冬天之前（名）,پاییز؛ فصل پاییز (اسم),秋天来了 (qiūtiān lái le) | 秋天的天气 (qiūtiān de tiānqì) | 今年秋天 (jīnnián qiūtiān) | 秋天很凉快 (qiūtiān hěn liángkuai),北京的秋天很舒服。,Běijīng de qiūtiān hěn shūfu.,پاییز پکن خیلی دلپذیر است.,和“春天、夏天、冬天”相对；书面或构词中也常用“秋”。
307,裙子,qúnzi,HSK 3,名,1,穿在腰部以下、没有裤腿的衣服（名）,"دامن؛ پیراهن دامن‌دار، پوشاکی که پایین‌تنه را می‌پوشاند و پاچه ندارد (اسم)",一条裙子 (yì tiáo qúnzi) | 穿裙子 (chuān qúnzi) | 长裙子 (cháng qúnzi) | 花裙子 (huā qúnzi),她今天穿了一条蓝色的裙子。,Tā jīntiān chuān le yì tiáo lánsè de qúnzi.,او امروز یک دامن آبی پوشیده است.,常用量词是“条”；可指裙装，具体是“دامن”还是“پیراهن دامن‌دار”需看语境。
308,然后,ránhòu,HSK 3,连、副,1,表示一件事发生以后接着发生另一件事；之后、接着（连/副）,"سپس؛ بعد؛ بعد از آن، برای بیان ترتیب رخدادها (حرف ربط/قید)",然后再说 (ránhòu zài shuō) | 先吃饭然后学习 (xiān chīfàn ránhòu xuéxí) | 然后呢 (ránhòu ne) | 然后回家 (ránhòu huí jiā),我们先吃饭，然后去看电影。,"Wǒmen xiān chīfàn, ránhòu qù kàn diànyǐng.","اول غذا می‌خوریم، بعد می‌رویم فیلم ببینیم.",常用于叙述事情的先后顺序；口语中“然后呢？”可表示继续追问。
309,认得,rènde,HSK 3,动,1,认识；能辨认出某人、某物或某个字（动）,"شناختن؛ تشخیص دادن؛ به‌جا آوردن شخص، چیز یا نوشته‌ای (فعل)",认得路 (rènde lù) | 认得这个字 (rènde zhège zì) | 认得他 (rènde tā) | 不认得 (bú rènde),这个字我认得，但是不会写。,"Zhège zì wǒ rènde, dànshì bú huì xiě.","این نویسه را می‌شناسم، اما نمی‌توانم بنویسم.",比“认识”更强调能辨认出来；常用于人、路、字、地方等。
310,认为,rènwéi,HSK 3,动,1,对人、事物或情况作出判断、看法；觉得（动）,"فکر کردن؛ معتقد بودن؛ نظر داشتن دربارهٔ کسی، چیزی یا وضعیتی (فعل)",我认为 (wǒ rènwéi) | 认为很重要 (rènwéi hěn zhòngyào) | 认为不对 (rènwéi bú duì) | 被认为是 (bèi rènwéi shì),我认为学习语言需要很多练习。,Wǒ rènwéi xuéxí yǔyán xūyào hěn duō liànxí.,من فکر می‌کنم یادگیری زبان به تمرین زیادی نیاز دارد.,比“觉得”稍正式；常后接小句或“是……”。
311,认真,rènzhēn,HSK 3,形、副,1,态度严肃、细心，不马虎；也指用这种态度做某事（形/副）,جدی؛ دقیق؛ با دقت و مسئولانه؛ همچنین با جدیت و دقت کاری را انجام دادن (صفت/قید),很认真 (hěn rènzhēn) | 认真学习 (rènzhēn xuéxí) | 认真听 (rènzhēn tīng) | 认真检查 (rènzhēn jiǎnchá),他上课听得很认真。,Tā shàngkè tīng de hěn rènzhēn.,او سر کلاس خیلی با دقت گوش می‌دهد.,可作形容词，如“他很认真”；也可作状语，如“认真学习、认真检查”。
311,认真,rènzhēn,HSK 3,形、副,2,把话或事情当真；态度变得严肃，不再当作玩笑或随便的事（形）,جدی گرفتن؛ جدی شدن؛ چیزی را شوخی یا حرف سرسری حساب نکردن (صفت),我是认真的 (wǒ shì rènzhēn de) | 别太认真 (bié tài rènzhēn) | 他认真了 (tā rènzhēn le) | 说认真的 (shuō rènzhēn de),我说着玩的，他就认真了。,"Wǒ shuōzhe wán de, tā jiù rènzhēn le.","من شوخی می‌کردم، اما او جدی گرفت.",“认真了”表示态度变得严肃或把玩笑当真；汉语中仍属于形容词性用法。
312,热情,rèqíng,HSK 3,形、名,1,待人亲切、主动、友好（形）,خون‌گرم؛ گرم و صمیمی؛ خوش‌برخورد و دوستانه (صفت),很热情 (hěn rèqíng) | 热情欢迎 (rèqíng huānyíng) | 热情接待 (rèqíng jiēdài) | 对人热情 (duì rén rèqíng),这里的人都很热情。,Zhèlǐ de rén dōu hěn rèqíng.,مردم اینجا همه خیلی خون‌گرم و خوش‌برخوردند.,作形容词时常形容待人态度亲切、主动、友好。
312,热情,rèqíng,HSK 3,形、名,2,对某事有热烈的感情、兴趣或积极性（名）,اشتیاق؛ شور و علاقه؛ انگیزهٔ زیاد نسبت به کاری یا موضوعی (اسم),工作热情 (gōngzuò rèqíng) | 学习热情 (xuéxí rèqíng) | 充满热情 (chōngmǎn rèqíng) | 激发热情 (jīfā rèqíng),这次活动激发了大家的学习热情。,Zhè cì huódòng jīfā le dàjiā de xuéxí rèqíng.,این فعالیت اشتیاق همه را برای یادگیری بیشتر کرد.,作名词时常指对工作、学习、活动等的积极情感和兴趣。
313,容易,róngyì,HSK 3,形,1,简单；不难做到、理解或发生（形）,"آسان؛ ساده؛ دشوار نبودن برای انجام، فهم یا رخ دادن (صفت)",很容易 (hěn róngyì) | 容易学 (róngyì xué) | 容易理解 (róngyì lǐjiě) | 不容易 (bù róngyì),这个汉字很容易写。,Zhège Hànzì hěn róngyì xiě.,نوشتن این نویسهٔ چینی خیلی آسان است.,反义词是“难”；可放在动词前表示“容易做某事”。
313,容易,róngyì,HSK 3,形,2,某种情况经常或很可能发生（形）,به‌راحتی؛ مستعدِ رخ دادن؛ احتمالاً زیاد پیش آمدن (صفت),容易生病 (róngyì shēngbìng) | 容易忘 (róngyì wàng) | 容易出错 (róngyì chūcuò) | 容易坏 (róngyì huài),天气变化大，孩子容易生病。,"Tiānqì biànhuà dà, háizi róngyì shēngbìng.","وقتی تغییرات هوا زیاد است، بچه‌ها به‌راحتی بیمار می‌شوند.",此义表示某事发生的可能性较大，不一定表示事情“简单”。
314,如果,rúguǒ,HSK 3,连,1,表示假设；要是、假如（连）,"اگر؛ در صورتی که، برای بیان شرط یا فرض (حرف ربط)",如果可以 (rúguǒ kěyǐ) | 如果下雨 (rúguǒ xiàyǔ) | 如果有时间 (rúguǒ yǒu shíjiān) | 如果你愿意 (rúguǒ nǐ yuànyì),如果明天下雨，我们就不去公园了。,"Rúguǒ míngtiān xiàyǔ, wǒmen jiù bú qù gōngyuán le.","اگر فردا باران ببارد، دیگر به پارک نمی‌رویم.",常和“就”呼应；口语中也常说“要是”。
315,伞,sǎn,HSK 3,名,1,用来遮雨或遮太阳的工具（名）,چتر؛ وسیله‌ای برای محافظت از باران یا آفتاب (اسم),一把伞 (yì bǎ sǎn) | 打伞 (dǎ sǎn) | 雨伞 (yǔsǎn) | 太阳伞 (tàiyángsǎn),外面下雨了，别忘了带伞。,"Wàimian xiàyǔ le, bié wàng le dài sǎn.","بیرون باران می‌بارد، یادت نرود چتر ببری.",常用量词是“把”；“打伞”表示撑伞。
316,扫,sǎo,HSK 3,动,1,用扫帚、刷子等清除灰尘、垃圾等（动）,"جارو کردن؛ با جارو، برس یا ابزار مشابه خاک، زباله یا برف را پاک کردن (فعل)",扫地 (sǎo dì) | 扫房间 (sǎo fángjiān) | 扫干净 (sǎo gānjìng) | 扫雪 (sǎo xuě),他每天早上扫地。,Tā měitiān zǎoshang sǎo dì.,او هر روز صبح زمین را جارو می‌کند.,
316,扫,sǎo,HSK 3,动,2,目光快速掠过；很快地看一下（动）,نگاه سریع انداختن؛ با نگاه از روی چیزی گذشتن (فعل),扫一眼 (sǎo yì yǎn) | 目光一扫 (mùguāng yì sǎo) | 扫了一遍 (sǎo le yí biàn) | 扫视全场 (sǎoshì quánchǎng),他扫了一眼菜单，就点了一个菜。,"Tā sǎo le yì yǎn càidān, jiù diǎn le yí ge cài.",او نگاهی سریع به منو انداخت و یک غذا سفارش داد.,此义强调目光快速看过；“扫视”可作为单独词条处理。
316,扫,sǎo,HSK 3,动,3,用手机、扫描仪等读取二维码、条码、文件或图像（动）,"اسکن کردن؛ با گوشی، اسکنر یا دستگاه، کد، بارکد، سند یا تصویر را خواندن/ثبت کردن (فعل)",扫二维码 (sǎo èrwéimǎ) | 扫码支付 (sǎomǎ zhīfù) | 扫条码 (sǎo tiáomǎ) | 扫文件 (sǎo wénjiàn),请扫这个二维码付款。,Qǐng sǎo zhège èrwéimǎ fùkuǎn.,لطفاً این کد QR را اسکن کن و پرداخت کن.,现代口语中“扫二维码、扫码”很常用；正式也可说“扫描”。
317,沙发,shāfā,HSK 3,名,1,有软垫、供人坐或躺的家具（名）,مبل؛ کاناپه (اسم),一张沙发 (yì zhāng shāfā) | 坐在沙发上 (zuò zài shāfā shang) | 沙发床 (shāfāchuáng) | 客厅沙发 (kètīng shāfā),他坐在沙发上看电视。,Tā zuò zài shāfā shang kàn diànshì.,او روی مبل نشسته و تلویزیون تماشا می‌کند.,常用量词是“张、套”；来自外来词 sofa。
318,山,shān,HSK 3,名,1,地面上高而大的自然隆起部分（名）,کوه؛ بلندی طبیعی بزرگ روی زمین (اسم),一座山 (yí zuò shān) | 爬山 (pá shān) | 山上 (shān shang) | 山里 (shān li),周末我们去爬山。,Zhōumò wǒmen qù pá shān.,آخر هفته برای کوه‌نوردی می‌رویم.,常用量词是“座”。
318,山,shān,HSK 3,名,2,形状像山或数量很多、堆得很高的东西（名/语素）,چیزی شبیه کوه؛ تودهٔ بزرگ و بلند از چیزها (اسم/تکواژ),人山人海 (rénshān rénhǎi) | 书山 (shūshān) | 垃圾山 (lājīshān) | 堆成山 (duī chéng shān),桌上的文件堆成了山。,Zhuō shang de wénjiàn duī chéng le shān.,پرونده‌های روی میز مثل کوه روی هم جمع شده‌اند.,比喻用法，表示多或高高堆起。
318,山,Shān,HSK 3,名,3,姓氏（名）,نام خانوادگی چینی (اسم خاص),山老师 (Shān lǎoshī) | 山先生 (Shān xiānsheng),山老师是我们的体育老师。,Shān lǎoshī shì wǒmen de tǐyù lǎoshī.,معلم شان معلم ورزش ماست.,作姓氏较少见，可根据收录原则保留或省略。
319,上衣,shàngyī,HSK 3,名,1,穿在上身的衣服（名）,لباس بالاتنه؛ بالاپوش (اسم),一件上衣 (yí jiàn shàngyī) | 穿上衣 (chuān shàngyī) | 脱上衣 (tuō shàngyī) | 红色上衣 (hóngsè shàngyī),这件上衣有点儿小。,Zhè jiàn shàngyī yǒudiǎnr xiǎo.,این بالاپوش کمی کوچک است.,常用量词是“件”；可指外套、衬衫等上身衣服，需看语境。
320,勺子,sháozi,HSK 3,名,1,用来舀东西或吃东西的工具（名）,"قاشق؛ ملاقهٔ کوچک، وسیله‌ای برای برداشتن یا خوردن غذا و مایعات (اسم)",一个勺子 (yí ge sháozi) | 用勺子 (yòng sháozi) | 汤勺子 (tāng sháozi) | 小勺子 (xiǎo sháozi),请给我一个勺子。,Qǐng gěi wǒ yí ge sháozi.,لطفاً یک قاشق به من بده.,口语常用；书面或正式说法也可用“勺”。
321,身边,shēnbiān,HSK 3,名,1,身体旁边；离某人很近的地方（名）,پهلوی کسی؛ کنار کسی؛ جایی بسیار نزدیک به شخص (اسم),在我身边 (zài wǒ shēnbiān) | 坐在妈妈身边 (zuò zài māma shēnbiān) | 站在老师身边 (zhàn zài lǎoshī shēnbiān) | 留在身边 (liú zài shēnbiān),孩子坐在妈妈身边。,Háizi zuò zài māma shēnbiān.,بچه پهلوی مادرش نشسته است.,常用于“在/坐在/站在……身边”，表示实际位置很近。
321,身边,shēnbiān,HSK 3,名,2,自己带着、附近有，或日常生活中常接触到的人、事物（名）,نزدِ خود؛ همراهِ خود؛ در اطراف و دسترس خود؛ آدم‌ها یا چیزهای نزدیک در زندگی روزمره (اسم),身边有钱 (shēnbiān yǒu qián) | 带在身边 (dài zài shēnbiān) | 身边的朋友 (shēnbiān de péngyou) | 身边的小事 (shēnbiān de xiǎoshì),出门时，最好身边带一点现金。,"Chūmén shí, zuìhǎo shēnbiān dài yìdiǎn xiànjīn.","وقتی بیرون می‌روی، بهتر است کمی پول نقد همراه خودت داشته باشی.",此义可表示随身带着、在自己附近或日常生活中接触到；不一定指身体旁边的具体位置。
322,声,shēng,HSK 3,名、量、语素,1,声音；由物体振动产生、能被听见的东西；也可作构词成分（名/语素）,صدا؛ آوا؛ چیزی که شنیده می‌شود؛ همچنین جزء سازندهٔ واژه‌های مربوط به صدا یا اظهار نظر (اسم/تکواژ),笑声 (xiàoshēng) | 雨声 (yǔshēng) | 读书声 (dúshū shēng) | 脚步声 (jiǎobù shēng),我听见外面有雨声。,Wǒ tīngjiàn wàimian yǒu yǔshēng.,صدای باران را بیرون شنیدم.,“声音”是常用词，建议作为单独词条处理；“出声、不作声、发声、声明”等也可按需要作为单独词条处理。
322,声,shēng,HSK 3,名、量、语素,2,用于声音、话语等，相当于“一下、一句”（量）,"بار؛ جمله یا صدا، برای شمردن صدا یا گفتار کوتاه (واحد شمارش)",叫一声 (jiào yì shēng) | 说一声 (shuō yì shēng) | 喊一声 (hǎn yì shēng) | 哭了几声 (kū le jǐ shēng),你走的时候跟我说一声。,Nǐ zǒu de shíhou gēn wǒ shuō yì shēng.,"وقتی می‌روی، یک خبر به من بده.",作量词时常用于“说一声、叫一声、喊一声”等。
323,身高,shēngāo,HSK 3,名,1,人体从脚底到头顶的高度（名）,قد؛ بلندی قامت انسان (اسم),身高一米八 (shēngāo yì mǐ bā) | 身高多少 (shēngāo duōshao) | 平均身高 (píngjūn shēngāo) | 测身高 (cè shēngāo),他的身高是一米八。,Tā de shēngāo shì yì mǐ bā.,قد او یک متر و هشتاد است.,“一米八”口语中通常指一米八十厘米。
324,生活,shēnghuó,HSK 3,名、动,1,人的日常活动和生存状态（名）,زندگی؛ زندگی روزمره؛ وضعیت و شیوهٔ زیستن (اسم),日常生活 (rìcháng shēnghuó) | 生活习惯 (shēnghuó xíguàn) | 生活方式 (shēnghuó fāngshì) | 生活条件 (shēnghuó tiáojiàn),大学生活和高中生活很不一样。,Dàxué shēnghuó hé gāozhōng shēnghuó hěn bù yíyàng.,زندگی دانشگاهی با زندگی دبیرستانی خیلی فرق دارد.,作名词时范围很广，可指日常生活、生活状态、生活方式等。
324,生活,shēnghuó,HSK 3,名、动,2,过日子；居住、生存并进行日常活动（动）,زندگی کردن؛ روزگار گذراندن؛ در جایی زیستن و فعالیت روزمره داشتن (فعل),生活在北京 (shēnghuó zài Běijīng) | 独立生活 (dúlì shēnghuó) | 一起生活 (yìqǐ shēnghuó) | 生活得很好 (shēnghuó de hěn hǎo),他在上海生活了三年。,Tā zài Shànghǎi shēnghuó le sān nián.,او سه سال در شانگهای زندگی کرد.,作动词时常和地点、方式或状态搭配。
325,生气,shēngqì,HSK 3,动、形、名,1,因不高兴而发怒；感到恼火（动/形）,عصبانی شدن؛ عصبانی و خشمگین بودن (فعل/صفت),很生气 (hěn shēngqì) | 别生气 (bié shēngqì) | 对他生气 (duì tā shēngqì) | 生他的气 (shēng tā de qì),他迟到了半个小时，我很生气。,"Tā chídào le bàn ge xiǎoshí, wǒ hěn shēngqì.",او نیم ساعت دیر کرد و من خیلی عصبانی شدم.,口语中很常用；“生他的气”也表示对某人生气。
326,声音,shēngyīn,HSK 3,名,1,人、动物或物体发出的、能听见的响声（名）,"صدا؛ صدای انسان، حیوان یا چیزها (اسم)",声音很大 (shēngyīn hěn dà) | 听到声音 (tīngdào shēngyīn) | 奇怪的声音 (qíguài de shēngyīn) | 声音清楚 (shēngyīn qīngchu),我听到外面有奇怪的声音。,Wǒ tīngdào wàimian yǒu qíguài de shēngyīn.,صدای عجیبی از بیرون شنیدم.,可指人的声音，也可指物体、动物发出的声音。
326,声音,shēngyīn,HSK 3,名,2,人的意见、态度、要求或社会上的呼声（名）,"صدا؛ نظر، خواسته یا دیدگاه یک فرد، گروه یا جامعه (اسم)",不同的声音 (bùtóng de shēngyīn) | 听到大家的声音 (tīngdào dàjiā de shēngyīn) | 年轻人的声音 (niánqīngrén de shēngyīn) | 社会的声音 (shèhuì de shēngyīn),我们应该听到年轻人的声音。,Wǒmen yīnggāi tīngdào niánqīngrén de shēngyīn.,"ما باید صدای جوانان، یعنی نظر و خواستهٔ آن‌ها را بشنویم.",比喻用法，常见于公共讨论、媒体、组织或较正式语境；日常说“نظر”时更常用“意见、看法”。
327,市,shì,HSK 3,名、语素,1,城市；行政区划单位（名/语素）,شهر؛ واحد اداری شهری (اسم/تکواژ),北京市 (Běijīng Shì) | 上海市 (Shànghǎi Shì) | 市中心 (shì zhōngxīn) | 市政府 (shì zhèngfǔ),他住在北京市。,Tā zhù zài Běijīng Shì.,او در شهر پکن زندگی می‌کند.,常用于地名和行政区划；“城市、市中心、市政府”等可作为单独词条处理。
327,市,shì,HSK 3,名、语素,2,买卖商品的地方；市场，多用于构词（名/语素）,"بازار؛ محل خریدوفروش کالا، بیشتر در ترکیب‌ها (اسم/تکواژ)",米市 (mǐshì) | 菜市 (càishì) | 夜市 (yèshì) | 花市 (huāshì),春节前，花市里人很多。,"Chūnjié qián, huāshì li rén hěn duō.","قبل از عید بهار، بازار گل خیلی شلوغ است.",此义现代汉语中多用于构词；“市场、超市、夜市、菜市、花市”等可作为单独词条处理。
328,试,shì,HSK 3,动、语素,1,尝试、检验或测试某事物，看是否合适、可行、有效或成功（动/语素）,"امتحان کردن؛ آزمایش کردن؛ تست کردن برای اینکه ببینیم مناسب، شدنی، مؤثر یا موفق است یا نه (فعل/تکواژ)",试一试 (shì yi shì) | 试试看 (shìshi kàn) | 试衣服 (shì yīfu) | 试用一下 (shìyòng yíxià),这个方法你可以试一试。,Zhège fāngfǎ nǐ kěyǐ shì yi shì.,می‌توانی این روش را امتحان کنی.,常用重叠式“试一试、试试”；“试衣服”可译为“پرو کردن لباس”；“考试、试用、试车”等可作为单独词条处理。
329,室,shì,HSK 3,名、语素,1,房间；室内空间；也指某种工作或活动的房间、部门，多用于构词（名/语素）,"اتاق؛ فضای داخلی؛ همچنین اتاق یا واحدی برای کار یا فعالیتی خاص، بیشتر در ترکیب‌ها (اسم/تکواژ)",教室 (jiàoshì) | 卧室 (wòshì) | 会议室 (huìyìshì) | 医务室 (yīwùshì),这间教室很大。,Zhè jiān jiàoshì hěn dà.,این کلاس/اتاق درس خیلی بزرگ است.,现代汉语中多作构词成分；“教室、卧室、会议室、医务室、研究室、办公室”等建议作为单独词条处理。
330,世界,shìjiè,HSK 3,名,1,地球上所有地方、人类社会或全部事物（名）,جهان؛ دنیا؛ سراسر زمین و جامعهٔ انسانی؛ همهٔ موجودات و امور (اسم),全世界 (quán shìjiè) | 世界各地 (shìjiè gèdì) | 世界上 (shìjiè shang) | 看世界 (kàn shìjiè),世界上有很多不同的语言。,Shìjiè shang yǒu hěn duō bùtóng de yǔyán.,در جهان زبان‌های متفاوت زیادی وجود دارد.,
330,世界,shìjiè,HSK 3,名,2,某一范围、领域或个人生活中的环境（名）,"دنیایِ یک حوزه، گروه یا فرد؛ فضای زندگی، فکر یا فعالیتِ کسی یا چیزی (اسم)",孩子的世界 (háizi de shìjiè) | 音乐世界 (yīnyuè shìjiè) | 网络世界 (wǎngluò shìjiè) | 内心世界 (nèixīn shìjiè),孩子的世界和大人的世界不一样。,Háizi de shìjiè hé dàrén de shìjiè bù yíyàng.,دنیای کودکان با دنیای بزرگسالان فرق دارد.,比喻用法，指某个范围、领域，或人的生活、思想、心理环境。
331,受,shòu,HSK 3,动、语素,1,接受、得到或受到某种影响、待遇、行为等（动/语素）,"دریافت کردن؛ موردِ چیزی قرار گرفتن؛ تحتِ تأثیر، رفتار یا برخوردی واقع شدن (فعل/تکواژ)",受欢迎 (shòu huānyíng) | 受教育 (shòu jiàoyù) | 受影响 (shòu yǐngxiǎng) | 受表扬 (shòu biǎoyáng),这位老师很受学生欢迎。,Zhè wèi lǎoshī hěn shòu xuésheng huānyíng.,دانش‌آموزان این معلم را خیلی دوست دارند / این معلم بین دانش‌آموزان خیلی محبوب است.,常用于接受某种影响、待遇或评价，意义可好可坏；“受到”也很常用。
331,受,shòu,HSK 3,动、语素,2,遭受不好的事情；经历痛苦、损失、伤害等（动）,"دچار شدن؛ آسیب یا رنج دیدن؛ زیان، درد یا وضعیت ناخوشایندی را تجربه کردن (فعل)",受伤 (shòushāng) | 受苦 (shòukǔ) | 受损失 (shòu sǔnshī) | 受委屈 (shòu wěiqu),他在比赛中受伤了。,Tā zài bǐsài zhōng shòushāng le.,او در مسابقه آسیب دید.,多用于不好的经历；“受伤、受苦、受委屈”等可作为单独词条处理。
331,受,shòu,HSK 3,动、语素,3,忍受；经得住，多用于“受不了、受得了”等结构（动）,"تحمل کردن؛ تاب آوردن؛ طاقت داشتن، بیشتر در ساختارهایی مثل «نتوانستن/توانستن تحمل کرد» (فعل)",受不了 (shòu bu liǎo) | 受得了 (shòu de liǎo) | 受得住 (shòu de zhù) | 受不住 (shòu bu zhù),这里太吵了，我受不了了。,"Zhèlǐ tài chǎo le, wǒ shòu bu liǎo le.",اینجا خیلی پرسروصداست؛ دیگر تحملش را ندارم.,“受不了、受得了”很常用；“难受、忍受”建议作为单独词条处理。
332,瘦,shòu,HSK 3,形,1,身体脂肪少；体形细小，和“胖”相对（形）,"لاغر؛ کم‌گوشت؛ باریک‌اندام، در برابر چاق (صفت)",很瘦 (hěn shòu) | 瘦了很多 (shòu le hěn duō) | 又高又瘦 (yòu gāo yòu shòu) | 太瘦了 (tài shòu le),他最近瘦了很多。,Tā zuìjìn shòu le hěn duō.,او اخیراً خیلی لاغر شده است.,主要形容人或动物身体脂肪少；反义词是“胖”。
332,瘦,shòu,HSK 3,形,2,物体细长、不宽或肉少；也可指衣服显得人瘦（形）,"باریک؛ کم‌گوشت؛ ظریف یا لاغرنما، دربارهٔ چیزها، گوشت یا لباس (صفت)",瘦肉 (shòuròu) | 瘦长 (shòucháng) | 显瘦 (xiǎn shòu) ,这件衣服很显瘦。,Zhè jiàn yīfu hěn xiǎn shòu.,این لباس آدم را لاغرتر نشان می‌دهد.,“瘦肉”指肥肉少的肉；“显瘦”在口语中常用于衣服、穿搭。
333,收,shōu,HSK 3,动、语素,1,接到、取得别人交来或寄来的东西；也指收取钱、作业等（动）,دریافت کردن؛ گرفتن؛ جمع‌آوری کردنِ چیزی که دیگران می‌دهند یا تحویل می‌دهند (فعل),收作业 (shōu zuòyè) | 收钱 (shōu qián) | 收礼物 (shōu lǐwù) | 收快递 (shōu kuàidì),老师正在收学生的作业。,Lǎoshī zhèngzài shōu xuésheng de zuòyè.,معلم دارد تکالیف دانش‌آموزان را جمع می‌کند.,此义强调“接收、收取”；“收到”强调已经接到的结果，建议作为单独词条处理。
333,收,shōu,HSK 3,动、语素,2,把散开、放在外面的东西聚拢、拿回或放好（动）,جمع کردن؛ برداشتن و سر جایش گذاشتن؛ داخل آوردنِ چیزهای پخش یا بیرون‌مانده (فعل),收衣服 (shōu yīfu) | 收伞 (shōu sǎn) | 收起来 (shōu qǐlái) | 收进来 (shōu jìnlái),下雨了，快把衣服收进来。,"Xiàyǔ le, kuài bǎ yīfu shōu jìnlái.",باران آمد؛ زود لباس‌ها را جمع کن و بیاور داخل.,此义常指把外面、桌上或散开的东西收拢、拿回、放好。
333,收,shōu,HSK 3,动、语素,3,招收、接纳人员、成员、学生等（动）,"پذیرفتن؛ جذب کردن؛ قبول کردنِ دانشجو، عضو، شاگرد یا فردی در یک گروه (فعل)",收学生 (shōu xuésheng) | 收会员 (shōu huìyuán) | 收徒弟 (shōu túdì) | 收新人 (shōu xīnrén),这所学校今年收了很多新学生。,Zhè suǒ xuéxiào jīnnián shōu le hěn duō xīn xuésheng.,این مدرسه امسال دانش‌آموزان جدید زیادی پذیرفته است.,此义常用于学校、组织、师徒关系等。
333,收,shōu,HSK 3,动、语素,4,收割、采收农作物或果实（动）,برداشت کردن؛ درو کردن؛ جمع‌آوری محصول یا میوه (فعل),收麦子 (shōu màizi) | 收庄稼 (shōu zhuāngjia) | 收玉米 (shōu yùmǐ) | 收果子 (shōu guǒzi),秋天农民忙着收庄稼。,Qiūtiān nóngmín mángzhe shōu zhuāngjia.,پاییز کشاورزان مشغول برداشت محصول‌اند.,此义用于农业、果实等；“收获、收成”可作为单独词条处理。
333,收,shōu,HSK 3,动、语素,5,结束、停止或把状态控制住；多用于构词和固定搭配（动/语素）,"پایان دادن؛ متوقف کردن؛ جمع کردن یا کنترل کردنِ حالت و رفتار، بیشتر در ترکیب‌ها (فعل/تکواژ)",收工 (shōu gōng) | 收摊 (shōu tān) | 收手 (shōu shǒu) | 收住笑容 (shōuzhù xiàoróng),天黑了，工人们准备收工。,"Tiān hēi le, gōngrénmen zhǔnbèi shōu gōng.",هوا تاریک شد و کارگران آماده‌اند کار را تمام کنند.,此义多见于“收工、收摊、收手、收住”等词或结构；相关词可作为单独词条处理。
334,受到,shòudào,HSK 3,动,1,接受到或遭遇某种影响、待遇、行为、情况等；意义可好可坏（动）,"موردِ چیزی قرار گرفتن؛ تحتِ تأثیر یا رفتار خاصی قرار گرفتن؛ چیزی را دریافت یا تجربه کردن، با معنای مثبت، منفی یا خنثی بسته به مفعول (فعل)",受到影响 (shòudào yǐngxiǎng) | 受到欢迎 (shòudào huānyíng) | 受到批评 (shòudào pīpíng) | 受到伤害 (shòudào shānghài),他的想法受到了大家的欢迎。,Tā de xiǎngfǎ shòudào le dàjiā de huānyíng.,نظر او با استقبال همه روبه‌رو شد.,常后接抽象名词，如影响、欢迎、批评、帮助、伤害、损失等；根据后面的词可表示积极、中性或消极意义。
335,收到,shōudào,HSK 3,动,1,接到、获得别人寄来、送来或传来的东西、信息等（动）,"دریافت کردن؛ به دست آوردن چیزی که فرستاده، داده یا منتقل شده است (فعل)",收到信 (shōudào xìn) | 收到消息 (shōudào xiāoxi) | 收到礼物 (shōudào lǐwù) | 收到邮件 (shōudào yóujiàn),我已经收到你的邮件了。,Wǒ yǐjīng shōudào nǐ de yóujiàn le.,ایمیل تو را دریافت کرده‌ام.,强调“收”的结果，常用于信、邮件、消息、礼物、钱等。
335,收到,shōudào,HSK 3,动,2,获得某种效果、反应或成果（动）,"دست یا فتن؛ به دست آوردنِ نتیجه، اثر یا بازخورد (فعل)",收到效果 (shōudào xiàoguǒ) | 收到成效 (shōudào chéngxiào) | 收到回复 (shōudào huífù) | 收到好评 (shōudào hǎopíng),这个办法收到了很好的效果。,Zhège bànfǎ shōudào le hěn hǎo de xiàoguǒ.,این روش نتیجهٔ بسیار خوبی داد.,此义较书面，常和“效果、成效、好评、回复”等搭配。
336,树,shù,HSK 3,名、语素,1,木本植物，有树干和树枝；也常作构词成分（名/语素）,درخت؛ گیاه چوبی دارای تنه و شاخه؛ همچنین جزء سازندهٔ برخی واژه‌ها (اسم/تکواژ),一棵树 (yì kē shù) | 种树 (zhòng shù) | 大树 (dà shù) | 树下 (shù xià),院子里有一棵很大的树。,Yuànzi li yǒu yì kē hěn dà de shù.,در حیاط یک درخت خیلی بزرگ هست.,常用量词是“棵”；“树立、树敌、建树”等可作为单独词条处理，其中“树敌、建树”较书面。
337,刷,shuā,HSK 3,动、名,1,用刷子清洁、涂抹或整理（动）,"برس زدن؛ مسواک زدن؛ با برس پاک کردن، مالیدن یا مرتب کردن (فعل)",刷牙 (shuā yá) | 刷鞋 (shuā xié) | 刷墙 (shuā qiáng) | 刷干净 (shuā gānjìng),我每天早晚都刷牙。,Wǒ měitiān zǎo wǎn dōu shuā yá.,من هر روز صبح و شب مسواک می‌زنم.,可指清洁，也可指用刷子涂刷，如“刷墙”。
337,刷,shuā,HSK 3,动、名,2,用卡、手机等读取信息或完成支付、进出等操作（动）,"کشیدن یا اسکن کردن کارت؛ با کارت یا گوشی پرداخت، ورود یا ثبت انجام دادن (فعل)",刷卡 (shuākǎ) | 刷手机 (shuā shǒujī) | 刷身份证 (shuā shēnfènzhèng) | 刷公交卡 (shuā gōngjiāokǎ),这里可以刷卡付款。,Zhèlǐ kěyǐ shuākǎ fùkuǎn.,اینجا می‌شود با کارت پرداخت کرد.,现代口语中很常用；“刷卡”可指刷银行卡、公交卡、门禁卡等。
337,刷,shuā,HSK 3,动、名,3,快速浏览或大量重复查看、更新网络内容（动）,گشتن و بالا و پایین کردن سریع محتوا؛ مدام دیدن یا تازه‌سازی کردن مطالب اینترنتی (فعل),刷手机 (shuā shǒujī) | 刷视频 (shuā shìpín) | 刷朋友圈 (shuā péngyouquān) | 刷微博 (shuā Wēibó),他每天晚上都刷视频到很晚。,Tā měitiān wǎnshang dōu shuā shìpín dào hěn wǎn.,او هر شب تا دیروقت ویدئوها را بالا و پایین می‌کند.,口语新义，常用于手机、短视频、社交媒体等。
337,刷,shuā,HSK 3,动、名,4,刷子；用来刷东西的工具，多用于构词（名/语素）,برس؛ فرچه؛ وسیله‌ای برای برس زدن یا پاک کردن (اسم/تکواژ),牙刷 (yáshuā) | 刷子 (shuāzi) | 毛刷 (máoshuā) | 鞋刷 (xiéshuā),这把牙刷太旧了。,Zhè bǎ yáshuā tài jiù le.,این مسواک خیلی کهنه شده است.,“刷子、牙刷”建议作为单独词条处理。
338,双,shuāng,HSK 3,数、量、形、语素,1,两个或成对的；表示双方或一对事物，与“单”相对（数/形/语素）,"دو؛ جفت؛ دوتایی؛ مربوط به دو طرف یا دو چیزِ جفت، در برابر تک (عدد/صفت/تکواژ)",双人房 (shuāngrén fáng) | 双手 (shuāngshǒu) | 双方 (shuāngfāng) | 双语 (shuāngyǔ),请给我们一间双人房。,Qǐng gěi wǒmen yì jiān shuāngrén fáng.,لطفاً یک اتاق دونفره به ما بدهید.,多用于构词，表示两个、成对或双方。
338,双,shuāng,HSK 3,数、量、形、语素,2,偶数的；编号、日期等为双数的，与“单”相对（形/语素）,"زوج؛ دارای عدد زوج، دربارهٔ شماره، تاریخ و مانند آن؛ در برابر فرد (صفت/تکواژ)",双数 (shuāngshù) | 双号 (shuānghào) | 单双号 (dānshuānghào) | 双号日期 (shuānghào rìqī),今天是双号，车牌尾号是双数的车可以通行。,"Jīntiān shì shuānghào, chēpái wěihào shì shuāngshù de chē kěyǐ tōngxíng.",امروز روزِ شمارهٔ زوج است و خودروهایی که رقم آخر پلاکشان زوج است می‌توانند تردد کنند.,常用于编号、日期、单双号限行等语境；“双数”指偶数，“单数”指奇数。
338,双,shuāng,HSK 3,数、量、形、语素,3,两倍的；加倍的；表示数量、程度等成双或加倍（形/语素）,"دو برابر؛ مضاعف؛ دوگانه، دربارهٔ مقدار، سهم، اثر یا حالت (صفت/تکواژ)",双倍 (shuāngbèi) | 双份 (shuāngfèn) | 双薪 (shuāngxīn) | 双重压力 (shuāngchóng yālì),这家公司节假日给员工发双薪。,Zhè jiā gōngsī jiéjiàrì gěi yuángōng fā shuāngxīn.,این شرکت در روزهای تعطیل به کارکنان حقوق دوبرابر می‌دهد.,多用于构词；“双倍、双份、双薪、双重”等可作为单独词条处理。
338,双,shuāng,HSK 3,数、量、形、语素,4,用于成对的东西，如鞋、袜子、筷子等（量）,"جفت؛ واحد شمارش برای چیزهای جفتی مانند کفش، جوراب و چوب غذاخوری (واحد شمارش)",一双鞋 (yì shuāng xié) | 一双袜子 (yì shuāng wàzi) | 一双筷子 (yì shuāng kuàizi) | 两双手套 (liǎng shuāng shǒutào),我买了一双新鞋。,Wǒ mǎi le yì shuāng xīn xié.,من یک جفت کفش نو خریدم.,常用作量词；注意“一双鞋”是一对鞋，不是一只鞋。
339,水平,shuǐpíng,HSK 3,名、形,1,知识、能力、技术、质量等达到的程度（名）,"سطح؛ میزان یا درجهٔ دانش، توانایی، مهارت، کیفیت و مانند آن (اسم)",汉语水平 (Hànyǔ shuǐpíng) | 提高水平 (tígāo shuǐpíng) | 水平很高 (shuǐpíng hěn gāo) | 文化水平 (wénhuà shuǐpíng),他的汉语水平提高了很多。,Tā de Hànyǔ shuǐpíng tígāo le hěn duō.,سطح زبان چینی او خیلی بهتر شده است.,常用于能力、技术、质量、教育程度等。
339,水平,shuǐpíng,HSK 3,名、形,2,和水平面平行；不倾斜（形）,افقی؛ تراز؛ بدون شیب (صفت),水平线 (shuǐpíngxiàn) | 水平方向 (shuǐpíng fāngxiàng) | 保持水平 (bǎochí shuǐpíng) | 水平放置 (shuǐpíng fàngzhì),这条线不是水平的。,Zhè tiáo xiàn bú shì shuǐpíng de.,این خط افقی/تراز نیست.,此义常用于物理、空间方向、建筑或技术语境；日常中“能力、程度”的名词义更常用。
340,叔叔,shūshu,HSK 3,名,1,父亲的弟弟；也泛称和父亲年龄相近的男性（名）,عمو؛ همچنین خطاب محترمانه به مردی هم‌سن‌وسال پدر یا کمی بزرگ‌تر (اسم),我的叔叔 (wǒ de shūshu) | 王叔叔 (Wáng shūshu) | 叔叔阿姨 (shūshu āyí) | 叫叔叔 (jiào shūshu),王叔叔是我爸爸的朋友。,Wáng shūshu shì wǒ bàba de péngyou.,عمو وانگ دوست پدرم است.,亲属义指父亲的弟弟；也常用于称呼成年男性，尤其对孩子来说。
341,数学,shùxué,HSK 3,名,1,研究数量、结构、空间、变化等的学科；学校课程之一（名）,"ریاضیات؛ درس یا دانشِ عدد، ساختار، فضا و تغییر (اسم)",学数学 (xué shùxué) | 数学课 (shùxué kè) | 数学老师 (shùxué lǎoshī) | 数学题 (shùxué tí),我觉得数学很有意思。,Wǒ juéde shùxué hěn yǒu yìsi.,به نظر من ریاضی خیلی جالب است.,可指学科，也可指学校里的数学课。
342,四季,sìjì,HSK 3,名,1,春、夏、秋、冬四个季节的总称（名）,"چهار فصل؛ مجموع فصل‌های بهار، تابستان، پاییز و زمستان (اسم)",一年四季 (yì nián sìjì) | 四季分明 (sìjì fēnmíng) | 四季如春 (sìjì rú chūn) | 四季变化 (sìjì biànhuà),这里一年四季都很美。,Zhèlǐ yì nián sìjì dōu hěn měi.,اینجا در همهٔ چهار فصل سال زیباست.,常用于描述气候、景色和季节变化。
343,司机,sījī,HSK 3,名,1,驾驶汽车、公交车、出租车、火车等交通工具的人（名）,"راننده؛ کسی که خودرو، اتوبوس، تاکسی، قطار و مانند آن را می‌راند (اسم)",出租车司机 (chūzūchē sījī) | 公交车司机 (gōngjiāochē sījī) | 司机师傅 (sījī shīfu) | 当司机 (dāng sījī),出租车司机把我送到了机场。,Chūzūchē sījī bǎ wǒ sòng dào le jīchǎng.,رانندهٔ تاکسی مرا به فرودگاه رساند.,口语中常用“司机师傅”称呼司机。
344,太阳,tàiyáng,HSK 3,名,1,太阳系中心的恒星；给地球带来光和热的天体（名）,خورشید؛ جرم آسمانی و ستارهٔ مرکزی منظومهٔ شمسی که به زمین نور و گرما می‌دهد (اسم),太阳升起 (tàiyáng shēngqǐ) | 太阳落山 (tàiyáng luòshān) | 太阳从东方升起 (tàiyáng cóng dōngfāng shēngqǐ) | 太阳系 (tàiyángxì),太阳从东方升起。,Tàiyáng cóng dōngfāng shēngqǐ.,خورشید از شرق طلوع می‌کند.,此义指天体本身；“太阳系”可作为单独词条处理。
344,太阳,tàiyáng,HSK 3,名,2,阳光；太阳光和太阳带来的热（名）,آفتاب؛ نور و گرمای خورشید (اسم),晒太阳 (shài tàiyáng) | 有太阳 (yǒu tàiyáng) | 没有太阳 (méiyǒu tàiyáng) | 太阳很大 (tàiyáng hěn dà),今天太阳很好，我们出去走走吧。,"Jīntiān tàiyáng hěn hǎo, wǒmen chūqù zǒuzou ba.",امروز آفتاب خوبی است؛ برویم بیرون کمی قدم بزنیم.,口语中“晒太阳、有太阳、太阳很大、太阳很好”里的“太阳”常指阳光或日照。
345,糖,táng,HSK 3,名,1,有甜味的食品或调味品（名）,شکر؛ قند؛ مادهٔ شیرین خوراکی یا چاشنی شیرین (اسم),白糖 (báitáng) | 红糖 (hóngtáng) | 加糖 (jiā táng) | 少放糖 (shǎo fàng táng),咖啡里要加糖吗？,Kāfēi li yào jiā táng ma?,در قهوه شکر می‌خواهی؟,
345,糖,táng,HSK 3,名,2,糖果；用糖做成的甜食（名）,آب‌نبات؛ شیرینی قندی؛ شکلات یا خوراکی شیرین کوچک (اسم),吃糖 (chī táng) | 一块糖 (yí kuài táng) | 水果糖 (shuǐguǒtáng) | 给孩子糖 (gěi háizi táng),小孩子不要吃太多糖。,Xiǎoháizi bú yào chī tài duō táng.,بچه‌ها نباید خیلی زیاد آب‌نبات و شیرینی بخورند.,口语中“吃糖”常指吃糖果，也可泛指吃甜食。
346,特别,tèbié,HSK 3,形、副,1,不普通；与一般情况不同（形）,خاص؛ ویژه؛ غیرمعمول؛ متفاوت از حالت عادی (صفت),特别的日子 (tèbié de rìzi) | 特别情况 (tèbié qíngkuàng) | 特别方法 (tèbié fāngfǎ) | 很特别 (hěn tèbié),今天对我来说是一个特别的日子。,Jīntiān duì wǒ lái shuō shì yí ge tèbié de rìzi.,امروز برای من روزی خاص است.,
346,特别,tèbié,HSK 3,形、副,2,程度很高；非常（副）,"خیلی؛ بسیار؛ فوق‌العاده، برای شدت زیاد (قید)",特别好 (tèbié hǎo) | 特别喜欢 (tèbié xǐhuan) | 特别冷 (tèbié lěng) | 特别重要 (tèbié zhòngyào),我特别喜欢这首歌。,Wǒ tèbié xǐhuan zhè shǒu gē.,من این آهنگ را خیلی دوست دارم.,作副词时口语中很常用，意思接近“非常、很”。
346,特别,tèbié,HSK 3,形、副,3,专门；特地为了某个目的（副）,مخصوصاً؛ به‌طور ویژه؛ عمداً برای هدفی خاص (قید),特别说明 (tèbié shuōmíng) | 特别安排 (tèbié ānpái) | 特别提醒 (tèbié tíxǐng) | 特别为你准备 (tèbié wèi nǐ zhǔnbèi),这是我特别为你准备的礼物。,Zhè shì wǒ tèbié wèi nǐ zhǔnbèi de lǐwù.,این هدیه‌ای است که مخصوصاً برای تو آماده کرده‌ام.,此义强调“专门、特地”。
347,甜,tián,HSK 3,形,1,味道像糖或蜂蜜；有甜味（形）,شیرین؛ دارای مزهٔ شیرین مثل شکر یا عسل (صفت),很甜 (hěn tián) | 甜水果 (tián shuǐguǒ) | 太甜了 (tài tián le) | 又甜又香 (yòu tián yòu xiāng),这个西瓜很甜。,Zhège xīguā hěn tián.,این هندوانه خیلی شیرین است.,
347,甜,tián,HSK 3,形,2,让人感到舒服、愉快、亲切或满足；可形容笑容、声音、话语、睡眠等（形）,"دلنشین؛ شیرین؛ آرام و خوشایند؛ رضایت‌بخش، دربارهٔ لبخند، صدا، حرف، خواب و مانند آن (صفت)",笑得很甜 (xiào de hěn tián) | 声音很甜 (shēngyīn hěn tián) | 睡得很甜 (shuì de hěn tián) | 甜甜的笑 (tiántián de xiào),她睡得很甜。,Tā shuì de hěn tián.,او خیلی آرام و راحت خوابیده است.,比喻用法；可形容笑容、声音、话语、睡眠等带来的舒服、愉快或满足感。
348,跳,tiào,HSK 3,动,1,两脚离地向上、向前或向下动；跳跃（动）,"پریدن؛ جهیدن؛ از زمین یا جایی جدا شدن و به بالا، جلو یا پایین حرکت کردن (فعل)",跳起来 (tiào qǐlái) | 跳高 (tiào gāo) | 跳远 (tiào yuǎn) | 跳下来 (tiào xiàlái),小猫从桌子上跳了下来。,Xiǎomāo cóng zhuōzi shang tiào le xiàlái.,گربهٔ کوچک از روی میز پایین پرید.,
348,跳,tiào,HSK 3,动,2,有节奏地活动身体；跳舞或做某种运动（动）,رقصیدن؛ با ریتم حرکت کردن؛ انجام دادن حرکات ورزشی یا نمایشی (فعل),跳舞 (tiào wǔ) | 跳操 (tiào cāo) | 跳绳 (tiào shéng) | 跳广场舞 (tiào guǎngchǎngwǔ),她每个周末都去跳舞。,Tā měi ge zhōumò dōu qù tiào wǔ.,او هر آخر هفته برای رقص می‌رود.,“跳舞、跳绳”等可作为单独词条处理。
348,跳,tiào,HSK 3,动,3,心脏、肌肉、数字等快速或有节奏地动、变化（动）,"تپیدن؛ پریدن یا تغییر کردنِ سریع و ضرب‌آهنگ‌دار، دربارهٔ قلب، عضله، عدد و مانند آن (فعل)",心跳 (xīntiào) | 眼皮跳 (yǎnpí tiào) | 数字跳动 (shùzì tiàodòng) | 跳得很快 (tiào de hěn kuài),听到这个消息，我的心跳得很快。,"Tīngdào zhège xiāoxi, wǒ de xīn tiào de hěn kuài.","با شنیدن این خبر، قلبم تند می‌زد.",“心跳、跳动”可作为单独词条处理。
348,跳,tiào,HSK 3,动,4,越过中间部分，从一个位置、页码、阶段、话题等直接转到另一个（动）,"پریدن؛ رد شدن؛ مستقیم از یک جایگاه، صفحه، مرحله یا موضوع به جای دیگر رفتن و بخش میانی را جا انداختن (فعل)",跳到第五页 (tiào dào dì-wǔ yè) | 跳过这一段 (tiàoguò zhè yí duàn) | 跳到下一章 (tiào dào xià yì zhāng) | 话题跳得太快 (huàtí tiào de tài kuài),他从第一页跳到第五页。,Tā cóng dì-yī yè tiào dào dì-wǔ yè.,او از صفحهٔ اول مستقیم پرید به صفحهٔ پنجم.,此义表示越过中间部分或突然转换；常用于页码、章节、步骤、话题、画面等。
349,提高,tígāo,HSK 3,动,1,使水平、质量、能力、程度等变高或变好；也指这些方面自己变高或变好（动）,"بالا بردن یا بالا رفتن؛ افزایش دادن یا افزایش یافتن؛ بهتر کردن یا بهتر شدنِ سطح، کیفیت، توانایی یا مقدار (فعل)",提高水平 (tígāo shuǐpíng) | 提高成绩 (tígāo chéngjì) | 水平提高 (shuǐpíng tígāo) | 提高效率 (tígāo xiàolǜ),多练习可以提高汉语水平。,Duō liànxí kěyǐ tígāo Hànyǔ shuǐpíng.,تمرین بیشتر می‌تواند سطح زبان چینی را بالا ببرد.,可带宾语，如“提高水平、提高质量”；也可不带宾语，如“成绩提高了、水平提高了”。
350,挺,tǐng,HSK 3,副、动、形、量,1,很；相当，用于口语（副）,"خیلی؛ نسبتاً؛ واقعاً، در گفتار برای بیان درجه (قید)",挺好 (tǐng hǎo) | 挺有意思 (tǐng yǒu yìsi) | 挺不错 (tǐng búcuò) | 挺忙的 (tǐng máng de),这家饭馆的菜挺好吃的。,Zhè jiā fànguǎn de cài tǐng hǎochī de.,غذای این رستوران خیلی خوشمزه است.,口语常用，语气比“很”更随意。
350,挺,tǐng,HSK 3,副、动、形、量,2,直立或使身体、物体变直（动/形）,صاف ایستادن؛ راست کردن؛ صاف و کشیده بودن (فعل/صفت),挺直腰 (tǐngzhí yāo) | 挺胸 (tǐng xiōng) | 挺着背 (tǐngzhe bèi) | 笔挺 (bǐtǐng),请把背挺直。,Qǐng bǎ bèi tǐng zhí.,لطفاً پشتت را صاف نگه دار.,常用于身体姿势；“挺直、笔挺”可作为单独词条处理。
350,挺,tǐng,HSK 3,副、动、形、量,3,勉强支持、坚持住；承受困难（动）,دوام آوردن؛ تاب آوردن؛ در برابر سختی ایستادگی کردن (فعل),挺住 (tǐngzhù) | 挺过去 (tǐng guòqù) | 硬挺 (yìng tǐng) | 再挺一下 (zài tǐng yíxià),再坚持一下，我们一定能挺过去。,"Zài jiānchí yíxià, wǒmen yídìng néng tǐng guòqù.",کمی دیگر دوام بیاور؛ حتماً از این سختی عبور می‌کنیم.,口语中常用于困难、疼痛、压力等语境。
350,挺,tǐng,HSK 3,副、动、形、量,4,用于机枪等，相当于“架”（量）,قبضه؛ واحد شمارش برای مسلسل و برخی سلاح‌های سنگین (واحد شمارش),一挺机枪 (yì tǐng jīqiāng) | 两挺机枪 (liǎng tǐng jīqiāng),他们发现了一挺旧机枪。,Tāmen fāxiàn le yì tǐng jiù jīqiāng.,آن‌ها یک قبضه مسلسل قدیمی پیدا کردند.,量词用法较专门，主要用于机枪等武器。
351,听说,tīngshuō,HSK 3,动,1,听别人说；从别人那里得知消息（动）,شنیدن؛ شنیده بودن؛ از گفتهٔ دیگران باخبر شدن (فعل),听说过 (tīngshuō guo) | 听说你要走 (tīngshuō nǐ yào zǒu) | 听说这件事 (tīngshuō zhè jiàn shì) | 我听说 (wǒ tīngshuō),我听说你下个月要去中国。,Wǒ tīngshuō nǐ xià ge yuè yào qù Zhōngguó.,شنیده‌ام ماه آینده می‌خواهی به چین بروی.,常后接小句，表示消息来源是别人说的。
351,听说,tīngshuō,HSK 3,名,2,听力和口语能力；多用于语言学习（名）,"شنیدار و گفتار؛ توانایی شنیدن و صحبت کردن، مخصوصاً در یادگیری زبان (اسم)",听说能力 (tīngshuō nénglì) | 听说课 (tīngshuō kè) | 提高听说 (tígāo tīngshuō) | 听说训练 (tīngshuō xùnliàn),这门课主要训练学生的听说能力。,Zhè mén kè zhǔyào xùnliàn xuésheng de tīngshuō nénglì.,این درس بیشتر توانایی شنیداری و گفتاری دانش‌آموزان را تمرین می‌دهد.,此义主要用于语言教学语境。
352,体育,tǐyù,HSK 3,名,1,以发展身体、增强体质为目的的运动、锻炼或学校课程（名）,ورزش؛ تربیت‌بدنی؛ فعالیت یا درس مربوط به تقویت بدن و آمادگی جسمانی (اسم),体育课 (tǐyù kè) | 体育老师 (tǐyù lǎoshī) | 体育运动 (tǐyù yùndòng) | 喜欢体育 (xǐhuan tǐyù),我们星期五有体育课。,Wǒmen xīngqīwǔ yǒu tǐyù kè.,ما جمعه کلاس ورزش/تربیت‌بدنی داریم.,可指学校课程，也可泛指体育运动和身体锻炼。
353,体育馆,tǐyùguǎn,HSK 3,名,1,供体育比赛、训练或大型活动使用的室内场馆（名）,"سالن ورزشی؛ ورزشگاه سرپوشیده؛ محل سرپوشیده برای مسابقه، تمرین یا برنامه‌های بزرگ (اسم)",学校体育馆 (xuéxiào tǐyùguǎn) | 去体育馆 (qù tǐyùguǎn) | 体育馆里 (tǐyùguǎn li) | 新体育馆 (xīn tǐyùguǎn),篮球比赛在学校体育馆举行。,Lánqiú bǐsài zài xuéxiào tǐyùguǎn jǔxíng.,مسابقهٔ بسکتبال در سالن ورزشی مدرسه برگزار می‌شود.,通常指室内场馆；大型露天场地常说“体育场”。
354,同事,tóngshì,HSK 3,名,1,在同一个单位、公司或部门一起工作的人（名）,"همکار؛ کسی که در یک محل کار، شرکت یا بخش با آدم کار می‌کند (اسم)",我的同事 (wǒ de tóngshì) | 公司同事 (gōngsī tóngshì) | 新同事 (xīn tóngshì) | 和同事聊天 (hé tóngshì liáotiān),她是我的同事，我们在同一个部门工作。,"Tā shì wǒ de tóngshì, wǒmen zài tóng yí ge bùmén gōngzuò.",او همکار من است؛ ما در یک بخش کار می‌کنیم.,
355,同意,tóngyì,HSK 3,动,1,对别人的意见、想法、请求或安排表示赞成、许可（动）,"موافق بودن؛ موافقت کردن؛ پذیرفتنِ نظر، درخواست یا برنامهٔ دیگران (فعل)",同意这个意见 (tóngyì zhège yìjiàn) | 同意他的看法 (tóngyì tā de kànfǎ) | 同意帮忙 (tóngyì bāngmáng) | 不同意 (bù tóngyì),我同意你的看法。,Wǒ tóngyì nǐ de kànfǎ.,من با نظر تو موافقم.,可接名词、小句或动词短语；反义词是“反对、不同意”。
356,头发,tóufa,HSK 3,名,1,长在头上的毛发（名）,مو؛ موی سر (اسم),长头发 (cháng tóufa) | 短头发 (duǎn tóufa) | 洗头发 (xǐ tóufa) | 剪头发 (jiǎn tóufa),她的头发很长。,Tā de tóufa hěn cháng.,موهای او خیلی بلند است.,“头发”专指头上的毛发；“剪头发”常指 کوتاه کردن/اصلاح موی سر。
357,腿,tuǐ,HSK 3,名,1,人或动物用来站立、走路的下肢（名）,پا؛ اندام حرکتی پایین بدن انسان یا حیوان (اسم),一条腿 (yì tiáo tuǐ) | 左腿 (zuǒ tuǐ) | 右腿 (yòu tuǐ) | 腿疼 (tuǐ téng),我的腿有点儿疼。,Wǒ de tuǐ yǒudiǎnr téng.,پایم کمی درد می‌کند.,常用量词是“条”；中文“腿”通常指整条腿。
357,腿,tuǐ,HSK 3,名,2,物体下面像腿一样起支撑作用的部分（名）,"پایه؛ پایهٔ میز، صندلی، تخت و چیزهای مشابه (اسم)",桌子腿 (zhuōzi tuǐ) | 椅子腿 (yǐzi tuǐ) | 床腿 (chuáng tuǐ) | 一条腿坏了 (yì tiáo tuǐ huài le),这把椅子少了一条腿。,Zhè bǎ yǐzi shǎo le yì tiáo tuǐ.,این صندلی یک پایه کم دارد.,引申用法，很常见；常指家具等物体下面起支撑作用的部分。
358,突然,tūrán,HSK 3,形、副,1,事情发生得很快、很意外；忽然（形/副）,ناگهانی؛ ناگهان؛ یک‌دفعه و غیرمنتظره (صفت/قید),突然下雨 (tūrán xiàyǔ) | 突然想起 (tūrán xiǎngqǐ) | 突然停电 (tūrán tíngdiàn) | 很突然 (hěn tūrán),他突然站起来走了。,Tā tūrán zhàn qǐlái zǒu le.,او ناگهان بلند شد و رفت.,可作副词放在动词前，也可作形容词，如“事情发生得很突然”。
359,图书馆,túshūguǎn,HSK 3,名,1,收藏、借阅书刊资料，供人阅读、学习的地方（名）,"کتابخانه؛ جایی برای نگهداری، مطالعه و امانت گرفتن کتاب و منابع (اسم)",学校图书馆 (xuéxiào túshūguǎn) | 去图书馆 (qù túshūguǎn) | 图书馆借书 (túshūguǎn jiè shū) | 在图书馆学习 (zài túshūguǎn xuéxí),我下午去图书馆借书。,Wǒ xiàwǔ qù túshūguǎn jiè shū.,بعدازظهر به کتابخانه می‌روم کتاب امانت بگیرم.,
360,外地,wàidì,HSK 3,名,1,本地以外的地方；外来的地区（名）,شهر یا منطقهٔ دیگر؛ جایی غیر از محل زندگی/محل فعلی (اسم),去外地 (qù wàidì) | 外地人 (wàidì rén) | 从外地来 (cóng wàidì lái) | 外地工作 (wàidì gōngzuò),他在外地工作，很少回家。,"Tā zài wàidì gōngzuò, hěn shǎo huí jiā.",او در شهر/منطقه‌ای دیگر کار می‌کند و کم به خانه برمی‌گردد.,相对于“本地”而言；不一定指国外，通常指本市/本地区以外。
361,外卖,wàimài,HSK 3,名,1,餐馆做好后送到顾客指定地点或让顾客带走的食物；也指这种服务（名）,غذای بیرون‌بر یا ارسالی؛ غذایی که از رستوران سفارش می‌دهند تا تحویل بگیرند یا برایشان بفرستند؛ سرویس ارسال غذا (اسم),点外卖 (diǎn wàimài) | 叫外卖 (jiào wàimài) | 外卖到了 (wàimài dào le) | 送外卖 (sòng wàimài),今天太忙了，我们点外卖吧。,"Jīntiān tài máng le, wǒmen diǎn wàimài ba.",امروز خیلی سرمان شلوغ است؛ بیایید غذا سفارش بدهیم.,现代口语中很常用；“点外卖、叫外卖”指订外卖；“送外卖”指送餐。作动词不如名词常用，日常更常说“可以打包、可以带走、可以送外卖、做外卖”。
362,外语,wàiyǔ,HSK 3,名,1,外国的语言；非本国或非母语的语言（名）,زبان خارجی؛ زبانی غیر از زبان کشور یا زبان مادری (اسم),学外语 (xué wàiyǔ) | 外语老师 (wàiyǔ lǎoshī) | 外语水平 (wàiyǔ shuǐpíng) | 外语学校 (wàiyǔ xuéxiào),她会说两门外语。,Tā huì shuō liǎng mén wàiyǔ.,او می‌تواند به دو زبان خارجی صحبت کند.,常用量词是“门”；“英语、日语、法语”等具体语言可作为单独词条处理。
363,碗,wǎn,HSK 3,名、量,1,盛饭、汤等食物的圆形容器（名）,"کاسه؛ ظرف گرد برای برنج، سوپ و غذاهای مشابه (اسم)",一个碗 (yí ge wǎn) | 饭碗 (fànwǎn) | 汤碗 (tāngwǎn) | 洗碗 (xǐ wǎn),桌子上有三个碗。,Zhuōzi shang yǒu sān ge wǎn.,روی میز سه کاسه هست.,
363,碗,wǎn,HSK 3,名、量,2,用于装在碗里的食物，相当于“碗”的量（量）,کاسه؛ واحد شمارش برای مقدار غذایی که در یک کاسه جا می‌شود (واحد شمارش),一碗饭 (yì wǎn fàn) | 一碗面 (yì wǎn miàn) | 两碗汤 (liǎng wǎn tāng) | 半碗米饭 (bàn wǎn mǐfàn),我早上吃了一碗面。,Wǒ zǎoshang chī le yì wǎn miàn.,صبح یک کاسه نودل خوردم.,作量词时表示“一碗的量”。
364,完成,wánchéng,HSK 3,动,1,按要求把事情做完；达到预定目标（动）,تمام کردن؛ کامل انجام دادن؛ به پایان رساندن کاری طبق هدف یا خواسته (فعل),完成作业 (wánchéng zuòyè) | 完成任务 (wánchéng rènwu) | 完成工作 (wánchéng gōngzuò) | 按时完成 (ànshí wánchéng),我已经完成了今天的作业。,Wǒ yǐjīng wánchéng le jīntiān de zuòyè.,من تکلیف امروز را تمام کرده‌ام.,强调事情达到完成状态；比“做完”稍正式。
365,晚点,wǎndiǎn,HSK 3,动、副,1,车、船、飞机等比规定时间晚到或晚开（动）,"تأخیر داشتن؛ دیرتر از زمان مقرر رسیدن یا حرکت کردن، دربارهٔ قطار، هواپیما و مانند آن (فعل)",火车晚点 (huǒchē wǎndiǎn) | 飞机晚点 (fēijī wǎndiǎn) | 晚点半小时 (wǎndiǎn bàn xiǎoshí) | 严重晚点 (yánzhòng wǎndiǎn),今天的火车晚点了半个小时。,Jīntiān de huǒchē wǎndiǎn le bàn ge xiǎoshí.,قطار امروز نیم ساعت تأخیر داشت.,
365,晚点,wǎndiǎn,HSK 3,动、副,2,稍微晚一些；过一会儿（副）,کمی دیرتر؛ بعداً؛ یک مقدار دیرتر (قید),晚点再说 (wǎndiǎn zài shuō) | 晚点见 (wǎndiǎn jiàn) | 晚点回来 (wǎndiǎn huílái) | 晚点联系 (wǎndiǎn liánxì),我现在有点忙，晚点再给你打电话。,"Wǒ xiànzài yǒudiǎn máng, wǎndiǎn zài gěi nǐ dǎ diànhuà.","الان کمی سرم شلوغ است، بعداً به تو زنگ می‌زنم.",口语常用；此义中的“点”表示程度小。
366,忘记,wàngjì,HSK 3,动,1,不记得；把人、事、信息或应该做的事忘了（动）,فراموش کردن؛ به یاد نداشتن؛ از یاد بردنِ چیزی یا فراموش کردنِ انجام کاری (فعل),忘记名字 (wàngjì míngzi) | 忘记密码 (wàngjì mìmǎ) | 忘记带钥匙 (wàngjì dài yàoshi) | 忘记告诉他 (wàngjì gàosu tā),我忘记带伞了。,Wǒ wàngjì dài sǎn le.,یادم رفت چتر بیاورم.,后面可接名词，也可接动词短语；接动词短语时表示“忘了去做某事”，可译为“از انجام کاری غفلت کردن/کوتاهی کردن”，但核心意思仍是“فراموش کردن”。
367,网球,wǎngqiú,HSK 3,名,1,一种用球拍隔网击球的运动；也指这种运动用的球（名）,تنیس؛ همچنین توپ تنیس (اسم),打网球 (dǎ wǎngqiú) | 网球场 (wǎngqiúchǎng) | 网球拍 (wǎngqiúpāi) | 网球比赛 (wǎngqiú bǐsài),他每周末都去打网球。,Tā měi zhōumò dōu qù dǎ wǎngqiú.,او هر آخر هفته برای بازی تنیس می‌رود.,通常指运动；指球本身时需看语境。
368,网站,wǎngzhàn,HSK 3,名,1,互联网上提供信息、服务或内容的站点（名）,"وب‌سایت؛ پایگاه اینترنتی برای ارائهٔ اطلاعات، خدمات یا محتوا (اسم)",公司网站 (gōngsī wǎngzhàn) | 官方网站 (guānfāng wǎngzhàn) | 访问网站 (fǎngwèn wǎngzhàn) | 网站地址 (wǎngzhàn dìzhǐ),你可以在这个网站上买票。,Nǐ kěyǐ zài zhège wǎngzhàn shang mǎi piào.,می‌توانی در این وب‌سایت بلیت بخری.,“网页”指 web page，“网站”指 website。
369,晚会,wǎnhuì,HSK 3,名,1,晚上举行的文艺、庆祝或娱乐性集会（名）,"جشن یا برنامهٔ شبانه؛ گردهمایی هنری، تفریحی یا مناسبتی در شب (اسم)",春节晚会 (Chūnjié wǎnhuì) | 参加晚会 (cānjiā wǎnhuì) | 学校晚会 (xuéxiào wǎnhuì) | 新年晚会 (xīnnián wǎnhuì),学校今晚有一个新年晚会。,Xuéxiào jīn wǎn yǒu yí ge xīnnián wǎnhuì.,مدرسه امشب یک جشن سال نو دارد.,常指有节目、表演或庆祝活动的晚间聚会。
370,为,wèi,HSK 3,介、动、语素,1,表示目的、原因、对象、受益者或动作所指向的人/事物；为了、因为、替、对（介）,برای؛ به خاطرِ؛ از بابتِ؛ در جهتِ؛ به نفعِ کسی یا چیزی (حرف اضافه),为你高兴 (wèi nǐ gāoxìng) | 为大家服务 (wèi dàjiā fúwù) | 为孩子着想 (wèi háizi zhuóxiǎng) | 为这件事生气 (wèi zhè jiàn shì shēngqì),我真为你高兴。,Wǒ zhēn wèi nǐ gāoxìng.,واقعاً از بابت تو خوشحالم.,读第四声 wèi；可表示目的、原因、对象或受益者，具体翻译要看搭配。
370,为,wéi,HSK 3,介、动、语素,2,做；干；行动，多用于书面语、成语或固定表达（动）,"انجام دادن؛ عمل کردن؛ دست به کاری زدن، بیشتر در نوشتار، عبارت‌های ثابت و اصطلاحات (فعل)",敢作敢为 (gǎn zuò gǎn wéi) | 大有可为 (dà yǒu kě wéi) | 事在人为 (shì zài rén wéi) | 所作所为 (suǒ zuò suǒ wéi),事在人为，只要努力就有希望。,"Shì zài rén wéi, zhǐyào nǔlì jiù yǒu xīwàng.",کارها به تلاش انسان بستگی دارد؛ تا وقتی تلاش کنی امید هست.,读第二声 wéi；此义现代汉语中多见于成语、书面语或固定表达。
370,为,wéi,HSK 3,介、动、语素,3,把某人或某物当作、看作、用作某种身份、依据或对象（动/介）,"چیزی یا کسی را به‌عنوانِ چیزی دانستن، قرار دادن، گرفتن یا به کار بردن (فعل/حرف اضافه)",以此为凭 (yǐ cǐ wéi píng) | 选他为代表 (xuǎn tā wéi dàibiǎo) | 以……为基础 (yǐ ... wéi jīchǔ) | 以……为例 (yǐ ... wéi lì),我们以这份报告为基础继续讨论。,Wǒmen yǐ zhè fèn bàogào wéi jīchǔ jìxù tǎolùn.,ما این گزارش را مبنای بحث بعدی قرار می‌دهیم.,常见结构是“以A为B”“选/任命A为B”，表示把A当作B、用作B或使A担任B。
370,为,wéi,HSK 3,介、动、语素,4,变成；成为；使变成，多用于“A为B”或“变A为B”等结构（动）,شدن؛ تبدیل شدن؛ تبدیل کردنِ چیزی به چیز دیگر (فعل),一分为二 (yì fēn wéi èr) | 化为乌有 (huà wéi wūyǒu) | 变沙漠为良田 (biàn shāmò wéi liángtián) | 转危为安 (zhuǎn wēi wéi ān),他们把沙漠变为良田。,Tāmen bǎ shāmò biàn wéi liángtián.,آن‌ها بیابان را به زمین حاصلخیز تبدیل کردند.,此义常见于书面语和固定搭配；“成为、化为、变为、转为”等可作为单独词条处理。
370,为,wéi,HSK 3,介、动、语素,5,是；表示判断或等同关系，多用于书面语或文言色彩较强的表达（动）,بودن؛ «است» بودن در جمله‌های تعریفی یا نوشتاری (فعل),失败为成功之母 (shībài wéi chénggōng zhī mǔ) | 此为重点 (cǐ wéi zhòngdiǎn) | 实践为检验真理的标准 (shíjiàn wéi jiǎnyàn zhēnlǐ de biāozhǔn) | 何为幸福 (hé wéi xìngfú),失败为成功之母。,Shībài wéi chénggōng zhī mǔ.,شکست مادر موفقیت است.,读第二声 wéi；此义较书面，日常口语多用“是”。
370,为,wéi,HSK 3,介、动、语素,6,和“所”连用，表示被动；被、受到，多用于正式或书面表达（介）,"توسطِ؛ موردِ ... قرار گرفتن، در ساختار مجهول رسمی با «为……所……» (حرف اضافه)",为人所知 (wéi rén suǒ zhī) | 为人民所爱戴 (wéi rénmín suǒ àidài) | 为大家所接受 (wéi dàjiā suǒ jiēshòu) | 为世人所称赞 (wéi shìrén suǒ chēngzàn),这位医生为人民所爱戴。,Zhè wèi yīshēng wéi rénmín suǒ àidài.,این پزشک مورد احترام و محبت مردم است.,“为……所……”是书面被动结构，现代口语中更常用“被”或直接用主动表达。
371,为了,wèile,HSK 3,介,1,表示目的、原因或动机；因为想达到某个目标，或因为某人、某事而做某事（介）,"برایِ؛ به خاطرِ؛ به منظورِ؛ به دلیلِ یک هدف، انگیزه، شخص یا موضوع (حرف اضافه)",为了学习 (wèile xuéxí) | 为了孩子 (wèile háizi) | 为了健康 (wèile jiànkāng) | 为了一点小事 (wèile yìdiǎn xiǎoshì),为了学好中文，他每天都练习。,"Wèile xué hǎo Zhōngwén, tā měitiān dōu liànxí.","برای اینکه چینی را خوب یاد بگیرد، او هر روز تمرین می‌کند.","可表示目的，也可表示原因或动机；很多时候“برای、به خاطر،به منظور”都可翻译，需看语境。"
372,卫生间,wèishēngjiān,HSK 3,名,1,供人洗漱、上厕所等使用的房间（名）,دستشویی؛ سرویس بهداشتی؛ اتاقی برای شستن دست‌وصورت یا استفاده از توالت (اسم),去卫生间 (qù wèishēngjiān) | 公共卫生间 (gōnggòng wèishēngjiān) | 卫生间在哪儿 (wèishēngjiān zài nǎr) | 打扫卫生间 (dǎsǎo wèishēngjiān),请问，卫生间在哪儿？,"Qǐngwèn, wèishēngjiān zài nǎr?","ببخشید، سرویس بهداشتی کجاست؟",在不同地区和场景中可指厕所、洗手间或浴室；口语也常说“洗手间、厕所”。
373,文化,wénhuà,HSK 3,名,1,一个社会、民族、国家或群体在历史中形成的生活方式、思想、艺术、习俗等（名）,"فرهنگ؛ مجموعهٔ شیوهٔ زندگی، اندیشه، هنر، آداب و رسوم یک جامعه، ملت یا گروه (اسم)",中国文化 (Zhōngguó wénhuà) | 传统文化 (chuántǒng wénhuà) | 文化差异 (wénhuà chāyì) | 学习文化 (xuéxí wénhuà),学习语言也要了解这个国家的文化。,Xuéxí yǔyán yě yào liǎojiě zhège guójiā de wénhuà.,"برای یادگیری زبان، باید فرهنگ آن کشور را هم شناخت.",
373,文化,wénhuà,HSK 3,名,2,知识水平、受教育程度或文化素养（名）,سطح سواد و دانش؛ میزان تحصیلات یا آگاهی فرهنگی (اسم),有文化 (yǒu wénhuà) | 没文化 (méi wénhuà) | 文化水平 (wénhuà shuǐpíng) | 文化程度 (wénhuà chéngdù),他虽然年纪大了，但是很有文化。,"Tā suīrán niánjì dà le, dànshì hěn yǒu wénhuà.","او با اینکه سنش بالاست، اما آدم باسواد و بافرهنگی است.",此义常用于评价人的知识、修养或受教育程度。
374,屋子,wūzi,HSK 3,名,1,房间；室内空间（名）,اتاق؛ فضای داخل خانه یا ساختمان (اسم),一间屋子 (yì jiān wūzi) | 屋子里 (wūzi li) | 打扫屋子 (dǎsǎo wūzi) | 小屋子 (xiǎo wūzi),屋子里很暖和。,Wūzi li hěn nuǎnhuo.,داخل اتاق خیلی گرم و راحت است.,比“房间”更口语，可指一个房间，也可泛指屋内空间。
375,西,xī,HSK 3,方位词、名、语素,1,四个基本方向之一；西边、西部或西方地区，与“东”相对（方位词/名/语素）,"غرب؛ سمت غرب؛ بخش یا ناحیهٔ غربی، در برابر شرق (اسم جهتی/مکانی/تکواژ)",往西走 (wǎng xī zǒu) | 西边 (xībiān) | 西部 (xībù) | 西方 (xīfāng),从这里往西走十分钟就到了。,Cóng zhèlǐ wǎng xī zǒu shí fēnzhōng jiù dào le.,"از اینجا ده دقیقه به سمت غرب بروی، می‌رسی.",基本方位词；也常作构词成分，如“西部、西方、西欧、西北”。
376,喜爱,xǐ’ài,HSK 3,动,1,喜欢并有好感；爱好某人或某事物（动）,دوست داشتن؛ علاقه داشتن؛ پسندیدنِ کسی یا چیزی با احساس مثبت و علاقه (فعل),深受喜爱 (shēn shòu xǐ’ài) | 喜爱音乐 (xǐ’ài yīnyuè) | 喜爱孩子 (xǐ’ài háizi) | 受到喜爱 (shòudào xǐ’ài),这本书深受孩子们喜爱。,Zhè běn shū shēn shòu háizimen xǐ’ài.,این کتاب خیلی مورد علاقهٔ بچه‌هاست.,比“喜欢”稍正式；常见于书面语、介绍、评价等语境。
377,先,xiān,HSK 3,副、形、名、语素,1,时间或顺序在前；先做某事，再做别的事（副）,اول؛ ابتدا؛ پیش از کار یا چیز دیگر (قید),先吃饭 (xiān chīfàn) | 先走 (xiān zǒu) | 先说 (xiān shuō) | 先休息一下 (xiān xiūxi yíxià),你先坐一会儿，我马上回来。,"Nǐ xiān zuò yíhuìr, wǒ mǎshàng huílái.","تو اول کمی بنشین، من فوراً برمی‌گردم.",常和“再、然后”搭配，表示先后顺序。
377,先,xiān,HSK 3,副、形、名、语素,2,祖先；前代的人，多用于构词（名/语素）,نیاکان؛ اجداد؛ نسل‌های پیشین (اسم/تکواژ),祖先 (zǔxiān) | 先人 (xiānrén) | 先辈 (xiānbèi) | 先民 (xiānmín),这些习俗是祖先留下来的。,Zhèxiē xísú shì zǔxiān liú xiàlái de.,این رسم‌ها را نیاکان به جا گذاشته‌اند.,多用于表示前代的人或祖辈；“祖先、先辈、先民”可作为单独词条处理。
377,先,xiān,HSK 3,副、形、名、语素,3,用于称呼已去世的长辈或亲属，表示尊敬；已故的（形/语素）,"مرحوم؛ درگذشته، برای اشارهٔ محترمانه به خویشاوندان یا بزرگان فوت‌شده (صفت/تکواژ)",先父 (xiānfù) | 先母 (xiānmǔ) | 先夫 (xiānfū) | 先妻 (xiānqī),这是我先父留下来的书。,Zhè shì wǒ xiānfù liú xiàlái de shū.,این کتابی است که پدرِ مرحومم به جا گذاشته است.,较正式、书面；常用于“先父、先母、先夫、先妻”等，表示对已故亲属的尊称。
378,向,xiàng,HSK 3,介、动、名、语素,1,朝着某个方向、地点或目标；往、朝（介）,به سویِ؛ به طرفِ؛ رو به؛ در جهتِ مکانی یا هدفی (حرف اضافه),向前走 (xiàng qián zǒu) | 向左转 (xiàng zuǒ zhuǎn) | 向东走 (xiàng dōng zǒu) | 向门口跑去 (xiàng ménkǒu pǎo qù),请一直向前走。,Qǐng yìzhí xiàng qián zǒu.,لطفاً مستقیم به جلو بروید.,表示空间方向或动作目标；常和表示移动、转向的动词搭配。
378,向,xiàng,HSK 3,介、动、名、语素,2,表示动作、说话、态度等所面对的对象；对、给、朝着某人或某事（介）,به؛ خطاب به؛ نسبت به؛ رو به سویِ کسی یا چیزی به‌عنوان مخاطب یا طرفِ عمل (حرف اضافه),向老师请教 (xiàng lǎoshī qǐngjiào) | 向大家介绍 (xiàng dàjiā jièshào) | 向他道歉 (xiàng tā dàoqiàn) | 向朋友求助 (xiàng péngyou qiúzhù),他向我点了点头。,Tā xiàng wǒ diǎn le diǎn tóu.,او به طرف من سر تکان داد.,这里不一定表示移动方向，而是表示动作、说话或态度的对象。
378,向,xiàng,HSK 3,介、动、名、语素,3,表示学习、请教、索取等动作的来源或对象；从、向某人学习或取得（介）,"از؛ نزدِ؛ از کسی آموختن، پرسیدن یا چیزی خواستن (حرف اضافه)",向老师学习 (xiàng lǎoshī xuéxí) | 向他借钱 (xiàng tā jiè qián) | 向朋友打听 (xiàng péngyou dǎting) | 向专家请教 (xiàng zhuānjiā qǐngjiào),我要向你学习。,Wǒ yào xiàng nǐ xuéxí.,من باید از تو یاد بگیرم.,在“向……学习/请教/借/打听”等结构中， Persian 常译为“از/نزدِ”。
378,向,xiàng,HSK 3,介、动、名、语素,4,面对；朝着；偏向某一边或某一方向（动）,رو کردن؛ به سوی چیزی بودن؛ متمایل بودن به یک سمت یا جهت (فعل),面向大海 (miànxiàng dàhǎi) | 背向太阳 (bèixiàng tàiyáng) | 偏向一边 (piānxiàng yì biān) | 转向左边 (zhuǎnxiàng zuǒbian),这间房子向南方。,Zhè jiān fángzi xiàng nánfāng.,این اتاق رو به جنوب است.,现代汉语中多见于“面向、背向、偏向、转向”等词，相关词可作为单独词条处理。
378,向,xiàng,HSK 3,介、动、名、语素,5,姓氏（名）,شیانگ؛ نام خانوادگی چینی (اسم خاص),向先生 (Xiàng xiānsheng) | 向老师 (Xiàng lǎoshī) | 向女士 (Xiàng nǚshì) | 姓向 (xìng Xiàng),向老师今天不在学校。,Xiàng lǎoshī jīntiān bú zài xuéxiào.,معلم شیانگ امروز در مدرسه نیست.,作姓氏时是常见姓之一，可单列。
379,像,xiàng,HSK 3,动、介、名、语素,1,相似；看起来和某人或某物差不多（动）,شبیه بودن؛ شبیه به نظر رسیدن (فعل),像妈妈 (xiàng māma) | 长得像 (zhǎng de xiàng) | 很像 (hěn xiàng) | 一点儿也不像 (yìdiǎnr yě bú xiàng),这个孩子长得很像他爸爸。,Zhège háizi zhǎng de hěn xiàng tā bàba.,این بچه خیلی شبیه پدرش است.,
379,像,xiàng,HSK 3,动、介、名、语素,2,用于比喻，表示“像……一样”（介/动）,"مثلِ؛ مانندِ؛ شبیهِ، برای تشبیه کردن چیزی به چیز دیگر (حرف اضافه/فعل)",像太阳一样 (xiàng tàiyáng yíyàng) | 像梦一样 (xiàng mèng yíyàng) | 像孩子一样 (xiàng háizi yíyàng) | 像火一样热 (xiàng huǒ yíyàng rè),她的笑容像阳光一样温暖。,Tā de xiàoróng xiàng yángguāng yíyàng wēnnuǎn.,لبخند او مثل آفتاب گرم و دلنشین است.,常和“一样、似的”搭配，用于比喻。
379,像,xiàng,HSK 3,动、介、名、语素,3,用于举例，表示“例如、比如”（介）,"مثلِ؛ مانندِ؛ برای مثال، برای آوردن نمونه (حرف اضافه)","像这样 (xiàng zhèyàng) | 像苹果这样的水果 (xiàng píngguǒ zhèyàng de shuǐguǒ) | 像北京、上海这样的大城市 (xiàng Běijīng, Shànghǎi zhèyàng de dà chéngshì) | 像他这样的人 (xiàng tā zhèyàng de rén)",像苹果、香蕉这样的水果，我都喜欢。,"Xiàng píngguǒ, xiāngjiāo zhèyàng de shuǐguǒ, wǒ dōu xǐhuan.",میوه‌هایی مثل سیب و موز را همه‌شان دوست دارم.,此义用于举例，不一定强调相似。
379,像,xiàng,HSK 3,动、介、名、语素,4,表示根据外表、情况或感觉作出的判断；好像、似乎（动）,"انگار؛ گویا؛ به نظر می‌رسد، برای بیان برداشت یا حدس بر اساس ظاهر یا وضعیت (فعل)",像要下雨 (xiàng yào xiàyǔ) | 像是生气了 (xiàng shì shēngqì le) ,外面很黑，像要下雨了。,"Wàimian hěn hēi, xiàng yào xiàyǔ le.",بیرون خیلی تاریک است؛ انگار می‌خواهد باران ببارد.,表示推测或感觉；“好像、像是、看起来像”很常用，可作为相关表达或单独词条处理。
379,像,xiàng,HSK 3,动、介、名、语素,5,人物或事物的形象、图像、雕像等，多用于构词（名/语素）,تصویر؛ تمثال؛ پیکره؛ مجسمه یا شکلِ بازنمایی‌شدهٔ کسی/چیزی (اسم/تکواژ),画像 (huàxiàng) | 佛像 (fóxiàng) | 塑像 (sùxiàng) | 图像 (túxiàng),墙上挂着一幅他的画像。,Qiáng shang guàzhe yì fú tā de huàxiàng.,روی دیوار تصویری از او آویزان است.,多用于构词；“画像、佛像、塑像、图像、录像”等可作为单独词条处理。
380,相机,xiàngjī,HSK 3,名,1,照相用的机器；照相机（名）,دوربین عکاسی؛ دستگاهی برای عکس گرفتن (اسم),一台相机 (yì tái xiàngjī) | 数码相机 (shùmǎ xiàngjī) | 买相机 (mǎi xiàngjī) | 相机镜头 (xiàngjī jìngtóu),我想买一台新相机。,Wǒ xiǎng mǎi yì tái xīn xiàngjī.,می‌خواهم یک دوربین عکاسی جدید بخرم.,常用量词是“台”；现在手机里的 camera 也常说“手机相机”。
381,香蕉,xiāngjiāo,HSK 3,名,1,一种黄色、长形、味甜的水果（名）,"موز؛ میوه‌ای زرد، کشیده و شیرین (اسم)",一根香蕉 (yì gēn xiāngjiāo) | 吃香蕉 (chī xiāngjiāo) | 香蕉皮 (xiāngjiāo pí) | 买香蕉 (mǎi xiāngjiāo),我每天早上吃一根香蕉。,Wǒ měitiān zǎoshang chī yì gēn xiāngjiāo.,من هر روز صبح یک موز می‌خورم.,常用量词是“根”。
382,相信,xiāngxìn,HSK 3,动,1,认为某人、某事、某种说法或情况真实、可靠；对某人或某事有信心（动）,"باور کردن؛ اعتماد داشتن؛ اطمینان داشتن به درستی، قابل‌اعتماد بودن یا تواناییِ کسی یا چیزی (فعل)",相信他的话 (xiāngxìn tā de huà) | 相信事实 (xiāngxìn shìshí) | 相信自己 (xiāngxìn zìjǐ) | 相信未来 (xiāngxìn wèilái),我相信你，也相信你说的话。,"Wǒ xiāngxìn nǐ, yě xiāngxìn nǐ shuō de huà.",من به تو اعتماد دارم و حرفت را هم باور می‌کنم.,可接人、话、事实、小句等；接“话、事实、消息”时偏重“باور کردن”，接“人、自己、未来、能力”时偏重“اعتماد/اطمینان داشتن”。
383,箱子,xiāngzi,HSK 3,名,1,用来装东西的方形或长方形容器，通常有盖子（名）,جعبه؛ صندوق؛ چمدان یا ظرفی معمولاً چهارگوش برای گذاشتن چیزها (اسم),一个箱子 (yí ge xiāngzi) | 打开箱子 (dǎkāi xiāngzi) | 纸箱子 (zhǐ xiāngzi) | 行李箱子 (xíngli xiāngzi),这个箱子太重了，我搬不动。,"Zhège xiāngzi tài zhòng le, wǒ bān bu dòng.","این صندوق/جعبه خیلی سنگین است، نمی‌توانم جابه‌جایش کنم.",可指纸箱、木箱、行李箱等；具体译法看语境。
384,小区,xiǎoqū,HSK 3,名,1,城市中有住宅楼、道路、绿化和公共设施的住宅区域（名）,مجتمع یا محلهٔ مسکونی؛ محدودهٔ مسکونی دارای ساختمان‌ها و امکانات مشترک (اسم),住宅小区 (zhùzhái xiǎoqū) | 小区门口 (xiǎoqū ménkǒu) | 住在小区里 (zhù zài xiǎoqū li) | 小区环境 (xiǎoqū huánjìng),我们小区附近有一个超市。,Wǒmen xiǎoqū fùjìn yǒu yí ge chāoshì.,نزدیک مجتمع مسکونی ما یک سوپرمارکت هست.,在中国常指一个住宅社区，不完全等同于 Persian “محله” یا “آپارتمان”.
385,小心,xiǎoxīn,HSK 3,形、动、副,1,注意安全或避免出错、受伤、发生问题；谨慎、当心（形/动/副）,"مراقب بودن؛ احتیاط کردن؛ حواس‌جمع بودن برای جلوگیری از خطر، اشتباه یا آسیب (صفت/فعل/قید)",小心一点 (xiǎoxīn yìdiǎn) | 小心开车 (xiǎoxīn kāichē) | 小心车 (xiǎoxīn chē) | 小心别摔倒 (xiǎoxīn bié shuāidǎo),路很滑，你小心一点。,"Lù hěn huá, nǐ xiǎoxīn yìdiǎn.","راه خیلی لغزنده است، کمی مراقب باش.",可单独用作提醒，如“小心！”；也可后接需要注意的危险或“别……”结构，如“小心车、小心别摔倒”。
386,校园,xiàoyuán,HSK 3,名,1,学校范围内的地方；学校的环境和生活空间（名）,محوطهٔ مدرسه یا دانشگاه؛ فضای آموزشی و زندگی در مدرسه/دانشگاه (اسم),大学校园 (dàxué xiàoyuán) | 校园生活 (xiàoyuán shēnghuó) | 校园里 (xiàoyuán li) | 美丽的校园 (měilì de xiàoyuán),春天的校园很美。,Chūntiān de xiàoyuán hěn měi.,محوطهٔ مدرسه/دانشگاه در بهار خیلی زیباست.,可指学校的场地，也可指学校生活、学校环境。
387,校长,xiàozhǎng,HSK 3,名,1,学校的最高负责人（名）,مدیر مدرسه؛ رئیس مدرسه یا دانشگاه (اسم),学校校长 (xuéxiào xiàozhǎng) | 大学校长 (dàxué xiàozhǎng) | 校长办公室 (xiàozhǎng bàngōngshì) | 当校长 (dāng xiàozhǎng),校长在会上讲话。,Xiàozhǎng zài huì shang jiǎnghuà.,مدیر مدرسه در جلسه سخنرانی کرد.,在中小学多译为“مدیر مدرسه”，在大学语境可译为“رئیس دانشگاه”。
388,夏天,xiàtiān,HSK 3,名,1,一年四季之一，在春天之后、秋天之前，天气通常较热（名）,تابستان؛ فصل گرم سال میان بهار و پاییز (اسم),夏天来了 (xiàtiān lái le) | 夏天很热 (xiàtiān hěn rè) | 今年夏天 (jīnnián xiàtiān) | 夏天的衣服 (xiàtiān de yīfu),北京的夏天很热。,Běijīng de xiàtiān hěn rè.,تابستان پکن خیلی گرم است.,和“春天、秋天、冬天”相对；书面或构词中也常用“夏”。
389,西北,xīběi,HSK 3,方位词、名,1,介于西和北之间的方向；西北方（方位词/名）,شمال‌غرب؛ جهت میان غرب و شمال (اسم جهتی/مکانی),西北方向 (xīběi fāngxiàng) | 往西北走 (wǎng xīběi zǒu) | 西北角 (xīběi jiǎo) | 刮西北风 (guā xīběi fēng),学校在城市的西北方向。,Xuéxiào zài chéngshì de xīběi fāngxiàng.,مدرسه در جهت شمال‌غرب شهر قرار دارد.,表示方向时常和“方向、角、风”等搭配。
389,西北,xīběi,HSK 3,方位词、名,2,中国西北部地区；西北地区（名）,شمال‌غرب چین؛ ناحیهٔ شمال‌غربی چین (اسم مکان),中国西北 (Zhōngguó xīběi) | 西北地区 (xīběi dìqū) | 西北风光 (xīběi fēngguāng) | 去西北旅行 (qù xīběi lǚxíng),他想去西北旅行。,Tā xiǎng qù xīběi lǚxíng.,او می‌خواهد به شمال‌غرب چین سفر کند.,作地区名时常指中国西北地区，具体范围需看语境。
390,鞋,xié,HSK 3,名,1,穿在脚上、走路时保护脚的东西（名）,کفش؛ پوششی که برای راه رفتن و محافظت از پا پوشیده می‌شود (اسم),一双鞋 (yì shuāng xié) | 穿鞋 (chuān xié) | 买鞋 (mǎi xié) | 运动鞋 (yùndòngxié),我买了一双新鞋。,Wǒ mǎi le yì shuāng xīn xié.,من یک جفت کفش نو خریدم.,常用量词是“双”；单只鞋可说“一只鞋”。
391,西方,xīfāng,HSK 3,名、方位词,1,西边；西面的方向或地方（方位词/名）,غرب؛ سمت غرب؛ ناحیهٔ غربی (اسم جهتی/مکانی),西方天空 (xīfāng tiānkōng) | 西方的山 (xīfāng de shān) | 在西方 (zài xīfāng) | 朝西方看 (cháo xīfāng kàn),太阳从东方升起，在西方落下。,"Tàiyáng cóng dōngfāng shēngqǐ, zài xīfāng luò xià.",خورشید از شرق طلوع می‌کند و در غرب غروب می‌کند.,表示方位时与“东方”相对。
391,西方,xīfāng,HSK 3,名、方位词,2,欧美等西方国家、地区或文化体系（名）,غرب؛ کشورهای غربی؛ حوزهٔ فرهنگی و اجتماعی اروپا و آمریکا (اسم),西方文化 (xīfāng wénhuà) | 西方国家 (xīfāng guójiā) | 西方社会 (xīfāng shèhuì) | 西方文学 (xīfāng wénxué),他对西方文化很感兴趣。,Tā duì xīfāng wénhuà hěn gǎn xìngqù.,او به فرهنگ غربی خیلی علاقه دارد.,此义常用于文化、社会、政治、历史等语境；不只是地理方向。
392,西瓜,xīguā,HSK 3,名,1,一种外皮多为绿色、果肉多汁而甜的瓜果（名）,هندوانه؛ میوه‌ای آبدار و شیرین با پوست معمولاً سبز (اسم),一个西瓜 (yí ge xīguā) | 吃西瓜 (chī xīguā) | 西瓜皮 (xīguā pí) | 切西瓜 (qiē xīguā),夏天吃西瓜很舒服。,Xiàtiān chī xīguā hěn shūfu.,تابستان خوردن هندوانه خیلی لذت‌بخش است.,常用量词可用“个”；切开后也可说“一块西瓜”。
393,习惯,xíguàn,HSK 3,名、动、形,1,长期形成、不容易改变的行为方式或生活方式（名）,عادت؛ رفتار یا شیوهٔ زندگی‌ای که در طول زمان شکل گرفته و به‌آسانی تغییر نمی‌کند (اسم),好习惯 (hǎo xíguàn) | 坏习惯 (huài xíguàn) | 生活习惯 (shēnghuó xíguàn) | 养成习惯 (yǎngchéng xíguàn),早睡早起是一个好习惯。,Zǎo shuì zǎo qǐ shì yí ge hǎo xíguàn.,زود خوابیدن و زود بیدار شدن یک عادت خوب است.,
393,习惯,xíguàn,HSK 3,名、动、形,2,适应某种情况、环境或做法；觉得自然、不陌生（动/形）,"عادت کردن؛ خو گرفتن؛ با وضعیت، محیط یا شیوه‌ای سازگار شدن (فعل/صفت)",习惯这里的生活 (xíguàn zhèlǐ de shēnghuó) | 习惯早起 (xíguàn zǎoqǐ) | 不习惯 (bù xíguàn) | 慢慢习惯 (mànmàn xíguàn),我还不习惯这里的天气。,Wǒ hái bú xíguàn zhèlǐ de tiānqì.,من هنوز به هوای اینجا عادت نکرده‌ام.,作动词/形容词时常后接名词或动词短语，如“习惯这里、习惯早起”。
394,信,xìn,HSK 3,名、动、语素,1,写给别人或从别人那里收到的书面信息；书信（名）,نامه؛ پیام نوشتاری که برای کسی فرستاده یا از کسی دریافت می‌شود (اسم),写信 (xiě xìn) | 收到信 (shōudào xìn) | 一封信 (yì fēng xìn) | 寄信 (jì xìn),我昨天收到了一封信。,Wǒ zuótiān shōudào le yì fēng xìn.,من دیروز یک نامه دریافت کردم.,作“نامه”义时常用量词“封”；“信件”可作为单独词条处理。
394,信,xìn,HSK 3,名、动、语素,2,相信；认为真实、可靠（动）,باور کردن؛ اعتماد کردن؛ درست یا قابل‌اعتماد دانستنِ چیزی یا کسی (فعل),信他的话 (xìn tā de huà) | 不信 (bú xìn) | 信不信 (xìn bu xìn) | 我信你 (wǒ xìn nǐ),他说的话你信吗？,Tā shuō de huà nǐ xìn ma?,حرفی را که او گفت باور می‌کنی؟,口语中常用；“相信”语气更完整，也可作为单独词条处理。
394,信,xìn,HSK 3,名、动、语素,3,信用；诚实可靠；守承诺，多用于构词和固定搭配（名/语素）,"اعتماد؛ اعتبار؛ خوش‌قولی؛ صداقت و قابل‌اعتماد بودن، بیشتر در ترکیب‌ها (اسم/تکواژ)",守信 (shǒuxìn) | 失信 (shīxìn) ,做生意最重要的是守信。,Zuò shēngyì zuì zhòngyào de shì shǒuxìn.,در تجارت مهم‌ترین چیز خوش‌قولی و قابل‌اعتماد بودن است.,多用于构词和固定搭配；“信用、诚信、守信、失信”等可作为单独词条处理。“信息、信号、信物”等里的“信”也和消息、凭证、信号有关，建议另列词条。
395,西南,xīnán,HSK 3,方位词、名,1,介于西和南之间的方向；西南方（方位词/名）,جنوب‌غرب؛ جهت میان غرب و جنوب (اسم جهتی/مکانی),西南方向 (xīnán fāngxiàng) | 往西南走 (wǎng xīnán zǒu) | 西南角 (xīnán jiǎo) | 西南风 (xīnán fēng),医院在学校的西南方向。,Yīyuàn zài xuéxiào de xīnán fāngxiàng.,بیمارستان در جهت جنوب‌غرب مدرسه است.,表示方向时常和“方向、角、风”等搭配。
395,西南,xīnán,HSK 3,方位词、名,2,中国西南部地区；西南地区（名）,جنوب‌غرب چین؛ ناحیهٔ جنوب‌غربی چین (اسم مکان),中国西南 (Zhōngguó xīnán) | 西南地区 (xīnán dìqū) | 西南方言 (xīnán fāngyán) | 去西南旅行 (qù xīnán lǚxíng),云南在中国西南。,Yúnnán zài Zhōngguó xīnán.,یون‌نان در جنوب‌غرب چین است.,作地区名时常指中国西南地区，具体范围需看语境。
396,行,xíng,HSK 3,动、形、名、量、语素,1,可以；能达到要求；表示同意、许可、可行、还不错或有能力（动/形）,می‌شود؛ قابل قبول است؛ جواب می‌دهد؛ بد نیست؛ از عهده برمی‌آید (فعل/صفت),这样行吗（zhèyàng xíng ma）|不行（bù xíng）|还行（hái xíng）|他很行（tā hěn xíng）,这个办法不太行，我们再想想。,"Zhège bànfǎ bú tài xíng, wǒmen zài xiǎngxiang.",این روش خیلی جواب نمی‌دهد؛ دوباره فکر کنیم.,口语很常用；可表示“可以、可接受、有效、有能力”。“还行”表示“بد نیست/قابل قبول است”。
396,行,xíng,HSK 3,动、形、名、量、语素,2,走；移动；通行，多用于书面语、标语或固定表达（动/语素）,"رفتن؛ حرکت کردن؛ عبور کردن، بیشتر در نوشتار، تابلوها، عبارت‌های ثابت یا ترکیب‌ها (فعل/تکواژ)",车辆靠右行（chēliàng kào yòu xíng）|行万里路（xíng wàn lǐ lù）|寸步难行（cùn bù nán xíng）|逆水行舟（nì shuǐ xíng zhōu）,车辆靠右行。,Chēliàng kào yòu xíng.,وسایل نقلیه از سمت راست حرکت می‌کنند.,单独作“走、移动、通行”义时较书面；“行走、步行、通行、行进”等是独立词条，不宜只当作本词搭配。
396,行,xíng,HSK 3,动、形、名、量、语素,3,旅程；某次出行，常用于“……之行”等较书面结构（名/语素）,"سفر؛ این/آن سفر، مخصوصاً در ساختار رسمی‌ترِ «...之行» (اسم/تکواژ)",北京之行（Běijīng zhī xíng）||欧洲之行（Ōuzhōu zhī xíng）|商务之行（shāngwù zhī xíng）|此行（cǐ xíng |）远行（yuǎnxíng）,这次中国之行让我学到了很多。,Zhè cì Zhōngguó zhī xíng ràng wǒ xué dào le hěn duō.,این سفر به چین چیزهای زیادی به من یاد داد.,读 xíng；此义主要见于“……之行、此行、一行人”等较书面或正式表达；日常口语更常说“旅行、这次去……”。
396,行,xíng,HSK 3,动、形、名、量、语素,4,做；实行；从事某种行为，多用于固定词语、书面语或正式表达（动/语素）,"انجام دادن؛ به‌جا آوردن؛ دست زدن به یا مشغول بودن به کاری، بیشتر در واژه‌ها و عبارت‌های ثابت یا بیان رسمی (فعل/تکواژ)",行医（xíng yī）|行善（xíng shàn）|行礼（xíng lǐ）|行骗（xíng piàn）,他年轻时曾在乡下行医。,Tā niánqīng shí céng zài xiāngxià xíng yī.,او در جوانی مدتی در روستا طبابت می‌کرد.,此义现代汉语中一般不单独自由使用，主要见于“行医、行善、行礼、行骗”等固定词语或较正式表达；这些词可按需要单独成词条。
396,行,háng,HSK 3,动、形、名、量、语素,5,排成直线的人、字或物；行列（名/量）,"ردیف؛ خط؛ صف، برای نوشته‌ها، آدم‌ها یا چیزهایی که در یک خط قرار گرفته‌اند (اسم/واحد شمارش)",一行字（yì háng zì）|第一行（dì-yī háng）|排成一行（pái chéng yì háng）|两行眼泪（liǎng háng yǎnlèi）,请把第一行字读一遍。,Qǐng bǎ dì-yī háng zì dú yí biàn.,لطفاً خط اول نوشته را یک بار بخوانید.,读 háng；用于文字、队伍、眼泪等成行排列的东西。
396,行,háng,HSK 3,动、形、名、量、语素,6,行业；职业类别；某一类工作或生意（名/语素）,صنف؛ حوزهٔ کاری؛ رشتهٔ شغلی یا نوعی کسب‌وکار (اسم/تکواژ),各行各业（gè háng gè yè）|同行（tóngháng）|入行（rù háng）|转行（zhuǎn háng）,他入行已经十年了。,Tā rù háng yǐjīng shí nián le.,او ده سال است وارد این حرفه شده است.,读 háng；“行业、同行、入行、转行、各行各业”等可作为单独词条处理。
396,行,háng,HSK 3,动、形、名、量、语素,7,商店、商号或某类营业机构，多用于构词或商号名称（名/语素）,"مغازه؛ مؤسسهٔ تجاری؛ بنگاه یا محل کسب، بیشتر در ترکیب‌ها یا نام‌های تجاری (اسم/تکواژ)",银行（yínháng）|车行（chēháng）|商行（shāngháng）|米行（mǐháng）,他家以前开过一家车行。,Tā jiā yǐqián kāi guo yì jiā chēháng.,خانوادهٔ او قبلاً یک بنگاه/نمایشگاه خودرو داشته‌اند.,读 háng；此义多见于“银行、车行、商行”等词或商号名称。“银行”极常用但应单独成词；“洋行”偏历史用法，不建议作主要例子。
397,行李,xíngli,HSK 3,名,1,出门、旅行时随身带的包、箱子和物品（名）,بار و وسایل سفر؛ چمدان‌ها و وسایلی که در سفر همراه می‌برند (اسم),拿行李 (ná xíngli) | 放行李 (fàng xíngli) | 行李箱 (xínglixiāng) | 托运行李 (tuōyùn xíngli),我的行李很重。,Wǒ de xíngli hěn zhòng.,بار سفرم خیلی سنگین است.,“行李”通常不可数；一件行李、一箱行李可表示具体数量。
398,兴趣,xìngqù,HSK 3,名,1,喜欢、想了解或愿意做某事的心理倾向（名）,علاقه؛ میل و رغبت به شناختن یا انجام دادن کاری (اسم),有兴趣 (yǒu xìngqù) | 对中文感兴趣 (duì Zhōngwén gǎn xìngqù) | 兴趣爱好 (xìngqù àihào) | 培养兴趣 (péiyǎng xìngqù),我对中国文化很感兴趣。,Wǒ duì Zhōngguó wénhuà hěn gǎn xìngqù.,من به فرهنگ چین خیلی علاقه دارم.,常用结构是“对……感兴趣”；“兴趣爱好”指 interests and hobbies。
399,心里,xīnli,HSK 3,名,1,心中；内心；人的思想、感情或想法所在（名）,"در دل؛ در ذهن؛ درونِ انسان، جای فکر و احساس (اسم)",心里想 (xīnli xiǎng) | 心里难过 (xīnli nánguò) | 心里高兴 (xīnli gāoxìng) | 放在心里 (fàng zài xīnli),我心里很高兴，但是没有说出来。,"Wǒ xīnli hěn gāoxìng, dànshì méiyǒu shuō chūlái.","در دلم خیلی خوشحال بودم، اما به زبان نیاوردم.",也写作“心里”；和“心理”不同，“心理”多指 psychology/mental state。
400,新年,xīnnián,HSK 3,名,1,新的一年；一年开始的时候，尤指元旦或春节（名）,"سال نو؛ آغاز سال جدید، به‌ویژه سال نوی میلادی یا عید بهار چین (اسم)",新年快乐 (xīnnián kuàilè) | 过新年 (guò xīnnián) | 新年晚会 (xīnnián wǎnhuì) | 新年礼物 (xīnnián lǐwù),祝你新年快乐！,Zhù nǐ xīnnián kuàilè!,سال نو مبارک!,在中国语境中可指元旦，也可指春节，具体看语境；“春节”可作为单独词条处理。
401,新闻,xīnwén,HSK 3,名,1,报纸、电视、网络等报道的新近发生的事情或消息（名）,"خبر؛ اخبار؛ گزارش رویدادهای تازه در روزنامه، تلویزیون، اینترنت و مانند آن (اسم)",看新闻 (kàn xīnwén) | 新闻报道 (xīnwén bàodào) | 国际新闻 (guójì xīnwén) | 新闻网站 (xīnwén wǎngzhàn),我每天早上看新闻。,Wǒ měitiān zǎoshang kàn xīnwén.,من هر روز صبح اخبار می‌بینم/می‌خوانم.,可指一条 news item，也可泛指 news；“一条新闻”表示 یک خبر.
402,新鲜,xīnxiān,HSK 4,形容词,1,刚生产、刚做成、刚出现；没有变质（形）,تازه؛ نو؛ فاسد نشده (صفت),新鲜水果（xīnxiān shuǐguǒ）|新鲜蔬菜（xīnxiān shūcài）|新鲜空气（xīnxiān kōngqì）|新鲜牛奶（xīnxiān niúnǎi）,这些水果很新鲜，今天早上刚送到。,"Zhèxiē shuǐguǒ hěn xīnxiān, jīntiān zǎoshang gāng sòng dào.","این میوه‌ها خیلی تازه‌اند، همین امروز صبح رسیده‌اند.",
402,新鲜,xīnxiān,HSK 4,形容词,2,新奇、有趣；以前少见或没接触过（形）,تازه و جالب؛ جدید و متفاوت؛ ناآشنا و هیجان‌انگیز (صفت),新鲜事（xīnxiān shì）|觉得新鲜（juéde xīnxiān）|新鲜感（xīnxiāngǎn）|很新鲜（hěn xīnxiān）,第一次坐高铁，他觉得什么都很新鲜。,"Dì yī cì zuò gāotiě, tā juéde shénme dōu hěn xīnxiān.","اولین بار که سوار قطار سریع‌السیر شد، همه چیز برایش تازه و جالب بود.",
403,信用卡,xìnyòngkǎ,HSK 4,名词,1,银行或金融机构发给用户、可以先消费后还款的卡（名）,کارت اعتباری؛ کارتی که با آن اول خرید می‌کنند و بعداً بدهی را می‌پردازند (اسم),办信用卡（bàn xìnyòngkǎ）|刷信用卡（shuā xìnyòngkǎ）|用信用卡付款（yòng xìnyòngkǎ fùkuǎn）|信用卡账单（xìnyòngkǎ zhàngdān）,我可以用信用卡付款吗？,Wǒ kěyǐ yòng xìnyòngkǎ fùkuǎn ma?,می‌توانم با کارت اعتباری پرداخت کنم؟,
404,休假,xiūjià,HSK 4,动词,1,按规定或安排暂时不上班、不上学（动）,مرخصی گرفتن؛ به مرخصی رفتن (فعل),休假一天（xiūjià yì tiān）|休假一周（xiūjià yì zhōu）|申请休假（shēnqǐng xiūjià）|休假回家（xiūjià huí jiā）,她下个月要休假一周。,Tā xià ge yuè yào xiūjià yī zhōu.,او ماه آینده قرار است یک هفته مرخصی بگیرد.,
404,休假,xiūjià,HSK 4,名词,2,不用上班或上学的一段时间；假期（名）,مرخصی؛ تعطیلات کاری یا تحصیلی (اسم),休假期间（xiūjià qījiān）|带薪休假（dàixīn xiūjià）|年休假（niánxiūjià）|休假安排（xiūjià ānpái）,休假期间，他想好好陪家人。,"Xiūjià qījiān, tā xiǎng hǎohāo péi jiārén.","در مدت مرخصی، می‌خواهد حسابی کنار خانواده‌اش باشد.",
405,洗衣机,xǐyījī,HSK 4,名词,1,用来洗衣服的家用电器（名）,ماشین لباس‌شویی (اسم),买洗衣机（mǎi xǐyījī）|用洗衣机（yòng xǐyījī）|洗衣机坏了（xǐyījī huài le）|全自动洗衣机（quánzìdòng xǐyījī）,洗衣机坏了，我们得找人来修。,"Xǐyījī huài le, wǒmen děi zhǎo rén lái xiū.","ماشین لباس‌شویی خراب شده، باید کسی را بیاوریم تعمیرش کند.",
406,洗澡,xǐzǎo,HSK 4,动词,1,清洗身体，通常指淋浴或泡澡（动）,حمام کردن؛ دوش گرفتن (فعل),去洗澡（qù xǐzǎo）|洗个澡（xǐ ge zǎo）|每天洗澡（měitiān xǐzǎo）|洗热水澡（xǐ rèshuǐ zǎo）,运动以后，我想先洗个澡。,"Yùndòng yǐhòu, wǒ xiǎng xiān xǐ ge zǎo.","بعد از ورزش، می‌خواهم اول یک دوش بگیرم.",
407,选,xuǎn,HSK 4,动词,1,从若干人或事物中挑出合适的（动）,انتخاب کردن؛ برگزیدن (فعل),选一个（xuǎn yí ge）|选衣服（xuǎn yīfu）|选学校（xuǎn xuéxiào）|选座位（xuǎn zuòwèi）,你想选哪一个颜色？,Nǐ xiǎng xuǎn nǎ yí ge yánsè?,می‌خواهی کدام رنگ را انتخاب کنی؟,
407,选,xuǎn,HSK 4,动词,2,通过投票等方式推举出来（动）,انتخاب کردن از طریق رأی‌گیری؛ برگزیدن (فعل),选代表（xuǎn dàibiǎo）|选班长（xuǎn bānzhǎng）|选总统（xuǎn zǒngtǒng）|被选上（bèi xuǎn shàng）,大家选她当班长。,Dàjiā xuǎn tā dāng bānzhǎng.,همه او را به‌عنوان نمایندهٔ کلاس انتخاب کردند.,
407,选,xuǎn,HSK 4,名词,3,可供挑选的人或事物；多用于固定结构或书面表达（名）,"گزینه؛ انتخاب؛ موردِ برگزیده، بیشتر در ساختارهای ثابت یا رسمی‌تر (اسم)",最佳之选（zuìjiā zhī xuǎn）|首选（shǒuxuǎn）|别无他选（bié wú tā xuǎn）|唯一之选（wéiyī zhī xuǎn）,对很多年轻人来说，大城市仍然是就业的首选。,"Duì hěn duō niánqīngrén lái shuō, dà chéngshì réngrán shì jiùyè de shǒuxuǎn.","برای خیلی از جوان‌ها، شهرهای بزرگ هنوز اولین انتخاب برای کار هستند.",“选”单独作名词不太自由，常见于“首选、之选、别无他选”等结构；日常口语一般说“选择”或“选项”。
407,选,xuǎn,HSK 4,语素,4,挑选出来的作品、文章或内容；选本、选集（语素）,"گزیده؛ منتخب؛ گلچین، بیشتر برای مجموعه‌ای از متن‌ها، شعرها یا آثار انتخاب‌شده (تکواژ)",文选（wénxuǎn）|诗选（shīxuǎn）|民歌选（míngē xuǎn）|作品选（zuòpǐn xuǎn）,这本诗选收了很多现代诗人的作品。,Zhè běn shīxuǎn shōu le hěn duō xiàndài shīrén de zuòpǐn.,"این گزیدهٔ شعر، آثار بسیاری از شاعران معاصر را در خود آورده است.",此义主要用于构词，表示“选出来的作品/内容”；“文选、诗选、民歌选、作品选、选集、选本”等可作为独立词条处理。
408,选择,xuǎnzé,HSK 4,动词,1,从若干人或事物中挑选；作出决定（动）,انتخاب کردن؛ تصمیم گرفتن بین چند گزینه (فعل),选择学校（xuǎnzé xuéxiào）|选择工作（xuǎnzé gōngzuò）|选择机会（xuǎnzé jīhuì）|选择离开（xuǎnzé líkāi）,她选择留在北京工作。,Tā xuǎnzé liú zài Běijīng gōngzuò.,او انتخاب کرد که در پکن بماند و کار کند.,
408,选择,xuǎnzé,HSK 4,名词,2,可挑选的人或事物；作出的决定（名）,انتخاب؛ گزینه؛ تصمیم (اسم),一个选择（yí ge xuǎnzé）|正确的选择（zhèngquè de xuǎnzé）|没有选择（méiyǒu xuǎnzé）|做出选择（zuòchū xuǎnzé）,这是一个很难的选择。,Zhè shì yí ge hěn nán de xuǎnzé.,این یک انتخاب خیلی سخت است.,
409,学期,xuéqī,HSK 4,名词,1,学校一学年的分段，通常分为上学期和下学期（名）,ترم؛ نیم‌سال تحصیلی (اسم),这个学期（zhè ge xuéqī）|下个学期（xià ge xuéqī）|新学期（xīn xuéqī）|学期末（xuéqī mò）,这个学期我们有五门课。,Zhè ge xuéqī wǒmen yǒu wǔ mén kè.,این ترم ما پنج درس داریم.,
410,需要,xūyào,HSK 4,动词,1,应该有或必须有；必须做某事（动）,نیاز داشتن؛ لازم داشتن؛ لازم بودن (فعل),需要帮助（xūyào bāngzhù）|需要时间（xūyào shíjiān）|需要休息（xūyào xiūxi）|需要准备（xūyào zhǔnbèi）,你需要帮忙吗？,Nǐ xūyào bāngmáng ma?,کمک لازم داری؟,
410,需要,xūyào,HSK 4,名词,2,对某种事物的要求或需求（名）,نیاز؛ احتیاج؛ خواسته (اسم),满足需要（mǎnzú xūyào）|生活需要（shēnghuó xūyào）|工作需要（gōngzuò xūyào）|实际需要（shíjì xūyào）,我们会根据客户的需要修改方案。,Wǒmen huì gēnjù kèhù de xūyào xiūgǎi fāng’àn.,ما طرح را بر اساس نیاز مشتری اصلاح می‌کنیم.,
411,牙,yá,HSK 4,名词,1,牙齿；人或动物口腔中用来咀嚼食物的硬组织（名）,دندان (اسم),刷牙（shuā yá）|牙疼（yá téng）|看牙医（kàn yáyī）|一颗牙（yì kē yá）,我今天牙疼，想去看牙医。,"Wǒ jīntiān yá téng, xiǎng qù kàn yáyī.",امروز دندانم درد می‌کند و می‌خواهم بروم دندان‌پزشک.,
411,牙,yá,HSK 4,语素,2,像牙齿一样的尖状或齿状部分（语素）,دندانه؛ بخش دندانه‌دار یا شبیه دندان (تکواژ),锯牙（jù yá）|梳子牙（shūzi yá）|齿轮上的牙（chǐlún shàng de yá）,这把锯的牙已经磨平了。,Zhè bǎ jù de yá yǐjīng mó píng le.,دندانه‌های این اره دیگر ساییده و صاف شده‌اند.,此义多用于口语化地说器物上的齿状部分；更正式或技术表达常用“齿”，如“锯齿、齿轮齿”。“牙轮、牙口”等不建议放在此义的常用搭配中。
412,羊,yáng,HSK 4,名词,1,一种常见的家畜，身上有毛，常被饲养来产肉、奶或毛；也可泛指羊类动物（名）,گوسفند؛ در بعضی ترکیب‌ها به‌طور کلی حیوانات خانوادهٔ گوسفند/بز مثل بز و قوچ را هم دربر می‌گیرد (اسم),一只羊（yì zhī yáng）|养羊（yǎng yáng）|羊肉（yángròu）|羊毛（yángmáo）,山上有很多羊。,Shān shàng yǒu hěn duō yáng.,روی کوه گوسفندهای زیادی هست.,“羊肉、羊毛、山羊、绵羊、羊皮”等可作为独立词条；本词不必单独列“与羊有关”的语素义。
413,养,yǎng,HSK 4,动词,1,饲养动物或种养植物，使其生长（动）,پرورش دادن؛ نگهداری کردن از حیوان یا گیاه (فعل),养猫（yǎng māo）|养狗（yǎng gǒu）|养鱼（yǎng yú）|养花（yǎng huā）,我小时候家里养过一只狗。,Wǒ xiǎoshíhou jiā li yǎng guo yì zhī gǒu.,"وقتی بچه بودم، خانه‌مان یک سگ نگه می‌داشت.",
413,养,yǎng,HSK 4,动词,2,抚养、供养人；提供生活所需（动）,بزرگ کردن؛ خرجی دادن؛ تأمین معاش کردن (فعل),养孩子（yǎng háizi）|养家（yǎng jiā）|养父母（yǎng fùmǔ）|养活一家人（yǎnghuo yì jiā rén）,他一个人工作，要养三个孩子。,"Tā yí ge rén gōngzuò, yào yǎng sān ge háizi.",او تنها کار می‌کند و باید خرج سه بچه را بدهد.,
413,养,yǎng,HSK 4,动词,3,使身体、精神或状态得到休息和恢复（动）,استراحت دادن و تقویت کردن؛ بهبود دادن/بهبود یافتن از راه مراقبت (فعل),养病（yǎng bìng）|养伤（yǎng shāng）|养身体（yǎng shēntǐ）|好好养一养（hǎohāo yǎng yi yǎng）,医生让她在家好好养病。,Yīshēng ràng tā zài jiā hǎohāo yǎng bìng.,دکتر از او خواست در خانه خوب استراحت کند و دورهٔ بیماری را بگذراند.,
413,养,yǎng,HSK 4,动词,4,逐渐形成习惯、性格或状态（动）,به‌تدریج شکل دادن؛ عادت یا حالت خاصی پیدا کردن (فعل),养成习惯（yǎngchéng xíguàn）|养成好习惯（yǎngchéng hǎo xíguàn）|养出毛病（yǎng chū máobìng）|养懒了（yǎng lǎn le）,他从小就养成了早起的习惯。,Tā cóng xiǎo jiù yǎngchéng le zǎoqǐ de xíguàn.,او از بچگی عادت سحرخیزی را در خود شکل داده است.,
414,要求,yāoqiú,HSK 4,动词,1,提出希望或条件，请别人做到（动）,درخواست کردن؛ خواستن؛ شرط یا توقعی مطرح کردن (فعل),要求帮助（yāoqiú bāngzhù）|要求退款（yāoqiú tuìkuǎn）|要求对方道歉（yāoqiú duìfāng dàoqiàn）|严格要求（yángé yāoqiú）,老师要求我们明天交作业。,Lǎoshī yāoqiú wǒmen míngtiān jiāo zuòyè.,معلم از ما خواسته فردا تکلیف را تحویل بدهیم.,
414,要求,yāoqiú,HSK 4,名词,2,提出的条件、标准或需要达到的内容（名）,درخواست؛ شرط؛ الزام؛ معیار مورد انتظار (اسم),基本要求（jīběn yāoqiú）|工作要求（gōngzuò yāoqiú）|达到要求（dádào yāoqiú）|符合要求（fúhé yāoqiú）,这个工作对中文水平有要求。,Zhè ge gōngzuò duì Zhōngwén shuǐpíng yǒu yāoqiú.,این کار برای سطح زبان چینی الزام/شرط دارد.,
415,牙刷,yáshuā,HSK 4,名词,1,刷牙用的小刷子（名）,مسواک (اسم),一把牙刷（yì bǎ yáshuā）|换牙刷（huàn yáshuā）|电动牙刷（diàndòng yáshuā）|牙刷毛（yáshuā máo）,我忘了带牙刷。,Wǒ wàng le dài yáshuā.,یادم رفت مسواک بیاورم.,
416,页,yè,HSK 4,名词、量词,1,书、文件、纸张等的一面或一张；也可作量词表示页数（名/量）,صفحه؛ برگ؛ واحد شمارش برای صفحه (اسم/واحد شمارش),一页纸（yì yè zhǐ）|第一页（dì-yī yè）|翻到下一页（fān dào xià yí yè）,请打开书的第十页。,Qǐng dǎkāi shū de dì-shí yè.,لطفاً صفحهٔ دهم کتاب را باز کنید.,名词和量词用法意义接近，不必拆成两个义项；“网页、页面、页码、首页”等可作为独立词条。
417,一般,yìbān,HSK 3,形容词,1,普通、通常；不特殊（形）,معمولی؛ عادی؛ عمومی؛ نه خاص (صفت),一般情况（yìbān qíngkuàng）|一般人（yìbān rén）|一般水平（yìbān shuǐpíng）|一般规律（yìbān guīlǜ）,一般情况下，他七点下班。,"Yìbān qíngkuàng xià, tā qī diǎn xiàbān.","در حالت معمول، او ساعت هفت از کار تعطیل می‌شود.",表示“普通、通常、不特殊”；“一般情况、一般人、一般规律”等偏客观描述。
417,一般,yìbān,HSK 3,形容词,2,不太好也不太差；普通、马马虎虎（形）,متوسط؛ معمولی؛ نه خیلی خوب نه خیلی بد (صفت),感觉一般（gǎnjué yìbān）|味道一般（wèidao yìbān）|成绩一般（chéngjì yìbān）|表现一般（biǎoxiàn yìbān）,这家店的菜味道一般。,Zhè jiā diàn de cài wèidao yìbān.,غذای این رستوران معمولی است.,口语常用；常带轻微“不太满意”的语气。
417,一般,yìbān,HSK 3,副词,3,通常；大多如此；从整体情况来看（副）,معمولاً؛ به طور کلی؛ در حالت کلی (قید),一般来说（yìbān lái shuō）|一般不会（yìbān bú huì）|一般都（yìbān dōu）|一般要（yìbān yào）,一般来说，周末这里人比较多。,"Yìbān lái shuō, zhōumò zhèli rén bǐjiào duō.","به طور کلی، آخر هفته‌ها اینجا آدم بیشتر است.",“一般来说”很常用，表示从通常情况或整体情况判断。
417,一般,yìbān,HSK 3,助词、形容词,4,像、如同；用于比喻或比较，常放在名词、动词短语后（助/形）,"مانند؛ همچون؛ مثل، بیشتر در تشبیه و بیان نسبتاً ادبی (حرف/صفت)",梦一般的生活（mèng yìbān de shēnghuó）|飞一般快（fēi yìbān kuài）|火一般热情（huǒ yìbān rèqíng）|诗一般美（shī yìbān měi）,他跑得飞一般快。,Tā pǎo de fēi yìbān kuài.,"او مثل پرواز، خیلی سریع می‌دوید.",较书面或带比喻色彩；口语更常说“像……一样”。这里的“一般”主要表示“像/如同”，不宜直接理解为“完全相同”。
418,一边,yìbiān,HSK 3,名词,1,一个方向、一个侧面或某一方；也可表示旁边、边上（名）,یک طرف؛ یک سمت؛ کنار؛ گوشه‌ای از یک جا (اسم),路的一边（lù de yìbiān）|站在一边（zhàn zài yìbiān）|放到一边（fàng dào yìbiān）|另一边（lìng yìbiān）,请把椅子放到一边去。,Qǐng bǎ yǐzi fàng dào yìbiān qù.,لطفاً صندلی را بگذار یک طرف/ببر کنار.,“一边”表示位置时可译为“یک طرف/یک سمت/کنار”；“放到一边”常表示把东西挪到旁边或暂时搁置。
418,一边,yìbiān,HSK 3,连词结构,2,表示两个动作同时进行；常用“一边……一边……”（连词结构）,در حالی که؛ هم‌زمان که؛ ساختار «هم ... هم ...» (ساختار ربطی),一边走一边说（yìbiān zǒu yìbiān shuō）|一边吃一边看（yìbiān chī yìbiān kàn）|一边听一边写（yìbiān tīng yìbiān xiě）|一边工作一边学习（yìbiān gōngzuò yìbiān xuéxí）,他一边做饭，一边听音乐。,"Tā yìbiān zuò fàn, yìbiān tīng yīnyuè.","او در حالی که غذا درست می‌کرد، موسیقی گوش می‌داد.",
419,一定,yídìng,HSK 2,形容词,1,固定的、特定的、明确的；用于数量、条件、范围、标准、场合等（形）,معین؛ مشخص؛ خاص؛ از پیش تعیین‌شده یا در شرایط/حدود مشخص (صفت),一定数量（yídìng shùliàng）|一定标准（yídìng biāozhǔn）|一定条件（yídìng tiáojiàn）|一定范围内（yídìng fànwéi nèi）,每个月都有一定的生产指标。,Měi ge yuè dōu yǒu yídìng de shēngchǎn zhǐbiāo.,هر ماه یک شاخص/هدف تولید مشخص وجود دارد.,此义可表示“规定好的、明确的”或“特定条件/范围内的”；为了学习清楚，不必拆成两个义项。
419,一定,yídìng,HSK 2,副词,2,表示肯定、确定或强烈要求；必然、务必（副）,حتماً؛ قطعاً؛ حتماً باید؛ بی‌شک (قید),一定会来（yídìng huì lái）|一定要达到（yídìng yào dádào）|一定能做到（yídìng néng zuòdào）|一定没问题（yídìng méi wèntí）,我们的目的一定要达到。,Wǒmen de mùdì yídìng yào dádào.,ما حتماً باید به هدفمان برسیم.,作副词时可表示“قطعاً/حتماً”；和“要、得、必须”连用时有“حتماً باید/务必”的语气。
419,一定,yídìng,HSK 2,形容词,3,达到某种程度；有相当程度，常表示已经不低或还不错（形）,تا حدی؛ به میزان قابل توجه؛ در سطحی قابل قبول/نسبتاً خوب (صفت),一定水平（yídìng shuǐpíng）|一定基础（yídìng jīchǔ）|一定影响（yídìng yǐngxiǎng）|一定帮助（yídìng bāngzhù）,他的中文已经达到了一定的水平。,Tā de Zhōngwén yǐjīng dádào le yídìng de shuǐpíng.,سطح چینی او حالا به حد قابل قبولی رسیده است.,此义常表示“不是很低/有相当程度”；“达到一定水平”通常可译为“به سطح قابل قبول/نسبتاً خوبی رسیدن”。
420,一共,yígòng,HSK 2,副词,1,合在一起计算；总共（副）,در مجموع؛ جمعاً؛ روی‌هم‌رفته (قید),一共三个人（yígòng sān ge rén）|一共多少钱（yígòng duōshao qián）|一共十页（yígòng shí yè）,这些东西一共多少钱？,Zhèxiē dōngxi yígòng duōshao qián?,این چیزها در مجموع چقدر می‌شود؟,
421,以后,yǐhòu,HSK 2,名词、方位词,1,某个时间或事件之后；常放在时间词或动词短语后（名/方位词）,بعد از؛ پس از؛ زمانِ بعد از یک اتفاق یا زمان مشخص (اسم/واژهٔ مکانی-زمانی),下课以后（xiàkè yǐhòu）|毕业以后（bìyè yǐhòu）|吃饭以后（chī fàn yǐhòu）|很久以后（hěn jiǔ yǐhòu）,下课以后，我们一起去吃饭吧。,"Xiàkè yǐhòu, wǒmen yìqǐ qù chī fàn ba.","بعد از کلاس، با هم برویم غذا بخوریم.",用于“时间/事件 + 以后”，表示某个时间点之后；也可说“以后 + 句子”，但为了学习清楚，本义主要看作“بعد از ...”。
421,以后,yǐhòu,HSK 2,副词、名词,2,从现在起往后的时间；将来、今后、后来（副/名）,از این به بعد؛ بعداً؛ در آینده؛ بعدها (قید/اسم),以后再说（yǐhòu zài shuō）|以后注意（yǐhòu zhùyì）|以后别这样（yǐhòu bié zhèyàng）|以后有机会（yǐhòu yǒu jīhuì）,以后有问题，你可以直接问我。,"Yǐhòu yǒu wèntí, nǐ kěyǐ zhíjiē wèn wǒ.","از این به بعد اگر سؤالی داشتی، می‌توانی مستقیم از من بپرسی.",单独用或放在句首时，多表示“今后/将来/بعداً”。“以后再说”是常用口语，意思是“بعداً درباره‌اش حرف می‌زنیم/فعلاً نه”。
422,一块儿,yíkuàir,HSK 3,副词,1,在同一个地方或同一时间；一起（副）,با هم؛ همراه هم؛ با یکدیگر (قید),一块儿去（yíkuàir qù）|一块儿吃饭（yíkuàir chī fàn）|一块儿学习（yíkuàir xuéxí）|一块儿玩儿（yíkuàir wánr）,我们一块儿去吃饭吧。,Wǒmen yíkuàir qù chī fàn ba.,بیا با هم برویم غذا بخوریم.,口语常用；也写作“一块儿”，北方口语色彩较明显；普通话中也常说“一起”。
422,一块儿,yíkuàir,HSK 3,名词,2,同一个地方；一起的一处（名）,یک جا؛ یک محل؛ کنار هم (اسم),坐在一块儿（zuò zài yíkuàir）|放在一块儿（fàng zài yíkuàir）|堆在一块儿（duī zài yíkuàir）|合在一块儿（hé zài yíkuàir）,他们俩总是坐在一块儿。,Tāmen liǎ zǒng shì zuò zài yíkuàir.,آن دو همیشه کنار هم می‌نشینند.,此义口语化，表示“在一起/在同一处”；书面语常说“一起、一处、同处”。
423,应该,yīnggāi,HSK 2,助动词,1,表示按道理、责任或情况需要这样做；应当（助动词）,باید؛ لازم است؛ شایسته است (فعل کمکی),应该去（yīnggāi qù）|应该注意（yīnggāi zhùyì）|应该帮助他（yīnggāi bāngzhù tā）|不应该这样（bù yīnggāi zhèyàng）,你生病了，应该早点休息。,"Nǐ shēngbìng le, yīnggāi zǎodiǎn xiūxi.","مریض شده‌ای، باید زودتر استراحت کنی.",
423,应该,yīnggāi,HSK 2,副词,2,表示根据情况推测，很可能如此（副）,احتمالاً؛ باید این‌طور باشد؛ به احتمال زیاد (قید),应该没问题（yīnggāi méi wèntí）|应该会来（yīnggāi huì lái）|应该是他（yīnggāi shì tā）|应该快到了（yīnggāi kuài dào le）,他现在应该已经到家了。,Tā xiànzài yīnggāi yǐjīng dào jiā le.,او الان احتمالاً دیگر به خانه رسیده است.,表示推测时不等于“必须”；语气比“一定”弱。
424,影响,yǐngxiǎng,HSK 4,动词,1,对人、事物或情况产生作用，使其发生变化（动）,تأثیر گذاشتن؛ اثر گذاشتن (فعل),影响健康（yǐngxiǎng jiànkāng）|影响工作（yǐngxiǎng gōngzuò）|影响心情（yǐngxiǎng xīnqíng）|影响结果（yǐngxiǎng jiéguǒ）,天气不好会影响我们的计划。,Tiānqì bù hǎo huì yǐngxiǎng wǒmen de jìhuà.,بدیِ هوا روی برنامهٔ ما تأثیر می‌گذارد.,
424,影响,yǐngxiǎng,HSK 4,名词,2,产生的作用或结果；对人或事物造成的改变（名）,تأثیر؛ اثر؛ پیامد (اسم),很大影响（hěn dà yǐngxiǎng）|积极影响（jījí yǐngxiǎng）|负面影响（fùmiàn yǐngxiǎng）|产生影响（chǎnshēng yǐngxiǎng）,这件事对他产生了很大的影响。,Zhè jiàn shì duì tā chǎnshēng le hěn dà de yǐngxiǎng.,این موضوع تأثیر زیادی روی او گذاشت.,
425,银行,yínháng,HSK 2,名词,1,办理存钱、取钱、贷款、转账等金融业务的机构（名）,بانک؛ مؤسسهٔ مالی (اسم),去银行（qù yínháng）|银行账户（yínháng zhànghù）|银行职员（yínháng zhíyuán）|中国银行（Zhōngguó Yínháng）,我下午要去银行取钱。,Wǒ xiàwǔ yào qù yínháng qǔ qián.,بعدازظهر باید بروم بانک پول بگیرم.,
426,银行卡,yínhángkǎ,HSK 3,名词,1,银行发给客户、可用于取钱、存钱、转账或付款的卡（名）,کارت بانکی؛ کارت حساب بانکی (اسم),办银行卡（bàn yínhángkǎ）|刷银行卡（shuā yínhángkǎ）|银行卡号（yínhángkǎ hào）|银行卡丢了（yínhángkǎ diū le）,我的银行卡丢了，得马上挂失。,"Wǒ de yínhángkǎ diū le, děi mǎshàng guàshī.",کارت بانکی‌ام گم شده و باید فوراً مسدودش کنم.,“银行卡”泛指银行发行的卡，可包括借记卡、储蓄卡等；“信用卡”应作为独立词条。
427,饮料,yǐnliào,HSK 3,名词,1,可以喝的加工饮品，通常不包括普通白水（名）,"نوشیدنی؛ نوشابه/آشامیدنی آماده، معمولاً غیر از آب ساده (اسم)",买饮料（mǎi yǐnliào）|喝饮料（hē yǐnliào）|冰饮料（bīng yǐnliào）|碳酸饮料（tànsuān yǐnliào）,你想喝什么饮料？,Nǐ xiǎng hē shénme yǐnliào?,چه نوشیدنی‌ای می‌خواهی بخوری؟,
428,音乐,yīnyuè,HSK 2,名词,1,由声音、节奏和旋律组成的艺术形式或作品（名）,موسیقی؛ آهنگ (اسم),听音乐（tīng yīnyuè）|古典音乐（gǔdiǎn yīnyuè）|流行音乐（liúxíng yīnyuè）|音乐会（yīnyuèhuì）,我喜欢一边工作一边听音乐。,Wǒ xǐhuan yìbiān gōngzuò yìbiān tīng yīnyuè.,دوست دارم هنگام کار موسیقی گوش بدهم.,“音乐会”是常用独立词条，意为“کنسرت”。
429,以前,yǐqián,HSK 2,名词、方位词,1,某个时间或事件之前；常放在时间词或动词短语后（名/方位词）,قبل از؛ پیش از؛ زمانِ قبل از یک اتفاق یا زمان مشخص (اسم/واژهٔ مکانی-زمانی),上课以前（shàngkè yǐqián）|睡觉以前（shuìjiào yǐqián）|三点以前（sān diǎn yǐqián）|毕业以前（bìyè yǐqián）,睡觉以前，别喝太多水。,"Shuìjiào yǐqián, bié hē tài duō shuǐ.","قبل از خواب، زیاد آب نخور.",用于“时间/事件 + 以前”，表示某个时间点之前；和“以后”相反。
429,以前,yǐqián,HSK 2,名词、副词,2,过去；从前；现在以前的时间（名/副）,قبلاً؛ گذشته؛ پیش‌تر؛ زمان‌های قبل (اسم/قید),以前住在这儿（yǐqián zhù zài zhèr）|以前学过（yǐqián xué guo）|很久以前（hěn jiǔ yǐqián）|以前的朋友（yǐqián de péngyou）,我以前学过一点儿中文。,Wǒ yǐqián xué guo yìdiǎnr Zhōngwén.,من قبلاً کمی چینی خوانده‌ام.,单独用或放在句首时，多表示“قبلاً/در گذشته”。
430,以上,yǐshàng,HSK 3,名词、方位词,1,在某个数量、程度、位置或等级之上；包括所说的数字时常译为“به بالا/یا بیشتر”（名/方位词）,بالاتر از؛ بیش از؛ ... و بالاتر؛ ... یا بیشتر (اسم/واژهٔ مکانی-زمانی),十岁以上（shí suì yǐshàng）|三个人以上（sān ge rén yǐshàng）|大学以上学历（dàxué yǐshàng xuélì）|平均水平以上（píngjūn shuǐpíng yǐshàng）,十八岁以上的人可以报名。,Shíbā suì yǐshàng de rén kěyǐ bàomíng.,افراد هجده‌ساله و بالاتر می‌توانند ثبت‌نام کنند.,现代汉语中常包含前面的数值，如“十八岁以上”通常包括十八岁；若需严格排除，应说“超过十八岁”。
430,以上,yǐshàng,HSK 3,名词,2,前面所说的内容；上文所述（名）,موارد بالا؛ آنچه گفته شد؛ مطالب فوق (اسم),以上内容（yǐshàng nèiróng）|以上情况（yǐshàng qíngkuàng）|以上几点（yǐshàng jǐ diǎn）|以上就是（yǐshàng jiùshì）,以上就是我的建议。,Yǐshàng jiùshì wǒ de jiànyì.,موارد بالا پیشنهادهای من است.,常用于书面语、报告、总结或说明结尾。
431,以外,yǐwài,HSK 3,名词、方位词,1,在某个范围、地点、时间或对象之外（名/方位词）,"بیرون از؛ خارج از؛ بیرونِ یک محدوده، زمان، مکان یا گروه (اسم/واژهٔ مکانی-زمانی)",工作时间以外（gōngzuò shíjiān yǐwài）|范围以外（fànwéi yǐwài）|学校以外（xuéxiào yǐwài）|三公里以外（sān gōnglǐ yǐwài）,工作时间以外，请不要给他打电话。,"Gōngzuò shíjiān yǐwài, qǐng bú yào gěi tā dǎ diànhuà.","خارج از ساعت کاری، لطفاً به او زنگ نزنید.",表示在某个范围、时间、地点或对象之外；口语中表示地点时也常说“外面”，如“教室外面”。
431,以外,yǐwài,HSK 3,方位词,2,除了某人或某事物之外；表示排除或追加范围（方位词）,"غیر از؛ به‌جز؛ علاوه برِ چیزی، بسته به ساختار جمله (واژهٔ مکانی-زمانی)",除了中文以外（chúle Zhōngwén yǐwài）|除了他以外（chúle tā yǐwài）|除此以外（chú cǐ yǐwài）|除了工作以外（chúle gōngzuò yǐwài）,除了中文以外，她还会说英文。,"Chúle Zhōngwén yǐwài, tā hái huì shuō Yīngwén.","غیر از چینی، او انگلیسی هم بلد است.","“除了……以外”既可表示排除，也可表示追加；有“还、也”时常表示“علاوه بر”،如“除了中文以外，还会英文”。"
432,以为,yǐwéi,HSK 3,动词,1,认为某情况是真的，但常常后来发现不对（动）,"فکر کردن؛ گمان کردن، معمولاً وقتی بعداً معلوم می‌شود اشتباه بوده (فعل)",以为是你（yǐwéi shì nǐ）|以为没事（yǐwéi méi shì）|我还以为（wǒ hái yǐwéi）|以为自己错了（yǐwéi zìjǐ cuò le）,我以为今天是星期五。,Wǒ yǐwéi jīntiān shì xīngqīwǔ.,فکر می‌کردم امروز جمعه است.,常表示“误以为/原来以为”；如果只是中性地“认为”，也可用“认为、觉得”。
433,以下,yǐxià,HSK 3,名词、方位词,1,在某个数量、程度、位置或等级之下；通常包括所说的数字（名/方位词）,کمتر از؛ پایین‌تر از؛ ... و کمتر؛ ... یا کمتر (اسم/واژهٔ مکانی-زمانی),十岁以下（shí suì yǐxià）|三个人以下（sān ge rén yǐxià）|平均水平以下（píngjūn shuǐpíng yǐxià）|本科以下学历（běnkē yǐxià xuélì）,十二岁以下的儿童可以免费进入。,Shí’èr suì yǐxià de értóng kěyǐ miǎnfèi jìnrù.,کودکان دوازده‌ساله و کمتر می‌توانند رایگان وارد شوند.,现代汉语中常包含前面的数值，如“十二岁以下”通常包括十二岁；若需严格排除，应说“低于十二岁”。
433,以下,yǐxià,HSK 3,名词,2,后面将要说的内容；下文所列（名）,موارد زیر؛ مطالب زیر؛ آنچه در ادامه می‌آید (اسم),以下内容（yǐxià nèiróng）|以下几点（yǐxià jǐ diǎn）|以下问题（yǐxià wèntí）|以下是（yǐxià shì）,以下是今天会议的主要内容。,Yǐxià shì jīntiān huìyì de zhǔyào nèiróng.,مطالب زیر محتوای اصلی جلسهٔ امروز است.,常用于书面语、通知、说明或报告开头；和“以上”相对。
434,一样,yíyàng,HSK 2,形容词,1,相同；没有差别（形）,یکسان؛ مثل هم؛ همانند (صفت),一样大（yíyàng dà）|一样高（yíyàng gāo）|不一样（bù yíyàng）|和以前一样（hé yǐqián yíyàng）,他们俩一样高。,Tāmen liǎ yíyàng gāo.,آن دو هم‌قدند.,
434,一样,yíyàng,HSK 2,助词结构,2,像……那样；用于比较或比喻（助词结构）,مثلِ؛ مانندِ؛ همان‌طور که (ساختار کمکی),像孩子一样（xiàng háizi yíyàng）|和你一样（hé nǐ yíyàng）|像以前一样（xiàng yǐqián yíyàng）|跟他说的一样（gēn tā shuō de yíyàng）,她像孩子一样开心。,Tā xiàng háizi yíyàng kāixīn.,او مثل بچه‌ها خوشحال بود.,常用于“像/跟/和……一样”；比“一般”更口语、更常用。
435,一直,yìzhí,HSK 2,副词,1,表示动作或状态持续不变（副）,پیوسته؛ همیشه؛ مدام؛ همچنان (قید),一直等（yìzhí děng）|一直下雨（yìzhí xià yǔ）|一直很忙（yìzhí hěn máng）|一直没变（yìzhí méi biàn）,他一直在等你的电话。,Tā yìzhí zài děng nǐ de diànhuà.,او مدام منتظر تماس تو بوده است.,
435,一直,yìzhí,HSK 2,副词,2,从某处直接到另一处；沿着一个方向不变（副）,مستقیم؛ یک‌راست؛ بدون تغییر مسیر (قید),一直走（yìzhí zǒu）|一直往前走（yìzhí wǎng qián zǒu）|一直到门口（yìzhí dào ménkǒu）|一直向北（yìzhí xiàng běi）,你一直往前走，就能看到地铁站。,"Nǐ yìzhí wǎng qián zǒu, jiù néng kàndào dìtiězhàn.","مستقیم برو جلو، ایستگاه مترو را می‌بینی.",
436,用,yòng,HSK 1,动词,1,使用；拿某物来做事（动）,استفاده کردن؛ به کار بردن (فعل),用手机（yòng shǒujī）|用电脑（yòng diànnǎo）|用筷子（yòng kuàizi）|用中文说（yòng Zhōngwén shuō）,我可以用一下你的笔吗？,Wǒ kěyǐ yòng yíxià nǐ de bǐ ma?,می‌توانم کمی از خودکارت استفاده کنم؟,
436,用,yòng,HSK 1,动词,2,需要、消耗时间、钱或力气（动）,لازم داشتن؛ مصرف کردن؛ وقت/پول/نیرو بردن (فعل),用时间（yòng shíjiān）|用多少钱（yòng duōshao qián）|用了三天（yòng le sān tiān）|不用太久（bú yòng tài jiǔ）,做这个菜要用二十分钟。,Zuò zhè ge cài yào yòng èrshí fēnzhōng.,درست کردن این غذا بیست دقیقه وقت می‌برد.,
436,用,yòng,HSK 1,名词、语素,3,用途、作用、用处；常见于“有用、没用、有什么用”等结构（名/语素）,کاربرد؛ فایده؛ به‌دردخوری؛ استفاده (اسم/تکواژ),有用（yǒu yòng）|没用（méi yòng）|有什么用（yǒu shénme yòng）|没有用（méiyǒu yòng）,你现在说这些有什么用？,Nǐ xiànzài shuō zhèxiē yǒu shénme yòng?,الان گفتن این حرف‌ها چه فایده‌ای دارد؟,“有用、没用、有什么用”很常用；“用处、用途”是独立词条，可单独处理。
437,又,yòu,HSK 1,副词,1,表示动作或情况重复发生；再一次（副）,دوباره؛ باز هم؛ یک بار دیگر (قید),又来了（yòu lái le）|又下雨了（yòu xià yǔ le）|又忘了（yòu wàng le）|又迟到了（yòu chídào le）,他又迟到了。,Tā yòu chídào le.,او دوباره دیر کرد.,表示同类动作或情况再次发生；常带“باز هم/دوباره”的语气。
437,又,yòu,HSK 1,副词,2,表示同时具有几种性质或情况；常用“又……又……”（副）,هم ... هم ...؛ هم‌زمان دارای چند ویژگی (قید),又高又瘦（yòu gāo yòu shòu）|又便宜又好（yòu piányi yòu hǎo）|又累又饿（yòu lèi yòu è）|又快又方便（yòu kuài yòu fāngbiàn）,这个方法又快又简单。,Zhè ge fāngfǎ yòu kuài yòu jiǎndān.,این روش هم سریع است هم ساده.,常用结构“又……又……”，连接两个并列的性质、状态或动作。
437,又,yòu,HSK 1,副词,3,表示补充、追加；还有、另外（副）,"علاوه بر این؛ همچنین؛ باز هم، برای افزودن نکته‌ای دیگر (قید)",又买了一个（yòu mǎi le yí ge）|又加了一句（yòu jiā le yí jù）|又发现一个问题（yòu fāxiàn yí ge wèntí）|又多了一个人（yòu duō le yí ge rén）,他买了水果，又买了一些牛奶。,"Tā mǎi le shuǐguǒ, yòu mǎi le yìxiē niúnǎi.",او میوه خرید و علاوه بر آن کمی شیر هم خرید.,"和 sense 1 接近，但重点不是“تکرار”،而是“اضافه شدن/افزودن یک项”。"
437,又,yòu,HSK 1,副词,4,表示转折或两方面情况同时存在；可是、但又（副）,اما؛ از طرفی؛ در عین حال (قید),想去又怕累（xiǎng qù yòu pà lèi）|喜欢又不敢说（xǐhuan yòu bù gǎn shuō）|便宜又不好用（piányi yòu bù hǎo yòng）|想买又太贵（xiǎng mǎi yòu tài guì）,我想去，又有点儿担心。,"Wǒ xiǎng qù, yòu yǒudiǎnr dānxīn.","می‌خواهم بروم، اما از طرفی کمی نگرانم.",表示两种想法、情况或感受同时存在，后半句常带转折感。
437,又,yòu,HSK 1,副词,5,用于否定或反问，强调理由不成立或事情并非如此（副）,که ... نیست؛ مگر ...؟؛ برای تأکید در رد کردن یا اعتراض (قید),又不是（yòu bú shì）|又没说（yòu méi shuō）|又不能（yòu bù néng）|又不难（yòu bù nán）,这又不是你的错。,Zhè yòu bú shì nǐ de cuò.,این که تقصیر تو نیست.,口语常用；常用于解释、反驳、安慰或轻微抱怨，如“又不是我说的”“这又不难”。
438,有关,yǒuguān,HSK 4,动词、形容词,1,和某人或某事有关系；涉及某人或某事（动/形）,مربوط بودن؛ ربط داشتن؛ ارتباط داشتن با چیزی یا کسی (فعل/صفت),和健康有关（hé jiànkāng yǒuguān）|与工作有关（yǔ gōngzuò yǒuguān）|和我有关（hé wǒ yǒuguān）|与此有关（yǔ cǐ yǒuguān）,这个问题和你的健康有关。,Zhè ge wèntí hé nǐ de jiànkāng yǒuguān.,این مسئله به سلامتی تو مربوط است.,常用结构是“和/与……有关”，表示“ربط داشتن/مربوط بودن به...”。
438,有关,yǒuguān,HSK 4,形容词,2,相关的；涉及某方面内容的；常放在名词前作定语（形）,مربوط؛ مرتبط؛ ذی‌ربط؛ مربوطه؛ دربارهٔ موضوعی خاص (صفت),有关部门（yǒuguān bùmén）|有关人员（yǒuguān rényuán）|有关规定（yǒuguān guīdìng）|有关资料（yǒuguān zīliào）,请联系有关部门处理这个问题。,Qǐng liánxì yǒuguān bùmén chǔlǐ zhè ge wèntí.,لطفاً برای رسیدگی به این مسئله با بخش‌های ذی‌ربط تماس بگیرید.,此义多用于书面语或正式表达，相当于“相关的/关于……的”；“有关部门、有关人员、有关单位”常译为“ذی‌ربط/مربوطه”。
439,邮件,yóujiàn,HSK 3,名词,1,通过电子邮件系统发送的信息；电子邮件（名）,ایمیل؛ نامهٔ الکترونیکی (اسم),发邮件（fā yóujiàn）|收到邮件（shōudào yóujiàn）|回复邮件（huífù yóujiàn）|邮件附件（yóujiàn fùjiàn）,我刚收到你的邮件。,Wǒ gāng shōudào nǐ de yóujiàn.,همین الان ایمیلت را دریافت کردم.,现代日常中最常指电子邮件；“电子邮件、邮箱、邮件地址、邮件附件”等可作为独立词条或相关词处理。
439,邮件,yóujiàn,HSK 3,名词,2,邮寄的信件、包裹等；邮政系统中的邮件（名）,مرسولهٔ پستی؛ نامه یا بستهٔ پستی (اسم),国际邮件（guójì yóujiàn）|挂号邮件（guàhào yóujiàn）|普通邮件（pǔtōng yóujiàn）|邮件查询（yóujiàn cháxún）,这批邮件明天才能送到。,Zhè pī yóujiàn míngtiān cái néng sòng dào.,این سری مرسوله‌ها فردا می‌رسند.,在邮政、物流或正式语境中指信件、包裹等；日常科技语境中多指“email”。
440,游客,yóukè,HSK 3,名词,1,到某地旅行、参观或游玩的人（名）,گردشگر؛ بازدیدکننده؛ توریست (اسم),很多游客（hěn duō yóukè）|外国游客（wàiguó yóukè）|游客中心（yóukè zhōngxīn）|吸引游客（xīyǐn yóukè）,这个城市每年吸引很多游客。,Zhè ge chéngshì měi nián xīyǐn hěn duō yóukè.,این شهر هر سال گردشگران زیادی را جذب می‌کند.,
441,有名,yǒumíng,HSK 2,形容词,1,名字被很多人知道；著名（形）,معروف؛ مشهور؛ نام‌آشنا (صفت),很有名（hěn yǒumíng）|有名的作家（yǒumíng de zuòjiā）|世界有名（shìjiè yǒumíng）|有名景点（yǒumíng jǐngdiǎn）,这家饭店很有名。,Zhè jiā fàndiàn hěn yǒumíng.,این رستوران خیلی معروف است.,口语常用；“著名”更正式。
442,游戏,yóuxì,HSK 3,名词,1,供人娱乐、消遣或比赛的活动；也可指电子游戏（名）,بازی؛ سرگرمی؛ بازی کامپیوتری/ویدئویی بسته به بافت (اسم),玩游戏（wán yóuxì）|手机游戏（shǒujī yóuxì）|电脑游戏（diànnǎo yóuxì）|网络游戏（wǎngluò yóuxì）,他周末喜欢在家玩游戏。,Tā zhōumò xǐhuan zài jiā wán yóuxì.,او آخر هفته دوست دارد در خانه بازی کند.,现代日常中常指电子游戏；也可泛指普通游戏、比赛或娱乐活动。
443,邮箱,yóuxiāng,HSK 3,名词,1,用于收发电子邮件的账户或地址；电子邮箱（名）,ایمیل؛ صندوق/حساب ایمیل؛ آدرس ایمیل (اسم),邮箱地址（yóuxiāng dìzhǐ）|登录邮箱（dēnglù yóuxiāng）|查看邮箱（chákàn yóuxiāng）|发到我的邮箱（fā dào wǒ de yóuxiāng）,请把文件发到我的邮箱。,Qǐng bǎ wénjiàn fā dào wǒ de yóuxiāng.,لطفاً فایل را به ایمیل من بفرستید.,现代日常中多指电子邮箱；“邮件”指具体的 email 或邮政邮件。
443,邮箱,yóuxiāng,HSK 3,名词,2,邮局、街头或单位里用来投递信件的箱子（名）,صندوق پست؛ صندوق نامه (اسم),邮局邮箱（yóujú yóuxiāng）|路边邮箱（lùbiān yóuxiāng）|投进邮箱（tóu jìn yóuxiāng）|公共邮箱（gōnggòng yóuxiāng）,他把信投进了路边的邮箱。,Tā bǎ xìn tóu jìn le lùbiān de yóuxiāng.,او نامه را داخل صندوق پست کنار خیابان انداخت.,此义较传统；现代日常语境中更常指“电子邮箱”。
444,有用,yǒuyòng,HSK 3,形容词,1,有用途、有帮助；能发挥作用（形）,مفید؛ به‌دردبخور؛ کاربردی (صفت),很有用（hěn yǒuyòng）|有用的信息（yǒuyòng de xìnxī）|有用的方法（yǒuyòng de fāngfǎ）|对我有用（duì wǒ yǒuyòng）,这个网站对学习中文很有用。,Zhè ge wǎngzhàn duì xuéxí Zhōngwén hěn yǒuyòng.,این وب‌سایت برای یادگیری چینی خیلی مفید است.,反义词是“没用/无用”；“有用”整体常作形容词使用。
445,园,yuán,HSK 3,名词、语素,1,种植花木、果树、蔬菜等的地方（名/语素）,"باغ؛ باغچه؛ محل کاشت گل، درخت میوه یا سبزی (اسم/تکواژ)",花园（huāyuán）|果园（guǒyuán）|菜园（càiyuán）|园子（yuánzi）,爷爷在菜园里种了很多蔬菜。,Yéye zài càiyuán li zhòng le hěn duō shūcài.,پدربزرگ در باغچه سبزیجات زیادی کاشته است.,“园”单独使用较少，现代汉语中多见于“花园、果园、菜园、园子”等；这些词可作为独立词条。
445,园,yuán,HSK 3,名词、语素,2,供人游玩、学习、活动或有专门用途的场所、区域（名/语素）,"پارک؛ محوطه یا مکان مخصوص تفریح، آموزش یا فعالیتی خاص (اسم/تکواژ)",公园（gōngyuán）|动物园（dòngwùyuán）|幼儿园（yòu’éryuán）|校园（xiàoyuán）,孩子们在公园里玩儿。,Háizimen zài gōngyuán li wánr.,بچه‌ها در پارک بازی می‌کنند.,此义主要用于构词；“公园、动物园、幼儿园、校园、工业园、科技园”等建议单独成词条。
446,员,yuán,HSK 3,语素,1,从事某种工作、属于某个组织或具有某种身份的人；常作后缀（语素）,"فرد؛ عضو؛ کارمند/عاملِ یک کار یا سازمان، بیشتر به‌صورت پسوند در ترکیب‌ها (تکواژ)",服务员（fúwùyuán）|演员（yǎnyuán）|运动员（yùndòngyuán）|工作人员（gōngzuò rényuán）,她是一名优秀的服务员。,Tā shì yì míng yōuxiù de fúwùyuán.,او یک پیشخدمت/کارمند خدماتی عالی است.,“员”现代汉语中基本不单独作普通词，主要作后缀语素；“服务员、演员、运动员、工作人员”等应作为独立词条。
446,员,yuán,HSK 3,名词、量词,2,团体或组织中的一个成员；也可作较正式量词用于人（名/量）,عضو؛ یکی از افراد یک گروه؛ واحد شمارش رسمی‌تر برای بعضی افراد (اسم/واحد شمارش),团队的一员（tuánduì de yì yuán）|家庭的一员（jiātíng de yì yuán）|重要一员（zhòngyào yì yuán）|一员大将（yì yuán dàjiàng）,他已经成为我们团队的重要一员。,Tā yǐjīng chéngwéi wǒmen tuánduì de zhòngyào yì yuán.,او حالا به یکی از اعضای مهم تیم ما تبدیل شده است.,“团队的一员、家庭的一员”较常用；作量词如“一员大将”偏正式或书面，不是日常最常用量词。
447,愿意,yuànyì,HSK 3,动词,1,心里想做某事；乐意、同意做某事（动）,مایل بودن؛ خواستن؛ راضی بودن به انجام کاری (فعل),愿意帮忙（yuànyì bāngmáng）|愿意参加（yuànyì cānjiā）|不愿意去（bú yuànyì qù）|愿意接受（yuànyì jiēshòu）,你愿意和我们一起去吗？,Nǐ yuànyì hé wǒmen yìqǐ qù ma?,مایلی با ما بروی؟,表示主观意愿或同意；比“想”更强调愿不愿意、乐不乐意。
448,遇到,yùdào,HSK 3,动词,1,碰到、见到某人或某事；多指偶然发生（动）,"برخوردن به؛ مواجه شدن با؛ روبه‌رو شدن با، معمولاً اتفاقی (فعل)",遇到朋友（yùdào péngyou）|遇到问题（yùdào wèntí）|遇到困难（yùdào kùnnan）|遇到麻烦（yùdào máfan）,如果遇到问题，可以随时问我。,"Rúguǒ yùdào wèntí, kěyǐ suíshí wèn wǒ.","اگر به مشکلی برخوردی، هر وقت خواستی می‌توانی از من بپرسی.",既可用于遇见人，也可用于碰到问题、困难、机会等；用于人时比“遇见”更宽泛。
449,越,yuè,HSK 3,副词,1,表示程度随着时间、条件或动作的发展而变化；常用“越……越……”或“越来越……”（副）,"هرچه ...، بیشتر/کمتر ...؛ هرچه جلوتر/بیشتر، ...تر؛ به‌تدریج (قید)",越来越好（yuèláiyuè hǎo）|越快越好（yuè kuài yuè hǎo）|越学越有意思（yuè xué yuè yǒu yìsi）|越想越生气（yuè xiǎng yuè shēngqì）,中文越学越有意思。,Zhōngwén yuè xué yuè yǒu yìsi.,"چینی هرچه بیشتر یاد می‌گیری، جالب‌تر می‌شود.",最常用义；“越……越……”表示程度随条件变化，“越来越……”表示程度逐渐变化。
449,越,yuè,HSK 3,动词、语素,2,跨过、超过或离开某个界限、范围或障碍；多用于构词或较正式表达（动/语素）,"عبور کردن از؛ گذشتن از؛ خارج شدن از؛ فراتر رفتن از یک مرز، محدوده یا مانع (فعل/تکواژ)",越过边界（yuèguò biānjiè）|越出范围（yuèchū fànwéi）|越线（yuèxiàn）|越界（yuèjiè）,这个问题已经越出了我们的讨论范围。,Zhè ge wèntí yǐjīng yuèchū le wǒmen de tǎolùn fànwéi.,این موضوع دیگر از محدودهٔ بحث ما خارج شده است.,此义单独用较少，多见于“越过、越出、越线、越界、越级、超越”等词；“越出范围”自然，但“越出政策”不自然，通常说“超出政策范围、违反政策、不符合政策”。“越南、越剧、吴越”等是专名或独立词条，不建议在本词中列为主要义项。
450,月亮,yuèliang,HSK 2,名词,1,夜晚天空中能发光的月球；月亮（名）,ماه؛ قرص ماه در آسمان (اسم),看月亮（kàn yuèliang）|月亮很圆（yuèliang hěn yuán）|月亮出来了（yuèliang chūlái le）|明亮的月亮（míngliàng de yuèliang）,今晚的月亮又大又圆。,Jīnwǎn de yuèliang yòu dà yòu yuán.,ماه امشب هم بزرگ است هم گرد.,“月亮”是口语常用词；较书面或科学语境可说“月球”。
451,遇见,yùjiàn,HSK 3,动词,1,碰见某人；偶然见到（动）,اتفاقی دیدن؛ برخوردن به کسی؛ ملاقات تصادفی داشتن (فعل),遇见老朋友（yùjiàn lǎo péngyou）|在路上遇见（zài lù shang yùjiàn）|偶然遇见（ǒurán yùjiàn）|遇见老师（yùjiàn lǎoshī）,我昨天在街上遇见了一个老朋友。,Wǒ zuótiān zài jiē shang yùjiàn le yí ge lǎo péngyou.,دیروز در خیابان اتفاقی یکی از دوستان قدیمی‌ام را دیدم.,主要用于遇到人；“遇到”范围更广，也可用于问题、困难、机会等。
452,羽毛球,yǔmáoqiú,HSK 3,名词,1,一种用羽毛球拍隔网击打羽毛球的运动；也指这种球（名）,"بدمینتون؛ توپ بدمینتون، بسته به بافت (اسم)",打羽毛球（dǎ yǔmáoqiú）|羽毛球拍（yǔmáoqiú pāi）|羽毛球比赛（yǔmáoqiú bǐsài）|羽毛球场（yǔmáoqiú chǎng）,我周末常和朋友打羽毛球。,Wǒ zhōumò cháng hé péngyou dǎ yǔmáoqiú.,آخر هفته‌ها اغلب با دوستانم بدمینتون بازی می‌کنم.,通常指运动；具体指球时也可说“一个羽毛球”。“羽毛球拍、羽毛球场”等可作为相关词处理。
453,运动会,yùndònghuì,HSK 3,名词,1,学校、单位或地区举行的体育比赛活动（名）,"مسابقات ورزشی؛ جشنواره/مراسم ورزشی، به‌ویژه در مدرسه یا سازمان (اسم)",参加运动会（cānjiā yùndònghuì）|学校运动会（xuéxiào yùndònghuì）|春季运动会（chūnjì yùndònghuì）|开运动会（kāi yùndònghuì）,我们学校下周要开运动会。,Wǒmen xuéxiào xià zhōu yào kāi yùndònghuì.,مدرسهٔ ما هفتهٔ آینده مسابقات ورزشی برگزار می‌کند.,多指学校、单位等组织的综合体育活动；大型国际赛事一般说“奥运会、亚运会”等。
454,运动员,yùndòngyuán,HSK 3,名词,1,参加体育训练或比赛的人；运动选手（名）,ورزشکار؛ بازیکن/رقابت‌کنندهٔ ورزشی (اسم),职业运动员（zhíyè yùndòngyuán）|优秀运动员（yōuxiù yùndòngyuán）|年轻运动员（niánqīng yùndòngyuán）|运动员训练（yùndòngyuán xùnliàn）,她是一名优秀的羽毛球运动员。,Tā shì yì míng yōuxiù de yǔmáoqiú yùndòngyuán.,او یک ورزشکار بدمینتونِ بسیار خوب است.,可指专业或业余参加比赛的人；具体项目可说“足球运动员、游泳运动员”等。
455,语言,yǔyán,HSK 3,名词,1,人类用来表达思想、交流信息的符号系统；也可指某种具体的语言（名）,"زبان؛ نظام زبانی برای ارتباط، یا یک زبان مشخص (اسم)",学习语言（xuéxí yǔyán）|外国语言（wàiguó yǔyán）|语言能力（yǔyán nénglì）|语言环境（yǔyán huánjìng）,学习一门语言需要很多练习。,Xuéxí yì mén yǔyán xūyào hěn duō liànxí.,یادگیری یک زبان به تمرین زیادی نیاز دارد.,“语言”较正式；日常说具体语言时也常说“中文、英文、汉语”等。
455,语言,yǔyán,HSK 3,名词,2,说话或写作时使用的表达方式、措辞或风格（名）,زبان و بیان؛ شیوهٔ بیان؛ لحن یا واژگانِ به‌کاررفته (اسم),语言简单（yǔyán jiǎndān）|语言清楚（yǔyán qīngchu）|语言风格（yǔyán fēnggé）|书面语言（shūmiàn yǔyán）,这篇文章的语言很简单，容易懂。,"Zhè piān wénzhāng de yǔyán hěn jiǎndān, róngyì dǒng.",زبان این مقاله ساده است و راحت فهمیده می‌شود.,这里指表达方式，不是某一种具体语言。
456,雨衣,yǔyī,HSK 3,名词,1,下雨时穿的防水外衣（名）,بارانی؛ لباس ضدآب برای باران (اسم),穿雨衣（chuān yǔyī）|买雨衣（mǎi yǔyī）|一件雨衣（yí jiàn yǔyī）|儿童雨衣（értóng yǔyī）,外面下雨了，记得穿雨衣。,"Wàimian xià yǔ le, jìde chuān yǔyī.","بیرون باران می‌آید، یادت باشد بارانی بپوشی.",指穿在身上的防雨衣物；“雨伞”是伞，不是衣服。
457,脏,zāng,HSK 3,形容词,1,不干净；有灰尘、污物或不卫生（形）,کثیف؛ آلوده؛ ناپاکیزه (صفت),衣服脏了（yīfu zāng le）|手很脏（shǒu hěn zāng）|脏东西（zāng dōngxi）|又脏又乱（yòu zāng yòu luàn）,你的手很脏，快去洗一洗。,"Nǐ de shǒu hěn zāng, kuài qù xǐ yi xǐ.","دست‌هایت خیلی کثیف است، برو زود بشوی.",读 zāng；表示“不干净”。
457,脏,zāng,HSK 3,形容词,2,不文明、不正当或让人反感的；用于话语、手段等（形）,زشت؛ ناپسند؛ کثیف از نظر اخلاقی یا کلامی (صفت),脏话（zānghuà）|脏字（zāngzì）|用了脏手段（yòng le zāng shǒuduàn）,不要在孩子面前说脏话。,Bú yào zài háizi miànqián shuō zānghuà.,جلوی بچه‌ها حرف زشت نزن.,读 zāng；此义多用于“脏话、脏字、手段脏”等；“脏话”可作为独立词条。
457,脏,zàng,HSK 3,名词、语素,3,身体内部的器官；内脏、脏器（名/语素）,اندام داخلی؛ احشاء؛ عضو داخلی بدن (اسم/تکواژ),内脏（nèizàng）|心脏（xīnzàng）|肝脏（gānzàng）|脏器（zàngqì）,心脏是人体非常重要的器官。,Xīnzàng shì réntǐ fēicháng zhòngyào de qìguān.,قلب یکی از اندام‌های بسیار مهم بدن انسان است.,读 zàng，第四声；主要用于构词，如“心脏、肝脏、内脏、脏器”。和 zāng“不干净”的意思、读音都不同。
458,咱们,zánmen,HSK 3,代词,1,包括说话人和听话人在内的“我们”（代）,"ما؛ ماها، شامل گوینده و شنونده (ضمیر)",咱们一起去（zánmen yìqǐ qù）|咱们走吧（zánmen zǒu ba）|咱们公司（zánmen gōngsī）|咱们俩（zánmen liǎ）,咱们明天一起去吧。,Zánmen míngtiān yìqǐ qù ba.,بیا ما فردا با هم برویم.,“咱们”通常包括听话人；“我们”可包括也可不包括听话人。北方口语中很常用。
459,怎么办,zěnme bàn,HSK 3,短语,1,遇到问题时询问处理办法；怎么处理才好（短语）,چه کار کنیم؟ چه باید کرد؟ چطور حلش کنیم؟ (عبارت),现在怎么办（xiànzài zěnme bàn）|那怎么办（nà zěnme bàn）|不知道怎么办（bù zhīdào zěnme bàn）|该怎么办（gāi zěnme bàn）,我把钥匙忘在家里了，现在怎么办？,"Wǒ bǎ yàoshi wàng zài jiā li le, xiànzài zěnme bàn?","کلید را در خانه جا گذاشته‌ام، حالا چه کار کنیم؟",口语非常常用；“怎么办”整体作为疑问短语学习即可，不必拆开理解。
460,怎样,zěnyàng,HSK 3,代词、副词,1,询问方式、情况、性质或状态；怎么样、如何（代/副）,چطور؛ چگونه؛ چه‌طور است؛ به چه شکل (ضمیر/قید پرسشی),怎样做（zěnyàng zuò）|怎样解决（zěnyàng jiějué）|情况怎样（qíngkuàng zěnyàng）|你觉得怎样（nǐ juéde zěnyàng）,你觉得这个办法怎样？,Nǐ juéde zhè ge bànfǎ zěnyàng?,به نظرت این روش چطور است؟,“怎样”本身主要表示“چطور/چگونه”。比“怎么样”略书面或简洁；口语中“怎么样”更常见。
460,怎样,zěnyàng,HSK 3,代词,2,用于“不管/无论……都……”等结构中，表示让步；整体意思是无论什么方式、情况或结果（代）,در ساختارهایی مثل «不管怎样/无论怎样» یعنی «به هر حال؛ هر طور که باشد؛ نتیجه هرچه باشد» (ضمیر),不管怎样（bùguǎn zěnyàng）|无论怎样（wúlùn zěnyàng）|怎样都行（zěnyàng dōu xíng）|不管结果怎样（bùguǎn jiéguǒ zěnyàng）,不管怎样，我们都要试一试。,"Bùguǎn zěnyàng, wǒmen dōu yào shì yi shì.","به هر حال، ما باید امتحانش کنیم.",“怎样”单独不等于“هر طور که/به هر حال”；是在“不管怎样、无论怎样、怎样都行、不管结果怎样”等结构中，整个结构表达让步或任指意义。
461,张,zhāng,HSK 2,量词,1,用于纸、票、照片、桌子、床等平而可展开的东西（量）,"واحد شمارش برای چیزهای تخت و پهن مثل کاغذ، بلیت، عکس، میز و تخت (واحد شمارش)",一张纸（yì zhāng zhǐ）|一张票（yì zhāng piào）|一张照片（yì zhāng zhàopiàn）|一张桌子（yì zhāng zhuōzi）,请给我一张纸。,Qǐng gěi wǒ yì zhāng zhǐ.,لطفاً یک برگ کاغذ به من بده.,常用于扁平、展开的物品；“一张床、一张桌子”也很常见。
461,张,zhāng,HSK 2,动词,2,展开、打开；使紧闭或合拢的东西分开（动）,"باز کردن؛ گشودن؛ باز شدن، برای دهان، چشم، بال، تور و مانند آن (فعل)",张嘴（zhāng zuǐ）|张开眼睛（zhāngkāi yǎnjing）|张开双臂（zhāngkāi shuāngbì）|张网（zhāng wǎng）|张开翅膀（zhāngkāi chìbǎng）,请张开嘴，让医生看一下。,"Qǐng zhāngkāi zuǐ, ràng yīshēng kàn yíxià.",لطفاً دهانت را باز کن تا دکتر نگاه کند.,作动词时常见于“张开、张嘴”等；“张开”可作为独立词条。
461,张,Zhāng,HSK 2,专有名词,3,姓氏（专名）,نام خانوادگی ژانگ (اسم خاص),张老师（Zhāng lǎoshī）|小张（Xiǎo Zhāng）|老张（Lǎo Zhāng）|张先生（Zhāng xiānsheng）,张老师今天不在学校。,Zhāng lǎoshī jīntiān bú zài xuéxiào.,معلم ژانگ امروز در مدرسه نیست.,常见姓氏；作姓氏时首字母大写为 Zhāng。
462,照,zhào,HSK 3,动词,1,光线射在物体上；照射、照亮（动）,تابیدن؛ روشن کردن؛ نور انداختن (فعل),太阳照进来（tàiyáng zhào jìnlái）|灯光照着路（dēngguāng zhào zhe lù）|照亮房间（zhàoliàng fángjiān）|月光照在地上（yuèguāng zhào zài dì shang）,阳光照进了房间。,Yángguāng zhào jìn le fángjiān.,نور آفتاب به داخل اتاق تابید.,表示光线照射；“照亮、照射”可作为独立词条。
462,照,zhào,HSK 3,动词,2,拍摄；拍照片或影像（动）,عکس گرفتن؛ تصویربرداری کردن (فعل),照相（zhào xiàng）|照照片（zhào zhàopiàn）|照一张相（zhào yì zhāng xiàng）|照证件照（zhào zhèngjiànzhào）,我们在门口照了一张相。,Wǒmen zài ménkǒu zhào le yì zhāng xiàng.,ما جلوی در یک عکس گرفتیم.,口语中“照相、照照片”都常见；“拍照”在现代口语中也非常常用。
462,照,zhào,HSK 3,介词、动词,3,按照、依照；根据某种方式、规则、样子或要求去做（介/动）,طبقِ؛ بر اساسِ؛ مطابقِ چیزی انجام دادن (حرف اضافه/فعل),照规定（zhào guīdìng）|照样子做（zhào yàngzi zuò）|照计划进行（zhào jìhuà jìnxíng）|照他说的做（zhào tā shuō de zuò）,请照这个样子写。,Qǐng zhào zhè ge yàngzi xiě.,لطفاً طبق این نمونه بنویس.,此义常相当于“按照/依照”；也可表示照着样子模仿或执行。
462,照,zhào,HSK 3,动词,4,对着镜子或能反光的东西看自己的形象；也可表示映出影像（动）,در آینه نگاه کردن؛ تصویر را نشان دادن/منعکس کردن (فعل),照镜子（zhào jìngzi）|照一照镜子（zhào yi zhào jìngzi）|对着镜子照（duì zhe jìngzi zhào）|照见自己的脸（zhàojiàn zìjǐ de liǎn）,她出门前照了照镜子。,Tā chūmén qián zhào le zhào jìngzi.,او قبل از بیرون رفتن نگاهی در آینه انداخت.,“照镜子”最常用；表示水面、镜面反射影像时，现代汉语更常用“映出、映在”，如“湖水映出她的倒影”。
463,照顾,zhàogù,HSK 3,动词,1,照料、看护；在生活上帮助和护理某人（动）,"مراقبت کردن؛ رسیدگی کردن؛ مواظبت کردن، مخصوصاً از کودک، بیمار یا سالمند (فعل)",照顾孩子（zhàogù háizi）|照顾病人（zhàogù bìngrén）|照顾老人（zhàogù lǎorén）|照顾家人（zhàogù jiārén）,她每天照顾生病的妈妈。,Tā měi tiān zhàogù shēngbìng de māma.,او هر روز از مادر بیمارش مراقبت می‌کند.,此义强调实际照料、护理或生活上的帮助，常用于孩子、病人、老人、家人等。
463,照顾,zhàogù,HSK 3,动词,2,体谅、关心并给予特别帮助或考虑（动）,مراعات کردن؛ هوای کسی را داشتن؛ توجه ویژه کردن؛ در نظر گرفتن نیاز یا احساس کسی (فعل),照顾新同事（zhàogù xīn tóngshì）|照顾客人的感受（zhàogù kèrén de gǎnshòu）|照顾大家的需要（zhàogù dàjiā de xūyào）|受到特别照顾（shòudào tèbié zhàogù）,老师很照顾新来的学生。,Lǎoshī hěn zhàogù xīn lái de xuésheng.,معلم خیلی هوای دانش‌آموزان تازه‌وارد را دارد.,此义不一定是“护理/看护”，而是强调体谅、关照、优待或把别人的感受和需要考虑进去。
464,着急,zháojí,HSK 3,形容词、动词,1,因为担心、不顺利或不知道结果而心里不安（形/动）,نگران و دلواپس بودن؛ بی‌قرار بودن از نگرانی (صفت/فعل),别着急（bié zháojí）|很着急（hěn zháojí）|为孩子着急（wèi háizi zháojí）|着急得不得了（zháojí de bùdéliǎo）,孩子还没回家，妈妈很着急。,"Háizi hái méi huí jiā, māma hěn zháojí.",بچه هنوز به خانه برنگشته و مادرش خیلی نگران است.,读 zháojí；此义强调担心、焦虑、不安。“别着急”常用于安慰别人。
464,着急,zháojí,HSK 3,形容词、动词,2,因为时间紧、事情急或想马上做某事而急切（形/动）,عجله داشتن؛ بی‌تاب بودن؛ فوری/با عجله خواستن کاری را انجام دادن (صفت/فعل),着急走（zháojí zǒu）|着急用钱（zháojí yòng qián）|着急去上班（zháojí qù shàngbān）|不用着急（bú yòng zháojí）,你不用着急，我们还有时间。,"Nǐ bú yòng zháojí, wǒmen hái yǒu shíjiān.","لازم نیست عجله کنی، هنوز وقت داریم.",此义强调时间紧或急着做某事；和“担心”不同，更接近“عجله داشتن/فوری بودن”。
465,照片,zhàopiàn,HSK 2,名词,1,用相机、手机等拍下来的图像（名）,عکس؛ تصویر عکاسی‌شده (اسم),一张照片（yì zhāng zhàopiàn）|拍照片（pāi zhàopiàn）|看照片（kàn zhàopiàn）|发照片（fā zhàopiàn）,这张照片是去年拍的。,Zhè zhāng zhàopiàn shì qùnián pāi de.,این عکس پارسال گرفته شده است.,量词常用“张”；口语中“照片、相片”都可用，“照片”更常见。
466,照相,zhào xiàng,HSK 3,动词,1,用相机或手机拍照片（动）,عکس گرفتن (فعل),照相留念（zhào xiàng liúniàn）|一起照相（yìqǐ zhào xiàng）|给别人照相（gěi biérén zhào xiàng）|在公园照相（zài gōngyuán zhào xiàng）,我们在学校门口一起照了相。,Wǒmen zài xuéxiào ménkǒu yìqǐ zhào le xiàng.,ما جلوی درِ مدرسه با هم عکس گرفتیم.,“照相”常用于“照了相、一起照相、给某人照相”等；现代口语中“拍照、拍照片”也非常常用。“照相机、照相馆”是相关独立词。
467,纸,zhǐ,HSK 2,名词,1,用来写字、画画、打印、包装等的薄片材料（名）,کاغذ (اسم),一张纸（yì zhāng zhǐ）|白纸（báizhǐ）|卫生纸（wèishēngzhǐ）|纸上写着（zhǐ shang xiě zhe）,请给我一张纸。,Qǐng gěi wǒ yì zhāng zhǐ.,لطفاً یک برگ کاغذ به من بده.,量词常用“张”；“纸巾、卫生纸、打印纸”等可作为独立词条。
468,只能,zhǐ néng,HSK 3,副词结构,1,表示没有别的选择，只可以或只能够这样做（副词结构）,فقط می‌توان؛ چاره‌ای جز این نیست که؛ تنها امکان این است که (ساختار قیدی),只能等（zhǐ néng děng）|只能这样（zhǐ néng zhèyàng）|只能说中文（zhǐ néng shuō Zhōngwén）|只能选择一个（zhǐ néng xuǎnzé yí ge）,现在太晚了，我们只能明天再去。,"Xiànzài tài wǎn le, wǒmen zhǐ néng míngtiān zài qù.","الان خیلی دیر است، فقط می‌توانیم فردا دوباره برویم.",“只能”强调选择受限制；比“只会”更偏向客观条件或规则限制。
469,直到,zhídào,HSK 3,介词、连词,1,一直到某个时间、地点、程度或某事发生为止；常用“直到……才……”表示到某个时候才发生（介/连）,تا؛ تا وقتی که؛ تا زمانی/جایی/حدی مشخص؛ در ساختار «直到...才...» یعنی «تازه در/بعد از آن زمان» (حرف اضافه/حرف ربط),直到现在（zhídào xiànzài）|直到最后（zhídào zuìhòu）|直到他回来（zhídào tā huílái）|直到晚上九点才回家（zhídào wǎnshang jiǔ diǎn cái huí jiā）,他直到晚上九点才回家。,Tā zhídào wǎnshang jiǔ diǎn cái huí jiā.,او تازه ساعت نه شب به خانه برگشت.,“直到”表示某种状态或动作延续到某个点；常和“才”连用，强调事情到那个时间才发生，如“直到十点才回来”。也可说“我一直等到他回来/直到他回来”。
470,只是,zhǐshì,HSK 3,副词,1,仅仅是、不过是；表示范围、身份、目的或程度有限（副）,فقط؛ صرفاً؛ تنها؛ چیزی جز ... نیست (قید),只是朋友（zhǐshì péngyou）|只是开玩笑（zhǐshì kāi wánxiào）|只是一个建议（zhǐshì yí ge jiànyì）,我只是想帮你。,Wǒ zhǐshì xiǎng bāng nǐ.,من فقط می‌خواستم کمکت کنم.,此义相当于“只不过/仅仅是”，强调限制范围或降低语气。
470,只是,zhǐshì,HSK 3,连词、副词,2,表示轻微转折；补充一个限制、问题或例外（连/副）,منتها؛ فقط اینکه؛ اما؛ با این تفاوت که (حرف ربط/قید),只是有点儿贵（zhǐshì yǒudiǎnr guì）|只是时间不合适（zhǐshì shíjiān bù héshì）|只是我不太确定（zhǐshì wǒ bú tài quèdìng）|只是还没准备好（zhǐshì hái méi zhǔnbèi hǎo）,这个房子很好，只是有点儿贵。,"Zhè ge fángzi hěn hǎo, zhǐshì yǒudiǎnr guì.","این خانه خیلی خوب است، فقط/منتها کمی گران است.",此义由“فقط”引出一个小限制或例外，比“但是”语气轻；和 sense 1 有联系，但句法作用不同。
471,只要,zhǐyào,HSK 3,连词,1,表示某个条件一满足，后面的结果就会发生；只要……就……（连）,"به شرطی که؛ مشروط بر اینکه؛ کافی است که؛ در صورتی که ...، ... (حرف ربط)",只要努力（zhǐyào nǔlì）|只要有时间（zhǐyào yǒu shíjiān）|只要你愿意（zhǐyào nǐ yuànyì）|只要……就……（zhǐyào... jiù...）,只要你愿意，我就帮你。,"Zhǐyào nǐ yuànyì, wǒ jiù bāng nǐ.","به شرطی که تو مایل باشی، من کمکت می‌کنم.",常和“就”搭配，表示充分条件；可译为“به شرطی که/کافی است که”。不要和“只有……才……”混淆，后者强调必要条件。
472,只有,zhǐyǒu,HSK 3,副词,1,表示数量、范围或对象很有限；仅有、只有这么多（副）,فقط؛ تنها؛ فقط همین مقدار/همین شخص/همین چیز وجود داشتن (قید),只有一个（zhǐyǒu yí ge）|只有你知道（zhǐyǒu nǐ zhīdào）|只有三天时间（zhǐyǒu sān tiān shíjiān）|这里只有一家商店（zhèli zhǐyǒu yì jiā shāngdiàn）,我只有一个妹妹。,Wǒ zhǐyǒu yí ge mèimei.,من فقط یک خواهر کوچک‌تر دارم.,此义强调数量、范围或对象有限，相当于“فقط/تنها”。和“只”接近，但“只有”后面常接名词、数量或小句。
472,只有,zhǐyǒu,HSK 3,连词,2,用于“只有……才……”结构，表示唯一的必要条件（连）,"در ساختار «只有...才...» یعنی «تنها در صورتی که...، آن‌وقت...»؛ فقط با این شرط که (حرف ربط)",只有这样才行（zhǐyǒu zhèyàng cái xíng）|只有努力才会成功（zhǐyǒu nǔlì cái huì chénggōng）|只有你来才可以（zhǐyǒu nǐ lái cái kěyǐ）|只有……才……（zhǐyǒu... cái...）,只有努力学习，才能学好中文。,"Zhǐyǒu nǔlì xuéxí, cái néng xué hǎo Zhōngwén.",تنها با تلاش در درس خواندن می‌شود چینی را خوب یاد گرفت.,"“只有……才……”强调必要条件；意思是“فقط اگر این شرط برقرار باشد، نتیجه ممکن می‌شود”。不要和“只要……就……”混淆，后者表示充分条件。"
473,种,zhǒng,HSK 2,名词、量词,1,种类；用于表示人、事物或方法的类别（名/量）,نوع؛ جور؛ دسته؛ واحد شمارش برای نوع/دسته (اسم/واحد شمارش),一种方法（yì zhǒng fāngfǎ）|这种人（zhè zhǒng rén）|那种情况（nà zhǒng qíngkuàng）|很多种水果（hěn duō zhǒng shuǐguǒ）,我想试一种新的方法。,Wǒ xiǎng shì yì zhǒng xīn de fāngfǎ.,می‌خواهم یک روش جدید را امتحان کنم.,读 zhǒng，第三声；这是最常用义，作量词时常用于“这种、那种、一种、几种、很多种”。
473,种,zhǒng,HSK 2,名词、语素,2,生物分类中的种类；品种、物种、人种等（名/语素）,"گونه؛ نژاد؛ نوع زیستی؛ واریته/رقم، بسته به ترکیب (اسم/تکواژ)",物种（wùzhǒng）|品种（pǐnzhǒng）|人种（rénzhǒng）|珍稀物种（zhēnxī wùzhǒng）,这种动物属于珍稀物种。,Zhè zhǒng dòngwù shǔyú zhēnxī wùzhǒng.,این حیوان جزو گونه‌های کمیاب است.,此义多用于构词；“物种、品种、人种”等可作为独立词条。和 sense 1 都有“نوع”之意，但这里偏生物/分类。
473,种,zhǒng,HSK 2,名词、语素,3,种子；可繁殖后代的东西或来源；多用于构词（名/语素）,بذر؛ دانه؛ چیزی که برای تولیدمثل یا ادامهٔ نسل نگه داشته/استفاده می‌شود,种子（zhǒngzi）|留种（liú zhǒng）|配种（pèi zhǒng）|种畜（zhǒngchù）,这些种子明年春天再种。,Zhèxiē zhǒngzi míngnián chūntiān zài zhòng.,این بذرها را بهار سال آینده می‌کاریم.,此义主要见于“种子、留种、配种”等词；单独说“种”表示“بذر”较少，日常一般说“种子”。
473,种,zhǒng,HSK 2,名词,4,胆量、骨气；多用于口语“有种、没种”等（名）,"جرئت؛ جسارت؛ عرضه، بیشتر در عبارت‌های محاوره‌ای و گاهی تند مثل «有种/没种» (اسم)",有种（yǒu zhǒng）|没种（méi zhǒng）|有种你就来（yǒu zhǒng nǐ jiù lái）|真有种（zhēn yǒu zhǒng）,有种你就再说一遍。,Yǒu zhǒng nǐ jiù zài shuō yí biàn.,"اگه جرئتشو داری، یک بار دیگه بگو.",口语义，较常见但语气较冲，常带挑衅或粗鲁感；“没种”有侮辱性，不适合正式或礼貌场合。
473,种,zhòng,HSK 2,动词,5,把种子或植物放进土里，使它生长（动）,کاشتن؛ زراعت کردن؛ پرورش دادن گیاه (فعل),种树（zhòng shù）|种花（zhòng huā）|种菜（zhòng cài）|种水果（zhòng shuǐguǒ）,爷爷在院子里种了很多花。,Yéye zài yuànzi li zhòng le hěn duō huā.,پدربزرگ در حیاط گل‌های زیادی کاشته است.,读 zhòng，第四声；表示“کاشتن”。和 zhǒng“نوع/گونه/بذر”读音不同。
473,种,zhòng,HSK 2,动词,6,把某种东西植入或接种到身体里；也可比喻种下某种感情或影响（动）,کاشتن/پیوند زدن در بدن؛ تلقیح کردن؛ به‌طور مجازی کاشتنِ احساسی یا اثری در دل/ذهن (فعل),种牙（zhòng yá）|种痘（zhòng dòu）|种下希望（zhòng xià xīwàng）|种下仇恨（zhòng xià chóuhèn）,这段经历在他心里种下了希望。,Zhè duàn jīnglì zài tā xīn li zhòng xià le xīwàng.,این تجربه در دل او امید کاشت.,此义是“کاشتن/植入”的引申；“种牙”很常见，“种痘”较传统或历史化；接种疫苗现代日常更常说“打疫苗/接种疫苗”。
474,中,zhōng,HSK 1,方位词、名词,1,在某个范围、空间、群体、时间或状态里面（方位词/名）,"در؛ داخل؛ درون؛ میانِ یک محدوده، گروه، زمان، وضعیت یا فرایند (واژهٔ مکانی/اسم)",人群中（rénqún zhōng）|心中（xīn zhōng）|生活中（shēnghuó zhōng）|会议中（huìyì zhōng）,他站在人群中。,Tā zhàn zài rénqún zhōng.,او میان جمعیت ایستاده است.,读 zhōng；常用于“……中”结构，表示在某个范围、状态或过程中，如“生活中、工作中、会议中”。
474,中,zhōng,HSK 1,名词、方位词,2,中间、中央；离四周距离差不多的位置（名/方位词）,وسط؛ مرکز؛ میانه (اسم/واژهٔ مکانی),中间（zhōngjiān）|中央（zhōngyāng）|正中（zhèngzhōng）|中部（zhōngbù）,桌子放在房间正中。,Zhuōzi fàng zài fángjiān zhèngzhōng.,میز در وسطِ اتاق گذاشته شده است.,此义强调位置上的“وسط/مرکز”；“中间、中央、中部”等可作为独立词条。
474,中,zhōng,HSK 1,语素,3,等级、程度、年龄、尺寸等处在中间；不高不低、不大不小（语素）,میانی؛ متوسط؛ در سطح یا اندازهٔ میانه (تکواژ),中等（zhōngděng）|中级（zhōngjí）|中年（zhōngnián）|中号（zhōnghào）,这件衣服有中号吗？,Zhè jiàn yīfu yǒu zhōnghào ma?,این لباس سایز متوسط دارد؟,此义主要用于构词，表示等级、程度、年龄或大小处于中间。
474,中,zhōng,HSK 1,语素,4,中国、中国的或中文的；多用于构词（语素）,"چین؛ چینی؛ مربوط به چین یا زبان چینی، بیشتر در ترکیب‌ها (تکواژ)",中国（Zhōngguó）|中文（Zhōngwén）|中餐（Zhōngcān）|中医（Zhōngyī）,他正在学习中文。,Tā zhèngzài xuéxí Zhōngwén.,او در حال یادگیری زبان چینی است.,多用于构词；“中国、中文、中餐、中医”等建议作为独立词条。
474,中,zhòng,HSK 1,动词,5,正好达到目标、被选中或猜对；也可表示中奖（动）,"به هدف خوردن؛ درست حدس زدن؛ انتخاب شدن؛ برنده شدن، بسته به ترکیب (فعل)",中奖（zhòng jiǎng）|猜中（cāi zhòng）|说中（shuō zhòng）|选中（xuǎn zhòng）,他买的彩票中奖了。,Tā mǎi de cǎipiào zhòng jiǎng le.,بلیتی که خریده بود برنده شد.,读 zhòng，第四声；常见于“中奖、猜中、说中、选中”等。
474,中,zhòng,HSK 1,动词,6,遭受某种不好的影响、伤害或疾病；常用于固定词（动）,"دچار شدن؛ مبتلا شدن؛ آسیب دیدن/خوردن، بسته به ترکیب (فعل)",中毒（zhòng dú）|中枪（zhòng qiāng）|中暑（zhòng shǔ）|中风（zhòng fēng）,夏天在外面太久，容易中暑。,"Xiàtiān zài wàimian tài jiǔ, róngyì zhòngshǔ.","تابستان اگر مدت زیادی بیرون بمانی، ممکن است گرمازده شوی.",读 zhòng，第四声；此义多用于不好的事情，如“中毒、中枪、中暑、中风”。
475,中间,zhōngjiān,HSK 2,名词、方位词,1,两个或多个事物之间的位置或时间（名/方位词）,وسط؛ میان؛ بینِ دو یا چند چیز یا زمان (اسم/واژهٔ مکانی-زمانی),房间中间（fángjiān zhōngjiān）|两个人中间（liǎng ge rén zhōngjiān）|中间休息（zhōngjiān xiūxi）|站在中间（zhàn zài zhōngjiān）,桌子放在房间中间。,Zhuōzi fàng zài fángjiān zhōngjiān.,میز وسط اتاق گذاشته شده است.,可表示空间或时间上的“وسط/میان”。
475,中间,zhōngjiān,HSK 2,名词,2,事情进行过程中的一段或部分（名）,میانهٔ کار؛ طیِ فرایند؛ بخشی در بینِ روند (اسم),中间出了问题（zhōngjiān chū le wèntí）|中间停了一下（zhōngjiān tíng le yíxià）|中间有变化（zhōngjiān yǒu biànhuà）|中间环节（zhōngjiān huánjié）,会议中间，他接了一个电话。,"Huìyì zhōngjiān, tā jiē le yí ge diànhuà.","وسط جلسه، او یک تلفن جواب داد.",这里强调事情进行期间的某个阶段或部分。
476,重要,zhòngyào,HSK 2,形容词,1,有很大意义、作用或影响；不可忽视（形）,مهم؛ بااهمیت؛ اثرگذار (صفت),重要任务（zhòngyào rènwu）|重要因素（zhòngyào yīnsù）|重要决定（zhòngyào juédìng）|重要信息（zhòngyào xìnxī）,这个决定对我们很重要。,Zhè ge juédìng duì wǒmen hěn zhòngyào.,این تصمیم برای ما خیلی مهم است.,常用于任务、因素、决定、信息、问题、原因、作用等。
477,终于,zhōngyú,HSK 3,副词,1,经过较长时间、努力或等待以后，结果出现；总算（副）,"بالاخره؛ سرانجام؛ عاقبت، پس از انتظار یا تلاش (قید)",终于到了（zhōngyú dào le）|终于明白了（zhōngyú míngbai le）|终于成功了（zhōngyú chénggōng le）|终于见面了（zhōngyú jiànmiàn le）,我们终于到了北京。,Wǒmen zhōngyú dào le Běijīng.,ما بالاخره به پکن رسیدیم.,常带有等待很久、过程不容易或松了一口气的语气。
478,周末,zhōumò,HSK 2,名词,1,一周的最后两天，通常指星期六和星期日（名）,آخر هفته؛ معمولاً شنبه و یکشنبه (اسم),这个周末（zhè ge zhōumò）|周末见（zhōumò jiàn）|周末休息（zhōumò xiūxi）|周末去玩儿（zhōumò qù wánr）,你周末有什么安排？,Nǐ zhōumò yǒu shénme ānpái?,آخر هفته چه برنامه‌ای داری؟,在中国语境中通常指星期六和星期日；具体休息日可能因工作安排不同而变化。
479,主要,zhǔyào,HSK 3,形容词,1,最重要的、起主要作用的（形）,اصلی؛ عمده؛ مهم‌ترین (صفت),主要原因（zhǔyào yuányīn）|主要问题（zhǔyào wèntí）|主要内容（zhǔyào nèiróng）|主要任务（zhǔyào rènwu）,主要问题是时间不够。,Zhǔyào wèntí shì shíjiān bú gòu.,مشکل اصلی این است که وقت کافی نیست.,可放在名词前作定语，也可作谓语。
479,主要,zhǔyào,HSK 3,副词,2,大部分地、重点地；表示重点或主要方面（副）,عمدتاً؛ بیشتر؛ به‌طور اصلی (قید),主要靠自己（zhǔyào kào zìjǐ）|主要用于学习（zhǔyào yòng yú xuéxí）|主要来自这里（zhǔyào láizì zhèli）|主要负责销售（zhǔyào fùzé xiāoshòu）,这本书主要介绍中国文化。,Zhè běn shū zhǔyào jièshào Zhōngguó wénhuà.,این کتاب عمدتاً فرهنگ چین را معرفی می‌کند.,作副词时常放在动词或动词短语前，表示重点所在。
480,注意,zhùyì,HSK 3,动词,1,把思想、视线或精力集中到某事上；留心、小心（动）,توجه کردن؛ دقت کردن؛ مراقب بودن؛ حواس‌جمع بودن (فعل),注意安全（zhùyì ānquán）|注意身体（zhùyì shēntǐ）|注意听（zhùyì tīng）|注意细节（zhùyì xìjié）,过马路时要注意安全。,Guò mǎlù shí yào zhùyì ānquán.,وقتی از خیابان رد می‌شوی باید مراقب ایمنی باشی.,可用于提醒别人，也可表示自己留心某事；“注意安全、注意身体”常译为“مراقب باش/مواظب باش”。
480,注意,zhùyì,HSK 3,名词,2,注意力、关注；多用于“引起注意、受到注意”等结构（名）,توجه؛ دقت؛ توجه و تمرکز ذهنی (اسم),引起注意（yǐnqǐ zhùyì）|受到注意（shòudào zhùyì）|特别注意（tèbié zhùyì）|值得注意（zhíde zhùyì）,这个声音引起了大家的注意。,Zhè ge shēngyīn yǐnqǐ le dàjiā de zhùyì.,این صدا توجه همه را جلب کرد.,名词用法常见于固定搭配；“注意力”是更明确的名词，表示“تمرکز/نیروی توجه”。
481,住院,zhùyuàn,HSK 3,动词,1,因病进入医院接受治疗并在医院里住下（动）,بستری شدن در بیمارستان (فعل),住院治疗（zhùyuàn zhìliáo）|需要住院（xūyào zhùyuàn）|住院几天（zhùyuàn jǐ tiān）|住院期间（zhùyuàn qījiān）,医生说他需要住院治疗。,Yīshēng shuō tā xūyào zhùyuàn zhìliáo.,دکتر گفت او باید در بیمارستان بستری شود و درمان بگیرد.,“住院”表示住进医院治疗；出院是“出院”。
482,子,zi,HSK 2,后缀、语素,1,常用名词后缀或词的一部分；用于构成名词或固定词，本身意义较弱（后缀/语素）,پسوند اسمی یا جزء واژه‌ساز؛ در ساختن اسم‌ها و واژه‌های ثابت می‌آید و معمولاً معنی مستقل روشنی ندارد (پسوند/تکواژ),桌子（zhuōzi）|椅子（yǐzi）|杯子（bēizi）|日子（rìzi）,桌子上有一个杯子。,Zhuōzi shang yǒu yí ge bēizi.,روی میز یک لیوان هست.,读轻声 zi；现代汉语中常作名词后缀或词的一部分，如“桌子、椅子、杯子、房子、日子、肚子、样子、一下子”。这些词应作为独立词条，不宜逐字翻译。
482,子,zǐ,HSK 2,名词、语素,2,孩子、儿女；后代（名/语素）,فرزند؛ بچه؛ اولاد؛ نسل بعدی (اسم/تکواژ),子女（zǐnǚ）|儿子（érzi）|母子（mǔzǐ）|子孙（zǐsūn）,他们有两个子女。,Tāmen yǒu liǎng ge zǐnǚ.,آن‌ها دو فرزند دارند.,读 zǐ；单独用较书面或古典，现代口语多用“孩子、儿子、女儿”。“子女、子孙、母子”等可作为独立词条。
482,子,zǐ,HSK 2,名词、语素,3,人；某类人，常用于较书面或固定词中（名/语素）,"شخص؛ فرد؛ کسی از یک نوع یا گروه خاص، بیشتر در ترکیب‌ها (اسم/تکواژ)",男子（nánzǐ）|女子（nǚzǐ）|学子（xuézǐ）|才子（cáizǐ）,这位男子正在等车。,Zhè wèi nánzǐ zhèngzài děng chē.,این مرد در حال منتظر ماندن برای اتوبوس/ماشین است.,此义主要用于构词；“男子、女子”比“男人、女人”更书面。
482,子,zǐ,HSK 2,语素,4,小的东西、颗粒、种子、卵或幼小生命等；多用于构词（语素）,"چیز کوچک؛ دانه؛ بذر؛ تخم/تخمک؛ موجود یا واحد کوچک، بیشتر در ترکیب‌ها (تکواژ)",种子（zhǒngzi）|瓜子（guāzǐ）|鱼子（yúzǐ）|棋子（qízǐ）,他喜欢吃瓜子。,Tā xǐhuan chī guāzǐ.,او تخمه دوست دارد.,此义多用于构词，表示小粒、小物、卵或基本单位；“种子、瓜子、鱼子、棋子、电子”等建议作为独立词条。
482,子,zǐ,HSK 2,语素,5,古代对有学问或有地位的人的尊称；也用于人名或书名（语素）,"عنوان احترام‌آمیز قدیمی برای استاد، حکیم، اندیشمند؛ بیشتر در نام‌ها و متون کلاسیک (تکواژ)",孔子（Kǒngzǐ）|孟子（Mèngzǐ）|老子（Lǎozǐ）|诸子百家（zhūzǐ bǎijiā）,孔子是中国古代著名的思想家。,Kǒngzǐ shì Zhōngguó gǔdài zhùmíng de sīxiǎngjiā.,کنفوسیوس اندیشمند معروف چین باستان بود.,此义偏历史文化和书面语；“孔子、孟子、老子”等应作为专名独立处理。
483,字典,zìdiǎn,HSK 2,名词,1,按一定顺序收录字词并解释读音、意义、用法等的工具书（名）,فرهنگ لغت؛ دیکشنری (اسم),查字典（chá zìdiǎn）|汉语字典（Hànyǔ zìdiǎn）|电子字典（diànzǐ zìdiǎn）|一本字典（yì běn zìdiǎn）,我用字典查这个词的意思。,Wǒ yòng zìdiǎn chá zhè ge cí de yìsi.,من با دیکشنری معنی این کلمه را چک می‌کنم.,“字典”常偏向查字或词的工具书；“词典”更偏向词语，但日常中常混用。
484,自行车,zìxíngchē,HSK 2,名词,1,用脚蹬、靠两个轮子前进的交通工具（名）,دوچرخه (اسم),骑自行车（qí zìxíngchē）|买自行车（mǎi zìxíngchē）|自行车道（zìxíngchē dào）|一辆自行车（yí liàng zìxíngchē）,他每天骑自行车上班。,Tā měi tiān qí zìxíngchē shàngbān.,او هر روز با دوچرخه سر کار می‌رود.,量词常用“辆”；口语也常说“单车”，地区差异较大。
485,总,zǒng,HSK 3,形容词、语素,1,全部的、整体的；总括的（形/语素）,کل؛ مجموع؛ کلی؛ جامع (صفت/تکواژ),总人数（zǒng rénshù）|总收入（zǒng shōurù）|总成绩（zǒng chéngjì）|总的来说（zǒng de lái shuō）,总的来说，这次活动很成功。,"Zǒng de lái shuō, zhè cì huódòng hěn chénggōng.","در کل، این برنامه خیلی موفق بود.",此义常用于构词或固定表达；表示总体、总量或概括。
485,总,zǒng,HSK 3,副词,2,总是、一直；表示某种情况经常或反复发生（副）,همیشه؛ مدام؛ مرتب؛ اغلب به‌طور تکراری (قید),总觉得（zǒng juéde）|总想（zǒng xiǎng）|总忘记（zǒng wàngjì）|总迟到（zǒng chídào）,他上课总迟到。,Tā shàngkè zǒng chídào.,او همیشه سر کلاس دیر می‌آید.,和“总是”意思接近，但“总是”更完整、更常作为独立词条学习。
485,总,zǒng,HSK 3,副词,3,表示无论怎样，结果最终会发生；终究、总归（副）,بالاخره؛ در نهایت؛ به هر حال؛ عاقبت (قید),总会明白（zǒng huì míngbai）|总会过去（zǒng huì guòqù）|总有办法（zǒng yǒu bànfǎ）|总要面对（zǒng yào miànduì）,问题总会解决的。,Wèntí zǒng huì jiějué de.,مشکل بالاخره حل می‌شود.,此义不是“همیشه”，而是强调最终结果或总归会发生，常见于“总会、总有、总要”等。
485,总,zǒng,HSK 3,语素,4,级别最高或起统领作用的；总的负责人或总机构（语素）,اصلی؛ کل؛ عالی‌رتبه؛ مسئول یا نهادِ اصلی/مرکزی (تکواژ),总经理（zǒngjīnglǐ）|总部（zǒngbù）|总公司（zǒnggōngsī）|总负责人（zǒng fùzérén）,她是这家公司的总经理。,Tā shì zhè jiā gōngsī de zǒngjīnglǐ.,او مدیرکل/مدیرعامل این شرکت است.,主要用于构词，表示最高层级、总管或总部性质；“总结、总括、总揽”等含“جمع‌بندی/统括”义，建议作为独立词条处理。
486,总是,zǒngshì,HSK 3,副词,1,一直如此；经常反复发生（副）,همیشه؛ مدام؛ دائماً؛ اغلب (قید),总是迟到（zǒngshì chídào）|总是忘记（zǒngshì wàngjì）|总是这样（zǒngshì zhèyàng）|总是很忙（zǒngshì hěn máng）,他总是忘记带钥匙。,Tā zǒngshì wàngjì dài yàoshi.,او همیشه یادش می‌رود کلیدش را بیاورد.,比“常常”语气更强调反复或一直如此，有时带抱怨语气。
487,嘴,zuǐ,HSK 2,名词,1,人或动物吃东西、说话、发声的器官；口（名）,دهان؛ لب‌ودهان (اسم),张嘴（zhāng zuǐ）|闭嘴（bì zuǐ）|嘴里（zuǐ li）|嘴巴（zuǐba）,请张开嘴，让医生看一下。,"Qǐng zhāngkāi zuǐ, ràng yīshēng kàn yíxià.",لطفاً دهانت را باز کن تا دکتر نگاه کند.,“嘴”口语常用；“口”更书面或用于构词。
487,嘴,zuǐ,HSK 2,名词、语素,2,器物开口或突出、像嘴的部分（名/语素）,دهانه؛ قسمت دهان‌مانند یا نوکِ یک وسیله (اسم/تکواژ),瓶嘴（píngzuǐ）|壶嘴（húzuǐ）|烟嘴（yānzuǐ）|喷嘴（pēnzuǐ）,这个茶壶的壶嘴有点儿破了。,Zhè ge cháhú de húzuǐ yǒudiǎnr pò le.,دهانه/لولهٔ این قوری کمی شکسته است.,多用于构词；表示像嘴一样的开口或突出部分。
488,最好,zuìhǎo,HSK 2,形容词,1,最好的；在同类中质量、效果或程度最高（形）,بهترین؛ از همه بهتر (صفت),最好的办法（zuì hǎo de bànfǎ）|最好的一天（zuì hǎo de yì tiān）|成绩最好（chéngjì zuì hǎo）|效果最好（xiàoguǒ zuì hǎo）,这是最好的选择。,Zhè shì zuì hǎo de xuǎnzé.,این بهترین انتخاب است.,作形容词时表示“از همه بهتر/بهترین”。
488,最好,zuìhǎo,HSK 2,副词,2,表示建议或希望；最好是、应该尽量（副）,بهتر است؛ بهتر است که؛ ترجیحاً (قید),最好早点儿来（zuìhǎo zǎodiǎnr lái）|最好别去（zuìhǎo bié qù）|最好先问一下（zuìhǎo xiān wèn yíxià）|最好带伞（zuìhǎo dài sǎn）,你最好早点儿休息。,Nǐ zuìhǎo zǎodiǎnr xiūxi.,بهتر است زودتر استراحت کنی.,作副词时常用于建议，语气比“必须”弱。
489,最后,zuìhòu,HSK 2,名词、形容词,1,时间、顺序或位置在末尾的；最终的（名/形）,آخر؛ پایانی؛ آخرین (اسم/صفت),最后一天（zuìhòu yì tiān）|最后一次（zuìhòu yí cì）|最后一站（zuìhòu yí zhàn）|最后一页（zuìhòu yì yè）,今天是我们旅行的最后一天。,Jīntiān shì wǒmen lǚxíng de zuìhòu yì tiān.,امروز آخرین روز سفر ماست.,表示时间、顺序或位置上的最后；常放在名词前作定语。
489,最后,zuìhòu,HSK 2,副词、名词,2,表示经过一段过程之后出现的结果；最终、到末了（副/名）,در نهایت؛ سرانجام؛ آخرش؛ در پایان (قید/اسم),最后成功了（zuìhòu chénggōng le）|最后还是去了（zuìhòu háishi qù le）|最后发现（zuìhòu fāxiàn）|到最后（dào zuìhòu）,我们讨论了很久，最后决定明天出发。,"Wǒmen tǎolùn le hěn jiǔ, zuìhòu juédìng míngtiān chūfā.",ما مدت زیادی بحث کردیم و در نهایت تصمیم گرفتیم فردا حرکت کنیم.,此义强调过程后的最终结果；作副词时相当于“最终/در نهایت”，作名词时可见于“到最后”。
490,最近,zuìjìn,HSK 2,名词、副词,1,离现在不久的一段时间；近来（名/副）,اخیراً؛ این اواخر؛ در روزها/مدت اخیر (اسم/قید),最近很忙（zuìjìn hěn máng）|最近几天（zuìjìn jǐ tiān）|最近怎么样（zuìjìn zěnmeyàng）|最近发生的事（zuìjìn fāshēng de shì）,你最近忙吗？,Nǐ zuìjìn máng ma?,این اواخر سرت شلوغ است؟,通常指离现在较近的一段时间，可指过去最近，也可根据语境指即将到来的最近时间。
490,最近,zuìjìn,HSK 2,形容词,2,距离、时间或关系上最接近的（形）,"نزدیک‌ترین؛ نزدیک‌ترین از نظر فاصله، زمان یا رابطه (صفت)",最近的车站（zuì jìn de chēzhàn）|最近的时间（zuì jìn de shíjiān）|离这里最近（lí zhèli zuì jìn）|最近的亲人（zuì jìn de qīnrén）,最近的地铁站在哪里？,Zuì jìn de dìtiězhàn zài nǎli?,نزدیک‌ترین ایستگاه مترو کجاست؟,作形容词时是“最 + 近”，表示“نزدیک‌ترین”。
491,做客,zuòkè,HSK 3,动词,1,到别人家里或某个地方作客、当客人（动）,مهمان شدن؛ به مهمانی رفتن؛ به عنوان مهمان جایی رفتن (فعل),去朋友家做客（qù péngyou jiā zuòkè）|到中国家庭做客（dào Zhōngguó jiātíng zuòkè）|欢迎来做客（huānyíng lái zuòkè）|第一次做客（dì-yī cì zuòkè）,周末我去朋友家做客。,Zhōumò wǒ qù péngyou jiā zuòkè.,آخر هفته به خانهٔ دوستم مهمان می‌روم.,“做客”是当客人；不要和“请客”混淆，后者是 مهمان کردن/خرج دادن。
492,作业,zuòyè,HSK 2,名词,1,老师布置给学生课后完成的学习任务（名）,تکلیف؛ تکلیف مدرسه/کلاس (اسم),做作业（zuò zuòyè）|写作业（xiě zuòyè）|交作业（jiāo zuòyè）|数学作业（shùxué zuòyè）,我还没做完今天的作业。,Wǒ hái méi zuò wán jīntiān de zuòyè.,من هنوز تکلیف امروز را تمام نکرده‌ام.,学生语境中最常指 homework；动词常用“做、写、交”。
492,作业,zuòyè,HSK 2,名词,2,工作、生产或技术操作中的任务或操作活动（名）,"کار عملیاتی؛ عملیات؛ فعالیت کاری/فنی، بسته به بافت (اسم)",高空作业（gāokōng zuòyè）|施工作业（shīgōng zuòyè）|现场作业（xiànchǎng zuòyè）|夜间作业（yèjiān zuòyè）,工人正在进行高空作业。,Gōngrén zhèngzài jìnxíng gāokōng zuòyè.,کارگران در حال انجام کار در ارتفاع هستند.,此义多用于工作、生产、安全或技术语境；不是学生的“homework”。
