word_id,chinese_word,pinyin,word_hsk_level,official_pos,sense_id,chinese_meaning,persian_meaning,chinese_pos,persian_pos,collocations,example_chinese,example_pinyin,example_persian_translation,notes
1,爱情,àiqíng,HSK 4,名词,1,男女或恋人之间的爱；恋爱中的感情（名）,عشق؛ عشق رمانتیک؛ رابطهٔ عاشقانه میان دو نفر (اسم),名,اسم,美好的爱情（měihǎo de àiqíng）|真正的爱情（zhēnzhèng de àiqíng）|爱情故事（àiqíng gùshi）|相信爱情（xiāngxìn àiqíng）,她一直相信真正的爱情。,Tā yìzhí xiāngxìn zhēnzhèng de àiqíng.,او همیشه به عشق واقعی باور داشته است.,主要指恋人之间的爱情，不泛指亲情或友情；“恋爱”更强调谈恋爱的状态或行为。
2,爱心,àixīn,HSK 4,名词,1,关心、爱护和帮助别人的心意（名）,محبت؛ دلسوزی؛ حس نوع‌دوستی و کمک به دیگران (اسم),名,اسم,有爱心（yǒu àixīn）|献爱心（xiàn àixīn）|爱心活动（àixīn huódòng）|爱心人士（àixīn rénshì）,她很有爱心，经常帮助别人。,"Tā hěn yǒu àixīn, jīngcháng bāngzhù biéren.",او خیلی دلسوز و مهربان است و اغلب به دیگران کمک می‌کند.,不是“爱情”的意思，而是关爱、善意、同情心或公益心。
3,按,àn,HSK 4,动词,1,用手或手指向下压，常为了启动按钮、门铃、开关等（动）,فشار دادن؛ فشردن، معمولاً برای فعال کردن دکمه، زنگ، کلید و مانند آن (فعل),动,فعل,按按钮（àn ànniǔ）|按门铃（àn ménlíng）|按开关（àn kāiguān）|按键盘（àn jiànpán）,请按一下这个按钮。,Qǐng àn yí xià zhè ge ànniǔ.,لطفاً این دکمه را یک بار فشار بده.,常用于按钮、门铃、开关、键盘等，强调“按一下/按下去”使某物起作用。
3,按,àn,HSK 4,动词,2,用手压住某物，使它不动、不掉、不流出或保持在原处（动）,با فشار دست نگه داشتن؛ فشار دادن و ثابت نگه داشتن چیزی تا حرکت نکند، نیفتد یا خون/چیزی بیرون نیاید (فعل),动,فعل,按住伤口（ànzhù shāngkǒu）|按住帽子（ànzhù màozi）|按住纸（ànzhù zhǐ）|按住他的手（ànzhù tā de shǒu）,他用手按住伤口。,Tā yòng shǒu ànzhù shāngkǒu.,او با دست روی زخم را فشار داد و نگه داشت.,常和“住”连用，强调压住不放；这里是具体动作，不是启动按钮。
3,按,àn,HSK 4,动词,3,压住、控制住某种情绪、想法或冲动；也可较书面地表示暂时压下某事不提（动）,مهار کردن؛ فرو نشاندن؛ کنترل کردن احساس، فکر یا میل درونی؛ در کاربرد نوشتاری: فعلاً کنار گذاشتن/مطرح نکردن موضوعی (فعل),动,فعل,按住怒火（ànzhù nùhuǒ）|按不住怒火（àn bú zhù nùhuǒ）|按住心里的激动（ànzhù xīn li de jīdòng）|按下不提（àn xià bù tí）,他按不住心头的怒火。,Tā àn bú zhù xīntóu de nùhuǒ.,او نتوانست خشم درونش را مهار کند.,
3,按,àn,HSK 4,介词,4,根据某种规定、要求、方式、顺序或计划来做；按照（介）,طبقِ؛ بر اساسِ؛ مطابقِ یک قانون، درخواست، روش، ترتیب یا برنامه (حرف اضافه),介,حرف اضافه,按规定（àn guīdìng）|按顺序（àn shùnxù）|按要求（àn yāoqiú）|按计划（àn jìhuà）,请按顺序排队。,Qǐng àn shùnxù páiduì.,لطفاً به ترتیب صف بایستید.,此义相当于“按照”；“按照”更完整、更正式一些，常用于规则、要求、顺序、计划、方法等。
3,按,àn,HSK 4,介词,5,以某种单位、数量、比例或标准来计算、收费、分配等（介）,بر مبنای؛ به ازای؛ بر اساسِ واحد، مقدار، نسبت یا معیار برای محاسبه، دریافت هزینه یا تقسیم (حرف اضافه),介,حرف اضافه,按小时收费（àn xiǎoshí shōufèi）|按人数计算（àn rénshù jìsuàn）|按比例分配（àn bǐlì fēnpèi）|按月付款（àn yuè fùkuǎn）,这个房间按小时收费。,Zhè ge fángjiān àn xiǎoshí shōufèi.,هزینهٔ این اتاق به‌صورت ساعتی حساب می‌شود.,这是“按照/根据”的具体用法，但在计算、收费、付款、分配中很常见， فارسی معمولاً با “به ازای/بر مبنای/به‌صورت...” ترجمه می‌شود。
4,安检,ānjiǎn,HSK 4,名词、动词,1,安全检查；对人、行李或物品进行安全检查（名/动）,بازرسی امنیتی؛ کنترل امنیتی؛ بازرسی کردن از نظر امنیتی (اسم/فعل),名/动,اسم/فعل,过安检（guò ānjiǎn）|机场安检（jīchǎng ānjiǎn）|安检口（ānjiǎn kǒu）|接受安检（jiēshòu ānjiǎn）,进站前需要先过安检。,Jìnzhàn qián xūyào xiān guò ānjiǎn.,قبل از ورود به ایستگاه باید اول از بازرسی امنیتی رد شوی.,“安检”是“安全检查”的简称，常见于机场、地铁站、火车站、会场等。
5,安排,ānpái,HSK 4,动词,1,有计划地处理、布置事情或时间（动）,ترتیب دادن؛ برنامه‌ریزی کردن؛ هماهنگ کردن؛ تنظیم کردن (فعل),动,فعل,安排时间（ānpái shíjiān）|安排工作（ānpái gōngzuò）|安排会议（ānpái huìyì）|安排住宿（ānpái zhùsù）,我已经安排好了明天的会议。,Wǒ yǐjīng ānpái hǎo le míngtiān de huìyì.,من جلسهٔ فردا را از قبل هماهنگ کرده‌ام.,可用于时间、工作、活动、住宿、交通等。
5,安排,ānpái,HSK 4,动词,2,给某人分配工作、位置、住处或任务（动）,اختصاص دادن؛ تعیین کردن؛ جا دادن؛ مأمور کردن کسی به کاری (فعل),动,فعل,安排任务（ānpái rènwu）|安排座位（ānpái zuòwèi）|安排房间（ānpái fángjiān）|安排人手（ānpái rénshǒu）,老师给每个学生安排了任务。,Lǎoshī gěi měi ge xuésheng ānpái le rènwu.,معلم برای هر دانش‌آموز وظیفه‌ای تعیین کرد.,强调把人或资源放到合适的位置或任务中。
5,安排,ānpái,HSK 4,名词,3,计划、布置或已经决定好的事项（名）,برنامه؛ ترتیب؛ هماهنگی؛ چیزی که از قبل برای انجام کارها تعیین و تنظیم شده است (اسم),名,اسم,工作安排（gōngzuò ānpái）|时间安排（shíjiān ānpái）|具体安排（jùtǐ ānpái）|听从安排（tīngcóng ānpái）,你对这个安排满意吗？,Nǐ duì zhè ge ānpái mǎnyì ma?,از این برنامه/ترتیب راضی هستی؟,名词用法常指已经做好的计划或布置。
6,按时,ànshí,HSK 4,副词,1,按照规定或约定的时间；准时（副）,سرِ وقت؛ به‌موقع؛ طبق زمان مقرر (قید),副,قید,按时到达（ànshí dàodá）|按时完成（ànshí wánchéng）|按时上班（ànshí shàngbān）|按时吃药（ànshí chī yào）,请按时完成作业。,Qǐng ànshí wánchéng zuòyè.,لطفاً تکلیف را به‌موقع تمام کن.,强调不早不晚或不拖延；和“准时”接近。
7,按照,ànzhào,HSK 4,介词,1,根据某种标准、规则、要求、方法或计划来做（介）,طبقِ؛ بر اساسِ؛ مطابقِ؛ بنا بر (حرف اضافه),介,حرف اضافه,按照规定（ànzhào guīdìng）|按照要求（ànzhào yāoqiú）|按照计划（ànzhào jìhuà）|按照说明（ànzhào shuōmíng）,请按照说明使用这个软件。,Qǐng ànzhào shuōmíng shǐyòng zhè ge ruǎnjiàn.,لطفاً طبق راهنما از این نرم‌افزار استفاده کن.,比单独的“按”更完整、更正式；后面常接规定、要求、计划、方法、说明等。
8,白酒,báijiǔ,HSK 4,名词,1,用高粱、小麦、玉米、稻米等粮食发酵、蒸馏制成的中国传统烈酒，通常无色透明（名）,بایجیو؛ مشروب تقطیری سنتی چین که از تخمیر و تقطیر غلاتی مثل سورگوم، گندم، ذرت یا برنج درست می‌شود و معمولاً قوی و شفاف است (اسم),名,اسم,喝白酒（hē báijiǔ）|一瓶白酒（yì píng báijiǔ）|高度白酒（gāodù báijiǔ）|中国白酒（Zhōngguó báijiǔ）,他不太会喝白酒。,Tā bú tài huì hē báijiǔ.,او زیاد نمی‌تواند بایجیو بخورد/بنوشد.,不要直译成“شراب سفید”；“白酒”是中国粮食蒸馏烈酒，和葡萄酒里的 white wine 不一样。
9,棒,bàng,HSK 4,名词,1,棍子；细长而硬的东西（名）,چوب؛ میله؛ چیز باریک و سخت (اسم),名,اسم,木棒（mùbàng）|铁棒（tiěbàng）|接力棒（jiēlìbàng）|冰棒（bīngbàng）,他手里拿着一根木棒。,Tā shǒu li názhe yì gēn mùbàng.,او یک چوب در دست داشت.,作名词时表示棍状物；“接力棒、冰棒”等可作为独立词条。
9,棒,bàng,HSK 4,形容词,2,很好、很出色；令人满意（形）,عالی؛ خیلی خوب؛ درجه‌یک؛ فوق‌العاده (صفت),形,صفت,很棒（hěn bàng）|太棒了（tài bàng le）|棒极了（bàng jí le）|表现很棒（biǎoxiàn hěn bàng）,你的中文说得很棒！,Nǐ de Zhōngwén shuō de hěn bàng!,چینی‌ات را خیلی عالی صحبت می‌کنی!,口语常用，语气积极；“太棒了！”相当于“عالیه!”。
10,办公,bàngōng,HSK 4,动词,1,处理公务或工作事务；在办公室或其他地点处理工作（动）,کار اداری/کاری انجام دادن؛ به امور کاری یا اداری رسیدگی کردن؛ در دفتر یا به‌صورت دورکاری کار کردن (فعل),动,فعل,在家办公（zài jiā bàngōng）|远程办公（yuǎnchéng bàngōng）|移动办公（yídòng bàngōng）|集中办公（jízhōng bàngōng）,他今天在家办公。,Tā jīntiān zài jiā bàngōng.,او امروز از خانه کار می‌کند/دورکاری می‌کند.,
10,办公,bàngōng,HSK 4,语素,2,和办公室、行政工作或工作事务有关；常放在名词前构成词语（语素）,اداری؛ دفتری؛ مربوط به دفتر، محیط کار یا امور کاری، بیشتر در ترکیب‌ها (تکواژ),语素,تکواژ,办公楼（bàngōnglóu）|办公用品（bàngōng yòngpǐn）|办公软件（bàngōng ruǎnjiàn）|办公设备（bàngōng shèbèi）,公司买了一些新的办公设备。,Gōngsī mǎi le yìxiē xīn de bàngōng shèbèi.,شرکت مقداری تجهیزات اداری جدید خرید.,
11,办理,bànlǐ,HSK 4,动词,1,处理并完成某项事务、手续、申请或业务，多用于正式或机构语境（动）,رسیدگی و انجام دادن یک کار رسمی، اداری یا سازمانی؛ طی کردن مراحل لازم برای ثبت، دریافت یا انجام کاری (فعل),动,فعل,办理手续（bànlǐ shǒuxù）|办理签证（bànlǐ qiānzhèng）|办理业务（bànlǐ yèwù）|办理登记（bànlǐ dēngjì）,我明天去银行办理业务。,Wǒ míngtiān qù yínháng bànlǐ yèwù.,من فردا برای انجام کارهای بانکی به بانک می‌روم.,多用于比较正式或行政、机构语境，如银行、政府、学校、公司等；常接“手续、业务、签证、登记、证件”等。
12,办事,bànshì,HSK 4,动词,1,处理事情、办理事务（动）,کار انجام دادن؛ به کاری/اموری رسیدگی کردن (فعل),动,فعل,出去办事（chūqù bànshì）|帮人办事（bāng rén bànshì）|办事效率（bànshì xiàolǜ）|办事认真（bànshì rènzhēn）,他今天出去办事了。,Tā jīntiān chūqù bànshì le.,او امروز برای انجام کاری بیرون رفته است.,“办事”泛指处理事情，不一定是正式手续；“办理”更偏正式、行政或手续性事务。
12,办事,bànshì,HSK 4,动词,2,按一定方式、能力或态度处理工作；常用于评价人（动）,کارها را به شیوه‌ای انجام دادن؛ رسیدگی کردن به امور از نظر توانایی یا سبک کار (فعل),动,فعل,办事能力（bànshì nénglì）|办事风格（bànshì fēnggé）|办事可靠（bànshì kěkào）|办事不认真（bànshì bù rènzhēn）,她办事很可靠，大家都信任她。,"Tā bànshì hěn kěkào, dàjiā dōu xìnrèn tā.",او در انجام کارها خیلی قابل‌اعتماد است و همه به او اعتماد دارند.,此义常用于评价一个人处理事情的能力、效率、态度或风格。
13,抱,bào,HSK 4,动词,1,用手臂围住、搂住或把人、动物、东西放在怀里（动）,بغل کردن؛ در آغوش گرفتن؛ در بغل/آغوش نگه داشتن یا حمل کردن (فعل),动,فعل,抱孩子（bào háizi）|抱着猫（bào zhe māo）|抱在怀里（bào zài huái li）|拥抱（yōngbào）,妈妈抱着孩子。,Māma bào zhe háizi.,مادر بچه را بغل کرده بود.,
13,抱,bào,HSK 4,动词,2,心里怀有某种想法、态度、感情或希望（动）,در دل داشتن؛ داشتنِ فکر، امید، نگرش، احساس یا موضعی خاص (فعل),动,فعل,抱有希望（bào yǒu xīwàng）|抱有信心（bào yǒu xìnxīn）|抱着怀疑态度（bào zhe huáiyí tàidù）|抱同情态度（bào tóngqíng tàidù）,我们对未来抱有很大希望。,Wǒmen duì wèilái bào yǒu hěn dà xīwàng.,ما نسبت به آینده امید زیادی داریم.,
13,抱,bào,HSK 4,量词,3,两臂合围能抱住的数量；一抱、一大抱（量）,یک بغل؛ مقداری که با دو دست/دو بازو بتوان بغل کرد یا برداشت (واحد شمارش),量,واحد شمارش,一抱书（yì bào shū）|一抱柴（yì bào chái）|一大抱花（yí dà bào huā）|抱了一抱草（bào le yì bào cǎo）,她抱来一大抱花。,Tā bào lái yí dà bào huā.,او یک بغل بزرگ گل آورد.,
13,抱,bào,HSK 4,动词,4,孵化；鸟类伏在蛋上使小鸟出来（动）,روی تخم خوابیدن؛ جوجه درآوردن (فعل),动,فعل,抱窝（bào wō）|母鸡抱蛋（mǔjī bào dàn）|抱小鸡（bào xiǎojī）|抱出小鸡（bào chū xiǎojī）,这只母鸡正在抱窝。,Zhè zhī mǔjī zhèngzài bào wō.,این مرغ دارد روی تخم‌ها می‌خوابد/جوجه درمی‌آورد.,
13,抱,bào,HSK 4,动词,5,在“抱孙子”等表达中，字面是抱孙辈，常引申为有孙子或孙辈（动）,در عبارت‌هایی مثل «抱孙子» یعنی نوه را بغل کردن و به‌صورت کنایه‌ای نوه‌دار شدن (فعل),动,فعل,抱孙子（bào sūnzi）|想抱孙子（xiǎng bào sūnzi）|早日抱孙子（zǎorì bào sūnzi）|盼着抱孙子（pàn zhe bào sūnzi）,老人盼着早日抱孙子。,Lǎorén pàn zhe zǎorì bào sūnzi.,پیرمرد/پیرزن امیدوار است زودتر نوه‌دار شود.,
14,抱养,bàoyǎng,HSK 4,动词,1,把别人的孩子当作自己的孩子来抚养（动）,به فرزندی گرفتن؛ کودک دیگری را مثل فرزند خود بزرگ کردن (فعل),动,فعل,抱养孩子（bàoyǎng háizi）|抱养女儿（bàoyǎng nǚ’ér）|被人抱养（bèi rén bàoyǎng）|抱养手续（bàoyǎng shǒuxù）,他们抱养了一个孩子。,Tāmen bàoyǎng le yí ge háizi.,آن‌ها کودکی را به فرزندی گرفتند.,
15,保护,bǎohù,HSK 4,动词,1,使人、事物、环境等不受伤害、损失或破坏（动）,محافظت کردن؛ حمایت کردن؛ نگهداری کردن از آسیب یا تخریب (فعل),动,فعل,保护环境（bǎohù huánjìng）|保护动物（bǎohù dòngwù）|保护自己（bǎohù zìjǐ）|受到保护（shòudào bǎohù）,我们应该保护环境。,Wǒmen yīnggāi bǎohù huánjìng.,ما باید از محیط‌زیست محافظت کنیم.,可用于人、动物、环境、权益、隐私、文化遗产等。
15,保护,bǎohù,HSK 4,名词,2,防止受到伤害、损失或破坏的措施或状态（名）,حفاظت؛ حمایت؛ محافظت؛ وضعیت یا اقدام محافظتی (اسم),名,اسم,法律保护（fǎlǜ bǎohù）|环境保护（huánjìng bǎohù）|隐私保护（yǐnsī bǎohù）|保护措施（bǎohù cuòshī）,这些孩子需要更多的保护。,Zhèxiē háizi xūyào gèng duō de bǎohù.,این بچه‌ها به حمایت/محافظت بیشتری نیاز دارند.,名词用法常见于“环境保护、法律保护、隐私保护、保护措施”等。
16,报考,bàokǎo,HSK 4,动词,1,报名参加考试，尤其是升学、资格或招聘考试（动）,برای شرکت در آزمون ثبت‌نام کردن؛ داوطلبِ امتحان یا پذیرش شدن (فعل),动,فعل,报考大学（bàokǎo dàxué）|报考研究生（bàokǎo yánjiūshēng）|报考公务员（bàokǎo gōngwùyuán）|报考条件（bàokǎo tiáojiàn）,他想报考北京的一所大学。,Tā xiǎng bàokǎo Běijīng de yì suǒ dàxué.,او می‌خواهد برای آزمون/پذیرش یکی از دانشگاه‌های پکن ثبت‌نام کند.,“报考”强调报名参加考试或申请某类考试；比“报名”范围窄。
17,报名,bàomíng,HSK 4,动词,1,把自己的名字登记下来，表示参加某项活动、考试、课程等（动）,ثبت‌نام کردن؛ نام‌نویسی کردن (فعل),动,فعل,报名参加（bàomíng cānjiā）|网上报名（wǎngshàng bàomíng）|报名考试（bàomíng kǎoshì）|报名上课（bàomíng shàngkè）,我已经报名参加中文考试了。,Wǒ yǐjīng bàomíng cānjiā Zhōngwén kǎoshì le.,من برای شرکت در امتحان چینی ثبت‌نام کرده‌ام.,可用于考试、课程、比赛、活动等；“报考”更偏参加考试或升学、资格考试。
17,报名,bàomíng,HSK 4,名词,2,报名这件事；报名手续或报名阶段（名）,ثبت‌نام؛ فرایند یا مرحلهٔ نام‌نویسی (اسم),名,اسم,报名时间（bàomíng shíjiān）|报名费（bàomíng fèi）|报名表（bàomíng biǎo）|报名截止（bàomíng jiézhǐ）,报名时间是下周一到周五。,Bàomíng shíjiān shì xià zhōu yī dào zhōu wǔ.,زمان ثبت‌نام از دوشنبه تا جمعهٔ هفتهٔ آینده است.,名词用法常见于“报名时间、报名费、报名表、报名截止”等。
18,抱歉,bàoqiàn,HSK 4,形容词、动词,1,因打扰、失误、不能帮忙或给别人带来不便而感到过意不去，并表示歉意（形/动）,متأسف بودن؛ پوزش خواستن؛ بابت مزاحمت، اشتباه، کمک‌نکردن یا ایجاد زحمت برای کسی احساس ناراحتی و عذرخواهی کردن (صفت/فعل),形/动,صفت/فعل,非常抱歉（fēicháng bàoqiàn）|深感抱歉（shēngǎn bàoqiàn）|感到抱歉（gǎndào bàoqiàn）|抱歉地说（bàoqiàn de shuō）,很抱歉，我来晚了。,"Hěn bàoqiàn, wǒ lái wǎn le.",خیلی متأسفم، دیر رسیدم.,比“不好意思”更正式一些；常用于道歉、解释或礼貌拒绝。
19,保证,bǎozhèng,HSK 4,动词,1,担保一定做到、一定真实或一定不出问题（动）,تضمین کردن؛ قول دادن؛ اطمینان دادن (فعل),动,فعل,保证质量（bǎozhèng zhìliàng）|保证安全（bǎozhèng ānquán）|保证完成（bǎozhèng wánchéng）|我保证（wǒ bǎozhèng）,我保证明天按时到。,Wǒ bǎozhèng míngtiān ànshí dào.,قول می‌دهم/تضمین می‌کنم فردا سر وقت برسم.,可表示正式担保，也可表示口语中的承诺。
19,保证,bǎozhèng,HSK 4,名词,2,担保、承诺或使事情能够实现的条件（名）,تضمین؛ ضمانت؛ قول؛ شرط یا پشتوانهٔ اطمینان‌بخش (اسم),名,اسم,质量保证（zhìliàng bǎozhèng）|安全保证（ānquán bǎozhèng）|没有保证（méi yǒu bǎozhèng）|提供保证（tígōng bǎozhèng）,努力是成功的重要保证。,Nǔlì shì chénggōng de zhòngyào bǎozhèng.,تلاش پشتوانهٔ مهمی برای موفقیت است.,名词用法可指承诺、保障、条件或保证书/担保。
20,倍,bèi,HSK 4,量词,1,表示数量、程度按原数成倍计算；“两倍”表示原数的二倍，“增加一倍”表示比原来多出一倍、结果通常变成原来的两倍，“增加两倍”表示比原来多出两倍、结果通常变成原来的三倍（量）,برابر؛ چند برابر؛ واحدی برای بیان نسبت چندبرابری؛ «两倍» یعنی دو برابرِ مقدار اصلی، «增加一倍» یعنی یک برابرِ مقدار اصلی اضافه شدن و معمولاً در نتیجه دو برابر شدن، و «增加两倍» یعنی دو برابرِ مقدار اصلی اضافه شدن و معمولاً در نتیجه سه برابر شدن (واحد شمارش),量,واحد شمارش,两倍（liǎng bèi）|三倍（sān bèi）|增加一倍（zēngjiā yí bèi）|增加两倍（zēngjiā liǎng bèi）,今年的收入是去年的两倍。,Jīnnián de shōurù shì qùnián de liǎng bèi.,درآمد امسال دو برابرِ سال گذشته است.,
20,倍,bèi,HSK 4,副词、语素,2,更加、格外；表示程度明显加深，多用于较书面表达或固定搭配（副/语素）,بسیار؛ به‌مراتب؛ خیلی بیشتر؛ برای نشان دادن بیشتر شدن شدت، درجه یا احساس، بیشتر در ترکیب‌های رسمی یا ثابت (قید/تکواژ),副/语素,قید/تکواژ,倍感亲切（bèi gǎn qīnqiè）|倍受欢迎（bèi shòu huānyíng）|信心倍增（xìnxīn bèizēng）|事半功倍（shì bàn gōng bèi）,听到这句话，他倍感亲切。,"Tīngdào zhè jù huà, tā bèi gǎn qīnqiè.",با شنیدن این حرف، احساس صمیمیت بسیار بیشتری کرد.,
21,背,bèi,HSK 4,名词,1,人体后面从肩到腰的部分；背部（名）,پشت بدن؛ ناحیهٔ پشت از شانه تا کمر (اسم),名,اسم,后背（hòubèi）|背疼（bèi téng）|背上（bèi shang）|拍背（pāi bèi）,他背疼，需要休息。,"Tā bèi téng, xūyào xiūxi.",پشتش درد می‌کند و نیاز به استراحت دارد.,
21,背,bēi,HSK 4,动词,2,把人或东西放在背上带着、驮着（动）,به پشت حمل کردن؛ کول کردن؛ چیزی یا کسی را روی پشت بردن (فعل),动,فعل,背孩子（bēi háizi）|背书包（bēi shūbāo）|背着行李（bēi zhe xíngli）,他背着一个大书包。,Tā bēi zhe yí ge dà shūbāo.,او یک کیف مدرسهٔ بزرگ به پشت داشت/حمل می‌کرد.,
21,背,bèi,HSK 4,动词,3,凭记忆说出、写出或记住文字、内容等（动）,حفظ کردن؛ از حفظ گفتن یا خواندن؛ به خاطر سپردن متن، کلمه یا مطلب (فعل),动,فعل,背课文（bèi kèwén）|背单词（bèi dāncí）|背下来（bèi xiàlái）|背得很熟（bèi de hěn shú）,我每天背二十个中文单词。,Wǒ měi tiān bèi èrshí ge Zhōngwén dāncí.,من هر روز بیست کلمهٔ چینی حفظ می‌کنم.,
21,背,bèi,HSK 4,动词,4,背部朝着某人、某物或某个方向；也可表示方向和某物相反（动）,پشت به کسی، چیزی یا جهتی بودن؛ پشت کردن به چیزی؛ در جهت مخالف چیزی قرار گرفتن (فعل),动,فعل,背对着门（bèi duì zhe mén）|背对着我（bèi duì zhe wǒ）|背着光（bèi zhe guāng）|背朝大海（bèi cháo dàhǎi）,他背对着门坐着。,Tā bèi duì zhe mén zuò zhe.,او پشت به در نشسته بود.,
21,背,bèi,HSK 4,形容词,5,运气不好；事情不顺利，多用于口语中的“运气背、手气背”等（形）,بدشانس؛ بدبیار؛ نامساعد و بد پیش رفتنِ اوضاع، بیشتر در گفتار و در ترکیب‌هایی مثل «运气背/手气背» (صفت),形,صفت,运气背（yùnqi bèi）|手气背（shǒuqì bèi）|今天真背（jīntiān zhēn bèi,他最近运气很背。,Tā zuìjìn yùnqi hěn bèi.,او اخیراً خیلی بدشانسی می‌آورد.,
22,背离,bèilí,HSK 4,动词,1,离开或违背原来的方向、原则、事实、目标等（动）,منحرف شدن از؛ فاصله گرفتن از؛ برخلافِ جهت، اصل، واقعیت یا هدف قبلی رفتن (فعل),动,فعل,背离事实（bèilí shìshí）|背离原则（bèilí yuánzé）|背离目标（bèilí mùbiāo）|背离方向（bèilí fāngxiàng）,这个说法背离了事实。,Zhè ge shuōfǎ bèilí le shìshí.,این گفته از واقعیت فاصله دارد / برخلاف واقعیت است.,
23,背包,bēibāo,HSK 4,名词,1,背在背上的包；用于上学、旅行或日常携带东西的包（名）,کوله‌پشتی؛ کیفی که روی پشت حمل می‌شود و برای مدرسه، سفر یا حمل وسایل روزمره به کار می‌رود (اسم),名,اسم,一个背包（yí ge bēibāo）|旅行背包（lǚxíng bēibāo）|双肩背包（shuāngjiān bēibāo）|背包客（bēibāokè）,他背着一个黑色背包。,Tā bēi zhe yí ge hēisè bēibāo.,او یک کوله‌پشتی سیاه به پشت دارد.,
24,北部,běibù,HSK 4,名词,1,一个地区或国家的北边部分（名）,بخش شمالی؛ شمالِ یک منطقه یا کشور (اسم),名,اسم,中国北部（Zhōngguó běibù）|城市北部（chéngshì běibù）|北部地区（běibù dìqū）|北部山区（běibù shānqū）,这个城市的北部比较安静。,Zhè ge chéngshì de běibù bǐjiào ānjìng.,بخش شمالی این شهر نسبتاً آرام است.,常指某个整体内部的北边区域；和“北方”相比，“北部”更偏地理分区。
25,笨,bèn,HSK 4,形容词,1,理解、反应或学习能力差；不聪明（形）,کندذهن؛ کم‌هوش؛ خنگ، بسته به لحن (صفت),形,صفت,很笨（hěn bèn）|笨孩子（bèn háizi）|不笨（bù bèn）|又笨又慢（yòu bèn yòu màn）,他一点儿也不笨，只是需要多练习。,"Tā yìdiǎnr yě bù bèn, zhǐshì xūyào duō liànxí.",او اصلاً خنگ نیست، فقط باید بیشتر تمرین کند.,说人“笨”可能不礼貌；语气较直接。
25,笨,bèn,HSK 4,形容词,2,动作、方法或工具不灵活、不方便；笨拙（形）,دست‌وپاچلفتی؛ ناشیانه؛ سنگین و غیرچابک؛ ناکارآمد (صفت),形,صفت,笨办法（bèn bànfǎ）|笨手笨脚（bènshǒu-bènjiǎo）|动作很笨（dòngzuò hěn bèn）,这个办法有点儿笨，但很有效。,"Zhè ge bànfǎ yǒudiǎnr bèn, dàn hěn yǒuxiào.",این روش کمی ابتدایی/ناشیانه است، اما خیلی مؤثر است.,此义不一定指智力，常指方法不巧、动作不灵活或东西笨重。
26,本科,běnkē,HSK 4,名词,1,大学本科阶段；学士学位阶段的教育（名）,مقطع کارشناسی؛ دورهٔ لیسانس (اسم),名,اسم,本科生（běnkēshēng）|本科毕业（běnkē bìyè）|本科学历（běnkē xuélì）|本科专业（běnkē zhuānyè）,她是中文专业的本科生。,Tā shì Zhōngwén zhuānyè de běnkēshēng.,او دانشجوی کارشناسی رشتهٔ زبان چینی است.,指大学里的 undergraduate/bachelor 阶段；“本科生、本科学历、本科专业”可作为相关词。
27,本来,běnlái,HSK 4,副词,1,原来、起初；事情原本就是这样（副）,در اصل؛ در ابتدا؛ از اول؛ اساساً (قید),副,قید,本来就知道（běnlái jiù zhīdào）|本来不是这样（běnlái bú shì zhèyàng）|本来很好（běnlái hěn hǎo）|本来应该（běnlái yīnggāi）,这件事本来很简单。,Zhè jiàn shì běnlái hěn jiǎndān.,این موضوع در اصل خیلی ساده بود.,表示原来的情况或本质状态。
27,本来,běnlái,HSK 4,副词,2,表示原先的打算或预期，后来发生了变化（副）,قرار بود؛ در ابتدا قصد داشتم/داشت؛ اولش قرار بود، اما بعد تغییر کرد (قید),副,قید,本来想去（běnlái xiǎng qù）|本来打算（běnlái dǎsuàn）|本来要来（běnlái yào lái）|本来可以（běnlái kěyǐ）,我本来想去，但是下雨了。,"Wǒ běnlái xiǎng qù, dànshì xià yǔ le.",اولش می‌خواستم بروم، اما باران آمد.,常和“但是、可是、后来”搭配，表示计划或预期改变。
28,便于,biànyú,HSK 4,动词,1,使做某事方便；有利于某事进行（动）,آسان کردن؛ مناسب بودن برای؛ کمک کردن به انجام کاری (فعل),动,فعل,便于管理（biànyú guǎnlǐ）|便于理解（biànyú lǐjiě）|便于使用（biànyú shǐyòng）|便于交流（biànyú jiāoliú）,这张图便于大家理解。,Zhè zhāng tú biànyú dàjiā lǐjiě.,این تصویر فهم موضوع را برای همه آسان می‌کند.,较书面；常用于“便于+动词/名词性短语”，意思接近“方便……/有利于……”。
29,表,biǎo,HSK 4,名词,1,显示时间的工具；手表、钟表等（名）,ساعت؛ ساعت مچی یا ابزار نشان‌دهندهٔ زمان (اسم),名,اسم,手表（shǒubiǎo）|电子表（diànzǐbiǎo）|戴表（dài biǎo）|看表（kàn biǎo）,他看了看表，发现已经八点了。,"Tā kàn le kan biǎo, fāxiàn yǐjīng bā diǎn le.",او نگاهی به ساعتش انداخت و فهمید که ساعت هشت شده است.,
29,表,biǎo,HSK 4,名词,2,用来显示、测量或记录某种数值的仪器或装置（名）,کنتور؛ درجه؛ دستگاه یا ابزار اندازه‌گیری و نشان‌دادن عدد، مقدار یا وضعیت (اسم),名,اسم,电表（diànbiǎo）|水表（shuǐbiǎo）|温度表（wēndùbiǎo）|仪表（yíbiǎo）,请看一下电表上的数字。,Qǐng kàn yí xià diànbiǎo shang de shùzì.,لطفاً عدد روی کنتور برق را نگاه کن.,
29,表,biǎo,HSK 4,名词,3,按项目、行列或时间顺序整理出来的书面材料；表格、清单、图表、时间表等（名）,فرم؛ جدول؛ فهرست؛ نمودار یا برنامه‌ای که اطلاعات در آن به‌صورت منظم، ردیفی، ستونی یا زمانی تنظیم شده است (اسم),名,اسم,填表（tián biǎo）|报名表（bàomíngbiǎo）|时间表（shíjiānbiǎo）|统计表（tǒngjìbiǎo）,请先填这张表。,Qǐng xiān tián zhè zhāng biǎo.,لطفاً اول این فرم را پر کنید.,
29,表,biǎo,HSK 4,动词,4,表达、表示；把感谢、歉意、态度、心意等说出或显示出来（动）,بیان کردن؛ ابراز کردن؛ نشان دادنِ تشکر، عذرخواهی، نگرش، نیت یا احساس (فعل),动,فعل,以表感谢（yǐ biǎo gǎnxiè）|略表心意（lüè biǎo xīnyì）|聊表歉意（liáo biǎo qiànyì）|表决心（biǎo juéxīn）,我送你一点小礼物，以表感谢。,"Wǒ sòng nǐ yì diǎn xiǎo lǐwù, yǐ biǎo gǎnxiè.",یک هدیهٔ کوچک به تو می‌دهم تا تشکرم را ابراز کنم.,
29,表,biǎo,HSK 4,动词,5,表达、表示；把感谢、歉意、态度、心意、决心等说出或显示出来，多用于书面语或固定表达（动）,بیان کردن؛ ابراز کردن؛ نشان دادنِ تشکر، عذرخواهی، نگرش، نیت یا عزم؛ بیشتر در عبارت‌های رسمی، نوشتاری یا ترکیب‌های ثابت به کار می‌رود (فعل),动,فعل,以表感谢（yǐ biǎo gǎnxiè）|以表歉意（yǐ biǎo qiànyì）|略表心意（lüè biǎo xīnyì）|表决心（biǎo juéxīn）,我送你一点小礼物，以表感谢。,"Wǒ sòng nǐ yì diǎn xiǎo lǐwù, yǐ biǎo gǎnxiè.",یک هدیهٔ کوچک به تو می‌دهم تا تشکرم را ابراز کنم.,
29,表,biǎo,HSK 4,语素,6,亲属关系中表亲一类的；通常指和自己不同姓或母系一边的堂表亲属（语素）,خویشاوندیِ表، یعنی معمولاً خویشاوندان هم‌نسل از طرف مادر یا خویشاوندان غیرهم‌نام‌خانوادگی؛ مثل دخترخاله، پسرخاله، دختردایی، پسردایی و گاهی بسته به خانواده دخترعمه/پسرعمه (تکواژ),语素,تکواژ,表哥（biǎogē）|表姐（biǎojiě）|表弟（biǎodì）|表妹（biǎomèi）,我表姐在上海工作。,Wǒ biǎojiě zài Shànghǎi gōngzuò.,دخترخاله/دختردایی/دخترعمهٔ بزرگ‌ترم در شانگهای کار می‌کند.,
30,表格,biǎogé,HSK 4,名词,1,按行列或项目组织信息的格式或文件（名）,جدول؛ فرم؛ جدول/فرم اطلاعاتی (اسم),名,اسم,填写表格（tiánxiě biǎogé）|电子表格（diànzǐ biǎogé）|申请表格（shēnqǐng biǎogé）|表格内容（biǎogé nèiróng）,请把这份表格填完整。,Qǐng bǎ zhè fèn biǎogé tián wánzhěng.,لطفاً این فرم/جدول را کامل پر کنید.,可以指纸质或电子表格；如果强调 spreadsheet，可说“电子表格”。
31,表示,biǎoshì,HSK 4,动词,1,人或组织用语言、文字、动作等表达态度、感情、意见或礼貌（动）,بیان کردن؛ ابراز کردن؛ نشان دادنِ نظر، احساس، نگرش، موافقت، مخالفت، تشکر یا ادب از طرف یک شخص یا گروه (فعل),动,فعل,表示感谢（biǎoshì gǎnxiè）|表示同意（biǎoshì tóngyì）|表示反对（biǎoshì fǎnduì）|表示欢迎（biǎoshì huānyíng）,他向大家表示感谢。,Tā xiàng dàjiā biǎoshì gǎnxiè.,او از همه تشکر و قدردانی کرد.,
31,表示,biǎoshì,HSK 4,动词,2,符号、现象、数字、动作、情况等说明或意味着某种意思、结果或状态（动）,نشان دادن؛ دلالت داشتن بر؛ به معنیِ چیزی بودن؛ حاکی از معنا، نتیجه یا وضعیتی خاص بودن، وقتی فاعل نشانه، عدد، پدیده، رفتار یا وضعیت است (فعل),动,فعل,表示停止（biǎoshì tíngzhǐ）|表示成功（biǎoshì chénggōng）|表示有问题（biǎoshì yǒu wèntí）|这表示什么（zhè biǎoshì shénme）,红灯表示停止。,Hóngdēng biǎoshì tíngzhǐ.,چراغ قرمز یعنی توقف / نشان‌دهندهٔ توقف است.,
31,表示,biǎoshì,HSK 4,名词,3,表达出来的心意、态度、反应或象征性礼物、行动（名）,نشانه؛ ابراز نیت؛ واکنش؛ حرکت یا هدیه‌ای نمادین برای نشان دادن احترام، تشکر، عذرخواهی یا حسن‌نیت (اسم),名,اسم,一点表示（yìdiǎn biǎoshì）|没有表示（méi yǒu biǎoshì）|友好的表示（yǒuhǎo de biǎoshì）|感谢的表示（gǎnxiè de biǎoshì）,这是我们的一点表示，请收下。,"Zhè shì wǒmen de yìdiǎn biǎoshì, qǐng shōu xià.",این نشانهٔ کوچکی از حسن‌نیت/قدردانی ماست، لطفاً قبول کنید.,
32,表现,biǎoxiàn,HSK 4,动词,1,把思想、感情、特点、能力等显示出来，常说“表现出……”（动）,نشان دادن؛ بروز دادن؛ نمایان کردنِ فکر، احساس، ویژگی یا توانایی، معمولاً با ساختار «表现出...» (فعل),动,فعل,表现出能力（biǎoxiàn chū nénglì）|表现出感情（biǎoxiàn chū gǎnqíng）|表现出特点（biǎoxiàn chū tèdiǎn）|表现出兴趣（biǎoxiàn chū xìngqù）,他不太会表现自己的感情。,Tā bú tài huì biǎoxiàn zìjǐ de gǎnqíng.,او خیلی بلد نیست احساساتش را بروز دهد.,
32,表现,biǎoxiàn,HSK 4,名词,2,人在学习、工作、比赛、行为等方面显示出来的状态、成绩或质量（名）,عملکرد؛ رفتار؛ وضعیت یا کیفیتی که فرد در درس، کار، مسابقه یا رفتار نشان می‌دهد (اسم),名,اسم,表现很好（biǎoxiàn hěn hǎo）|工作表现（gōngzuò biǎoxiàn）|课堂表现（kètáng biǎoxiàn）|比赛表现（bǐsài biǎoxiàn）,她今天的表现很好。,Tā jīntiān de biǎoxiàn hěn hǎo.,عملکرد او امروز خیلی خوب بود.,
32,表现,biǎoxiàn,HSK 4,动词,3,故意显示自己，想让别人注意到自己；常带轻微贬义（动）,خودنمایی کردن؛ عمداً خود را نشان دادن برای جلب توجه، معمولاً با بار کمی منفی (فعل),动,فعل,爱表现（ài biǎoxiàn）|故意表现自己（gùyì biǎoxiàn zìjǐ）|急着表现自己（jízhe biǎoxiàn zìjǐ）,他有点儿爱表现。,Tā yǒudiǎnr ài biǎoxiàn.,او کمی دوست دارد خودنمایی کند.,
33,表扬,biǎoyáng,HSK 4,动词,1,对好人、好事或好的表现公开或正式地称赞（动）,تحسین کردن؛ تعریف کردن؛ تشویق کلامی/رسمی کردن به خاطر کار یا عملکرد خوب (فعل),动,فعل,表扬学生（biǎoyáng xuésheng）|受到表扬（shòudào biǎoyáng）|公开表扬（gōngkāi biǎoyáng）|表扬他的进步（biǎoyáng tā de jìnbù）,老师表扬了他的进步。,Lǎoshī biǎoyáng le tā de jìnbù.,معلم پیشرفت او را تحسین کرد.,“表扬”比“夸”更正式，常用于老师、领导、学校、单位等语境；反义词是“批评”。
33,表扬,biǎoyáng,HSK 4,名词,2,对好人、好事或好表现的称赞（名）,تحسین؛ تقدیر؛ تعریف رسمی یا آشکار (اسم),名,اسم,得到表扬（dédào biǎoyáng）|老师的表扬（lǎoshī de biǎoyáng）|口头表扬（kǒutóu biǎoyáng）|表扬信（biǎoyáng xìn）,他得到了老师的表扬。,Tā dédào le lǎoshī de biǎoyáng.,او مورد تحسین معلم قرار گرفت.,名词用法常见于“得到表扬、受到表扬、表扬信”等。
34,标准,biāozhǔn,HSK 4,名词,1,衡量、判断或要求事物的依据、准则或规定要求（名）,معیار؛ ملاک؛ استاندارد؛ ضابطه‌ای که با آن کیفیت، درستی، سطح یا قابل‌قبول بودنِ چیزی سنجیده می‌شود (اسم),名,اسم,达到标准（dádào biāozhǔn）|提高标准（tígāo biāozhǔn）|判断标准（pànduàn biāozhǔn）|质量标准（zhìliàng biāozhǔn）,这个产品达到了质量标准。,Zhè ge chǎnpǐn dádào le zhìliàng biāozhǔn.,این محصول به استاندارد کیفیت رسیده است.,
34,标准,biāozhǔn,HSK 4,形容词,2,符合标准、规范或公认要求的（形）,استاندارد؛ مطابق معیار؛ درست و پذیرفته‌شده بر اساس یک قاعده یا معیار مشخص (صفت),形,صفت,标准答案（biāozhǔn dá’àn）|标准发音（biāozhǔn fāyīn）|普通话很标准（Pǔtōnghuà hěn biāozhǔn）|标准格式（biāozhǔn géshì）,她的普通话说得很标准。,Tā de Pǔtōnghuà shuō de hěn biāozhǔn.,ماندارینش خیلی درست و استاندارد است.,
35,并,bìng,HSK 4,副词,1,用在否定词前，加强否定或说明实际情况并非如此（副）,اصلاً؛ آن‌قدرها؛ در واقع، در جملهٔ منفی برای تأکید یا اصلاح برداشت، مثل «并不/并不是/并没有» (قید),副,قید,并不难（bìng bù nán）|并不是（bìng bú shì）|并没有（bìng méiyǒu）|并非如此（bìngfēi rúcǐ）,这个问题并不难。,Zhè ge wèntí bìng bù nán.,این مسئله اصلاً/آن‌قدرها سخت نیست.,
35,并,bìng,HSK 4,连词,2,连接并列成分，表示同时具有、同时进行或进一步补充说明（连）,و؛ همچنین؛ و نیز؛ برای وصل کردن اجزای هم‌پایه یا افزودن یک توضیح/اقدام دیگر، بیشتر در سبک رسمی و نوشتاری (حرف ربط),连,حرف ربط,并说明原因（bìng shuōmíng yuányīn）|并提出建议（bìng tíchū jiànyì）|并表示感谢（bìng biǎoshì gǎnxiè）|并继续工作（bìng jìxù gōngzuò）,请填写表格，并说明原因。,"Qǐng tiánxiě biǎogé, bìng shuōmíng yuányīn.",لطفاً فرم را پر کنید و دلیل را توضیح دهید.,
36,饼干,bǐnggān,HSK 4,名词,1,用面粉、糖、油等做成的干而脆的小食品（名）,بیسکویت؛ کراکر/کلوچهٔ خشک و ترد (اسم),名,اسم,吃饼干（chī bǐnggān）|一包饼干（yì bāo bǐnggān）|巧克力饼干（qiǎokèlì bǐnggān）|苏打饼干（sūdǎ bǐnggān）,孩子们正在吃饼干。,Háizimen zhèngzài chī bǐnggān.,بچه‌ها دارند بیسکویت می‌خورند.,通常指 biscuit/cracker/cookie 类的小食品；具体译法看种类。
37,并且,bìngqiě,HSK 4,连词,1,连接两个并列或递进的成分，表示而且、同时还（连）,و؛ همچنین؛ علاوه بر این؛ و نیز (حرف ربط),连,حرف ربط,认真并且负责（rènzhēn bìngqiě fùzé）|便宜并且好用（piányi bìngqiě hǎoyòng）|学习并且工作（xuéxí bìngqiě gōngzuò）|安全并且方便（ānquán bìngqiě fāngbiàn）,这个方法简单并且有效。,Zhè ge fāngfǎ jiǎndān bìngqiě yǒuxiào.,این روش ساده و در عین حال مؤثر است.,比“和”更书面，常用于连接形容词、动词短语或分句；意思接近“而且”。
38,笔试,bǐshì,HSK 4,名词、动词,1,用书面答题方式进行的考试；参加书面考试（名/动）,آزمون کتبی؛ امتحان کتبی؛ امتحان کتبی دادن (اسم/فعل),名/动,اسم/فعل,参加笔试（cānjiā bǐshì）|通过笔试（tōngguò bǐshì）|笔试成绩（bǐshì chéngjì）|笔试和面试（bǐshì hé miànshì）,他已经通过了笔试，下周参加面试。,"Tā yǐjīng tōngguò le bǐshì, xià zhōu cānjiā miànshì.",او آزمون کتبی را قبول شده و هفتهٔ آینده در مصاحبه شرکت می‌کند.,常和“面试”相对；用于招聘、入学、资格考试等。
39,毕业,bìyè,HSK 4,动词,1,学生在学校学习期满并达到要求后结束学业（动）,فارغ‌التحصیل شدن؛ تحصیل را به پایان رساندن (فعل),动,فعل,大学毕业（dàxué bìyè）|高中毕业（gāozhōng bìyè）|毕业以后（bìyè yǐhòu）|顺利毕业（shùnlì bìyè）,她明年大学毕业。,Tā míngnián dàxué bìyè.,او سال آینده از دانشگاه فارغ‌التحصیل می‌شود.,主语通常是学生；“从……毕业”表示 از جایی فارغ‌التحصیل شدن。
39,毕业,bìyè,HSK 4,名词、语素,2,完成学业这件事或毕业阶段；多用于构词（名/语素）,فارغ‌التحصیلی؛ مرحله یا رویداد پایان تحصیل (اسم/تکواژ),名/语素,اسم/تکواژ,毕业典礼（bìyè diǎnlǐ）|毕业证书（bìyè zhèngshū）|毕业论文（bìyè lùnwén）|毕业季（bìyè jì）,毕业典礼在六月举行。,Bìyè diǎnlǐ zài liù yuè jǔxíng.,مراسم فارغ‌التحصیلی در ماه ژوئن برگزار می‌شود.,“毕业典礼、毕业证书、毕业论文”等建议作为相关词或独立词条处理。
40,毕业生,bìyèshēng,HSK 4,名词,1,已经毕业或即将毕业的学生（名）,فارغ‌التحصیل؛ دانش‌آموز یا دانشجویی که فارغ‌التحصیل شده یا در آستانهٔ فارغ‌التحصیلی است (اسم),名,اسم,大学毕业生（dàxué bìyèshēng）|应届毕业生（yīngjiè bìyèshēng）|高中毕业生（gāozhōng bìyèshēng）|毕业生就业（bìyèshēng jiùyè）,很多应届毕业生正在找工作。,Hěn duō yīngjiè bìyèshēng zhèngzài zhǎo gōngzuò.,بسیاری از فارغ‌التحصیلانِ امسال در حال جست‌وجوی کار هستند.,
41,鼻子,bízi,HSK 4,名词,1,人或动物脸上用来呼吸和闻气味的器官（名）,بینی؛ عضو تنفس و بویایی در صورت (اسم),名,اسم,鼻子高（bízi gāo）|鼻子疼（bízi téng）|擦鼻子（cā bízi）,他的鼻子有点儿红。,Tā de bízi yǒudiǎnr hóng.,بینی‌اش کمی قرمز است.,读轻声 bízi；“鼻”单独较书面或用于构词，如“鼻音、鼻炎”。
988,播放,bōfàng,HSK 4,动词,1,通过设备放出声音、视频、节目等（动）,پخش کردن؛ اجرا/نمایش دادن صدا، ویدئو یا برنامه از طریق دستگاه (فعل),动,فعل,播放音乐（bōfàng yīnyuè）|播放视频（bōfàng shìpín）|播放节目（bōfàng jiémù）|正在播放（zhèngzài bōfàng）,老师正在播放一段中文视频。,Lǎoshī zhèngzài bōfàng yí duàn Zhōngwén shìpín.,معلم در حال پخش کردن یک ویدیوی چینی است.,常用于音乐、视频、广播、电视节目、录音等；比“放”更正式。
42,博士,bóshì,HSK 4,名词,1,最高一级的学位；博士学位（名）,دکتری؛ مدرک دکترا؛ بالاترین مقطع یا درجهٔ دانشگاهی (اسم),名,اسم,博士学位（bóshì xuéwèi）|读博士（dú bóshì）|博士论文（bóshì lùnwén）|博士毕业（bóshì bìyè）,她正在读博士。,Tā zhèngzài dú bóshì.,او در حال تحصیل در مقطع دکتری است.,
42,博士,bóshì,HSK 4,名词,2,取得博士学位的人；也可指正在攻读博士学位的人（名）,فرد دارای مدرک دکتری؛ دکتر؛ همچنین در برخی بافت‌ها دانشجوی مقطع دکتری (اسم),名,اسم,一位博士（yí wèi bóshì）|计算机博士（jìsuànjī bóshì）|医学博士（yīxué bóshì）,他是计算机专业的博士。,Tā shì jìsuànjī zhuānyè de bóshì.,او دکترای رشتهٔ کامپیوتر دارد / دکترای کامپیوتر است.,
43,步,bù,HSK 4,名词、量词,1,走路时两脚之间的一次动作；脚步（名/量）,قدم؛ گام؛ یک قدم در راه رفتن (اسم/واحد شمارش),名/量,اسم/واحد شمارش,走一步（zǒu yí bù）|跑几步（pǎo jǐ bù）|向前一步（xiàng qián yí bù）|一步一步（yí bù yí bù）,他向前走了一步。,Tā xiàng qián zǒu le yí bù.,او یک قدم به جلو برداشت.,
43,步,bù,HSK 4,名词、量词,2,事情进行的阶段、步骤或行动的一环（名/量）,مرحله؛ گام؛ قدم در روند انجام کار، برنامه، تصمیم یا پیشرفت (اسم/واحد شمارش),名/量,اسم/واحد شمارش,第一步（dì yī bù）|下一步（xià yí bù）|每一步（měi yí bù）|走好这一步（zǒu hǎo zhè yí bù）,下一步我们应该做什么？,Xià yí bù wǒmen yīnggāi zuò shénme?,قدم بعدی ما باید چه باشد؟,
44,部,bù,HSK 4,名词、语素,1,整体中的一份或一个组成部分；单独用较书面，现代汉语中多用于构词（名/语素）,بخش؛ قسمت؛ جزء یا بخش تشکیل‌دهندهٔ یک کل؛ به‌تنهایی نسبتاً رسمی است و بیشتر در ترکیب‌ها به کار می‌رود (اسم/تکواژ),名/语素,اسم/تکواژ,上部（shàngbù）|下部（xiàbù）|内部（nèibù）|外部（wàibù）,这本书的上部比较难。,Zhè běn shū de shàngbù bǐjiào nán.,بخش بالایی/قسمت بالای این کتاب نسبتاً سخت است.,
44,部,bù,HSK 4,名词、语素,2,机关、组织、军队、学校或公司中的部门、单位；也可指政府的部级机构（名/语素）,بخش؛ واحد؛ اداره؛ دپارتمان؛ وزارتخانه، یعنی واحدی در سازمان، شرکت، مدرسه، ارتش یا دولت (اسم/تکواژ),名/语素,اسم/تکواژ,外交部（wàijiāo bù）|教育部（Jiàoyùbù）|编辑部（biānjíbù）|销售部（xiāoshòubù）,她在销售部工作。,Tā zài xiāoshòubù gōngzuò.,او در بخش فروش کار می‌کند.,
44,部,bù,HSK 4,量词,3,用于电影、小说、著作、机器、手机等完整的作品或设备（量）,واحد شمارش برای اثر کامل مثل فیلم، رمان و کتاب/اثر، و نیز برای بعضی دستگاه‌ها مثل ماشین‌آلات و موبایل (واحد شمارش),量,واحد شمارش,一部电影（yí bù diànyǐng）|一部小说（yí bù xiǎoshuō）|一部作品（yí bù zuòpǐn）|一部手机（yí bù shǒujī）,这是一部很有意思的电影。,Zhè shì yí bù hěn yǒu yìsi de diànyǐng.,این یک فیلم خیلی جالب است.,
45,不必,búbì,HSK 4,副词,1,没有必要；用不着（副）,لازم نیست؛ نیازی نیست؛ احتیاجی نیست (قید),副,قید,不必担心（búbì dānxīn）|不必客气（búbì kèqi）|不必着急（búbì zháojí）|不必再说（búbì zài shuō）,你不必为这件事担心。,Nǐ búbì wèi zhè jiàn shì dānxīn.,لازم نیست نگران این موضوع باشی.,比“不用”更书面或正式一些；常用于劝说、说明没有必要。
46,不便,búbiàn,HSK 4,形容词,1,不方便；做某事有困难、不合适或不方便说、不方便做（形）,راحت نبودن؛ مناسب نبودن؛ دشوار یا ناممکن بودن انجام کاری؛ در بعضی جمله‌ها یعنی مناسب نبودنِ گفتن یا انجام دادن چیزی (صفت),形,صفت,行动不便（xíngdòng búbiàn）|交通不便（jiāotōng búbiàn）|不便透露（búbiàn tòulù）|不便回答（búbiàn huídá）,这里交通不便。,Zhèli jiāotōng búbiàn.,رفت‌وآمد/حمل‌ونقل اینجا راحت نیست.,
46,不便,búbiàn,HSK 4,名词,2,不方便的地方、困难、麻烦或给别人造成的困扰（名）,زحمت؛ دردسر؛ ناراحتی؛ مشکل یا مزاحمتی که به‌خاطر نامناسب بودن شرایط برای کسی ایجاد می‌شود (اسم),名,اسم,带来不便（dàilái búbiàn）|造成不便（zàochéng búbiàn）|给您带来不便（gěi nín dàilái búbiàn）|诸多不便（zhūduō búbiàn）,给您带来不便，我们很抱歉。,"Gěi nín dàilái búbiàn, wǒmen hěn bàoqiàn.",از اینکه برای شما زحمت/ناراحتی ایجاد کردیم، بسیار متأسفیم.,
46,不便,búbiàn,HSK 4,形容词,3,手头钱不宽裕；暂时经济上不方便，多用于“手头不便”（形）,دست‌تنگ بودن؛ از نظر مالی در مضیقه بودن؛ پول نقد یا توان مالی کافی نداشتن، بیشتر در عبارت «手头不便» (صفت),形,صفت,手头不便（shǒutóu búbiàn）|最近手头不便（zuìjìn shǒutóu búbiàn）|一时手头不便（yìshí shǒutóu búbiàn）|因为手头不便（yīnwèi shǒutóu búbiàn）,我最近手头不便，可能要晚点还你钱。,"Wǒ zuìjìn shǒutóu búbiàn, kěnéng yào wǎn diǎn huán nǐ qián.",من اخیراً از نظر مالی دستم تنگ است، شاید پولت را کمی دیرتر پس بدهم.,
47,不得不,bùdébù,HSK 4,副词,1,因为客观情况或压力，只能这样做；必须、只好（副）,ناچار بودن؛ مجبور بودن؛ چاره‌ای جز ... نداشتن (قید),副,قید,不得不去（bùdébù qù）|不得不承认（bùdébù chéngrèn）|不得不放弃（bùdébù fàngqì）|不得不面对（bùdébù miànduì）,因为下雨，我们不得不取消比赛。,"Yīnwèi xià yǔ, wǒmen bùdébù qǔxiāo bǐsài.",به خاطر باران، مجبور شدیم مسابقه را لغو کنیم.,强调外部原因导致“只能这样”；语气比“必须”更有无奈感。
48,不断,búduàn,HSK 4,副词,1,连续地、不停地；动作、变化或情况一直发生、持续进行（副）,پیوسته؛ مداوم؛ بی‌وقفه؛ مرتب؛ برای نشان دادن اینکه کاری، تغییری یا وضعیتی مدام ادامه دارد (قید),副,قید,不断努力（búduàn nǔlì）|不断学习（búduàn xuéxí）|不断变化（búduàn biànhuà）|不断提高（búduàn tígāo）,社会在不断变化。,Shèhuì zài búduàn biànhuà.,جامعه پیوسته در حال تغییر است.,
48,不断,búduàn,HSK 4,形容词,2,连续不断；没有停止或中断；某事接连出现（形）,مداوم؛ پیوسته؛ قطع‌نشدنی؛ پشت‌سرهم ادامه‌دار، مخصوصاً وقتی چیزی مدام رخ می‌دهد یا قطع نمی‌شود (صفت),形,صفت,掌声不断（zhǎngshēng búduàn）|笑声不断（xiàoshēng búduàn）|问题不断（wèntí búduàn）|电话不断（diànhuà búduàn）,整个下午电话不断。,Zhěng ge xiàwǔ diànhuà búduàn.,تمام بعدازظهر تلفن‌ها مدام زنگ می‌خوردند.,
49,部分,bùfen,HSK 4,名词,1,整体中的一份；一部分（名）,بخش؛ قسمت؛ بخشی از یک کل، چه چیز ملموس باشد چه موضوع یا مسئله‌ای انتزاعی (اسم),名,اسم,一部分（yí bùfen）|重要部分（zhòngyào bùfen）|主要部分（zhǔyào bùfen）|身体的一部分（shēntǐ de yí bùfen）,这只是问题的一部分。,Zhè zhǐ shì wèntí de yí bùfen.,این فقط بخشی از مسئله است.,
49,部分,bùfen,HSK 4,名词、形容词,2,放在名词前，表示一部分人或事物，不是全部（名/形）,بعضی از؛ بخشی از؛ نه همهٔ افراد یا چیزها، وقتی قبل از اسم می‌آید (اسم/صفت),名/形,اسم/صفت,部分学生（bùfen xuésheng）|部分地区（bùfen dìqū）|部分内容（bùfen nèiróng）|部分原因（bùfen yuányīn）,部分学生已经完成了作业。,Bùfen xuésheng yǐjīng wánchéng le zuòyè.,بعضی از دانش‌آموزان تکلیف را تمام کرده‌اند.,
50,不够,búgòu,HSK 4,形容词、副词,1,数量、程度、条件等没有达到需要的标准；不够好、不够多、不够清楚等表示程度不足（形/副）,کافی نبودن؛ به‌اندازهٔ لازم نبودن؛ نرسیدن به حد لازم از نظر مقدار، درجه، کیفیت یا شرط (صفت/قید),形/副,صفت/قید,时间不够（shíjiān búgòu）|钱不够（qián búgòu）|不够好（búgòu hǎo）|不够清楚（búgòu qīngchu）,时间不够，我们明天继续。,"Shíjiān búgòu, wǒmen míngtiān jìxù.",وقت کافی نیست، فردا ادامه می‌دهیم.,
50,不够,búgòu,HSK 4,动词短语,2,不够做某事；数量或条件不足以完成某个动作、满足某种需要（动词短语）,برای انجام کاری کافی نبودن؛ به یک نیاز خاص نرسیدن؛ به همه نرسیدن، وقتی بعدش فعل می‌آید (عبارت فعلی),动词短语,عبارت فعلی,不够吃（búgòu chī）|不够用（búgòu yòng）|不够住（búgòu zhù）|不够分（búgòu fēn）,这些饭不够吃。,Zhèxiē fàn búgòu chī.,این غذا کافی نیست / به همه نمی‌رسد.,
51,不管,bùguǎn,HSK 4,连词,1,表示在任何条件或情况下，后面的结果都不改变；常和“都、也、还”连用（连）,مهم نیست که؛ فرقی نمی‌کند که؛ چه ... چه ...؛ هرچقدر/هرطور/هرکس که باشد، نتیجه تغییر نمی‌کند (حرف ربط),连,حرف ربط,不管怎样（bùguǎn zěnyàng）|不管是谁（bùguǎn shì shéi）|不管多难（bùguǎn duō nán）|不管天气怎么样（bùguǎn tiānqì zěnmeyàng）,不管多难，我们都要试一试。,"Bùguǎn duō nán, wǒmen dōu yào shì yi shì.",هرچقدر هم سخت باشد، ما باید امتحانش کنیم.,
51,不管,bùguǎn,HSK 4,动词短语,2,“不+管”；表示不管理、不照顾、不负责或不理会某人某事（动词短语）,رسیدگی نکردن؛ مراقبت نکردن؛ مسئولیت چیزی را قبول نکردن؛ اهمیت ندادن یا دخالت نکردن در کاری، در ساختار «不 + 管» (عبارت فعلی),动词短语,عبارت فعلی,不管孩子（bù guǎn háizi）|不管这件事（bù guǎn zhè jiàn shì）|什么都不管（shénme dōu bù guǎn）|不管别人（bù guǎn biéren）,这件事我不管。,Zhè jiàn shì wǒ bù guǎn.,من به این موضوع کاری ندارم / من مسئول این موضوع نیستم.,
52,不光,bùguāng,HSK 4,连词、副词,1,不只、不仅；表示后面还有进一步的情况，常和“还、也、而且”连用（连/副）,نه‌فقط؛ تنها ... نیست؛ برای بیان اینکه علاوه بر مورد اول، چیز دیگری هم وجود دارد، معمولاً با «还/也/而且» می‌آید (حرف ربط/قید),连/副,حرف ربط/قید,不光是这样（bùguāng shì zhèyàng）|不光他一个人（bùguāng tā yí ge rén）|不光……还……（bùguāng... hái...）|不光学习好（bùguāng xuéxí hǎo）,他不光会中文，还会日语。,"Tā bùguāng huì Zhōngwén, hái huì Rìyǔ.",او نه‌فقط چینی بلد است، بلکه ژاپنی هم بلد است.,
53,不过,búguò,HSK 4,连词,1,表示转折，意思接近“但是、可是”（连）,اما؛ ولی؛ بااین‌حال؛ برای بیان تضاد، محدودیت یا نکتهٔ مخالف بعد از یک جمله (حرف ربط),连,حرف ربط,不过我觉得（búguò wǒ juéde）|不过没关系（búguò méi guānxi）|不过有点儿贵（búguò yǒudiǎnr guì）|不过时间不够（búguò shíjiān búgòu）,这件衣服很好看，不过有点儿贵。,"Zhè jiàn yīfu hěn hǎokàn, búguò yǒudiǎnr guì.",این لباس خیلی قشنگ است، ولی کمی گران است.,
53,不过,búguò,HSK 4,副词,2,仅仅、只是；数量、程度或事情很有限，也可表示“不超过”（副）,فقط؛ تنها؛ صرفاً؛ بیشتر از ... نبودن؛ برای نشان دادن اینکه مقدار، درجه یا اهمیت چیزی محدود است (قید),副,قید,不过十分钟（búguò shí fēnzhōng）|不过是小事（búguò shì xiǎoshì）|不过如此（búguò rúcǐ）|不过三个人（búguò sān ge rén）,这不过是一件小事。,Zhè búguò shì yí jiàn xiǎoshì.,این فقط یک موضوع کوچک است.,
53,不过,búguò,HSK 4,固定结构,3,用于“再……不过了”结构，表示程度达到最高，没有比这更……（固定结构）,در ساختار «再...不过了» یعنی «از این ...تر نمی‌شود؛ نهایتِ ... است؛ کاملاً/بسیار ... است» (ساختار ثابت),固定结构,ساختار ثابت,再好不过了（zài hǎo búguò le）|再合适不过了（zài héshì búguò le）|再简单不过了（zài jiǎndān búguò le）|再清楚不过了（zài qīngchu búguò le）,这个办法再好不过了。,Zhè ge bànfǎ zài hǎo búguò le.,این روش از این بهتر نمی‌شود / این روش عالی است.,
54,不仅,bùjǐn,HSK 4,连词、副词,1,不只、不但；表示还有更进一步的情况，常和“还、也、而且”连用（连/副）,نه‌تنها؛ نه‌فقط؛ برای بیان اینکه علاوه بر مورد اول، مورد دیگری هم هست، معمولاً با «还/也/而且» می‌آید (حرف ربط/قید),连/副,حرف ربط/قید,不仅如此（bùjǐn rúcǐ）|不仅……还……（bùjǐn... hái...）|不仅……而且……（bùjǐn... érqiě...）|不仅会说中文（bùjǐn huì shuō Zhōngwén）,他不仅聪明，而且很努力。,"Tā bùjǐn cōngming, érqiě hěn nǔlì.",او نه‌تنها باهوش است، بلکه خیلی هم پرتلاش است.,
55,不论,búlùn,HSK 4,连词,1,表示在任何条件或情况下结果都一样；无论、不管，较书面（连）,صرف‌نظر از اینکه؛ مهم نیست که؛ چه ... چه ...؛ در هر شرایطی نتیجه یکی است، رسمی‌تر از «不管» (حرف ربط),连,حرف ربط,不论是谁（búlùn shì shéi）|不论什么时候（búlùn shénme shíhou）|不论结果如何（búlùn jiéguǒ rúhé）|不论多难（búlùn duō nán）,不论多难，我们都不能放弃。,"Búlùn duō nán, wǒmen dōu bù néng fàngqì.",هرچقدر هم سخت باشد، ما نباید تسلیم شویم.,
56,不满,bùmǎn,HSK 4,形容词、动词,1,不满意；对某人、某事或某种情况感到不高兴、有意见（形/动）,ناراضی بودن؛ رضایت نداشتن؛ از کسی، چیزی یا وضعیتی دلخور، ناخشنود یا معترض بودن (صفت/فعل),形/动,صفت/فعل,表示不满（biǎoshì bùmǎn）|感到不满（gǎndào bùmǎn）|对结果不满（duì jiéguǒ bùmǎn）|引起不满（yǐnqǐ bùmǎn）,很多人对这个决定表示不满。,Hěn duō rén duì zhè ge juédìng biǎoshì bùmǎn.,خیلی‌ها نسبت به این تصمیم نارضایتی نشان دادند.,
56,不满,bùmǎn,HSK 4,名词,2,不满意的情绪、态度或意见（名）,نارضایتی؛ ناخشنودی؛ اعتراض یا احساس منفی نسبت به کسی، چیزی یا وضعیتی (اسم),名,اسم,对……的不满（duì... de bùmǎn）|心中的不满（xīn zhōng de bùmǎn）|表达不满（biǎodá bùmǎn）|强烈不满（qiángliè bùmǎn）,他终于说出了心中的不满。,Tā zhōngyú shuō chū le xīn zhōng de bùmǎn.,او بالاخره نارضایتیِ درونش را به زبان آورد.,
56,不满,bù mǎn,HSK 4,动词短语,3,“不+满”；没有达到某个数量、年龄、时间或期限；不到（动词短语）,کمتر از؛ به حدِ عدد، سن، زمان یا مدت مشخص نرسیده بودن؛ هنوز کامل نشده بودن، در ساختار «不 + 满» (عبارت فعلی),动词短语,عبارت فعلی,不满十八岁（bù mǎn shíbā suì）|不满一年（bù mǎn yì nián）|不满三个月（bù mǎn sān ge yuè）|人数不满十人（rénshù bù mǎn shí rén）,不满十八岁的人不能参加。,Bù mǎn shíbā suì de rén bù néng cānjiā.,افراد زیر هجده سال نمی‌توانند شرکت کنند.,
57,部门,bùmén,HSK 4,名词,1,机关、公司、学校等组织中负责某一类工作的单位（名）,بخش؛ واحد؛ دپارتمان؛ قسمت مسئول یک نوع کار در اداره، شرکت، مدرسه یا سازمان (اسم),名,اسم,销售部门（xiāoshòu bùmén）|技术部门（jìshù bùmén）|相关部门（xiāngguān bùmén）|政府部门（zhèngfǔ bùmén）,请联系相关部门处理这个问题。,Qǐng liánxì xiāngguān bùmén chǔlǐ zhè ge wèntí.,لطفاً برای رسیدگی به این مسئله با بخش مربوطه تماس بگیرید.,
58,不如,bùrú,HSK 4,动词,1,比不上；没有某人或某事好（动）,به خوبیِ ... نبودن؛ به پایِ ... نرسیدن؛ از کسی یا چیزی پایین‌تر یا بدتر بودن (فعل),动,فعل,不如以前（bùrú yǐqián）|不如他（bùrú tā）|质量不如从前（zhìliàng bùrú cóngqián）|A不如B（A bùrú B）,这个办法不如那个办法好。,Zhè ge bànfǎ bùrú nà ge bànfǎ hǎo.,این روش به خوبیِ آن روش نیست.,
58,不如,bùrú,HSK 4,连词/固定结构,2,用来提出建议或比较后的选择，表示认为后一种做法更好、更合适（连/固定结构）,بهتر است؛ بهتر است به‌جای آن ...؛ ترجیحاً ...؛ برای پیشنهاد دادن یا ترجیح دادن گزینه‌ای که مناسب‌تر دانسته می‌شود (حرف ربط/ساختار ثابت),连/固定结构,حرف ربط/ساختار ثابت,不如这样（bùrú zhèyàng）|不如回家（bùrú huí jiā）|不如试一试（bùrú shì yi shì）|还不如早点儿走（hái bùrú zǎodiǎnr zǒu）,时间不早了，不如我们先回家吧。,"Shíjiān bù zǎo le, bùrú wǒmen xiān huí jiā ba.",دیر شده، بهتر است اول برگردیم خانه.,
59,擦,cā,HSK 4,动词,1,用布、纸、手等来回摩擦，使东西干净、干燥或去掉表面的东西（动）,پاک کردن؛ دستمال کشیدن؛ مالیدن برای تمیز کردن، خشک کردن یا پاک کردن چیزی از روی سطح (فعل),动,فعل,擦桌子（cā zhuōzi）|擦玻璃（cā bōli）|擦汗（cā hàn）|擦眼泪（cā yǎnlèi）,请把桌子擦干净。,Qǐng bǎ zhuōzi cā gānjìng.,لطفاً میز را تمیز پاک کن.,
59,擦,cā,HSK 4,动词,2,把药、油、化妆品等抹在皮肤或物体表面（动）,مالیدن؛ زدنِ دارو، روغن، کرم یا ماده‌ای روی پوست یا سطح چیزی (فعل),动,فعل,擦药（cā yào）|擦防晒霜（cā fángshài shuāng）|擦护手霜（cā hùshǒushuāng）|擦脸（cā liǎn）,伤口上要擦一点儿药。,Shāngkǒu shang yào cā yìdiǎnr yào.,باید روی زخم کمی دارو بزنی/بمالی.,
59,擦,cā,HSK 4,动词,3,两个物体表面轻轻碰到或摩擦而过（动）,ساییده شدن؛ به‌آرامی برخورد کردن و رد شدن؛ سطح دو چیز به هم کشیده شدن (فعل),动,فعل,擦肩而过（cā jiān ér guò）|车擦了一下（chē cā le yí xià）|擦着墙过去（cā zhe qiáng guòqù）|擦破皮（cā pò pí）,车门擦到墙了。,Chēmén cā dào qiáng le.,درِ ماشین به دیوار ساییده شد.,
60,猜,cāi,HSK 4,动词,1,根据不完全的信息推测答案、情况或别人的想法（动）,حدس زدن؛ از روی اطلاعات ناقص جواب، وضعیت یا فکر کسی را گمانه‌زنی کردن (فعل),动,فعل,猜答案（cāi dá’àn）|猜对了（cāi duì le）|猜错了（cāi cuò le）|猜不出来（cāi bu chūlái）,你猜他今天为什么没来？,Nǐ cāi tā jīntiān wèishénme méi lái?,حدس بزن چرا او امروز نیامده است؟,
60,猜,cāi,HSK 4,动词,2,怀疑、猜疑；对别人或事情不信任，心里作不确定的判断（动）,شک کردن؛ بدگمان شدن؛ از روی تردید یا بی‌اعتمادی دربارهٔ کسی یا چیزی حدس زدن (فعل),动,فعل,猜疑（cāiyí）|乱猜（luàn cāi）|别瞎猜（bié xiā cāi）|猜来猜去（cāi lái cāi qù）,别瞎猜，他可能只是太忙了。,"Bié xiā cāi, tā kěnéng zhǐshì tài máng le.",بی‌خودی حدس نزن/بدگمان نشو، شاید فقط خیلی سرش شلوغ است.,
61,材料,cáiliào,HSK 4,名词,1,制造东西、建造东西或做某件事所需要的物质（名）,مواد؛ ماده؛ مصالح؛ چیزهای مادی لازم برای ساختن، تولید کردن، پختن یا انجام کاری (اسم),名,اسم,建筑材料（jiànzhù cáiliào）|原材料（yuán cáiliào）|做饭的材料（zuò fàn de cáiliào）|环保材料（huánbǎo cáiliào）,这种材料很轻，也很结实。,"Zhè zhǒng cáiliào hěn qīng, yě hěn jiēshi.",این نوع ماده/مصالح سبک و در عین حال محکم است.,
61,材料,cáiliào,HSK 4,名词,2,写文章、研究、申请、证明等所依据或需要的资料、文件、内容（名）,مدارک؛ اسناد؛ مفروضات؛ اطلاعات یا فایل‌های لازم برای نوشتن، تحقیق، درخواست، اثبات یا بررسی چیزی (اسم),名,اسم,申请材料（shēnqǐng cáiliào）|证明材料（zhèngmíng cáiliào）|学习材料（xuéxí cáiliào）|研究材料（yánjiū cáiliào）,请把申请材料发给我。,Qǐng bǎ shēnqǐng cáiliào fā gěi wǒ.,لطفاً مدارک درخواست را برای من بفرستید.,
62,参观,cānguān,HSK 4,动词,1,到某个地方观看、了解情况，通常是有目的地看展览、学校、工厂、名胜等（动）,بازدید کردن؛ دیدن و آشنا شدن با یک مکان، نمایشگاه، مدرسه، کارخانه یا جای دیدنی با هدف یادگیری یا شناخت (فعل),动,فعل,参观博物馆（cānguān bówùguǎn）|参观学校（cānguān xuéxiào）|参观工厂（cānguān gōngchǎng）|参观展览（cānguān zhǎnlǎn）,我们明天去参观博物馆。,Wǒmen míngtiān qù cānguān bówùguǎn.,ما فردا برای بازدید به موزه می‌رویم.,
63,参赛,cānsài,HSK 4,动词,1,参加比赛（动）,شرکت کردن در مسابقه؛ وارد رقابت شدن (فعل),动,فعل,参赛选手（cānsài xuǎnshǒu）|参赛队伍（cānsài duìwu）|报名参赛（bàomíng cānsài）|参赛资格（cānsài zīgé）,这次比赛有二十个队参赛。,Zhè cì bǐsài yǒu èrshí ge duì cānsài.,در این مسابقه بیست تیم شرکت می‌کنند.,
64,餐厅,cāntīng,HSK 4,名词,1,供人吃饭的地方；餐馆、饭店或单位里的食堂式用餐场所（名）,رستوران؛ سالن غذاخوری؛ جایی برای غذا خوردن، چه رستوران عمومی باشد چه غذاخوریِ مدرسه، شرکت یا هتل (اسم),名,اسم,学校餐厅（xuéxiào cāntīng）|酒店餐厅（jiǔdiàn cāntīng）|中餐厅（Zhōng cāntīng）|去餐厅吃饭（qù cāntīng chī fàn）,我们在酒店餐厅吃早饭。,Wǒmen zài jiǔdiàn cāntīng chī zǎofàn.,ما در رستوران/سالن غذاخوری هتل صبحانه می‌خوریم.,
65,操场,cāochǎng,HSK 4,名词,1,学校或单位里供学生、士兵等做操、上体育课、跑步或活动的场地（名）,زمین ورزش؛ حیاط ورزش مدرسه یا پادگان؛ محوطه‌ای برای ورزش، دویدن، صف و فعالیت‌های بدنی (اسم),名,اسم,学校操场（xuéxiào cāochǎng）|在操场上跑步（zài cāochǎng shang pǎobù）|操场集合（cāochǎng jíhé）|操场上踢球（cāochǎng shang tī qiú）,学生们正在操场上跑步。,Xuéshengmen zhèngzài cāochǎng shang pǎobù.,دانش‌آموزان دارند در زمین ورزش می‌دوند.,
66,厕所,cèsuǒ,HSK 4,名词,1,供人大小便的地方；洗手间、卫生间（名）,توالت؛ دستشویی؛ سرویس بهداشتی (اسم),名,اسم,去厕所（qù cèsuǒ）|上厕所（shàng cèsuǒ）|公共厕所（gōnggòng cèsuǒ）|厕所在哪儿（cèsuǒ zài nǎr）,请问，厕所在哪儿？,"Qǐngwèn, cèsuǒ zài nǎr?",ببخشید، دستشویی کجاست؟,
67,查看,chákàn,HSK 4,动词,1,仔细看、检查或查阅，以了解情况、内容或结果（动）,بررسی کردن؛ نگاه کردن و چک کردن؛ دیدن یا مراجعه کردن برای فهمیدن وضعیت، محتوا یا نتیجه (فعل),动,فعل,查看消息（chákàn xiāoxi）|查看记录（chákàn jìlù）|查看结果（chákàn jiéguǒ）|查看文件（chákàn wénjiàn）,请查看邮件里的附件。,Qǐng chákàn yóujiàn li de fùjiàn.,لطفاً پیوست داخل ایمیل را بررسی کنید.,
68,厂,chǎng,HSK 4,名词、语素,1,工厂；生产产品的地方，也可作后缀表示某类工厂（名/语素）,کارخانه؛ محل تولید کالا؛ همچنین پسوندی برای نشان دادن نوع کارخانه (اسم/تکواژ),名/语素,اسم/تکواژ,钢厂（gāngchǎng）|电厂（diànchǎng）|服装厂（fúzhuāngchǎng）,我爸爸在一家服装厂工作。,Wǒ bàba zài yì jiā fúzhuāngchǎng gōngzuò.,پدرم در یک کارخانهٔ پوشاک کار می‌کند.,
69,场,chǎng,HSK 4,名词,1,供某种活动使用的地方或场地，通常是具体的空间（名）,مکان؛ محوطه؛ زمین یا فضای مخصوص انجام یک فعالیت، معمولاً یک فضای مشخص و فیزیکی (اسم),名,اسم,停车场（tíngchēchǎng）|运动场（yùndòngchǎng）|战场（zhànchǎng）|会场（huìchǎng）,停车场里已经没有空位了。,Tíngchēchǎng li yǐjīng méiyǒu kòngwèi le.,در پارکینگ دیگر جای خالی نیست.,
69,场,chǎng,HSK 4,名词、语素,2,比赛、演出、考试、会议等活动进行的场地；多用于表示进入、离开或登上活动场地（名/语素）,محل برگزاری یا فضای انجام مسابقه، اجرا، امتحان، جلسه و مانند آن؛ بیشتر در ترکیب‌هایی مربوط به ورود، خروج یا حضور در آن فضا به کار می‌رود (اسم/تکواژ),名/语素,اسم/تکواژ,入场（rùchǎng）|上场（shàngchǎng）|下场（xiàchǎng）|出场（chūchǎng）,比赛开始前，运动员们陆续入场。,"Bǐsài kāishǐ qián, yùndòngyuánmen lùxù rùchǎng.",قبل از شروع مسابقه، ورزشکاران یکی‌یکی وارد میدان/محل مسابقه شدند.,
69,场,chǎng,HSK 4,名词、语素,3,物理学中某种力或作用存在的空间范围；也可引申为某种氛围或影响力范围（名/语素）,میدان؛ محدوده‌ای که در آن نوعی نیرو، اثر یا نفوذ وجود دارد؛ در فیزیک مثل میدان الکتریکی یا مغناطیسی، و گاهی به‌صورت استعاری برای فضا یا هالهٔ اثرگذاری (اسم/تکواژ),名/语素,اسم/تکواژ,电场（diànchǎng）|磁场（cíchǎng）|力场（lìchǎng）|气场（qìchǎng）,电场会影响带电粒子的运动。,Diànchǎng huì yǐngxiǎng dàidiàn lìzǐ de yùndòng.,میدان الکتریکی بر حرکت ذرات باردار اثر می‌گذارد.,
69,场,cháng,HSK 4,量词,4,用于雨、雪、病、梦等经历或自然现象，也用于某些活动（量）,واحد شمارش برای رویدادها و تجربه‌هایی مثل باران، برف، بیماری، خواب/رؤیا یا بعضی فعالیت‌ها (واحد شمارش),量,واحد شمارش,一场雨（yì cháng yǔ）|一场雪（yì cháng xuě）|一场病（yì cháng bìng）|一场梦（yì cháng mèng）,昨晚下了一场大雨。,Zuówǎn xià le yì cháng dà yǔ.,دیشب یک باران شدید آمد.,
69,场,chǎng,HSK 4,量词,5,用于比赛、演出、电影、考试、会议等有时间过程的活动（量）,واحد شمارش برای مسابقه، اجرا، فیلم، امتحان، جلسه و فعالیت‌هایی که یک دورهٔ زمانی دارند (واحد شمارش),量,واحد شمارش,一场比赛（yì chǎng bǐsài）|一场演出（yì chǎng yǎnchū）|一场电影（yì chǎng diànyǐng）|一场考试（yì chǎng kǎoshì）,我们看了一场电影。,Wǒmen kàn le yì chǎng diànyǐng.,ما یک فیلم دیدیم.,
70,产生,chǎnshēng,HSK 4,动词,1,出现、形成或发生；使某种结果、影响、想法、问题等出现（动）,به وجود آمدن؛ ایجاد شدن؛ پدید آمدن؛ باعث شکل‌گیری نتیجه، اثر، فکر، مشکل یا وضعیت خاصی شدن (فعل),动,فعل,产生影响（chǎnshēng yǐngxiǎng）|产生问题（chǎnshēng wèntí）|产生兴趣（chǎnshēng xìngqù）|产生误会（chǎnshēng wùhuì）,这件事产生了很大的影响。,Zhè jiàn shì chǎnshēng le hěn dà de yǐngxiǎng.,این موضوع تأثیر بزرگی ایجاد کرد.,
71,超过,chāoguò,HSK 4,动词,1,数量、程度、范围、时间、成绩、能力等比某个标准、限度、别人或过去的水平更高、更多或更好（动）,فراتر رفتن از؛ بیشتر شدن از؛ بالاتر یا بهتر شدن از یک عدد، حد، استاندارد، زمان، سطح، شخص یا نتیجهٔ قبلی (فعل),动,فعل,超过一百人（chāoguò yì bǎi rén）|超过标准（chāoguò biāozhǔn）|超过预算（chāoguò yùsuàn）|超过对手（chāoguò duìshǒu）,参加的人数超过了一百人。,Cānjiā de rénshù chāoguò le yì bǎi rén.,تعداد شرکت‌کنندگان از صد نفر بیشتر شد.,
72,茶叶,cháyè,HSK 4,名词,1,经过加工、可以用来泡茶的茶树叶子（名）,برگ چای؛ برگ فرآوری‌شدهٔ چای که برای دم کردن چای استفاده می‌شود (اسم),名,اسم,买茶叶（mǎi cháyè）|泡茶叶（pào cháyè）|一包茶叶（yì bāo cháyè）|中国茶叶（Zhōngguó cháyè）,这种茶叶很香。,Zhè zhǒng cháyè hěn xiāng.,این نوع چای خیلی خوش‌عطر است.,
73,差一点儿,chà yìdiǎnr,HSK 4,副词短语,1,差一点就发生某事；表示几乎发生但最后没有发生，常带惊险或遗憾（副词短语）,چیزی نمانده بود که؛ نزدیک بود؛ تا مرزِ وقوع چیزی رفتن ولی در نهایت اتفاق نیفتادن، معمولاً با حس خطر یا تأسف (عبارت قیدی),副词短语,عبارت قیدی,差一点儿摔倒（chà yìdiǎnr shuāidǎo）|差一点儿迟到（chà yìdiǎnr chídào）|差一点儿忘了（chà yìdiǎnr wàng le）|差一点儿没赶上（chà yìdiǎnr méi gǎnshàng）,我今天差一点儿迟到。,Wǒ jīntiān chà yìdiǎnr chídào.,امروز نزدیک بود دیر برسم.,
73,差一点儿,chà yìdiǎnr,HSK 4,副词短语,2,还差很少的数量、程度或距离；表示离某个标准或结果只差一点（副词短语）,کمی مانده؛ فقط اندکی کم داشتن؛ فاصلهٔ خیلی کمی تا رسیدن به یک مقدار، سطح یا نتیجه داشتن (عبارت قیدی),副词短语,عبارت قیدی,还差一点儿（hái chà yìdiǎnr）|差一点儿就够了（chà yìdiǎnr jiù gòu le）|只差一点儿（zhǐ chà yìdiǎnr）|差一点儿钱（chà yìdiǎnr qián）,钱还差一点儿，不够买这台电脑。,"Qián hái chà yìdiǎnr, bú gòu mǎi zhè tái diànnǎo.",پول هنوز کمی کم است و برای خرید این کامپیوتر کافی نیست.,
74,查找,cházhǎo,HSK 4,动词,1,通过检查、搜索或翻阅资料来寻找需要的信息、文件、人或东西（动）,جست‌وجو کردن؛ گشتن و پیدا کردن؛ با بررسی، سرچ یا مراجعه به منابع دنبال اطلاعات، فایل، شخص یا چیزی گشتن (فعل),动,فعل,查找资料（cházhǎo zīliào）|查找文件（cházhǎo wénjiàn）|查找原因（cházhǎo yuányīn）|网上查找（wǎngshàng cházhǎo）,我在网上查找了一些资料。,Wǒ zài wǎngshàng cházhǎo le yìxiē zīliào.,من در اینترنت مقداری مطلب/اطلاعات جست‌وجو کردم.,
75,城,chéng,HSK 4,名词、语素,1,城市、城区；人口和建筑较集中的地方，常和乡村相对（名/语素）,شهر؛ ناحیهٔ شهری؛ جایی با جمعیت و ساختمان‌های بیشتر، در برابر روستا یا حومه (اسم/تکواژ),名/语素,اسم/تکواژ,进城（jìn chéng）|出城（chū chéng）|城里（chéng li）,他从小在城里长大。,Tā cóng xiǎo zài chéng li zhǎngdà.,او از کودکی در شهر بزرگ شده است.,
75,城,chéng,HSK 4,名词、语素,2,古代城市周围的防御性建筑或被城墙围起来的旧城区域（名/语素）,دیوار و حصار دفاعیِ شهر قدیمی؛ بخش قدیمیِ دیوارکشی‌شدهٔ شهر؛ سازه‌ها یا محدودهٔ تاریخیِ مربوط به شهرهای محصور (اسم/تکواژ),名/语素,اسم/تکواژ,古城（gǔchéng）|城墙（chéngqiáng）|城门（chéngmén）|长城（Chángchéng）,这座古城有很长的历史。,Zhè zuò gǔchéng yǒu hěn cháng de lìshǐ.,این شهر تاریخی قدمت زیادی دارد.,
76,乘,chéng,HSK 4,动词,1,坐交通工具；搭乘车、船、飞机等（动）,سوار شدن؛ با وسیلهٔ نقلیه رفتن؛ استفاده کردن از اتوبوس، قطار، کشتی، هواپیما و مانند آن (فعل),动,فعل,乘车（chéng chē）|乘飞机（chéng fēijī）|乘火车（chéng huǒchē）|乘船（chéng chuán）,我们乘火车去上海。,Wǒmen chéng huǒchē qù Shànghǎi.,ما با قطار به شانگهای می‌رویم.,
76,乘,chéng,HSK 4,动词,2,利用某种机会、条件或有利形势做某事；多见于“乘机、乘胜、乘人不备”等较书面或固定表达（动）,استفاده کردن از فرصت، شرایط یا موقعیت مناسب برای انجام کاری؛ بیشتر در عبارت‌های نسبتاً رسمی یا ثابت به معنی بهره بردن از موقعیت (فعل),动,فعل,乘机行动（chéngjī xíngdòng）|乘胜追击（chéngshèng zhuījī）|乘人不备（chéng rén bú bèi）|有机可乘（yǒu jī kě chéng）,他们乘胜追击，最后赢得了比赛。,"Tāmen chéngshèng zhuījī, zuìhòu yíngdé le bǐsài.",آن‌ها از برتری/پیروزیِ به‌دست‌آمده استفاده کردند و به فشار ادامه دادند و در نهایت مسابقه را بردند.,
76,乘,chéng,HSK 4,动词,3,数学中一个数和另一个数相乘（动）,ضرب کردن؛ در ریاضی یک عدد را در عدد دیگر ضرب کردن (فعل),动,فعل,二乘三（èr chéng sān）|三乘四等于十二（sān chéng sì děngyú shí’èr）|乘以二（chéngyǐ èr）|乘法（chéngfǎ）,三乘四等于十二。,Sān chéng sì děngyú shí’èr.,سه ضربدر چهار می‌شود دوازده.,
77,成功,chénggōng,HSK 4,动词,1,达到预期的目标或结果；事情做成了（动）,موفق شدن؛ به هدف یا نتیجهٔ مورد انتظار رسیدن؛ کاری را با موفقیت انجام دادن (فعل),动,فعل,成功完成（chénggōng wánchéng）|成功解决（chénggōng jiějué）|成功实现（chénggōng shíxiàn）|终于成功（zhōngyú chénggōng）,经过努力，他终于成功了。,"Jīngguò nǔlì, tā zhōngyú chénggōng le.",بعد از تلاش، او بالاخره موفق شد.,
77,成功,chénggōng,HSK 4,名词,2,达到目标后的好结果或成就（名）,موفقیت؛ کامیابی؛ نتیجهٔ خوب یا دستاوردی که پس از رسیدن به هدف به دست می‌آید (اسم),名,اسم,取得成功（qǔdé chénggōng）|获得成功（huòdé chénggōng）|走向成功（zǒuxiàng chénggōng）|成功的关键（chénggōng de guānjiàn）,这次成功给了他很大的信心。,Zhè cì chénggōng gěi le tā hěn dà de xìnxīn.,این موفقیت اعتمادبه‌نفس زیادی به او داد.,
77,成功,chénggōng,HSK 4,形容词,3,做得很好、达到理想效果的（形）,موفق؛ موفقیت‌آمیز؛ دارای نتیجهٔ خوب و مطابق هدف (صفت),形,صفت,成功的人（chénggōng de rén）|成功的经验（chénggōng de jīngyàn）|成功的例子（chénggōng de lìzi）|很成功（hěn chénggōng）,这次活动很成功。,Zhè cì huódòng hěn chénggōng.,این برنامه خیلی موفقیت‌آمیز بود.,
78,乘客,chéngkè,HSK 4,名词,1,乘坐交通工具的人；旅客（名）,مسافر؛ سرنشین وسیلهٔ نقلیه مثل اتوبوس، قطار، هواپیما، تاکسی یا کشتی (اسم),名,اسم,一名乘客（yì míng chéngkè）|乘客安全（chéngkè ānquán）|乘客人数（chéngkè rénshù）|所有乘客（suǒyǒu chéngkè）,请所有乘客系好安全带。,Qǐng suǒyǒu chéngkè jì hǎo ānquándài.,لطفاً همهٔ مسافران کمربند ایمنی خود را ببندند.,
79,诚实,chéngshí,HSK 4,形容词,1,说话、做事真实可靠，不说谎、不骗人（形）,صادق؛ راست‌گو؛ درستکار؛ قابل‌اعتماد در گفتار و رفتار و اهل دروغ یا فریب نبودن (صفت),形,صفت,诚实的人（chéngshí de rén）|诚实地回答（chéngshí de huídá）|为人诚实（wéirén chéngshí）|诚实可靠（chéngshí kěkào）,他是一个诚实的人。,Tā shì yí ge chéngshí de rén.,او آدمی صادق و درستکار است.,
80,成为,chéngwéi,HSK 4,动词,1,变成某种人、事物、状态或结果（动）,شدن؛ تبدیل شدن به؛ به جایگاه، وضعیت یا نتیجه‌ای خاص رسیدن (فعل),动,فعل,成为朋友（chéngwéi péngyou）|成为老师（chéngwéi lǎoshī）|成为问题（chéngwéi wèntí）|成为可能了（chéngwéi kěnéng le）,她后来成为了一名医生。,Tā hòulái chéngwéi le yì míng yīshēng.,او بعدها پزشک شد.,
81,乘坐,chéngzuò,HSK 4,动词,1,坐交通工具；乘车、乘船、乘飞机等，较正式（动）,سوار شدن؛ با وسیلهٔ نقلیه رفتن؛ استفاده کردن از وسیلهٔ نقلیه، رسمی‌تر از «坐» (فعل),动,فعل,乘坐地铁（chéngzuò dìtiě）|乘坐飞机（chéngzuò fēijī）|乘坐公交车（chéngzuò gōngjiāochē）|乘坐出租车（chéngzuò chūzūchē）,请乘坐地铁二号线。,Qǐng chéngzuò dìtiě èr hào xiàn.,لطفاً سوار خط دو مترو شوید / از خط دو مترو استفاده کنید.,
82,车速,chēsù,HSK 4,名词,1,车辆行驶的速度（名）,سرعت خودرو؛ سرعت حرکت وسیلهٔ نقلیه (اسم),名,اسم,车速很快（chēsù hěn kuài）|降低车速（jiàngdī chēsù）|控制车速（kòngzhì chēsù）|车速过快（chēsù guò kuài）,雨天开车要降低车速。,Yǔtiān kāichē yào jiàngdī chēsù.,در روز بارانی هنگام رانندگی باید سرعت خودرو را کم کرد.,
83,车位,chēwèi,HSK 4,名词,1,停车的位置；供一辆车停放的地方（名）,جای پارک؛ محل پارک خودرو (اسم),名,اسم,找车位（zhǎo chēwèi）|停车位（tíngchēwèi）|没有车位（méi yǒu chēwèi）|一个车位（yí ge chēwèi）,这里很难找到车位。,Zhèli hěn nán zhǎodào chēwèi.,اینجا پیدا کردن جای پارک خیلی سخت است.,
84,迟,chí,HSK 4,形容词,1,比规定、合适或预期的时间晚（形）,دیر؛ دیرتر از زمان مقرر، مناسب یا انتظاررفته (صفت),形,صفت,来迟了（lái chí le）|迟到（chídào）|时间不迟（shíjiān bù chí）|迟了一点儿（chí le yìdiǎnr）,他今天来迟了。,Tā jīntiān lái chí le.,او امروز دیر آمد.,
85,吃惊,chījīng,HSK 4,动词、形容词,1,因为意外的事情而感到惊讶；也可说“吃了一惊”（动/形）,تعجب کردن؛ شگفت‌زده شدن؛ از اتفاقی غیرمنتظره جا خوردن؛ در ساختار فعل-مفعولی می‌تواند به‌صورت «یکه خوردن/جا خوردن» هم بیاید (فعل/صفت),动/形,فعل/صفت,感到吃惊（gǎndào chījīng）|很吃惊（hěn chījīng）|让人吃惊（ràng rén chījīng）|吃了一惊（chī le yì jīng）,听到这个消息，他吃了一惊。,"Tīngdào zhè ge xiāoxi, tā chī le yì jīng.",با شنیدن این خبر، او یکه خورد/جا خورد.,
86,重,zhòng,HSK 4,形容词,1,重量大；分量大（形）,سنگین؛ دارای وزن زیاد (صفت),形,صفت,很重（hěn zhòng）|太重了（tài zhòng le）|重东西（zhòng dōngxi）|重行李（zhòng xíngli）,这个箱子很重。,Zhè ge xiāngzi hěn zhòng.,این چمدان خیلی سنگین است.,
86,重,zhòng,HSK 4,形容词,2,程度深、情况严重或影响大（形）,شدید؛ سنگین؛ جدی؛ دارای درجه، شدت یا اثر زیاد (صفت),形,صفت,病很重（bìng hěn zhòng）|责任重（zérèn zhòng）|任务重（rènwu zhòng）|重伤（zhòngshāng）,他的病很重，需要住院。,"Tā de bìng hěn zhòng, xūyào zhùyuàn.",بیماری او شدید است و باید بستری شود.,
86,重,zhòng,HSK 4,形容词,3,重要；有价值、受重视，多用于构词或固定表达（形）,مهم؛ بااهمیت؛ ارزشمند یا مورد توجه، بیشتر در ترکیب‌ها و عبارت‌های ثابت (صفت),形,صفت,重要（zhòngyào）|重视（zhòngshì）|看重（kànzhòng）|尊重（zūnzhòng）,公司很重视这个项目。,Gōngsī hěn zhòngshì zhè ge xiàngmù.,شرکت برای این پروژه اهمیت زیادی قائل است.,
86,重,chóng,HSK 4,动词、副词,4,再一次、重新做；重复（动/副）,دوباره؛ از نو؛ تکرار کردن یا دوباره انجام دادن (فعل/قید),动/副,فعل/قید,重写（chóngxiě）|重做（chóngzuò）|重读（chóngdú）|重来（chónglái）,这个句子请你重读一遍。,Zhè ge jùzi qǐng nǐ chóngdú yí biàn.,لطفاً این جمله را یک بار دیگر بخوان.,
86,重,chóng,HSK 4,形容词、量词、语素,5,一层又一层的；一重又一重的，多用于“重重……”这类较书面表达（形/量/语素）,لایه‌لایه؛ پی‌درپی؛ چندین‌لایه یا چندین‌مرحله‌ای، بیشتر در عبارت‌های رسمی/نوشتاری مثل «دشواری‌های پی‌درپی» (صفت/واحد شمارش/تکواژ),形/量/语素,صفت/واحد شمارش/تکواژ,重重困难（chóngchóng kùnnan）|重重阻碍（chóngchóng zǔ’ài）|重重考验（chóngchóng kǎoyàn）|重重包围（chóngchóng bāowéi）,他们克服了重重困难，终于完成了任务。,"Tāmen kèfú le chóngchóng kùnnan, zhōngyú wánchéng le rènwu.",آن‌ها بر دشواری‌های فراوان و پی‌درپی غلبه کردند و بالاخره مأموریت را تمام کردند.,
87,重新,chóngxīn,HSK 4,副词,1,再一次从头开始或以新的方式做某事（副）,دوباره؛ از نو؛ بار دیگر از ابتدا یا به شکلی تازه انجام دادن (قید),副,قید,重新开始（chóngxīn kāishǐ）|重新考虑（chóngxīn kǎolǜ）|重新检查（chóngxīn jiǎnchá）|重新安排（chóngxīn ānpái）,请重新检查一遍。,Qǐng chóngxīn jiǎnchá yí biàn.,لطفاً یک بار دیگر از نو بررسی کن.,
88,窗,chuāng,HSK 4,名词、语素,1,窗户；房屋、车等上面让光线和空气进出的开口，多用于构词或较简洁表达（名/语素）,پنجره؛ بازشوی ساختمان، خودرو و مانند آن برای ورود نور و هوا، بیشتر در ترکیب‌ها یا بیان کوتاه (اسم/تکواژ),名/语素,اسم/تکواژ,窗外（chuāngwài）|窗边（chuāngbiān）|车窗（chēchuāng）|窗台（chuāngtái）,他站在窗边看外面的雨。,Tā zhàn zài chuāngbiān kàn wàimian de yǔ.,او کنار پنجره ایستاده بود و باران بیرون را نگاه می‌کرد.,
89,窗户,chuānghu,HSK 4,名词,1,墙上或车上可以开关、让光线和空气进出的装置（名）,پنجره؛ بخشی در دیوار یا خودرو که باز و بسته می‌شود و نور و هوا از آن وارد می‌شود (اسم),名,اسم,一扇窗户（yí shàn chuānghu）|开窗户（kāi chuānghu）|关窗户（guān chuānghu）|打开窗户（dǎkāi chuānghu）,请把窗户打开。,Qǐng bǎ chuānghu dǎkāi.,لطفاً پنجره را باز کن.,
90,出差,chūchāi,HSK 4,动词,1,因工作需要到外地去办事或工作（动）,به سفر کاری رفتن؛ برای انجام کار اداری یا شغلی به شهر/جای دیگر رفتن (فعل),动,فعل,去北京出差（qù Běijīng chūchāi）|经常出差（jīngcháng chūchāi）|出差回来（chūchāi huílái）|出差几天（chūchāi jǐ tiān）,他下周去上海出差。,Tā xià zhōu qù Shànghǎi chūchāi.,او هفتهٔ آینده برای سفر کاری به شانگهای می‌رود.,
91,厨房,chúfáng,HSK 4,名词,1,做饭、准备食物的房间或地方（名）,آشپزخانه؛ جایی یا اتاقی برای پخت‌وپز و آماده کردن غذا (اسم),名,اسم,在厨房做饭（zài chúfáng zuò fàn）|厨房很小（chúfáng hěn xiǎo）|厨房用品（chúfáng yòngpǐn）|打扫厨房（dǎsǎo chúfáng）,妈妈正在厨房做饭。,Māma zhèngzài chúfáng zuò fàn.,مامان دارد در آشپزخانه غذا می‌پزد.,
92,吹,chuī,HSK 4,动词,1,空气流动或风使东西动；也指用嘴呼出气或吹出声音（动）,وزیدن؛ فوت کردن؛ با دهان هوا بیرون دادن یا صدا درآوردن؛ حرکت کردن هوا یا باد (فعل),动,فعل,风吹（fēng chuī）|吹气（chuī qì）|吹蜡烛（chuī làzhú）|吹口哨（chuī kǒushào）,他一边走路一边吹口哨。,Tā yìbiān zǒulù yìbiān chuī kǒushào.,او هم‌زمان که راه می‌رفت، سوت می‌زد.,
92,吹,chuī,HSK 4,动词,2,吹奏乐器；通过吹气使乐器发声（动）,نواختنِ ساز بادی؛ با دمیدن در ساز صدا درآوردن (فعل),动,فعل,吹笛子（chuī dízi）|吹喇叭（chuī lǎba）|吹口琴（chuī kǒuqín）|吹萨克斯（chuī sàkèsī）,他会吹笛子。,Tā huì chuī dízi.,او بلد است فلوت چینی/نی بنوازد.,
92,吹,chuī,HSK 4,动词,3,夸大地说话；说大话或夸口（动）,لاف زدن؛ بزرگ‌نمایی کردن؛ از خود تعریف اغراق‌آمیز کردن (فعل),动,فعل,吹牛（chuīniú）|别吹了（bié chuī le）|吹得太厉害（chuī de tài lìhai）|又在吹（yòu zài chuī）,别吹了，我不相信。,"Bié chuī le, wǒ bù xiāngxìn.",لاف نزن، من باور نمی‌کنم.,
92,吹,chuī,HSK 4,动词,4,失败、告吹；事情、计划、关系、交易等没有成功或中途取消，多用于口语（动）,به هم خوردن؛ منتفی شدن؛ ناکام ماندن؛ به نتیجه نرسیدنِ برنامه، رابطه، معامله یا کاری، بیشتر در گفتار روزمره (فعل),动,فعل,计划吹了（jìhuà chuī le）|生意吹了（shēngyi chuī le）|他们俩吹了（tāmen liǎ chuī le）|这事儿吹了（zhè shìr chuī le）,这笔生意最后吹了。,Zhè bǐ shēngyi zuìhòu chuī le.,این معامله در نهایت به هم خورد / به نتیجه نرسید.,
93,出口,chūkǒu,HSK 4,名词,1,可以出去的地方或通道（名）,خروجی؛ راه خروج؛ جایی یا مسیری برای بیرون رفتن (اسم),名,اسم,安全出口（ānquán chūkǒu）|地铁出口（dìtiě chūkǒu）|出口在哪儿（chūkǒu zài nǎr）|从出口出去（cóng chūkǒu chūqù）,请从这个出口出去。,Qǐng cóng zhè ge chūkǒu chūqù.,لطفاً از این خروجی بیرون بروید.,
93,出口,chūkǒu,HSK 4,动词、名词,2,把本国或本地区的商品卖到外国或外地；也指卖到外国或外地的商品、贸易或用于出口的（动/名）,صادر کردن؛ صادرات؛ صادراتی؛ فروختن کالا از کشور یا منطقه‌ای به کشور یا منطقهٔ دیگر، یا مربوط به کالا و تجارت صادراتی (فعل/اسم/صفت),动/名,فعل/اسم/صفت,出口商品（chūkǒu shāngpǐn）|出口货（chūkǒu huò）|出口贸易（chūkǒu màoyì）|出口到国外（chūkǒu dào guówài）,这家公司把产品出口到很多国家。,Zhè jiā gōngsī bǎ chǎnpǐn chūkǒu dào hěn duō guójiā.,این شرکت محصولاتش را به کشورهای زیادی صادر می‌کند.,
94,厨师,chúshī,HSK 4,名词,1,以做饭、做菜为职业的人（名）,آشپز؛ سرآشپز؛ کسی که شغلش پختن غذاست (اسم),名,اسم,一名厨师（yì míng chúshī）|专业厨师（zhuānyè chúshī）|中国厨师（Zhōngguó chúshī）|厨师做菜（chúshī zuò cài）,这家餐厅的厨师很有名。,Zhè jiā cāntīng de chúshī hěn yǒumíng.,آشپز این رستوران خیلی معروف است.,
95,出现,chūxiàn,HSK 4,动词,1,人、事物或情况显现出来，被看到、发现或发生（动）,ظاهر شدن؛ پدیدار شدن؛ دیده یا پیدا شدن؛ رخ دادنِ وضعیت یا مسئله‌ای (فعل),动,فعل,出现问题（chūxiàn wèntí）|突然出现（tūrán chūxiàn）|出现错误（chūxiàn cuòwù）|出现变化（chūxiàn biànhuà）,系统出现了一个错误。,Xìtǒng chūxiàn le yí ge cuòwù.,در سیستم یک خطا به وجود آمد / ظاهر شد.,
96,出行,chūxíng,HSK 4,动词、名词,1,外出、出门或乘交通工具去某地；也指外出活动这件事（动/名）,بیرون رفتن؛ سفر یا رفت‌وآمد کردن؛ جابه‌جایی و رفتن به جایی، معمولاً با وسیلهٔ نقلیه (فعل/اسم),动/名,فعل/اسم,绿色出行（lǜsè chūxíng）|出行方便（chūxíng fāngbiàn）|节假日出行（jiéjiàrì chūxíng）|选择出行方式（xuǎnzé chūxíng fāngshì）,这里交通方便，出行很容易。,"Zhèli jiāotōng fāngbiàn, chūxíng hěn róngyì.",اینجا حمل‌ونقل راحت است و رفت‌وآمد آسان است.,
97,出租,chūzū,HSK 4,动词,1,把房子、车、设备等租给别人使用并收取租金（动）,اجاره دادن؛ در برابر اجاره‌بها خانه، خودرو، وسیله، مکان یا چیزی را در اختیار دیگری گذاشتن (فعل),动,فعل,出租房子（chūzū fángzi）|出租车位（chūzū chēwèi）|出租设备（chūzū shèbèi）|房屋出租（fángwū chūzū）,他们把房子出租了。,Tāmen bǎ fángzi chūzū le.,آن‌ها خانه را اجاره دادند.,
98,此,cǐ,HSK 4,代词,1,这个、这；指当前说到的人、事、时间、地点或情况，较书面（代）,این؛ این مورد؛ این شخص، چیز، زمان، مکان یا وضعیت؛ رسمی‌تر و نوشتاری‌تر از «این» معمولی در گفتار (ضمیر),代,ضمیر,此人（cǐ rén）|此事（cǐ shì）|此时（cǐ shí）|到此为止（dào cǐ wéizhǐ）,今天的会议到此为止。,Jīntiān de huìyì dào cǐ wéizhǐ.,جلسهٔ امروز تا همین‌جا تمام می‌شود.,
99,此次,cǐcì,HSK 4,代词、副词,1,这一次；本次，较书面（代/副）,این بار؛ این دفعه؛ این نوبت، رسمی‌تر و نوشتاری‌تر از «这次» (ضمیر/قید),代/副,ضمیر/قید,此次活动（cǐcì huódòng）|此次会议（cǐcì huìyì）|此次访问（cǐcì fǎngwèn）|此次比赛（cǐcì bǐsài）,此次会议非常重要。,Cǐcì huìyì fēicháng zhòngyào.,این جلسه بسیار مهم است.,
100,此外,cǐwài,HSK 4,连词、副词,1,除此以外；另外，用来补充说明新的内容，较书面（连/副）,علاوه بر این؛ افزون بر این؛ گذشته از این، برای اضافه کردن نکته‌ای دیگر در متن یا گفتار رسمی‌تر (حرف ربط/قید),连/副,حرف ربط/قید,"此外，……（cǐwài, ...）|此外还要注意（cǐwài hái yào zhùyì）|此外，另一个原因是（cǐwài, lìng yí ge yuányīn shì）|除此之外（chú cǐ zhī wài）",此外，我们还需要更多时间。,"Cǐwài, wǒmen hái xūyào gèng duō shíjiān.",علاوه بر این، ما به زمان بیشتری هم نیاز داریم.,
101,词语,cíyǔ,HSK 4,名词,1,词和词组；语言中能表达一定意思的词或固定搭配，不是完整句子（名）,واحد واژگانی؛ گروه‌واژه یا ترکیب واژگانیِ معنی‌دار، نه جملهٔ کامل (اسم),名,اسم,常用词语（chángyòng cíyǔ）|新词语（xīn cíyǔ）|词语意思（cíyǔ yìsi）|学习词语（xuéxí cíyǔ）,请用这些词语造句。,Qǐng yòng zhèxiē cíyǔ zàojù.,لطفاً با این واحدهای واژگانی جمله بسازید.,
102,从此,cóngcǐ,HSK 4,副词,1,从这个时候开始；从那以后（副）,از آن زمان به بعد؛ از این لحظه به بعد؛ از آن پس (قید),副,قید,从此以后（cóngcǐ yǐhòu）|从此开始（cóngcǐ kāishǐ）|从此不再（cóngcǐ bú zài）|从此改变（cóngcǐ gǎibiàn）,从此以后，他再也没有见过她。,"Cóngcǐ yǐhòu, tā zài yě méiyǒu jiàn guo tā.",از آن زمان به بعد، او دیگر هرگز او را ندید.,
103,从来,cónglái,HSK 4,副词,1,表示从过去到现在一直如此；常和“都、一直”连用（副）,همیشه؛ از قدیم تا حالا؛ از گذشته تا اکنون همیشه چنین بودن (قید),副,قید,从来都是（cónglái dōu shì）|从来如此（cónglái rúcǐ）|从来很认真（cónglái hěn rènzhēn）|从来不迟到（cónglái bù chídào）,他做事从来很认真。,Tā zuò shì cónglái hěn rènzhēn.,او همیشه در انجام کارها خیلی جدی و دقیق است.,
103,从来,cónglái,HSK 4,副词,2,用于否定句，表示从过去到现在一次也没有；从来不、从来没（副）,هرگز؛ تا حالا هیچ‌وقت؛ از گذشته تا اکنون حتی یک بار هم نه، در جملهٔ منفی (قید),副,قید,从来不说谎（cónglái bù shuōhuǎng）|从来没去过（cónglái méi qù guo）|从来没有见过（cónglái méiyǒu jiàn guo）|从来不迟到（cónglái bù chídào）,我从来没去过北京。,Wǒ cónglái méi qù guo Běijīng.,من تا حالا هرگز به پکن نرفته‌ام.,
104,从中,cóngzhōng,HSK 4,副词短语,1,从某件事、某个过程或某些人/物里面；在其中（副词短语）,از میانِ آن؛ در میانِ آن؛ از داخلِ آن موضوع، فرایند یا مجموعه (عبارت قیدی),副词短语,عبارت قیدی,从中发现（cóngzhōng fāxiàn）|从中学习（cóngzhōng xuéxí）|从中选择（cóngzhōng xuǎnzé）|从中得到帮助（cóngzhōng dédào bāngzhù）,我们可以从中学到很多东西。,Wǒmen kěyǐ cóngzhōng xué dào hěn duō dōngxi.,ما می‌توانیم از دلِ این موضوع چیزهای زیادی یاد بگیریم.,
105,粗,cū,HSK 4,形容词,1,直径、宽度大；不细、不窄（形）,کلفت؛ ضخیم؛ درشت؛ باریک یا نازک نبودن (صفت),形,صفت,粗线（cū xiàn）|粗绳子（cū shéngzi）|眉毛粗（méimao cū）|胳膊粗（gēbo cū）,他的眉毛又黑又粗。,Tā de méimao yòu hēi yòu cū.,ابروهای او هم سیاه است و هم پرپشت/کلفت.,
105,粗,cū,HSK 4,形容词,2,颗粒大；不细小（形）,دانه‌درشت؛ دارای ذرات درشت؛ ریز نبودنِ دانه‌ها یا ذرات (صفت),形,صفت,粗沙（cū shā）|粗盐（cū yán）|粗颗粒（cū kēlì）|粗粮（cūliáng）,粗盐的颗粒比较大。,Cūyán de kēlì bǐjiào dà.,دانه‌های نمک دانه‌درشت نسبتاً بزرگ‌تر است.,
105,粗,cū,HSK 4,形容词,3,声音低而不清亮；嗓音粗（形）,بم؛ کلفت؛ صدایی که پایین، خشن یا نه‌چندان شفاف است (صفت),形,صفت,声音粗（shēngyīn cū）|嗓音粗（sǎngyīn cū）|粗嗓子（cū sǎngzi）|粗声粗气（cū shēng cū qì）,他的声音很粗。,Tā de shēngyīn hěn cū.,صدای او خیلی بم/کلفت است.,
105,粗,cū,HSK 4,形容词、语素,4,粗鲁、不文明；说话或行为不礼貌、不文雅（形/语素）,بی‌ادب؛ بی‌تربیت؛ خشن و زمخت در گفتار یا رفتار؛ مؤدبانه یا متمدنانه نبودن (صفت/تکواژ),形/语素,صفت/تکواژ,粗话（cūhuà）|说话粗（shuōhuà cū）,他说话太粗，让人不舒服。,"Tā shuōhuà tài cū, ràng rén bù shūfu.",او خیلی بی‌ادبانه/زمخت حرف می‌زند و آدم را ناراحت می‌کند.,
105,粗,cū,HSK 4,语素、副词性语素,5,大略地、粗略地；表示估计、计算或了解得不精确，只是大概（语素/副词性语素）,تقریباً؛ حدوداً؛ به‌طور کلی و نه دقیق، بیشتر در ترکیب‌هایی مربوط به تخمین، محاسبه یا بررسی کلی (تکواژ/قیدگونه),语素/副词性语素,تکواژ/قیدگونه,粗估（cūgū）|粗算（cūsuàn）,我粗算了一下，大概要三千块。,"Wǒ cūsuàn le yí xià, dàgài yào sān qiān kuài.",من حدودی حساب کردم، احتمالاً حدود سه هزار یوان لازم است.,
106,存,cún,HSK 4,动词,1,保存、保留；使东西不丢失、不消失或以后还能使用（动）,نگه داشتن؛ ذخیره کردن؛ حفظ کردن؛ چیزی را طوری نگه داشتن که گم نشود، از بین نرود یا بعداً قابل استفاده باشد (فعل),动,فعل,存文件（cún wénjiàn）|存资料（cún zīliào）|存起来（cún qǐlái）|存好（cún hǎo）,请先把文件存起来。,Qǐng xiān bǎ wénjiàn cún qǐlái.,لطفاً اول فایل را ذخیره کن.,
106,存,cún,HSK 4,动词,2,把东西交给某处暂时保管，以后再取回（动）,به امانت گذاشتن؛ سپردن برای نگهداری موقت؛ چیزی را جایی گذاشتن تا بعداً پس بگیری (فعل),动,فعل,存包（cún bāo）|存行李（cún xíngli）|存车（cún chē）|存在服务台（cún zài fúwùtái）,请先把包存在服务台。,Qǐng xiān bǎ bāo cún zài fúwùtái.,لطفاً اول کیف را در میز خدمات به امانت بگذارید.,
106,存,cún,HSK 4,动词,3,把钱放在银行、账户或某个地方；也指积攒钱（动）,پول گذاشتن؛ پول را در بانک، حساب یا جایی قرار دادن؛ پس‌انداز کردن (فعل),动,فعل,存钱（cún qián）|存银行（cún yínháng）|存进账户（cún jìn zhànghù）|存点儿钱（cún diǎnr qián）,我每个月都会存一点儿钱。,Wǒ měi ge yuè dōu huì cún yìdiǎnr qián.,من هر ماه کمی پول پس‌انداز می‌کنم.,
106,存,cún,HSK 4,动词,4,存在；某种问题、风险、疑问、希望等没有消失，仍然保留着，多用于较书面表达（动）,وجود داشتن؛ باقی بودن؛ از بین نرفتنِ مشکل، خطر، تردید، امید یا وضعیتی خاص، بیشتر در کاربرد رسمی یا نوشتاری (فعل),动,فعل,问题仍存（wèntí réng cún）|风险尚存（fēngxiǎn shàng cún）|疑问仍存（yíwèn réng cún）|希望尚存（xīwàng shàng cún）,风险尚存，不能掉以轻心。,"Fēngxiǎn shàng cún, bù néng diào yǐ qīng xīn.",خطر هنوز باقی است، نباید آن را دست‌کم گرفت.,
106,存,cún,HSK 4,动词,5,心里怀有某种想法、感情、态度或打算，多用于较书面表达（动）,در دل داشتن؛ در ذهن داشتن؛ داشتنِ فکر، احساس، نگرش یا قصدی خاص، بیشتر در کاربرد رسمی یا نوشتاری (فعل),动,فعل,心存希望（xīn cún xīwàng）|心存疑虑（xīn cún yílǜ）|心存感激（xīn cún gǎnjī）|存有疑问（cún yǒu yíwèn）,我一直对他们的帮助心存感激。,Wǒ yìzhí duì tāmen de bāngzhù xīn cún gǎnjī.,من همیشه بابت کمکشان در دل قدردان بوده‌ام.,
107,村,cūn,HSK 4,名词,1,乡下人们聚居的地方；村庄（名）,روستا؛ ده؛ محل زندگی جمعی مردم در ناحیهٔ روستایی (اسم),名,اسم,一个村（yí ge cūn）|小村（xiǎo cūn）|村里（cūn li）|村外（cūn wài）,他出生在一个小村里。,Tā chūshēng zài yí ge xiǎo cūn li.,او در یک روستای کوچک به دنیا آمد.,
108,错过,cuòguò,HSK 4,动词,1,没有赶上或失去机会、时间、车、活动等（动）,از دست دادن؛ جا ماندن از؛ نرسیدن به فرصت، زمان، وسیلهٔ نقلیه، برنامه یا اتفاقی (فعل),动,فعل,错过机会（cuòguò jīhuì）|错过时间（cuòguò shíjiān）|错过火车（cuòguò huǒchē）|错过比赛（cuòguò bǐsài）,我错过了最后一班车。,Wǒ cuòguò le zuìhòu yì bān chē.,من آخرین سرویس/اتوبوس را از دست دادم.,
108,错过,cuòguò,HSK 4,动词,2,交错而过；本来可能遇到或碰到，但因为时间或位置岔开而没有遇上（动）,به هم نرسیدن؛ همدیگر را ندیدن؛ از کنار هم رد شدن بی‌آنکه تلاقی کنند، چون زمان یا مسیرشان به هم نخورد (فعل),动,فعل,和他错过了（hé tā cuòguò le）|两人错过了（liǎng rén cuòguò le）|刚好错过（gānghǎo cuòguò）|在路上错过（zài lù shang cuòguò）,我到的时候，他刚走，我们错过了。,"Wǒ dào de shíhou, tā gāng zǒu, wǒmen cuòguò le.",وقتی من رسیدم، او تازه رفته بود؛ به هم نرسیدیم.,
109,错误,cuòwù,HSK 4,名词,1,不正确的地方、行为、判断或结果；也可指犯下的过失（名）,اشتباه؛ خطا؛ لغزش؛ مورد، رفتار، قضاوت یا نتیجهٔ نادرست، یا خطایی که کسی مرتکب شده است (اسم),名,اسم,犯错误（fàn cuòwù）|发现错误（fāxiàn cuòwù）|改正错误（gǎizhèng cuòwù）|严重错误（yánzhòng cuòwù）,请改正句子里的错误。,Qǐng gǎizhèng jùzi li de cuòwù.,لطفاً اشتباه‌های داخل جمله را اصلاح کن.,
109,错误,cuòwù,HSK 4,形容词,2,不正确；和事实、标准或要求不一致（形）,اشتباه؛ نادرست؛ غلط؛ ناسازگار با واقعیت، معیار یا خواسته/شرط لازم (صفت),形,صفت,错误的答案（cuòwù de dá’àn）|错误的决定（cuòwù de juédìng）|错误的理解（cuòwù de lǐjiě）|错误的方法（cuòwù de fāngfǎ）,这是一个错误的决定。,Zhè shì yí ge cuòwù de juédìng.,این یک تصمیم اشتباه است.,
110,粗心,cūxīn,HSK 4,形容词,1,做事不细心、不认真，容易忽略细节或犯错（形）,بی‌دقت؛ حواس‌پرت؛ سرسری‌کار؛ کسی که به جزئیات توجه کافی نمی‌کند و راحت اشتباه می‌کند (صفت),形,صفت,粗心大意（cūxīn dàyì）|太粗心（tài cūxīn）|粗心的人（cūxīn de rén）|因为粗心（yīnwèi cūxīn）,他太粗心了，把名字写错了。,"Tā tài cūxīn le, bǎ míngzi xiě cuò le.",او خیلی بی‌دقت بود و اسم را اشتباه نوشت.,
111,答,dá,HSK 4,动词,1,回答；对问题、要求或别人说的话作出回应（动）,جواب دادن؛ پاسخ دادن؛ به سؤال، درخواست یا حرف کسی پاسخ کلامی دادن (فعل),动,فعل,答不上来（dá bu shànglái）|答得很好（dá de hěn hǎo）|答对了（dá duì le）,这个问题我答不上来。,Zhè ge wèntí wǒ dá bu shànglái.,من نمی‌توانم به این سؤال جواب بدهم.,
112,打招呼,dǎ zhāohu,HSK 4,动词短语,1,见面或离开时用语言、手势等表示问候（动词短语）,سلام و احوالپرسی کردن؛ سلام دادن؛ هنگام دیدن کسی یا خداحافظی با او با حرف، اشاره یا رفتار دوستانه واکنش نشان دادن (عبارت فعلی),动词短语,عبارت فعلی,主动打招呼（zhǔdòng dǎ zhāohu）|和老师打招呼（hé lǎoshī dǎ zhāohu）|打个招呼（dǎ ge zhāohu）|跟大家打招呼（gēn dàjiā dǎ zhāohu）,他一进门就跟大家打招呼。,Tā yí jìn mén jiù gēn dàjiā dǎ zhāohu.,او به‌محض اینکه وارد شد، به همه سلام کرد.,
112,打招呼,dǎ zhāohu,HSK 4,动词短语,2,事先通知、说明或提醒别人，使对方有准备（动词短语）,از قبل خبر دادن؛ اطلاع دادن؛ هماهنگ کردن؛ چیزی را پیشاپیش به کسی گفتن تا آماده باشد یا در جریان قرار بگیرد (عبارت فعلی),动词短语,عبارت فعلی,提前打招呼（tíqián dǎ zhāohu）|先打个招呼（xiān dǎ ge zhāohu）|跟我打招呼（gēn wǒ dǎ zhāohu）|打声招呼（dǎ shēng zhāohu）,你要请假，最好先跟老师打个招呼。,"Nǐ yào qǐngjià, zuìhǎo xiān gēn lǎoshī dǎ ge zhāohu.",اگر می‌خواهی مرخصی بگیری، بهتر است اول به معلم خبر بدهی / با معلم هماهنگ کنی.,
113,答案,dá’àn,HSK 4,名词,1,对问题、题目、考试或事情的回答、结果或解决办法（名）,پاسخ؛ جواب؛ نتیجه یا راه‌حلِ یک سؤال، تمرین، امتحان یا مسئله (اسم),名,اسم,正确答案（zhèngquè dá’àn）|标准答案（biāozhǔn dá’àn）|找到答案（zhǎodào dá’àn）|写答案（xiě dá’àn）,请把答案写在纸上。,Qǐng bǎ dá’àn xiě zài zhǐ shang.,لطفاً جواب‌ها را روی کاغذ بنویسید.,
114,大巴,dàbā,HSK 4,名词,1,大型公共汽车；常用于长途、旅游、接送等场合（名）,اتوبوس بزرگ؛ اتوبوس بین‌شهری، توریستی یا سرویس گروهی (اسم),名,اسم,坐大巴（zuò dàbā）|旅游大巴（lǚyóu dàbā）|机场大巴（jīchǎng dàbā）|一辆大巴（yí liàng dàbā）,我们坐大巴去机场。,Wǒmen zuò dàbā qù jīchǎng.,ما با اتوبوس به فرودگاه می‌رویم.,
115,打败,dǎbài,HSK 4,动词,1,在比赛、战争、竞争等中战胜对方，使对方失败（动）,شکست دادن؛ مغلوب کردن؛ در مسابقه، جنگ یا رقابت بر کسی پیروز شدن (فعل),动,فعل,打败对手（dǎbài duìshǒu）|打败敌人（dǎbài dírén）|被打败（bèi dǎbài）|终于打败（zhōngyú dǎbài）,他们打败了最后一个对手。,Tāmen dǎbài le zuìhòu yí ge duìshǒu.,آن‌ها آخرین حریف را شکست دادند.,
116,大大,dàdà,HSK 4,副词,1,程度、数量、范围等明显增加或变化；非常、很大程度地（副）,به‌طور چشمگیر؛ خیلی؛ به میزان زیاد؛ برای نشان دادن افزایش یا تغییر واضح در درجه، مقدار یا دامنه (قید),副,قید,大大提高（dàdà tígāo）|大大减少（dàdà jiǎnshǎo）|大大增加（dàdà zēngjiā）|大大改善（dàdà gǎishàn）,这个办法大大提高了效率。,Zhè ge bànfǎ dàdà tígāo le xiàolǜ.,این روش بازدهی را به‌طور چشمگیری افزایش داد.,
117,达到,dádào,HSK 4,动词,1,到达某个数量、程度、标准、目标或要求（动）,رسیدن به؛ دست یافتن به؛ رسیدن به یک عدد، سطح، استاندارد، هدف، الزام یا معیار لازم (فعل),动,فعل,达到标准（dádào biāozhǔn）|达到目标（dádào mùbiāo）|达到要求（dádào yāoqiú）|达到一定水平（dádào yídìng shuǐpíng）,这个产品达到了质量标准。,Zhè ge chǎnpǐn dádào le zhìliàng biāozhǔn.,این محصول به استاندارد کیفیت رسیده است.,
118,打工,dǎgōng,HSK 4,动词,1,受雇为别人工作，通常指临时、兼职或非正式地挣钱工作（动）,کار کردن برای مزد؛ کارگری/کار موقت یا پاره‌وقت کردن؛ برای دیگران کار کردن و پول گرفتن (فعل),动,فعل,出去打工（chūqù dǎgōng）|在餐厅打工（zài cāntīng dǎgōng）|暑假打工（shǔjià dǎgōng）|打工赚钱（dǎgōng zhuànqián）,他暑假在餐厅打工。,Tā shǔjià zài cāntīng dǎgōng.,او در تعطیلات تابستان در رستوران کار می‌کند/کار موقت می‌کند.,
119,戴,dài,HSK 4,动词,1,把帽子、眼镜、手套、首饰等放在头、脸、手等身体部位上（动）,پوشیدن/گذاشتن چیزهایی مثل کلاه، عینک، دستکش یا زیورآلات روی سر، صورت، دست و مانند آن (فعل),动,فعل,戴帽子（dài màozi）|戴眼镜（dài yǎnjìng）|戴手套（dài shǒutào）|戴口罩（dài kǒuzhào）,出门前请戴好口罩。,Chūmén qián qǐng dài hǎo kǒuzhào.,قبل از بیرون رفتن لطفاً ماسک بزنید.,
120,待,dài,HSK 4,动词,1,用某种态度或方式对人或事；对待（动）,رفتار کردن با؛ برخورد کردن با؛ با کسی یا چیزی با نوعی نگرش یا روش برخورد کردن (فعل),动,فعل,待人真诚（dài rén zhēnchéng）|待人友好（dài rén yǒuhǎo）|待客热情（dài kè rèqíng）,他待人很真诚。,Tā dài rén hěn zhēnchéng.,او با دیگران بسیار صادقانه/صمیمانه رفتار می‌کند.,
120,待,dāi,HSK 4,动词,2,停留在某个地方；待着（动）,ماندن؛ در جایی ماندن؛ جایی بودن و همان‌جا ماندن (فعل),动,فعل,待在家里（dāi zài jiā li）|待一会儿（dāi yíhuìr）|待了三天（dāi le sān tiān）|别在这儿待着（bié zài zhèr dāi zhe）,我今天想待在家里。,Wǒ jīntiān xiǎng dāi zài jiā li.,امروز می‌خواهم در خانه بمانم.,
120,待,dài,HSK 4,动词,3,等待；等到某个时间、条件或结果，常用于较书面表达（动）,منتظر ماندن؛ صبر کردن تا زمان، شرط یا نتیجه‌ای برسد؛ بیشتر در کاربرد رسمی یا نوشتاری (فعل),动,فعل,待到明天（dài dào míngtiān）|待时机成熟（dài shíjī chéngshú）|待他回来（dài tā huílái）|待条件允许（dài tiáojiàn yǔnxǔ）,待他回来，我们再讨论。,"Dài tā huílái, wǒmen zài tǎolùn.",وقتی او برگشت / بعد از اینکه او برگشت، دوباره بحث می‌کنیم.,
121,大夫,dàifu,HSK 4,名词,1,医生；给人看病、治病的人，口语中常用（名）,دکتر؛ پزشک؛ کسی که بیمار را معاینه و درمان می‌کند، بیشتر در گفتار روزمره (اسم),名,اسم,看大夫（kàn dàifu）|找大夫（zhǎo dàifu）|一位大夫（yí wèi dàifu）|医院的大夫（yīyuàn de dàifu）,你应该去看大夫。,Nǐ yīnggāi qù kàn dàifu.,تو باید بروی دکتر.,
122,袋子,dàizi,HSK 4,名词,1,用布、纸、塑料等做成、可以装东西的口袋或包状物（名）,کیسه؛ پاکت؛ چیزی از جنس پارچه، کاغذ، پلاستیک و مانند آن برای گذاشتن و حمل کردن وسایل (اسم),名,اسم,塑料袋子（sùliào dàizi）|一个袋子（yí ge dàizi）|袋子里（dàizi li）|打开袋子（dǎkāi dàizi）,请把水果放进袋子里。,Qǐng bǎ shuǐguǒ fàng jìn dàizi li.,لطفاً میوه‌ها را داخل کیسه بگذار.,
123,大量,dàliàng,HSK 4,形容词、副词,1,数量很多；大量地（形/副）,مقدار زیاد؛ تعداد زیاد؛ به مقدار زیاد؛ فراوان (صفت/قید),形/副,صفت/قید,大量资料（dàliàng zīliào）|大量时间（dàliàng shíjiān）|大量生产（dàliàng shēngchǎn）|大量使用（dàliàng shǐyòng）,这个项目需要大量时间。,Zhè ge xiàngmù xūyào dàliàng shíjiān.,این پروژه به زمان زیادی نیاز دارد.,
123,大量,dàliàng,HSK 4,形容词,2,度量大；能包容、不计较，多用于形容人（形）,بزرگ‌منش؛ باگذشت؛ کسی که ظرفیت و تحمل زیادی دارد و سخت نمی‌گیرد (صفت),形,صفت,宽宏大量（kuānhóng dàliàng）|大人大量（dàrén dàliàng）|为人大量（wéirén dàliàng）|很大量（hěn dàliàng）,他为人大量，不会计较这些小事。,"Tā wéirén dàliàng, bú huì jìjiào zhèxiē xiǎoshì.",او آدم باگذشتی است و سر این چیزهای کوچک سخت نمی‌گیرد.,
124,当,dāng,HSK 4,动词,1,担任、充当某种身份、角色或职务（动）,بودن یا شدن در نقشِ؛ به‌عنوانِ کسی یا چیزی کار کردن؛ عهده‌دار شدنِ نقش، شغل یا مسئولیتی (فعل),动,فعل,当老师（dāng lǎoshī）|当医生（dāng yīshēng）|当经理（dāng jīnglǐ）|当代表（dāng dàibiǎo）,他想当一名老师。,Tā xiǎng dāng yì míng lǎoshī.,او می‌خواهد معلم شود.,
124,当,dāng,HSK 4,介词,2,在某个时间、情况或事件发生的时候；常用于“当……时/当……的时候”结构（介）,وقتی که؛ هنگامی که؛ در ساختار «当….时/时候» برای بیان زمان یا شرایط وقوع یک کار (حرف اضافه/ساختار زمانی),介,حرف اضافه/ساختار زمانی,当我到家时（dāng wǒ dào jiā shí）|当他来的时候（dāng tā lái de shíhou）|当事情发生时（dāng shìqing fāshēng shí）|当我看到他时（dāng wǒ kàndào tā shí）,当我到家的时候，雨已经停了。,"Dāng wǒ dào jiā de shíhou, yǔ yǐjīng tíng le.",وقتی به خانه رسیدم، باران بند آمده بود.,
124,当,dāng,HSK 4,介词,3,面对着某人或某事；在某人面前或某个场合中（介）,در حضورِ؛ جلویِ؛ رو‌به‌رویِ کسی یا در برابرِ جمع یا موقعیتی خاص (حرف اضافه),介,حرف اضافه,当着他的面（dāng zhe tā de miàn）|当着大家的面（dāng zhe dàjiā de miàn）|当面说（dāng miàn shuō）|当场说清楚（dāngchǎng shuō qīngchu）,请当着大家的面说清楚。,Qǐng dāng zhe dàjiā de miàn shuō qīngchu.,لطفاً جلوی همه واضح توضیح بده.,
124,当,dāng,HSK 4,语素,4,指事情发生的同一时间；同一个日、月、年等，多用于时间词前（语素）,همان؛ مربوط به همان زمانِ وقوع یا زمانِ مورد اشاره، بیشتر قبل از واژه‌های زمانی مثل روز، ماه یا سال (تکواژ),语素,تکواژ,当天（dāngtiān）|当日（dāngrì）|当月（dāngyuè）|当年（dāngnián）,请在当天完成登记。,Qǐng zài dāngtiān wánchéng dēngjì.,لطفاً ثبت‌نام را در همان روز تکمیل کنید.,
124,当,dāng,HSK 4,动词,5,承担、承受或接受某种责任、称赞、好意等；常用于固定表达（动）,بر عهده گرفتن؛ پذیرفتن؛ تاب یا تحمل چیزی را داشتن؛ شایستهٔ پذیرفتنِ مسئولیت، تعریف یا لطفی بودن، بیشتر در عبارت‌های ثابت (فعل),动,فعل,敢作敢当（gǎn zuò gǎn dāng）|不敢当（bù gǎn dāng）,这件事是我做的，我敢作敢当。,"Zhè jiàn shì shì wǒ zuò de, wǒ gǎn zuò gǎn dāng.",این کار را من انجام داده‌ام و مسئولیتش را هم می‌پذیرم.,
124,当,dāng,HSK 4,动词,6,相当于；起到某种人或事物的作用，可表示一个人或物能顶得上另一个人或物（动）,برابر بودن با؛ معادلِ چیزی بودن؛ جای کسی یا چیزی را گرفتن؛ کارِ کسی یا چیزی را کردن (فعل),动,فعل,当十个人用（dāng shí ge rén yòng）|一个当两个用（yí ge dāng liǎng ge yòng）,他一个人能当十个人用。,Tā yí ge rén néng dāng shí ge rén yòng.,او یک نفر است، ولی به اندازهٔ ده نفر کار می‌کند.,
124,当,dāng,HSK 4,象声词,7,模拟金属、钟、铃等发出的响声（象声词）,دَنگ؛ دَنگ‌دَنگ؛ صدای زنگ، ناقوس یا برخورد فلزات (نام‌آوا),象声词,نام‌آوا,当当的钟声（dāngdāng de zhōngshēng）|当的一声（dāng de yì shēng）,远处传来当当的钟声。,Yuǎnchù chuán lái dāngdāng de zhōngshēng.,از دور صدای دنگ‌دنگِ ناقوس/زنگ به گوش رسید.,
124,当,dàng,HSK 4,动词,8,把某人或某物看作某种人或事物（动）,دانستن؛ حساب کردن؛ تلقی کردن؛ کسی یا چیزی را چیزی فرض کردن یا به‌حساب آوردن (فعل),动,فعل,把他当朋友（bǎ tā dàng péngyou）|把这里当家（bǎ zhèli dàng jiā）|当成孩子（dàng chéng háizi）|当作礼物（dàng zuò lǐwù）,我一直把他当朋友。,Wǒ yìzhí bǎ tā dàng péngyou.,من همیشه او را دوست خودم حساب کرده‌ام.,
124,当,dàng,HSK 4,动词,9,把东西交给当铺换钱，以后可以赎回（动）,گرو گذاشتن؛ چیزی را به گروخانه دادن و در برابرش پول گرفتن، با امکان پس گرفتن بعدی؛ کاربردی نسبتاً خاص و نه خیلی روزمره (فعل),动,فعل,当手表（dàng shǒubiǎo）|当首饰（dàng shǒushì）|把东西当了（bǎ dōngxi dàng le）|拿去当了（ná qù dàng le）,他把手表拿去当了。,Tā bǎ shǒubiǎo ná qù dàng le.,او ساعتش را برد گرو گذاشت.,
124,当,dàng,HSK 4,语素,10,合适、相称、恰当；多用于“不当”等词语中（语素）,مناسب؛ بجا؛ شایسته؛ درخور؛ درست و متناسب، بیشتر در ترکیب‌هایی مربوط به مناسب یا نامناسب بودن (تکواژ),语素,تکواژ,用词不当（yòngcí bú dàng）|行为不当（xíngwéi bú dàng）,这篇文章有几处用词不当。,Zhè piān wénzhāng yǒu jǐ chù yòngcí bú dàng.,در این مقاله چند جا واژه‌ها نامناسب به کار رفته‌اند.,
125,当时,dāngshí,HSK 4,名词、副词,1,事情发生的那个时候；那时（名/副）,آن زمان؛ همان موقع؛ در آن لحظه یا دوره‌ای که چیزی رخ داد (اسم/قید),名/副,اسم/قید,当时的情况（dāngshí de qíngkuàng）|当时我不知道（dāngshí wǒ bù zhīdào）|当时很紧张（dāngshí hěn jǐnzhāng）|回忆当时（huíyì dāngshí）,当时我还不知道这个消息。,Dāngshí wǒ hái bù zhīdào zhè ge xiāoxi.,آن موقع هنوز از این خبر خبر نداشتم.,
126,单位,dānwèi,HSK 4,名词,1,机关、公司、学校、工厂等工作组织或机构（名）,محل کار؛ سازمان؛ اداره؛ واحد کاری یا نهادی مثل شرکت، مدرسه، کارخانه یا اداره (اسم),名,اسم,工作单位（gōngzuò dānwèi）|用人单位（yòngrén dānwèi）|单位领导（dānwèi lǐngdǎo）|事业单位（shìyè dānwèi）,你在哪个单位工作？,Nǐ zài nǎ ge dānwèi gōngzuò?,تو در کدام سازمان/محل کار کار می‌کنی؟,
126,单位,dānwèi,HSK 4,名词,2,计算数量、长度、重量、时间等时使用的标准量（名）,واحد؛ واحد اندازه‌گیری یا شمارش برای مقدار، طول، وزن، زمان و مانند آن (اسم),名,اسم,长度单位（chángdù dānwèi）|重量单位（zhòngliàng dānwèi）|计量单位（jìliàng dānwèi）|基本单位（jīběn dānwèi）,米是长度单位。,Mǐ shì chángdù dānwèi.,متر واحد اندازه‌گیری طول است.,
127,道,dào,HSK 4,名词,1,供人或车通行的路；也可指行走、前进的路线（名）,راه؛ مسیر؛ جاده؛ مسیری که انسان یا وسیله از آن عبور می‌کند (اسم),名,اسم,这条道（zhè tiáo dào）|一条小道（yì tiáo xiǎo dào）|山道（shāndào）|走这道（zǒu zhè dào）,这条道很窄。,Zhè tiáo dào hěn zhǎi.,این راه خیلی باریک است.,
127,道,dào,HSK 4,名词,2,做事、达到目的或理解问题的途径、方法或道理（名）,راه؛ روش؛ مسیر فکری یا عملی برای انجام کاری، رسیدن به هدف یا فهمیدن موضوعی (اسم),名,اسم,学习之道（xuéxí zhī dào）|成功之道（chénggōng zhī dào）|做人之道（zuòrén zhī dào）|解决之道（jiějué zhī dào）,每个人都有自己的成功之道。,Měi ge rén dōu yǒu zìjǐ de chénggōng zhī dào.,هر کسی راه و روش خودش را برای موفقیت دارد.,
127,道,dào,HSK 4,名词,3,中国传统思想中指宇宙、人生或事物运行的根本规律；也可指道教（名）,راه/اصل بنیادین؛ قانون یا حقیقت بنیادین جهان، زندگی یا امور در اندیشهٔ سنتی چین؛ همچنین مرتبط با آیین دائو (اسم),名,اسم,道与德（dào yǔ dé）|求道（qiú dào）|修道（xiū dào）|道在心中（dào zài xīn zhōng）,古人常说，万物都有自己的道。,"Gǔrén cháng shuō, wànwù dōu yǒu zìjǐ de dào.",قدیمی‌ها می‌گفتند هر چیزی راه/اصل بنیادین خودش را دارد.,
127,道,dào,HSK 4,量词,4,用于门、墙、题、菜、光线、命令、程序等条状、层次、项目或步骤性的事物（量）,واحد شمارش برای چیزهایی مثل در، دیوار، سؤال، غذا، نور، دستور یا مرحله/فرایند (واحد شمارش),量,واحد شمارش,一道门（yí dào mén）|一道题（yí dào tí）|一道菜（yí dào cài）|一道光（yí dào guāng）,这道题很难。,Zhè dào tí hěn nán.,این سؤال خیلی سخت است.,
127,道,dào,HSK 4,动词,5,说、讲出；现代汉语中单独使用较书面或文学（动）,گفتن؛ بیان کردن؛ به زبان آوردن؛ در چینی امروز کاربرد مستقلش بیشتر نوشتاری یا ادبی است (فعل),动,فعل,他道（tā dào）|我道（wǒ dào）|道一声谢（dào yì shēng xiè）|道一声好（dào yì shēng hǎo）,"他笑着道：""没关系。""","Tā xiào zhe dào: ""Méi guānxi.""",او با لبخند گفت: «اشکالی ندارد.»,«道歉»، «道谢»، «道别» واژه‌های مستقل و پرکاربردی هستند که از همین ریشه ساخته شده‌اند و بهتر است جداگانه بیایند.
127,道,dào,HSK 4,语素,6,"中国古代行政区划单位（如唐代的""道""，介于省与州之间）；现代朝鲜、日本的行政区划名称也沿用此字（语素）",واحد تقسیمات کشوری در چین باستان (مثلاً دورهٔ تانگ، سطحی میان استان و شهرستان)؛ در کره و ژاپن امروزی هم برای نامیدن استان‌ها به‌کار می‌رود (تکواژ),语素,تکواژ,陇右道（Lǒngyòu Dào）|京畿道（Jīngjī Dào）,唐代把全国分为十道。,Táng dài bǎ quánguó fēn wéi shí dào.,در دورهٔ تانگ، کشور را به ده «道» (منطقهٔ اداری) تقسیم کردند.,این کاربرد تاریخی و تخصصی است و در زبان روزمرهٔ امروزی کاربرد ندارد؛ بیشتر در متون تاریخی یا در نام استان‌های کره/ژاپن دیده می‌شود.
128,刀,dāo,HSK 4,名词,1,用来切、割、削、砍等的工具或武器（名）,چاقو؛ کارد؛ تیغ؛ ابزار یا سلاحی برای بریدن، برش زدن، پوست کندن، تراشیدن، خرد کردن یا شکافتن (اسم),名,اسم,一把刀（yì bǎ dāo）|菜刀（càidāo）|水果刀（shuǐguǒdāo）|刀很快（dāo hěn kuài）,这把刀很快，小心一点儿。,"Zhè bǎ dāo hěn kuài, xiǎoxīn yìdiǎnr.",این چاقو خیلی تیز است، کمی مراقب باش.,
128,刀,dāo,HSK 4,量词,2,用于纸张，一百张纸为一刀（量）,واحد شمارش برای کاغذ؛ هر یک واحد برابر با صد برگ کاغذ است (واحد شمارش),量,واحد شمارش,一刀纸（yì dāo zhǐ）|两刀纸（liǎng dāo zhǐ）|买一刀纸（mǎi yì dāo zhǐ）|几刀白纸（jǐ dāo báizhǐ）,他买了一刀白纸。,Tā mǎi le yì dāo báizhǐ.,او صد برگ کاغذ سفید خرید.,
129,到底,dàodǐ,HSK 4,副词,1,用于疑问句，加强追问语气，表示想弄清真正情况（副）,بالاخره؛ دقیقاً؛ واقعاً؛ در سؤال برای تأکید بر اینکه می‌خواهیم حقیقت یا نتیجهٔ واقعی را بدانیم (قید),副,قید,到底怎么了（dàodǐ zěnme le）|到底是谁（dàodǐ shì shéi）|到底为什么（dàodǐ wèishénme）|到底去哪儿（dàodǐ qù nǎr）,你到底想说什么？,Nǐ dàodǐ xiǎng shuō shénme?,تو بالاخره دقیقاً چه می‌خواهی بگویی؟,
129,到底,dàodǐ,HSK 4,副词,2,终于、最终；经过变化、犹豫或过程后，最后出现某种结果（副）,بالاخره؛ سرانجام؛ در نهایت؛ عاقبت، پس از تغییر، تردید، کشمکش یا گذر یک روند، اتفاقی رخ دادن یا نتیجه‌ای حاصل شدن (قید),副,قید,到底还是来了（dàodǐ háishi lái le）|到底成功了（dàodǐ chénggōng le）|到底没去成（dàodǐ méi qù chéng）|到底解决了（dàodǐ jiějué le）,他到底还是答应了。,Tā dàodǐ háishi dāying le.,او بالاخره / در نهایت قبول کرد.,
129,到底,dàodǐ,HSK 4,副词,3,毕竟；到底是……，表示某种原因、身份或情况本来就有影响（副）,هرچه باشد؛ به‌هرحال؛ بالاخره، برای تأکید بر اینکه یک دلیل، جایگاه، ویژگی یا وضعیت ذاتاً اثرگذار است (قید),副,قید,到底是孩子（dàodǐ shì háizi）|到底年轻（dàodǐ niánqīng）|到底有经验（dàodǐ yǒu jīngyàn）|到底不一样（dàodǐ bù yíyàng）,他到底是有经验，处理得很快。,"Tā dàodǐ shì yǒu jīngyàn, chǔlǐ de hěn kuài.",او هرچه باشد باتجربه است، برای همین خیلی سریع رسیدگی کرد.,
130,到来,dàolái,HSK 4,动词,1,来到、来临；某个时间、事件、情况或人到达（动）,فرا رسیدن؛ آمدن؛ رسیدنِ زمان، رویداد، وضعیت یا شخص (فعل),动,فعل,春天到来（chūntiān dàolái）|机会到来（jīhuì dàolái）|新时代到来（xīn shídài dàolái）|客人到来（kèrén dàolái）,春天终于到来了。,Chūntiān zhōngyú dàolái le.,بهار بالاخره فرا رسید.,
131,道路,dàolù,HSK 4,名词,1,供人、车通行的路；道路交通中的路（名）,راه؛ جاده؛ مسیر عبور انسان یا وسیلهٔ نقلیه (اسم),名,اسم,城市道路（chéngshì dàolù）|主要道路（zhǔyào dàolù）|道路安全（dàolù ānquán）|道路很宽（dàolù hěn kuān）,这条道路很宽，也很安全。,"Zhè tiáo dàolù hěn kuān, yě hěn ānquán.",این جاده/راه خیلی عریض و امن است.,
131,道路,dàolù,HSK 4,名词,2,达到某种目标、发展方向或人生选择的途径（名）,مسیر؛ راه؛ راه و روش یا جهت رسیدن به هدف، پیشرفت یا انتخابی در زندگی (اسم),名,اسم,发展道路（fāzhǎn dàolù）|成功道路（chénggōng dàolù）|人生道路（rénshēng dàolù）|正确道路（zhèngquè dàolù）,每个人都有自己的道路。,Měi ge rén dōu yǒu zìjǐ de dàolù.,هرکس مسیر خودش را دارد.,
132,道歉,dàoqiàn,HSK 4,动词,1,因为做错事、打扰别人或给别人带来不便而表示歉意（动）,عذرخواهی کردن؛ پوزش خواستن؛ بابت اشتباه، مزاحمت یا ایجاد زحمت برای کسی اظهار تأسف کردن (فعل),动,فعل,向他道歉（xiàng tā dàoqiàn）|正式道歉（zhèngshì dàoqiàn）|公开道歉（gōngkāi dàoqiàn）|道歉信（dàoqiàn xìn）,我应该向你道歉。,Wǒ yīnggāi xiàng nǐ dàoqiàn.,من باید از تو عذرخواهی کنم.,
133,导游,dǎoyóu,HSK 4,名词,1,带领游客参观并讲解的人（名）,راهنمای گردشگری؛ کسی که گردشگران را همراهی می‌کند و دربارهٔ مکان‌ها توضیح می‌دهد (اسم),名,اسم,一名导游（yì míng dǎoyóu）|当地导游（dāngdì dǎoyóu）|中文导游（Zhōngwén dǎoyóu）|导游讲解（dǎoyóu jiǎngjiě）,导游给我们介绍了这座古城。,Dǎoyóu gěi wǒmen jièshào le zhè zuò gǔchéng.,راهنمای گردشگری این شهر تاریخی را به ما معرفی کرد.,
133,导游,dǎoyóu,HSK 4,动词,2,带领游客游览并进行讲解（动）,راهنمایی کردنِ گردشگران؛ گردشگران را برای بازدید بردن و توضیح دادن (فعل),动,فعل,为游客导游（wèi yóukè dǎoyóu）|导游服务（dǎoyóu fúwù）|导游讲解（dǎoyóu jiǎngjiě）|负责导游（fùzé dǎoyóu）,他今天负责给外国游客导游。,Tā jīntiān fùzé gěi wàiguó yóukè dǎoyóu.,او امروز مسئول راهنمایی گردشگران خارجی است.,
134,打扰,dǎrǎo,HSK 4,动词,1,影响别人，使别人不能安静、专心或正常做事（动）,مزاحم شدن؛ مزاحمت ایجاد کردن؛ آرامش، تمرکز یا کار عادی کسی را به هم زدن (فعل),动,فعل,打扰别人（dǎrǎo biéren）|不好意思打扰一下（bù hǎoyìsi dǎrǎo yí xià）|别打扰我（bié dǎrǎo wǒ）,不好意思，打扰一下。,"Bù hǎoyìsi, dǎrǎo yí xià.",ببخشید، یک لحظه مزاحم می‌شوم.,
135,大赛,dàsài,HSK 4,名词,1,规模较大、较正式的比赛（名）,مسابقهٔ بزرگ؛ رقابت بزرگ و معمولاً رسمی (اسم),名,اسم,国际大赛（guójì dàsài）|歌唱大赛（gēchàng dàsài）|设计大赛（shèjì dàsài）|参加大赛（cānjiā dàsài）,她参加了一个国际大赛。,Tā cānjiā le yí ge guójì dàsài.,او در یک مسابقهٔ بین‌المللی بزرگ شرکت کرد.,
136,大厅,dàtīng,HSK 4,名词,1,建筑物里较大的公共空间或接待空间（名）,سالن بزرگ؛ لابی؛ فضای عمومی یا پذیرشِ بزرگ در یک ساختمان (اسم),名,اسم,酒店大厅（jiǔdiàn dàtīng）|候车大厅（hòuchē dàtīng）|大厅里（dàtīng li）|进入大厅（jìnrù dàtīng）,请在酒店大厅等我。,Qǐng zài jiǔdiàn dàtīng děng wǒ.,لطفاً در لابی هتل منتظر من باش.,
137,打印,dǎyìn,HSK 4,动词,1,用打印机把文字、图片等印在纸上（动）,پرینت گرفتن؛ چاپ کردنِ متن، تصویر یا فایل روی کاغذ با چاپگر (فعل),动,فعل,打印文件（dǎyìn wénjiàn）|打印照片（dǎyìn zhàopiàn）|打印出来（dǎyìn chūlái）|打印一份（dǎyìn yí fèn）,请帮我打印这份文件。,Qǐng bāng wǒ dǎyìn zhè fèn wénjiàn.,لطفاً این فایل/مدرک را برایم پرینت بگیر.,
138,答应,dāying,HSK 4,动词,1,同意别人的请求、建议或要求（动）,قبول کردن؛ موافقت کردن؛ به درخواست، پیشنهاد یا خواستهٔ کسی پاسخ مثبت دادن (فعل),动,فعل,答应请求（dāying qǐngqiú）|答应帮忙（dāying bāngmáng）|答应下来（dāying xiàlái）|没有答应（méiyǒu dāying）,他答应明天来帮我。,Tā dāying míngtiān lái bāng wǒ.,او قبول کرد فردا بیاید و به من کمک کند.,
138,答应,dāying,HSK 4,动词,2,应声回答；听到呼唤后出声回应（动）,جواب دادن؛ پاسخ دادن به صدا زدنِ کسی؛ وقتی کسی صدایت می‌کند با صدا واکنش نشان دادن (فعل),动,فعل,叫他也不答应（jiào tā yě bù dāying）|没人答应（méi rén dāying）|答应一声（dāying yì shēng）|大声答应（dàshēng dāying）,我叫了他几声，可他没有答应。,"Wǒ jiào le tā jǐ shēng, kě tā méiyǒu dāying.",چند بار صدایش کردم، اما جواب نداد.,
139,打印机,dǎyìnjī,HSK 4,名词,1,把电脑、手机等设备里的文字或图片印到纸上的机器（名）,چاپگر؛ پرینتر؛ دستگاهی که متن یا تصویرِ داخل کامپیوتر، موبایل و مانند آن را روی کاغذ چاپ می‌کند (اسم),名,اسم,一台打印机（yì tái dǎyìnjī）|彩色打印机（cǎisè dǎyìnjī）|打印机坏了（dǎyìnjī huài le）|连接打印机（liánjiē dǎyìnjī）,办公室的打印机坏了。,Bàngōngshì de dǎyìnjī huài le.,پرینتر دفتر خراب شده است.,
140,大约,dàyuē,HSK 4,副词,1,表示数量、时间、距离、程度等不是精确数字；大概、左右（副）,حدوداً؛ تقریباً؛ برای نشان دادن عدد، زمان، فاصله، مقدار یا درجهٔ تقریبی و نه دقیق (قید),副,قید,大约十分钟（dàyuē shí fēnzhōng）|大约三公里（dàyuē sān gōnglǐ）|大约一百人（dàyuē yì bǎi rén）|大约晚上八点（dàyuē wǎnshang bā diǎn）,我们大约晚上八点到。,Wǒmen dàyuē wǎnshang bā diǎn dào.,ما حدوداً ساعت هشت شب می‌رسیم.,
140,大约,dàyuē,HSK 4,副词,2,表示推测，意思接近“大概、可能”；多用于较书面或不太确定的判断（副）,احتمالاً؛ شاید؛ گمان می‌رود؛ برای بیان حدس یا قضاوتی که کاملاً قطعی نیست، بیشتر در کاربرد رسمی‌تر یا نوشتاری‌تر (قید),副,قید,大约是这样（dàyuē shì zhèyàng）|大约不会来了（dàyuē bú huì lái le）|大约已经走了（dàyuē yǐjīng zǒu le）|大约有原因（dàyuē yǒu yuányīn）,他大约不会来了。,Tā dàyuē bú huì lái le.,او احتمالاً دیگر نمی‌آید.,
141,打折,dǎzhé,HSK 4,动词,1,商品按原价的一定比例降低价格出售（动）,تخفیف خوردن؛ با قیمت کمتر فروخته شدن؛ کالا با درصدی کمتر از قیمت اصلی عرضه شدن (فعل),动,فعل,打八折（dǎ bā zhé）|打五折（dǎ wǔ zhé）|商场打折（shāngchǎng dǎzhé）|打折商品（dǎzhé shāngpǐn）,这件衣服正在打折。,Zhè jiàn yīfu zhèngzài dǎzhé.,این لباس الان تخفیف خورده است.,
141,打折,dǎzhé,HSK 4,动词,2,使原来的程度、效果、价值、质量等降低；常用于抽象事物（动）,کم شدن؛ کاهش یافتن؛ کاسته شدن از اثر، ارزش، کیفیت، اعتبار یا شدتِ چیزی، بیشتر دربارهٔ امور انتزاعی یا ارزیابی‌ها (فعل),动,فعل,效果打折（xiàoguǒ dǎzhé）|信任打折（xìnrèn dǎzhé）|质量打折（zhìliàng dǎzhé）|说服力打折（shuōfúlì dǎzhé）,如果质量不好，顾客对品牌的信任就会打折。,"Rúguǒ zhìliàng bù hǎo, gùkè duì pǐnpái de xìnrèn jiù huì dǎzhé.",اگر کیفیت خوب نباشد، اعتماد مشتریان به برند کم می‌شود.,
142,打针,dǎzhēn,HSK 4,动词短语,1,把药液用针注射到身体里；接受注射（动词短语）,آمپول زدن؛ تزریق کردن یا تزریق گرفتن؛ دارو را با سوزن وارد بدن کردن (عبارت فعلی),动词短语,عبارت فعلی,去打针（qù dǎzhēn）|给孩子打针（gěi háizi dǎzhēn）|打了一针（dǎ le yì zhēn）|打针很疼（dǎzhēn hěn téng）,医生给他打了一针。,Yīshēng gěi tā dǎ le yì zhēn.,دکتر به او یک آمپول زد.,
143,大自然,dàzìrán,HSK 4,名词,1,自然界；包括山河、动植物、空气、气候等不由人类制造的世界（名）,طبیعت؛ جهان طبیعی شامل کوه، رود، گیاهان، جانوران، هوا، آب‌وهوا و چیزهایی که ساختهٔ انسان نیستند (اسم),名,اسم,保护大自然（bǎohù dàzìrán）|热爱大自然（rè’ài dàzìrán）|走进大自然（zǒu jìn dàzìrán）|大自然的美（dàzìrán de měi）,我们应该保护大自然。,Wǒmen yīnggāi bǎohù dàzìrán.,ما باید از طبیعت محافظت کنیم.,
144,等到,děngdào,HSK 4,动词/连词结构,1,等某个时间、机会、情况或人出现、到来；也可引出时间条件，表示到那时再发生后面的事（动/结构）,صبر کردن تا؛ منتظر ماندن تا؛ وقتی/تا وقتی که زمان، فرصت، وضعیت یا شخصی برسد و بعد کاری انجام شود (فعل/ساختار زمانی),动/结构,فعل/ساختار زمانی,等到明天（děngdào míngtiān）|等到他回来（děngdào tā huílái）|等到雨停（děngdào yǔ tíng）|等到下课（děngdào xiàkè）,等到雨停了，我们再走。,"Děngdào yǔ tíng le, wǒmen zài zǒu.",صبر کنیم باران بند بیاید، بعد برویم.,
145,登机,dēngjī,HSK 4,动词,1,旅客上飞机（动）,سوار هواپیما شدن؛ وارد هواپیما شدن برای پرواز (فعل),动,فعل,登机口（dēngjīkǒu）|登机时间（dēngjī shíjiān）|开始登机（kāishǐ dēngjī）|办理登机（bànlǐ dēngjī）,请到三号登机口登机。,Qǐng dào sān hào dēngjīkǒu dēngjī.,لطفاً برای سوار شدن به هواپیما به گیت شمارهٔ سه بروید.,
146,得意,déyì,HSK 4,形容词,1,因满意、成功或受到夸奖而高兴、自豪，有时带有一点骄傲的意思（形）,خرسند و مغرور؛ از موفقیت یا تعریف دیگران خوشحال و به خود بالیدن، گاهی با کمی حس خودپسندی (صفت),形,صفت,得意地笑（déyì de xiào）|很得意（hěn déyì）|得意忘形（déyì wàngxíng）|得意的样子（déyì de yàngzi）,他考试考得很好，显得很得意。,"Tā kǎoshì kǎo de hěn hǎo, xiǎnde hěn déyì.",او امتحانش را خیلی خوب داد و خیلی خوشحال و مغرور به نظر می‌رسید.,
147,底,dǐ,HSK 4,名词,1,物体的最下面部分；底部（名）,ته؛ کف؛ پایین‌ترین بخش یک چیز (اسم),名,اسم,杯底（bēidǐ）|锅底（guōdǐ）|箱底（xiāngdǐ）|海底（hǎidǐ）,杯底还有一点儿水。,Bēidǐ hái yǒu yìdiǎnr shuǐ.,ته لیوان هنوز کمی آب هست.,
147,底,dǐ,HSK 4,名词,2,事情的根本、基础、内情或真实情况；也指心里对情况有把握（名）,پایه؛ اصل؛ ته‌وتوی ماجرا؛ واقعیت یا پشت‌پردهٔ یک موضوع؛ همچنین اطمینان درونی از دانستنِ وضعیت (اسم),名,اسم,心里有底（xīn li yǒu dǐ）|心里没底（xīn li méi dǐ）|有了底（yǒu le dǐ）|没个底（méi ge dǐ）,了解情况以后，我心里有底了。,"Liǎojiě qíngkuàng yǐhòu, wǒ xīn li yǒu dǐ le.",بعد از اینکه وضعیت را فهمیدم، خیالم تا حدی راحت شد / دیگر می‌دانستم اوضاع از چه قرار است.,
147,底,dǐ,HSK 4,名词,3,图案、文字或颜色下面的背景部分（名）,زمینه؛ پس‌زمینه؛ رنگ یا سطحی که نوشته یا طرح روی آن قرار می‌گیرد (اسم),名,اسم,白底黑字（bái dǐ hēi zì）|红底白字（hóng dǐ bái zì）|蓝底白字（lán dǐ bái zì）|黑底红字（hēi dǐ hóng zì）,这张海报是红底白字。,Zhè zhāng hǎibào shì hóng dǐ bái zì.,این پوستر زمینهٔ قرمز و نوشتهٔ سفید دارد.,
147,底,dǐ,HSK 4,名词,4,时间段的末尾；某个时间范围快结束的时候（名）,آخر؛ پایان؛ اواخرِ یک بازهٔ زمانی، مثل آخر سال، آخر ماه یا اواخر یک ماه مشخص (اسم),名,اسم,年底（niándǐ）|月底（yuèdǐ）|一月底（yī yuè dǐ）|今年底（jīnnián dǐ）,我们计划年底搬家。,Wǒmen jìhuà niándǐ bānjiā.,ما برنامه داریم آخر سال اسباب‌کشی کنیم.,
148,低,dī,HSK 4,形容词,1,位置、数量、程度、水平、价格、温度、声音等不高（形）,پایین؛ کم؛ کم‌ارتفاع؛ نه‌چندان بالا از نظر جایگاه، ارتفاع، مقدار، سطح، قیمت، دما، صدا و مانند آن (صفت),形,صفت,桌子低（zhuōzi dī）|价格低（jiàgé dī）|温度低（wēndù dī）|声音低（shēngyīn dī）,这里的价格比较低。,Zhèli de jiàgé bǐjiào dī.,قیمت‌ها اینجا نسبتاً پایین است.,
148,低,dī,HSK 4,动词,2,使头、身体等向下；把头或身体放低（动）,پایین آوردن؛ خم کردن؛ سر یا بدن را پایین گرفتن یا پایین آوردن (فعل),动,فعل,低下头（dī xià tóu）|低头看手机（dī tóu kàn shǒujī）|低着头（dī zhe tóu）|把头低下（bǎ tóu dī xià）,他低着头走进房间。,Tā dī zhe tóu zǒu jìn fángjiān.,او با سرِ پایین وارد اتاق شد.,
149,电动车,diàndòngchē,HSK 4,名词,1,用电力驱动的车，常指电动自行车、电动摩托车，也可泛指电动汽车（名）,وسیلهٔ نقلیهٔ برقی؛ معمولاً دوچرخه یا موتورسیکلت برقی، و گاهی به‌طور کلی خودروی برقی (اسم),名,اسم,骑电动车（qí diàndòngchē）|买电动车（mǎi diàndòngchē）|电动车充电（diàndòngchē chōngdiàn）|一辆电动车（yí liàng diàndòngchē）,他每天骑电动车上班。,Tā měi tiān qí diàndòngchē shàngbān.,او هر روز با موتور/دوچرخهٔ برقی به محل کار می‌رود.,
150,点名,diǎnmíng,HSK 4,动词,1,按名单叫名字，确认人在不在（动）,حاضر و غایب کردن؛ اسم افراد را از روی فهرست خواندن و حضورشان را بررسی کردن (فعل),动,فعل,老师点名（lǎoshī diǎnmíng）|上课点名（shàngkè diǎnmíng）|开始点名（kāishǐ diǎnmíng）|点名回答问题（diǎnmíng huídá wèntí）,老师上课前先点名。,Lǎoshī shàngkè qián xiān diǎnmíng.,معلم قبل از شروع کلاس اول حاضر و غایب کرد.,
150,点名,diǎnmíng,HSK 4,动词,2,明确说出某人的名字或某个单位、事物的名称（动）,نام بردن؛ مشخصاً اسم کسی، سازمانی یا چیزی را گفتن (فعل),动,فعل,被点名批评（bèi diǎnmíng pīpíng）|点名表扬（diǎnmíng biǎoyáng）|点名要求（diǎnmíng yāoqiú）|没有点名（méiyǒu diǎnmíng）,经理在会上点名表扬了她。,Jīnglǐ zài huì shang diǎnmíng biǎoyáng le tā.,مدیر در جلسه مشخصاً از او اسم برد و تشویقش کرد.,
151,电视剧,diànshìjù,HSK 4,名词,1,在电视、网络等平台播放的连续故事性节目（名）,سریال تلویزیونی؛ برنامهٔ داستانی چندقسمتی که از تلویزیون یا پلتفرم‌های آنلاین پخش می‌شود (اسم),名,اسم,看电视剧（kàn diànshìjù）|一部电视剧（yí bù diànshìjù）|国产电视剧（guóchǎn diànshìjù）|电视剧演员（diànshìjù yǎnyuán）,我最近在看一部中国电视剧。,Wǒ zuìjìn zài kàn yí bù Zhōngguó diànshìjù.,من اخیراً دارم یک سریال چینی می‌بینم.,
152,点头,diǎntóu,HSK 4,动词,1,把头上下轻轻动，表示同意、答应、打招呼或明白（动）,سر تکان دادن؛ سر را به نشانهٔ موافقت، قبول، سلام یا فهمیدن بالا و پایین بردن (فعل),动,فعل,点头同意（diǎntóu tóngyì）|点头答应（diǎntóu dāying）|微微点头（wēiwēi diǎntóu）|向他点头（xiàng tā diǎntóu）,她点头同意了我的建议。,Tā diǎntóu tóngyì le wǒ de jiànyì.,او با تکان دادن سر با پیشنهاد من موافقت کرد.,
153,掉,diào,HSK 4,动词,1,从上往下落；落下（动）,افتادن؛ سقوط کردن؛ از بالا به پایین افتادن یا روی جایی افتادن (فعل),动,فعل,掉下来（diào xiàlái）|掉在地上（diào zài dì shang）|眼泪掉下来（yǎnlèi diào xiàlái）|手机掉了（shǒujī diào le）,我的手机掉在地上了。,Wǒ de shǒujī diào zài dì shang le.,گوشی من روی زمین افتاد.,
153,掉,diào,HSK 4,动词,2,丢失、不见了；常指东西落下后找不到了（动）,گم شدن؛ افتادن و پیدا نشدن؛ از دست رفتن یا ناپدید شدن چیزی (فعل),动,فعل,钱包掉了（qiánbāo diào le）|钥匙掉了（yàoshi diào le）|掉东西（diào dōngxi）|别掉了（bié diào le）,我的钥匙掉了。,Wǒ de yàoshi diào le.,کلیدم گم شده / افتاده و پیدایش نیست.,
153,掉,diào,HSK 4,结果补语,3,表示去除、消失、离开或不再存在，常放在动词后作结果补语（结果补语）,نشان‌دهندهٔ حذف شدن، از بین رفتن، جدا شدن یا باقی نماندن چیزی؛ معمولاً بعد از فعل به‌صورت متمم نتیجه می‌آید (متمم نتیجه),结果补语,متمم نتیجه,删掉（shāndiào）|扔掉（rēngdiào）|忘掉（wàngdiào）|吃掉（chīdiào）,请把这句话删掉。,Qǐng bǎ zhè jù huà shāndiào.,لطفاً این جمله را حذف کن.,
153,掉,diào,HSK 4,动词,4,转变方向；使方向反过来（动）,جهت عوض کردن؛ برگرداندن مسیر؛ دور زدن، مخصوصاً در رانندگی یا حرکت (فعل),动,فعل,掉头（diàotóu）|掉转方向（diàozhuǎn fāngxiàng）|把车掉过来（bǎ chē diào guòlái）,前面是死胡同，我们得掉头。,"Qiánmiàn shì sǐhútòng, wǒmen děi diàotóu.",جلو بن‌بست است، باید دور بزنیم.,
154,调查,diàochá,HSK 4,动词,1,为了了解真实情况而进行询问、查看、研究或收集资料（动）,تحقیق کردن؛ بررسی کردن؛ برای فهمیدن واقعیت، پرس‌وجو، بررسی یا جمع‌آوری اطلاعات انجام دادن (فعل),动,فعل,调查原因（diàochá yuányīn）|调查情况（diàochá qíngkuàng）|进行调查（jìnxíng diàochá）|调查结果（diàochá jiéguǒ）,警察正在调查事故原因。,Jǐngchá zhèngzài diàochá shìgù yuányīn.,پلیس در حال بررسی علت حادثه است.,
154,调查,diàochá,HSK 4,名词,2,为了解真实情况而进行的询问、研究或资料收集（名）,تحقیق؛ بررسی؛ فرایند پرس‌وجو، مطالعه یا جمع‌آوری اطلاعات برای فهمیدن واقعیت (اسم),名,اسم,一项调查（yí xiàng diàochá）|社会调查（shèhuì diàochá）|问卷调查（wènjuàn diàochá）|市场调查（shìchǎng diàochá）,这项调查花了三个月。,Zhè xiàng diàochá huā le sān ge yuè.,این تحقیق سه ماه طول کشید.,
155,低价,dījià,HSK 4,名词、形容词,1,较低的价格；价格便宜的（名/形）,قیمت پایین؛ ارزان؛ با قیمت کم‌تر از معمول یا کمتر از انتظار (اسم/صفت),名/形,اسم/صفت,低价商品（dījià shāngpǐn）|低价出售（dījià chūshòu）|低价买入（dījià mǎirù）|低价机票（dījià jīpiào）,这家公司正在低价出售旧设备。,Zhè jiā gōngsī zhèngzài dījià chūshòu jiù shèbèi.,این شرکت دارد تجهیزات قدیمی را با قیمت پایین می‌فروشد.,
156,订,dìng,HSK 4,动词,1,商定、确定或签订合同、计划、规则、条约等（动）,بستن؛ منعقد کردن؛ تعیین و نهایی کردن؛ دربارهٔ قرارداد، برنامه، قانون، توافق یا پیمان تصمیم گرفتن و آن را قطعی کردن (فعل),动,فعل,订合同（dìng hétong）|订计划（dìng jìhuà）|订规则（dìng guīzé）|订条约（dìng tiáoyuē）,双方已经订好了合同。,Shuāngfāng yǐjīng dìng hǎo le hétong.,دو طرف قرارداد را تنظیم و نهایی کرده‌اند.,
156,订,dìng,HSK 4,动词,2,预先约定、预订或订购座位、房间、票、饭菜、报刊等（动）,رزرو کردن؛ سفارش دادن؛ از قبل جا، اتاق، بلیت، غذا، کالا، روزنامه یا مجله را سفارش یا رزرو کردن (فعل),动,فعل,订房间（dìng fángjiān）|订票（dìng piào）|订餐厅（dìng cāntīng）|订杂志（dìng zázhì）,我已经订好酒店了。,Wǒ yǐjīng dìng hǎo jiǔdiàn le.,من هتل را از قبل رزرو کرده‌ام.,
157,定,dìng,HSK 4,动词,1,决定、确定；把事情、时间、地点、方案等确定下来（动）,تعیین کردن؛ مشخص کردن؛ تصمیم گرفتن و قطعی کردنِ زمان، مکان، برنامه، هدف یا موضوعی (فعل),动,فعل,定时间（dìng shíjiān）|定地点（dìng dìdiǎn）|定计划（dìng jìhuà）|定下来（dìng xiàlái）,会议时间还没有定。,Huìyì shíjiān hái méiyǒu dìng.,زمان جلسه هنوز تعیین نشده است.,
157,定,dìng,HSK 4,动词,2,预订；提前约好或订好座位、房间、票等，和“订”在此义接近（动）,رزرو کردن؛ از قبل جا، اتاق، بلیت و مانند آن را رزرو یا قطعی کردن؛ در این معنی نزدیک به «订» است (فعل),动,فعل,定房间（dìng fángjiān）|定机票（dìng jīpiào）|定座位（dìng zuòwèi）|定酒店（dìng jiǔdiàn）,我已经定了明天的机票。,Wǒ yǐjīng dìng le míngtiān de jīpiào.,من بلیت هواپیمای فردا را رزرو کرده‌ام.,
158,地球,dìqiú,HSK 4,名词,1,人类生活的星球；太阳系中的一颗行星（名）,کرهٔ زمین؛ سیاره‌ای در منظومهٔ شمسی که انسان‌ها روی آن زندگی می‌کنند (اسم),名,اسم,保护地球（bǎohù dìqiú）|地球表面（dìqiú biǎomiàn）|地球环境（dìqiú huánjìng）|地球上的生命（dìqiú shang de shēngmìng）,我们应该保护地球环境。,Wǒmen yīnggāi bǎohù dìqiú huánjìng.,ما باید از محیط‌زیست زمین محافظت کنیم.,
159,低温,dīwēn,HSK 4,名词、形容词,1,较低的温度；温度低的（名/形）,دمای پایین؛ سرمای کم‌درجه؛ کم‌دما؛ مربوط به دمای پایین (اسم/صفت),名/形,اسم/صفت,低温天气（dīwēn tiānqì）|低温保存（dīwēn bǎocún）|低温环境（dīwēn huánjìng）|低温预警（dīwēn yùjǐng）,这种药需要低温保存。,Zhè zhǒng yào xūyào dīwēn bǎocún.,این دارو باید در دمای پایین نگهداری شود.,
160,底下,dǐxia,HSK 4,名词、方位词,1,某物的下面；下方（名/方位词）,زیر؛ پایینِ چیزی؛ قسمت زیرین یا ناحیهٔ پایین‌تر از چیزی (اسم/واژهٔ مکانی),名/方位词,اسم/واژهٔ مکانی,桌子底下（zhuōzi dǐxia）|床底下（chuáng dǐxia）|楼底下（lóu dǐxia）|底下有东西（dǐxia yǒu dōngxi）,猫躲在床底下。,Māo duǒ zài chuáng dǐxia.,گربه زیر تخت قایم شده است.,
160,底下,dǐxia,HSK 4,名词、方位词,2,等级、地位或管理关系上较低的位置；下面的人或组织（名/方位词）,زیرمجموعه؛ زیردست؛ افراد یا بخش‌های پایین‌تر از نظر جایگاه، سطح یا رابطهٔ مدیریتی (اسم/واژهٔ مکانی),名/方位词,اسم/واژهٔ مکانی,底下的人（dǐxia de rén）|底下有几个部门（dǐxia yǒu jǐ ge bùmén）|底下有十几个员工（dǐxia yǒu shí jǐ ge yuángōng）,他底下有十几个员工。,Tā dǐxia yǒu shí jǐ ge yuángōng.,او بیش از ده کارمند زیردست دارد.,
161,低于,dīyú,HSK 4,动词,1,比某个数量、标准、水平或程度低；少于、不到（动）,کمتر از؛ پایین‌تر از؛ به حدِ عدد، سطح، استاندارد یا درجه‌ای نرسیدن (فعل),动,فعل,低于标准（dīyú biāozhǔn）|低于平均水平（dīyú píngjūn shuǐpíng）|低于十度（dīyú shí dù）|价格低于预期（jiàgé dīyú yùqī）,今天的气温低于十度。,Jīntiān de qìwēn dīyú shí dù.,دمای امروز کمتر از ده درجه است.,
162,地址,dìzhǐ,HSK 4,名词,1,人、单位或地方所在的位置，通常用于收信、联系、登记或查找地点（名）,آدرس؛ نشانی؛ محل قرار گرفتن شخص، سازمان یا مکان، معمولاً برای ارسال، تماس، ثبت یا پیدا کردن جایی (اسم),名,اسم,家庭地址（jiātíng dìzhǐ）|公司地址（gōngsī dìzhǐ）|电子邮件地址（diànzǐ yóujiàn dìzhǐ）|填写地址（tiánxiě dìzhǐ）,请把你的地址写清楚。,Qǐng bǎ nǐ de dìzhǐ xiě qīngchu.,لطفاً آدرست را واضح بنویس.,
163,东部,dōngbù,HSK 4,名词,1,一个地区、国家或范围中靠东的部分（名）,بخش شرقی؛ ناحیهٔ شرقیِ یک منطقه، کشور یا محدوده (اسم),名,اسم,中国东部（Zhōngguó dōngbù）|东部地区（dōngbù dìqū）|东部城市（dōngbù chéngshì）|东部沿海（dōngbù yánhǎi）,上海位于中国东部。,Shànghǎi wèiyú Zhōngguó dōngbù.,شانگهای در شرق چین قرار دارد.,
164,动车,dòngchē,HSK 4,名词,1,动车组列车；中国铁路中速度较快的现代列车，通常指D字头列车，和“高铁”相近但不完全相同（名）,قطار تندرو چین؛ قطار مدرن و نسبتاً سریع در شبکهٔ ریلی چین، معمولاً قطارهای نوع D؛ نزدیک به قطار سریع‌السیر است ولی دقیقاً همان «گائوتیه/قطار فوق‌سریع» نیست (اسم),名,اسم,坐动车（zuò dòngchē）|动车票（dòngchē piào）|动车站（dòngchē zhàn）|动车组（dòngchēzǔ）,我们坐动车去南京。,Wǒmen zuò dòngchē qù Nánjīng.,ما با قطار تندرو به نانجینگ می‌رویم.,
165,动作,dòngzuò,HSK 4,名词,1,身体某一部分的活动或姿势（名）,حرکت؛ حرکت بدن؛ حالت یا حرکت یک بخش از بدن (اسم),名,اسم,动作很快（dòngzuò hěn kuài）|动作标准（dòngzuò biāozhǔn）|重复动作（chóngfù dòngzuò）|做动作（zuò dòngzuò）,请跟着老师做动作。,Qǐng gēn zhe lǎoshī zuò dòngzuò.,لطفاً همراه معلم حرکت‌ها را انجام بدهید.,
165,动作,dòngzuò,HSK 4,名词,2,行动；为达到某个目的而采取的做法或步骤（名）,اقدام؛ عمل؛ کاری که برای رسیدن به هدفی انجام می‌شود (اسم),名,اسم,采取动作（cǎiqǔ dòngzuò）|有新动作（yǒu xīn dòngzuò）|下一步动作（xià yí bù dòngzuò）|动作很大（dòngzuò hěn dà）,公司最近有很多新动作。,Gōngsī zuìjìn yǒu hěn duō xīn dòngzuò.,شرکت اخیراً اقدامات جدید زیادی داشته است.,
166,短信,duǎnxìn,HSK 4,名词,1,手机上发送和接收的简短文字信息（名）,پیامک؛ پیام کوتاه متنی که با موبایل فرستاده یا دریافت می‌شود (اسم),名,اسم,发短信（fā duǎnxìn）|收到短信（shōudào duǎnxìn）|一条短信（yì tiáo duǎnxìn）|短信通知（duǎnxìn tōngzhī）,我刚收到一条短信。,Wǒ gāng shōudào yì tiáo duǎnxìn.,من همین الان یک پیامک دریافت کردم.,
167,堵车,dǔchē,HSK 4,动词、名词,1,道路上车辆太多，行驶缓慢或不能顺利通行（动/名）,ترافیک شدن؛ راه‌بندان؛ کند یا متوقف شدن حرکت خودروها به‌خاطر شلوغی جاده (فعل/اسم),动/名,فعل/اسم,路上堵车（lù shang dǔchē）|严重堵车（yánzhòng dǔchē）|遇到堵车（yùdào dǔchē）|因为堵车迟到（yīnwèi dǔchē chídào）,我因为堵车迟到了。,Wǒ yīnwèi dǔchē chídào le.,من به خاطر ترافیک دیر رسیدم.,
168,队,duì,HSK 4,名词,1,有组织的一群人；队伍、团队或某类集体（名）,تیم؛ گروه؛ دسته؛ جمعی سازمان‌یافته از افراد (اسم),名,اسم,足球队（zúqiúduì）|代表队（dàibiǎoduì）|服务队（fúwùduì）|一支队（yì zhī duì）,他加入了学校足球队。,Tā jiārù le xuéxiào zúqiúduì.,او به تیم فوتبال مدرسه پیوست.,
168,队,duì,HSK 4,名词,2,排成一行的人或车辆；队伍（名）,صف؛ ردیف افراد یا خودروها که پشت سر هم ایستاده‌اند (اسم),名,اسم,队很长（duì hěn cháng）|站在队里（zhàn zài duì li）|排成一队（pái chéng yí duì）|前面的队（qiánmiàn de duì）,门口的队很长。,Ménkǒu de duì hěn cháng.,صف جلوی در خیلی طولانی است.,
168,队,duì,HSK 4,量词,3,用于成队的人或动物，表示一队、一群，多见于“一队人、一队士兵”等（量）,واحد شمارش برای گروهی از افراد یا حیوانات که به صورت دسته یا صف هستند؛ مثل یک دسته/یک گروه (واحد شمارش),量,واحد شمارش,一队人（yí duì rén）|一队学生（yí duì xuésheng）|一队士兵（yí duì shìbīng）|一队马（yí duì mǎ）,一队学生走进了操场。,Yí duì xuésheng zǒu jìn le cāochǎng.,یک گروه/دسته دانش‌آموز وارد زمین ورزش شدند.,
169,对方,duìfāng,HSK 4,名词,1,谈话、联系、比赛、交易或关系中的另一方（名）,طرف مقابل؛ طرف دیگر؛ شخص، گروه یا طرفی که در گفتگو، رابطه، معامله، مسابقه یا ارتباط روبه‌روی ما قرار دارد (اسم),名,اسم,联系对方（liánxì duìfāng）|对方同意（duìfāng tóngyì）|对方公司（duìfāng gōngsī）|尊重对方（zūnzhòng duìfāng）,请先联系对方，确认时间。,"Qǐng xiān liánxì duìfāng, quèrèn shíjiān.",لطفاً اول با طرف مقابل تماس بگیر و زمان را تأیید کن.,
170,对面,duìmiàn,HSK 4,名词、方位词,1,面对面的地方；正前方相对的位置（名/方位词）,روبرو؛ سمت مقابل؛ جایی که در برابرِ چیزی یا کسی قرار دارد (اسم/واژهٔ مکانی),名/方位词,اسم/واژهٔ مکانی,在学校对面（zài xuéxiào duìmiàn）|马路对面（mǎlù duìmiàn）|坐在对面（zuò zài duìmiàn）|对面的人（duìmiàn de rén）,银行在学校对面。,Yínháng zài xuéxiào duìmiàn.,بانک روبه‌روی مدرسه است.,
170,对面,duìmiàn,HSK 4,副词短语,2,面对面地；在正对着的位置进行或发生（副词短语）,رودررو؛ رو‌به‌رو؛ در حالتی که دو نفر یا دو چیز مقابل هم قرار دارند (عبارت قیدی),副词短语,عبارت قیدی,对面坐着（duìmiàn zuò zhe）|对面谈（duìmiàn tán）|对面交流（duìmiàn jiāoliú）|对面看着（duìmiàn kàn zhe）,我们找个时间对面谈吧。,Wǒmen zhǎo ge shíjiān duìmiàn tán ba.,بیایید یک زمانی رودررو صحبت کنیم.,
171,对于,duìyú,HSK 4,介词,1,引出对象或范围，表示某事和这个人、事物、问题有关；意思接近“对”，较书面（介）,برای؛ نسبت به؛ دربارهٔ؛ از نظرِ؛ برای آوردنِ شخص، چیز، موضوع یا محدوده‌ای که جمله دربارهٔ آن صحبت می‌کند، رسمی‌تر از «对» (حرف اضافه),介,حرف اضافه,对于学生来说（duìyú xuésheng lái shuō）|对于这个问题（duìyú zhè ge wèntí）|对于我来说（duìyú wǒ lái shuō）|对于未来（duìyú wèilái）,对于这个问题，我有不同的看法。,"Duìyú zhè ge wèntí, wǒ yǒu bùtóng de kànfǎ.",دربارهٔ این مسئله، من نظر متفاوتی دارم.,
172,队员,duìyuán,HSK 4,名词,1,某个队伍、团队或组织中的成员（名）,عضو تیم؛ عضو یک گروه، تیم یا سازمان (اسم),名,اسم,足球队员（zúqiú duìyuán）|参赛队员（cānsài duìyuán）|全体队员（quántǐ duìyuán）|新队员（xīn duìyuán）,所有队员都参加了训练。,Suǒyǒu duìyuán dōu cānjiā le xùnliàn.,همهٔ اعضای تیم در تمرین شرکت کردند.,
173,队长,duìzhǎng,HSK 4,名词,1,一个队伍或团队的负责人、带头人（名）,کاپیتان؛ سرگروه؛ مسئول یا رهبر یک تیم/گروه (اسم),名,اسم,足球队长（zúqiú duìzhǎng）|队长负责（duìzhǎng fùzé）|当队长（dāng duìzhǎng）|选队长（xuǎn duìzhǎng）,他是我们足球队的队长。,Tā shì wǒmen zúqiúduì de duìzhǎng.,او کاپیتان تیم فوتبال ماست.,
174,度假,dùjià,HSK 4,动词,1,利用假期休息、旅游或放松（动）,تعطیلات گذراندن؛ به سفر/استراحت در تعطیلات رفتن؛ برای تفریح و آرامش از تعطیلات استفاده کردن (فعل),动,فعل,去海边度假（qù hǎibiān dùjià）|度假村（dùjiàcūn）|出国度假（chūguó dùjià）|暑假度假（shǔjià dùjià）,他们去海边度假了。,Tāmen qù hǎibiān dùjià le.,آن‌ها برای گذراندن تعطیلات به کنار دریا رفتند.,
175,顿,dùn,HSK 4,量词,1,用于饭、批评、打骂、劝说等一次完整的动作或经历（量）,واحد شمارش برای یک وعده غذا یا یک بار تجربه/رفتار کامل مثل سرزنش، دعوا، کتک، نصیحت و مانند آن (واحد شمارش),量,واحد شمارش,一顿饭（yí dùn fàn）|吃一顿（chī yí dùn）|骂了一顿（mà le yí dùn）|批评一顿（pīpíng yí dùn）,我们一起吃了一顿饭。,Wǒmen yìqǐ chī le yí dùn fàn.,ما با هم یک وعده غذا خوردیم.,
175,顿,dùn,HSK 4,动词,2,短暂停住；动作或说话暂时中断（动）,مکث کردن؛ لحظه‌ای توقف کردن؛ موقتاً قطع شدنِ حرکت یا گفتار (فعل),动,فعل,顿了一下（dùn le yí xià）|顿了顿（dùn le dùn）,他说到这里，顿了一下。,"Tā shuō dào zhèli, dùn le yí xià.",او تا اینجا که گفت، کمی مکث کرد.,
176,多么,duōme,HSK 4,副词,1,表示程度很高，常用于感叹句，也可用于疑问句或反问句中强调程度，较书面或带感情色彩（副）,چقدر؛ چه‌قدر؛ تا چه اندازه؛ برای نشان دادن یا تأکید بر شدت زیادِ یک ویژگی، احساس یا وضعیت، بیشتر در جمله‌های تعجبی، پرسشی یا تأکیدی و نسبتاً رسمی/احساسی (قید),副,قید,多么漂亮（duōme piàoliang）|多么重要（duōme zhòngyào）|多么希望（duōme xīwàng）|知道多么重要（zhīdào duōme zhòngyào）,你知道这件事多么重要吗？,Nǐ zhīdào zhè jiàn shì duōme zhòngyào ma?,می‌دانی این موضوع چقدر مهم است؟,
177,多数,duōshù,HSK 4,名词、形容词,1,较大的数量或大部分；多数人、多数情况（名/形）,اکثریت؛ بیشتر؛ بخش عمده؛ تعداد یا قسمت بزرگ‌تر از یک مجموعه (اسم/صفت),名/形,اسم/صفت,多数人（duōshù rén）|大多数（dàduōshù）|多数情况下（duōshù qíngkuàng xià）|占多数（zhàn duōshù）,多数人同意这个计划。,Duōshù rén tóngyì zhè ge jìhuà.,اکثر مردم/افراد با این برنامه موافق‌اند.,
178,多样,duōyàng,HSK 4,形容词,1,种类、形式或方式很多，不单一（形）,متنوع؛ گوناگون؛ دارای انواع، شکل‌ها یا روش‌های مختلف و نه یکنواخت (صفت),形,صفت,形式多样（xíngshì duōyàng）|内容多样（nèiróng duōyàng）|选择多样（xuǎnzé duōyàng）|多样化（duōyànghuà）,这里的活动形式多样。,Zhèli de huódòng xíngshì duōyàng.,فعالیت‌های اینجا شکل‌های متنوعی دارند.,
179,读者,dúzhě,HSK 4,名词,1,阅读书、报纸、文章、杂志等的人（名）,خواننده؛ مخاطبِ متن؛ کسی که کتاب، مقاله، روزنامه، مجله و مانند آن را می‌خواند (اسم),名,اسم,年轻读者（niánqīng dúzhě）|广大读者（guǎngdà dúzhě）|吸引读者（xīyǐn dúzhě）|读者意见（dúzhě yìjiàn）,这本书很受年轻读者欢迎。,Zhè běn shū hěn shòu niánqīng dúzhě huānyíng.,این کتاب بین خوانندگان جوان خیلی محبوب است.,
180,肚子,dùzi,HSK 4,名词,1,腹部；人或动物身体前面胸部以下、腰部以上的部分（名）,شکم؛ ناحیهٔ جلوی بدن بین سینه و کمر در انسان یا حیوان (اسم),名,اسم,肚子疼（dùzi téng）|饿肚子（è dùzi）|摸肚子（mō dùzi）|肚子大（dùzi dà）,我今天肚子疼。,Wǒ jīntiān dùzi téng.,امروز شکمم درد می‌کند.,
181,而,ér,HSK 4,连词,1,连接两个性质、动作或状态，表示“又、并且”的意思，较书面（连）,و؛ و نیز؛ برای وصل کردن دو ویژگی، عمل یا حالت هم‌پایه، بیشتر در سبک نوشتاری (حرف ربط),连,حرف ربط,简单而有效（jiǎndān ér yǒuxiào）|安静而美丽（ānjìng ér měilì）|认真而负责（rènzhēn ér fùzé）|快速而准确（kuàisù ér zhǔnquè）,这个方法简单而有效。,Zhè ge fāngfǎ jiǎndān ér yǒuxiào.,این روش ساده و مؤثر است.,
181,而,ér,HSK 4,连词,2,表示对比、转折或相反关系，意思接近“但是、却”，较书面（连）,اما؛ ولی؛ درحالی‌که؛ برای بیان تقابل یا تضاد، رسمی‌تر و نوشتاری‌تر از «但是» (حرف ربط),连,حرف ربط,不是……而是……（bú shì... ér shì...）|想去而不能去（xiǎng qù ér bù néng qù）|很近而不方便（hěn jìn ér bù fāngbiàn）|很贵而不好用（hěn guì ér bù hǎoyòng）,这不是问题，而是机会。,"Zhè bú shì wèntí, ér shì jīhuì.",این مشکل نیست، بلکه فرصت است.,
181,而,ér,HSK 4,连词,3,连接两个动作或情况，表示第二个动作是第一个动作的方式、结果或自然发展，较书面（连）,با؛ و سپس؛ و در نتیجه؛ برای وصل کردن دو عمل یا وضعیت که دومی شیوه، نتیجه یا ادامهٔ طبیعیِ اولی است، بیشتر نوشتاری (حرف ربط),连,حرف ربط,笑而不语（xiào ér bù yǔ）|站起来而走出去（zhàn qǐlái ér zǒu chūqù）|努力而成功（nǔlì ér chénggōng）|匆匆而来（cōngcōng ér lái）,他笑而不语。,Tā xiào ér bù yǔ.,او لبخند زد و چیزی نگفت.,
181,而,ér,HSK 4,连词,4,表示原因、目的或依据，常用于“因……而……、为……而……”等结构，较书面（连）,به‌خاطر؛ برای؛ بر اساسِ؛ برای نشان دادن علت، هدف یا مبنا، بیشتر در ساختارهای نوشتاری مثل «به‌خاطر.../برای...» (حرف ربط),连,حرف ربط,因病而缺席（yīn bìng ér quēxí）|因人而异（yīn rén ér yì）|为理想而努力（wèi lǐxiǎng ér nǔlì）|为孩子而工作（wèi háizi ér gōngzuò）,他因病而缺席。,Tā yīn bìng ér quēxí.,او به‌خاطر بیماری غایب شد.,
181,而,ér,HSK 4,连词,5,用于“由……而……”等结构中，表示方向、范围或程度逐步变化，较书面（连）,از ... به ...؛ به‌تدریج از حالتی به حالت دیگر، بیشتر در ساختارهای نوشتاری مثل «از ساده به عمیق» (حرف ربط),连,حرف ربط,由浅而深（yóu qiǎn ér shēn）|由近而远（yóu jìn ér yuǎn）|由少而多（yóu shǎo ér duō）|由弱而强（yóu ruò ér qiáng）,学习要由浅而深。,Xuéxí yào yóu qiǎn ér shēn.,یادگیری باید از سطحی/ساده به عمیق پیش برود.,واژه‌های“从而、因而、然而、反而、进而、继而、而已”واژه‌ها یا عبارت‌های مستقل‌اند و بهتر است جداگانه بیایند.
182,儿童,értóng,HSK 4,名词,1,年龄较小的孩子；通常指儿童阶段的人（名）,کودک؛ بچه؛ فردی در سن کودکی (اسم),名,اسم,儿童节（Értóng Jié）|儿童医院（értóng yīyuàn）|儿童教育（értóng jiàoyù）|儿童读物（értóng dúwù）,这个公园很适合儿童。,Zhè ge gōngyuán hěn shìhé értóng.,این پارک برای کودکان خیلی مناسب است.,
183,法,fǎ,HSK 4,名词、语素,1,法律、制度或规则；多用于法律相关词语中（名/语素）,قانون؛ مقررات؛ قاعده یا نظام رسمی؛ بیشتر در واژه‌های مربوط به قانون و مقررات (اسم/تکواژ),名/语素,اسم/تکواژ,守法（shǒufǎ）|违法（wéifǎ）|依法（yīfǎ）|犯法（fànfǎ）,每个人都应该守法。,Měi ge rén dōu yīnggāi shǒufǎ.,هرکس باید قانون را رعایت کند.,
183,法,fǎ,HSK 4,名词、语素,2,做事、表达或构成某种形式的方式、规则或技巧，多用于构词（名/语素）,روش؛ شیوه؛ قاعده؛ طرز انجام، بیان یا شکل‌گیری چیزی، بیشتر در واژه‌سازی (اسم/تکواژ),名/语素,اسم/تکواژ,写法（xiěfǎ）|用法（yòngfǎ）|叫法（jiàofǎ）,这个字的写法很特别。,Zhè ge zì de xiěfǎ hěn tèbié.,شیوهٔ نوشتن این نویسه خیلی خاص است.,
184,发出,fāchū,HSK 4,动词,1,使声音、光、气味、信号、通知、邀请、命令、警告等从某处传出或送出（动）,بیرون دادن؛ منتشر کردن؛ تولید یا ارسال کردنِ صدا، نور، بو، سیگنال، اطلاعیه، دعوت، دستور، هشدار و مانند آن از یک منبع یا جای مشخص (فعل),动,فعل,发出声音（fāchū shēngyīn）|发出信号（fāchū xìnhào）|发出通知（fāchū tōngzhī）|发出警告（fāchū jǐnggào）,机器发出了奇怪的声音。,Jīqì fāchū le qíguài de shēngyīn.,دستگاه صدای عجیبی تولید کرد.,
185,法律,fǎlǜ,HSK 4,名词,1,由国家制定并要求人们遵守的规则和制度（名）,قانون؛ قوانین؛ نظام حقوقی‌ای که کشور وضع می‌کند و مردم باید رعایت کنند (اسم),名,اسم,遵守法律（zūnshǒu fǎlǜ）|违反法律（wéifǎn fǎlǜ）|法律规定（fǎlǜ guīdìng）|法律责任（fǎlǜ zérèn）,每个人都必须遵守法律。,Měi ge rén dōu bìxū zūnshǒu fǎlǜ.,همه باید قانون را رعایت کنند.,
186,烦,fán,HSK 4,形容词,1,心里不舒服、不耐烦或厌烦（形）,کلافه؛ بی‌حوصله؛ دل‌زده؛ ناراحت و بی‌قرار از چیزی یا در حالتی که آدم حوصله ندارد (صفت),形,صفت,很烦（hěn fán）|心里烦（xīn li fán）|烦死了（fán sǐ le）|觉得烦（juéde fán）,最近事情太多，我很烦。,"Zuìjìn shìqing tài duō, wǒ hěn fán.",این اواخر کارها خیلی زیاد است و من خیلی کلافه‌ام.,
186,烦,fán,HSK 4,形容词,2,麻烦、复杂；事情多而乱，不容易处理（形）,دردسرساز؛ حوصله‌بر؛ پرزحمت؛ کاری که جزئیات زیاد، روند پیچیده یا رسیدگی سخت دارد (صفت),形,صفت,手续很烦（shǒuxù hěn fán）|事情很烦（shìqing hěn fán）|有点儿烦（yǒudiǎnr fán）|太烦了（tài fán le）,办这个手续有点儿烦。,Bàn zhè ge shǒuxù yǒudiǎnr fán.,انجام این مراحل اداری کمی دردسر دارد.,
186,烦,fán,HSK 4,动词,3,使人厌烦、打扰人或让人不耐烦（动）,کلافه کردن؛ اذیت کردن؛ مزاحم شدن؛ حوصلهٔ کسی را سر بردن یا باعث بی‌حوصلگی او شدن (فعل),动,فعل,别烦我（bié fán wǒ）|烦人（fán rén）|真烦人（zhēn fán rén）|被他烦死了（bèi tā fán sǐ le）,你别烦我，让我安静一会儿。,"Nǐ bié fán wǒ, ràng wǒ ānjìng yíhuìr.",مزاحمم نشو / کلافه‌ام نکن، بگذار کمی آرام باشم.,
187,反对,fǎnduì,HSK 4,动词,1,不同意、不赞成某种意见、做法、计划或人（动）,مخالفت کردن؛ موافق نبودن؛ با نظر، روش، برنامه یا کسی مخالفت داشتن (فعل),动,فعل,反对意见（fǎnduì yìjiàn）|表示反对（biǎoshì fǎnduì）|强烈反对（qiángliè fǎnduì）|反对这个计划（fǎnduì zhè ge jìhuà）,我反对这个决定。,Wǒ fǎnduì zhè ge juédìng.,من با این تصمیم مخالفم.,
187,反对,fǎnduì,HSK 4,名词,2,不同意或不赞成的态度、意见或立场（名）,مخالفت؛ نظر یا موضع مخالف؛ عدم موافقت با چیزی (اسم),名,اسم,遭到反对（zāodào fǎnduì）|引起反对（yǐnqǐ fǎnduì）|没有反对（méiyǒu fǎnduì）|反对声（fǎnduì shēng）,这个方案引起了很多反对。,Zhè ge fāng’àn yǐnqǐ le hěn duō fǎnduì.,این طرح مخالفت‌های زیادی برانگیخت.,
188,房东,fángdōng,HSK 4,名词,1,把房子出租给别人并收租金的人（名）,صاحب‌خانه؛ موجر؛ کسی که خانه را اجاره می‌دهد و اجاره‌بها می‌گیرد (اسم),名,اسم,联系房东（liánxì fángdōng）|房东太太（fángdōng tàitai）|找房东（zhǎo fángdōng）|房东同意（fángdōng tóngyì）,房东同意我们下个月搬进去。,Fángdōng tóngyì wǒmen xià ge yuè bān jìnqù.,صاحب‌خانه موافقت کرد که ماه بعد اسباب‌کشی کنیم و وارد خانه شویم.,
189,方面,fāngmiàn,HSK 4,名词,1,事物的一部分、角度、领域或范围（名）,جنبه؛ بُعد؛ زمینه؛ حوزه یا بخشی از یک موضوع (اسم),名,اسم,这方面（zhè fāngmiàn）|各个方面（gè ge fāngmiàn）|学习方面（xuéxí fāngmiàn）|技术方面（jìshù fāngmiàn）,他在技术方面很有经验。,Tā zài jìshù fāngmiàn hěn yǒu jīngyàn.,او در زمینهٔ فنی تجربهٔ زیادی دارد.,
189,方面,fāngmiàn,HSK 4,名词,2,有关的一方、机构或部门；常用于正式表达中指某个相关主体（名）,طرف؛ نهاد؛ بخش یا مرجع مربوط؛ یکی از طرف‌ها، سازمان‌ها یا بخش‌های دخیل در یک موضوع، بیشتر در کاربرد رسمی (اسم),名,اسم,公司方面（gōngsī fāngmiàn）|学校方面（xuéxiào fāngmiàn）|医院方面（yīyuàn fāngmiàn）|有关方面（yǒuguān fāngmiàn）,公司方面还没有正式回复。,Gōngsī fāngmiàn hái méiyǒu zhèngshì huífù.,طرفِ شرکت / مسئولان شرکت هنوز پاسخ رسمی نداده‌اند.,
190,放弃,fàngqì,HSK 4,动词,1,不再坚持、不要或停止做某事；主动舍弃机会、权利、想法等（动）,رها کردن؛ دست کشیدن؛ منصرف شدن؛ دیگر ادامه ندادن یا داوطلبانه از فرصت، حق، فکر یا کاری صرف‌نظر کردن (فعل),动,فعل,放弃机会（fàngqì jīhuì）|放弃比赛（fàngqì bǐsài）|放弃计划（fàngqì jìhuà）|不要放弃（bú yào fàngqì）,不管多难，我们都不能放弃。,"Bùguǎn duō nán, wǒmen dōu bù néng fàngqì.",هرچقدر هم سخت باشد، نباید تسلیم شویم/دست بکشیم.,
191,方式,fāngshì,HSK 4,名词,1,做事、表达或处理问题的方法、形式或手段（名）,روش؛ شیوه؛ طرز انجام دادن، بیان کردن یا رسیدگی به کاری (اسم),名,اسم,生活方式（shēnghuó fāngshì）|学习方式（xuéxí fāngshì）|联系方式（liánxì fāngshì）|付款方式（fùkuǎn fāngshì）,这种学习方式很有效。,Zhè zhǒng xuéxí fāngshì hěn yǒuxiào.,این روش یادگیری خیلی مؤثر است.,
192,放松,fàngsōng,HSK 4,动词,1,使身体、精神、心情等不紧张；让自己轻松下来（动）,آرام کردن؛ ریلکس کردن؛ از حالت تنش، فشار یا نگرانی بیرون آمدن یا کسی/چیزی را آرام‌تر کردن (فعل),动,فعل,放松心情（fàngsōng xīnqíng）|放松身体（fàngsōng shēntǐ）|出去放松一下（chūqù fàngsōng yí xià）|听音乐放松（tīng yīnyuè fàngsōng）,周末我想出去放松一下。,Zhōumò wǒ xiǎng chūqù fàngsōng yí xià.,آخر هفته می‌خواهم بیرون بروم و کمی ریلکس کنم.,
192,放松,fàngsōng,HSK 4,动词,2,对要求、控制、警惕、努力等不再那么严格或紧张（动）,شل کردن؛ سخت‌گیری را کم کردن؛ کاهش دادنِ کنترل، معیارها، فشار، مراقبت، هوشیاری یا تلاش (فعل),动,فعل,放松要求（fàngsōng yāoqiú）|放松管理（fàngsōng guǎnlǐ）|放松警惕（fàngsōng jǐngtì）|不能放松（bù néng fàngsōng）,考试前不能放松复习。,Kǎoshì qián bù néng fàngsōng fùxí.,قبل از امتحان نباید مرور درس‌ها را شل گرفت / کم‌کاری کرد.,
193,房租,fángzū,HSK 4,名词,1,租房子需要支付的费用（名）,اجاره‌خانه؛ مبلغ اجاره‌ای که برای اجاره کردن خانه پرداخت می‌شود (اسم),名,اسم,交房租（jiāo fángzū）|付房租（fù fángzū）|房租很贵（fángzū hěn guì）|涨房租（zhǎng fángzū）,这个城市的房租很高。,Zhè ge chéngshì de fángzū hěn gāo.,اجاره‌خانه در این شهر خیلی بالاست.,
194,烦恼,fánnǎo,HSK 4,名词,1,使人不愉快、担心或心烦的事情、情绪（名）,نگرانی؛ دل‌مشغولی؛ ناراحتی فکری؛ مسئله یا احساسی که آدم را کلافه، نگران یا ناراحت می‌کند (اسم),名,اسم,很多烦恼（hěn duō fánnǎo）|生活中的烦恼（shēnghuó zhōng de fánnǎo）|忘掉烦恼（wàngdiào fánnǎo）|没有烦恼（méiyǒu fánnǎo）,他最近有很多烦恼。,Tā zuìjìn yǒu hěn duō fánnǎo.,او اخیراً نگرانی‌ها و دل‌مشغولی‌های زیادی دارد.,
194,烦恼,fánnǎo,HSK 4,动词、形容词,2,因为困难、问题或不顺心的事而心烦、不愉快（动/形）,نگران و ناراحت بودن؛ کلافه بودن؛ به‌خاطر مشکل یا اتفاق ناخوشایند آرامش نداشتن (فعل/صفت),动/形,فعل/صفت,为钱烦恼（wèi qián fánnǎo）|为工作烦恼（wèi gōngzuò fánnǎo）|感到烦恼（gǎndào fánnǎo）|令人烦恼（lìng rén fánnǎo）,她正在为工作的事烦恼。,Tā zhèngzài wèi gōngzuò de shì fánnǎo.,او به خاطر مسئلهٔ کار نگران و ناراحت است.,
195,翻译,fānyì,HSK 4,动词,1,把一种语言的意思用另一种语言表达出来（动）,ترجمه کردن؛ معنی یک زبان را به زبان دیگر منتقل و بیان کردن (فعل),动,فعل,翻译成中文（fānyì chéng Zhōngwén）|翻译文章（fānyì wénzhāng）|翻译句子（fānyì jùzi）|帮我翻译（bāng wǒ fānyì）,请把这句话翻译成中文。,Qǐng bǎ zhè jù huà fānyì chéng Zhōngwén.,لطفاً این جمله را به چینی ترجمه کن.,
195,翻译,fānyì,HSK 4,名词,2,从事翻译工作的人；译员（名）,مترجم؛ کسی که کار ترجمه انجام می‌دهد (اسم),名,اسم,一名翻译（yì míng fānyì）|中文翻译（Zhōngwén fānyì）|专业翻译（zhuānyè fānyì）|找翻译（zhǎo fānyì）,会议需要一名中文翻译。,Huìyì xūyào yì míng Zhōngwén fānyì.,جلسه به یک مترجم چینی نیاز دارد.,
195,翻译,fānyì,HSK 4,名词,3,翻译出来的文字或内容；译文（名）,ترجمه؛ متن یا محتوای ترجمه‌شده (اسم),名,اسم,这段翻译（zhè duàn fānyì）|翻译质量（fānyì zhìliàng）|机器翻译（jīqì fānyì）|人工翻译（réngōng fānyì）,这段翻译不太准确。,Zhè duàn fānyì bú tài zhǔnquè.,این بخش از ترجمه خیلی دقیق نیست.,
196,发送,fāsòng,HSK 4,动词,1,把信息、邮件、文件、信号等通过设备或系统发出去（动）,ارسال کردن؛ فرستادنِ پیام، ایمیل، فایل، سیگنال و مانند آن از طریق دستگاه یا سیستم (فعل),动,فعل,发送短信（fāsòng duǎnxìn）|发送邮件（fāsòng yóujiàn）|发送文件（fāsòng wénjiàn）|发送成功（fāsòng chénggōng）,我已经把文件发送给你了。,Wǒ yǐjīng bǎ wénjiàn fāsòng gěi nǐ le.,من فایل را برایت ارسال کرده‌ام.,
197,费,fèi,HSK 4,名词、语素,1,为某事支付的钱；费用、收费（名/语素）,هزینه؛ خرج؛ پولی که برای کاری پرداخت می‌شود (اسم/تکواژ),名/语素,اسم/تکواژ,学费（xuéfèi）|水费（shuǐfèi）|电费（diànfèi）|报名费（bàomíngfèi）,这个月的电费很高。,Zhè ge yuè de diànfèi hěn gāo.,هزینهٔ برق این ماه خیلی زیاد است.,
197,费,fèi,HSK 4,动词,2,消耗、花费时间、力气、心思、钱等；常表示用得比较多（动）,صرف کردن؛ مصرف کردن؛ گرفتن یا بردنِ وقت، انرژی، زحمت، فکر یا پول، معمولاً به مقدار زیاد (فعل),动,فعل,费时间（fèi shíjiān）|费力气（fèi lìqi）|费心（fèi xīn）|费了很多工夫（fèi le hěn duō gōngfu）,做这件事很费时间。,Zuò zhè jiàn shì hěn fèi shíjiān.,انجام این کار خیلی وقت‌گیر است / وقت زیادی می‌گیرد.,
198,费用,fèiyòng,HSK 4,名词,1,为办事、使用服务、购买东西等需要支付的钱（名）,هزینه؛ مخارج؛ پولی که برای انجام کاری، استفاده از خدمات یا خرید چیزی پرداخت می‌شود (اسم),名,اسم,医疗费用（yīliáo fèiyòng）|生活费用（shēnghuó fèiyòng）|旅行费用（lǚxíng fèiyòng）|费用很高（fèiyòng hěn gāo）,这次旅行的费用不低。,Zhè cì lǚxíng de fèiyòng bù dī.,هزینهٔ این سفر کم نیست.,
199,份,fèn,HSK 4,量词,1,用于报纸、文件、礼物、饭菜、工作、感情、责任、心意等可看作一份的具体或抽象事物（量）,واحد شمارش برای چیزهای عینی یا انتزاعی که به‌صورت یک نسخه، یک سهم، یک وعده، یک مورد یا یک مقدار جداگانه دیده می‌شوند، مثل سند، غذا، کار، احساس، مسئولیت یا نیت محبت‌آمیز (واحد شمارش),量,واحد شمارش,一份文件（yí fèn wénjiàn）|一份工作（yí fèn gōngzuò）|一份责任（yí fèn zérèn）|一份心意（yí fèn xīnyì）,这是我的一份心意，请收下。,"Zhè shì wǒ de yí fèn xīnyì, qǐng shōu xià.",این نشانه‌ای از محبت/نیت خوب من است، لطفاً قبول کنید.,
199,份,fèn,HSK 4,名词,2,整体中的一部分；属于某人的一份或应得的一部分（名）,سهم؛ قسمت؛ بخش متعلق به کسی از یک کل یا چیزی که سهم/حق اوست (اسم),名,اسم,我的份（wǒ de fèn）|你的份（nǐ de fèn）|每人一份（měi rén yí fèn）|分成三份（fēn chéng sān fèn）,这块蛋糕分成三份。,Zhè kuài dàngāo fēn chéng sān fèn.,این تکه کیک به سه قسمت تقسیم می‌شود.,
200,丰富,fēngfù,HSK 4,形容词,1,种类多、数量多、内容充足（形）,غنی؛ پربار؛ فراوان؛ دارای مقدار، نوع یا محتوای زیاد و کافی (صفت),形,صفت,内容丰富（nèiróng fēngfù）|经验丰富（jīngyàn fēngfù）|资源丰富（zīyuán fēngfù）|生活丰富（shēnghuó fēngfù）,这本书内容很丰富。,Zhè běn shū nèiróng hěn fēngfù.,محتوای این کتاب خیلی غنی و پربار است.,
200,丰富,fēngfù,HSK 4,动词,2,使种类、内容、经验、生活等变得更多、更充实（动）,غنی‌تر کردن؛ پربارتر کردن؛ بیشتر و کامل‌تر کردنِ محتوا، تجربه، زندگی یا تنوع چیزی (فعل),动,فعل,丰富经验（fēngfù jīngyàn）|丰富生活（fēngfù shēnghuó）|丰富内容（fēngfù nèiróng）|丰富知识（fēngfù zhīshi）,旅行可以丰富我们的经验。,Lǚxíng kěyǐ fēngfù wǒmen de jīngyàn.,سفر می‌تواند تجربه‌های ما را غنی‌تر کند.,
201,打折扣,dǎ zhékòu,HSK 4,动词短语,1,降低价格；按原价的一定比例出售，意思接近“打折”（动词短语）,تخفیف دادن؛ قیمت را پایین آوردن؛ با درصدی کمتر از قیمت اصلی فروختن، نزدیک به معنی تخفیف خوردن (عبارت فعلی),动词短语,عبارت فعلی,打折扣出售（dǎ zhékòu chūshòu）|可以打折扣（kěyǐ dǎ zhékòu）|不打折扣（bù dǎ zhékòu）,这件衣服可以打折扣吗？,Zhè jiàn yīfu kěyǐ dǎ zhékòu ma?,این لباس تخفیف دارد؟ / می‌شود این لباس را با تخفیف خرید؟,
201,打折扣,dǎ zhékòu,HSK 4,动词短语,2,使原来的程度、效果、价值、质量、承诺或执行力度等降低；也可指没有完全履行原来的约定或承诺（动词短语）,کم‌وکاست گذاشتن؛ کامل اجرا نکردن؛ کاستن از اثر، ارزش، کیفیت، اعتبار، شدت اجرا یا میزان پایبندی به وعده و تعهد؛ گاهی یعنی کامل به قول یا قرار قبلی عمل نکردن (عبارت فعلی),动词短语,عبارت فعلی,效果打折扣（xiàoguǒ dǎ zhékòu）|信任打折扣（xìnrèn dǎ zhékòu）|承诺打折扣（chéngnuò dǎ zhékòu）|执行不打折扣（zhíxíng bù dǎ zhékòu）,承诺不能打折扣。,Chéngnuò bù néng dǎ zhékòu.,نباید در عمل به وعده کم‌وکاست گذاشت / باید کامل به وعده عمل کرد.,
202,订正,dìngzhèng,HSK 4,动词,1,改正文字、答案、作业、书稿等中的错误（动）,تصحیح کردن؛ اصلاح کردنِ اشتباه‌های نوشته، جواب، تکلیف، متن یا نسخهٔ کتاب/مقاله (فعل),动,فعل,订正作业（dìngzhèng zuòyè）|订正答案（dìngzhèng dá’àn）|订正错误（dìngzhèng cuòwù）|订正错别字（dìngzhèng cuòbiézì）,老师让我们订正作业里的错误。,Lǎoshī ràng wǒmen dìngzhèng zuòyè li de cuòwù.,معلم از ما خواست اشتباه‌های تکلیف را تصحیح کنیم.,
203,风景,fēngjǐng,HSK 4,名词,1,自然或地方呈现出来的景色，多指山水、城市、乡村等可观看的景象（名）,منظره؛ چشم‌انداز؛ زیبایی دیدنیِ یک مکان، مثل کوه، رود، شهر یا روستا (اسم),名,اسم,美丽的风景（měilì de fēngjǐng）|欣赏风景（xīnshǎng fēngjǐng）|风景很好（fēngjǐng hěn hǎo）|看风景（kàn fēngjǐng）,这里的风景很美。,Zhèli de fēngjǐng hěn měi.,منظرهٔ اینجا خیلی زیباست.,
204,分数,fēnshù,HSK 4,名词,1,考试、比赛或评价中得到的分值、成绩（名）,نمره؛ امتیاز؛ عددی که در امتحان، مسابقه یا ارزیابی به دست می‌آید (اسم),名,اسم,考试分数（kǎoshì fēnshù）|分数很高（fēnshù hěn gāo）|提高分数（tígāo fēnshù）|分数线（fēnshùxiàn）,他的数学分数很高。,Tā de shùxué fēnshù hěn gāo.,نمرهٔ ریاضی او خیلی بالاست.,
204,分数,fēnshù,HSK 4,名词,2,数学中表示一个数是另一个数的几分之几的数（名）,کسر؛ عدد کسری؛ عددی در ریاضی که نشان می‌دهد یک مقدار چند بخش از مقدار دیگر است (اسم),名,اسم,真分数（zhēn fēnshù）|假分数（jiǎ fēnshù）|分数形式（fēnshù xíngshì）|写成分数（xiě chéng fēnshù）,三分之一是一个分数。,Sān fēn zhī yī shì yí ge fēnshù.,یک‌سوم یک کسر است.,
205,分为,fēnwéi,HSK 4,动词,1,把整体分成几部分、几类或几种（动）,تقسیم شدن به؛ تقسیم کردن به؛ یک کل را به چند بخش، دسته یا نوع تقسیم کردن (فعل),动,فعل,分为两类（fēnwéi liǎng lèi）|分为三部分（fēnwéi sān bùfen）|分为几个阶段（fēnwéi jǐ ge jiēduàn）|可以分为（kěyǐ fēnwéi）,这本书分为三部分。,Zhè běn shū fēnwéi sān bùfen.,این کتاب به سه بخش تقسیم می‌شود.,
206,否则,fǒuzé,HSK 4,连词,1,如果不这样，就会出现后面的结果；不然（连）,وگرنه؛ در غیر این صورت؛ اگر چنین نشود، نتیجهٔ بعدی رخ می‌دهد (حرف ربط),连,حرف ربط,否则会迟到（fǒuzé huì chídào）|否则很危险（fǒuzé hěn wēixiǎn）|否则来不及（fǒuzé lái bu jí）|否则不能参加（fǒuzé bù néng cānjiā）,快点儿走，否则会迟到。,"Kuài diǎnr zǒu, fǒuzé huì chídào.",زودتر راه بیفت، وگرنه دیر می‌رسی.,
207,幅,fú,HSK 4,量词,1,用于图画、字画、书法作品等平面作品；用于地图、照片时也可以，但“张”更口语常用（量）,واحد شمارش برای آثار تخت و تصویری، مثل نقاشی، نوشتهٔ خطاطی یا اثر خوشنویسی؛ برای نقشه و عکس هم ممکن است، ولی در گفتار «张» رایج‌تر است (واحد شمارش),量,واحد شمارش,一幅画（yì fú huà）|一幅字（yì fú zì）|一幅书法作品（yì fú shūfǎ zuòpǐn）|一幅山水画（yì fú shānshuǐhuà）,墙上挂着一幅画。,Qiáng shang guà zhe yì fú huà.,روی دیوار یک نقاشی آویزان است.,
208,付,fù,HSK 4,动词,1,交出钱款；支付（动）,پرداخت کردن؛ پول دادن؛ مبلغی را برای خرید، خدمت یا بدهی پرداخت کردن (فعل),动,فعل,付钱（fù qián）|付房租（fù fángzū）|付账（fù zhàng）|付现金（fù xiànjīn）,我来付钱。,Wǒ lái fù qián.,من پولش را پرداخت می‌کنم.,
209,符合,fúhé,HSK 4,动词,1,和要求、标准、事实、条件等一致或相合（动）,مطابق بودن؛ سازگار بودن؛ با شرط، معیار، واقعیت یا خواسته‌ای هماهنگ بودن (فعل),动,فعل,符合要求（fúhé yāoqiú）|符合标准（fúhé biāozhǔn）|符合条件（fúhé tiáojiàn）|符合事实（fúhé shìshí）,这个产品符合安全标准。,Zhè ge chǎnpǐn fúhé ānquán biāozhǔn.,این محصول با استانداردهای ایمنی مطابقت دارد.,
210,父母,fùmǔ,HSK 4,名词,1,父亲和母亲；爸妈（名）,پدر و مادر؛ والدین (اسم),名,اسم,父母亲（fùmǔqīn）|我的父母（wǒ de fùmǔ）|照顾父母（zhàogù fùmǔ）|父母双方（fùmǔ shuāngfāng）,我很感谢我的父母。,Wǒ hěn gǎnxiè wǒ de fùmǔ.,من از پدر و مادرم خیلی سپاسگزارم.,
211,父女,fùnǚ,HSK 4,名词,1,父亲和女儿；父亲与女儿之间的关系（名）,پدر و دختر؛ رابطهٔ پدر و دختر (اسم),名,اسم,父女关系（fùnǚ guānxi）|父女俩（fùnǚ liǎ）|这对父女（zhè duì fùnǚ）|父女之间（fùnǚ zhījiān）,这对父女感情很好。,Zhè duì fùnǚ gǎnqíng hěn hǎo.,این پدر و دختر رابطهٔ خیلی خوبی دارند.,
212,父亲,fùqīn,HSK 4,名词,1,有子女的男性家长；爸爸，较书面或正式（名）,پدر؛ مردی که فرزند دارد؛ شکل رسمی‌تر یا نوشتاری‌ترِ بابا (اسم),名,اسم,我的父亲（wǒ de fùqīn）|父亲节（Fùqīn Jié）|成为父亲（chéngwéi fùqīn）|父亲的责任（fùqīn de zérèn）,我的父亲是一名医生。,Wǒ de fùqīn shì yì míng yīshēng.,پدر من پزشک است.,
213,复印,fùyìn,HSK 4,动词,1,用复印机把文件、资料、证件等复制出来（动）,کپی گرفتن؛ با دستگاه کپی از مدرک، فایل کاغذی، سند یا متن نسخهٔ کپی تهیه کردن (فعل),动,فعل,复印文件（fùyìn wénjiàn）|复印资料（fùyìn zīliào）|复印身份证（fùyìn shēnfènzhèng）|复印一份（fùyìn yí fèn）,请帮我复印一份合同。,Qǐng bāng wǒ fùyìn yí fèn hétong.,لطفاً برای من یک نسخه از قرارداد کپی بگیر.,
214,复杂,fùzá,HSK 4,形容词,1,事情、结构、关系、情况等内容多、关系多，不简单（形）,پیچیده؛ بغرنج؛ ساده نبودن به‌خاطر زیاد بودن اجزا، روابط، جزئیات یا عوامل دخیل (صفت),形,صفت,情况复杂（qíngkuàng fùzá）|关系复杂（guānxi fùzá）|问题复杂（wèntí fùzá）|过程复杂（guòchéng fùzá）,这个问题比我们想的复杂。,Zhè ge wèntí bǐ wǒmen xiǎng de fùzá.,این مسئله از چیزی که فکر می‌کردیم پیچیده‌تر است.,
215,负责,fùzé,HSK 4,动词,1,承担责任；管理或处理某项工作、事情（动）,مسئول بودن؛ مسئولیت داشتن؛ عهده‌دار مدیریت، رسیدگی یا انجام کاری بودن (فعل),动,فعل,负责这个项目（fùzé zhè ge xiàngmù）|负责管理（fùzé guǎnlǐ）|由谁负责（yóu shéi fùzé）|负责到底（fùzé dàodǐ）,这个项目由她负责。,Zhè ge xiàngmù yóu tā fùzé.,مسئولیت این پروژه با اوست.,
215,负责,fùzé,HSK 4,形容词,2,做事认真可靠，愿意承担责任（形）,مسئولیت‌پذیر؛ قابل‌اعتماد؛ جدی و متعهد در انجام کار و پذیرش مسئولیت (صفت),形,صفت,认真负责（rènzhēn fùzé）|很负责（hěn fùzé）|负责的态度（fùzé de tàidu）|对工作负责（duì gōngzuò fùzé）,他对工作很负责。,Tā duì gōngzuò hěn fùzé.,او نسبت به کارش خیلی مسئولیت‌پذیر است.,
216,负责人,fùzérén,HSK 4,名词,1,对某项工作、组织、项目等承担主要责任的人（名）,مسئول؛ فرد مسئول؛ کسی که مسئولیت اصلی یک کار، سازمان، پروژه یا بخش را بر عهده دارد (اسم),名,اسم,项目负责人（xiàngmù fùzérén）|公司负责人（gōngsī fùzérén）|主要负责人（zhǔyào fùzérén）|找负责人（zhǎo fùzérén）,请联系项目负责人。,Qǐng liánxì xiàngmù fùzérén.,لطفاً با مسئول پروژه تماس بگیرید.,
217,父子,fùzǐ,HSK 4,名词,1,父亲和儿子；父亲与儿子之间的关系（名）,پدر و پسر؛ رابطهٔ پدر و پسر (اسم),名,اسم,父子关系（fùzǐ guānxi）|父子俩（fùzǐ liǎ）|这对父子（zhè duì fùzǐ）|父子之间（fùzǐ zhījiān）,这对父子长得很像。,Zhè duì fùzǐ zhǎng de hěn xiàng.,این پدر و پسر خیلی شبیه هم هستند.,
218,改,gǎi,HSK 4,动词,1,改变原来的内容、样子、时间、地点、计划等（动）,تغییر دادن؛ عوض کردن؛ محتوای قبلی، شکل، زمان، مکان، برنامه یا تصمیمی را تغییر دادن (فعل),动,فعل,改时间（gǎi shíjiān）|改计划（gǎi jìhuà）|改名字（gǎi míngzi）|改地点（gǎi dìdiǎn）,会议时间改到明天了。,Huìyì shíjiān gǎi dào míngtiān le.,زمان جلسه به فردا تغییر کرد.,
218,改,gǎi,HSK 4,动词,2,修改、改正错误或不合适的地方（动）,اصلاح کردن؛ ویرایش کردن؛ تصحیح کردن؛ اشتباه یا بخش نامناسبی را درست کردن (فعل),动,فعل,改错（gǎi cuò）|改作业（gǎi zuòyè）|改文章（gǎi wénzhāng）|改一改（gǎi yi gǎi）,这篇文章还要再改一改。,Zhè piān wénzhāng hái yào zài gǎi yi gǎi.,این متن هنوز باید کمی اصلاح/ویرایش شود.,
218,改,gǎi,HSK 4,动词,3,改变不好的习惯、态度或行为，使其变好（动）,اصلاح کردن؛ ترک کردن؛ عادت، رفتار یا نگرش بد را تغییر دادن و بهتر کردن (فعل),动,فعل,改坏习惯（gǎi huài xíguàn）|改脾气（gǎi píqi）|改毛病（gǎi máobìng）|改不了（gǎi bù liǎo）,这个坏习惯一定要改。,Zhè ge huài xíguàn yídìng yào gǎi.,این عادت بد حتماً باید اصلاح/ترک شود.,
219,改变,gǎibiàn,HSK 4,动词,1,使人、事物、情况、想法等变得和原来不同（动）,تغییر دادن؛ عوض کردن؛ باعث شدنِ فرد، چیز، وضعیت یا فکر با قبل متفاوت شود (فعل),动,فعل,改变计划（gǎibiàn jìhuà）|改变想法（gǎibiàn xiǎngfǎ）|改变生活（gǎibiàn shēnghuó）|改变现状（gǎibiàn xiànzhuàng）,这次经历改变了他的想法。,Zhè cì jīnglì gǎibiàn le tā de xiǎngfǎ.,این تجربه فکر او را تغییر داد.,
219,改变,gǎibiàn,HSK 4,名词,2,发生的变化；和原来不同的情况（名）,تغییر؛ دگرگونی؛ وضعیتی که با قبل فرق پیدا کرده است (اسم),名,اسم,发生改变（fāshēng gǎibiàn）|很大改变（hěn dà gǎibiàn）|明显改变（míngxiǎn gǎibiàn）|没有改变（méiyǒu gǎibiàn）,这几年城市发生了很大改变。,Zhè jǐ nián chéngshì fāshēng le hěn dà gǎibiàn.,در این چند سال شهر تغییرات زیادی کرده است.,
220,赶,gǎn,HSK 4,动词,1,加快速度去到达、乘坐、完成或处理某事；为了不迟到、不耽误或赶在期限前完成而行动（动）,عجله کردن؛ شتاب کردن؛ با سرعت رفتن، رسیدن، سوار شدن یا کاری را انجام دادن تا دیر نشود، جا نماند یا قبل از موعد تمام شود (فعل),动,فعل,赶时间（gǎn shíjiān）|赶火车（gǎn huǒchē）|赶头班车（gǎn tóubānchē）|赶任务（gǎn rènwu）,我们得赶火车。,Wǒmen děi gǎn huǒchē.,باید با عجله به قطار برسیم.,
220,赶,gǎn,HSK 4,动词,2,把人或动物驱逐、驱赶到别处（动）,راندن؛ بیرون کردن؛ کسی یا حیوانی را از جایی دور کردن یا به جای دیگر راندن (فعل),动,فعل,赶走（gǎnzǒu）|赶出去（gǎn chūqù）|赶羊（gǎn yáng）|赶鸟（gǎn niǎo）,他把鸡赶进院子里。,Tā bǎ jī gǎn jìn yuànzi li.,او مرغ‌ها را به داخل حیاط راند.,
221,敢,gǎn,HSK 4,助动词,1,有勇气或胆量做某事，尤指有风险或令人害怕的事（助动词）,جرئت داشتن؛ دل و جرئت انجام کاری (معمولاً کاری خطرناک یا ترسناک) را داشتن (فعل کمکی),助动词,فعل کمکی,敢做（gǎn zuò）|敢去（gǎn qù）|不敢说真话（bù gǎn shuō zhēnhuà）|敢不敢（gǎn bu gǎn）,你敢一个人去吗？,Nǐ gǎn yí ge rén qù ma?,جرئت داری تنها بروی؟,«敢问»（gǎn wèn）عبارتی مؤدبانه و ادبی به معنای «اجازه می‌خواهم بپرسم» است که از همین sense می‌آید.
221,敢,gǎn,HSK 4,助动词,2,"表示说话人对某种判断有把握、愿意承担责任，多用于""敢说、敢保证、敢打包票""等（助动词）",با اطمینان و قاطعیت چیزی را بیان کردن یا مسئولیت آن قضاوت را پذیرفتن (فعل کمکی),助动词,فعل کمکی,敢打包票（gǎn dǎ bāopiào）|敢说一定（gǎn shuō yídìng）|不敢肯定（bù gǎn kěndìng）|敢保证（gǎn bǎozhèng）,我敢说他一定会来。,Wǒ gǎn shuō tā yídìng huì lái.,به جرئت می‌توانم بگویم که او حتماً می‌آید.,
222,感,gǎn,HSK 4,动词,1,感到、感觉；由外界事物引起某种感觉或情绪，多用于构词或较书面表达（动）,احساس کردن؛ حس کردن؛ بر اثر چیزی دچار احساس، حس یا واکنشی درونی شدن، بیشتر در ترکیب‌ها یا کاربرد رسمی‌تر (فعل),动,فعل,感到高兴（gǎndào gāoxìng）|感到意外（gǎndào yìwài）|深感不安（shēn gǎn bù'ān）,听到这个消息，我深感意外。,"Tīngdào zhè ge xiāoxi, wǒ shēn gǎn yìwài.",با شنیدن این خبر بسیار شگفت‌زده شدم.,«感人»（gǎnrén）از همین ریشه ساخته شده ولی خودش صفتی مستقل و رایج به معنی «تکان‌دهنده، مؤثر» است و بهتر است مدخل جداگانه بگیرد.
222,感,gǎn,HSK 4,名词、语素,2,感觉、情感或某种印象（名/语素）,حس؛ احساس؛ برداشت یا تأثیری که از چیزی در ذهن یا دل ایجاد می‌شود (اسم/تکواژ),名/语素,اسم/تکواژ,安全感（ānquángǎn）|责任感（zérèngǎn）|幸福感（xìngfúgǎn）|方向感（fāngxiànggǎn）,他是一个很有责任感的人。,Tā shì yí ge hěn yǒu zérèngǎn de rén.,او آدمی است که حس مسئولیت‌پذیری زیادی دارد.,
223,干杯,gānbēi,HSK 4,动词,1,喝酒或饮料时，为祝贺、表示友好等举杯并把杯中的酒或饮料喝掉或喝一口（动）,به سلامتی نوشیدن؛ جام بالا بردن و برای تبریک، دوستی یا احترام نوشیدن (فعل),动,فعل,一起干杯（yìqǐ gānbēi）|为友谊干杯（wèi yǒuyì gānbēi）|举杯干杯（jǔ bēi gānbēi）|干一杯（gān yì bēi）,让我们为成功干杯。,Ràng wǒmen wèi chénggōng gānbēi.,بیایید به سلامتی موفقیت بنوشیم.,
224,感动,gǎndòng,HSK 4,动词,1,使人受到触动，心里产生温暖、同情、敬佩等情感（动）,تحت تأثیر قرار دادن؛ دل کسی را تکان دادن؛ باعث ایجاد احساساتی مثل گرمی، همدلی، قدردانی یا احترام شدن (فعل),动,فعل,感动了我（gǎndòng le wǒ）|让人感动（ràng rén gǎndòng）|深深感动（shēnshēn gǎndòng）|被他感动（bèi tā gǎndòng）,他的故事深深感动了我。,Tā de gùshi shēnshēn gǎndòng le wǒ.,داستان او عمیقاً مرا تحت تأثیر قرار داد.,
224,感动,gǎndòng,HSK 4,形容词,2,心里因受到触动而感到温暖、激动或难过（形）,متأثر؛ تحت تأثیر؛ دل‌گرم یا منقلب‌شده از چیزی که احساسات آدم را تکان می‌دهد (صفت),形,صفت,很感动（hěn gǎndòng）|非常感动（fēicháng gǎndòng）|感动得哭了（gǎndòng de kū le）|听了很感动（tīng le hěn gǎndòng）,听到这些话，她很感动。,"Tīngdào zhèxiē huà, tā hěn gǎndòng.",با شنیدن این حرف‌ها، او خیلی تحت تأثیر قرار گرفت.,
225,钢琴,gāngqín,HSK 4,名词,1,一种有键盘、用手指弹奏的西洋乐器（名）,پیانو؛ ساز غربیِ صفحه‌کلیددار که با انگشت نواخته می‌شود (اسم),名,اسم,弹钢琴（tán gāngqín）|学钢琴（xué gāngqín）|练钢琴（liàn gāngqín）|一架钢琴（yí jià gāngqín）,她从小学习弹钢琴。,Tā cóng xiǎo xuéxí tán gāngqín.,او از کودکی نواختن پیانو را یاد گرفته است.,
226,干活儿,gànhuór,HSK 4,动词短语,1,做体力活或一般工作，多用于口语（动词短语）,کار کردن؛ کار بدنی یا کار معمولی انجام دادن؛ بیشتر در گفتار روزمره (عبارت فعلی),动词短语,عبارت فعلی,在家干活儿（zài jiā gànhuór）|帮忙干活儿（bāngmáng gànhuór）|干了一天活儿（gàn le yì tiān huór）|出去干活儿（chūqù gànhuór）,他今天在家干活儿。,Tā jīntiān zài jiā gànhuór.,او امروز در خانه کار می‌کند.,
227,赶紧,gǎnjǐn,HSK 4,副词,1,抓紧时间，马上做某事；表示动作要快（副）,زود؛ سریع؛ فوراً؛ وقت را از دست ندادن و کاری را هرچه زودتر انجام دادن (قید),副,قید,赶紧走（gǎnjǐn zǒu）|赶紧回来（gǎnjǐn huílái）|赶紧去医院（gǎnjǐn qù yīyuàn）|赶紧告诉我（gǎnjǐn gàosu wǒ）,快下雨了，我们赶紧走吧。,"Kuài xià yǔ le, wǒmen gǎnjǐn zǒu ba.",نزدیک است باران بیاید، زود برویم.,
228,感觉,gǎnjué,HSK 4,动词,1,通过身体、心理或经验感受到某种情况、状态或印象（动）,حس کردن؛ احساس کردن؛ از راه بدن، ذهن یا تجربه به حالتی، وضعیتی یا برداشتی رسیدن (فعل),动,فعل,感觉很累（gǎnjué hěn lèi）|感觉不舒服（gǎnjué bù shūfu）|感觉不错（gǎnjué búcuò）|感觉有点儿冷（gǎnjué yǒudiǎnr lěng）,我感觉有点儿累。,Wǒ gǎnjué yǒudiǎnr lèi.,من کمی احساس خستگی می‌کنم.,
228,感觉,gǎnjué,HSK 4,名词,2,身体、心理或对事物形成的感受、印象或判断（名）,حس؛ احساس؛ برداشت؛ تأثیر یا قضاوتی که از چیزی در بدن، ذهن یا دل ایجاد می‌شود (اسم),名,اسم,一种感觉（yì zhǒng gǎnjué）|奇怪的感觉（qíguài de gǎnjué）|安全的感觉（ānquán de gǎnjué）|第一感觉（dì yī gǎnjué）,我对这个地方有一种熟悉的感觉。,Wǒ duì zhè ge dìfang yǒu yì zhǒng shúxī de gǎnjué.,نسبت به اینجا یک حس آشنایی دارم.,
229,赶快,gǎnkuài,HSK 4,副词,1,抓紧时间，快速做某事；意思接近“赶紧”（副）,زود؛ سریع؛ هرچه زودتر؛ وقت را از دست ندادن و کاری را سریع انجام دادن (قید),副,قید,赶快走（gǎnkuài zǒu）|赶快回来（gǎnkuài huílái）|赶快开始（gǎnkuài kāishǐ）|赶快告诉我（gǎnkuài gàosu wǒ）,时间不早了，赶快走吧。,"Shíjiān bù zǎo le, gǎnkuài zǒu ba.",دیر شده، زود راه بیفتیم.,
230,感情,gǎnqíng,HSK 4,名词,1,人的喜怒哀乐等情绪、情感或内心反应（名）,احساسات؛ هیجان‌ها؛ واکنش‌ها و حالت‌های درونی مثل شادی، ناراحتی، خشم، علاقه یا همدلی (اسم),名,اسم,表达感情（biǎodá gǎnqíng）|控制感情（kòngzhì gǎnqíng）|感情丰富（gǎnqíng fēngfù）|带着感情（dài zhe gǎnqíng）,朗读课文时要带着感情。,Lǎngdú kèwén shí yào dài zhe gǎnqíng.,هنگام خواندن متن باید با احساس بخوانی.,
230,感情,gǎnqíng,HSK 4,名词,2,人和人之间或人对事物产生的情感联系、亲近感、爱或依恋；在特定语境中也可指爱情关系（名）,محبت؛ دلبستگی؛ پیوند عاطفی؛ علاقه یا عشق میان افراد، یا نسبت به چیزی؛ همچنین در بعضی بافت‌ها رابطهٔ عاشقانه (اسم),名,اسم,感情很深（gǎnqíng hěn shēn）|培养感情（péiyǎng gǎnqíng）|伤害感情（shānghài gǎnqíng）|一段感情（yí duàn gǎnqíng）,他们之间的感情很好。,Tāmen zhījiān de gǎnqíng hěn hǎo.,رابطهٔ عاطفی بین آن‌ها خیلی خوب است.,
231,感人,gǎnrén,HSK 4,形容词,1,使人感动，能触动人的感情（形）,تأثیرگذار؛ دل‌انگیز؛ احساسی؛ چیزی که احساسات آدم را تکان می‌دهد (صفت),形,صفت,故事感人（gùshi gǎnrén）|非常感人（fēicháng gǎnrén）|感人的场面（gǎnrén de chǎngmiàn）|感人的故事（gǎnrén de gùshi）,这个故事非常感人。,Zhè ge gùshi fēicháng gǎnrén.,این داستان بسیار تأثیرگذار است.,
232,赶上,gǎnshàng,HSK 4,动词,1,追上前面的人、事物或进度；来得及乘坐、参加某事物，不落后或错过（动）,به‌موقع رسیدن به کسی، چیزی یا روندی که جلوتر است؛ فرصت رسیدن به وسیله یا رویدادی را پیدا کردن؛ جا نماندن، عقب نماندن (فعل),动,فعل,赶上他（gǎnshàng tā）|赶上进度（gǎnshàng jìndù）|赶上火车（gǎnshàng huǒchē）|赶上末班车（gǎnshàng mòbānchē）|赶上会议（gǎnshàng huìyì）,我差点儿没赶上火车。,Wǒ chàdiǎnr méi gǎnshàng huǒchē.,نزدیک بود به قطار نرسم.,
232,赶上,gǎnshàng,HSK 4,动词,2,正好遇到某个时间、机会、情况或变化（动）,مصادف شدن با؛ برخوردن به؛ درست به زمان، فرصت، وضعیت یا تغییری خاص خوردن (فعل),动,فعل,赶上好天气（gǎnshàng hǎo tiānqì）|赶上周末（gǎnshàng zhōumò）|赶上机会（gǎnshàng jīhuì）|赶上放假（gǎnshàng fàngjià）,我们去的时候正赶上放假。,Wǒmen qù de shíhou zhèng gǎnshàng fàngjià.,وقتی رفتیم، درست مصادف با تعطیلات شد.,
233,感受,gǎnshòu,HSK 4,动词,1,通过身体、心理或经历体会到某种感觉、情绪或影响（动）,حس کردن؛ تجربه کردن؛ از راه بدن، ذهن یا تجربه احساسی، حالتی یا اثری را درک کردن (فعل),动,فعل,感受温暖（gǎnshòu wēnnuǎn）|感受压力（gǎnshòu yālì）|感受变化（gǎnshòu biànhuà）|亲身感受（qīnshēn gǎnshòu）,我能感受到他的关心。,Wǒ néng gǎnshòu dào tā de guānxīn.,من می‌توانم توجه و محبت او را حس کنم.,
233,感受,gǎnshòu,HSK 4,名词,2,身体、心理或经历带来的感觉、体会或印象（名）,حس؛ احساس؛ تجربهٔ درونی؛ برداشت یا دریافتی که از بدن، ذهن یا تجربه به دست می‌آید (اسم),名,اسم,真实感受（zhēnshí gǎnshòu）|个人感受（gèrén gǎnshòu）|内心感受（nèixīn gǎnshòu）|说出感受（shuō chū gǎnshòu）,请说说你的真实感受。,Qǐng shuōshuo nǐ de zhēnshí gǎnshòu.,لطفاً حس واقعی‌ات را بگو.,
234,感谢,gǎnxiè,HSK 4,动词,1,因别人帮助、关心或给予好处而表示谢意（动）,تشکر کردن؛ قدردانی کردن؛ بابت کمک، توجه یا لطف کسی سپاسگزاری کردن (فعل),动,فعل,感谢帮助（gǎnxiè bāngzhù）|感谢支持（gǎnxiè zhīchí）|非常感谢（fēicháng gǎnxiè）|感谢大家（gǎnxiè dàjiā）,非常感谢你的帮助。,Fēicháng gǎnxiè nǐ de bāngzhù.,از کمکت خیلی ممنونم.,
235,高价,gāojià,HSK 4,名词、形容词,1,很高的价格；价格很高的（名/形）,قیمت بالا؛ گران‌قیمت؛ قیمتی که از حد معمول بالاتر است (اسم/صفت),名/形,اسم/صفت,高价买入（gāojià mǎirù）|高价出售（gāojià chūshòu）|高价商品（gāojià shāngpǐn）|出高价（chū gāojià）,他们高价买下了这套房子。,Tāmen gāojià mǎi xià le zhè tào fángzi.,آن‌ها این خانه را با قیمت بالا خریدند.,
236,高考,gāokǎo,HSK 4,名词,1,中国普通高等学校招生全国统一考试，是高中毕业生升大学的重要考试（名）,کنکور سراسری چین برای ورود به دانشگاه؛ آزمون مهم دانش‌آموزان دبیرستانی برای پذیرش دانشگاه (اسم),名,اسم,参加高考（cānjiā gāokǎo）|准备高考（zhǔnbèi gāokǎo）|高考成绩（gāokǎo chéngjì）|高考压力（gāokǎo yālì）,他正在准备高考。,Tā zhèngzài zhǔnbèi gāokǎo.,او دارد برای گائوکائو / کنکور چین آماده می‌شود.,
237,高速,gāosù,HSK 4,形容词,1,速度很快的；快速运行或发展的（形）,پرسرعت؛ با سرعت بالا؛ سریع در حرکت، عملکرد یا رشد (صفت),形,صفت,高速发展（gāosù fāzhǎn）|高速运行（gāosù yùnxíng）|高速列车（gāosù lièchē）|高速网络（gāosù wǎngluò）,这个城市正在高速发展。,Zhè ge chéngshì zhèngzài gāosù fāzhǎn.,این شهر با سرعت زیادی در حال توسعه است.,
237,高速,gāosù,HSK 4,名词,2,高速公路的简称；车辆可以快速行驶的公路（名）,بزرگراه؛ آزادراه؛ شکل کوتاه‌شدهٔ بزرگراه پرسرعت برای عبور خودروها (اسم),名,اسم,上高速（shàng gāosù）|下高速（xià gāosù）|走高速（zǒu gāosù）|高速入口（gāosù rùkǒu）,我们走高速去上海。,Wǒmen zǒu gāosù qù Shànghǎi.,ما از بزرگراه/آزادراه به شانگهای می‌رویم.,
238,高温,gāowēn,HSK 4,名词、形容词,1,很高的温度；温度很高的（名/形）,دمای بالا؛ گرمای شدید؛ دارای دمای زیاد یا مربوط به حرارت زیاد (اسم/صفت),名/形,اسم/صفت,高温天气（gāowēn tiānqì）|高温环境（gāowēn huánjìng）|持续高温（chíxù gāowēn）|耐高温（nài gāowēn）,高温天气要多喝水。,Gāowēn tiānqì yào duō hē shuǐ.,در هوای خیلی گرم باید بیشتر آب نوشید.,
239,高于,gāoyú,HSK 4,动词,1,在数量、程度、水平、位置等方面比某个标准或对象更高（动）,بالاتر بودن از؛ بیشتر بودن از؛ از نظر مقدار، سطح، درجه یا جایگاه از چیزی بالاتر بودن (فعل),动,فعل,高于平均水平（gāoyú píngjūn shuǐpíng）|高于标准（gāoyú biāozhǔn）|高于去年（gāoyú qùnián）|高于预期（gāoyú yùqī）,今年的收入高于去年。,Jīnnián de shōurù gāoyú qùnián.,درآمد امسال از سال گذشته بیشتر است.,
240,各,gè,HSK 4,代词、形容词,1,每一个；表示同一范围内的不同人、事物或方面（代/形）,هر؛ هر یک؛ تک‌تکِ افراد، چیزها یا جنبه‌های مختلف در یک مجموعه (ضمیر/صفت),代/形,ضمیر/صفت,各部门（gè bùmén）|各方面（gè fāngmiàn）|各地区（gè dìqū）|各有不同（gè yǒu bùtóng）,各部门都要参加会议。,Gè bùmén dōu yào cānjiā huìyì.,همهٔ بخش‌ها باید در جلسه شرکت کنند.,
240,各,gè,HSK 4,副词,2,分别、各自；表示不同对象分别做某事或具有某种情况（副）,هرکدام جداگانه؛ به‌طور جداگانه؛ هر یک به نوبهٔ خود (قید),副,قید,各走各的路（gè zǒu gè de lù）|各说各的（gè shuō gè de）|各付各的（gè fù gè de）|各有各的理由（gè yǒu gè de lǐyóu）,他们各有各的想法。,Tāmen gè yǒu gè de xiǎngfǎ.,آن‌ها هرکدام فکر و نظر خودشان را دارند.,
241,胳膊,gēbo,HSK 4,名词,1,肩膀以下、手以上的部分；手臂（名）,بازو؛ دست از شانه تا مچ/دست؛ بخشی از بدن بین شانه و دست (اسم),名,اسم,左胳膊（zuǒ gēbo）|右胳膊（yòu gēbo）|胳膊疼（gēbo téng）|抬起胳膊（tái qǐ gēbo）,我的胳膊有点儿疼。,Wǒ de gēbo yǒudiǎnr téng.,بازویم کمی درد می‌کند.,
242,各地,gèdì,HSK 4,名词,1,各个地方；许多不同地区（名）,جاهای مختلف؛ مناطق مختلف؛ نقاط گوناگون (اسم),名,اسم,全国各地（quánguó gèdì）|世界各地（shìjiè gèdì）|来自各地（láizì gèdì）|各地游客（gèdì yóukè）,游客来自世界各地。,Yóukè láizì shìjiè gèdì.,گردشگران از جاهای مختلف جهان آمده‌اند.,
243,各个,gègè,HSK 4,代词、形容词,1,各种不同的；范围内不同的每一类、每一部分或每一个对象（代/形）,گوناگون؛ مختلف؛ هر یک از انواع، بخش‌ها یا افراد/چیزهای داخل یک مجموعه (ضمیر/صفت),代/形,ضمیر/صفت,各个方面（gègè fāngmiàn）|各个部门（gègè bùmén）|各个国家（gègè guójiā）|各个年龄段（gègè niánlíngduàn）,我们要考虑各个方面的问题。,Wǒmen yào kǎolǜ gègè fāngmiàn de wèntí.,ما باید مسائل مربوط به جنبه‌های مختلف را در نظر بگیریم.,
244,更加,gèngjiā,HSK 4,副词,1,表示程度比原来或比另一种情况更深、更高、更明显（副）,بیشتر؛ حتی بیشتر؛ باز هم بیشتر؛ برای نشان دادن افزایش درجه، شدت یا وضوح نسبت به قبل یا نسبت به حالت دیگر (قید),副,قید,更加努力（gèngjiā nǔlì）|更加重要（gèngjiā zhòngyào）|更加明显（gèngjiā míngxiǎn）|更加方便（gèngjiā fāngbiàn）,这次经历让他更加成熟。,Zhè cì jīnglì ràng tā gèngjiā chéngshú.,این تجربه او را پخته‌تر کرد.,
245,歌声,gēshēng,HSK 4,名词,1,唱歌的声音（名）,صدای آواز؛ صدای خواندن (اسم),名,اسم,美妙的歌声（měimiào de gēshēng）|动人的歌声（dòngrén de gēshēng）|听到歌声（tīngdào gēshēng）|歌声传来（gēshēng chuán lái）,远处传来美妙的歌声。,Yuǎnchù chuán lái měimiào de gēshēng.,از دور صدای آواز زیبایی به گوش رسید.,
246,歌手,gēshǒu,HSK 4,名词,1,以唱歌为职业或擅长唱歌的人（名）,خواننده؛ کسی که حرفه‌اش خواندن آواز است یا در آوازخوانی مهارت دارد (اسم),名,اسم,著名歌手（zhùmíng gēshǒu）|流行歌手（liúxíng gēshǒu）|年轻歌手（niánqīng gēshǒu）|当歌手（dāng gēshǒu）,她是一位很受欢迎的歌手。,Tā shì yí wèi hěn shòu huānyíng de gēshǒu.,او یک خوانندهٔ بسیار محبوب است.,
247,各位,gèwèi,HSK 4,代词,1,对两个或两个以上的人表示尊敬的称呼，常用于讲话、通知或正式场合（代）,خانم‌ها و آقایان؛ همهٔ شما؛ خطاب محترمانه به چند نفر، بیشتر در سخنرانی، اطلاعیه یا موقعیت رسمی (ضمیر),代,ضمیر,各位老师（gèwèi lǎoshī）|各位朋友（gèwèi péngyou）|各位同学（gèwèi tóngxué）|各位来宾（gèwèi láibīn）,各位朋友，欢迎来到北京。,"Gèwèi péngyou, huānyíng lái dào Běijīng.",دوستان عزیز، به پکن خوش آمدید.,
248,各种,gèzhǒng,HSK 4,形容词,1,多种不同的；各式各样的（形）,انواع؛ گوناگون؛ مختلف؛ چندین نوع متفاوت از چیزی (صفت),形,صفت,各种问题（gèzhǒng wèntí）|各种原因（gèzhǒng yuányīn）|各种方法（gèzhǒng fāngfǎ）|各种活动（gèzhǒng huódòng）,这里有各种各样的水果。,Zhèli yǒu gèzhǒng gèyàng de shuǐguǒ.,اینجا انواع و اقسام میوه وجود دارد.,
249,共,gòng,HSK 4,副词,1,总共；合起来计算（副）,در مجموع؛ جمعاً؛ روی‌هم‌رفته؛ وقتی چند چیز با هم حساب می‌شوند (قید),副,قید,共三人（gòng sān rén）|共花了五百元（gòng huā le wǔ bǎi yuán）|共十页（gòng shí yè）|一共（yígòng）,这次活动共有三十人参加。,Zhè cì huódòng gòng yǒu sānshí rén cānjiā.,در این برنامه در مجموع سی نفر شرکت کردند.,
249,共,gòng,HSK 4,副词、动词,2,一起；共同做某事或共同拥有某物（副/动）,با هم؛ مشترکاً؛ به‌طور مشترک انجام دادن یا داشتن چیزی (قید/فعل),副/动,قید/فعل,共用厨房（gòngyòng chúfáng）|共度时光（gòngdù shíguāng）|共进晚餐（gòng jìn wǎncān）|共同努力（gòngtóng nǔlì）,我们共用一个办公室。,Wǒmen gòngyòng yí ge bàngōngshì.,ما از یک دفتر مشترک استفاده می‌کنیم.,
250,工厂,gōngchǎng,HSK 4,名词,1,用机器和工人生产产品的地方（名）,کارخانه؛ جایی که در آن با ماشین‌آلات و نیروی کار کالا تولید می‌شود (اسم),名,اسم,一家工厂（yì jiā gōngchǎng）|工厂工人（gōngchǎng gōngrén）|开工厂（kāi gōngchǎng）|工厂生产（gōngchǎng shēngchǎn）,这家工厂生产汽车零件。,Zhè jiā gōngchǎng shēngchǎn qìchē língjiàn.,این کارخانه قطعات خودرو تولید می‌کند.,
251,功夫,gōngfu,HSK 4,名词,1,中国传统武术；也泛指武术本领（名）,کونگ‌فو؛ هنر رزمی سنتی چین؛ مهارت در هنرهای رزمی (اسم),名,اسم,练功夫（liàn gōngfu）|中国功夫（Zhōngguó gōngfu）|功夫电影（gōngfu diànyǐng）|会功夫（huì gōngfu）,他从小练中国功夫。,Tā cóng xiǎo liàn Zhōngguó gōngfu.,او از کودکی کونگ‌فوی چینی تمرین کرده است.,
251,功夫,gōngfu,HSK 4,名词,2,本领、技能或经过长期练习形成的能力（名）,مهارت؛ هنر؛ توانایی‌ای که با تمرین و تجربه به دست آمده است (اسم),名,اسم,真功夫（zhēn gōngfu）|有功夫（yǒu gōngfu）|功夫深（gōngfu shēn）|基本功夫（jīběn gōngfu）,他的书法很有功夫。,Tā de shūfǎ hěn yǒu gōngfu.,خطاطی او مهارت و پختگی زیادی دارد.,
251,功夫,gōngfu,HSK 4,名词,3,为做成某事所花的时间、精力或努力（名）,وقت؛ زحمت؛ انرژی و تلاشی که برای انجام یا یادگیری کاری صرف می‌شود (اسم),名,اسم,下功夫（xià gōngfu）|花功夫（huā gōngfu）|费功夫（fèi gōngfu）|功夫不够（gōngfu bú gòu）,学好中文要下功夫。,Xué hǎo Zhōngwén yào xià gōngfu.,برای خوب یاد گرفتن چینی باید وقت و زحمت گذاشت.,
252,公共,gōnggòng,HSK 4,形容词,1,属于社会、集体或大家共同使用的（形）,عمومی؛ همگانی؛ متعلق به جامعه، جمع یا قابل استفاده برای همه (صفت),形,صفت,公共汽车（gōnggòng qìchē）|公共场所（gōnggòng chǎngsuǒ）|公共交通（gōnggòng jiāotōng）|公共安全（gōnggòng ānquán）,请不要在公共场所吸烟。,Qǐng bú yào zài gōnggòng chǎngsuǒ xīyān.,لطفاً در مکان‌های عمومی سیگار نکشید.,
253,功课,gōngkè,HSK 4,名词,1,学生要学习或完成的课业、作业；也可泛指需要提前做的准备工作（名）,درس و تکلیف؛ کار درسی یا تکلیفی که دانش‌آموز باید انجام دهد؛ همچنین کاری که باید از قبل برای آمادگی انجام شود (اسم),名,اسم,做功课（zuò gōngkè）|复习功课（fùxí gōngkè）|功课很多（gōngkè hěn duō）|提前做功课（tíqián zuò gōngkè）,他每天晚上都要做功课。,Tā měitiān wǎnshang dōu yào zuò gōngkè.,او هر شب باید تکالیفش را انجام دهد.,
254,公里,gōnglǐ,HSK 4,量词,1,长度单位，一公里等于一千米（量）,کیلومتر؛ واحد اندازه‌گیری طول که برابر با هزار متر است (واحد شمارش),量,واحد شمارش,五公里（wǔ gōnglǐ）|十公里路（shí gōnglǐ lù）|每小时一百公里（měi xiǎoshí yì bǎi gōnglǐ）|离这儿三公里（lí zhèr sān gōnglǐ）,学校离我家三公里。,Xuéxiào lí wǒ jiā sān gōnglǐ.,مدرسه سه کیلومتر با خانهٔ من فاصله دارد.,
255,公路,gōnglù,HSK 4,名词,1,供汽车等车辆行驶的道路，通常连接城市、乡村或地区（名）,جاده؛ راه خودرو؛ مسیری برای رفت‌وآمد خودروها که معمولاً شهرها، روستاها یا مناطق را به هم وصل می‌کند (اسم),名,اسم,高速公路（gāosù gōnglù）|公路交通（gōnglù jiāotōng）|修公路（xiū gōnglù）|沿着公路走（yán zhe gōnglù zǒu）,这条公路通向机场。,Zhè tiáo gōnglù tōngxiàng jīchǎng.,این جاده به فرودگاه می‌رسد.,
256,工人,gōngrén,HSK 4,名词,1,从事体力劳动或生产劳动的人，常指在工厂、工地等工作的劳动者（名）,کارگر؛ کسی که کار بدنی یا تولیدی انجام می‌دهد، معمولاً در کارخانه، کارگاه یا محل ساخت‌وساز (اسم),名,اسم,工厂工人（gōngchǎng gōngrén）|建筑工人（jiànzhù gōngrén）|技术工人（jìshù gōngrén）|一名工人（yì míng gōngrén）,这家工厂有很多工人。,Zhè jiā gōngchǎng yǒu hěn duō gōngrén.,این کارخانه کارگران زیادی دارد.,
257,共同,gòngtóng,HSK 4,形容词、副词,1,属于大家一起的；大家一起做或一起具有的（形/副）,مشترک؛ همگانی؛ با هم؛ چیزی که به چند نفر یا چند طرف تعلق دارد یا کاری که با هم انجام می‌شود (صفت/قید),形/副,صفت/قید,共同目标（gòngtóng mùbiāo）|共同努力（gòngtóng nǔlì）|共同生活（gòngtóng shēnghuó）|共同完成（gòngtóng wánchéng）,我们有一个共同的目标。,Wǒmen yǒu yí ge gòngtóng de mùbiāo.,ما یک هدف مشترک داریم.,
258,工资,gōngzī,HSK 4,名词,1,工作人员因劳动或工作定期得到的钱（名）,حقوق؛ دستمزد؛ پولی که فرد در برابر کار یا زحمت خود به‌طور منظم دریافت می‌کند (اسم),名,اسم,发工资（fā gōngzī）|涨工资（zhǎng gōngzī）|工资很高（gōngzī hěn gāo）|月工资（yuè gōngzī）,他这个月的工资提高了。,Tā zhè ge yuè de gōngzī tígāo le.,حقوق او این ماه افزایش پیدا کرده است.,
259,够,gòu,HSK 4,动词,1,数量、程度或条件达到需要的标准；足够（动）,کافی بودن؛ به‌اندازه بودن؛ رسیدن مقدار، درجه یا شرایط به حد لازم (فعل),动,فعل,钱够了（qián gòu le）|时间不够（shíjiān bú gòu）|够用（gòu yòng）|够不够（gòu bu gòu）,这些钱够买票吗？,Zhèxiē qián gòu mǎi piào ma?,این پول برای خرید بلیت کافی است؟,
259,够,gòu,HSK 4,副词,2,表示程度高，达到相当的程度，常带评价色彩（副）,به‌اندازهٔ کافی؛ نسبتاً؛ حسابی؛ برای نشان دادن اینکه درجهٔ چیزی نسبتاً زیاد یا قابل توجه است، اغلب همراه با ارزیابی (قید),副,قید,够好（gòu hǎo）|够漂亮（gòu piàoliang）|够累的（gòu lèi de）|够麻烦的（gòu máfan de）,今天走了这么远，够累的。,"Jīntiān zǒu le zhème yuǎn, gòu lèi de.",امروز این‌همه راه رفتیم، حسابی خسته‌کننده بود.,
259,够,gòu,HSK 4,动词,3,达到或碰到某个位置；多用于“够得着、够不着”（动）,رسیدن به؛ دسترسی داشتن به؛ بتوان چیزی را با دست یا بدن لمس کرد یا به آن رسید (فعل),动,فعل,够得着（gòu de zháo）|够不着（gòu bu zháo）|够到书架（gòu dào shūjià）|伸手够（shēn shǒu gòu）,这个孩子够不着桌上的杯子。,Zhè ge háizi gòu bu zháo zhuō shang de bēizi.,این بچه دستش به لیوان روی میز نمی‌رسد.,
260,购买,gòumǎi,HSK 4,动词,1,用钱买东西或服务，较书面或正式（动）,خریداری کردن؛ خریدن؛ با پرداخت پول کالا یا خدماتی را تهیه کردن، رسمی‌تر از «买» (فعل),动,فعل,购买商品（gòumǎi shāngpǐn）|购买门票（gòumǎi ménpiào）|购买保险（gòumǎi bǎoxiǎn）|网上购买（wǎngshàng gòumǎi）,请在网上购买门票。,Qǐng zài wǎngshàng gòumǎi ménpiào.,لطفاً بلیت را آنلاین خریداری کنید.,
261,购物,gòuwù,HSK 4,动词、名词,1,购买商品；买东西，也可指买东西这件事（动/名）,خرید کردن؛ خرید؛ کالا خریدن یا عمل خرید کردن (فعل/اسم),动/名,فعل/اسم,去购物（qù gòuwù）|网上购物（wǎngshàng gòuwù）|购物中心（gòuwù zhōngxīn）|购物袋（gòuwù dài）,周末我想去购物。,Zhōumò wǒ xiǎng qù gòuwù.,آخر هفته می‌خواهم خرید بروم.,
262,挂,guà,HSK 4,动词,1,把东西吊起或放在高处，使其悬着或贴着（动）,آویزان کردن؛ نصب کردن؛ چیزی را بالا یا روی جایی قرار دادن که آویزان یا چسبیده بماند (فعل),动,فعل,挂衣服（guà yīfu）|挂画（guà huà）|挂在墙上（guà zài qiáng shang）|挂灯笼（guà dēnglong）,墙上挂着一幅画。,Qiáng shang guà zhe yì fú huà.,روی دیوار یک نقاشی آویزان است.,
262,挂,guà,HSK 4,动词,2,结束通话，把电话挂断（动）,قطع کردن تماس تلفنی؛ گوشی را گذاشتن (فعل),动,فعل,挂电话（guà diànhuà）|别挂电话（bié guà diànhuà）|电话挂了（diànhuà guà le）,他还没说完，对方就挂了电话。,"Tā hái méi shuō wán, duìfāng jiù guà le diànhuà.",او هنوز حرفش تمام نشده بود که طرف مقابل تلفن را قطع کرد.,
262,挂,guà,HSK 4,动词、语素,3,登记、办理手续，多用于“挂号”等词语中（动/语素）,ثبت کردن؛ نوبت یا شماره گرفتن، بیشتر در ترکیب‌هایی مثل نوبت‌گیری بیمارستانی یا اداری (فعل/تکواژ),动/语素,فعل/تکواژ,挂号（guàhào）|医院挂号（yīyuàn guàhào）|网上挂号（wǎngshàng guàhào）|挂专家号（guà zhuānjiā hào）,我先去医院挂号。,Wǒ xiān qù yīyuàn guàhào.,من اول می‌روم بیمارستان نوبت/شماره بگیرم.,“挂号”بهتر است مدخل جداگانه هم داشته باشد.
262,挂,guà,HSK 4,动词,4,惦记、放心不下，心里一直想着某人或某事（动）,دلواپس بودن؛ نگران و به‌یاد کسی یا چیزی بودن؛ چیزی یا کسی در دل/ذهن آدم مانده بودن (فعل),动,فعل,心里挂着（xīnli guà zhe）|挂在心上（guà zài xīn shang）|一直挂着（yìzhí guà zhe）|别挂在心上（bié guà zài xīn shang）,我心里一直挂着这件事。,Wǒ xīnli yìzhí guà zhe zhè jiàn shì.,این موضوع همیشه ذهنم را مشغول کرده / هنوز دل‌مشغول این موضوعم.,
262,挂,guà,HSK 4,动词,5,考试或课程不及格，学生口语用法（动）,رد شدن در امتحان یا درس، کاربرد محاوره‌ای بین دانشجویان (فعل),动,فعل,挂科（guàkē）|考试挂了（kǎoshì guà le）|这门课挂了（zhè mén kè guà le）|挂了两门课（guà le liǎng mén kè）,他这学期挂了两门课。,Tā zhè xuéqī guà le liǎng mén kè.,او این ترم در دو درس رد شد.,کاربرد محاوره‌ای و رایج بین دانشجویان است.
262,挂,guà,HSK 4,动词,6,（口语）死亡；也可指失败、被淘汰或机器程序等出故障、停止工作（动）,(محاوره‌ای) مردن؛ همچنین از کار افتادن، خراب شدن، کرش کردن، شکست خوردن یا حذف شدن، برای آدم، حیوان، وسیله، برنامه یا بازی (فعل),动,فعل,他挂了（tā guà le）|电脑挂了（diànnǎo guà le）|游戏里挂了（yóuxì li guà le）|快挂了（kuài guà le）,我的电脑突然挂了。,Wǒ de diànnǎo tūrán guà le.,کامپیوترم ناگهان از کار افتاد / هنگ کرد.,کاربرد محاوره‌ای است و در گفتار، اینترنت، بازی و شوخی زیاد دیده می‌شود.
262,挂,guà,HSK 4,量词,7,用于成串或成挂的东西（量）,واحد شمارش برای چیزهایی که به‌صورت رشته‌ای، دسته‌ای یا آویزان هستند (واحد شمارش),量,واحد شمارش,一挂鞭炮（yí guà biānpào）|一挂珠子（yí guà zhūzi）|一挂钥匙（yí guà yàoshi）,他买了一挂鞭炮准备过年放。,Tā mǎi le yí guà biānpào zhǔnbèi guònián fàng.,او یک رشته ترقه خرید تا برای سال نو بترکاند.,این کاربرد محدودتر است و بیشتر با چند اسم خاص می‌آید.
263,管,guǎn,HSK 4,动词,1,管理、负责或照看某人某事（动）,سرپرستی کردن؛ ادارهٔ کاری یا کسی را برعهده داشتن؛ مسئول بودن؛ مراقبت و رسیدگی کردن (فعل),动,فعل,管孩子（guǎn háizi）|管公司（guǎn gōngsī）|管这件事（guǎn zhè jiàn shì）|谁来管（shéi lái guǎn）,这件事由谁来管？,Zhè jiàn shì yóu shéi lái guǎn?,چه کسی مسئول رسیدگی به این موضوع است؟,
263,管,guǎn,HSK 4,动词,2,约束、控制或管教，使人按要求做事（动）,کنترل کردن؛ محدود کردن؛ تربیت یا مهار کردن؛ کسی را وادار کردن طبق قاعده یا خواسته‌ای رفتار کند (فعل),动,فعل,管得很严（guǎn de hěn yán）|管不住（guǎn bu zhù）|别管太多（bié guǎn tài duō）|没人管（méi rén guǎn）,父母不要把孩子管得太严。,Fùmǔ bú yào bǎ háizi guǎn de tài yán.,والدین نباید بچه‌ها را بیش از حد سخت‌گیرانه کنترل کنند.,
263,管,guǎn,HSK 4,动词,3,理会、过问或干涉某事；常用于否定或劝阻（动）,اهمیت دادن؛ دخالت کردن؛ کاری به چیزی داشتن؛ توجه یا رسیدگی به موضوعی (بیشتر در جملهٔ منفی یا نهی، به معنای اهمیت ندادن یا دخالت نکردن) (فعل),动,فعل,别管我（bié guǎn wǒ）|不用管（bú yòng guǎn）|管不了那么多（guǎn bù liǎo nàme duō）|别管闲事（bié guǎn xiánshì）,你别管这件事。,Nǐ bié guǎn zhè jiàn shì.,تو در این موضوع دخالت نکن / کاری به این موضوع نداشته باش.,
263,管,guǎn,HSK 4,名词、量词,4,管子；也可作量词，用于细长圆筒状的东西（名/量）,لوله؛ تیوب؛ همچنین واحد شمارش برای اشیای باریک و استوانه‌ای مثل خمیردندان یا پماد (اسم/واحد شمارش),名/量,اسم/واحد شمارش,水管（shuǐguǎn）|管道（guǎndào）|一管牙膏（yì guǎn yágāo）|一管药膏（yì guǎn yàogāo）,我买了一管牙膏。,Wǒ mǎi le yì guǎn yágāo.,من یک تیوب خمیردندان خریدم.,
263,管,guǎn,HSK 4,介词,5,"用于""管…叫…""结构，表示称呼或称谓，相当于""把""（介）",در ساختار «管…叫…»؛ به معنای خطاب کردن یا نامیدن کسی/چیزی به نام یا لقبی خاص؛ معادل «بهش می‌گویند...» (حرف اضافه),介,حرف اضافه,管他叫叔叔（guǎn tā jiào shūshu）|管这个叫什么（guǎn zhège jiào shénme）,我们都管他叫老王。,Wǒmen dōu guǎn tā jiào Lǎo Wáng.,همه او را «لائو وانگ» صدا می‌زنند.,این ساختار محاوره‌ای است و بیشتر در لهجهٔ شمالی رایج است. توجه: «不管» (به معنای «فارغ از، مهم نیست») واژه‌ای مستقل و پرکاربرد است که بهتر است جداگانه بیاید.
264,逛,guàng,HSK 4,动词,1,没有明确目的地走走看看，常指逛街、逛商店、逛景点等（动）,گشتن؛ قدم زدن و تماشا کردن؛ بدون هدف خیلی مشخص در خیابان، مغازه، بازار یا جای دیدنی چرخیدن (فعل),动,فعل,逛街（guàng jiē）|逛商场（guàng shāngchǎng）|逛公园（guàng gōngyuán）|到处逛逛（dàochù guàngguang）,周末我们去逛街吧。,Zhōumò wǒmen qù guàng jiē ba.,آخر هفته برویم در خیابان/بازار بگردیم.,
265,光,guāng,HSK 4,名词,1,光线；能使人看见东西的亮（名）,نور؛ روشنایی (اسم),名,اسم,阳光（yángguāng）|灯光（dēngguāng）|光线（guāngxiàn）|发光（fāguāng）,房间里的光线很好。,Fángjiān li de guāngxiàn hěn hǎo.,نور اتاق خیلی خوب است.,
265,光,guāng,HSK 4,形容词,2,没有遮盖、没有穿戴或没有东西附着（形）,لخت؛ بی‌پوشش؛ بدون پوشش یا بدون چیزی روی بدن/سطح (صفت),形,صفت,光着脚（guāng zhe jiǎo）|光着头（guāng zhe tóu）|光着身子（guāng zhe shēnzi）,孩子光着脚在地上跑。,Háizi guāng zhe jiǎo zài dì shang pǎo.,بچه پابرهنه روی زمین می‌دوید.,
265,光,guāng,HSK 4,形容词,3,表面平滑、没有毛刺或显得明亮，多用于口语或结果状态描写（形）,صاف و صیقلی؛ بدون زبری؛ گاهی براق و روشن از نظر سطح، بیشتر برای توصیف حالت سطح پس از تراشیدن، ساییدن یا تمیز کردن (صفت),形,صفت,磨得很光（mó de hěn guāng）|擦得很光（cā de hěn guāng）|表面很光（biǎomiàn hěn guāng）|又光又亮（yòu guāng yòu liàng）,这块木板打磨得很光。,Zhè kuài mùbǎn dǎmó de hěn guāng.,این تخته خیلی صاف و صیقلی سمباده خورده است.,
265,光,guāng,HSK 4,结果补语,4,表示没有剩余；动作完成后东西全部没有了（结果补语）,تمام شدن؛ چیزی باقی نماندن؛ نشان می‌دهد بعد از انجام فعل همهٔ چیزی مصرف، خورده یا استفاده شده است (متمم نتیجه),结果补语,متمم نتیجه,吃光（chī guāng）|用光（yòng guāng）|花光（huā guāng）|卖光（mài guāng）,他把钱都花光了。,Tā bǎ qián dōu huā guāng le.,او همهٔ پولش را خرج کرد و چیزی باقی نگذاشت.,
265,光,guāng,HSK 4,副词,5,只；仅仅，表示范围限于某一方面（副）,فقط؛ تنها؛ صرفاً، برای محدود کردن دامنهٔ چیزی به یک مورد یا جنبه (قید),副,قید,光说不做（guāng shuō bú zuò）|光看不买（guāng kàn bù mǎi）|光他一个人（guāng tā yí ge rén）|光这一点（guāng zhè yì diǎn）,光说不做没有用。,Guāng shuō bú zuò méiyǒu yòng.,فقط حرف زدن و عمل نکردن فایده‌ای ندارد.,
266,广播,guǎngbō,HSK 4,名词,1,通过无线电、网络或公共设备向大众传播的声音节目或通知（名）,رادیو؛ پخش صوتی؛ برنامه یا اطلاعیه‌ای که از راه رادیو، شبکه یا بلندگو برای عموم پخش می‌شود (اسم),名,اسم,听广播（tīng guǎngbō）|广播节目（guǎngbō jiémù）|校园广播（xiàoyuán guǎngbō）|广播里说（guǎngbō li shuō）,我每天早上听广播。,Wǒmen měitiān zǎoshang tīng guǎngbō.,من هر روز صبح به رادیو گوش می‌دهم.,
266,广播,guǎngbō,HSK 4,动词,2,通过无线电或扩音设备向大众播送消息、通知或讲话（动）,پخش کردن (خبر، اطلاعیه یا سخنرانی)؛ از طریق رادیو یا بلندگو چیزی را برای عموم اعلام یا پخش کردن (فعل),动,فعل,广播新闻（guǎngbō xīnwén）|广播通知（guǎngbō tōngzhī）|正在广播（zhèngzài guǎngbō）|向全国广播（xiàng quánguó guǎngbō）,学校正在广播一条通知。,Xuéxiào zhèngzài guǎngbō yì tiáo tōngzhī.,مدرسه دارد یک اطلاعیه را از بلندگو پخش می‌کند.,«广播» به‌عنوان فعل معمولاً برای خبر، اطلاعیه یا سخنرانی به‌کار می‌رود؛ برای پخش «برنامه» به‌طور کامل، فعل رایج‌تر «播出» یا «播放» است.
267,广告,guǎnggào,HSK 4,名词,1,为了宣传商品、服务、活动或信息而发布的内容（名）,تبلیغ؛ آگهی؛ محتوایی برای معرفی یا تبلیغ کالا، خدمات، برنامه یا اطلاعات (اسم),名,اسم,电视广告（diànshì guǎnggào）|广告公司（guǎnggào gōngsī）|做广告（zuò guǎnggào）|看到广告（kàndào guǎnggào）,我在网上看到这个广告。,Wǒ zài wǎngshàng kàndào zhè ge guǎnggào.,من این تبلیغ را در اینترنت دیدم.,
268,关键,guānjiàn,HSK 4,名词,1,对事情起决定作用的重要部分、因素、问题或时刻（名）,عامل کلیدی؛ نکتهٔ اصلی؛ بخش، عامل، مسئله یا لحظهٔ تعیین‌کننده در یک موضوع (اسم),名,اسم,问题的关键（wèntí de guānjiàn）|成功的关键（chénggōng de guānjiàn）|关键在于（guānjiàn zàiyú）|找到关键（zhǎodào guānjiàn）,成功的关键在于坚持。,Chénggōng de guānjiàn zàiyú jiānchí.,عامل کلیدی موفقیت در پشتکار است.,
268,关键,guānjiàn,HSK 4,形容词,2,非常重要、起决定作用的（形）,کلیدی؛ حیاتی؛ بسیار مهم و تعیین‌کننده (صفت),形,صفت,关键问题（guānjiàn wèntí）|关键时刻（guānjiàn shíkè）|关键因素（guānjiàn yīnsù）|关键一步（guānjiàn yí bù）,这是一个关键问题。,Zhè shì yí ge guānjiàn wèntí.,این یک مسئلهٔ کلیدی است.,
269,观看,guānkàn,HSK 4,动词,1,看比赛、表演、节目、电影、视频等，较正式（动）,تماشا کردن؛ دیدنِ مسابقه، اجرا، برنامه، فیلم یا ویدئو، رسمی‌تر از «看» (فعل),动,فعل,观看比赛（guānkàn bǐsài）|观看表演（guānkàn biǎoyǎn）|观看视频（guānkàn shìpín）|在线观看（zàixiàn guānkàn）,很多人在线观看了这场比赛。,Hěn duō rén zàixiàn guānkàn le zhè chǎng bǐsài.,افراد زیادی این مسابقه را آنلاین تماشا کردند.,
270,管理,guǎnlǐ,HSK 4,动词,1,负责安排、组织、控制和处理人、事物或工作（动）,مدیریت کردن؛ اداره کردن؛ سازمان‌دهی، کنترل و رسیدگی به افراد، کارها یا امور (فعل),动,فعل,管理公司（guǎnlǐ gōngsī）|管理团队（guǎnlǐ tuánduì）|管理时间（guǎnlǐ shíjiān）|管理项目（guǎnlǐ xiàngmù）,她负责管理这个团队。,Tā fùzé guǎnlǐ zhè ge tuánduì.,او مسئول مدیریت این تیم است.,
270,管理,guǎnlǐ,HSK 4,名词,2,对人、事物或工作的组织、控制和安排（名）,مدیریت؛ اداره؛ سازمان‌دهی و کنترل افراد، کارها یا امور (اسم),名,اسم,企业管理（qǐyè guǎnlǐ）|时间管理（shíjiān guǎnlǐ）|管理经验（guǎnlǐ jīngyàn）|管理方法（guǎnlǐ fāngfǎ）,他有丰富的管理经验。,Tā yǒu fēngfù de guǎnlǐ jīngyàn.,او تجربهٔ مدیریتی زیادی دارد.,
271,观众,guānzhòng,HSK 4,名词,1,观看演出、比赛、节目、电影等的人（名）,تماشاگر؛ بیننده؛ کسی که اجرا، مسابقه، برنامه، فیلم و مانند آن را تماشا می‌کند (اسم),名,اسم,现场观众（xiànchǎng guānzhòng）|电视观众（diànshì guānzhòng）|观众很多（guānzhòng hěn duō）|吸引观众（xīyǐn guānzhòng）,现场观众非常热情。,Xiànchǎng guānzhòng fēicháng rèqíng.,تماشاگران حاضر در محل بسیار پرشور بودند.,
272,规定,guīdìng,HSK 4,动词,1,对某事作出明确的要求、规则或限制（动）,مقرر کردن؛ تعیین کردن؛ برای کاری قاعده، شرط، الزام یا محدودیت مشخص گذاشتن (فعل),动,فعل,规定时间（guīdìng shíjiān）|规定标准（guīdìng biāozhǔn）|法律规定（fǎlǜ guīdìng）|明确规定（míngquè guīdìng）,学校规定学生不能迟到。,Xuéxiào guīdìng xuésheng bù néng chídào.,مدرسه مقرر کرده است که دانش‌آموزان نباید دیر کنند.,
272,规定,guīdìng,HSK 4,名词,2,已经明确提出的规则、要求或限制（名）,مقررات؛ قانون؛ قاعده یا الزام مشخص‌شده (اسم),名,اسم,学校规定（xuéxiào guīdìng）|相关规定（xiāngguān guīdìng）|遵守规定（zūnshǒu guīdìng）|违反规定（wéifǎn guīdìng）,请大家遵守学校规定。,Qǐng dàjiā zūnshǒu xuéxiào guīdìng.,لطفاً همه مقررات مدرسه را رعایت کنند.,
273,估计,gūjì,HSK 4,动词,1,根据已有情况大致推算、判断数量、时间、可能性等（动）,تخمین زدن؛ برآورد کردن؛ بر اساس اطلاعات موجود مقدار، زمان، احتمال یا وضعیتی را حدودی حدس زدن (فعل),动,فعل,估计时间（gūjì shíjiān）|估计价格（gūjì jiàgé）|估计人数（gūjì rénshù）|很难估计（hěn nán gūjì）,我估计他下午三点到。,Wǒ gūjì tā xiàwǔ sān diǎn dào.,حدس می‌زنم او ساعت سه بعدازظهر برسد.,
273,估计,gūjì,HSK 4,名词,2,大致的推算、判断或看法（名）,تخمین؛ برآورد؛ قضاوت یا نظر حدودی دربارهٔ مقدار، وضعیت یا احتمال چیزی (اسم),名,اسم,初步估计（chūbù gūjì）|根据估计（gēnjù gūjì）|保守估计（bǎoshǒu gūjì）|准确估计（zhǔnquè gūjì）,根据初步估计，费用大约需要两万元。,"Gēnjù chūbù gūjì, fèiyòng dàyuē xūyào liǎng wàn yuán.",طبق برآورد اولیه، هزینه حدوداً بیست هزار یوان لازم دارد.,
274,顾客,gùkè,HSK 4,名词,1,到商店、饭店、公司等购买商品或服务的人（名）,مشتری؛ کسی که از فروشگاه، رستوران، شرکت و مانند آن کالا یا خدمات می‌خرد (اسم),名,اسم,新顾客（xīn gùkè）|老顾客（lǎo gùkè）|吸引顾客（xīyǐn gùkè）|顾客满意（gùkè mǎnyì）,这家店的顾客很多。,Zhè jiā diàn de gùkè hěn duō.,این مغازه مشتریان زیادی دارد.,
275,鼓励,gǔlì,HSK 4,动词,1,用话语、行动或政策使人有信心、有勇气去做某事（动）,تشویق کردن؛ دلگرم کردن؛ با حرف، رفتار یا سیاستی به کسی اعتمادبه‌نفس یا انگیزه دادن (فعل),动,فعل,鼓励孩子（gǔlì háizi）|鼓励学生（gǔlì xuésheng）|互相鼓励（hùxiāng gǔlì）|受到鼓励（shòudào gǔlì）,老师鼓励我们多说中文。,Lǎoshī gǔlì wǒmen duō shuō Zhōngwén.,معلم ما را تشویق کرد بیشتر چینی صحبت کنیم.,
276,姑娘,gūniang,HSK 4,名词,1,年轻女子；女孩，口语中常用（名）,دختر؛ دختر جوان؛ زن جوان، بیشتر در گفتار روزمره (اسم),名,اسم,年轻姑娘（niánqīng gūniang）|漂亮姑娘（piàoliang gūniang）|小姑娘（xiǎo gūniang）|一个姑娘（yí ge gūniang）,那个姑娘很喜欢唱歌。,Nà ge gūniang hěn xǐhuan chànggē.,آن دختر خیلی آواز خواندن را دوست دارد.,
277,过程,guòchéng,HSK 4,名词,1,事情发展、进行或完成所经过的一系列阶段（名）,فرایند؛ روند؛ مراحلی که یک کار، رویداد یا تغییر طی می‌کند تا پیش برود یا کامل شود (اسم),名,اسم,学习过程（xuéxí guòchéng）|发展过程（fāzhǎn guòchéng）|整个过程（zhěnggè guòchéng）|解决问题的过程（jiějué wèntí de guòchéng）,学习语言是一个长期的过程。,Xuéxí yǔyán shì yí ge chángqī de guòchéng.,یادگیری زبان یک فرایند طولانی‌مدت است.,
278,国籍,guójí,HSK 4,名词,1,一个人属于某个国家的法律身份（名）,تابعیت؛ ملیت حقوقی؛ وضعیت قانونیِ وابستگی یک فرد به یک کشور (اسم),名,اسم,中国国籍（Zhōngguó guójí）|外国国籍（wàiguó guójí）|申请国籍（shēnqǐng guójí）|双重国籍（shuāngchóng guójí）,他的国籍是加拿大。,Tā de guójí shì Jiānádà.,تابعیت او کانادایی است.,
279,国际,guójì,HSK 4,形容词,1,国家之间的；世界范围内的（形）,بین‌المللی؛ میان کشورها؛ مربوط به چند کشور یا در سطح جهان (صفت),形,صفت,国际会议（guójì huìyì）|国际关系（guójì guānxi）|国际市场（guójì shìchǎng）|国际机场（guójì jīchǎng）,上海有很多国际公司。,Shànghǎi yǒu hěn duō guójì gōngsī.,در شانگهای شرکت‌های بین‌المللی زیادی وجود دارد.,
280,果汁,guǒzhī,HSK 4,名词,1,水果榨出的汁或用水果制成的饮料（名）,آب‌میوه؛ نوشیدنی‌ای که از عصاره یا آبِ میوه درست می‌شود (اسم),名,اسم,一杯果汁（yì bēi guǒzhī）|喝果汁（hē guǒzhī）|苹果汁（píngguǒzhī）|橙汁（chéngzhī）,我想喝一杯果汁。,Wǒ xiǎng hē yì bēi guǒzhī.,می‌خواهم یک لیوان آب‌میوه بخورم.,
281,故意,gùyì,HSK 4,副词,1,有意识地、有目的地做某事；不是无意中发生的（副）,عمداً؛ از قصد؛ آگاهانه و با هدف انجام دادن کاری، نه از روی اتفاق یا بی‌دقتی (قید),副,قید,故意迟到（gùyì chídào）|故意说错（gùyì shuō cuò）|故意装作不知道（gùyì zhuāngzuò bù zhīdào）|不是故意的（bú shì gùyì de）,他不是故意迟到的。,Tā bú shì gùyì chídào de.,او عمداً دیر نکرده بود.,
282,害羞,hàixiū,HSK 4,形容词、动词,1,因为不好意思、紧张或怕被注意而不自然（形/动）,خجالتی بودن؛ خجالت کشیدن؛ به‌خاطر معذب بودن، اضطراب یا ترس از جلب توجه طبیعی رفتار نکردن (صفت/فعل),形/动,صفت/فعل,很害羞（hěn hàixiū）|害羞地笑（hàixiū de xiào）|有点儿害羞（yǒudiǎnr hàixiū）|别害羞（bié hàixiū）,她第一次上台，有点儿害羞。,"Tā dì yī cì shàngtái, yǒudiǎnr hàixiū.",او برای اولین بار روی صحنه رفت و کمی خجالت می‌کشید.,
283,海洋,hǎiyáng,HSK 4,名词,1,地球上广大的咸水水域；大海和洋的总称（名）,اقیانوس و دریا؛ پهنهٔ بزرگ آب شور روی زمین؛ نام کلی برای دریاها و اقیانوس‌ها (اسم),名,اسم,海洋生物（hǎiyáng shēngwù）|保护海洋（bǎohù hǎiyáng）|海洋环境（hǎiyáng huánjìng）|海洋污染（hǎiyáng wūrǎn）,我们应该保护海洋环境。,Wǒmen yīnggāi bǎohù hǎiyáng huánjìng.,ما باید از محیط زیست دریایی محافظت کنیم.,
284,汗,hàn,HSK 4,名词,1,人或动物因热、运动、紧张等从皮肤排出的液体（名）,عرق؛ مایعی که بدن انسان یا حیوان در اثر گرما، ورزش، اضطراب و مانند آن از پوست بیرون می‌دهد (اسم),名,اسم,出汗（chū hàn）|流汗（liú hàn）|满头大汗（mǎn tóu dà hàn）|擦汗（cā hàn）,跑完步以后，他满头大汗。,"Pǎo wán bù yǐhòu, tā mǎn tóu dà hàn.",بعد از دویدن، سر و صورتش پر از عرق بود.,
285,喊,hǎn,HSK 4,动词,1,大声叫、说或呼唤（动）,داد زدن؛ صدا زدن؛ با صدای بلند گفتن یا کسی را صدا کردن (فعل),动,فعل,大声喊（dàshēng hǎn）|喊救命（hǎn jiùmìng）|喊他的名字（hǎn tā de míngzi）|别喊了（bié hǎn le）,有人在外面喊我的名字。,Yǒu rén zài wàimiàn hǎn wǒ de míngzi.,یک نفر بیرون اسم مرا صدا می‌زند.,
286,航班,hángbān,HSK 4,名词,1,按规定时间飞行的飞机班次（名）,پرواز؛ نوبت پرواز هواپیما طبق برنامهٔ مشخص (اسم),名,اسم,国际航班（guójì hángbān）|国内航班（guónèi hángbān）|航班延误（hángbān yánwù）|取消航班（qǔxiāo hángbān）,我们的航班延误了两个小时。,Wǒmen de hángbān yánwù le liǎng ge xiǎoshí.,پرواز ما دو ساعت تأخیر داشت.,
287,寒假,hánjià,HSK 4,名词,1,学校冬季放的假，通常在春节前后（名）,تعطیلات زمستانی؛ تعطیلات مدارس و دانشگاه‌ها در زمستان، معمولاً حوالی سال نوی چینی (اسم),名,اسم,放寒假（fàng hánjià）|寒假作业（hánjià zuòyè）|寒假计划（hánjià jìhuà）|过寒假（guò hánjià）,寒假里我想去旅行。,Hánjià li wǒ xiǎng qù lǚxíng.,در تعطیلات زمستانی می‌خواهم به سفر بروم.,
288,寒冷,hánlěng,HSK 4,形容词,1,天气或环境温度很低，使人感到冷（形）,سرد؛ بسیار سرد؛ دارای دمای پایین، مخصوصاً دربارهٔ هوا یا محیط (صفت),形,صفت,寒冷的冬天（hánlěng de dōngtiān）|天气寒冷（tiānqì hánlěng）|寒冷地区（hánlěng dìqū）|感到寒冷（gǎndào hánlěng）,这里的冬天非常寒冷。,Zhèli de dōngtiān fēicháng hánlěng.,زمستانِ اینجا بسیار سرد است.,
289,好处,hǎochu,HSK 4,名词,1,对人或事物有利的地方、作用或利益（名）,فایده؛ مزیت؛ سود؛ جنبه یا اثری که برای کسی یا چیزی مفید است (اسم),名,اسم,有好处（yǒu hǎochu）|很多好处（hěn duō hǎochu）|对身体有好处（duì shēntǐ yǒu hǎochu）|学习的好处（xuéxí de hǎochu）,多运动对身体有好处。,Duō yùndòng duì shēntǐ yǒu hǎochu.,ورزش بیشتر برای بدن مفید است.,
290,好好,hǎohāo,HSK 4,副词,1,认真地、用心地或充分地做某事（副）,خوب؛ درست‌وحسابی؛ با دقت و جدیت؛ به‌طور کامل یا کافی هنگام انجام کاری (قید),副,قید,好好学习（hǎohāo xuéxí）|好好休息（hǎohāo xiūxi）|好好想想（hǎohāo xiǎngxiang）|好好照顾自己（hǎohāo zhàogù zìjǐ）,你要好好休息。,Nǐ yào hǎohāo xiūxi.,باید خوب استراحت کنی.,
290,好好,hǎohāo,HSK 4,形容词,2,状态正常、完好，没有问题；常用“好好的”形式（形）,سالم؛ درست؛ بی‌مشکل؛ در حالت کاملاً عادی و خوب، معمولاً به صورت «好好的» (صفت),形,صفت,好好的（hǎohāo de）|还好好的（hái hǎohāo de）|本来好好的（běnlái hǎohāo de）|刚才还好好的（gāngcái hái hǎohāo de）,电话刚才还是好好的，怎么就坏了？,"Diànhuà gāngcái hái shì hǎohāo de, zěnme jiù huài le?",تلفن همین چند لحظه پیش سالم و درست بود، چطور یکهو خراب شد؟,
291,好笑,hǎoxiào,HSK 4,形容词,1,有趣、滑稽，使人想笑（形）,خنده‌دار؛ بامزه؛ جالب یا مضحک به‌طوری که آدم را به خنده می‌اندازد (صفت),形,صفت,很好笑（hěn hǎoxiào）|好笑的故事（hǎoxiào de gùshi）|觉得好笑（juéde hǎoxiào）|太好笑了（tài hǎoxiào le）,这个故事太好笑了。,Zhè ge gùshi tài hǎoxiào le.,این داستان خیلی خنده‌دار است.,
292,合格,hégé,HSK 4,形容词,1,符合规定的标准或要求（形）,واجد شرایط؛ قابل قبول؛ مطابق استاندارد یا شرایط لازم (صفت),形,صفت,合格产品（hégé chǎnpǐn）|考试合格（kǎoshì hégé）|质量合格（zhìliàng hégé）|不合格（bù hégé）,这个产品质量合格。,Zhè ge chǎnpǐn zhìliàng hégé.,کیفیت این محصول قابل قبول / مطابق استاندارد است.,
293,盒子,hézi,HSK 4,名词,1,用来装东西的小容器，通常有底、有边，有的有盖（名）,جعبه؛ ظرف کوچک برای گذاشتن یا نگهداری چیزها، معمولاً دارای کف و دیواره و گاهی درپوش (اسم),名,اسم,一个盒子（yí ge hézi）|纸盒子（zhǐ hézi）|打开盒子（dǎkāi hézi）|盒子里（hézi li）,盒子里有一块手表。,Hézi li yǒu yí kuài shǒubiǎo.,داخل جعبه یک ساعت هست.,
294,红包,hóngbāo,HSK 4,名词,1,装钱的红色纸包，常在春节、婚礼等场合送给别人表示祝福（名）,پاکت قرمز پول؛ پاکت قرمزی که معمولاً در سال نوی چینی، عروسی یا مناسبت‌های دیگر برای تبریک و شگون به کسی داده می‌شود (اسم),名,اسم,发红包（fā hóngbāo）|收红包（shōu hóngbāo）|春节红包（Chūnjié hóngbāo）|给孩子红包（gěi háizi hóngbāo）,春节时，长辈会给孩子红包。,"Chūnjié shí, zhǎngbèi huì gěi háizi hóngbāo.",در عید بهار، بزرگ‌ترها به بچه‌ها پاکت قرمز پول می‌دهند.,
295,厚,hòu,HSK 4,形容词,1,上下两面之间的距离大；不薄（形）,ضخیم؛ کلفت؛ قطور؛ دارای ضخامت زیاد، نازک نبودن (صفت),形,صفت,厚衣服（hòu yīfu）|厚书（hòu shū）|厚被子（hòu bèizi）|很厚（hěn hòu）,这本书很厚。,Zhè běn shū hěn hòu.,این کتاب خیلی قطور است.,معنی‌های استعاری مانند“深厚、优厚、浓厚、忠厚、厚道”بهتر است در مدخل‌های جداگانه بررسی شوند.
296,后悔,hòuhuǐ,HSK 4,动词、形容词,1,事后觉得自己以前做错了或不该那样做，心里懊悔（动/形）,پشیمان شدن؛ پشیمان بودن؛ بعداً فهمیدن که کاری اشتباه بوده یا نباید آن‌طور انجام می‌شده و از آن ناراحت بودن (فعل/صفت),动/形,فعل/صفت,后悔了（hòuhuǐ le）|很后悔（hěn hòuhuǐ）|后悔做某事（hòuhuǐ zuò mǒu shì）|不后悔（bù hòuhuǐ）,我后悔昨天没去。,Wǒ hòuhuǐ zuótiān méi qù.,پشیمانم که دیروز نرفتم.,
297,坏处,huàichu,HSK 4,名词,1,对人或事物不利的地方、影响或害处（名）,عیب؛ ضرر؛ زیان؛ جنبه یا اثری که برای کسی یا چیزی نامطلوب یا آسیب‌زا است (اسم),名,اسم,有坏处（yǒu huàichu）|没有坏处（méiyǒu huàichu）|坏处很多（huàichu hěn duō）|对身体有坏处（duì shēntǐ yǒu huàichu）,抽烟对身体有很多坏处。,Chōuyān duì shēntǐ yǒu hěn duō huàichu.,سیگار کشیدن برای بدن ضررهای زیادی دارد.,
298,怀疑,huáiyí,HSK 4,动词,1,不完全相信；对某事的真实性、正确性有疑问（动）,شک داشتن؛ تردید داشتن؛ کاملاً باور نکردنِ درستی یا واقعی بودن چیزی (فعل),动,فعل,怀疑他说的话（huáiyí tā shuō de huà）|表示怀疑（biǎoshì huáiyí）|值得怀疑（zhíde huáiyí）|产生怀疑（chǎnshēng huáiyí）,我怀疑他说的不是真的。,Wǒ huáiyí tā shuō de bú shì zhēn de.,من شک دارم حرفی که او زده درست باشد.,
298,怀疑,huáiyí,HSK 4,动词,2,猜想、估计某事可能发生或某种情况可能是真的（动）,حدس زدن؛ گمان کردن؛ احتمال دادن که اتفاقی بیفتد یا وضعیتی درست باشد (فعل),动,فعل,怀疑他不来了（huáiyí tā bù lái le）|怀疑会下雨（huáiyí huì xià yǔ）|怀疑有问题（huáiyí yǒu wèntí）|怀疑是他做的（huáiyí shì tā zuò de）,我怀疑他今天不来了。,Wǒ huáiyí tā jīntiān bù lái le.,حدس می‌زنم / گمان می‌کنم او امروز دیگر نیاید.,
299,话剧,huàjù,HSK 4,名词,1,以人物对话和表演为主要形式的舞台戏剧（名）,تئاتر گفتاری؛ نمایش صحنه‌ای که بر گفت‌وگو و بازی بازیگران تکیه دارد (اسم),名,اسم,看话剧（kàn huàjù）|演话剧（yǎn huàjù）|一部话剧（yí bù huàjù）|话剧演员（huàjù yǎnyuán）,我们周末去看话剧。,Wǒmen zhōumò qù kàn huàjù.,آخر هفته می‌رویم تئاتر ببینیم.,
300,环保,huánbǎo,HSK 4,名词、形容词,1,环境保护；保护环境的、对环境影响较小的（名/形）,حفاظت از محیط زیست؛ محیط‌زیستی؛ سازگار با محیط زیست؛ دارای آسیب کمتر برای محیط زیست (اسم/صفت),名/形,اسم/صفت,环保产品（huánbǎo chǎnpǐn）|环保意识（huánbǎo yìshi）|环保材料（huánbǎo cáiliào）|很环保（hěn huánbǎo）,这种材料很环保。,Zhè zhǒng cáiliào hěn huánbǎo.,این نوع ماده خیلی سازگار با محیط زیست است.,
301,换乘,huànchéng,HSK 4,动词,1,从一种车、船、地铁、公交等交通工具换到另一种继续乘坐（动）,تعویض وسیلهٔ نقلیه؛ خط عوض کردن؛ از یک اتوبوس، مترو، قطار یا وسیلهٔ نقلیه پیاده شدن و با وسیلهٔ دیگری ادامه دادن (فعل),动,فعل,换乘地铁（huànchéng dìtiě）|换乘公交车（huànchéng gōngjiāochē）|在这里换乘（zài zhèli huànchéng）|换乘一号线（huànchéng yī hào xiàn）,请在下一站换乘一号线。,Qǐng zài xià yí zhàn huànchéng yī hào xiàn.,لطفاً در ایستگاه بعدی به خط یک تغییر مسیر بدهید.,
302,回复,huífù,HSK 4,动词,1,回答、回应别人的话、问题、信件、消息等（动）,پاسخ دادن؛ جواب دادن؛ به حرف، سؤال، نامه، پیام یا درخواست کسی پاسخ دادن (فعل),动,فعل,回复邮件（huífù yóujiàn）|回复消息（huífù xiāoxi）|及时回复（jíshí huífù）|尽快回复（jǐnkuài huífù）,请尽快回复我的邮件。,Qǐng jǐnkuài huífù wǒ de yóujiàn.,لطفاً هرچه زودتر به ایمیل من پاسخ بدهید.,
302,回复,huífù,HSK 4,名词,2,对别人话语、问题、信件、消息等作出的回答或回应（名）,پاسخ؛ جواب؛ واکنشی که به حرف، سؤال، نامه، پیام یا درخواست کسی داده می‌شود (اسم),名,اسم,收到回复（shōudào huífù）|等待回复（děngdài huífù）|没有回复（méiyǒu huífù）|正式回复（zhèngshì huífù）,我还没有收到他的回复。,Wǒ hái méiyǒu shōudào tā de huífù.,من هنوز پاسخ او را دریافت نکرده‌ام.,
303,回信,huíxìn,HSK 4,动词、名词,1,回复别人的信件、邮件或消息；也指回的信（动/名）,نامه یا پیام را جواب دادن؛ پاسخ دادن به نامه، ایمیل یا پیام کسی؛ همچنین خودِ نامه یا پاسخِ برگشتی (فعل/اسم),动/名,فعل/اسم,给他回信（gěi tā huíxìn）|收到回信（shōudào huíxìn）|等回信（děng huíxìn）|马上回信（mǎshàng huíxìn）,我昨天给他回信了。,Wǒ zuótiān gěi tā huíxìn le.,من دیروز به نامه/پیام او جواب دادم.,
304,回忆,huíyì,HSK 4,动词,1,想起过去的人、事或经历（动）,به یاد آوردن؛ یادآوری کردن؛ به خاطر آوردنِ افراد، اتفاقات یا تجربه‌های گذشته (فعل),动,فعل,回忆过去（huíyì guòqù）|回忆童年（huíyì tóngnián）|努力回忆（nǔlì huíyì）|回忆起来（huíyì qǐlái）,他常常回忆自己的童年。,Tā chángcháng huíyì zìjǐ de tóngnián.,او اغلب کودکی خودش را به یاد می‌آورد.,
304,回忆,huíyì,HSK 4,名词,2,过去留下的记忆、印象或经历（名）,خاطره؛ یاد؛ چیزی که از گذشته در ذهن مانده است (اسم),名,اسم,美好的回忆（měihǎo de huíyì）|童年的回忆（tóngnián de huíyì）|留下回忆（liú xià huíyì）|难忘的回忆（nánwàng de huíyì）,这张照片留下了美好的回忆。,Zhè zhāng zhàopiàn liú xià le měihǎo de huíyì.,این عکس خاطره‌های زیبایی به جا گذاشته است.,
305,会员,huìyuán,HSK 4,名词,1,某个组织、团体、俱乐部、网站或商店会员体系中的成员（名）,عضو؛ عضو یک سازمان، گروه، باشگاه، سایت یا سیستم عضویتِ فروشگاه (اسم),名,اسم,成为会员（chéngwéi huìyuán）|会员卡（huìyuánkǎ）|会员服务（huìyuán fúwù）|普通会员（pǔtōng huìyuán）,成为会员以后可以买到更便宜的票。,Chéngwéi huìyuán yǐhòu kěyǐ mǎi dào gèng piányi de piào.,بعد از عضو شدن می‌توان بلیت ارزان‌تری خرید.,
306,互联网,hùliánwǎng,HSK 4,名词,1,全球范围内把大量计算机和网络连接起来的信息网络；因特网（名）,اینترنت؛ شبکهٔ جهانی اطلاعات که رایانه‌ها و شبکه‌های فراوانی را به هم وصل می‌کند (اسم),名,اسم,互联网公司（hùliánwǎng gōngsī）|互联网时代（hùliánwǎng shídài）|互联网服务（hùliánwǎng fúwù）|通过互联网（tōngguò hùliánwǎng）,我们可以通过互联网学习中文。,Wǒmen kěyǐ tōngguò hùliánwǎng xuéxí Zhōngwén.,ما می‌توانیم از طریق اینترنت چینی یاد بگیریم.,
307,活,huó,HSK 4,动词,1,生存；有生命；没有死（动）,زنده بودن؛ زندگی کردن؛ جان داشتن و نمردن (فعل),动,فعل,活着（huó zhe）|活下去（huó xiàqù）|活到九十岁（huó dào jiǔshí suì）|救活（jiùhuó）|养活（yǎnghuo）,他活到了九十岁。,Tā huó dào le jiǔshí suì.,او تا نودسالگی زندگی کرد.,«救活»（نجات دادن جان کسی）و «养活»（خرج کسی را دادن، نان‌آور بودن）از همین معنی مشتق شده‌اند.
307,活,huó,HSK 4,形容词,2,有生命力、灵活、不死板；也可指真实生动（形）,زنده؛ پویا؛ انعطاف‌پذیر؛ خشک و بی‌روح نبودن؛ همچنین واقعی و زنده‌نما (صفت),形,صفت,活的鱼（huó de yú）|活办法（huó bànfǎ）|活教材（huó jiàocái）|活像（huóxiàng）|活现（huóxiàn）,这条鱼还是活的。,Zhè tiáo yú háishi huó de.,این ماهی هنوز زنده است.,«活像»（دقیقاً شبیه بودن）نمونه‌ای از کاربرد این sense قبل از فعل است.
307,活,huó,HSK 4,名词,3,工作、活儿；需要做的事情（名）,کار؛ کاری که باید انجام شود، مخصوصاً کار عملی یا کار روزمره (اسم),名,اسم,干活（gàn huó）|活儿很多（huór hěn duō）|找活儿（zhǎo huór）|重活儿（zhòng huór）,今天的活儿很多。,Jīntiān de huór hěn duō.,کار امروز زیاد است.,
308,货,huò,HSK 4,名词,1,商品、货物；可买卖或运输的东西（名）,کالا؛ جنس؛ مال‌التجاره؛ چیزی که برای خریدوفروش یا حمل‌ونقل آماده است (اسم),名,اسم,货到了（huò dào le）|送货（sòng huò）|进货（jìn huò）|一批货（yì pī huò）,这批货明天到。,Zhè pī huò míngtiān dào.,این محموله/کالاها فردا می‌رسد.,
308,货,huò,HSK 4,名词、语素,2,"用于指人，多接在形容词后，语气可褒可贬，如""笨货、蠢货、贱货、懒货""等（名/语素）",اشاره به فرد؛ آدم، موجود؛ معمولاً بعد از یک صفت می‌آید و لحنش می‌تواند تحقیرآمیز یا شوخ‌طبعانه/محبت‌آمیز باشد (مثل «احمق»، «بی‌عرضه»، «تنبل») (اسم/تکواژ),名/语素,اسم/تکواژ,笨货（bènhuò）|蠢货（chǔnhuò）|贱货（jiànhuò）|懒货（lǎnhuò）,你这个笨货，怎么又做错了！,"Nǐ zhège bènhuò, zěnme yòu zuò cuò le!",ای احمق، چرا بازم اشتباه کردی!,لحن بسته به کلمه فرق می‌کند: «贱货» بسیار تحقیرآمیز و گاهی با بار جنسیتی است، در حالی که «懒货» معمولاً ملایم‌تر و حتی شوخ‌طبعانه/محبت‌آمیز به‌کار می‌رود (شبیه «懒虫»).
309,火,huǒ,HSK 4,名词,1,物体燃烧时发出的光和热；火焰（名）,آتش؛ شعله؛ نور و گرمایی که هنگام سوختن چیزی ایجاد می‌شود (اسم),名,اسم,点火（diǎn huǒ）|灭火（miè huǒ）|大火（dàhuǒ）|火很大（huǒ hěn dà）,厨房里着火了。,Chúfáng li zháohuǒ le.,آشپزخانه آتش گرفته است.,
309,火,huǒ,HSK 4,形容词,2,受欢迎、流行；也可指生意兴旺（形）,پرطرفدار؛ داغ؛ محبوب و رایج؛ همچنین دربارهٔ کسب‌وکاری که رونق زیادی دارد (صفت),形,صفت,很火（hěn huǒ）|火起来（huǒ qǐlái）|这首歌很火（zhè shǒu gē hěn huǒ）|生意很火（shēngyi hěn huǒ）,这首歌最近很火。,Zhè shǒu gē zuìjìn hěn huǒ.,این آهنگ اخیراً خیلی محبوب شده است.,
309,火,huǒ,HSK 4,名词,3,怒气、脾气；生气的情绪，口语用法（名）,عصبانیت؛ خشم؛ حالت عصبانی شدن (بیشتر در گفتار روزمره) (اسم),名,اسم,发火（fāhuǒ）|火气大（huǒqì dà）|一肚子火（yí dùzi huǒ）|冒火（mào huǒ）,他听了这句话就发火了。,Tā tīng le zhè jù huà jiù fāhuǒ le.,او با شنیدن این حرف عصبانی شد.,
309,火,huǒ,HSK 4,名词,4,（中医）指体内热气过盛引起的不适症状，如口腔溃疡、喉咙痛等（名）,(اصطلاح طب سنتی چین) داغی بدن؛ حالتی که بر اثر افزایش گرمای درونی بدن ایجاد می‌شود و باعث علائمی مثل زخم دهان یا گلودرد می‌شود (اسم),名,اسم,上火（shànghuǒ）|降火（jiànghuǒ）|败火（bàihuǒ）|容易上火（róngyì shànghuǒ）,我最近老上火，嘴里都长泡了。,"Wǒ zuìjìn lǎo shànghuǒ, zuǐ li dōu zhǎng pào le.",اخیراً بدنم مدام «داغ» می‌کند (طبق طب سنتی چین) و دهانم تاول زده است.,این مفهومی از طب سنتی چین است و معادل دقیق پزشکی مدرن ندارد؛ به گرما و التهاب درونی بدن اشاره دارد، نه عصبانیت.
309,火,huǒ,HSK 4,名词,5,枪炮的发射；战争或冲突中的射击（名）,شلیک؛ آتش (نظامی)؛ تیراندازی با اسلحه یا توپخانه در جنگ یا درگیری (اسم),名,اسم,开火（kāihuǒ）|停火（tínghuǒ）|炮火（pàohuǒ）|交火（jiāohuǒ）,双方在边境交火了。,Shuāngfāng zài biānjìng jiāohuǒ le.,دو طرف در مرز با هم درگیر شلیک شدند.,
310,获得,huòdé,HSK 4,动词,1,得到、取得某种东西、机会、成绩、荣誉或信息，较书面（动）,به دست آوردن؛ کسب کردن؛ دریافت کردنِ چیزی مثل فرصت، نتیجه، افتخار، جایزه یا اطلاعات، رسمی‌تر از «得到» (فعل),动,فعل,获得机会（huòdé jīhuì）|获得成功（huòdé chénggōng）|获得奖项（huòdé jiǎngxiàng）|获得信息（huòdé xìnxī）,他获得了这次比赛的第一名。,Tā huòdé le zhè cì bǐsài de dì yī míng.,او در این مسابقه مقام اول را به دست آورد.,
311,活动,huódòng,HSK 4,名词,1,为某种目的组织或进行的集体行动、项目或事件（名）,فعالیت؛ برنامه؛ رویداد یا اقدام گروهی که برای هدفی خاص برگزار یا انجام می‌شود (اسم),名,اسم,参加活动（cānjiā huódòng）|组织活动（zǔzhī huódòng）|课外活动（kèwài huódòng）|文化活动（wénhuà huódòng）,学校明天有一个文化活动。,Xuéxiào míngtiān yǒu yí ge wénhuà huódòng.,مدرسه فردا یک برنامهٔ فرهنگی دارد.,
311,活动,huódòng,HSK 4,动词,2,运动身体或使身体某部分动一动（动）,حرکت دادن؛ تکان دادن؛ بدن یا بخشی از بدن را برای نرم شدن یا ورزش حرکت دادن (فعل),动,فعل,活动身体（huódòng shēntǐ）|活动一下（huódòng yí xià）|活动手脚（huódòng shǒujiǎo）|出去活动活动（chūqù huódòng huódong）,坐久了，起来活动一下吧。,"Zuò jiǔ le, qǐlái huódòng yí xià ba.",زیاد نشسته‌ای، بلند شو کمی بدنت را حرکت بده.,
311,活动,huódòng,HSK 4,形容词,3,可移动的、不固定的（形）,قابل‌حرکت؛ متحرک؛ ثابت نبودن؛ چیزی که جای مشخص و ثابتی ندارد (صفت),形,صفت,活动房屋（huódòng fángwū）|活动桌椅（huódòng zhuōyǐ）|活动的零件（huódòng de língjiàn）,这张桌子的腿是活动的，可以折叠。,"Zhè zhāng zhuōzi de tuǐ shì huódòng de, kěyǐ zhédié.",پایه‌های این میز متحرک است و می‌شود آن‌ها را تا کرد.,
311,活动,huódòng,HSK 4,动词,4,（口语）通过请客、送礼、拉关系等方式办事、疏通（动）,(محاوره‌ای) با روابط، هدیه یا لابی‌گری کاری را جوردادن؛ از راه رابطه‌بازی کاری را پیش بردن (فعل),动,فعل,到处活动（dàochù huódòng）|找人活动（zhǎo rén huódòng）|活动关系（huódòng guānxi）,他到处活动，想把儿子调到好单位。,"Tā dàochù huódòng, xiǎng bǎ érzi diào dào hǎo dānwèi.",او همه‌جا رابطه‌بازی می‌کند تا پسرش را به یک ادارهٔ خوب منتقل کند.,کاربرد محاوره‌ای است و گاهی بار معنایی منفی دارد (نشان‌دهندهٔ رابطه‌بازی یا رشوه).
312,获奖,huòjiǎng,HSK 4,动词,1,在比赛、评选或活动中得到奖项（动）,جایزه گرفتن؛ برندهٔ جایزه شدن؛ در مسابقه، انتخاب یا برنامه‌ای جایزه به دست آوردن (فعل),动,فعل,获奖作品（huòjiǎng zuòpǐn）|获奖者（huòjiǎngzhě）|获得大奖（huòdé dàjiǎng）|多次获奖（duō cì huòjiǎng）,这部电影在国际电影节上获奖了。,Zhè bù diànyǐng zài guójì diànyǐngjié shang huòjiǎng le.,این فیلم در جشنوارهٔ بین‌المللی فیلم جایزه گرفت.,
313,活泼,huópo,HSK 4,形容词,1,性格开朗、爱动、充满生气；也可指气氛、形式等生动不呆板（形）,سرزنده؛ پرجنب‌وجوش؛ شاد و اجتماعی؛ همچنین زنده و پویا، نه خشک و بی‌روح، دربارهٔ فضا، سبک یا شکل بیان (صفت),形,صفت,活泼可爱（huópo kě’ài）|性格活泼（xìnggé huópo）|气氛活泼（qìfēn huópo）|活泼的孩子（huópo de háizi）,她是一个活泼可爱的孩子。,Tā shì yí ge huópo kě’ài de háizi.,او بچه‌ای سرزنده و دوست‌داشتنی است.,
313,活泼,huópo,HSK 4,形容词,2,（化学）指元素或物质容易发生化学反应（形）,(اصطلاح شیمی) واکنش‌پذیر؛ دربارهٔ عنصر یا ماده‌ای که به‌راحتی وارد واکنش شیمیایی می‌شود (صفت),形,صفت,化学性质活泼（huàxué xìngzhì huópo）|活泼金属（huópo jīnshǔ）,钠是一种化学性质很活泼的金属。,Nà shì yì zhǒng huàxué xìngzhì hěn huópo de jīnshǔ.,سدیم فلزی است که از نظر خواص شیمیایی بسیار واکنش‌پذیر است.,این کاربرد تخصصیِ حوزهٔ شیمی است.
314,获取,huòqǔ,HSK 4,动词,1,取得、得到信息、知识、资源、机会等，较书面（动）,به دست آوردن؛ کسب کردن؛ دریافت کردنِ اطلاعات، دانش، منابع، فرصت و مانند آن، رسمی‌تر از «得到» (فعل),动,فعل,获取信息（huòqǔ xìnxī）|获取知识（huòqǔ zhīshi）|获取资源（huòqǔ zīyuán）|获取机会（huòqǔ jīhuì）,我们可以通过互联网获取信息。,Wǒmen kěyǐ tōngguò hùliánwǎng huòqǔ xìnxī.,ما می‌توانیم از طریق اینترنت اطلاعات به دست بیاوریم.,
315,忽然,hūrán,HSK 4,副词,1,事情发生得很快、很突然；突然（副）,ناگهان؛ یک‌دفعه؛ وقتی اتفاقی سریع و غیرمنتظره رخ می‌دهد (قید),副,قید,忽然下雨（hūrán xià yǔ）|忽然想起（hūrán xiǎngqǐ）|忽然停下来（hūrán tíng xiàlái）|忽然笑了（hūrán xiào le）,他忽然想起了一件事。,Tā hūrán xiǎngqǐ le yí jiàn shì.,او ناگهان چیزی را به یاد آورد.,
316,护士,hùshi,HSK 4,名词,1,在医院、诊所等照顾病人并协助医生工作的医护人员（名）,پرستار؛ فردی در بیمارستان، درمانگاه و مانند آن که از بیمار مراقبت می‌کند و به پزشک کمک می‌کند (اسم),名,اسم,一名护士（yì míng hùshi）|护士站（hùshi zhàn）|男护士（nán hùshi）|当护士（dāng hùshi）,她在医院当护士。,Tā zài yīyuàn dāng hùshi.,او در بیمارستان پرستار است.,
317,互相,hùxiāng,HSK 4,副词,1,表示双方或多方彼此对待、影响或做同样的事（副）,متقابلاً؛ به همدیگر؛ یکدیگر را؛ برای نشان دادن کاری که دو یا چند طرف نسبت به هم انجام می‌دهند یا بر هم اثر می‌گذارند (قید),副,قید,互相帮助（hùxiāng bāngzhù）|互相学习（hùxiāng xuéxí）|互相理解（hùxiāng lǐjiě）|互相支持（hùxiāng zhīchí）,同学之间应该互相帮助。,Tóngxué zhījiān yīnggāi hùxiāng bāngzhù.,هم‌کلاسی‌ها باید به همدیگر کمک کنند.,
318,既,jì,HSK 4,副词、连词,1,用于“既……又/也……”结构，表示两种情况同时存在（副/连）,هم... هم...؛ در ساختار «既……又/也……» برای نشان دادن اینکه دو ویژگی یا وضعیت هم‌زمان وجود دارند (قید/حرف ربط),副/连,قید/حرف ربط,既漂亮又聪明（jì piàoliang yòu cōngming）|既便宜又好吃（jì piányi yòu hǎochī）|既紧张也兴奋（jì jǐnzhāng yě xīngfèn）|既不……也不……（jì bù... yě bù...）,这家饭店既便宜又好吃。,Zhè jiā fàndiàn jì piányi yòu hǎochī.,این رستوران هم ارزان است و هم غذاهایش خوشمزه است.,
318,既,jì,HSK 4,语素,2,已经、过去；多用于固定表达或书面词语中（语素）,قبلاً؛ پیش‌تر؛ انجام‌شده یا مربوط به گذشته، بیشتر در عبارت‌های ثابت یا واژه‌های نوشتاری (تکواژ),语素,تکواژ,既成事实（jìchéng shìshí）|既往不咎（jìwǎng bú jiù）|一如既往（yìrú jìwǎng）,这已经是既成事实，无法改变了。,"Zhè yǐjīng shì jìchéng shìshí, wúfǎ gǎibiàn le.",این دیگر یک واقعیت انجام‌شده است و قابل تغییر نیست.,“既然”是独立连词，意思是“既然如此/既然已经”，建议另列词条。
319,寄,jì,HSK 4,动词,1,通过邮局、快递或别人把信件、包裹、物品等送到某处或某人手中（动）,فرستادن؛ پست کردن؛ از راه پست، پیک یا شخصی، نامه، بسته یا چیزی را به جایی یا کسی رساندن (فعل),动,فعل,寄信（jì xìn）|寄包裹（jì bāoguǒ）|寄快递（jì kuàidì）|寄给朋友（jì gěi péngyou）,我给妈妈寄了一封信。,Wǒ gěi māma jì le yì fēng xìn.,من برای مادرم یک نامه فرستادم.,معنی‌های مربوط به «سپردن/واگذار کردن/وابسته بودن» بیشتر در واژه‌های مستقل مثل“寄托、寄存、寄养、寄宿、寄生、寄居”می‌آیند و بهتر است جداگانه بررسی شوند.
320,假,jiǎ,HSK 4,形容词,1,不真实、不是原来的；假的（形）,جعلی؛ تقلبی؛ دروغین؛ واقعی یا اصل نبودن (صفت),形,صفت,假钱（jiǎ qián）|假名字（jiǎ míngzi）|假消息（jiǎ xiāoxi）|真的假的（zhēn de jiǎ de）,这张票是假的。,Zhè zhāng piào shì jiǎ de.,این بلیت تقلبی است.,
320,假,jià,HSK 4,名词,2,按照规定或请求暂时不工作、不上课的时间（名）,مرخصی؛ تعطیلی؛ زمانی که طبق مقررات یا درخواست، موقتاً کار یا کلاس انجام نمی‌شود (اسم),名,اسم,请假（qǐng jià）|放假（fàng jià）|休假（xiūjià）|病假（bìngjià）,我明天想请一天假。,Wǒ míngtiān xiǎng qǐng yì tiān jià.,من فردا می‌خواهم یک روز مرخصی بگیرم.,
321,加班,jiābān,HSK 4,动词,1,在规定工作时间以外继续工作（动）,اضافه‌کاری کردن؛ بیرون از ساعت کاری مقرر به کار ادامه دادن (فعل),动,فعل,晚上加班（wǎnshang jiābān）|周末加班（zhōumò jiābān）|加班到很晚（jiābān dào hěn wǎn）|经常加班（jīngcháng jiābān）,他今天晚上要加班。,Tā jīntiān wǎnshang yào jiābān.,او امشب باید اضافه‌کاری کند.,
322,价格,jiàgé,HSK 4,名词,1,商品或服务用钱表示的价值；价钱（名）,قیمت؛ بهای کالا یا خدمات که با پول بیان می‌شود (اسم),名,اسم,价格很高（jiàgé hěn gāo）|价格便宜（jiàgé piányi）|提高价格（tígāo jiàgé）|降低价格（jiàngdī jiàgé）,这个产品的价格不高。,Zhè ge chǎnpǐn de jiàgé bù gāo.,قیمت این محصول بالا نیست.,
323,家具,jiājù,HSK 4,名词,1,房间里供人生活、工作使用的器具，如桌子、椅子、床、柜子等（名）,مبلمان؛ اثاثیه؛ وسایل خانه یا اتاق برای زندگی و کار، مثل میز، صندلی، تخت و کمد (اسم),名,اسم,买家具（mǎi jiājù）|搬家具（bān jiājù）|一套家具（yí tào jiājù）|旧家具（jiù jiājù）,我们买了一套新家具。,Wǒmen mǎi le yí tào xīn jiājù.,ما یک دست مبلمان/اثاثیهٔ جدید خریدیم.,
324,加快,jiākuài,HSK 4,动词,1,使速度变快；加速进行（动）,سرعت بخشیدن؛ تندتر کردن؛ باعث شدن سرعت انجام یا پیشرفت چیزی بیشتر شود (فعل),动,فعل,加快速度（jiākuài sùdù）|加快发展（jiākuài fāzhǎn）|加快进度（jiākuài jìndù）|加快建设（jiākuài jiànshè）,我们要加快工作进度。,Wǒmen yào jiākuài gōngzuò jìndù.,ما باید سرعت پیشرفت کار را بیشتر کنیم.,
325,减,jiǎn,HSK 4,动词,1,使数量、程度、重量、费用等变少或降低（动）,کم کردن؛ کاهش دادن؛ کاستن از مقدار، درجه، وزن، هزینه و مانند آن (فعل),动,فعل,减肥（jiǎnféi）|减价（jiǎn jià）|减少压力（jiǎnshǎo yālì）|减轻负担（jiǎnqīng fùdān）,医生建议他少吃甜食来减肥。,Yīshēng jiànyì tā shǎo chī tiánshí lái jiǎnféi.,دکتر به او توصیه کرد برای کم کردن وزن، شیرینی کمتر بخورد.,
325,减,jiǎn,HSK 4,动词,2,数学中从一个数中去掉另一个数，做减法（动）,تفریق کردن؛ منهای کردن؛ در ریاضی عددی را از عدد دیگر کم کردن (فعل),动,فعل,三减一（sān jiǎn yī）|十减四（shí jiǎn sì）|减去二（jiǎnqù èr）|减法（jiǎnfǎ）,三减一等于二。,Sān jiǎn yī děngyú èr.,سه منهای یک برابر با دو است.,
326,降,jiàng,HSK 4,动词,1,从高处往下；数量、程度、温度、价格等变低（动）,پایین آمدن؛ کاهش یافتن؛ از بالا به پایین آمدن یا کمتر شدن مقدار، درجه، دما، قیمت و مانند آن (فعل),动,فعل,气温降了（qìwēn jiàng le）|价格降了（jiàgé jiàng le）|降到最低（jiàng dào zuìdī）|往下降（wǎng xià jiàng）,今天气温降了很多。,Jīntiān qìwēn jiàng le hěn duō.,امروز دما خیلی پایین آمده است.,
326,降,xiáng,HSK 4,动词,2,投降、屈服；单字用法不太口语，常见于书面语、固定表达或成语（动）,تسلیم شدن؛ سر فرود آوردن؛ تن به شکست یا اطاعت دادن؛ کاربرد تک‌کاراکتری آن خیلی روزمره نیست و بیشتر در نوشتار، عبارت‌های ثابت یا اصطلاحات دیده می‌شود (فعل),动,فعل,不降（bù xiáng）|宁死不降（nìng sǐ bù xiáng）|降与不降（xiáng yǔ bù xiáng）,他宁死不降。,Tā nìng sǐ bù xiáng.,او ترجیح داد بمیرد اما تسلیم نشود.,投降،降服等 بهتر است مدخل جداگانه داشته باشند.
327,奖,jiǎng,HSK 4,名词、动词,1,因成绩、贡献或表现好而得到的奖品、奖金、荣誉等（名）,جایزه؛ پاداش؛ نشان یا افتخاری که به‌خاطر نتیجه، تلاش یا عملکرد خوب داده می‌شود (اسم),名,اسم,得奖（dé jiǎng）|领奖（lǐng jiǎng）|一等奖（yī děng jiǎng）|奖金（jiǎngjīn）,他在比赛中得了一等奖。,Tā zài bǐsài zhōng dé le yī děng jiǎng.,او در مسابقه جایزهٔ اول را گرفت.,
327,奖,jiǎng,HSK 4,名词、动词,2,给予奖励、奖品或奖金（动）,جایزه دادن؛ پاداش دادن؛ به‌عنوان تشویق چیزی دادن (فعل),动,فعل,奖给学生（jiǎng gěi xuéshēng）|奖了他一千块钱（jiǎng le tā yì qiān kuài qián）|奖优罚劣（jiǎng yōu fá liè）,学校奖给她一本书。,Xuéxiào jiǎng gěi tā yì běn shū.,مدرسه به او یک کتاب جایزه داد.,
328,江,jiāng,HSK 4,名词,1,较大的河；也常特指长江（名）,رود بزرگ؛ رودخانهٔ بزرگ؛ همچنین گاهی به‌طور خاص به رود یانگ‌تسه اشاره می‌کند (اسم),名,اسم,长江（Cháng Jiāng）|江水（jiāngshuǐ）|江边（jiāngbiān）|过江（guò jiāng）,长江是中国最长的河流。,Cháng Jiāng shì Zhōngguó zuì cháng de héliú.,رود یانگ‌تسه طولانی‌ترین رودخانهٔ چین است.,
329,将,jiāng,HSK 4,副,1,表示将来要发生，相当于“将要”，多用于书面语或正式表达,قرار است؛ در آینده خواهد (قید، رسمی),副,قید، رسمی,将发生变化 (jiāng fāshēng biànhuà) | 将持续三天 (jiāng chíxù sān tiān) | 将不再使用 (jiāng bù zài shǐyòng) | 将成为 (jiāng chéngwéi),会议将于明天开始。,Huìyì jiāng yú míngtiān kāishǐ.,جلسه قرار است فردا شروع شود.,
329,将,jiāng,HSK 4,介,2,相当于“把”，引出动作的对象，多用于书面语或正式表达,«را»؛ معادل رسمی‌ترِ «把» (حرف اضافه),介,حرف اضافه,将文件发给我 (jiāng wénjiàn fā gěi wǒ) | 将问题解决 (jiāng wèntí jiějué) | 将门关上 (jiāng mén guānshang) | 将计划提前 (jiāng jìhuà tíqián),请将文件发给我。,Qǐng jiāng wénjiàn fā gěi wǒ.,لطفاً فایل را برای من بفرستید.,
329,将,jiāng,HSK 4,动,3,拿、用，多见于成语或较书面的固定表达（及物动）,به‌کار گرفتن؛ با چیزی رفتار کردن (فعل گذرا، رسمی),及物动,فعل گذرا، رسمی,将功补过 (jiāng gōng bǔ guò) | 将计就计 (jiāng jì jiù jì) | 将错就错 (jiāng cuò jiù cuò) | 将心比心 (jiāng xīn bǐ xīn),他想将功补过。,Tā xiǎng jiāng gōng bǔ guò.,او می‌خواهد با انجام کار خوب خطایش را جبران کند.,
329,将,jiāng,HSK 4,副,4,表示快要、接近（多与“近”等连用，或用于书面表达）,کم‌کم؛ در آستانهٔ؛ نزدیکِ (قید، رسمی),多与“近”等连用，或用于书面表达,قید، رسمی,将近 (jiāngjìn) | 年将老矣 (nián jiāng lǎo yǐ) | 将及 (jiāngjí),他们走了将近十公里。,Tāmen zǒu le jiāngjìn shí gōnglǐ.,آن‌ها نزدیک به ده کیلومتر راه رفتند.,
329,将,jiàng,HSK 4,名,5,军队中的高级指挥人员；也指中国象棋中的“将”,فرمانده؛ ژنرال؛ شاه در شطرنج چینی (اسم),名,اسم,一员大将 (yì yuán dàjiàng) | 年轻的将领 (niánqīng de jiànglǐng) | 象棋里的将 (xiàngqí li de jiàng) | 名将 (míngjiàng),他曾是军中的一员大将。,Tā céng shì jūn zhōng de yì yuán dàjiàng.,او زمانی یکی از فرماندهان مهم ارتش بود.,
329,将,jiàng,HSK 4,动,6,率领、指挥军队，多用于古代或历史语境（及物动）,فرماندهی کردن؛ رهبری نظامی کردن (فعل گذرا، تاریخی/ادبی),及物动,فعل گذرا، تاریخی/ادبی,将兵 (jiàng bīng) | 将兵有方 (jiàng bīng yǒu fāng) | 善将兵 (shàn jiàng bīng) | 韩信将兵 (Hán Xìn jiàng bīng),韩信将兵，多多益善。,"Hán Xìn jiàng bīng, duōduō yìshàn.",هان شین در فرماندهی سربازان، هرچه تعداد بیشتر بود بهتر عمل می‌کرد.,
330,降低,jiàngdī,HSK 4,动词,1,使高度、数量、程度、标准、价格、温度等变低（动）,کاهش دادن؛ پایین آوردن؛ کمتر کردنِ ارتفاع، مقدار، درجه، استاندارد، قیمت، دما و مانند آن (فعل),动,فعل,降低价格（jiàngdī jiàgé）|降低成本（jiàngdī chéngběn）|降低风险（jiàngdī fēngxiǎn）|降低温度（jiàngdī wēndù）,公司正在想办法降低成本。,Gōngsī zhèngzài xiǎng bànfǎ jiàngdī chéngběn.,شرکت در حال پیدا کردن راهی برای کاهش هزینه‌هاست.,
331,降价,jiàngjià,HSK 4,动词,1,价格下降或把价格降低（动）,کاهش قیمت دادن؛ ارزان‌تر شدن؛ پایین آمدن یا پایین آوردن قیمت (فعل),动,فعل,商品降价（shāngpǐn jiàngjià）|房子降价（fángzi jiàngjià）|降价出售（jiàngjià chūshòu）|开始降价（kāishǐ jiàngjià）,这件衣服已经降价了。,Zhè jiàn yīfu yǐjīng jiàngjià le.,این لباس ارزان‌تر شده / قیمتش پایین آمده است.,
332,奖金,jiǎngjīn,HSK 4,名词,1,作为奖励发给个人或集体的钱（名）,پاداش نقدی؛ جایزهٔ پولی؛ پولی که به‌عنوان جایزه یا تشویق به فرد یا گروه داده می‌شود (اسم),名,اسم,发奖金（fā jiǎngjīn）|获得奖金（huòdé jiǎngjīn）|一笔奖金（yì bǐ jiǎngjīn）|奖金很多（jiǎngjīn hěn duō）,他获得了一笔奖金。,Tā huòdé le yì bǐ jiǎngjīn.,او یک مبلغ پاداش/جایزهٔ نقدی دریافت کرد.,
333,将来,jiānglái,HSK 4,名词,1,现在以后的时间（名）,آینده؛ زمان پس از حال حاضر (اسم),名,اسم,将来的计划（jiānglái de jìhuà）|展望将来（zhǎnwàng jiānglái）|不久的将来（bùjiǔ de jiānglái）,我将来想当医生。,Wǒ jiānglái xiǎng dāng yīshēng.,من در آینده می‌خواهم پزشک شوم.,
334,降落,jiàngluò,HSK 4,动词,1,（飞机、降落伞等）从空中落到地面（动）,فرود آمدن؛ نشستن (برای هواپیما یا وسایل پرنده) (فعل),动,فعل,飞机降落（fēijī jiàngluò）|安全降落（ānquán jiàngluò）|降落伞（jiàngluòsǎn）,飞机安全降落在机场。,Fēijī ānquán jiàngluò zài jīchǎng.,هواپیما با امنیت در فرودگاه فرود آمد.,
335,降温,jiàngwēn,HSK 4,动词,1,（天气）温度下降（动）,پایین آمدن دمای هوا؛ سرد شدن هوا (فعل),动,فعل,明天降温（míngtiān jiàngwēn）|全国降温（quánguó jiàngwēn）|降温天气（jiàngwēn tiānqì）,明天开始降温，大家注意保暖。,"Míngtiān kāishǐ jiàngwēn, dàjiā zhùyì bǎonuǎn.",از فردا هوا سرد می‌شود، همه مراقب گرم نگه داشتن خودشان باشند.,
335,降温,jiàngwēn,HSK 4,动词,2,比喻热度、关注度、情绪、关系、市场等减弱或变冷（动）,فروکش کردن؛ سرد شدن؛ کاهش یافتنِ شور، توجه، هیجان، رابطه یا رونق بازار به‌صورت استعاری (فعل),动,فعل,感情降温（gǎnqíng jiàngwēn）|关系降温（guānxì jiàngwēn）|市场降温（shìchǎng jiàngwēn）|热度降温（rèdù jiàngwēn）,两人的关系逐渐降温了。,Liǎng rén de guānxì zhújiàn jiàngwēn le.,رابطهٔ آن دو کم‌کم سرد شد.,
336,奖学金,jiǎngxuéjīn,HSK 4,名词,1,学校或机构发给优秀学生的钱（名）,بورس تحصیلی؛ کمک‌هزینهٔ تحصیلی که به دانشجویان ممتاز داده می‌شود (اسم),名,اسم,获得奖学金（huòdé jiǎngxuéjīn）|申请奖学金（shēnqǐng jiǎngxuéjīn）|全额奖学金（quán'é jiǎngxuéjīn）,她获得了全额奖学金。,Tā huòdéle quán'é jiǎngxuéjīn.,او بورس تحصیلی کامل گرفت.,
337,将要,jiāngyào,HSK 4,副词,1,表示动作或情况不久将要发生（副）,به‌زودی؛ قرار است (برای بیان وقوع نزدیک یک عمل یا وضعیت) (قید),副,قید,将要发生（jiāngyào fāshēng）|将要到来（jiāngyào dàolái）|将要举行（jiāngyào jǔxíng）,一场大雨将要来临。,Yì chǎng dàyǔ jiāngyào láilín.,یک باران شدید به‌زودی خواهد آمد.,
338,减轻,jiǎnqīng,HSK 4,动词,1,使重量、程度、负担等变小或变轻（动）,کم کردن؛ سبک کردن؛ تخفیف دادن (وزن، شدت یا بار) (فعل),动,فعل,减轻负担（jiǎnqīng fùdān）|减轻痛苦（jiǎnqīng tòngkǔ）|减轻压力（jiǎnqīng yālì）,这个方法能减轻疼痛。,Zhège fāngfǎ néng jiǎnqīng téngtòng.,این روش می‌تواند درد را کاهش دهد.,
339,减少,jiǎnshǎo,HSK 4,动词,1,数量上变少（动）,کم شدن؛ کاهش یافتن (از نظر تعداد یا مقدار) (فعل),动,فعل,减少数量（jiǎnshǎo shùliàng）|人口减少（rénkǒu jiǎnshǎo）|减少开支（jiǎnshǎo kāizhī）,公司决定减少开支。,Gōngsī juédìng jiǎnshǎo kāizhī.,شرکت تصمیم گرفت هزینه‌ها را کاهش دهد.,
340,健身,jiànshēn,HSK 4,动词,1,通过锻炼使身体强健（动）,ورزش کردن برای تقویت بدن؛ به باشگاه رفتن برای تناسب اندام (فعل),动,فعل,去健身（qù jiànshēn）|健身运动（jiànshēn yùndòng）|健身器材（jiànshēn qìcái）,他每天下班后去健身。,Tā měitiān xiàbān hòu qù jiànshēn.,او هر روز بعد از کار برای ورزش می‌رود.,
341,健身房,jiànshēnfáng,HSK 4,名词,1,供人锻炼身体的场所（名）,باشگاه ورزشی؛ سالن بدنسازی (اسم),名,اسم,去健身房（qù jiànshēnfáng）|健身房锻炼（jiànshēnfáng duànliàn）|办健身房卡（bàn jiànshēnfáng kǎ）,我每周去三次健身房。,Wǒ měi zhōu qù sān cì jiànshēnfáng.,من هر هفته سه بار به باشگاه می‌روم.,
342,建议,jiànyì,HSK 4,动词,1,提出意见或办法（动）,پیشنهاد دادن؛ توصیه کردن (فعل),动,فعل,建议大家（jiànyì dàjiā）|我建议（wǒ jiànyì）|建议你（jiànyì nǐ）,我建议你多喝水。,Wǒ jiànyì nǐ duō hē shuǐ.,پیشنهاد می‌کنم آب بیشتری بنوشی.,
342,建议,jiànyì,HSK 4,名词,2,提出的意见或办法（名）,پیشنهاد؛ توصیه (نظر یا راه‌حلی که ارائه می‌شود) (اسم),名,اسم,提出建议（tíchū jiànyì）|接受建议（jiēshòu jiànyì）|好的建议（hǎo de jiànyì）,谢谢你的建议。,Xièxie nǐ de jiànyì.,از پیشنهادت متشکرم.,
343,交,jiāo,HSK 4,动,1,把东西、任务、材料等给别人或交到指定地方（及物动）,تحویل دادن؛ سپردن (فعل گذرا),及物动,فعل گذرا,交作业 (jiāo zuòyè) | 交材料 (jiāo cáiliào) | 交给老师 (jiāo gěi lǎoshī) | 按时交 (ànshí jiāo),请明天把作业交给老师。,Qǐng míngtiān bǎ zuòyè jiāo gěi lǎoshī.,لطفاً فردا تکلیف را به معلم تحویل بده.,
343,交,jiāo,HSK 4,动,2,支付钱、费用、税等（及物动）,پرداخت کردن؛ دادنِ پول یا هزینه (فعل گذرا),及物动,فعل گذرا,交钱 (jiāo qián) | 交学费 (jiāo xuéfèi) | 交税 (jiāo shuì) | 交房租 (jiāo fángzū),我还没交这个月的房租。,Wǒ hái méi jiāo zhège yuè de fángzū.,من هنوز اجارهٔ این ماه را پرداخت نکرده‌ام.,
343,交,jiāo,HSK 4,动,3,结交朋友或建立人际关系；和人来往（及物/不及物动）,دوست پیدا کردن؛ رابطه برقرار کردن؛ معاشرت کردن (فعل),及物/不及物动,فعل,交朋友 (jiāo péngyou) | 交新朋友 (jiāo xīn péngyou) | 交了很多朋友 (jiāo le hěn duō péngyou) | 不太会交朋友 (bù tài huì jiāo péngyou),他在学校交了很多朋友。,Tā zài xuéxiào jiāo le hěn duō péngyou.,او در مدرسه دوستان زیادی پیدا کرد.,
343,交,jiāo,HSK 4,动,4,把事情、任务、责任等交给别人处理、负责或保管（及物动）,واگذار کردن؛ سپردن به عهدهٔ کسی (فعل گذرا),及物动,فعل گذرا,交给他处理 (jiāo gěi tā chǔlǐ) | 交给你负责 (jiāo gěi nǐ fùzé) | 交给公司保管 (jiāo gěi gōngsī bǎoguǎn) | 把任务交给我 (bǎ rènwu jiāo gěi wǒ),这件事就交给你负责。,Zhè jiàn shì jiù jiāo gěi nǐ fùzé.,این کار را به تو می‌سپاریم.,
344,骄傲,jiāo’ào,HSK 4,形容词,1,自以为了不起，看不起别人（形）,مغرور؛ خودپسند؛ کسی که خودش را خیلی برتر می‌داند و دیگران را دست‌کم می‌گیرد (صفت),形,صفت,太骄傲（tài jiāo’ào）|变得骄傲（biàn de jiāo’ào）|骄傲自满（jiāo’ào zìmǎn）|骄傲的人（jiāo’ào de rén）,他有点儿骄傲，不太听别人的意见。,"Tā yǒudiǎnr jiāo’ào, bú tài tīng biérén de yìjiàn.",او کمی مغرور است و خیلی به نظر دیگران گوش نمی‌دهد.,
344,骄傲,jiāo’ào,HSK 4,形容词、名词,2,因为自己或相关的人、事物优秀而感到自豪；也指这种自豪感（形/名）,افتخار کردن؛ احساس افتخار؛ سربلند بودن؛ احساس غرور مثبت به‌خاطر خود، کسی یا چیزی ارزشمند (صفت/اسم),形/名,صفت/اسم,感到骄傲（gǎndào jiāo’ào）|为他骄傲（wèi tā jiāo’ào）|值得骄傲（zhíde jiāo’ào）|民族的骄傲（mínzú de jiāo’ào）,我为你感到骄傲。,Wǒ wèi nǐ gǎndào jiāo’ào.,من به تو افتخار می‌کنم.,
345,交警,jiāojǐng,HSK 4,名词,1,负责道路交通管理、指挥和处理交通事故的警察（名）,پلیس راهنمایی‌ورانندگی؛ پلیسی که مسئول مدیریت ترافیک، هدایت عبورومرور و رسیدگی به تصادف‌هاست (اسم),名,اسم,一名交警（yì míng jiāojǐng）|交警指挥交通（jiāojǐng zhǐhuī jiāotōng）|交警队（jiāojǐngduì）|找交警（zhǎo jiāojǐng）,交警正在路口指挥交通。,Jiāojǐng zhèngzài lùkǒu zhǐhuī jiāotōng.,پلیس راهنمایی‌ورانندگی در چهارراه دارد ترافیک را هدایت می‌کند.,
346,教练,jiàoliàn,HSK 4,名词,1,训练运动员、学员或驾驶学习者的人（名）,مربی؛ آموزش‌دهنده؛ کسی که ورزشکار، هنرجو یا فرد در حال یادگیری رانندگی را تمرین و آموزش می‌دهد (اسم),名,اسم,足球教练（zúqiú jiàoliàn）|健身教练（jiànshēn jiàoliàn）|驾驶教练（jiàshǐ jiàoliàn）|一名教练（yì míng jiàoliàn）,他是一名篮球教练。,Tā shì yì míng lánqiú jiàoliàn.,او مربی بسکتبال است.,
346,教练,jiàoliàn,HSK 4,动词,2,训练、指导运动员或学员（动）,مربی‌گری کردن؛ آموزش و تمرین دادن؛ ورزشکار یا هنرجویی را راهنمایی و تمرین دادن (فعل),动,فعل,教练队员（jiàoliàn duìyuán）|教练学生（jiàoliàn xuésheng）,他以前教练过很多年轻队员。,Tā yǐqián jiàoliàn guo hěn duō niánqīng duìyuán.,او قبلاً بازیکنان جوان زیادی را مربی‌گری کرده است.,
347,交流,jiāoliú,HSK 4,动词,1,彼此交换思想、经验、信息、感情等（动）,تبادل کردن؛ ارتباط برقرار کردن؛ فکر، تجربه، اطلاعات یا احساسات را با هم ردوبدل کردن (فعل),动,فعل,交流经验（jiāoliú jīngyàn）|交流想法（jiāoliú xiǎngfǎ）|互相交流（hùxiāng jiāoliú）|交流学习（jiāoliú xuéxí）,我们可以交流一下学习经验。,Wǒmen kěyǐ jiāoliú yí xià xuéxí jīngyàn.,می‌توانیم کمی تجربه‌های یادگیری‌مان را با هم تبادل کنیم.,
347,交流,jiāoliú,HSK 4,名词,2,思想、信息、文化、经验等方面的互相沟通和交换（名）,تبادل؛ ارتباط؛ دادوستد فکری، اطلاعاتی، فرهنگی یا تجربی میان افراد یا گروه‌ها (اسم),名,اسم,文化交流（wénhuà jiāoliú）|学术交流（xuéshù jiāoliú）|交流活动（jiāoliú huódòng）|加强交流（jiāqiáng jiāoliú）,这次活动促进了两国文化交流。,Zhè cì huódòng cùjìn le liǎng guó wénhuà jiāoliú.,این برنامه تبادل فرهنگی میان دو کشور را تقویت کرد.,
347,交流,jiāoliú,HSK 4,名词、语素,3,"（电学）方向和大小随时间周期性变化的电流，与""直流""相对（名/语素）",(اصطلاح برق) جریان متناوب؛ نوعی جریان الکتریکی که جهت و اندازه‌اش به‌طور دوره‌ای تغییر می‌کند، در مقابل «جریان مستقیم» (اسم/تکواژ),名/语素,اسم/تکواژ,交流电（jiāoliúdiàn）|交流电源（jiāoliú diànyuán）|交流马达（jiāoliú mǎdá）,家里用的电大部分是交流电。,Jiā li yòng de diàn dàbùfen shì jiāoliúdiàn.,بیشتر برقی که در خانه استفاده می‌شود، جریان متناوب است.,این کاربرد تخصصیِ حوزهٔ برق و الکترونیک است.
348,郊区,jiāoqū,HSK 4,名词,1,城市周围、离市中心较远的地区（名）,حومهٔ شهر؛ منطقهٔ اطراف شهر که از مرکز شهر دورتر است (اسم),名,اسم,住在郊区（zhù zài jiāoqū）|城市郊区（chéngshì jiāoqū）|郊区生活（jiāoqū shēnghuó）|去郊区（qù jiāoqū）,他们住在城市郊区。,Tāmen zhù zài chéngshì jiāoqū.,آن‌ها در حومهٔ شهر زندگی می‌کنند.,
349,教师,jiàoshī,HSK 4,名词,1,以教书育人为职业的人；老师，较正式（名）,معلم؛ آموزگار؛ کسی که شغلش آموزش دادن و پرورش دانش‌آموزان یا دانشجویان است، رسمی‌تر از «老师» (اسم),名,اسم,中学教师（zhōngxué jiàoshī）|大学教师（dàxué jiàoshī）|语文教师（yǔwén jiàoshī）|一名教师（yì míng jiàoshī）,她是一名小学教师。,Tā shì yì míng xiǎoxué jiàoshī.,او معلم دبستان است.,
350,教授,jiàoshòu,HSK 4,名词,1,大学或研究机构中的高级教师和学者（名）,استاد دانشگاه؛ استاد؛ عضو علمی ارشد در دانشگاه یا مؤسسهٔ پژوهشی (اسم),名,اسم,大学教授（dàxué jiàoshòu）|中文教授（Zhōngwén jiàoshòu）|一位教授（yí wèi jiàoshòu）|教授讲课（jiàoshòu jiǎngkè）,他是北京大学的教授。,Tā shì Běijīng Dàxué de jiàoshòu.,او استاد دانشگاه پکن است.,
350,教授,jiàoshòu,HSK 4,动词,2,讲授、传授知识或技能，较正式（动）,تدریس کردن؛ آموزش دادن؛ دانش یا مهارتی را به دیگران منتقل کردن، رسمی‌تر از «教» (فعل),动,فعل,教授中文（jiàoshòu Zhōngwén）|教授课程（jiàoshòu kèchéng）|教授知识（jiàoshòu zhīshi）|教授历史（jiàoshòu lìshǐ）,这位老师教授中国历史。,Zhè wèi lǎoshī jiàoshòu Zhōngguó lìshǐ.,این معلم تاریخ چین تدریس می‌کند.,
351,交通,jiāotōng,HSK 4,名词,1,人和车辆在道路、铁路、水路、空中等的往来通行；也指交通运输系统（名）,ترافیک؛ رفت‌وآمد؛ حمل‌ونقل؛ حرکت افراد و وسایل نقلیه در راه‌ها، راه‌آهن، آب یا هوا (اسم),名,اسم,交通方便（jiāotōng fāngbiàn）|交通安全（jiāotōng ānquán）|交通工具（jiāotōng gōngjù）|交通事故（jiāotōng shìgù）,这里的交通很方便。,Zhèli de jiāotōng hěn fāngbiàn.,رفت‌وآمد/حمل‌ونقل اینجا خیلی راحت است.,
352,教学,jiàoxué,HSK 4,名词、动词,1,教师教和学生学的活动；也指进行教学工作（名/动）,آموزش و تدریس؛ فرایند درس دادن و یادگیری؛ همچنین انجام کار آموزشی (اسم/فعل),名/动,اسم/فعل,教学方法（jiàoxué fāngfǎ）|教学经验（jiàoxué jīngyàn）|课堂教学（kètáng jiàoxué）|教学质量（jiàoxué zhìliàng）,他有丰富的教学经验。,Tā yǒu fēngfù de jiàoxué jīngyàn.,او تجربهٔ آموزشی/تدریس زیادی دارد.,
353,教育,jiàoyù,HSK 4,动、名,1,培养、教导人，使人获得知识、能力、品德，或通过提醒、批评等使人认识错误（动）,آموزش دادن؛ تربیت کردن؛ پرورش دادنِ دانش، توانایی یا اخلاق کسی؛ با تذکر یا انتقاد کسی را متوجه اشتباهش کردن (فعل),动,فعل,教育孩子 (jiàoyù háizi) | 教育学生 (jiàoyù xuésheng) | 批评教育 (pīpíng jiàoyù) | 教育了我们 (jiàoyù le wǒmen),这件事教育了我们。,Zhè jiàn shì jiàoyù le wǒmen.,این اتفاق به ما درس داد و ما را آگاه کرد.,作动词时可指知识、品德、行为方面的培养；“درس عبرت دادن”更常用“教训”，如“给了他一个教训”。
353,教育,jiàoyù,HSK 4,动、名,2,培养人的社会活动、制度或过程；使人学习知识、技能和品德的活动（名）,آموزش و پرورش؛ فرایند، فعالیت یا نظامی برای یادگیری دانش، مهارت و اخلاق (اسم),名,اسم,学校教育 (xuéxiào jiàoyù) | 家庭教育 (jiātíng jiàoyù) | 高等教育 (gāoděng jiàoyù) | 教育水平 (jiàoyù shuǐpíng),教育对一个国家的发展很重要。,Jiàoyù duì yí ge guójiā de fāzhǎn hěn zhòngyào.,آموزش و پرورش برای توسعهٔ یک کشور بسیار مهم است.,名词用法很常见；可指学校教育、家庭教育，也可指整个教育制度。
354,叫作,jiàozuò,HSK 4,动,1,称为；名字是；被叫做某个名称（动）,نامیده شدن؛ نام داشتن؛ چیزی را با نامی خواندن (فعل),动,فعل,这叫作友谊 (zhè jiàozuò yǒuyì) | 被叫作英雄 (bèi jiàozuò yīngxióng) | 这个地方叫作西湖 (zhège dìfang jiàozuò Xīhú) | 叫作什么 (jiàozuò shénme),这种花叫作牡丹。,Zhè zhǒng huā jiàozuò mǔdan.,این نوع گل «گل صدتومانی» نامیده می‌شود.,也写作“叫做”，口语中“叫”更常用；“叫作/叫做”稍正式，用于说明名称或定义。
355,价钱,jiàqian,HSK 4,名,1,商品、服务等需要付的钱；价格（名）,قیمت؛ مبلغی که برای کالا یا خدمات باید پرداخت شود (اسم),名,اسم,价钱贵 (jiàqian guì) | 价钱便宜 (jiàqian piányi) | 价钱合适 (jiàqian héshì) | 问价钱 (wèn jiàqian),这件衣服价钱不贵。,Zhè jiàn yīfu jiàqian bú guì.,قیمت این لباس گران نیست.,口语常用；“价格”更正式，意义相近。
356,加强,jiāqiáng,HSK 4,动,1,使力量、程度、效果、管理等变得更强或更严格（及物动）,تقویت کردن؛ افزایش دادن؛ محکم‌تر یا جدی‌تر کردنِ قدرت، شدت، اثر یا مدیریت (فعل گذرا),及物动,فعل گذرا,加强管理 (jiāqiáng guǎnlǐ) | 加强学习 (jiāqiáng xuéxí) | 加强合作 (jiāqiáng hézuò) | 加强训练 (jiāqiáng xùnliàn),我们需要加强练习。,Wǒmen xūyào jiāqiáng liànxí.,ما باید تمرین را بیشتر و جدی‌تر کنیم.,及物动词，后面常接“管理、合作、学习、训练、安全、联系”等抽象或活动类名词。
356,加强,jiāqiáng,HSK 4,动,2,力量、程度、趋势等变得更强（不及物动）,قوی‌تر شدن؛ شدت گرفتن؛ بیشتر شدنِ قدرت، شدت یا روند چیزی (فعل ناگذرا),不及物动,فعل ناگذرا,风力加强 (fēnglì jiāqiáng) | 雨势加强 (yǔshì jiāqiáng) | 趋势加强 (qūshì jiāqiáng) | 力量加强 (lìliàng jiāqiáng),晚上风力会加强。,Wǎnshang fēnglì huì jiāqiáng.,شب شدت باد بیشتر خواهد شد.,不及物用法常见于天气、趋势、力量、语气等；主语本身程度变强。日常也常说“变强、增强”。
357,假日,jiàrì,HSK 4,名,1,不用上班、上学的日子；节假日或休息日（名）,روز تعطیل؛ روز استراحت؛ روزی که کار یا درس نیست (اسم),名,اسم,公共假日 (gōnggòng jiàrì) | 假日安排 (jiàrì ānpái) | 假日旅行 (jiàrì lǚxíng) | 节假日 (jiéjiàrì),假日里，很多人去海边旅行。,"Jiàrì li, hěn duō rén qù hǎibiān lǚxíng.",در روزهای تعطیل، افراد زیادی برای سفر به کنار دریا می‌روند.,比“假期”更强调某一天或节假日；“节假日”很常用。
358,加入,jiārù,HSK 4,动,1,成为某个组织、团体、活动或行列的一员；参加进去（及物动）,پیوستن؛ عضو شدن؛ وارد یک گروه، سازمان، فعالیت یا جمع شدن (فعل گذرا),及物动,فعل گذرا,加入公司 (jiārù gōngsī) | 加入俱乐部 (jiārù jùlèbù) | 加入讨论 (jiārù tǎolùn) | 加入我们 (jiārù wǒmen),欢迎你加入我们的团队。,Huānyíng nǐ jiārù wǒmen de tuánduì.,به تیم ما خوش آمدی.,常接组织、团队、活动、讨论等；强调成为其中一部分。
358,加入,jiārù,HSK 4,动,2,把某种东西放进另一种东西里（及物动）,اضافه کردن؛ افزودن چیزی به چیز دیگر (فعل گذرا),及物动,فعل گذرا,加入水 (jiārù shuǐ) | 加入盐 (jiārù yán) | 加入牛奶 (jiārù niúnǎi) | 加入少量糖 (jiārù shǎoliàng táng),请在面粉里加入一点儿水。,Qǐng zài miànfěn li jiārù yìdiǎnr shuǐ.,لطفاً کمی آب به آرد اضافه کن.,多用于做饭、实验、说明步骤等语境；和“加”相近，但“加入”更书面或步骤化。
359,加上,jiāshàng,HSK 4,动、连,1,把一个数量、事物或条件再加进去（动）,اضافه کردن؛ روی چیزی افزودن؛ یک مقدار، چیز یا شرط دیگر را هم اضافه کردن (فعل),动,فعل,加上名字 (jiāshàng míngzi) | 加上运费 (jiāshàng yùnfèi) | 加上税 (jiāshàng shuì) | 再加上一点儿水 (zài jiāshàng yìdiǎnr shuǐ),这个价钱还要加上运费。,Zhège jiàqian hái yào jiāshàng yùnfèi.,به این قیمت باید هزینهٔ ارسال را هم اضافه کرد.,动词用法，常用于计算、补充信息或增加条件。
359,加上,jiāshàng,HSK 4,动、连,2,表示再加一个原因、条件或情况；再加上（连）,به‌علاوه؛ افزون بر این؛ با اضافه شدنِ یک دلیل، شرط یا وضعیت دیگر (حرف ربط),连,حرف ربط,加上天气不好 (jiāshàng tiānqì bù hǎo) | 加上时间不够 (jiāshàng shíjiān bú gòu) | 加上他生病了 (jiāshàng tā shēngbìng le) | 再加上价格很贵 (zài jiāshàng jiàgé hěn guì),路很远，加上天气不好，我们就没去了。,"Lù hěn yuǎn, jiāshàng tiānqì bù hǎo, wǒmen jiù méi qù le.",راه خیلی دور بود، به‌علاوه هوا هم بد بود، برای همین نرفتیم.,作连接成分时说明另一个原因或条件；常见形式是“再加上……”。
360,家庭,jiātíng,HSK 4,名,1,以婚姻、血缘等关系组成的生活单位；家（名）,خانواده؛ واحد زندگی تشکیل‌شده بر پایهٔ رابطهٔ خانوادگی، ازدواج یا خویشاوندی (اسم),名,اسم,一个家庭 (yí ge jiātíng) | 普通家庭 (pǔtōng jiātíng) | 幸福家庭 (xìngfú jiātíng) | 家庭成员 (jiātíng chéngyuán),她来自一个普通家庭。,Tā láizì yí ge pǔtōng jiātíng.,او از یک خانوادهٔ معمولی می‌آید.,比“家”更正式，常用于社会、教育、经济等语境。
360,家庭,jiātíng,HSK 4,名、语素,2,和家庭有关的，多用于构词（名/语素）,خانوادگی؛ مربوط به خانواده، بیشتر در ترکیب‌ها (اسم/تکواژ),名/语素,اسم/تکواژ,家庭教育 (jiātíng jiàoyù) | 家庭生活 (jiātíng shēnghuó) | 家庭作业 (jiātíng zuòyè) | 家庭关系 (jiātíng guānxi),家庭教育对孩子很重要。,Jiātíng jiàoyù duì háizi hěn zhòngyào.,آموزش و تربیت خانوادگی برای بچه‌ها بسیار مهم است.,此义多作定语或构词成分；“家庭作业”表示 تکلیف خانه。
361,家乡,jiāxiāng,HSK 4,名,1,自己出生或长期生活过的地方；故乡（名）,زادگاه؛ دیار؛ شهر یا محلّی که انسان در آن به دنیا آمده یا مدت زیادی در آن زندگی کرده است (اسم),名,اسم,我的家乡 (wǒ de jiāxiāng) | 回家乡 (huí jiāxiāng) | 离开家乡 (líkāi jiāxiāng) | 家乡菜 (jiāxiāng cài),我很想念我的家乡。,Wǒ hěn xiǎngniàn wǒ de jiāxiāng.,من خیلی دلم برای زادگاهم تنگ شده است.,感情色彩较强，常用于谈出生地、成长地或故乡；比“老家”稍正式。
362,加油,jiāyóu,HSK 4,动、叹,1,给车、机器等加入燃料油（动）,سوخت زدن؛ بنزین یا سوخت اضافه کردن به خودرو، دستگاه یا ماشین (فعل),动,فعل,给车加油 (gěi chē jiāyóu) | 去加油 (qù jiāyóu) | 加满油 (jiā mǎn yóu) | 加油站 (jiāyóuzhàn),我们先去加油站加油。,Wǒmen xiān qù jiāyóuzhàn jiāyóu.,اول می‌رویم پمپ‌بنزین سوخت بزنیم.,本义是加入燃料；“加油站”可作为单独词条处理。
362,加油,jiāyóu,HSK 4,动、叹,2,鼓励别人努力、坚持或表现更好；也可用来给自己打气（叹/动）,موفق باشی؛ ادامه بده؛ تلاش کن؛ روحیه دادن یا تشویق کردن برای بهتر عمل کردن (حرف ندا/فعل),叹/动,حرف ندا/فعل,加油！(jiāyóu) | 给他加油 (gěi tā jiāyóu) | 为中国队加油 (wèi Zhōngguó duì jiāyóu) | 一起加油 (yìqǐ jiāyóu),明天考试，加油！,"Míngtiān kǎoshì, jiāyóu!",فردا امتحان داری، موفق باشی و تلاش کن!,口语非常常用；可用于比赛、考试、工作、困难时的鼓励，相当于 “you can do it / keep going”。
363,加油站,jiāyóuzhàn,HSK 4,名,1,给汽车、摩托车等加燃料的地方（名）,پمپ‌بنزین؛ جایگاه سوخت برای بنزین یا سوخت‌گیری خودرو و موتور (اسم),名,اسم,去加油站 (qù jiāyóuzhàn) | 附近的加油站 (fùjìn de jiāyóuzhàn) | 在加油站加油 (zài jiāyóuzhàn jiāyóu) | 加油站附近 (jiāyóuzhàn fùjìn),前面有一个加油站，我们去加油吧。,"Qiánmiàn yǒu yí ge jiāyóuzhàn, wǒmen qù jiāyóu ba.",جلوتر یک پمپ‌بنزین هست؛ برویم سوخت بزنیم.,主要指给车辆加油的地方；“加油”可作为单独词条处理。
364,家长,jiāzhǎng,HSK 4,名,1,学生或未成年人的父母或监护人（名）,والدین یا سرپرست کودک/دانش‌آموز (اسم),名,اسم,学生家长 (xuésheng jiāzhǎng) | 家长会 (jiāzhǎnghuì) | 通知家长 (tōngzhī jiāzhǎng) | 请家长签字 (qǐng jiāzhǎng qiānzì),老师通知家长明天下午开会。,Lǎoshī tōngzhī jiāzhǎng míngtiān xiàwǔ kāihuì.,معلم به والدین اطلاع داد که فردا بعدازظهر جلسه دارند.,常用于学校、教育、儿童相关语境；比“爸爸妈妈、父母”更正式。
364,家长,jiāzhǎng,HSK 4,名,2,一家之主；家庭中负责主要事务的人（名）,بزرگ‌تر یا سرپرست خانواده؛ کسی که مسئول اصلی امور خانه است (اسم),名,اسم,家长作风 (jiāzhǎng zuòfēng) | 封建家长 (fēngjiàn jiāzhǎng) | 家长式管理 (jiāzhǎng shì guǎnlǐ) | 当家长 (dāng jiāzhǎng),他在家里总是一副家长作风。,Tā zài jiā li zǒng shì yí fù jiāzhǎng zuòfēng.,او در خانه همیشه رفتار سرپرست‌مآبانه دارد.,此义不如“父母/监护人”义常用，多见于“家长作风、家长式管理”等带批评意味的说法。
365,基本,jīběn,HSK 4,形、副,1,根本的、主要的、最重要的；构成基础的（形）,بنیادی؛ اساسی؛ اصلی؛ پایه‌ای (صفت),形,صفت,基本条件 (jīběn tiáojiàn) | 基本要求 (jīběn yāoqiú) | 基本知识 (jīběn zhīshi) | 基本原则 (jīběn yuánzé),这些是学习中文的基本知识。,Zhèxiē shì xuéxí Zhōngwén de jīběn zhīshi.,این‌ها دانش پایه برای یادگیری زبان چینی هستند.,常作定语，表示最基础、最主要的内容；表示“پایه/اساس”时更常用“基础”。
365,基本,jīběn,HSK 4,形、副,2,大体上达到某种程度；主要方面已经如此（副）,در کل؛ تقریباً؛ تا حد زیادی؛ از جنبه‌های اصلی چنین (قید),副,قید,基本完成 (jīběn wánchéng) | 基本正确 (jīběn zhèngquè) | 基本满意 (jīběn mǎnyì) | 基本一样 (jīběn yíyàng),这个答案基本正确。,Zhège dá'àn jīběn zhèngquè.,این جواب در کل درست است.,接形容词或动词时表示“大体上、差不多”；和“基本上”意思接近。
366,基本上,jīběnshang,HSK 4,副,1,大体上；差不多；从主要方面看（副）,در کل؛ تقریباً؛ اساساً؛ از جنبه‌های اصلی (قید),副,قید,基本上同意 (jīběnshang tóngyì) | 基本上完成 (jīběnshang wánchéng) | 基本上没问题 (jīběnshang méi wèntí) | 基本上都一样 (jīběnshang dōu yíyàng),这个计划基本上没问题。,Zhège jìhuà jīběnshang méi wèntí.,این برنامه در کل مشکلی ندارد.,副词用法很常见，表示主要方面已经如此，但可能还有小部分例外。
367,基础,jīchǔ,HSK 4,名、形,1,事物发展的根本或起点；支撑后面学习、工作或建设的东西（名）,پایه؛ اساس؛ بنیاد؛ چیزی که یادگیری، کار یا ساختار بعدی بر آن بنا می‌شود (اسم),名,اسم,打好基础 (dǎ hǎo jīchǔ) | 有基础 (yǒu jīchǔ) | 没有基础 (méiyǒu jīchǔ) | 中文基础 (Zhōngwén jīchǔ),学中文要先打好基础。,Xué Zhōngwén yào xiān dǎ hǎo jīchǔ.,برای یادگیری چینی باید اول پایه را خوب ساخت.,名词用法最常见；表示支撑后续发展的根基。不要说“打好基本”，应说“打好基础”。
367,基础,jīchǔ,HSK 4,名、形,2,最初步、最基本的（形/语素）,پایه‌ای؛ مقدماتی؛ بنیادی (صفت/تکواژ),形/语素,صفت/تکواژ,基础课 (jīchǔkè) | 基础知识 (jīchǔ zhīshi) | 基础教育 (jīchǔ jiàoyù) | 基础训练 (jīchǔ xùnliàn),这本书适合学习基础知识。,Zhè běn shū shìhé xuéxí jīchǔ zhīshi.,این کتاب برای یادگیری دانش پایه مناسب است.,常作定语；和“基本”接近，但“基础”更强调后续发展的根基。
368,激动,jīdòng,HSK 4,形、动,1,因高兴、感动、紧张等情绪强烈而不平静（形）,هیجان‌زده؛ منقلب؛ دچار احساسات شدید و آرام نبودن (صفت),形,صفت,很激动 (hěn jīdòng) | 非常激动 (fēicháng jīdòng) | 激动得哭了 (jīdòng de kū le) | 心情很激动 (xīnqíng hěn jīdòng),听到这个消息，他激动得哭了。,"Tīngdào zhège xiāoxi, tā jīdòng de kū le.",با شنیدن این خبر، از شدت هیجان گریه کرد.,最常用义；可由高兴、感动、紧张等情绪引起，不一定只是开心。
368,激动,jīdòng,HSK 4,形、动,2,使人情绪强烈、不平静，多用于固定表达或“让人……”结构（动/形）,هیجان‌انگیز بودن؛ احساسات آدم را برانگیختن، بیشتر در عبارت‌های ثابت یا ساختار «باعث شدن کسی هیجان‌زده شود» (فعل/صفت),动/形,فعل/صفت,让人激动 (ràng rén jīdòng) | 令人激动 (lìng rén jīdòng) | 激动人心 (jīdòng rénxīn) | 最激动人心的时刻 (zuì jīdòng rénxīn de shíkè),这是一个激动人心的时刻。,Zhè shì yí ge jīdòng rénxīn de shíkè.,این یک لحظهٔ بسیار هیجان‌انگیز بود.,不常直接说“激动某人”；更自然的是“让人激动、令人激动、激动人心”。
369,街道,jiēdào,HSK 4,名,1,城市或镇上的道路，两边通常有房屋、商店等（名）,خیابان؛ راه شهری که معمولاً دو طرف آن ساختمان یا مغازه است (اسم),名,اسم,宽阔的街道 (kuānkuò de jiēdào) | 街道两边 (jiēdào liǎngbiān) | 打扫街道 (dǎsǎo jiēdào) | 走在街道上 (zǒu zài jiēdào shang),这条街道很干净。,Zhè tiáo jiēdào hěn gānjìng.,این خیابان خیلی تمیز است.,比“街”更正式一些；可指道路本身，也可指城市中的街区道路。
369,街道,jiēdào,HSK 4,名,2,城市基层行政区域或管理机构，通常管理若干社区（名）,حوزهٔ محلی شهری؛ ناحیه یا ادارهٔ اداریِ شهری در سطح محله که معمولاً چند اجتماع/محله را مدیریت می‌کند (اسم),名,اسم,街道办事处 (jiēdào bànshìchù) | 街道干部 (jiēdào gànbù) | 街道社区 (jiēdào shèqū) | 街道管理 (jiēdào guǎnlǐ),你可以去街道办事处咨询。,Nǐ kěyǐ qù jiēdào bànshìchù zīxún.,می‌توانی برای پرس‌وجو به ادارهٔ محلی محله بروی.,行政用法，主要见于中国城市社区管理语境；“街道”不是单纯的住宅区，而是基层行政单位。
370,节假日,jiéjiàrì,HSK 4,名,1,节日和假日；不用上班、上学的休息日（名）,روزهای تعطیل و مناسبت‌های تعطیل؛ تعطیلات رسمی یا روزهای استراحت (اسم),名,اسم,节假日安排 (jiéjiàrì ānpái) | 节假日加班 (jiéjiàrì jiābān) | 法定节假日 (fǎdìng jiéjiàrì) | 节假日期间 (jiéjiàrì qījiān),节假日期间，火车票很难买。,"Jiéjiàrì qījiān, huǒchēpiào hěn nán mǎi.",در دورهٔ تعطیلات، خرید بلیت قطار خیلی سخت است.,常用于正式通知、新闻、工作安排等；比“假日、假期”更偏正式。
371,解释,jiěshì,HSK 4,动、名,1,说明某个词语、问题、原因或情况，使人明白（动）,توضیح دادن؛ شرح دادن؛ روشن کردنِ معنی، دلیل، مسئله یا وضعیت برای فهماندن به دیگران (فعل),动,فعل,解释原因 (jiěshì yuányīn) | 解释问题 (jiěshì wèntí) | 解释清楚 (jiěshì qīngchu) | 给他解释 (gěi tā jiěshì),老师给我们解释了这个词的意思。,Lǎoshī gěi wǒmen jiěshì le zhège cí de yìsi.,معلم معنی این واژه را برای ما توضیح داد.,动词用法很常见；常用结构是“给……解释、解释清楚”。
371,解释,jiěshì,HSK 4,动、名,2,对某个词语、问题、原因或情况的说明（名）,توضیح؛ شرح؛ بیانِ معنی، دلیل یا وضعیت (اسم),名,اسم,一个解释 (yí ge jiěshì) | 合理的解释 (hélǐ de jiěshì) | 听他的解释 (tīng tā de jiěshì) | 没有解释 (méiyǒu jiěshì),这个解释我听不懂。,Zhège jiěshì wǒ tīng bù dǒng.,این توضیح را نمی‌فهمم.,名词用法也常见；可指别人给出的说明或理由。
372,接受,jiēshòu,HSK 4,动,1,同意收下或采纳别人给的东西、意见、邀请、任务等（及物动）,پذیرفتن؛ قبول کردنِ چیزی، نظر، دعوت، پیشنهاد یا وظیفه‌ای که به انسان داده یا پیشنهاد می‌شود (فعل گذرا),及物动,فعل گذرا,接受礼物 (jiēshòu lǐwù) | 接受邀请 (jiēshòu yāoqǐng) | 接受建议 (jiēshòu jiànyì) | 接受任务 (jiēshòu rènwu),她接受了我们的邀请。,Tā jiēshòu le wǒmen de yāoqǐng.,او دعوت ما را پذیرفت.,常接礼物、邀请、建议、任务、采访等；强调同意收下、采纳或承担。
372,接受,jiēshòu,HSK 4,动,2,承认并愿意面对某种事实、情况、结果或观点（及物动）,پذیرفتن؛ قبول کردن یا کنار آمدن با یک واقعیت، وضعیت، نتیجه یا دیدگاه (فعل گذرا),及物动,فعل گذرا,接受现实 (jiēshòu xiànshí) | 接受结果 (jiēshòu jiéguǒ) | 接受批评 (jiēshòu pīpíng) | 接受这个事实 (jiēshòu zhège shìshí),他很难接受这个结果。,Tā hěn nán jiēshòu zhège jiéguǒ.,برای او پذیرفتن این نتیجه خیلی سخت است.,强调心理上承认、认可或愿意面对；常用于现实、结果、事实、批评、观点等。
373,节约,jiéyuē,HSK 4,动、形,1,少用或合理使用时间、钱、资源等，避免浪费（及物动）,صرفه‌جویی کردن؛ کم‌تر و درست‌تر مصرف کردنِ زمان، پول یا منابع و جلوگیری از هدررفت (فعل گذرا),及物动,فعل گذرا,节约时间 (jiéyuē shíjiān) | 节约用水 (jiéyuē yòngshuǐ) | 节约能源 (jiéyuē néngyuán) | 节约成本 (jiéyuē chéngběn),我们应该节约用水。,Wǒmen yīnggāi jiéyuē yòngshuǐ.,ما باید در مصرف آب صرفه‌جویی کنیم.,及物动词，后面常接时间、钱、水、电、能源、成本等。
373,节约,jiéyuē,HSK 4,动、形,2,不浪费；用得少而合理（形）,صرفه‌جو؛ کم‌مصرف؛ بدون اسراف و با مصرف منطقی (صفت),形,صفت,很节约 (hěn jiéyuē) | 平时很节约 (píngshí hěn jiéyuē) | 节约型社会 (jiéyuē xíng shèhuì),他平时很节约，从不乱花钱。,"Tā píngshí hěn jiéyuē, cóng bù luàn huā qián.",او معمولاً خیلی صرفه‌جوست و هیچ‌وقت پولش را الکی خرج نمی‌کند.,形容词用法可见，但动词用法更常见；形容人节省、不浪费时，也常说“节俭”或口语中的“省”。
374,结账,jiézhàng,HSK 4,动,1,吃饭、购物、住宿等结束时付钱或计算账目（动）,حساب کردن؛ تسویه کردن؛ پول غذا، خرید، اقامت یا هزینه‌ها را پرداخت کردن (فعل),动,فعل,去结账 (qù jiézhàng) | 买单结账 (mǎidān jiézhàng) | 结账的时候 (jiézhàng de shíhou) | 在前台结账 (zài qiántái jiézhàng),吃完饭以后，我们去前台结账。,"Chī wán fàn yǐhòu, wǒmen qù qiántái jiézhàng.",بعد از غذا خوردن، رفتیم پیشخوان حساب کنیم.,常用于餐厅、商店、酒店等场景；餐厅口语中也常说“买单”。
375,接着,jiēzhe,HSK 4,动、副,1,在前一件事之后继续做；连着做下去（副/动）,بعدش؛ سپس؛ ادامه دادن یا بلافاصله پس از کاری کار دیگری را انجام دادن (قید/فعل),副/动,قید/فعل,接着说 (jiēzhe shuō) | 接着做 (jiēzhe zuò) | 接着往下看 (jiēzhe wǎng xià kàn) | 接着学习 (jiēzhe xuéxí),老师讲完例子，接着解释语法。,"Lǎoshī jiǎng wán lìzi, jiēzhe jiěshì yǔfǎ.",معلم بعد از توضیح مثال، سپس دستور زبان را توضیح داد.,常作副词，表示动作连续发生；口语中很常用。
375,接着,jiēzhe,HSK 4,动、副,2,连接着；挨着，不断开（动）,وصل بودن؛ پیوسته بودن؛ پشت سر هم یا بدون فاصله قرار داشتن (فعل),动,فعل,一段接着一段 (yí duàn jiēzhe yí duàn) | 后面接着一条路 (hòumian jiēzhe yì tiáo lù) | 两个房间接着 (liǎng ge fángjiān jiēzhe) | 接着前面的内容 (jiēzhe qiánmian de nèiróng),这条小路后面接着一条大街。,Zhè tiáo xiǎolù hòumian jiēzhe yì tiáo dàjiē.,بعد از این کوچه یک خیابان بزرگ وصل است.,动词用法比副词用法少，表示空间、内容或顺序上的连接。
376,计划,jìhuà,HSK 4,名、动,1,为了达到目标而预先安排的内容、步骤或打算（名）,برنامه؛ طرح؛ نقشه یا ترتیبِ از پیش تعیین‌شده برای رسیدن به هدف (اسم),名,اسم,学习计划 (xuéxí jìhuà) | 旅行计划 (lǚxíng jìhuà) | 工作计划 (gōngzuò jìhuà) | 制定计划 (zhìdìng jìhuà),我们需要制定一个新的计划。,Wǒmen xūyào zhìdìng yí ge xīn de jìhuà.,ما باید یک برنامهٔ جدید تنظیم کنیم.,名词用法很常见；常和“制定、改变、完成、按照”等搭配。
376,计划,jìhuà,HSK 4,名、动,2,预先安排或打算做某事（及物动）,برنامه‌ریزی کردن؛ قصد داشتن و از پیش ترتیب دادنِ انجام کاری (فعل گذرا),及物动,فعل گذرا,计划旅行 (jìhuà lǚxíng) | 计划明年结婚 (jìhuà míngnián jiéhūn) | 计划去北京 (jìhuà qù Běijīng) | 计划买房 (jìhuà mǎi fáng),他们计划明年去中国旅行。,Tāmen jìhuà míngnián qù Zhōngguó lǚxíng.,آن‌ها برنامه دارند سال آینده به چین سفر کنند.,作动词时后面可接名词或动词短语；比“打算”更正式、更有安排感。
377,积极,jījí,HSK 4,形,1,态度主动、努力，愿意做事或参与（形）,فعال؛ مشتاق؛ باانگیزه؛ با نگرش مثبت و تلاشگر (صفت),形,صفت,态度积极 (tàidu jījí) | 积极参加 (jījí cānjiā) | 积极工作 (jījí gōngzuò) | 积极回答问题 (jījí huídá wèntí),他上课总是积极回答问题。,Tā shàngkè zǒngshì jījí huídá wèntí.,او سر کلاس همیشه فعالانه به سؤال‌ها جواب می‌دهد.,可作形容词，也常作状语修饰动词；强调主动、努力、愿意参与。
377,积极,jījí,HSK 4,形,2,有利的；正面的；能产生好结果的（形）,مثبت؛ سازنده؛ سودمند؛ دارای اثر یا نتیجهٔ خوب (صفت),形,صفت,积极作用 (jījí zuòyòng) | 积极影响 (jījí yǐngxiǎng) | 积极意义 (jījí yìyì) | 积极的一面 (jījí de yímiàn),这次交流产生了积极影响。,Zhè cì jiāoliú chǎnshēng le jījí yǐngxiǎng.,این گفت‌وگو تأثیر مثبتی ایجاد کرد.,此义常用于作用、影响、意义、态度等抽象名词。
378,积累,jīlěi,HSK 4,动、名,1,一点一点地增加、收集或保存，使数量、经验、知识等变多（及物/不及物动）,اندوختن؛ جمع کردن؛ به‌تدریج زیاد شدن یا زیاد کردنِ دانش، تجربه، پول یا مقدار چیزی (فعل گذرا/ناگذرا),及物/不及物动,فعل گذرا/ناگذرا,积累经验 (jīlěi jīngyàn) | 积累知识 (jīlěi zhīshi) | 积累财富 (jīlěi cáifù) | 慢慢积累 (mànmàn jīlěi),学习语言需要慢慢积累词汇。,Xuéxí yǔyán xūyào mànmàn jīlěi cíhuì.,یادگیری زبان نیاز دارد واژه‌ها را کم‌کم اندوخت.,可及物也可不及物；常用于经验、知识、词汇、财富、问题等逐渐增加。
378,积累,jīlěi,HSK 4,动、名,2,逐渐形成或保存下来的数量、经验、知识等（名）,اندوخته؛ انباشت؛ چیزهایی مانند تجربه، دانش یا سرمایه که به‌تدریج جمع شده‌اند (اسم),名,اسم,知识积累 (zhīshi jīlěi) | 经验积累 (jīngyàn jīlěi) | 长期积累 (chángqī jīlěi) | 一点积累 (yìdiǎn jīlěi),这些经验是多年工作的积累。,Zhèxiē jīngyàn shì duōnián gōngzuò de jīlěi.,این تجربه‌ها حاصل اندوختهٔ سال‌ها کار است.,名词用法也常见，多用于知识、经验、资本、问题等。
379,仅,jǐn,HSK 4,副,1,只；仅仅；表示范围、数量或程度很小（副）,فقط؛ تنها؛ صرفاً، برای نشان دادن مقدار، دامنه یا درجهٔ کم (قید),副,قید,仅有一个 (jǐn yǒu yí ge) | 仅三天 (jǐn sān tiān) | 仅供参考 (jǐn gōng cānkǎo) | 不仅如此 (bùjǐn rúcǐ),这次活动仅三十人参加。,Zhè cì huódòng jǐn sānshí rén cānjiā.,در این فعالیت فقط سی نفر شرکت کردند.,比“只”更书面；常见于正式说明、通知、文章中。“不仅”表示 نه فقط。
380,精彩,jīngcǎi,HSK 4,形,1,表演、内容、比赛等非常好、吸引人、值得看或听（形）,جذاب؛ عالی؛ دیدنی؛ شنیدنی؛ بسیار خوب و جلب‌کننده (صفت),形,صفت,精彩节目 (jīngcǎi jiémù) | 精彩比赛 (jīngcǎi bǐsài) | 精彩表演 (jīngcǎi biǎoyǎn) | 非常精彩 (fēicháng jīngcǎi),昨天的比赛非常精彩。,Zuótiān de bǐsài fēicháng jīngcǎi.,مسابقهٔ دیروز بسیار دیدنی بود.,常用于节目、比赛、表演、故事、内容、回答等；表示质量高、吸引人。
381,警察,jǐngchá,HSK 4,名,1,维护社会治安、处理违法犯罪等工作的人员（名）,پلیس؛ مأمور پلیس؛ کسی که وظیفهٔ حفظ نظم و رسیدگی به جرم و تخلف را دارد (اسم),名,اسم,一名警察 (yì míng jǐngchá) | 交通警察 (jiāotōng jǐngchá) | 找警察 (zhǎo jǐngchá) | 报警找警察 (bàojǐng zhǎo jǐngchá),如果遇到危险，可以找警察。,"Rúguǒ yùdào wēixiǎn, kěyǐ zhǎo jǐngchá.",اگر با خطر روبه‌رو شدی، می‌توانی به پلیس مراجعه کنی.,可指一个警察，也可泛指警察群体；量词常用“名、个、位”。
382,景点,jǐngdiǎn,HSK 4,名,1,供人参观、游览的有名地方或旅游地点（名）,جاذبهٔ گردشگری؛ مکان دیدنی؛ جای معروفی که مردم برای بازدید یا گردش به آن می‌روند (اسم),名,اسم,旅游景点 (lǚyóu jǐngdiǎn) | 著名景点 (zhùmíng jǐngdiǎn) | 参观景点 (cānguān jǐngdiǎn) | 景点门票 (jǐngdiǎn ménpiào),这个城市有很多著名景点。,Zhège chéngshì yǒu hěn duō zhùmíng jǐngdiǎn.,این شهر جاذبه‌های گردشگری معروف زیادی دارد.,常用于旅游语境；指具体可参观的地点。
383,经济,jīngjì,HSK 4,名、形,1,社会中生产、分配、交换和消费等活动的总和；也指一个地区或国家的财富、产业等情况（名）,اقتصاد؛ مجموعهٔ فعالیت‌های تولید، توزیع، دادوستد و مصرف؛ وضعیت مالی و تولیدی یک کشور یا منطقه (اسم),名,اسم,经济发展 (jīngjì fāzhǎn) | 中国经济 (Zhōngguó jīngjì) | 世界经济 (shìjiè jīngjì) | 经济情况 (jīngjì qíngkuàng),这个国家的经济发展很快。,Zhège guójiā de jīngjì fāzhǎn hěn kuài.,اقتصاد این کشور خیلی سریع رشد می‌کند.,名词用法最常见；常用于国家、社会、城市、行业等宏观语境。
383,经济,jīngjì,HSK 4,名、形,2,节省钱或花费少；不浪费（形）,اقتصادی؛ کم‌هزینه؛ مقرون‌به‌صرفه؛ بدون اسراف (صفت),形,صفت,经济实惠 (jīngjì shíhuì) | 经济型酒店 (jīngjì xíng jiǔdiàn) | 经济舱 (jīngjìcāng) | 很经济 (hěn jīngjì),住这家酒店比较经济。,Zhù zhè jiā jiǔdiàn bǐjiào jīngjì.,اقامت در این هتل نسبتاً مقرون‌به‌صرفه است.,形容词用法常用于消费、住宿、交通等；“经济舱”表示 کلاس اقتصادی هواپیما。
384,京剧,jīngjù,HSK 4,名,1,中国传统戏曲的一种，形成于北京，唱、念、做、打并重（名）,اپرای پکن؛ گونه‌ای از نمایش سنتی چینی که در پکن شکل گرفته و شامل آواز، گفتار نمایشی، اجرا و حرکات رزمی است (اسم),名,اسم,看京剧 (kàn jīngjù) | 京剧表演 (jīngjù biǎoyǎn) | 京剧演员 (jīngjù yǎnyuán) | 学京剧 (xué jīngjù),外国游客很喜欢看京剧表演。,Wàiguó yóukè hěn xǐhuan kàn jīngjù biǎoyǎn.,گردشگران خارجی خیلی دوست دارند اجرای اپرای پکن را ببینند.,中国代表性传统艺术之一；“京”指北京。
385,经历,jīnglì,HSK 4,动、名,1,亲身遇到、经过或体验某件事、某个阶段（及物动）,تجربه کردن؛ از سر گذراندن؛ شخصاً با رویداد، سختی یا مرحله‌ای روبه‌رو شدن (فعل گذرا),及物动,فعل گذرا,经历困难 (jīnglì kùnnan) | 经历失败 (jīnglì shībài) | 经历变化 (jīnglì biànhuà) | 经历战争 (jīnglì zhànzhēng),这家公司经历了很大的变化。,Zhè jiā gōngsī jīnglì le hěn dà de biànhuà.,این شرکت تغییرات بزرگی را از سر گذرانده است.,动词用法强调亲身经过或体验，后面常接困难、失败、变化、战争、过程、阶段等。
385,经历,jīnglì,HSK 4,动、名,2,亲身经过或体验过的事情（名）,تجربه؛ رویداد، دوره یا سابقه‌ای که شخص خودش از سر گذرانده است (اسم),名,اسم,难忘的经历 (nánwàng de jīnglì) | 工作经历 (gōngzuò jīnglì) | 生活经历 (shēnghuó jīnglì) | 留学经历 (liúxué jīnglì),这段工作经历对我帮助很大。,Zhè duàn gōngzuò jīnglì duì wǒ bāngzhù hěn dà.,این تجربهٔ کاری برای من خیلی مفید بود.,名词用法很常见；可指具体体验，也可指工作、学习、生活等方面的经历。
386,景区,jǐngqū,HSK 4,名,1,供游客参观、游览的区域，通常有自然或人文景观并有管理范围（名）,منطقهٔ گردشگری؛ محدودهٔ دیدنیِ مدیریت‌شده برای بازدید گردشگران (اسم),名,اسم,旅游景区 (lǚyóu jǐngqū) | 景区门票 (jǐngqū ménpiào) | 进入景区 (jìnrù jǐngqū) | 景区管理 (jǐngqū guǎnlǐ),节假日景区里游客很多。,Jiéjiàrì jǐngqū li yóukè hěn duō.,در روزهای تعطیل، در منطقهٔ گردشگری گردشگرهای زیادی هست.,比“景点”范围更大，常指一个有管理边界的旅游区域。
387,竟然,jìngrán,HSK 4,副,1,表示事情出乎意料，没想到会这样（副）,با کمال تعجب؛ برخلاف انتظار؛ باورم نمی‌شود که؛ برای بیان تعجب از چیزی غیرمنتظره (قید),副,قید,竟然忘了 (jìngrán wàng le) | 竟然成功了 (jìngrán chénggōng le) | 竟然不知道 (jìngrán bù zhīdào) | 竟然这么贵 (jìngrán zhème guì),他竟然忘了自己的生日。,Tā jìngrán wàng le zìjǐ de shēngrì.,باورم نمی‌شود که او حتی تولد خودش را فراموش کرده بود.,用于说话人觉得意外、惊讶的情况；和“居然”意思相近，口语和书面语都常见。
388,景色,jǐngsè,HSK 4,名,1,自然环境或地方呈现出来的美丽样子；风景（名）,منظره؛ چشم‌انداز؛ زیبایی طبیعی یا دیدنیِ یک جا (اسم),名,اسم,美丽的景色 (měilì de jǐngsè) | 山里的景色 (shān li de jǐngsè) | 景色很美 (jǐngsè hěn měi) | 欣赏景色 (xīnshǎng jǐngsè),这里的景色非常美。,Zhèli de jǐngsè fēicháng měi.,منظرهٔ اینجا بسیار زیباست.,常用于描写自然风光或旅游地点；和“风景”意思接近。
389,尽管,jǐnguǎn,HSK 4,连、副,1,表示让步，相当于“虽然”；后面常和“但是、还是、却”等呼应（连）,با اینکه؛ هرچند؛ اگرچه؛ برای بیان اینکه با وجودِ یک شرایط، نتیجهٔ دیگری رخ می‌دهد (حرف ربط),连,حرف ربط,尽管很累 (jǐnguǎn hěn lèi) | 尽管下雨 (jǐnguǎn xià yǔ) | 尽管如此 (jǐnguǎn rúcǐ) | 尽管困难很多 (jǐnguǎn kùnnan hěn duō),尽管天气不好，我们还是去了。,"Jǐnguǎn tiānqì bù hǎo, wǒmen háishi qù le.",با اینکه هوا بد بود، ما باز هم رفتیم.,连词用法很常见；常见结构是“尽管……但是/还是/却……”。
389,尽管,jǐnguǎn,HSK 4,连、副,2,放心去做；只管，不用担心或客气（副）,با خیال راحت؛ بی‌تعارف؛ بدون نگرانی؛ برای تشویق کسی به انجام کاری بدون رودربایستی یا نگرانی (قید),副,قید,尽管说 (jǐnguǎn shuō) | 尽管问 (jǐnguǎn wèn) | 尽管来找我 (jǐnguǎn lái zhǎo wǒ) | 有问题尽管问 (yǒu wèntí jǐnguǎn wèn),有问题尽管问我。,Yǒu wèntí jǐnguǎn wèn wǒ.,اگر سؤالی داری، با خیال راحت از من بپرس.,副词用法口语中常见，表示鼓励对方直接做某事，不必顾虑。
390,经验,jīngyàn,HSK 4,名、动,1,通过实践、经历或学习得到的知识、技能或认识（名）,تجربه؛ دانشی یا مهارتی که از عمل، زندگی، کار یا یادگیری به دست می‌آید (اسم),名,اسم,工作经验 (gōngzuò jīngyàn) | 学习经验 (xuéxí jīngyàn) | 有经验 (yǒu jīngyàn) | 积累经验 (jīlěi jīngyàn),他有很多教学经验。,Tā yǒu hěn duō jiàoxué jīngyàn.,او تجربهٔ زیادی در تدریس دارد.,名词用法最常见；和“经历”不同，“经验”强调从经历中获得的知识或能力。
390,经验,jīngyàn,HSK 4,名、动,2,经历并体验某事，多见于书面或正式表达（及物动）,تجربه کردن؛ از سر گذراندن، بیشتر در زبان رسمی یا نوشتاری (فعل گذرا),及物动,فعل گذرا,经验生活 (jīngyàn shēnghuó) | 经验困难 (jīngyàn kùnnan) | 亲身经验 (qīnshēn jīngyàn) | 经验过失败 (jīngyàn guo shībài),这些道理需要亲身经验以后才明白。,Zhèxiē dàolǐ xūyào qīnshēn jīngyàn yǐhòu cái míngbai.,این حقیقت‌ها را فقط بعد از تجربهٔ شخصی می‌شود فهمید.,动词用法不如名词常见，偏书面；日常更常说“经历、体验”。
391,竞争,jìngzhēng,HSK 4,动、名,1,为了得到利益、机会、名次等而和别人比较、争取（不及物动）,رقابت کردن؛ برای به‌دست آوردن منفعت، فرصت، جایگاه یا نتیجه با دیگران رقابت کردن (فعل ناگذرا),不及物动,فعل ناگذرا,互相竞争 (hùxiāng jìngzhēng) | 和别人竞争 (hé biérén jìngzhēng) | 竞争上岗 (jìngzhēng shànggǎng) | 竞争很激烈 (jìngzhēng hěn jīliè),很多公司都在和我们竞争。,Hěn duō gōngsī dōu zài hé wǒmen jìngzhēng.,شرکت‌های زیادی دارند با ما رقابت می‌کنند.,动词用法常和“和/跟……竞争”连用；对象通常不是直接宾语。
391,竞争,jìngzhēng,HSK 4,动、名,2,为了得到利益、机会、名次等而进行的争取和比较（名）,رقابت؛ تلاش و مقایسه میان افراد، گروه‌ها یا شرکت‌ها برای به‌دست آوردن فرصت، سود یا جایگاه (اسم),名,اسم,市场竞争 (shìchǎng jìngzhēng) | 激烈竞争 (jīliè jìngzhēng) | 公平竞争 (gōngpíng jìngzhēng) | 竞争压力 (jìngzhēng yālì),现在市场竞争很激烈。,Xiànzài shìchǎng jìngzhēng hěn jīliè.,رقابت در بازار اکنون بسیار شدید است.,名词用法很常见；常用于商业、学习、工作、比赛等语境。
392,镜子,jìngzi,HSK 4,名,1,能照出人或物样子的物品（名）,آینه؛ وسیله‌ای که تصویر انسان یا چیزها را نشان می‌دهد (اسم),名,اسم,照镜子 (zhào jìngzi) | 一面镜子 (yí miàn jìngzi) | 看镜子 (kàn jìngzi) | 镜子里 (jìngzi li),她每天早上都照镜子。,Tā měi tiān zǎoshang dōu zhào jìngzi.,او هر روز صبح در آینه نگاه می‌کند.,量词常用“面”；“照镜子”是最常见搭配。
393,今后,jīnhòu,HSK 4,名、副,1,从现在以后；以后（名/副）,از این به بعد؛ پس از این؛ در آینده (اسم/قید),名/副,اسم/قید,今后几年 (jīnhòu jǐ nián) | 今后的生活 (jīnhòu de shēnghuó) | 今后再说 (jīnhòu zài shuō) | 今后要注意 (jīnhòu yào zhùyì),今后我会更加努力。,Jīnhòu wǒ huì gèngjiā nǔlì.,از این به بعد بیشتر تلاش خواهم کرد.,比“以后”稍正式，常用于计划、承诺、安排或书面表达。
394,仅仅,jǐnjǐn,HSK 4,副,1,只；不过；强调数量、范围或程度很小（副）,فقط؛ تنها؛ صرفاً؛ برای تأکید بر کم بودن مقدار، دامنه یا درجه (قید),副,قید,仅仅一次 (jǐnjǐn yí cì) | 仅仅三天 (jǐnjǐn sān tiān) | 仅仅是开始 (jǐnjǐn shì kāishǐ) | 不仅仅是钱 (bù jǐnjǐn shì qián),这仅仅是一个开始。,Zhè jǐnjǐn shì yí ge kāishǐ.,این فقط یک شروع است.,比“仅”更口语一点，也更强调“ فقط همین مقدار/دامنه”；“不仅仅”表示 نه فقط.
395,进入,jìnrù,HSK 4,动,1,从外面到里面；来到某个地方或范围内（及物动）,وارد شدن؛ داخل شدن؛ از بیرون به داخل یک مکان یا محدوده رفتن (فعل گذرا),及物动,فعل گذرا,进入教室 (jìnrù jiàoshì) | 进入房间 (jìnrù fángjiān) | 进入景区 (jìnrù jǐngqū) | 禁止进入 (jìnzhǐ jìnrù),请不要随便进入这个房间。,Qǐng bú yào suíbiàn jìnrù zhège fángjiān.,لطفاً بی‌اجازه وارد این اتاق نشوید.,后面常接地点、区域、房间、网站等；比“进”更正式。
395,进入,jìnrù,HSK 4,动,2,开始处于某个阶段、状态、领域或活动中（及物动）,وارد مرحله، وضعیت، حوزه یا فعالیتی شدن؛ آغاز کردنِ قرار گرفتن در یک دوره یا وضعیت (فعل گذرا),及物动,فعل گذرا,进入大学 (jìnrù dàxué) | 进入社会 (jìnrù shèhuì) | 进入新阶段 (jìnrù xīn jiēduàn) | 进入市场 (jìnrù shìchǎng),公司已经进入了新的发展阶段。,Gōngsī yǐjīng jìnrù le xīn de fāzhǎn jiēduàn.,شرکت وارد مرحلهٔ جدیدی از توسعه شده است.,抽象用法很常见；常接阶段、状态、社会、行业、市场等。
396,进行,jìnxíng,HSK 4,动,1,开展或从事某种活动、工作、讨论、研究等（及物动）,انجام دادن؛ پیش بردن؛ برگزار کردن یا مشغول انجام یک فعالیت، کار، بحث یا پژوهش شدن (فعل گذرا),及物动,فعل گذرا,进行讨论 (jìnxíng tǎolùn) | 进行研究 (jìnxíng yánjiū) | 进行比赛 (jìnxíng bǐsài) | 进行调查 (jìnxíng diàochá),我们正在进行一个新的研究。,Wǒmen zhèngzài jìnxíng yí ge xīn de yánjiū.,ما در حال انجام یک پژوهش جدید هستیم.,常用于正式或书面语，后面多接双音节名词；口语中很多时候可用“做”。
396,进行,jìnxíng,HSK 4,动,2,活动、事情等正在发展或继续下去（不及物动）,در جریان بودن؛ ادامه داشتن؛ پیش رفتنِ یک کار، فعالیت یا رویداد (فعل ناگذرا),不及物动,فعل ناگذرا,会议正在进行 (huìyì zhèngzài jìnxíng) | 比赛进行中 (bǐsài jìnxíng zhōng) | 工作顺利进行 (gōngzuò shùnlì jìnxíng) | 活动正常进行 (huódòng zhèngcháng jìnxíng),会议正在进行，请安静。,"Huìyì zhèngzài jìnxíng, qǐng ānjìng.",جلسه در حال برگزاری است، لطفاً ساکت باشید.,不及物用法，主语通常是会议、比赛、活动、工作等。
397,紧张,jǐnzhāng,HSK 4,形,1,心里不安、担心或有压力，不能放松（形）,مضطرب؛ نگران؛ تحت فشار روانی و آرام نبودن (صفت),形,صفت,很紧张 (hěn jǐnzhāng) | 考试前紧张 (kǎoshì qián jǐnzhāng) | 紧张得睡不着 (jǐnzhāng de shuì bù zháo) | 不要紧张 (bú yào jǐnzhāng),考试前她很紧张。,Kǎoshì qián tā hěn jǐnzhāng.,او قبل از امتحان خیلی مضطرب است.,最常用义；用于考试、面试、比赛、见陌生人等压力场景。
397,紧张,jǐnzhāng,HSK 4,形,2,时间、钱、资源、关系等不充足或压力很大（形）,کم و فشرده؛ محدود؛ تحت فشار؛ کافی نبودنِ زمان، پول، منابع یا آرامش شرایط (صفت),形,صفت,时间紧张 (shíjiān jǐnzhāng) | 资金紧张 (zījīn jǐnzhāng) | 关系紧张 (guānxi jǐnzhāng) | 交通紧张 (jiāotōng jǐnzhāng),最近公司资金有点紧张。,Zuìjìn gōngsī zījīn yǒudiǎn jǐnzhāng.,اخیراً بودجهٔ شرکت کمی تحت فشار است.,可用于时间、资金、资源、局势、关系等，表示不宽裕或压力大。
397,紧张,jǐnzhāng,HSK 4,形,3,节奏快、气氛严肃或让人感到有压力（形）,پرفشار؛ نفس‌گیر؛ پرتنش؛ دارای ریتم تند یا فضای جدی و استرس‌زا (صفت),形,صفت,紧张的比赛 (jǐnzhāng de bǐsài) | 紧张的工作 (jǐnzhāng de gōngzuò) | 气氛紧张 (qìfēn jǐnzhāng) | 紧张地等待 (jǐnzhāng de děngdài),这场比赛非常紧张。,Zhè chǎng bǐsài fēicháng jǐnzhāng.,این مسابقه بسیار نفس‌گیر و پرفشار بود.,强调气氛、过程或节奏带来的压力感。
398,禁止,jìnzhǐ,HSK 4,动,1,不允许做某事；用规定、命令等阻止某种行为（及物动）,ممنوع کردن؛ اجازه ندادن؛ با قانون یا دستور جلوی کاری را گرفتن (فعل گذرا),及物动,فعل گذرا,禁止吸烟 (jìnzhǐ xīyān) | 禁止进入 (jìnzhǐ jìnrù) | 禁止停车 (jìnzhǐ tíngchē) | 禁止使用手机 (jìnzhǐ shǐyòng shǒujī),这里禁止吸烟。,Zhèli jìnzhǐ xīyān.,اینجا سیگار کشیدن ممنوع است.,常用于标志、规定、通知、法律等正式语境；后面常接动词短语。
399,既然,jìrán,HSK 4,连,1,表示先承认一个事实，再根据这个事实说出结果、决定或看法（连）,حالا که؛ از آنجا که؛ وقتی که یک واقعیت پذیرفته می‌شود و نتیجه‌ای از آن گرفته می‌شود (حرف ربط),连,حرف ربط,既然来了 (jìrán lái le) | 既然这样 (jìrán zhèyàng) | 既然你同意 (jìrán nǐ tóngyì) | 既然决定了 (jìrán juédìng le),既然你已经决定了，我就不再劝你了。,"Jìrán nǐ yǐjīng juédìng le, wǒ jiù bú zài quàn nǐ le.",حالا که تصمیم گرفته‌ای، دیگر نصیحتت نمی‌کنم.,常和“就、那么、也”等呼应；表示根据已知事实推出后面的结果。
400,及时,jíshí,HSK 4,形、副,1,正赶上需要的时候；不晚、不耽误（形/副）,به‌موقع؛ سر وقت؛ بدون تأخیر و درست در زمان لازم (صفت/قید),形/副,صفت/قید,及时到达 (jíshí dàodá) | 及时帮助 (jíshí bāngzhù) | 及时处理 (jíshí chǔlǐ) | 很及时 (hěn jíshí),谢谢你及时帮助了我。,Xièxie nǐ jíshí bāngzhù le wǒ.,ممنون که به‌موقع به من کمک کردی.,可作副词修饰动词，也可作形容词，如“你的帮助很及时”。
401,即使,jíshǐ,HSK 4,连,1,表示假设让步；就算、哪怕，后面常和“也”呼应（连）,حتی اگر؛ حتی در صورتی که؛ برای بیان فرضی که با وجود آن نتیجه تغییر نمی‌کند (حرف ربط),连,حرف ربط,即使下雨 (jíshǐ xià yǔ) | 即使很忙 (jíshǐ hěn máng) | 即使失败 (jíshǐ shībài) | 即使这样 (jíshǐ zhèyàng),即使下雨，我们也要去。,"Jíshǐ xià yǔ, wǒmen yě yào qù.",حتی اگر باران ببارد، ما باز هم باید برویم.,常见结构是“即使……也……”；比“就算、哪怕”稍正式。
402,技术,jìshù,HSK 4,名,1,生产、工作、学习或解决问题时使用的方法、技能和知识（名）,فناوری؛ فن؛ مهارت و دانش کاربردی برای تولید، کار، یادگیری یا حل مسئله (اسم),名,اسم,科学技术 (kēxué jìshù) | 新技术 (xīn jìshù) | 技术水平 (jìshù shuǐpíng) | 掌握技术 (zhǎngwò jìshù),这家公司使用了很多新技术。,Zhè jiā gōngsī shǐyòng le hěn duō xīn jìshù.,این شرکت از فناوری‌های جدید زیادی استفاده کرده است.,可指科技、工程、工作技能或具体操作方法；“技术水平”表示 سطح مهارت یا فناوری.
403,究竟,jiūjìng,HSK 4,副、名,1,用于疑问句，表示追问真实情况、原因或最后答案；到底（副）,بالاخره؛ واقعاً؛ دقیقاً؛ برای پرسیدن حقیقت، علت یا پاسخ نهایی (قید),副,قید,究竟是谁 (jiūjìng shì shéi) | 究竟怎么回事 (jiūjìng zěnme huí shì) | 究竟为什么 (jiūjìng wèishénme) | 究竟在哪里 (jiūjìng zài nǎli),这件事究竟是怎么回事？,Zhè jiàn shì jiūjìng shì zěnme huí shì?,این قضیه بالاخره دقیقاً چه ماجرایی دارد؟,疑问句中常见，语气比普通疑问更强调追问真相；和“到底”相近。
403,究竟,jiūjìng,HSK 4,副、名,2,用于陈述句，表示承认某个根本事实或最终情况；毕竟、到底（副）,هرچه باشد؛ بالاخره؛ در نهایت؛ برای تأکید بر یک واقعیت اصلی یا وضعیت نهایی (قید),副,قید,究竟是孩子 (jiūjìng shì háizi) | 究竟经验不足 (jiūjìng jīngyàn bùzú) | 究竟不一样 (jiūjìng bù yíyàng) | 究竟还是年轻 (jiūjìng háishi niánqīng),他究竟还是年轻，经验不太够。,"Tā jiūjìng háishi niánqīng, jīngyàn bú tài gòu.",او بالاخره هنوز جوان است و تجربه‌اش چندان کافی نیست.,此义偏书面或较正式，现代日常口语更常用“毕竟”。不要说“他究竟年轻”，更自然的是“他究竟还是年轻”或“他毕竟还年轻”。
403,究竟,jiūjìng,HSK 4,副、名,3,事情的真实情况、结果或原因（名）,حقیقت ماجرا؛ واقعیت، نتیجه یا علتِ اصلی یک مسئله (اسم),名,اسم,问个究竟 (wèn ge jiūjìng) | 看个究竟 (kàn ge jiūjìng) | 查个究竟 (chá ge jiūjìng) | 弄个究竟 (nòng ge jiūjìng),我一定要查个究竟。,Wǒ yídìng yào chá ge jiūjìng.,حتماً باید حقیقت ماجرا را بررسی و روشن کنم.,名词用法常见于“问/看/查/弄个究竟”等固定表达。
404,就是,jiùshì,HSK 4,副、连、动,1,表示确认、说明或强调某人某物正是如此（副/动）,دقیقاً همان است؛ یعنی؛ برای تأکید، توضیح یا مشخص کردن اینکه چیزی دقیقاً همین است (قید/فعل),副/动,قید/فعل,这就是原因 (zhè jiùshì yuányīn) | 我就是这样想的 (wǒ jiùshì zhèyàng xiǎng de) | 就是这个 (jiùshì zhège) | 这就是问题 (zhè jiùshì wèntí),这就是我想说的话。,Zhè jiùshì wǒ xiǎng shuō de huà.,این دقیقاً همان چیزی است که می‌خواستم بگویم.,
404,就是,jiùshì,HSK 4,副、连、动,2,表示让步，常用于“就是……也……”结构，意思接近“即使……也……”，偏口语（连）,حتی اگر؛ حتی در صورتی که؛ در ساختار «就是……也……» برای گفتن اینکه با وجود یک فرض، نتیجه همچنان برقرار است، محاوره‌ای‌تر از «即使» (حرف ربط),连,حرف ربط,就是下雨也去 (jiùshì xià yǔ yě qù) | 就是很难也要做 (jiùshì hěn nán yě yào zuò) | 就是不喜欢也得试试 (jiùshì bù xǐhuan yě děi shìshi) | 就是失败也不怕 (jiùshì shībài yě bú pà),就是下雨，我们也要去。,"Jiùshì xià yǔ, wǒmen yě yào qù.",حتی اگر باران ببارد، ما باز هم باید برویم.,
404,就是,jiùshì,HSK 4,副、连、动,3,用于补充、解释或提出轻微转折，意思接近“只是、不过”，口语常见（连/副）,فقط اینکه؛ منتها؛ فقط؛ اما؛ برای افزودن توضیح یا بیان یک ایراد، محدودیت یا چرخش کوچک در جمله (حرف ربط/قید),连/副,حرف ربط/قید,就是有点贵 (jiùshì yǒudiǎn guì) | 就是时间不够 (jiùshì shíjiān bú gòu) | 就是不太方便 (jiùshì bú tài fāngbiàn) | 就是我不太懂 (jiùshì wǒ bú tài dǒng),这个房子很好，就是有点贵。,"Zhège fángzi hěn hǎo, jiùshì yǒudiǎn guì.",این خانه خیلی خوب است، فقط کمی گران است.,
405,继续,jìxù,HSK 4,动、副,1,前面的动作、状态或事情不停，接着做下去或保持下去（动/副）,ادامه دادن؛ ادامه یافتن؛ همچنان انجام دادن یا برقرار ماندن (فعل/قید),动/副,فعل/قید,继续学习 (jìxù xuéxí) | 继续工作 (jìxù gōngzuò) | 继续下去 (jìxù xiàqù) | 继续努力 (jìxù nǔlì),休息十分钟以后，我们继续学习。,"Xiūxi shí fēnzhōng yǐhòu, wǒmen jìxù xuéxí.",بعد از ده دقیقه استراحت، درس خواندن را ادامه می‌دهیم.,可作动词，也常作状语修饰后面的动词；强调不中断或中断后接着进行。
406,记者,jìzhě,HSK 4,名,1,采访、写新闻、报道事件的人（名）,خبرنگار؛ گزارشگر؛ کسی که خبر تهیه می‌کند، مصاحبه می‌کند یا رویدادها را گزارش می‌دهد (اسم),名,اسم,一名记者 (yì míng jìzhě) | 新闻记者 (xīnwén jìzhě) | 记者采访 (jìzhě cǎifǎng) | 记者会 (jìzhěhuì),很多记者采访了这位演员。,Hěn duō jìzhě cǎifǎng le zhè wèi yǎnyuán.,خبرنگاران زیادی با این بازیگر مصاحبه کردند.,量词常用“名、位、个”；“记者会”表示 نشست خبری.
407,聚,jù,HSK 4,动、语素,1,人或事物集中到一起；聚集、相聚（动/语素）,جمع شدن؛ گرد آمدن؛ دور هم آمدن؛ کنار هم آمدنِ افراد یا چیزها (فعل/تکواژ),动/语素,فعل/تکواژ,聚在一起 (jù zài yìqǐ) | 聚到这里 (jù dào zhèli) | 聚会 (jùhuì) | 团聚 (tuánjù),大家周末聚在一起吃饭。,Dàjiā zhōumò jù zài yìqǐ chīfàn.,همه آخر هفته دور هم جمع می‌شوند و غذا می‌خورند.,
407,聚,jù,HSK 4,动、语素,2,使分散的人、事物、力量、资源等集中到一起，多用于构词、固定搭配或较正式表达（及物动/语素）,جمع کردن؛ گرد آوردن؛ متمرکز کردنِ افراد، چیزها، نیرو، منابع یا توجهِ پراکنده، بیشتر در ترکیب‌ها یا بیان رسمی‌تر (فعل گذرا/تکواژ),及物动/语素,فعل گذرا/تکواژ,聚人气 (jù rénqì) | 聚力量 (jù lìliàng) | 聚资源 (jù zīyuán) | 聚焦 (jùjiāo),这个活动可以聚人气，也能聚资源。,"Zhège huódòng kěyǐ jù rénqì, yě néng jù zīyuán.",این برنامه می‌تواند توجه و حضور مردم را جلب کند و منابع را هم گرد بیاورد.,
408,举,jǔ,HSK 4,动,1,把手、物体等向上抬起或托起（及物动）,بالا بردن؛ بلند کردن؛ دست یا چیزی را به سمت بالا بردن یا نگه داشتن (فعل گذرا),及物动,فعل گذرا,举手 (jǔ shǒu) | 举杯 (jǔ bēi) | 举起手 (jǔqǐ shǒu) | 高举双手 (gāojǔ shuāngshǒu),请会的人举手。,Qǐng huì de rén jǔshǒu.,کسانی که بلدند لطفاً دستشان را بالا ببرند.,
408,举,jǔ,HSK 4,动,2,提出、列出或说明例子、证据、理由等（及物动）,آوردن؛ ذکر کردن؛ مطرح کردن؛ مثال، دلیل، شاهد یا مدرکی را برای توضیح چیزی آوردن (فعل گذرا),及物动,فعل گذرا,举例 (jǔlì) | 举个例子 (jǔ ge lìzi) | 举出证据 (jǔchū zhèngjù) | 举几个理由 (jǔ jǐ ge lǐyóu),老师举了一个简单的例子。,Lǎoshī jǔ le yí ge jiǎndān de lìzi.,معلم یک مثال ساده آورد.,
409,举办,jǔbàn,HSK 4,动,1,举行、组织某种活动、会议、比赛、展览等（及物动）,برگزار کردن؛ ترتیب دادن؛ سازمان‌دهی کردنِ فعالیت، جلسه، مسابقه یا نمایشگاه (فعل گذرا),及物动,فعل گذرا,举办活动 (jǔbàn huódòng) | 举办比赛 (jǔbàn bǐsài) | 举办会议 (jǔbàn huìyì) | 举办展览 (jǔbàn zhǎnlǎn),学校下周要举办一个文化活动。,Xuéxiào xià zhōu yào jǔbàn yí ge wénhuà huódòng.,مدرسه هفتهٔ آینده یک برنامهٔ فرهنگی برگزار می‌کند.,及物动词，后面常接活动、比赛、会议、展览、讲座等；比“办”更正式。
410,聚餐,jùcān,HSK 4,动、名,1,多人聚在一起吃饭；也指这样的聚会饭局（动/名）,دور هم غذا خوردن؛ گردهمایی برای غذا خوردن؛ مهمانی یا قرار غذایی گروهی (فعل/اسم),动/名,فعل/اسم,一起聚餐 (yìqǐ jùcān) | 公司聚餐 (gōngsī jùcān) | 周末聚餐 (zhōumò jùcān) | 参加聚餐 (cānjiā jùcān),我们周五晚上一起聚餐吧。,Wǒmen zhōuwǔ wǎnshang yìqǐ jùcān ba.,جمعه‌شب با هم دور هم غذا بخوریم.,常用于朋友、同事、同学一起吃饭的场景；口语和工作场合都常见。
411,聚会,jùhuì,HSK 4,动、名,1,多人约在一起见面、聊天、活动；也指这样的活动（动/名）,دورهمی؛ گردهمایی؛ جمع شدنِ چند نفر برای دیدار، گفت‌وگو یا فعالیت (فعل/اسم),动/名,فعل/اسم,朋友聚会 (péngyou jùhuì) | 家庭聚会 (jiātíng jùhuì) | 参加聚会 (cānjiā jùhuì) | 周末聚会 (zhōumò jùhuì),这个周末我们有一个朋友聚会。,Zhège zhōumò wǒmen yǒu yí ge péngyou jùhuì.,این آخر هفته یک دورهمی دوستانه داریم.,可作名词也可作动词；范围比“聚餐”大，不一定吃饭。
412,拒绝,jùjué,HSK 4,动,1,不接受别人的请求、邀请、建议、礼物等；不答应（及物动）,رد کردن؛ نپذیرفتن؛ قبول نکردنِ درخواست، دعوت، پیشنهاد یا چیزی که به انسان داده می‌شود (فعل گذرا),及物动,فعل گذرا,拒绝邀请 (jùjué yāoqǐng) | 拒绝帮助 (jùjué bāngzhù) | 拒绝建议 (jùjué jiànyì) | 拒绝回答 (jùjué huídá),他拒绝了我们的邀请。,Tā jùjué le wǒmen de yāoqǐng.,او دعوت ما را رد کرد.,及物动词，后面常接邀请、请求、建议、帮助、回答等；语气比“不接受、不答应”更正式。
413,距离,jùlí,HSK 4,名、动,1,两个地方、物体、人或抽象事物之间相隔的长度、空间或差距（名）,فاصله؛ مسافت؛ فاصله یا شکاف میان دو مکان، چیز، شخص یا امر انتزاعی (اسم),名,اسم,距离很远 (jùlí hěn yuǎn) | 距离很近 (jùlí hěn jìn) | 保持距离 (bǎochí jùlí) | 两地之间的距离 (liǎng dì zhījiān de jùlí),学校和我家的距离很近。,Xuéxiào hé wǒ jiā de jùlí hěn jìn.,فاصلهٔ مدرسه و خانهٔ من خیلی کم است.,
413,距离,jùlí,HSK 4,名、动,2,离某个时间、地点、目标或标准有一定远近；距离……还有……表示到某时或某目标还差多少（及物动）,فاصله داشتن از زمان، مکان، هدف یا معیار؛ در ساختار «距离……还有……» یعنی تا آن زمان یا هدف چقدر مانده است (فعل گذرا),及物动,فعل گذرا,距离车站很近 (jùlí chēzhàn hěn jìn) | 距离考试还有三天 (jùlí kǎoshì hái yǒu sān tiān) | 距离目标不远 (jùlí mùbiāo bù yuǎn) | 距离成功很近 (jùlí chénggōng hěn jìn),距离考试还有三天。,Jùlí kǎoshì hái yǒu sān tiān.,تا امتحان هنوز سه روز مانده است.,
414,举例,jǔlì,HSK 4,动,1,提出例子来说明问题、道理或情况（动）,مثال زدن؛ نمونه آوردن برای توضیح دادنِ مسئله، مفهوم یا وضعیت (فعل),动,فعل,举个例子 (jǔ ge lìzi) | 举例说明 (jǔlì shuōmíng) | 请举例 (qǐng jǔlì) | 举几个例子 (jǔ jǐ ge lìzi),老师举例说明了这个语法。,Lǎoshī jǔlì shuōmíng le zhège yǔfǎ.,معلم با مثال این دستور زبان را توضیح داد.,常见说法是“举个例子、举例说明”；也可说“举一个例子”。
415,举行,jǔxíng,HSK 4,动,1,举办、开展会议、仪式、比赛、活动等（及物动）,برگزار کردن؛ برپا کردنِ جلسه، مراسم، مسابقه یا فعالیت (فعل گذرا),及物动,فعل گذرا,举行会议 (jǔxíng huìyì) | 举行婚礼 (jǔxíng hūnlǐ) | 举行比赛 (jǔxíng bǐsài) | 举行活动 (jǔxíng huódòng),学校明天举行运动会。,Xuéxiào míngtiān jǔxíng yùndònghuì.,مدرسه فردا مسابقات ورزشی برگزار می‌کند.,及物动词，后面常接会议、仪式、婚礼、比赛、活动等；比“办”更正式。
416,剧院,jùyuàn,HSK 4,名,1,演出戏剧、歌剧、音乐会等的场所（名）,تئاتر؛ سالن نمایش؛ مکانی برای اجرای نمایش، اپرا، موسیقی و برنامه‌های هنری (اسم),名,اسم,去剧院 (qù jùyuàn) | 国家大剧院 (Guójiā Dà Jùyuàn) | 剧院门口 (jùyuàn ménkǒu) | 在剧院看演出 (zài jùyuàn kàn yǎnchū),晚上我们去剧院看演出。,Wǎnshang wǒmen qù jùyuàn kàn yǎnchū.,شب به سالن تئاتر می‌رویم تا اجرا ببینیم.,主要指观看戏剧、歌剧、音乐等演出的场所；不等同于电影院。
417,开玩笑,kāi wánxiào,HSK 4,动词短语,1,说笑话或用不认真的话逗别人；不是认真地说或做（动词短语）,شوخی کردن؛ جدی نگفتن؛ برای خنداندن یا سبک کردن فضا حرفی غیرجدی زدن (عبارت فعلی),动词短语,عبارت فعلی,跟你开玩笑 (gēn nǐ kāi wánxiào) | 别开玩笑 (bié kāi wánxiào) | 开个玩笑 (kāi ge wánxiào) | 只是开玩笑 (zhǐshì kāi wánxiào),别生气，我只是跟你开玩笑。,"Bié shēngqì, wǒ zhǐshì gēn nǐ kāi wánxiào.",ناراحت نشو، فقط داشتم با تو شوخی می‌کردم.,口语很常用；常用“跟/和……开玩笑”表示 با کسی شوخی کردن.
418,看法,kànfǎ,HSK 4,名,1,对某人、某事或某个问题的想法、意见或判断（名）,نظر؛ دیدگاه؛ برداشت یا قضاوت دربارهٔ کسی، چیزی یا مسئله‌ای (اسم),名,اسم,我的看法 (wǒ de kànfǎ) | 不同看法 (bùtóng kànfǎ) | 对这件事的看法 (duì zhè jiàn shì de kànfǎ) | 发表看法 (fābiǎo kànfǎ),你对这个问题有什么看法？,Nǐ duì zhège wèntí yǒu shénme kànfǎ?,نظر تو دربارهٔ این مسئله چیست؟,常用结构是“对……的看法”；比“想法”更偏意见或判断。
419,烤,kǎo,HSK 4,动,1,用火、热气或烤箱使食物变熟（及物动）,کباب کردن؛ تنوری کردن؛ پختن غذا با آتش، حرارت یا فر (فعل گذرا),及物动,فعل گذرا,烤肉 (kǎo ròu) | 烤鱼 (kǎo yú) | 烤面包 (kǎo miànbāo) | 烤红薯 (kǎo hóngshǔ),我们晚上吃烤鱼吧。,Wǒmen wǎnshang chī kǎo yú ba.,امشب ماهی کبابی/تنوری بخوریم.,
419,烤,kǎo,HSK 4,动,2,靠近火或热源使身体、衣物等变暖、变热或变干（及物/不及物动）,گرم کردن یا خشک کردن با حرارت؛ کنار آتش یا منبع گرما قرار گرفتن یا چیزی را نزدیک گرما گذاشتن تا گرم یا خشک شود (فعل گذرا/ناگذرا),及物/不及物动,فعل گذرا/ناگذرا,烤火 (kǎo huǒ) | 烤手 (kǎo shǒu) | 烤干衣服 (kǎo gān yīfu) | 把手烤暖 (bǎ shǒu kǎo nuǎn),冬天他们坐在炉子旁边烤火。,Dōngtiān tāmen zuò zài lúzi pángbiān kǎo huǒ.,زمستان کنار بخاری/اجاق می‌نشینند و خودشان را گرم می‌کنند.,
419,烤,kǎo,HSK 4,动,3,太阳、火或高温强烈照射，使人或东西感到很热，常用于“被太阳烤、烤得很热”等说法（动）,داغ کردن؛ سوزاندن از شدت گرما؛ وقتی آفتاب، آتش یا حرارت شدید باعث شود آدم یا چیزی خیلی گرم و داغ شود (فعل),动,فعل,被太阳烤 (bèi tàiyáng kǎo) | 烤得很热 (kǎo de hěn rè) | 烤得受不了 (kǎo de shòu bù liǎo) | 太阳烤着大地 (tàiyáng kǎo zhe dàdì),外面太阳太大，把人烤得受不了。,"Wàimian tàiyáng tài dà, bǎ rén kǎo de shòu bù liǎo.",بیرون آفتاب آن‌قدر شدید است که آدم را از گرما کلافه می‌کند.,
420,考虑,kǎolǜ,HSK 4,动、名,1,认真想某件事，特别是为了做决定或解决问题（及物动）,فکر کردن؛ بررسی کردن؛ با دقت سنجیدنِ موضوعی برای تصمیم‌گیری یا حل مسئله (فعل گذرا),及物动,فعل گذرا,考虑问题 (kǎolǜ wèntí) | 考虑一下 (kǎolǜ yíxià) | 考虑清楚 (kǎolǜ qīngchu) | 考虑他的建议 (kǎolǜ tā de jiànyì),这个问题我还需要考虑一下。,Zhège wèntí wǒ hái xūyào kǎolǜ yíxià.,دربارهٔ این مسئله هنوز باید کمی فکر کنم.,及物动词，后面可接问题、建议、计划、办法等；比“想一想”更正式、更认真。
420,考虑,kǎolǜ,HSK 4,动、名,2,把某种因素、情况或需要放在心里，作为判断或决定的依据（及物动）,در نظر گرفتن؛ لحاظ کردنِ یک عامل، وضعیت یا نیاز در تصمیم‌گیری (فعل گذرا),及物动,فعل گذرا,考虑价格 (kǎolǜ jiàgé) | 考虑时间 (kǎolǜ shíjiān) | 考虑安全问题 (kǎolǜ ānquán wèntí) | 考虑到天气 (kǎolǜ dào tiānqì),我们要考虑到每个人的需要。,Wǒmen yào kǎolǜ dào měi ge rén de xūyào.,ما باید نیازهای هر نفر را در نظر بگیریم.,常见结构是“考虑到……”，表示把某因素纳入判断。
420,考虑,kǎolǜ,HSK 4,动、名,3,想法、打算或需要顾及的方面（名）,ملاحظه؛ فکر؛ سنجش یا جنبه‌ای که باید در تصمیم‌گیری در نظر گرفته شود (اسم),名,اسم,一个考虑 (yí ge kǎolǜ) | 主要考虑 (zhǔyào kǎolǜ) | 出于安全考虑 (chūyú ānquán kǎolǜ) | 有自己的考虑 (yǒu zìjǐ de kǎolǜ),出于安全考虑，我们决定取消活动。,"Chūyú ānquán kǎolǜ, wǒmen juédìng qǔxiāo huódòng.",به‌خاطر ملاحظات ایمنی، تصمیم گرفتیم برنامه را لغو کنیم.,名词用法常见于“出于……考虑、有自己的考虑”等较正式表达。
421,考生,kǎoshēng,HSK 4,名,1,报名参加考试的人（名）,داوطلب امتحان؛ شرکت‌کننده در آزمون (اسم),名,اسم,高考考生 (gāokǎo kǎoshēng) | 考生人数 (kǎoshēng rénshù) | 考生信息 (kǎoshēng xìnxī) | 所有考生 (suǒyǒu kǎoshēng),所有考生请带好身份证。,Suǒyǒu kǎoshēng qǐng dài hǎo shēnfènzhèng.,همهٔ داوطلبان آزمون لطفاً کارت شناسایی خود را همراه داشته باشند.,常用于考试通知、学校、报名和考试管理语境；比“学生”范围更窄。
432,可惜,kěxī,HSK 4,形,1,让人感到遗憾；值得惋惜（形）,حیف؛ افسوس‌برانگیز؛ باعث حسرت یا تأسف (صفت),形,صفت,真可惜 (zhēn kěxī) | 太可惜了 (tài kěxī le) | 可惜的是 (kěxī de shì) | 觉得可惜 (juéde kěxī),这么好的机会错过了，真可惜。,"Zhème hǎo de jīhuì cuòguò le, zhēn kěxī.",از دست رفتن چنین فرصت خوبی واقعاً حیف است.,常用于表示遗憾；“可惜的是……”常用来引出令人遗憾的情况。
432,可惜,kěxī,HSK 4,形,2,表示转折，引出令人遗憾的事实；只可惜（连/副）,اما حیف که؛ متأسفانه، برای آوردنِ نکته‌ای تأسف‌برانگیز در ادامه (حرف ربط/قید),连/副,حرف ربط/قید,可惜他没来 (kěxī tā méi lái) | 可惜时间不够 (kěxī shíjiān bú gòu) | 可惜下雨了 (kěxī xià yǔ le) | 可惜太贵了 (kěxī tài guì le),我很想去，可惜没有时间。,"Wǒ hěn xiǎng qù, kěxī méiyǒu shíjiān.",خیلی دلم می‌خواهد بروم، اما متأسفانه وقت ندارم.,口语和书面语都常见，表示后面的情况让人遗憾。
433,科学,kēxué,HSK 4,名、形,1,反映自然、社会、思维等规律的知识体系（名）,علم؛ دانشِ نظام‌مند دربارهٔ قوانین طبیعت، جامعه یا اندیشه (اسم),名,اسم,学习科学 (xuéxí kēxué) | 自然科学 (zìrán kēxué) | 科学知识 (kēxué zhīshi) | 科学研究 (kēxué yánjiū),科学改变了我们的生活。,Kēxué gǎibiàn le wǒmen de shēnghuó.,علم زندگی ما را تغییر داده است.,名词用法常见；可指自然科学、社会科学，也可泛指科学知识和研究。
433,科学,kēxué,HSK 4,名、形,2,符合科学规律、方法或事实的；合理而有根据的（形）,علمی؛ بر پایهٔ علم؛ منطقی و دارای مبنا (صفت),形,صفت,科学方法 (kēxué fāngfǎ) | 科学管理 (kēxué guǎnlǐ) | 科学饮食 (kēxué yǐnshí) | 很科学 (hěn kēxué),这种学习方法比较科学。,Zhè zhǒng xuéxí fāngfǎ bǐjiào kēxué.,این روش یادگیری نسبتاً علمی و منطقی است.,作形容词时表示符合科学或有合理依据。
434,空,kōng,HSK 4,形、副,1,读 kōng，里面没有东西、没有人或没有实际内容（形）,خالی؛ بدون چیز، بدون آدم یا بدون محتوای واقعی؛ دربارهٔ داخل یا محتوای چیزی (صفت),形,صفت,空房间 (kōng fángjiān) | 空杯子 (kōng bēizi) | 空座位 (kōng zuòwèi) | 里面是空的 (lǐmiàn shì kōng de),这个盒子是空的。,Zhège hézi shì kōng de.,این جعبه خالی است.,
434,空,kōng,HSK 4,形、副,2,读 kōng，没有实际内容、结果或根据；白白地、没有收获地（形/副）,توخالی؛ بی‌محتوا؛ بی‌نتیجه؛ بیهوده؛ بدون نتیجه یا دستاورد (صفت/قید),形/副,صفت/قید,空话 (kōnghuà) | 空想 (kōngxiǎng) | 空等一场 (kōng děng yì chǎng) | 空跑一趟 (kōng pǎo yí tàng),我去了两次，结果都空跑一趟。,"Wǒ qù le liǎng cì, jiéguǒ dōu kōng pǎo yí tàng.",دو بار رفتم، ولی هر دو بار بی‌نتیجه برگشتم.,
434,空,kòng,HSK 4,形、名,3,读 kòng，有空闲时间；时间没有被占用（形/名）,وقت آزاد داشتن؛ وقت خالی داشتن؛ زمانی که مشغول یا درگیر کاری نیست (صفت/اسم),形/名,صفت/اسم,有空 (yǒu kòng) | 没空 (méi kòng) | 找个空儿 (zhǎo ge kòngr) | 等我有空 (děng wǒ yǒu kòng),你明天有空吗？,Nǐ míngtiān yǒu kòng ma?,فردا وقت آزاد داری؟,
434,空,kòng,HSK 4,形、名、动,4,读 kòng，地方、位置或时间没有被占用；也指把地方、位置或时间留出来（形/名/动）,خالی یا آزاد بودنِ جا، موقعیت یا زمان برای استفاده؛ خالی گذاشتن یا آزاد کردنِ جا، موقعیت یا زمان برای کاری (صفت/اسم/فعل),形/名/动,صفت/اسم/فعل,空位 (kòngwèi) | 空地方 (kòng dìfang) | 空出时间 (kòngchū shíjiān) | 空出来 (kòng chūlai),你能空出一点时间吗？,Nǐ néng kòngchū yì diǎn shíjiān ma?,می‌توانی کمی وقت خالی کنی؟,
435,恐怕,kǒngpà,HSK 4,副,1,表示估计、担心或不太确定，常带有不希望如此的语气（副）,احتمالاً؛ می‌ترسم که؛ گمان کنم، همراه با نگرانی یا عدم قطعیت (قید),副,قید,恐怕不行 (kǒngpà bù xíng) | 恐怕来不了 (kǒngpà lái bù liǎo) | 恐怕要下雨 (kǒngpà yào xià yǔ) | 恐怕很难 (kǒngpà hěn nán),今天我恐怕不能去了。,Jīntiān wǒ kǒngpà bù néng qù le.,امروز احتمالاً نمی‌توانم بروم.,常用于委婉表达坏消息、担心或估计；比“可能”更带担心和委婉语气。
436,空气,kōngqì,HSK 4,名,1,包围地球、供人和动物呼吸的气体（名）,هوا؛ گازهای اطراف زمین که انسان و حیوان برای تنفس به آن نیاز دارند (اسم),名,اسم,新鲜空气 (xīnxiān kōngqì) | 空气污染 (kōngqì wūrǎn) | 空气质量 (kōngqì zhìliàng) | 呼吸空气 (hūxī kōngqì),山里的空气很新鲜。,Shān li de kōngqì hěn xīnxiān.,هوای کوهستان خیلی تازه است.,
436,空气,kōngqì,HSK 4,名,2,某个地方或场合的气氛、感觉，属引申义，较书面或文学化，日常更常用“气氛”（名）,فضا؛ جوّ؛ حال‌وهوای یک مکان یا موقعیت، در کاربردی استعاری و کمی نوشتاری‌تر؛ در گفتار روزمره معمولاً «气氛» طبیعی‌تر است (اسم),名,اسم,紧张的空气 (jǐnzhāng de kōngqì) | 沉闷的空气 (chénmèn de kōngqì) | 会场里的空气 (huìchǎng li de kōngqì) | 空气变得紧张 (kōngqì biàn de jǐnzhāng),会议室里的空气有点紧张。,Huìyìshì li de kōngqì yǒudiǎn jǐnzhāng.,جوّ اتاق جلسه کمی پرتنش بود.,
437,口语,kǒuyǔ,HSK 4,名,1,人们日常说话时使用的语言；和书面语相对（名）,زبان گفتاری؛ زبان محاوره؛ زبانی که مردم در حرف زدن روزمره به کار می‌برند (اسم),名,اسم,口语练习 (kǒuyǔ liànxí) | 口语课 (kǒuyǔ kè) | 练口语 (liàn kǒuyǔ) | 汉语口语 (Hànyǔ kǒuyǔ),我想提高汉语口语。,Wǒ xiǎng tígāo Hànyǔ kǒuyǔ.,می‌خواهم زبان گفتاری چینی‌ام را بهتر کنم.,和“书面语”相对；常用于语言学习语境。
438,苦,kǔ,HSK 4,形、名、动、副,1,像药、咖啡、苦瓜等的味道，不甜，使人觉得不好吃（形）,تلخ؛ دارای مزه‌ای مثل دارو، قهوه یا کدوی تلخ؛ مقابلِ شیرین (صفت),形,صفت,药很苦 (yào hěn kǔ) | 苦咖啡 (kǔ kāfēi) | 苦味 (kǔwèi) | 又苦又涩 (yòu kǔ yòu sè),这个药太苦了。,Zhège yào tài kǔ le.,این دارو خیلی تلخ است.,
438,苦,kǔ,HSK 4,形、名、动、副,2,生活、经历、工作等艰难、辛苦；也指痛苦、苦难或受过的辛苦（形/名）,سخت؛ پرمشقت؛ رنج‌آور؛ رنج، سختی یا مشقتی که در زندگی، کار یا تجربه‌ای تحمل می‌شود (صفت/اسم),形/名,صفت/اسم,生活很苦 (shēnghuó hěn kǔ) | 吃苦 (chīkǔ) | 受苦 (shòukǔ) | 苦日子 (kǔ rìzi),他小时候吃了很多苦。,Tā xiǎoshíhou chī le hěn duō kǔ.,او در کودکی سختی‌های زیادی کشید.,
438,苦,kǔ,HSK 4,形、名、动、副,3,因某事感到难受、烦恼、为难或被某个问题困住，常用于“苦于……”等表达（形/动）,در رنج یا زحمت بودن؛ از چیزی درمانده، گرفتار یا ناراحت بودن؛ به‌ویژه در ساختارهایی مثل «苦于...» (صفت/فعل),形/动,صفت/فعل,苦于没有办法 (kǔ yú méiyǒu bànfǎ) | 苦于资金不足 (kǔ yú zījīn bùzú) | 苦于找不到工作 (kǔ yú zhǎo bù dào gōngzuò) | 苦不堪言 (kǔ bù kān yán),他苦于找不到合适的工作。,Tā kǔ yú zhǎo bù dào héshì de gōngzuò.,او از اینکه کار مناسبی پیدا نمی‌کند، سخت درمانده و ناراحت است.,
438,苦,kǔ,HSK 4,形、名、动、副,4,使某人受苦、辛苦或为难，常用于“苦了……”等口语表达（及物动）,به زحمت انداختن؛ باعث رنج یا سختیِ کسی شدن؛ معمولاً در عبارت‌هایی مثل «苦了你» برای قدردانی یا همدردی (فعل گذرا),及物动,فعل گذرا,苦了你 (kǔ le nǐ) | 苦了孩子 (kǔ le háizi) | 真苦了大家 (zhēn kǔ le dàjiā) | 这几年苦了她 (zhè jǐ nián kǔ le tā),这些年真是苦了你了。,Zhèxiē nián zhēnshi kǔ le nǐ le.,این چند سال واقعاً خیلی به زحمت افتادی / سختی کشیدی.,
438,苦,kǔ,HSK 4,形、名、动、副,5,非常努力、辛苦或执着地做某事，常用于“苦苦……”或少数动词前（副）,با زحمت زیاد؛ سخت‌کوشانه؛ مصرانه و با تحمل سختی، بیشتر در ساختارهایی مثل «苦苦...» (قید),副,قید,苦苦等待 (kǔkǔ děngdài) | 苦苦请求 (kǔkǔ qǐngqiú) | 苦苦寻找 (kǔkǔ xúnzhǎo) | 苦练发音 (kǔliàn fāyīn),他苦苦等了她三年。,Tā kǔkǔ děng le tā sān nián.,او سه سال با رنج و سماجت منتظر او ماند.,
439,快餐,kuàicān,HSK 4,名,1,制作和供应很快的简单饭食；快餐食品（名）,غذای فوری؛ فست‌فود؛ غذای ساده‌ای که سریع آماده و عرضه می‌شود (اسم),名,اسم,吃快餐 (chī kuàicān) | 快餐店 (kuàicāndiàn) | 中式快餐 (Zhōngshì kuàicān) | 西式快餐 (Xīshì kuàicān),中午我们吃快餐吧。,Zhōngwǔ wǒmen chī kuàicān ba.,ظهر غذای فوری بخوریم.,常指汉堡、盒饭、简餐等快速供应的食物；“快餐店”可作为单独词条处理。
440,快递,kuàidì,HSK 4,名、动,1,寄送包裹、文件等的配送服务；口语中也常指寄来或寄出的包裹（名）,بستهٔ پستی؛ بستهٔ ارسالی؛ پیک (اسم),名,اسم,收快递 (shōu kuàidì) | 寄快递 (jì kuàidì) | 快递公司 (kuàidì gōngsī) | 快递到了 (kuàidì dào le),我的快递到了。,Wǒ de kuàidì dào le.,بسته‌ام رسیده است.,
440,快递,kuàidì,HSK 4,名、动,2,用快递服务寄送东西；日常也常说“寄快递”（及物动）,ارسال بسته؛ با پیک فرستادن (فعل گذرا),及物动,فعل گذرا,快递文件 (kuàidì wénjiàn) | 快递包裹 (kuàidì bāoguǒ) | 快递给你 (kuàidì gěi nǐ) | 寄快递 (jì kuàidì),我把文件快递给你。,Wǒ bǎ wénjiàn kuàidì gěi nǐ.,مدارک را با پیک برایت می‌فرستم.,
441,快速,kuàisù,HSK 4,形、副,1,速度快；用很短时间完成或发生（形/副）,سریع؛ تند؛ با سرعت زیاد یا در زمان کوتاه (صفت/قید),形/副,صفت/قید,快速发展 (kuàisù fāzhǎn) | 快速增长 (kuàisù zēngzhǎng) | 快速回答 (kuàisù huídá) | 快速解决 (kuàisù jiějué),这座城市正在快速发展。,Zhè zuò chéngshì zhèngzài kuàisù fāzhǎn.,این شهر در حال توسعهٔ سریع است.,比“快”更正式，常用于书面语、新闻、工作和说明文字。
442,困,kùn,HSK 4,形、动、语素,1,想睡觉；身体或精神疲倦（形）,خواب‌آلود؛ خسته و مایل به خواب (صفت),形,صفت,很困 (hěn kùn) | 困得睁不开眼 (kùn de zhēng bù kāi yǎn) | 又累又困 (yòu lèi yòu kùn) | 上课犯困 (shàngkè fànkùn),我昨晚没睡好，今天很困。,"Wǒ zuówǎn méi shuì hǎo, jīntiān hěn kùn.",دیشب خوب نخوابیدم، امروز خیلی خواب‌آلودم.,最常用义；“犯困”表示开始觉得困、想睡觉。
442,困,kùn,HSK 4,形、动、语素,2,陷在困难、危险或某个地方出不来；被限制住（动/语素）,گیر افتادن؛ گرفتار شدن؛ در سختی، خطر یا جایی محدود و ناتوان از بیرون آمدن بودن (فعل/تکواژ),动/语素,فعل/تکواژ,被困在山里 (bèi kùn zài shān li) | 困在电梯里 (kùn zài diàntī li) | 困住敌人 (kùnzhù dírén) | 困境 (kùnjìng),他们被困在电梯里了。,Tāmen bèi kùn zài diàntī li le.,آن‌ها در آسانسور گیر افتاده‌اند.,此义常见于“被困、困在、困住、困境”等；“困难”可作为单独词条处理。
443,困难,kùnnan,HSK 4,形、名,1,事情复杂、不容易做或完成（形）,سخت؛ دشوار؛ مشکل و غیرآسان برای انجام دادن یا کامل کردن (صفت),形,صفت,很困难 (hěn kùnnan) | 学起来困难 (xué qǐlai kùnnan) | 解决困难 (jiějué kùnnan) | 困难的问题 (kùnnan de wèntí),这个问题很困难。,Zhège wèntí hěn kùnnan.,این مسئله خیلی دشوار است.,形容词用法很常见；可形容问题、任务、学习、工作等。
443,困难,kùnnan,HSK 4,形、名,2,遇到的不容易解决的问题、障碍或艰难情况（名）,مشکل؛ دشواری؛ مانع یا وضعیت سختی که حل کردنش آسان نیست (اسم),名,اسم,遇到困难 (yùdào kùnnan) | 克服困难 (kèfú kùnnan) | 解决困难 (jiějué kùnnan) | 经济困难 (jīngjì kùnnan),我们一起克服困难。,Wǒmen yìqǐ kèfú kùnnan.,ما با هم بر مشکلات غلبه می‌کنیم.,名词用法也很常见；可指具体问题，也可指经济、生活等方面的困难。
444,辣,là,HSK 4,形,1,像辣椒、姜等刺激舌头或喉咙的味道（形）,تند؛ سوزاننده (صفت),形,صفت,很辣 (hěn là) | 太辣了 (tài là le) | 辣椒很辣 (làjiāo hěn là) | 又香又辣 (yòu xiāng yòu là),这个菜太辣了，我吃不了。,"Zhège cài tài là le, wǒ chī bù liǎo.",این غذا خیلی تند است، نمی‌توانم بخورم.,
444,辣,là,HSK 4,形、动,2,刺激眼睛、喉咙、皮肤等，使人感到刺痛或发热（形/动）,سوزاندن؛ تحریک کردن؛ باعث سوزش شدن (فعل/صفت),形/动,فعل/صفت,辣眼睛 (là yǎnjing) | 辣嗓子 (là sǎngzi) | 辣得流泪 (là de liúlèi) | 辣得睁不开眼 (là de zhēng bù kāi yǎn),切洋葱会辣眼睛。,Qiē yángcōng huì là yǎnjing.,خرد کردن پیاز چشم را می‌سوزاند.,
444,辣,là,HSK 4,形,3,话语、批评、文风等尖锐、强烈、让人不舒服（形）,تند؛ گزنده؛ تیز (صفت),形,صفت,话很辣 (huà hěn là) | 批评很辣 (pīpíng hěn là) | 文笔辛辣 (wénbǐ xīnlà) | 说得很辣 (shuō de hěn là),他这句话说得真辣。,Tā zhè jù huà shuō de zhēn là.,این حرفش واقعاً تند و گزنده بود.,
444,辣,là,HSK 4,形,4,手段、心肠等狠毒、残忍、厉害，常见于“心狠手辣”等表达（形）,بی‌رحم؛ سنگدل؛ ظالم؛ خشن در روش (صفت),形,صفت,心狠手辣 (xīn hěn shǒu là) | 手段毒辣 (shǒuduàn dúlà) | 手段很辣 (shǒuduàn hěn là) | 又狠又辣 (yòu hěn yòu là),这个人心狠手辣，大家都怕他。,"Zhège rén xīn hěn shǒu là, dàjiā dōu pà tā.",این آدم سنگدل و بی‌رحم است و همه از او می‌ترسند.,
445,拉,lā,HSK 4,动,1,用力使人或物向自己或某个方向移动（及物动）,کشیدن (فعل گذرا),及物动,فعل گذرا,拉门 (lā mén) | 拉箱子 (lā xiāngzi) | 拉着我的手 (lāzhe wǒ de shǒu) | 往外拉 (wǎng wài lā),请把门拉开。,Qǐng bǎ mén lā kāi.,لطفاً در را بکش و باز کن.,
445,拉,lā,HSK 4,动,2,把人、货物等用车、船等运送到别处（及物动）,حمل کردن؛ جابه‌جا کردن (فعل گذرا),及物动,فعل گذرا,拉货 (lā huò) | 拉客人 (lā kèrén) | 拉一车东西 (lā yì chē dōngxi) | 开车拉人 (kāichē lā rén),这辆车可以拉很多货。,Zhè liàng chē kěyǐ lā hěn duō huò.,این ماشین می‌تواند بار زیادی حمل کند.,
445,拉,lā,HSK 4,动,3,演奏小提琴、二胡等拉弦乐器（及物动）,نواختنِ ساز زهی آرشه‌ای (فعل گذرا),及物动,فعل گذرا,拉小提琴 (lā xiǎotíqín) | 拉二胡 (lā èrhú) | 拉琴 (lā qín) | 拉得很好 (lā de hěn hǎo),她会拉小提琴。,Tā huì lā xiǎotíqín.,او بلد است ویولن بزند.,
445,拉,lā,HSK 4,动,4,招揽、争取或吸引人、客户、选票等（及物动）,جذب کردن؛ جلب کردن (فعل گذرا),及物动,فعل گذرا,拉客户 (lā kèhù) | 拉票 (lā piào) | 拉生意 (lā shēngyi) | 拉人入伙 (lā rén rùhuǒ),他正在为公司拉客户。,Tā zhèngzài wèi gōngsī lā kèhù.,او دارد برای شرکت مشتری جذب می‌کند.,
445,拉,lā,HSK 4,动,5,使关系、距离、时间、期限、形状等变近、变远、变长或扩大，常和结果补语连用（及物动）,تغییر دادنِ فاصله، رابطه یا مدت؛ کشیده‌تر یا طولانی‌تر کردن (فعل گذرا),及物动,فعل گذرا,拉近距离 (lājìn jùlí) | 拉开距离 (lākāi jùlí) | 拉长时间 (lācháng shíjiān) | 拉长期限 (lācháng qīxiàn),他们决定拉长项目期限。,Tāmen juédìng lācháng xiàngmù qīxiàn.,آن‌ها تصمیم گرفتند مهلت پروژه را طولانی‌تر کنند.,
445,拉,lā,HSK 4,动,6,建立或利用关系，常带有为了办事而套近乎的意思（及物动）,رابطه‌سازی کردن؛ رابطه‌بازی کردن (فعل گذرا),及物动,فعل گذرا,拉关系 (lā guānxi) | 拉关系办事 (lā guānxi bànshì) | 到处拉关系 (dàochù lā guānxi) | 拉私人关系 (lā sīrén guānxi),他总想靠拉关系解决问题。,Tā zǒng xiǎng kào lā guānxi jiějué wèntí.,او همیشه می‌خواهد با رابطه‌بازی مشکل را حل کند.,
445,拉,lā,HSK 4,动,7,把别人牵扯进某件事；让别人一起参与或承担，多用于“拉上、拉进来”等（及物动）,وارد ماجرا کردن؛ قاطی کردن؛ با خود کشاندن (فعل گذرا),及物动,فعل گذرا,拉上别人 (lāshàng biérén) | 拉他进来 (lā tā jìnlai) | 把朋友拉下水 (bǎ péngyou lā xià shuǐ) | 别把我拉进去 (bié bǎ wǒ lā jìnqu),这件事跟他没关系，为什么要拉上别人？,"Zhè jiàn shì gēn tā méi guānxi, wèishénme yào lāshàng biérén?",این قضیه به او ربطی ندارد، چرا باید دیگران را هم قاطی کنی؟,
445,拉,lā,HSK 4,动,8,排出大便，口语用法（动）,دفع کردن؛ مدفوع کردن (فعل),动,فعل,拉屎 (lā shǐ) | 拉肚子 (lā dùzi) | 拉了一次 (lā le yí cì) | 拉得很厉害 (lā de hěn lìhai),他今天拉肚子了。,Tā jīntiān lā dùzi le.,او امروز اسهال گرفته است.,
445,拉,lā,HSK 4,动,9,在乒乓球、网球等运动中，用上旋方式击球（及物动）,تاپ‌اسپین زدن؛ ضربهٔ چرخشی زدن در پینگ‌پنگ/تنیس (فعل گذرا، ورزش),及物动,فعل گذرا، ورزش,拉球 (lā qiú) | 拉上旋球 (lā shàngxuánqiú) | 正手拉球 (zhèngshǒu lā qiú) | 反手拉球 (fǎnshǒu lā qiú),他正在练习正手拉球。,Tā zhèngzài liànxí zhèngshǒu lā qiú.,او دارد تاپ‌اسپین فورهند تمرین می‌کند.,
446,来不及,láibují,HSK 4,动词短语,1,时间不够，不能按时完成或赶上（动词短语）,وقت نداشتن؛ نرسیدن؛ فرصت کافی برای انجام دادن یا به‌موقع رسیدن نداشتن (عبارت فعلی),动词短语,عبارت فعلی,来不及吃饭 (láibují chīfàn) | 来不及准备 (láibují zhǔnbèi) | 已经来不及了 (yǐjīng láibují le) | 来不及赶车 (láibují gǎn chē),快点儿，不然就来不及了。,"Kuài diǎnr, bùrán jiù láibují le.",زودتر، وگرنه دیگر نمی‌رسیم.,表示时间不够；后面可接动词短语，也可单独说“来不及了”。
447,来得及,láidejí,HSK 4,动词短语,1,还有足够时间，能按时完成或赶上（动词短语）,وقت داشتن؛ رسیدن؛ فرصت کافی برای انجام دادن یا به‌موقع رسیدن داشتن (عبارت فعلی),动词短语,عبارت فعلی,来得及准备 (láidejí zhǔnbèi) | 还来得及 (hái láidejí) | 来得及吃饭 (láidejí chīfàn) | 来得及赶车 (láidejí gǎn chē),现在出发还来得及。,Xiànzài chūfā hái láidejí.,اگر الان راه بیفتیم هنوز می‌رسیم.,和“来不及”相对；常和“还”连用，表示 هنوز وقت هست.
448,垃圾,lājī,HSK 4,名,1,不要的废物、脏东西或丢掉的东西（名）,زباله؛ آشغال؛ چیزهای دورریختنی یا کثیف (اسم),名,اسم,倒垃圾 (dào lājī) | 扔垃圾 (rēng lājī) | 垃圾桶 (lājītǒng) | 生活垃圾 (shēnghuó lājī),请把垃圾扔到垃圾桶里。,Qǐng bǎ lājī rēng dào lājītǒng li.,لطفاً زباله را داخل سطل زباله بینداز.,最常用义；“垃圾桶、垃圾分类”可作为单独词条处理。
448,垃圾,lājī,HSK 4,名、形,2,质量很差、没有价值的人或东西，带强烈贬义（名/形）,مزخرف؛ بی‌ارزش؛ آشغال، برای چیزی یا کسی با کیفیت بسیار بد و با بار توهین‌آمیز (اسم/صفت),名/形,اسم/صفت,垃圾电影 (lājī diànyǐng) | 垃圾食品 (lājī shípǐn) | 太垃圾了 (tài lājī le) | 垃圾信息 (lājī xìnxī),这部电影太垃圾了。,Zhè bù diànyǐng tài lājī le.,این فیلم خیلی مزخرف است.,口语贬义很强，评价人时不礼貌；“垃圾食品、垃圾信息”较常见。
449,懒,lǎn,HSK 4,形,1,不愿意劳动、学习或做事；怕麻烦（形）,تنبل؛ بی‌حال؛ کسی که میل به کار، درس یا زحمت کشیدن ندارد (صفت),形,صفت,很懒 (hěn lǎn) | 懒得动 (lǎn de dòng) | 懒人 (lǎnrén) | 又懒又慢 (yòu lǎn yòu màn),他太懒了，什么都不想做。,"Tā tài lǎn le, shénme dōu bù xiǎng zuò.",او خیلی تنبل است و دلش نمی‌خواهد هیچ کاری بکند.,常用于评价人或状态；带贬义。
449,懒,lǎn,HSK 4,形,2,不想做某事；嫌麻烦，多用“懒得+动词”（形）,حالِ انجام کاری را نداشتن؛ حوصله یا رغبت نداشتن، بیشتر در ساختار «حوصلهٔ کاری را نداشتن» (صفت),形,صفت,懒得说 (lǎn de shuō) | 懒得解释 (lǎn de jiěshì) | 懒得出门 (lǎn de chūmén) | 懒得管 (lǎn de guǎn),我今天太累了，懒得做饭。,"Wǒ jīntiān tài lèi le, lǎn de zuò fàn.",امروز خیلی خسته‌ام و حوصلهٔ غذا پختن ندارم.,“懒得+动词”口语很常见，不一定表示 شخص性格懒，只表示当下不想做。
450,浪费,làngfèi,HSK 4,动、名,1,不合理地使用钱、时间、资源等，使其白白消耗（及物动）,هدر دادن؛ اسراف کردن؛ بیهوده مصرف کردنِ پول، زمان، منابع یا فرصت (فعل گذرا),及物动,فعل گذرا,浪费时间 (làngfèi shíjiān) | 浪费钱 (làngfèi qián) | 浪费水 (làngfèi shuǐ) | 浪费机会 (làngfèi jīhuì),不要浪费时间。,Bú yào làngfèi shíjiān.,وقت را هدر نده.,及物动词，后面常接时间、钱、水、电、食物、机会等；反义词可用“节约”。
450,浪费,làngfèi,HSK 4,动、名,2,不合理的消耗或使用；被白白消耗的情况（名）,هدررفت؛ اسراف؛ مصرف بیهوده یا غیرمنطقی (اسم),名,اسم,严重浪费 (yánzhòng làngfèi) | 造成浪费 (zàochéng làngfèi) | 减少浪费 (jiǎnshǎo làngfèi) | 食物浪费 (shíwù làngfèi),这样做会造成很大的浪费。,Zhèyàng zuò huì zàochéng hěn dà de làngfèi.,این کار باعث هدررفت زیادی می‌شود.,名词用法常见于资源、食物、时间、资金等语境。
451,浪漫,làngmàn,HSK 4,形,1,富有诗意、感情或美好想象，使人感到温柔、甜蜜或有情调（形）,رمانتیک؛ عاشقانه؛ شاعرانه و سرشار از احساس یا حال‌وهوای زیبا (صفت),形,صفت,很浪漫 (hěn làngmàn) | 浪漫的爱情 (làngmàn de àiqíng) | 浪漫的晚上 (làngmàn de wǎnshang) | 浪漫气氛 (làngmàn qìfēn),他们在海边度过了一个浪漫的晚上。,Tāmen zài hǎibiān dùguò le yí ge làngmàn de wǎnshang.,آن‌ها کنار دریا یک شب رمانتیک را گذراندند.,常用于爱情、约会、环境、气氛等；也可形容人富有浪漫情调。
989,老虎,lǎohǔ,HSK 4,名,1,一种大型猫科猛兽，身上有黄黑色条纹（名）,ببر (اسم),名,اسم,一只老虎 (yì zhī lǎohǔ) | 老虎很凶 (lǎohǔ hěn xiōng) | 老虎叫声 (lǎohǔ jiàoshēng) | 动物园里的老虎 (dòngwùyuán li de lǎohǔ),动物园里有两只老虎。,Dòngwùyuán li yǒu liǎng zhī lǎohǔ.,در باغ‌وحش دو ببر هست.,
989,老虎,lǎohǔ,HSK 4,名,2,比喻凶猛、厉害或让人害怕的人或事物（名）,آدم یا چیز ترسناک، خشن یا پرقدرت (اسم، استعاری),名,اسم، استعاری,像老虎一样凶 (xiàng lǎohǔ yíyàng xiōng) | 老虎一样的人 (lǎohǔ yíyàng de rén) | 像老虎一样扑过来 (xiàng lǎohǔ yíyàng pū guòlai) | 老虎般的气势 (lǎohǔ bān de qìshì),他在公司里像老虎一样，大家都怕他。,"Tā zài gōngsī li xiàng lǎohǔ yíyàng, dàjiā dōu pà tā.",او در شرکت مثل ببر ترسناک است و همه از او می‌ترسند.,
452,老家,lǎojiā,HSK 4,名,1,自己的故乡或原籍，通常指自己或家族原来生活的地方（名）,زادگاه؛ شهر یا روستای اصلی خانواده (اسم),名,اسم,回老家 (huí lǎojiā) | 老家在农村 (lǎojiā zài nóngcūn) | 老家的人 (lǎojiā de rén) | 老家的房子 (lǎojiā de fángzi),春节我想回老家看看。,Chūnjié wǒ xiǎng huí lǎojiā kànkan.,عید بهار می‌خواهم به زادگاهم برگردم و سر بزنم.,
452,老家,lǎojiā,HSK 4,名,2,家族长期居住或祖辈生活过的地方（名）,خانه یا محلِ اجدادی (اسم),名,اسم,祖辈的老家 (zǔbèi de lǎojiā) | 老家祖屋 (lǎojiā zǔwū) | 老家的亲戚 (lǎojiā de qīnqi) | 老家那边 (lǎojiā nàbiān),我爷爷的老家在山东。,Wǒ yéye de lǎojiā zài Shāndōng.,زادگاه اجدادی پدربزرگم در شاندونگ است.,
453,老年,lǎonián,HSK 4,名,1,人生中年纪较大的阶段，通常指晚年（名）,سالمندی؛ دوران پیری (اسم),名,اسم,进入老年 (jìnrù lǎonián) | 老年生活 (lǎonián shēnghuó) | 老年人 (lǎoniánrén) | 老年健康 (lǎonián jiànkāng),他很重视老年健康。,Tā hěn zhòngshì lǎonián jiànkāng.,او به سلامت دوران سالمندی خیلی اهمیت می‌دهد.,
454,老是,lǎoshì,HSK 4,副,1,总是、一直是这样，口语常用，常带有不满或强调（副）,همیشه؛ مدام؛ هی (قید، محاوره‌ای),副,قید، محاوره‌ای,老是迟到 (lǎoshì chídào) | 老是忘记 (lǎoshì wàngjì) | 老是这样 (lǎoshì zhèyàng) | 老是说同一句话 (lǎoshì shuō tóng yí jù huà),他老是上课迟到。,Tā lǎoshì shàngkè chídào.,او مدام سر کلاس دیر می‌آید.,
455,冷静,lěngjìng,HSK 4,形,1,人遇到事情时情绪稳定、不慌张（形）,آرام؛ خونسرد (صفت),形,صفت,保持冷静 (bǎochí lěngjìng) | 非常冷静 (fēicháng lěngjìng) | 冷静的人 (lěngjìng de rén) | 头脑冷静 (tóunǎo lěngjìng),遇到问题时，你要保持冷静。,"Yùdào wèntí shí, nǐ yào bǎochí lěngjìng.",وقتی با مشکل روبه‌رو می‌شوی، باید آرام بمانی.,
455,冷静,lěngjìng,HSK 4,动,2,使情绪稳定下来；让自己不冲动（动）,آرام شدن؛ خونسرد شدن (فعل),动,فعل,冷静一下 (lěngjìng yíxià) | 先冷静冷静 (xiān lěngjìng lěngjìng) | 让自己冷静下来 (ràng zìjǐ lěngjìng xiàlai) | 慢慢冷静下来 (mànmàn lěngjìng xiàlai),你先冷静一下，再做决定。,"Nǐ xiān lěngjìng yíxià, zài zuò juédìng.",اول کمی آرام شو، بعد تصمیم بگیر.,
456,俩,liǎ,HSK 4,数/代,1,用于人称代词或表示人的名词后，表示“两个人一起”，口语很常用（数/代）,دو نفرِ؛ دوتایی؛ هر دو نفر (عدد/ضمیر، محاوره‌ای),数/代,عدد/ضمیر، محاوره‌ای,我们俩 (wǒmen liǎ) | 你们俩 (nǐmen liǎ) | 他们俩 (tāmen liǎ) | 夫妻俩 (fūqī liǎ),他们俩是好朋友。,Tāmen liǎ shì hǎo péngyou.,آن دو نفر دوستان خوبی هستند.,
456,俩,liǎ,HSK 4,数,2,两个，口语用法，常直接放在名词前，后面一般不再加“个”（数）,دو؛ دو تا (عدد، محاوره‌ای),数,عدد، محاوره‌ای,俩人 (liǎ rén) | 俩孩子 (liǎ háizi) | 俩苹果 (liǎ píngguǒ) | 俩问题 (liǎ wèntí),我买了俩苹果。,Wǒ mǎi le liǎ píngguǒ.,من دو تا سیب خریدم.,
457,连,lián,HSK 4,动,1,把两个或多个事物接在一起；使不断开（及物动）,وصل کردن؛ پیوند دادن (فعل گذرا),及物动,فعل گذرا,连在一起 (lián zài yìqǐ) | 连起来 (lián qǐlai) | 连成一条线 (lián chéng yì tiáo xiàn) | 把线连上 (bǎ xiàn lián shang),请把这两根线连起来。,Qǐng bǎ zhè liǎng gēn xiàn lián qǐlai.,لطفاً این دو سیم را به هم وصل کن.,
457,连,lián,HSK 4,副,2,连续、接连，不间断地发生或排列（副）,پیاپی؛ پشت‌سرهم؛ متوالی (قید),副,قید,连下三天雨 (lián xià sān tiān yǔ) | 连赢三场 (lián yíng sān chǎng) | 连着几天 (liánzhe jǐ tiān) | 连续不断 (liánxù búduàn),这里连下了三天雨。,Zhèli lián xià le sān tiān yǔ.,اینجا سه روز پشت‌سرهم باران بارید.,
457,连,lián,HSK 4,介,3,表示强调某人或某物也包括在内，常和“都、也”呼应（介）,حتی؛ حتی... هم (حرف اضافه),介,حرف اضافه,连我都知道 (lián wǒ dōu zhīdào) | 连孩子也懂 (lián háizi yě dǒng) | 连饭都没吃 (lián fàn dōu méi chī) | 连一句话也没说 (lián yí jù huà yě méi shuō),他忙得连饭都没吃。,Tā máng de lián fàn dōu méi chī.,او آن‌قدر سرش شلوغ بود که حتی غذا هم نخورد.,
457,连,lián,HSK 4,介,4,表示把某人或某物计算在内，相当于“包括、加上”（介）,با احتسابِ؛ شاملِ؛ به‌اضافهٔ (حرف اضافه),介,حرف اضافه,连你一共十个人 (lián nǐ yígòng shí ge rén) | 连我在内 (lián wǒ zài nèi) | 连运费一起算 (lián yùnfèi yìqǐ suàn) | 连本带利 (lián běn dài lì),连你一共十个人。,Lián nǐ yígòng shí ge rén.,با احتساب تو، جمعاً ده نفر می‌شویم.,
457,连,lián,HSK 4,名,5,军队中的一级组织，通常比排大、比营小（名）,گروهان؛ واحد نظامی (اسم),名,اسم,一个连 (yí ge lián) | 连长 (liánzhǎng) | 三连 (sān lián) | 全连战士 (quán lián zhànshì),他在三连当兵。,Tā zài sān lián dāngbīng.,او در گروهان سوم خدمت می‌کند.,
458,凉,liáng,HSK 4,形,1,温度低但不太冷，使人感觉清爽（形）,خنک (صفت),形,صفت,天气很凉 (tiānqì hěn liáng) | 凉风 (liángfēng) | 凉水 (liángshuǐ) | 早晚有点凉 (zǎowǎn yǒudiǎn liáng),今天晚上有点凉。,Jīntiān wǎnshang yǒudiǎn liáng.,امشب کمی خنک است.,
458,凉,liáng,HSK 4,形,2,食物、茶水等温度降低，不热了（形）,سردشده؛ از داغی افتاده (صفت),形,صفت,饭凉了 (fàn liáng le) | 茶凉了 (chá liáng le) | 菜都凉了 (cài dōu liáng le) | 等汤凉一点 (děng tāng liáng yìdiǎn),快吃吧，饭要凉了。,"Kuài chī ba, fàn yào liáng le.",زود بخور، غذا دارد سرد می‌شود.,
458,凉,liáng,HSK 4,动,3,使东西变凉；放一会儿让温度降低（动）,خنک کردن؛ گذاشتن تا سرد شود (فعل),动,فعل,把水凉一下 (bǎ shuǐ liáng yíxià) | 凉一会儿 (liáng yíhuìr) | 放凉 (fàngliáng) | 晾凉 (liàngliáng),汤太烫了，先凉一会儿。,"Tāng tài tàng le, xiān liáng yíhuìr.",سوپ خیلی داغ است، بگذار اول کمی خنک شود.,
458,凉,liáng,HSK 4,形,4,心里失望、灰心，或因害怕、不安而感到发冷（形）,دل‌سرد؛ ناامید؛ دل‌نگران (صفت),形,صفت,心凉了 (xīn liáng le) | 让人心凉 (ràng rén xīn liáng) | 心里发凉 (xīn li fā liáng) | 听了心里发凉 (tīng le xīn li fā liáng),听到这句话，我心里发凉。,"Tīngdào zhè jù huà, wǒ xīn li fā liáng.",با شنیدن این حرف، دلم سرد شد و حس بدی گرفتم.,
459,量,liáng,HSK 4,动,1,用尺、仪器等确定长度、高度、面积、温度等（及物动）,اندازه گرفتن (فعل گذرا),及物动,فعل گذرا,量身高 (liáng shēngāo) | 量体温 (liáng tǐwēn) | 量尺寸 (liáng chǐcun) | 量一下长度 (liáng yíxià chángdù),医生先给他量体温。,Yīshēng xiān gěi tā liáng tǐwēn.,دکتر اول دمای بدنش را اندازه گرفت.,
459,量,liàng,HSK 4,动,2,估计、衡量或根据实际情况考虑，多用于成语或固定表达（及物动）,سنجیدن؛ برآورد کردن؛ با توجه به شرایط در نظر گرفتن (فعل گذرا، بیشتر در عبارت‌های ثابت),及物动,فعل گذرا، بیشتر در عبارت‌های ثابت,量力而行 (liàng lì ér xíng) | 量入为出 (liàng rù wéi chū) | 量体裁衣 (liàng tǐ cái yī) | 量才录用 (liàng cái lùyòng),做事要量力而行。,Zuòshì yào liàng lì ér xíng.,در انجام کارها باید توان خودت را بسنجی و بر همان اساس عمل کنی.,
459,量,liàng,HSK 4,名,3,事物的多少、大小或程度，常用于“数量、重量、工作量、信息量”等词中（名）,مقدار؛ میزان؛ حجم (اسم),名,اسم,数量 (shùliàng) | 重量 (zhòngliàng) | 工作量 (gōngzuòliàng) | 信息量 (xìnxīliàng),今天的工作量很大。,Jīntiān de gōngzuòliàng hěn dà.,حجم کار امروز زیاد است.,
459,量,liàng,HSK 4,名,4,表示能容纳、能承受或某方面能力的大小，常用于“酒量、饭量、胆量、气量、度量”等词中（名）,ظرفیت؛ گنجایش؛ میزان توان یا تحمل (اسم),名,اسم,酒量 (jiǔliàng) | 饭量 (fànliàng) | 胆量 (dǎnliàng) | 气量 (qìliàng) | 度量 (dùliàng),他的酒量不大。,Tā de jiǔliàng bú dà.,ظرفیت نوشیدن الکلش زیاد نیست.,
459,量,liàng,HSK 4,名,5,用于语法中，指表示计数单位的词，如“个、张、条、本”等（名）,واژهٔ شمارشی؛ واحدشمار (اسم، دستور زبان),名,اسم، دستور زبان,量词 (liàngcí) | 常用量词 (chángyòng liàngcí) | 名量词 (míng-liàngcí) | 动量词 (dòng-liàngcí),“本”是书的量词。,“Běn” shì shū de liàngcí.,«本» واحدشمارِ کتاب است.,
460,亮,liàng,HSK 4,形,1,光线强；明亮（形）,روشن؛ پرنور (صفت),形,صفت,灯很亮 (dēng hěn liàng) | 房间很亮 (fángjiān hěn liàng) | 光线很亮 (guāngxiàn hěn liàng) | 亮亮的灯 (liàngliàng de dēng),这个房间很亮。,Zhège fángjiān hěn liàng.,این اتاق خیلی روشن است.,
460,亮,liàng,HSK 4,动,2,天开始有光；天明（动）,روشن شدن هوا؛ صبح شدن (فعل),动,فعل,天亮了 (tiān liàng le) | 快亮了 (kuài liàng le) | 等天亮 (děng tiān liàng) | 天还没亮 (tiān hái méi liàng),天还没亮，他就出门了。,"Tiān hái méi liàng, tā jiù chūmén le.",هوا هنوز روشن نشده بود که او از خانه بیرون رفت.,
460,亮,liàng,HSK 4,形,3,声音清楚、响亮；颜色鲜明、明快（形）,رسا و واضح؛ روشن و درخشانِ رنگ (صفت),形,صفت,声音很亮 (shēngyīn hěn liàng) | 嗓音亮 (sǎngyīn liàng) | 颜色很亮 (yánsè hěn liàng) | 亮一点的颜色 (liàng yìdiǎn de yánsè),她的声音又高又亮。,Tā de shēngyīn yòu gāo yòu liàng.,صدایش هم بلند است هم رسا.,
460,亮,liàng,HSK 4,动,4,把东西拿出来给人看；公开显示、说明或表明（及物动）,نشان دادن؛ آشکار کردن؛ رو کردن؛ موضع/هویت را روشن کردن (فعل گذرا),及物动,فعل گذرا,亮出证件 (liàngchū zhèngjiàn) | 亮出底牌 (liàngchū dǐpái) | 亮明身份 (liàngmíng shēnfèn) | 亮明态度 (liàngmíng tàidu),请先亮出你的证件。,Qǐng xiān liàngchū nǐ de zhèngjiàn.,لطفاً اول کارت شناسایی‌ات را نشان بده.,
460,亮,liàng,HSK 4,动,5,灯、屏幕等发出光；变得明亮（不及物动）,روشن شدن؛ نور دادن (فعل ناگذر),不及物动,فعل ناگذر,灯亮了 (dēng liàng le) | 屏幕亮了 (píngmù liàng le) | 天色亮起来了 (tiānsè liàng qǐlai le) | 屋里亮起来了 (wū li liàng qǐlai le),手机屏幕突然亮了。,Shǒujī píngmù tūrán liàng le.,صفحهٔ گوشی ناگهان روشن شد.,
461,联系,liánxì,HSK 4,动,1,通过电话、信息、见面等方式和别人沟通、取得关系（及物/不及物动）,تماس گرفتن؛ ارتباط برقرار کردن (فعل),及物/不及物动,فعل,联系老师 (liánxì lǎoshī) | 跟朋友联系 (gēn péngyou liánxì) | 保持联系 (bǎochí liánxì) | 失去联系 (shīqù liánxì),请你尽快联系我。,Qǐng nǐ jǐnkuài liánxì wǒ.,لطفاً هرچه زودتر با من تماس بگیر.,
461,联系,liánxì,HSK 4,名,2,人与人、事物与事物之间的关系或关联（名）,ارتباط؛ رابطه؛ پیوند (اسم),名,اسم,直接联系 (zhíjiē liánxì) | 密切联系 (mìqiè liánxì) | 没有联系 (méiyǒu liánxì) | 内在联系 (nèizài liánxì),这两件事之间没有直接联系。,Zhè liǎng jiàn shì zhījiān méiyǒu zhíjiē liánxì.,بین این دو موضوع ارتباط مستقیمی نیست.,
462,列,liè,HSK 4,名,1,按直线排列的一行或一竖行，常用于表格、队形、文字、数字等（名）,ردیف؛ ستون؛ صفِ منظم و خطی (اسم),名,اسم,第一列 (dì yī liè) | 左边一列 (zuǒbian yì liè) | 表格的一列 (biǎogé de yì liè) | 竖着的一列数字 (shùzhe de yì liè shùzì),请看表格的第一列。,Qǐng kàn biǎogé de dì yī liè.,لطفاً ستون اول جدول را نگاه کن.,
462,列,liè,HSK 4,动,2,把人、事物、项目等按顺序写出或排出（及物动）,فهرست کردن؛ ردیف کردن (فعل گذرا),及物动,فعل گذرا,列名单 (liè míngdān) | 列清单 (liè qīngdān) | 列出来 (liè chūlai) | 列举例子 (lièjǔ lìzi),请把需要买的东西列出来。,Qǐng bǎ xūyào mǎi de dōngxi liè chūlai.,لطفاً چیزهایی را که باید بخریم فهرست کن.,
462,列,liè,HSK 4,动,3,把某人或某事放在某个范围、等级、类别或位置中（及物动）,قرار دادن در دسته یا رتبه‌ای؛ شمردن جزوِ چیزی (فعل گذرا),及物动,فعل گذرا,列为重点 (liè wéi zhòngdiǎn) | 列入名单 (lièrù míngdān) | 列在第一位 (liè zài dì yī wèi) | 被列为危险品 (bèi liè wéi wēixiǎnpǐn),这个问题被列为重点。,Zhège wèntí bèi liè wéi zhòngdiǎn.,این مسئله جزو موارد مهم قرار گرفت.,
462,列,liè,HSK 4,量,4,用于成行排列的人、车、队伍等（量）,واحدشمار برای قطار/صف/چیزهای ردیفی (واحدشمار),量,واحدشمار,一列火车 (yí liè huǒchē) | 两列队伍 (liǎng liè duìwu) | 一列士兵 (yì liè shìbīng) | 三列数字 (sān liè shùzì),一列火车刚刚开走。,Yí liè huǒchē gānggāng kāi zǒu.,یک قطار همین حالا حرکت کرد.,
463,理发,lǐfà,HSK 4,动,1,剪、修整头发（动）,مو کوتاه کردن؛ آرایش مو کردن (فعل),动,فعل,去理发 (qù lǐfà) | 理个发 (lǐ ge fà) | 理发店 (lǐfàdiàn) | 给孩子理发 (gěi háizi lǐfà),我下午去理发。,Wǒ xiàwǔ qù lǐfà.,بعدازظهر می‌روم موهایم را کوتاه کنم.,
464,厉害,lìhai,HSK 4,形,1,本领、能力或程度很强，让人佩服（形）,ماهر؛ قوی؛ خیلی خوب؛ کاردرست (صفت),形,صفت,很厉害 (hěn lìhai) | 太厉害了 (tài lìhai le) | 学习很厉害 (xuéxí hěn lìhai) | 厉害的人 (lìhai de rén),她中文说得很厉害。,Tā Zhōngwén shuō de hěn lìhai.,او چینی را خیلی خوب صحبت می‌کند.,
464,厉害,lìhai,HSK 4,形,2,程度很重、很强或很严重，常用于疼痛、天气、病情、影响等（形）,شدید؛ زیاد؛ سخت (صفت),形,صفت,疼得厉害 (téng de lìhai) | 病得厉害 (bìng de lìhai) | 风很厉害 (fēng hěn lìhai) | 吵得厉害 (chǎo de lìhai),他咳嗽得很厉害。,Tā késou de hěn lìhai.,او خیلی شدید سرفه می‌کند.,
464,厉害,lìhai,HSK 4,形,3,人、对手、手段等强硬、有威力或难对付（形）,سرسخت؛ حریف حسابی؛ سخت‌گیر؛ دست‌کم‌گرفتنی نیست (صفت),形,صفت,对手很厉害 (duìshǒu hěn lìhai) | 手段厉害 (shǒuduàn lìhai) | 这个人厉害 (zhège rén lìhai) | 厉害角色 (lìhai juésè),这个对手很厉害，不能大意。,"Zhège duìshǒu hěn lìhai, bù néng dàyì.",این حریف خیلی سرسخت و قوی است؛ نباید دست‌کم گرفتش.,
465,理解,lǐjiě,HSK 4,动,1,明白别人的意思、话语、想法或某个道理（及物动）,فهمیدن؛ درک کردن (فعل گذرا),及物动,فعل گذرا,理解意思 (lǐjiě yìsi) | 理解这句话 (lǐjiě zhè jù huà) | 难以理解 (nányǐ lǐjiě) | 完全理解 (wánquán lǐjiě),我不太理解这句话的意思。,Wǒ bú tài lǐjiě zhè jù huà de yìsi.,من معنی این جمله را خیلی خوب درک نمی‌کنم.,
465,理解,lǐjiě,HSK 4,动,2,体会别人的处境、心情或做法，并表示同情或接受（及物动）,درک کردن؛ همدلی کردن؛ پذیرفتن شرایط کسی (فعل گذرا),及物动,فعل گذرا,理解别人 (lǐjiě biérén) | 互相理解 (hùxiāng lǐjiě) | 理解父母 (lǐjiě fùmǔ) | 得到理解 (dédào lǐjiě),我能理解你的心情。,Wǒ néng lǐjiě nǐ de xīnqíng.,می‌توانم احساست را درک کنم.,
465,理解,lǐjiě,HSK 4,名,3,对某件事、某句话或某个人的认识和看法（名）,برداشت؛ فهم؛ درک (اسم),名,اسم,我的理解 (wǒ de lǐjiě) | 不同的理解 (bùtóng de lǐjiě) | 加深理解 (jiāshēn lǐjiě) | 正确理解 (zhèngquè lǐjiě),这是我对这个问题的理解。,Zhè shì wǒ duì zhège wèntí de lǐjiě.,این برداشت من از این مسئله است.,
466,礼貌,lǐmào,HSK 4,名,1,言语、行为上尊重别人、符合社会交往规范的态度和表现（名）,ادب؛ نزاکت؛ رفتار مؤدبانه (اسم),名,اسم,有礼貌 (yǒu lǐmào) | 没礼貌 (méi lǐmào) | 讲礼貌 (jiǎng lǐmào) | 基本礼貌 (jīběn lǐmào),见到老师要有礼貌。,Jiàndào lǎoshī yào yǒu lǐmào.,وقتی معلم را می‌بینی باید مؤدب باشی.,
466,礼貌,lǐmào,HSK 4,形,2,说话、做事尊重别人、态度客气（形）,مؤدب؛ باادب (صفت),形,صفت,很礼貌 (hěn lǐmào) | 礼貌地回答 (lǐmào de huídá) | 礼貌用语 (lǐmào yòngyǔ) | 礼貌待人 (lǐmào dàirén),他很礼貌地回答了问题。,Tā hěn lǐmào de huídá le wèntí.,او خیلی مؤدبانه به سؤال جواب داد.,
467,另,lìng,HSK 4,代、形,1,另外的、别的，表示不是前面说的那个（代/形）,دیگر؛ یک/چیز/کسِ دیگر (ضمیر/صفت),代/形,ضمیر/صفت,另一个 (lìng yí ge) | 另一天 (lìng yì tiān) | 另找办法 (lìng zhǎo bànfǎ) | 另有原因 (lìng yǒu yuányīn),我们需要另找一个办法。,Wǒmen xūyào lìng zhǎo yí ge bànfǎ.,ما باید یک راه دیگر پیدا کنیم.,
467,另,lìng,HSK 4,副,2,表示另外、再、单独地做某事，常用于书面或正式表达（副）,جداگانه؛ علاوه بر آن؛ به‌طور جدا (قید),副,قید,另行通知 (lìngxíng tōngzhī) | 另作安排 (lìng zuò ānpái) | 另有规定 (lìng yǒu guīdìng) | 另请高明 (lìng qǐng gāomíng),具体时间将另行通知。,Jùtǐ shíjiān jiāng lìngxíng tōngzhī.,زمان دقیق جداگانه اعلام خواهد شد.,
468,零下,língxià,HSK 4,名、形,1,低于零度，多指温度在摄氏零度以下（名/形）,زیر صفر (درجه) (اسم/صفت),名/形,اسم/صفت,零下五度 (língxià wǔ dù) | 零下十度 (língxià shí dù) | 零下温度 (língxià wēndù) | 降到零下 (jiàng dào língxià),今天气温降到了零下五度。,Jīntiān qìwēn jiàng dào le língxià wǔ dù.,امروز دما به پنج درجه زیر صفر رسید.,
469,零花钱,línghuāqián,HSK 4,名,1,给孩子或个人日常零用的小额钱（名）,پول توجیبی؛ پول خردِ خرج روزانه (اسم),名,اسم,给零花钱 (gěi línghuāqián) | 存零花钱 (cún línghuāqián) | 每月零花钱 (měi yuè línghuāqián) | 孩子的零花钱 (háizi de línghuāqián),妈妈每周给我一些零花钱。,Māma měi zhōu gěi wǒ yìxiē línghuāqián.,مامان هر هفته کمی پول توجیبی به من می‌دهد.,
470,零钱,língqián,HSK 4,名,1,面额较小的钱，尤指硬币或小面额纸币（名）,پول خرد؛ اسکناس یا سکهٔ خرد (اسم),名,اسم,找零钱 (zhǎo língqián) | 没有零钱 (méiyǒu língqián) | 带点零钱 (dài diǎn língqián) | 换零钱 (huàn língqián),你有零钱吗？,Nǐ yǒu língqián ma?,پول خرد داری؟,
471,零食,língshí,HSK 4,名,1,正餐以外吃的小食品（名）,تنقلات؛ خوراکیِ بین‌وعده (اسم),名,اسم,吃零食 (chī língshí) | 买零食 (mǎi língshí) | 小孩子爱吃零食 (xiǎoháizi ài chī língshí) | 少吃零食 (shǎo chī língshí),不要吃太多零食。,Bú yào chī tài duō língshí.,زیاد تنقلات نخور.,
472,另外,lìngwài,HSK 4,代/形,1,别的人、事物、地方或时间；不是前面说的那个（代/形）,دیگر؛ یک ... دیگر؛ غیر از مورد قبلی (ضمیر/صفت),代/形,ضمیر/صفت,另外一个 (lìngwài yí ge) | 另外的人 (lìngwài de rén) | 另外一天 (lìngwài yì tiān) | 另外的办法 (lìngwài de bànfǎ),我们需要另外一个房间。,Wǒmen xūyào lìngwài yí ge fángjiān.,ما به یک اتاق دیگر نیاز داریم.,
472,另外,lìngwài,HSK 4,副/连,2,表示补充说明或增加一个内容，相当于“除此之外、还有”（副/连）,علاوه بر این؛ ضمناً؛ همچنین (قید/حرف ربط),副/连,قید/حرف ربط,"另外还有一个问题 (lìngwài hái yǒu yí ge wèntí) | 另外，我想说明一下 (lìngwài, wǒ xiǎng shuōmíng yíxià) | 另外再补充一点 (lìngwài zài bǔchōng yìdiǎn) | 另外还需要注意 (lìngwài hái xūyào zhùyì)",另外，我还有一个问题。,"Lìngwài, wǒ hái yǒu yí ge wèntí.",علاوه بر این، من یک سؤال دیگر هم دارم.,
472,另外,lìngwài,HSK 4,副,3,表示单独安排、单独处理或另行说明、通知、计算等（副）,جداگانه؛ به‌طور جدا؛ بعداً/جای دیگر جدا (قید),副,قید,另外通知 (lìngwài tōngzhī) | 另外说明 (lìngwài shuōmíng) | 另外计算 (lìngwài jìsuàn) | 另外处理 (lìngwài chǔlǐ),具体时间我们会另外通知。,Jùtǐ shíjiān wǒmen huì lìngwài tōngzhī.,زمان دقیق را جداگانه اطلاع خواهیم داد.,
473,力气,lìqi,HSK 4,名,1,身体的力量（名）,زور؛ نیروی بدنی (اسم),名,اسم,有力气 (yǒu lìqi) | 没力气 (méi lìqi) | 用力气 (yòng lìqi) | 花力气 (huā lìqi),我今天一点儿力气都没有。,Wǒ jīntiān yìdiǎnr lìqi dōu méiyǒu.,امروز اصلاً زور و توان ندارم.,
473,力气,lìqi,HSK 4,名,2,做事所花的体力、精力或努力（名）,نیرو؛ انرژی؛ زحمت؛ توانِ صرف‌شده (اسم),名,اسم,费力气 (fèi lìqi) | 花了很多力气 (huā le hěn duō lìqi) | 白费力气 (báifèi lìqi) | 省力气 (shěng lìqi),为了完成这个项目，我们花了很多力气。,"Wèile wánchéng zhège xiàngmù, wǒmen huā le hěn duō lìqi.",برای تمام کردن این پروژه، خیلی انرژی و زحمت گذاشتیم.,
474,例如,lìrú,HSK 4,动、连,1,举例说明，相当于“比如”（动/连）,مثلاً؛ برای مثال (فعل/حرف ربط),动/连,فعل/حرف ربط,例如这样 (lìrú zhèyàng) | 例如北京和上海 (lìrú Běijīng hé Shànghǎi) | 例如下面几种情况 (lìrú xiàmiàn jǐ zhǒng qíngkuàng) | 例如说 (lìrú shuō),我喜欢很多运动，例如游泳和跑步。,"Wǒ xǐhuan hěn duō yùndòng, lìrú yóuyǒng hé pǎobù.",من ورزش‌های زیادی را دوست دارم، مثلاً شنا و دویدن.,
475,留,liú,HSK 4,动,1,停在某处不离开；使人或物停在某处（动）,ماندن؛ در جایی نگه داشتن (فعل),动,فعل,留下来 (liú xiàlai) | 留在家里 (liú zài jiā li) | 留客人吃饭 (liú kèrén chīfàn) | 留到明天 (liú dào míngtiān),今晚你可以留在我家。,Jīnwǎn nǐ kěyǐ liú zài wǒ jiā.,امشب می‌توانی در خانهٔ من بمانی.,
475,留,liú,HSK 4,动,2,保留、不拿走或不去掉；特意给某人或某事留下（及物动）,کنار گذاشتن؛ ذخیره کردن؛ برای کسی/چیزی نگه داشتن (فعل گذرا),及物动,فعل گذرا,留一点钱 (liú yìdiǎn qián) | 留位置 (liú wèizhi) | 留给孩子 (liú gěi háizi) | 留作纪念 (liú zuò jìniàn),请给我留一个座位。,Qǐng gěi wǒ liú yí ge zuòwèi.,لطفاً یک صندلی برای من نگه دار.,
475,留,liú,HSK 4,动,3,把姓名、电话、地址、口信等信息给别人或写在某处（及物动）,گذاشتنِ پیام/شماره/آدرس؛ ثبت کردنِ اطلاعات تماس (فعل گذرا),及物动,فعل گذرا,留个电话 (liú ge diànhuà) | 留地址 (liú dìzhǐ) | 留口信 (liú kǒuxìn) | 留联系方式 (liú liánxì fāngshì),请在这里留个电话号码。,Qǐng zài zhèli liú ge diànhuà hàomǎ.,لطفاً اینجا یک شماره تلفن بگذارید.,
475,留,liú,HSK 4,动,4,让头发、胡子等继续长，不剪掉；留成某种样子（及物动）,گذاشتن؛ بلند کردنِ مو/ریش؛ کوتاه نکردن (فعل گذرا),及物动,فعل گذرا,留胡子 (liú húzi) | 留长头发 (liú cháng tóufa) | 留短发 (liú duǎnfà) | 留刘海 (liú liúhǎi),他最近开始留胡子了。,Tā zuìjìn kāishǐ liú húzi le.,او اخیراً ریش گذاشته است.,
476,流,liú,HSK 4,动,1,液体、气体等移动；从一处向另一处去（不及物动）,جاری شدن؛ روان شدن؛ جریان داشتن (فعل ناگذر),不及物动,فعل ناگذر,河水流得很快 (héshuǐ liú de hěn kuài) | 水往下流 (shuǐ wǎng xià liú) | 流向大海 (liú xiàng dàhǎi) | 从山上流下来 (cóng shān shang liú xiàlai),河水慢慢地流向大海。,Héshuǐ mànmàn de liú xiàng dàhǎi.,آب رودخانه آرام‌آرام به سمت دریا جاری می‌شود.,
476,流,liú,HSK 4,动,2,眼泪、汗、血、鼻涕等从身体里出来（不及物动）,اشک/عرق/خون/آب‌دماغ آمدن؛ ریختن (فعل ناگذر),不及物动,فعل ناگذر,流泪 (liúlèi) | 流汗 (liúhàn) | 流血 (liúxuè) | 流鼻涕 (liú bítì),她感动得流泪了。,Tā gǎndòng de liúlèi le.,او از شدت تأثر اشک ریخت.,
476,流,liú,HSK 4,动,3,人、资金等离开原来的地方，转到别处，多用于“外流、流入、流出”等表达（不及物动）,سرازیر شدن؛ منتقل شدن؛ از جایی بیرون/به جایی وارد شدن (فعل ناگذر),不及物动,فعل ناگذر,资金外流 (zījīn wàiliú) | 人才外流 (réncái wàiliú) | 流入市场 (liúrù shìchǎng) | 流出国外 (liúchū guówài),大量资金流入市场。,Dàliàng zījīn liúrù shìchǎng.,مقدار زیادی سرمایه وارد بازار شد.,
476,流,liú,HSK 4,名,4,连续移动的水、空气、人、车、信息等形成的现象（名）,جریان؛ سیل/رفت‌وآمد پیوسته (اسم),名,اسم,水流 (shuǐliú) | 气流 (qìliú) | 人流 (rénliú) | 车流 (chēliú),节假日这里人流很大。,Jiéjiàrì zhèli rénliú hěn dà.,در روزهای تعطیل اینجا رفت‌وآمد جمعیت خیلی زیاد است.,
477,流利,liúlì,HSK 4,形,1,说话、读书或表达顺畅、自然，不停顿（形）,روان؛ سلیس (صفت),形,صفت,说得很流利 (shuō de hěn liúlì) | 流利的中文 (liúlì de Zhōngwén) | 读得流利 (dú de liúlì) | 口语流利 (kǒuyǔ liúlì),她中文说得很流利。,Tā Zhōngwén shuō de hěn liúlì.,او چینی را خیلی روان صحبت می‌کند.,
478,留下,liúxià,HSK 4,动,1,停留在某处，不离开；留下来做某事（不及物动）,ماندن؛ در جایی ماندن (فعل ناگذر),不及物动,فعل ناگذر,留下来 (liú xiàlai) | 留下帮忙 (liúxià bāngmáng) | 留下过夜 (liúxià guòyè) | 一个人留下来 (yí ge rén liú xiàlai),他决定留下来帮我们。,Tā juédìng liú xiàlai bāng wǒmen.,او تصمیم گرفت بماند و به ما کمک کند.,
478,留下,liúxià,HSK 4,动,2,把人、东西、信息、痕迹、印象、问题等留在某处或使其保留下来（及物动）,باقی گذاشتن؛ به جا گذاشتن؛ اثر/مشکل/ردی باقی گذاشتن (فعل گذرا),及物动,فعل گذرا,留下痕迹 (liúxià hénjì) | 留下印象 (liúxià yìnxiàng) | 留下问题 (liúxià wèntí) | 留下证据 (liúxià zhèngjù),这次经历给她留下了很深的印象。,Zhè cì jīnglì gěi tā liúxià le hěn shēn de yìnxiàng.,این تجربه تأثیر عمیقی روی او گذاشت.,
479,流行,liúxíng,HSK 4,动,1,在一定时间和范围内广泛传播或受欢迎（不及物动）,رایج شدن؛ مُد شدن؛ فراگیر شدن (فعل ناگذر),不及物动,فعل ناگذر,很流行 (hěn liúxíng) | 开始流行 (kāishǐ liúxíng) | 流行起来 (liúxíng qǐlai) | 在年轻人中流行 (zài niánqīngrén zhōng liúxíng),这种音乐最近很流行。,Zhè zhǒng yīnyuè zuìjìn hěn liúxíng.,این نوع موسیقی اخیراً خیلی رایج شده است.,
479,流行,liúxíng,HSK 4,形,2,受欢迎的、时髦的、符合当前潮流的（形）,رایج؛ مُد روز؛ پرطرفدار (صفت),形,صفت,流行歌曲 (liúxíng gēqǔ) | 流行文化 (liúxíng wénhuà) | 流行款式 (liúxíng kuǎnshì) | 流行元素 (liúxíng yuánsù),这件衣服采用了今年的流行元素。,Zhè jiàn yīfu cǎiyòng le jīnnián de liúxíng yuánsù.,این لباس از عناصر مد روزِ امسال استفاده کرده است.,
479,流行,liúxíng,HSK 4,动,3,疾病在一定地区或人群中广泛传播、普遍发生（不及物动）,شیوع داشتن؛ شایع شدن؛ همه‌گیر شدن (فعل ناگذر، بیماری),不及物动,فعل ناگذر، بیماری,感冒流行 (gǎnmào liúxíng) | 流感流行 (liúgǎn liúxíng) | 疾病流行 (jíbìng liúxíng) | 在当地流行 (zài dāngdì liúxíng),这种病曾经在这里流行过。,Zhè zhǒng bìng céngjīng zài zhèli liúxíng guo.,این بیماری قبلاً اینجا شیوع داشته است.,
480,理想,lǐxiǎng,HSK 4,名,1,对未来希望实现的目标或美好愿望（名）,آرمان؛ هدف ایده‌آل؛ رؤیا (اسم),名,اسم,实现理想 (shíxiàn lǐxiǎng) | 远大的理想 (yuǎndà de lǐxiǎng) | 人生理想 (rénshēng lǐxiǎng) | 追求理想 (zhuīqiú lǐxiǎng),他的理想是成为医生。,Tā de lǐxiǎng shì chéngwéi yīshēng.,آرمانش این است که پزشک شود.,
480,理想,lǐxiǎng,HSK 4,形,2,符合希望或要求，令人满意（形）,ایده‌آل؛ مطلوب؛ رضایت‌بخش (صفت),形,صفت,理想的工作 (lǐxiǎng de gōngzuò) | 不太理想 (bú tài lǐxiǎng) | 成绩理想 (chéngjì lǐxiǎng) | 效果很理想 (xiàoguǒ hěn lǐxiǎng),这次考试成绩不太理想。,Zhè cì kǎoshì chéngjì bú tài lǐxiǎng.,نتیجهٔ این امتحان خیلی مطلوب نبود.,
481,例子,lìzi,HSK 4,名,1,用来说明情况、道理或用法的具体事物或句子（名）,مثال؛ نمونه (اسم),名,اسم,举例子 (jǔ lìzi) | 一个例子 (yí ge lìzi) | 好例子 (hǎo lìzi) | 具体例子 (jùtǐ lìzi),老师给我们举了一个例子。,Lǎoshī gěi wǒmen jǔ le yí ge lìzi.,معلم برای ما یک مثال زد.,
482,乱,luàn,HSK 4,形,1,没有秩序、不整齐或不安定（形）,به‌هم‌ریخته؛ بی‌نظم؛ آشفته (صفت),形,صفت,房间很乱 (fángjiān hěn luàn) | 头发乱了 (tóufa luàn le) | 社会很乱 (shèhuì hěn luàn) | 乱成一团 (luàn chéng yì tuán),你的房间太乱了。,Nǐ de fángjiān tài luàn le.,اتاقت خیلی به‌هم‌ریخته است.,
482,乱,luàn,HSK 4,形,2,心情、想法等不平静、不清楚（形）,آشفته؛ پریشان؛ درهم (صفت),形,صفت,心里很乱 (xīn li hěn luàn) | 脑子很乱 (nǎozi hěn luàn) | 思路乱了 (sīlù luàn le) | 越想越乱 (yuè xiǎng yuè luàn),听到这个消息，我心里很乱。,"Tīngdào zhège xiāoxi, wǒ xīn li hěn luàn.",با شنیدن این خبر، ذهنم خیلی آشفته شد.,
482,乱,luàn,HSK 4,副,3,随便地、没有规则或没有根据地做某事（副）,بی‌خود؛ الکی؛ سرخود؛ بی‌قاعده (قید),副,قید,乱说 (luàn shuō) | 乱花钱 (luàn huā qián) | 乱写 (luàn xiě) | 乱跑 (luàn pǎo),不要乱说话。,Bú yào luàn shuōhuà.,حرف بی‌خود نزن.,
482,乱,luàn,HSK 4,形,4,用在动词后，表示事物变得混乱、不整齐，或原有的秩序、状态受到破坏（结果补语）,بعد از فعل: به‌هم‌ریخته یا آشفته شدن (متمم نتیجه),结果补语,متمم نتیجه,弄乱房间 (nòngluàn fángjiān) | 搞乱顺序 (gǎoluàn shùnxù) | 打乱计划 (dǎluàn jìhuà) | 搅乱思路 (jiǎoluàn sīlù),别把桌上的东西弄乱了。,Bié bǎ zhuō shàng de dōngxi nòngluàn le.,وسایل روی میز را به‌هم نریز.,
483,旅馆,lǚguǎn,HSK 4,名,1,供旅客临时住宿的地方，通常规模比酒店小（名）,مهمان‌خانه؛ هتل کوچک (اسم),名,اسم,住旅馆 (zhù lǚguǎn) | 找旅馆 (zhǎo lǚguǎn) | 小旅馆 (xiǎo lǚguǎn) | 便宜的旅馆 (piányi de lǚguǎn),我们在火车站附近找了一家旅馆。,Wǒmen zài huǒchēzhàn fùjìn zhǎo le yì jiā lǚguǎn.,نزدیک ایستگاه قطار یک مهمان‌خانه پیدا کردیم.,
484,路过,lùguò,HSK 4,动,1,经过某个地方但不在那里停留太久（动）,از جایی رد شدن؛ عبور کردن (فعل),动,فعل,路过商店 (lùguò shāngdiàn) | 路过这里 (lùguò zhèli) | 刚好路过 (gānghǎo lùguò) | 路过你家 (lùguò nǐ jiā),我刚才路过你家。,Wǒ gāngcái lùguò nǐ jiā.,همین الان از جلوی خانه‌ات رد شدم.,
485,旅客,lǚkè,HSK 4,名,1,乘坐交通工具或住在旅馆中的旅行者（名）,مسافر (اسم),名,اسم,旅客很多 (lǚkè hěn duō) | 旅客服务 (lǚkè fúwù) | 旅客入口 (lǚkè rùkǒu) | 旅客列车 (lǚkè lièchē),机场里有很多旅客。,Jīchǎng li yǒu hěn duō lǚkè.,در فرودگاه مسافران زیادی هستند.,
486,落,luò,HSK 4,动,1,从高处往下掉；下降（不及物动）,افتادن؛ پایین آمدن (فعل ناگذر),不及物动,فعل ناگذر,落下来 (luò xiàlai) | 叶子落了 (yèzi luò le) | 雨点落下 (yǔdiǎn luòxià) | 太阳落山 (tàiyáng luòshān),秋天，树叶慢慢落下来。,"Qiūtiān, shùyè mànmàn luò xiàlai.",در پاییز، برگ‌ها آرام‌آرام می‌افتند.,
486,落,luò,HSK 4,动,2,停在、落到或归属到某处、某人（不及物动）,افتادن؛ قرار گرفتن؛ تعلق گرفتن (فعل ناگذر),不及物动,فعل ناگذر,落在地上 (luò zài dìshang) | 落到别人手里 (luò dào biérén shǒu li) | 责任落在他身上 (zérèn luò zài tā shēnshang) | 任务落在他头上 (rènwu luò zài tā tóushang),最后，责任落在了他身上。,"Zuìhòu, zérèn luò zài le tā shēnshang.",در نهایت، مسئولیت به گردن او افتاد.,
486,落,luò,HSK 4,动,3,数量、程度或水平降低（不及物动）,کاهش یافتن؛ پایین آمدن (فعل ناگذر),不及物动,فعل ناگذر,水位落了 (shuǐwèi luò le) | 价格往下落 (jiàgé wǎng xià luò) | 气温落到零度 (qìwēn luò dào líng dù),这几天，气温明显落下来了。,"Zhè jǐ tiān, qìwēn míngxiǎn luò xiàlai le.",این چند روز دما به‌طور محسوسی پایین آمده است.,
486,落,là,HSK 4,动,4,把物品忘在某处；遗漏本应包括的人或事物（及物动）,جا گذاشتن؛ از قلم انداختن (فعل گذرا),及物动,فعل گذرا,落在车上 (là zài chēshang) | 落了一项 (là le yí xiàng) | 落了一个字 (là le yí ge zì) | 什么也没落 (shénme yě méi là),我把手机落在出租车上了。,Wǒ bǎ shǒujī là zài chūzūchē shang le.,گوشی‌ام را در تاکسی جا گذاشتم.,
486,落,là,HSK 4,动,5,因跟不上而被留在后面；未能跟上进度（动）,عقب افتادن؛ جا ماندن (فعل),动,فعل,落在后面 (là zài hòumian) | 落下功课 (làxia gōngkè) | 别落下我 (bié làxia wǒ) | 一个也不能落下 (yí ge yě bù néng làxia),他因为生病，落下了不少功课。,"Tā yīnwèi shēngbìng, làxia le bù shǎo gōngkè.",او به‌خاطر بیماری از درس‌هایش خیلی عقب افتاد.,
487,律师,lǜshī,HSK 4,名,1,受委托或指定，为当事人提供法律服务的人（名）,وکیل؛ حقوقدان (اسم),名,اسم,请律师 (qǐng lǜshī) | 律师事务所 (lǜshī shìwùsuǒ) | 找律师 (zhǎo lǜshī) | 专业律师 (zhuānyè lǜshī),你最好先问问律师。,Nǐ zuìhǎo xiān wènwen lǜshī.,بهتر است اول از یک وکیل بپرسی.,
488,旅行,lǚxíng,HSK 4,动,1,到外地或外国去游览、参观或办事（动）,سفر کردن (فعل),动,فعل,去旅行 (qù lǚxíng) | 出国旅行 (chūguó lǚxíng) | 独自旅行 (dúzì lǚxíng) | 长途旅行 (chángtú lǚxíng),我想明年去中国旅行。,Wǒ xiǎng míngnián qù Zhōngguó lǚxíng.,می‌خواهم سال آینده به چین سفر کنم.,
488,旅行,lǚxíng,HSK 4,名,2,外出游览、参观或办事的活动（名）,سفر؛ مسافرت (اسم),名,اسم,一次旅行 (yí cì lǚxíng) | 旅行计划 (lǚxíng jìhuà) | 旅行费用 (lǚxíng fèiyòng) | 旅行经历 (lǚxíng jīnglì),这次旅行让我学到了很多。,Zhè cì lǚxíng ràng wǒ xué dào le hěn duō.,این سفر چیزهای زیادی به من یاد داد.,
489,麻烦,máfan,HSK 4,形,1,事情复杂、费事、不容易处理（形）,دردسرساز؛ پرزحمت؛ پیچیده (صفت),形,صفت,很麻烦 (hěn máfan) | 太麻烦了 (tài máfan le) | 麻烦的问题 (máfan de wèntí) | 手续很麻烦 (shǒuxù hěn máfan),这个手续太麻烦了。,Zhège shǒuxù tài máfan le.,این روند اداری خیلی دردسر دارد.,
489,麻烦,máfan,HSK 4,名,2,困难、问题或让人费心的事（名）,دردسر؛ مشکل؛ زحمت (اسم),名,اسم,遇到麻烦 (yùdào máfan) | 找麻烦 (zhǎo máfan) | 添麻烦 (tiān máfan) | 解决麻烦 (jiějué máfan),他最近遇到了一点麻烦。,Tā zuìjìn yùdào le yìdiǎn máfan.,او اخیراً کمی دچار دردسر شده است.,
489,麻烦,máfan,HSK 4,动,3,请别人帮忙或给别人增加事情，常用于客气请求（及物动）,زحمت دادن؛ لطفاً کاری خواستن (فعل گذرا),及物动,فعل گذرا,麻烦你 (máfan nǐ) | 麻烦您帮我 (máfan nín bāng wǒ) | 麻烦一下 (máfan yíxià) | 不想麻烦别人 (bù xiǎng máfan biérén),麻烦你帮我开一下门。,Máfan nǐ bāng wǒ kāi yíxià mén.,زحمت می‌کشم، لطفاً در را برایم باز کن.,
490,满,mǎn,HSK 4,形,1,容器或空间达到容量极限，没有空余（形）,پر؛ بدون جای خالی (صفت),形,صفت,杯子满了 (bēizi mǎn le) | 房间满了 (fángjiān mǎn le) | 箱子满了 (xiāngzi mǎn le) | 满满一杯 (mǎnmǎn yì bēi),杯子已经满了，别再倒水了。,"Bēizi yǐjīng mǎn le, bié zài dào shuǐ le.",لیوان پر شده است؛ دیگر آب نریز.,
490,满,mǎn,HSK 4,动,2,达到规定的数量、期限或程度（动）,کامل شدن؛ به حد مقرر رسیدن (فعل),动,فعل,年满十八岁 (nián mǎn shíbā suì) | 满一年 (mǎn yì nián) | 满三个月 (mǎn sān ge yuè) | 任期已满 (rènqī yǐ mǎn),他今年年满十八岁。,Tā jīnnián nián mǎn shíbā suì.,او امسال هجده‌ساله می‌شود.,
490,满,mǎn,HSK 4,副,3,遍及整个范围；到处都是（副）,سراسر؛ همه‌جا؛ پر از (قید),副,قید,满地都是 (mǎn dì dōu shì) | 满脸笑容 (mǎn liǎn xiàoróng) | 满屋子都是人 (mǎn wūzi dōu shì rén) | 满世界找 (mǎn shìjiè zhǎo),地上满是落叶。,Dìshang mǎn shì luòyè.,زمین پر از برگ‌های ریخته بود.,
490,满,mǎn,HSK 4,形,4,用在动词后，表示达到容量极限或充满某处（结果补语）,بعد از فعل: پر شدن یا پر کردن (متمم نتیجه),结果补语,متمم نتیجه,倒满水 (dàomǎn shuǐ) | 装满箱子 (zhuāngmǎn xiāngzi) | 坐满了人 (zuòmǎn le rén) | 写满一页 (xiěmǎn yí yè),墙上贴满了照片。,Qiáng shang tiēmǎn le zhàopiàn.,تمام دیوار با عکس پوشانده شده بود.,
491,馒头,mántou,HSK 4,名,1,用发酵面粉蒸成的面食，通常没有馅（名）,نان بخارپز چینی؛ مَنتو (اسم),名,اسم,吃馒头 (chī mántou) | 蒸馒头 (zhēng mántou) | 白馒头 (bái mántou) | 一个馒头 (yí ge mántou),早饭我吃了两个馒头。,Zǎofàn wǒ chī le liǎng ge mántou.,برای صبحانه دو تا نان بخارپز چینی خوردم.,
492,毛巾,máojīn,HSK 4,名,1,用来擦脸、擦手或擦身体的布制用品（名）,حوله؛ دستمال حوله‌ای (اسم),名,اسم,一条毛巾 (yì tiáo máojīn) | 洗毛巾 (xǐ máojīn) | 擦脸毛巾 (cā liǎn máojīn) | 干毛巾 (gān máojīn),请给我一条干毛巾。,Qǐng gěi wǒ yì tiáo gān máojīn.,لطفاً یک حولهٔ خشک به من بده.,
493,毛衣,máoyī,HSK 4,名,1,用毛线织成的上衣，天气冷时穿（名）,پلیور؛ ژاکت بافتنی (اسم),名,اسم,穿毛衣 (chuān máoyī) | 一件毛衣 (yí jiàn máoyī) | 羊毛衣 (yángmáoyī) | 厚毛衣 (hòu máoyī),天冷了，记得穿毛衣。,"Tiān lěng le, jìde chuān máoyī.",هوا سرد شده، یادت باشد پلیور بپوشی.,
494,帽子,màozi,HSK 4,名,1,戴在头上的东西，用来保暖、遮阳或装饰（名）,کلاه (اسم),名,اسم,戴帽子 (dài màozi) | 摘帽子 (zhāi màozi) | 一顶帽子 (yì dǐng màozi) | 太阳帽 (tàiyángmào),外面太阳很大，戴上帽子吧。,"Wàimian tàiyáng hěn dà, dài shang màozi ba.",بیرون آفتاب شدید است، کلاه بگذار.,
494,帽子,màozi,HSK 4,名,2,比喻强加给人的称呼、评价或政治标签，通常含贬义（名）,برچسب یا عنوان تحمیلی، معمولاً منفی (اسم),名,اسم,扣帽子 (kòu màozi) | 给人扣帽子 (gěi rén kòu màozi) | 被扣上帽子 (bèi kòu shàng màozi) | 戴着某种帽子 (dàizhe mǒu zhǒng màozi),不要随便给别人扣帽子。,Bú yào suíbiàn gěi biérén kòu màozi.,بی‌دلیل به دیگران برچسب نزن.,
495,美,měi,HSK 4,形,1,外表、景色等好看，给人以美感（形）,زیبا؛ قشنگ (صفت),形,صفت,很美 (hěn měi) | 美极了 (měi jí le) | 景色很美 (jǐngsè hěn měi) | 长得很美 (zhǎngde hěn měi),这里的风景真美。,Zhèli de fēngjǐng zhēn měi.,منظرهٔ اینجا واقعاً زیباست.,
495,美,měi,HSK 4,形,2,因满意、得意或受到称赞而感到高兴，常用于口语（形）,خوشحال؛ ذوق‌زده، در محاوره (صفت),形,صفت,心里很美 (xīnli hěn měi) | 美得不得了 (měi de bùdéliǎo) | 看把你美的 (kàn bǎ nǐ měi de),不就是得了第一名吗？看把你美的！,Bù jiù shì dé le dì-yī míng ma? Kàn bǎ nǐ měi de!,حالا فقط اول شدی؛ ببین چقدر ذوق کردی!,
495,美,měi,HSK 4,名,3,美好的事物或使人产生美感的特质（名）,زیبایی؛ چیزهای زیبا (اسم),名,اسم,发现美 (fāxiàn měi) | 追求美 (zhuīqiú měi) | 自然之美 (zìrán zhī měi) | 生活中的美 (shēnghuó zhōng de měi),我们要学会发现生活中的美。,Wǒmen yào xuéhuì fāxiàn shēnghuó zhōng de měi.,باید یاد بگیریم زیبایی‌های زندگی را ببینیم.,
496,美好,měihǎo,HSK 4,形,1,美丽而令人愉快、幸福或满意（形）,زیبا و خوب؛ دلنشین؛ خوشایند (صفت),形,صفت,美好的生活 (měihǎo de shēnghuó) | 美好的回忆 (měihǎo de huíyì) | 美好的未来 (měihǎo de wèilái) | 美好的愿望 (měihǎo de yuànwàng),这是我童年最美好的回忆。,Zhè shì wǒ tóngnián zuì měihǎo de huíyì.,این زیباترین خاطرهٔ کودکی من است.,
497,美景,měijǐng,HSK 4,名,1,美丽的景色（名）,منظرهٔ زیبا؛ چشم‌انداز زیبا (اسم),名,اسم,欣赏美景 (xīnshǎng měijǐng) | 山中美景 (shān zhōng měijǐng) | 眼前的美景 (yǎnqián de měijǐng) | 旅途中的美景 (lǚtú zhōng de měijǐng),我们一路欣赏山中的美景。,Wǒmen yílù xīnshǎng shān zhōng de měijǐng.,در طول راه از منظره‌های زیبای کوهستان لذت بردیم.,
498,美丽,měilì,HSK 4,形,1,外表、景色、心灵等好看或美好，给人以美感（形）,زیبا؛ قشنگ (صفت),形,صفت,美丽的城市 (měilì de chéngshì) | 美丽的花朵 (měilì de huāduǒ) | 美丽的风景 (měilì de fēngjǐng) | 美丽的心灵 (měilì de xīnlíng),她不仅外表美丽，还有一颗美丽的心。,"Tā bùjǐn wàibiǎo měilì, hái yǒu yì kē měilì de xīn.",او نه‌تنها ظاهری زیبا، بلکه قلبی زیبا هم دارد.,
499,美食,měishí,HSK 4,名,1,味道好、质量好的食物（名）,غذای خوشمزه؛ خوراکی لذیذ (اسم),名,اسم,品尝美食 (pǐncháng měishí) | 当地美食 (dāngdì měishí) | 中国美食 (Zhōngguó měishí) | 美食节 (měishíjié),我喜欢品尝各地的美食。,Wǒ xǐhuan pǐncháng gèdì de měishí.,دوست دارم غذاهای خوشمزهٔ جاهای مختلف را امتحان کنم.,
500,梦,mèng,HSK 4,名,1,睡觉时在脑中出现的情景或感觉（名）,خواب؛ رؤیا (اسم),名,اسم,做梦 (zuò mèng) | 一个梦 (yí ge mèng) | 奇怪的梦 (qíguài de mèng) | 做了个好梦 (zuò le ge hǎo mèng),我昨晚做了一个奇怪的梦。,Wǒ zuówǎn zuò le yí ge qíguài de mèng.,دیشب خواب عجیبی دیدم.,
500,梦,mèng,HSK 4,名,2,希望实现的理想或愿望（名）,رؤیا؛ آرزو (اسم),名,اسم,心中的梦 (xīnzhōng de mèng) | 儿时的梦 (érshí de mèng) | 实现自己的梦 (shíxiàn zìjǐ de mèng) | 中国梦 (Zhōngguó mèng),他的梦是成为一名医生。,Tā de mèng shì chéngwéi yì míng yīshēng.,رؤیای او این است که پزشک شود.,
501,梦想,mèngxiǎng,HSK 4,名,1,非常希望实现的愿望或目标（名）,رؤیا؛ آرزو؛ هدف بزرگ (اسم),名,اسم,实现梦想 (shíxiàn mèngxiǎng) | 追求梦想 (zhuīqiú mèngxiǎng) | 有梦想 (yǒu mèngxiǎng) | 儿时的梦想 (érshí de mèngxiǎng),他的梦想是成为一名医生。,Tā de mèngxiǎng shì chéngwéi yì míng yīshēng.,رؤیای او این است که پزشک شود.,
501,梦想,mèngxiǎng,HSK 4,动,2,非常希望得到或实现某事（动）,آرزو داشتن؛ رؤیای چیزی را داشتن (فعل),动,فعل,梦想成功 (mèngxiǎng chénggōng) | 梦想去旅行 (mèngxiǎng qù lǚxíng) | 梦想有一天 (mèngxiǎng yǒu yì tiān) | 从小梦想 (cóng xiǎo mèngxiǎng),她从小就梦想成为歌手。,Tā cóng xiǎo jiù mèngxiǎng chéngwéi gēshǒu.,او از کودکی آرزو داشت خواننده شود.,
502,面对,miànduì,HSK 4,动,1,脸朝着某人、某物或某个方向（及物动）,روبه‌رو بودن با؛ رو به سمتِ (فعل گذرا),及物动,فعل گذرا,面对大海 (miànduì dàhǎi) | 面对观众 (miànduì guānzhòng) | 面对面坐着 (miànduìmiàn zuòzhe) | 面对镜头 (miànduì jìngtóu),房子面对大海。,Fángzi miànduì dàhǎi.,خانه رو به دریاست.,
502,面对,miànduì,HSK 4,动,2,遇到问题、困难、现实等时正视并处理（及物动）,مواجه شدن با؛ روبه‌رو شدن با (فعل گذرا),及物动,فعل گذرا,面对困难 (miànduì kùnnan) | 面对现实 (miànduì xiànshí) | 勇敢面对 (yǒnggǎn miànduì) | 面对挑战 (miànduì tiǎozhàn),我们要勇敢面对困难。,Wǒmen yào yǒnggǎn miànduì kùnnan.,باید شجاعانه با سختی‌ها روبه‌رو شویم.,
503,免费,miǎnfèi,HSK 4,动、形,1,不需要付钱；不收费（动/形）,رایگان؛ بدون هزینه (صفت/فعل),动/形,صفت/فعل,免费使用 (miǎnfèi shǐyòng) | 免费参观 (miǎnfèi cānguān) | 免费服务 (miǎnfèi fúwù) | 免费课程 (miǎnfèi kèchéng),这个公园可以免费参观。,Zhège gōngyuán kěyǐ miǎnfèi cānguān.,بازدید از این پارک رایگان است.,
504,面试,miànshì,HSK 4,动,1,通过当面或线上交谈来考察应聘者、申请者等（动）,مصاحبه کردن؛ مصاحبه گرفتن/دادن (فعل),动,فعل,参加面试 (cānjiā miànshì) | 面试新人 (miànshì xīnrén) | 明天面试 (míngtiān miànshì) | 面试通过 (miànshì tōngguò),我明天要去参加面试。,Wǒ míngtiān yào qù cānjiā miànshì.,فردا باید برای مصاحبه بروم.,
504,面试,miànshì,HSK 4,名,2,招聘、入学、申请等过程中通过交谈进行的考察（名）,مصاحبه؛ جلسهٔ مصاحبه (اسم),名,اسم,一次面试 (yí cì miànshì) | 工作面试 (gōngzuò miànshì) | 面试机会 (miànshì jīhuì) | 面试结果 (miànshì jiéguǒ),这次面试很顺利。,Zhè cì miànshì hěn shùnlì.,این مصاحبه خیلی خوب پیش رفت.,
505,秒,miǎo,HSK 4,量,1,时间单位，一分钟的六十分之一（量）,ثانیه؛ یک‌شصتم دقیقه (واحد زمان),量,واحد زمان,十秒 (shí miǎo) | 三十秒 (sānshí miǎo) | 每秒 (měi miǎo) | 几秒钟 (jǐ miǎo zhōng),请等我十秒。,Qǐng děng wǒ shí miǎo.,لطفاً ده ثانیه صبر کن.,
505,秒,miǎo,HSK 4,量,2,角度单位，一分的六十分之一，用于天文、测量和地理坐标（量）,ثانیهٔ قوسی؛ یک‌شصتم دقیقهٔ قوسی، در نجوم، نقشه‌برداری و مختصات (واحد زاویه),量,واحد زاویه,三十度十五分十秒 (sānshí dù shíwǔ fēn shí miǎo) | 北纬四十度二十分五秒 (běiwěi sìshí dù èrshí fēn wǔ miǎo) | 误差不到一秒 (wùchā bú dào yì miǎo),这个角度是三十度十五分十秒。,Zhège jiǎodù shì sānshí dù shíwǔ fēn shí miǎo.,این زاویه سی درجه و پانزده دقیقه و ده ثانیهٔ قوسی است.,
506,密码,mìmǎ,HSK 4,名,1,用于证明身份、保护信息或进入系统的一组字符、数字或符号（名）,رمز عبور؛ پسورد (اسم),名,اسم,输入密码 (shūrù mìmǎ) | 修改密码 (xiūgǎi mìmǎ) | 忘记密码 (wàngjì mìmǎ) | 登录密码 (dēnglù mìmǎ),我忘记了手机密码。,Wǒ wàngjì le shǒujī mìmǎ.,رمز گوشی‌ام را فراموش کرده‌ام.,
506,密码,mìmǎ,HSK 4,名,2,用来保密通信或信息的特殊编码（名）,کُد رمز؛ رمزنگاری (اسم),名,اسم,密码本 (mìmǎběn) | 破译密码 (pòyì mìmǎ) | 密码通信 (mìmǎ tōngxìn) | 密码系统 (mìmǎ xìtǒng),他们成功破译了敌人的密码。,Tāmen chénggōng pòyì le dírén de mìmǎ.,آن‌ها موفق شدند کُد رمز دشمن را بشکنند.,
507,民族,mínzú,HSK 4,名,1,在历史、语言、文化、地域等方面形成共同体的人群（名）,قوم؛ ملت؛ گروه قومی (اسم),名,اسم,中华民族 (Zhōnghuá mínzú) | 少数民族 (shǎoshù mínzú) | 民族文化 (mínzú wénhuà) | 民族语言 (mínzú yǔyán),中国有五十六个民族。,Zhōngguó yǒu wǔshíliù ge mínzú.,چین پنجاه‌وشش قوم دارد.,
507,民族,mínzú,HSK 4,名,2,一个国家或地区人民形成的整体，强调共同身份和归属（名）,ملت؛ هویت ملی (اسم),名,اسم,民族精神 (mínzú jīngshén) | 民族团结 (mínzú tuánjié) | 民族自豪感 (mínzú zìháogǎn) | 民族独立 (mínzú dúlì),民族团结非常重要。,Mínzú tuánjié fēicháng zhòngyào.,وحدت ملی بسیار مهم است.,
508,末,mò,HSK 4,名,1,时间、位置或顺序的最后部分（名）,پایان؛ آخر (اسم),名,اسم,五月末 (wǔyuè mò) | 学期末 (xuéqī mò) | 本世纪末 (běn shìjì mò) | 清朝末年 (Qīngcháo mònián),我们会在今年末完成这个项目。,Wǒmen huì zài jīnnián mò wánchéng zhège xiàngmù.,این پروژه را تا پایان امسال تمام خواهیم کرد.,
508,末,mò,HSK 4,名,2,细小的碎屑或粉状物（名）,پودر؛ خرده‌ریز (اسم),名,اسم,切成末 (qiē chéng mò) | 茶叶末 (cháyè mò) | 姜末 (jiāng mò) | 蒜末 (suàn mò),杯底有一些茶叶末。,Bēidǐ yǒu yìxiē cháyè mò.,ته لیوان کمی خردهٔ چای هست.,
508,末,mò,HSK 4,名,3,与“本”相对，指非根本的、次要的部分，多用于书面语或固定表达（名）,فرع؛ بخش کم‌اهمیت، بیشتر در اصطلاحات و حالت نوشتاری (اسم),名,اسم,分清本末 (fēnqīng běn-mò) | 不分本末 (bù fēn běn-mò) | 本末倒置 (běn-mò-dàozhì) | 舍本逐末 (shěběn-zhúmò),处理问题时，必须先分清本末。,"Chǔlǐ wèntí shí, bìxū xiān fēnqīng běn-mò.",هنگام رسیدگی به مسائل، ابتدا باید اصل را از فرع تشخیص داد.,
509,目标,mùbiāo,HSK 4,名,1,想要达到的结果、方向或标准（名）,هدف؛ مقصد؛ مراد (اسم),名,اسم,实现目标 (shíxiàn mùbiāo) | 设定目标 (shèdìng mùbiāo) | 明确目标 (míngquè mùbiāo) | 长期目标 (chángqī mùbiāo),我们的目标是提高服务质量。,Wǒmen de mùbiāo shì tígāo fúwù zhìliàng.,هدف ما بالا بردن کیفیت خدمات است.,
509,目标,mùbiāo,HSK 4,名,2,射击、攻击、搜索或观察的对象（名）,هدف؛ نشانه؛ سوژهٔ هدف‌گیری (اسم),名,اسم,攻击目标 (gōngjī mùbiāo) | 搜索目标 (sōusuǒ mùbiāo) | 发现目标 (fāxiàn mùbiāo) | 锁定目标 (suǒdìng mùbiāo),飞机已经锁定目标。,Fēijī yǐjīng suǒdìng mùbiāo.,هواپیما هدف را قفل کرده است.,
510,目的,mùdì,HSK 4,名,1,做某件事想要达到的结果或原因（名）,هدف؛ منظور؛ قصد (اسم),名,اسم,达到目的 (dádào mùdì) | 主要目的 (zhǔyào mùdì) | 真正目的 (zhēnzhèng mùdì) | 学习目的 (xuéxí mùdì),你来这里的目的是什么？,Nǐ lái zhèli de mùdì shì shénme?,هدفت از آمدن به اینجا چیست؟,
511,目的地,mùdìdì,HSK 4,名,1,旅行、运输或行动最终要到达的地方（名）,مقصد (اسم),名,اسم,到达目的地 (dàodá mùdìdì) | 最终目的地 (zuìzhōng mùdìdì) | 旅游目的地 (lǚyóu mùdìdì) | 目的地城市 (mùdìdì chéngshì),我们终于到达了目的地。,Wǒmen zhōngyú dàodá le mùdìdì.,بالاخره به مقصد رسیدیم.,
512,母女,mǔnǚ,HSK 4,名,1,母亲和女儿（名）,مادر و دختر (اسم),名,اسم,母女关系 (mǔnǚ guānxi) | 这对母女 (zhè duì mǔnǚ) | 母女俩 (mǔnǚ liǎ) | 母女之间 (mǔnǚ zhījiān),这对母女长得很像。,Zhè duì mǔnǚ zhǎng de hěn xiàng.,این مادر و دختر خیلی شبیه هم‌اند.,
513,目前,mùqián,HSK 4,名、副,1,现在、当前这个时候（名/副）,در حال حاضر؛ فعلاً؛ اکنون (قید/اسم),名/副,قید/اسم,目前为止 (mùqián wéizhǐ) | 目前的情况 (mùqián de qíngkuàng) | 目前还没有 (mùqián hái méiyǒu) | 目前来看 (mùqián lái kàn),目前我们还没有收到通知。,Mùqián wǒmen hái méiyǒu shōudào tōngzhī.,در حال حاضر هنوز اطلاعیه‌ای دریافت نکرده‌ایم.,
514,母亲,mǔqīn,HSK 4,名,1,妈妈，偏正式或书面（名）,مادر (اسم، رسمی),名,اسم، رسمی,我的母亲 (wǒ de mǔqīn) | 年轻的母亲 (niánqīng de mǔqīn) | 母亲节 (mǔqīn jié) | 母亲的爱 (mǔqīn de ài),我的母亲是一名医生。,Wǒ de mǔqīn shì yì míng yīshēng.,مادرم پزشک است.,
515,母子,mǔzǐ,HSK 4,名,1,母亲和儿子（名）,مادر و پسر (اسم),名,اسم,母子关系 (mǔzǐ guānxi) | 这对母子 (zhè duì mǔzǐ) | 母子俩 (mǔzǐ liǎ) | 母子平安 (mǔzǐ píng'ān),医生说母子平安。,Yīshēng shuō mǔzǐ píng'ān.,دکتر گفت مادر و پسر هر دو سالم‌اند.,
516,耐心,nàixīn,HSK 4,名,1,不急躁、能坚持等待或细心做事的态度（名）,صبر؛ حوصله؛ شکیبایی (اسم),名,اسم,有耐心 (yǒu nàixīn) | 没耐心 (méi nàixīn) | 失去耐心 (shīqù nàixīn) | 需要耐心 (xūyào nàixīn),学语言需要耐心。,Xué yǔyán xūyào nàixīn.,یاد گرفتن زبان صبر می‌خواهد.,
516,耐心,nàixīn,HSK 4,形,2,做事、说话或等待时不急躁、很细致（形）,صبور؛ باحوصله (صفت),形,صفت,很耐心 (hěn nàixīn) | 耐心地解释 (nàixīn de jiěshì) | 耐心等待 (nàixīn děngdài) | 耐心回答 (nàixīn huídá),老师很耐心地给我解释。,Lǎoshī hěn nàixīn de gěi wǒ jiěshì.,معلم با حوصله برایم توضیح داد.,
517,南部,nánbù,HSK 4,名,1,一个地区、国家或地方的南边部分（名）,بخش جنوبی؛ جنوبِ یک منطقه (اسم),名,اسم,中国南部 (Zhōngguó nánbù) | 南部地区 (nánbù dìqū) | 城市南部 (chéngshì nánbù) | 南部沿海 (nánbù yánhǎi),这个城市的南部比较安静。,Zhège chéngshì de nánbù bǐjiào ānjìng.,بخش جنوبی این شهر نسبتاً آرام است.,
518,难道,nándào,HSK 4,副,1,用于反问，表示说话人认为某事不应该或不可能是这样（副）,مگر؛ یعنی واقعاً...؟ (قید پرسشی/تعجبی),副,قید پرسشی/تعجبی,难道不是吗 (nándào bú shì ma) | 难道你不知道 (nándào nǐ bù zhīdào) | 难道这样也可以 (nándào zhèyàng yě kěyǐ) | 难道我错了吗 (nándào wǒ cuò le ma),难道你不知道这件事吗？,Nándào nǐ bù zhīdào zhè jiàn shì ma?,مگر تو از این موضوع خبر نداری؟,
519,男士,nánshì,HSK 4,名,1,成年男性的礼貌称呼（名）,آقا؛ مرد محترم (اسم، مؤدبانه),名,اسم، مؤدبانه,这位男士 (zhè wèi nánshì) | 男士洗手间 (nánshì xǐshǒujiān) | 男士服装 (nánshì fúzhuāng) | 女士和男士 (nǚshì hé nánshì),这位男士正在等你。,Zhè wèi nánshì zhèngzài děng nǐ.,این آقا منتظر شماست.,
520,难受,nánshòu,HSK 4,形,1,身体不舒服、感到痛苦或不适（形）,ناراحت؛ ناخوش؛ اذیت‌شده از نظر جسمی (صفت),形,صفت,身体难受 (shēntǐ nánshòu) | 胃很难受 (wèi hěn nánshòu) | 难受得睡不着 (nánshòu de shuì bù zháo) | 感冒很难受 (gǎnmào hěn nánshòu),我今天胃很难受。,Wǒ jīntiān wèi hěn nánshòu.,امروز معده‌ام خیلی اذیت است.,
520,难受,nánshòu,HSK 4,形,2,心里不舒服、伤心或痛苦（形）,ناراحت؛ دلگیر؛ آزرده (صفت),形,صفت,心里难受 (xīn li nánshòu) | 听了很难受 (tīng le hěn nánshòu) | 难受得想哭 (nánshòu de xiǎng kū) | 让人难受 (ràng rén nánshòu),听到这个消息，她心里很难受。,"Tīngdào zhège xiāoxi, tā xīn li hěn nánshòu.",با شنیدن این خبر، دلش خیلی گرفت.,
521,难忘,nánwàng,HSK 4,形,1,很难忘记，常形容经历、日子、回忆等（形）,فراموش‌نشدنی؛ به‌یادماندنی (صفت),形,صفت,难忘的经历 (nánwàng de jīnglì) | 难忘的一天 (nánwàng de yì tiān) | 令人难忘 (lìng rén nánwàng) | 难忘的回忆 (nánwàng de huíyì),这是一次难忘的旅行。,Zhè shì yí cì nánwàng de lǚxíng.,این یک سفر فراموش‌نشدنی بود.,
522,男性,nánxìng,HSK 4,名,1,具有男性身份或男性生理特征的人（名）,مرد؛ فرد مذکر (اسم),名,اسم,成年男性 (chéngnián nánxìng) | 一名男性 (yì míng nánxìng) | 中年男性 (zhōngnián nánxìng) | 男性人数 (nánxìng rénshù),这项调查包括男性和女性。,Zhè xiàng diàochá bāokuò nánxìng hé nǚxìng.,این تحقیق شامل مردان و زنان است.,
522,男性,nánxìng,HSK 4,形,2,属于男性的或与男性有关的（形）,مردانه؛ مربوط به مردان (صفت),形,صفت,男性角色 (nánxìng juésè) | 男性声音 (nánxìng shēngyīn) | 男性健康 (nánxìng jiànkāng) | 男性特点 (nánxìng tèdiǎn),这家医院设有男性健康门诊。,Zhè jiā yīyuàn shè yǒu nánxìng jiànkāng ménzhěn.,این بیمارستان درمانگاهی ویژهٔ سلامت مردان دارد.,
523,内,nèi,HSK 4,方位词,1,在某个地方或物体的里面，和“外”相对（方位）,داخل؛ درون (واژهٔ مکانی),方位,واژهٔ مکانی,屋内 (wūnèi) | 门内 (ménnèi) | 体内 (tǐnèi) | 室内 (shìnèi),请在屋内等我。,Qǐng zài wūnèi děng wǒ.,لطفاً داخل خانه منتظرم بمان.,
523,内,nèi,HSK 4,方位词,2,在某个时间、范围或限度之中（方位）,ظرفِ؛ در محدودهٔ (واژهٔ مکانی/زمانی),方位,واژهٔ مکانی/زمانی,三天内 (sān tiān nèi) | 规定范围内 (guīdìng fànwéi nèi) | 预算内 (yùsuàn nèi) | 国内 (guónèi),请在三天内回复。,Qǐng zài sān tiān nèi huífù.,لطفاً ظرف سه روز پاسخ بده.,
524,内容,nèiróng,HSK 4,名,1,文章、讲话、工作、合同等所包含的信息、事项或实质（名）,محتوا؛ مفاد؛ جزئیات (اسم),名,اسم,文章内容 (wénzhāng nèiróng) | 主要内容 (zhǔyào nèiróng) | 工作内容 (gōngzuò nèiróng) | 合同内容 (hétong nèiróng),你能介绍一下这份工作的具体内容吗？,Nǐ néng jièshào yíxià zhè fèn gōngzuò de jùtǐ nèiróng ma?,می‌توانی جزئیات این کار را توضیح بدهی؟,
525,内心,nèixīn,HSK 4,名,1,人的心里、思想和感情深处（名）,درون؛ دل؛ احساسات درونی (اسم),名,اسم,内心深处 (nèixīn shēnchù) | 内心世界 (nèixīn shìjiè) | 内心很平静 (nèixīn hěn píngjìng) | 内心的想法 (nèixīn de xiǎngfǎ),她内心其实很紧张。,Tā nèixīn qíshí hěn jǐnzhāng.,او در دلش درواقع خیلی مضطرب بود.,
526,能否,néngfǒu,HSK 4,副,1,能不能，常用于书面或正式提问、说明（副）,آیا می‌تواند؛ ممکن است یا نه (قید، رسمی),副,قید، رسمی,能否参加 (néngfǒu cānjiā) | 能否完成 (néngfǒu wánchéng) | 能否提供 (néngfǒu tígōng) | 能否成功 (néngfǒu chénggōng),请问你明天能否参加会议？,Qǐngwèn nǐ míngtiān néngfǒu cānjiā huìyì?,لطفاً بفرمایید آیا فردا می‌توانید در جلسه شرکت کنید؟,
527,能够,nénggòu,HSK 4,能愿动,1,表示具备做某事的能力、条件或可能性，比“能”稍正式（能愿动）,توانستن؛ امکان داشتن؛ قادر بودن؛ کمی رسمی‌تر از «能» (فعل کمکی),能愿动,فعل کمکی,能够完成 (nénggòu wánchéng) | 能够理解 (nénggòu lǐjiě) | 能够解决 (nénggòu jiějué) | 能够减少错误 (nénggòu jiǎnshǎo cuòwù),这个办法能够减少错误。,Zhège bànfǎ nénggòu jiǎnshǎo cuòwù.,این روش می‌تواند خطاها را کاهش دهد.,
528,能力,nénglì,HSK 4,名,1,完成某事或解决问题的本领、条件或水平（名）,توانایی؛ قابلیت؛ توان (اسم),名,اسم,学习能力 (xuéxí nénglì) | 工作能力 (gōngzuò nénglì) | 提高能力 (tígāo nénglì) | 有能力 (yǒu nénglì),他有很强的学习能力。,Tā yǒu hěn qiáng de xuéxí nénglì.,او توانایی یادگیری بالایی دارد.,
529,嗯,ńg / ǹg,HSK 4,叹词,1,表示答应、同意或听到了，口语中常用（叹词）,اوهوم؛ آره؛ باشه (حرف ندا، محاوره‌ای),叹词,حرف ندا، محاوره‌ای,"嗯，好 (ńg, hǎo) | 嗯，我知道 (ńg, wǒ zhīdào) | 嗯，可以 (ńg, kěyǐ) | 嗯，对 (ńg, duì)",嗯，我知道了。,"Ńg, wǒ zhīdào le.",اوهوم، فهمیدم.,
529,嗯,ńg / ǹg,HSK 4,叹词,2,表示疑问、惊讶或没听清，语调常上扬（叹词）,ها؟ چی؟ واقعاً؟ (حرف ندا، محاوره‌ای),叹词,حرف ندا، محاوره‌ای,嗯？你说什么 (ńg? nǐ shuō shénme) | 嗯？怎么了 (ńg? zěnme le) | 嗯？真的吗 (ńg? zhēn de ma) | 嗯？我没听清 (ńg? wǒ méi tīng qīng),嗯？你刚才说什么？,Ńg? Nǐ gāngcái shuō shénme?,ها؟ الان چی گفتی؟,
530,年底,niándǐ,HSK 4,名,1,一年的最后一段时间（名）,آخر سال؛ پایان سال (اسم),名,اسم,今年年底 (jīnnián niándǐ) | 到年底 (dào niándǐ) | 年底之前 (niándǐ zhīqián) | 年底总结 (niándǐ zǒngjié),我们计划年底前完成这个项目。,Wǒmen jìhuà niándǐ qián wánchéng zhège xiàngmù.,برنامه داریم این پروژه را تا پایان سال تمام کنیم.,
531,年龄,niánlíng,HSK 4,名,1,人或动植物已经生存的年数（名）,سن؛ سال عمر (اسم),名,اسم,年龄大小 (niánlíng dàxiǎo) | 实际年龄 (shíjì niánlíng) | 年龄差 (niánlíng chā) | 不同年龄的人 (bùtóng niánlíng de rén),请填写你的年龄。,Qǐng tiánxiě nǐ de niánlíng.,لطفاً سنت را وارد کن.,
532,弄,nòng,HSK 4,动,1,用手摆弄或操作某物，常用于口语（及物动）,دست زدن؛ ور رفتن؛ با چیزی کار کردن، محاوره‌ای (فعل گذرا),及物动,فعل گذرا,弄电脑 (nòng diànnǎo) | 弄手机 (nòng shǒujī) | 别乱弄 (bié luàn nòng) | 不会弄 (bú huì nòng),这个软件我不会弄。,Zhège ruǎnjiàn wǒ bú huì nòng.,من بلد نیستم با این نرم‌افزار کار کنم.,
532,弄,nòng,HSK 4,动,2,做、干或处理某事，代替意义更具体的动词，常用于口语（及物动）,انجام دادن؛ درست کردن؛ رسیدگی کردن، محاوره‌ای (فعل گذرا),及物动,فعل گذرا,弄饭 (nòng fàn) | 弄点吃的 (nòng diǎn chī de) | 弄这件事 (nòng zhè jiàn shì) | 自己弄 (zìjǐ nòng),晚饭我来弄，你休息吧。,"Wǎnfàn wǒ lái nòng, nǐ xiūxi ba.",شام را من درست می‌کنم؛ تو استراحت کن.,
532,弄,nòng,HSK 4,动,3,使人或事物变成某种状态，后面常带结果补语（及物动）,باعثِ تغییر حالت کسی یا چیزی شدن (فعل گذرا),及物动,فعل گذرا,弄坏 (nònghuài) | 弄丢 (nòngdiū) | 弄脏 (nòngzāng) | 弄清楚 (nòng qīngchu),别把衣服弄脏了。,Bié bǎ yīfu nòngzāng le.,لباس را کثیف نکن.,
532,弄,nòng,HSK 4,动,4,设法得到、拿到或准备好某物，常用于口语（及物动）,جور کردن؛ گیر آوردن؛ تهیه کردن، محاوره‌ای (فعل گذرا),及物动,فعل گذرا,弄到票 (nòngdào piào) | 弄点钱 (nòng diǎn qián) | 弄辆车 (nòng liàng chē) | 弄来工具 (nònglái gōngjù),你能帮我弄到一张票吗？,Nǐ néng bāng wǒ nòngdào yì zhāng piào ma?,می‌توانی برایم یک بلیت جور کنی؟,
533,农村,nóngcūn,HSK 4,名,1,以农业生产为主、人口相对分散的地区，和“城市”相对（名）,روستا؛ مناطق روستایی (اسم),名,اسم,住在农村 (zhù zài nóngcūn) | 农村生活 (nóngcūn shēnghuó) | 农村地区 (nóngcūn dìqū) | 回农村 (huí nóngcūn),我爷爷奶奶住在农村。,Wǒ yéye nǎinai zhù zài nóngcūn.,پدربزرگ و مادربزرگم در روستا زندگی می‌کنند.,
534,暖和,nuǎnhuo,HSK 4,形,1,温度不冷，让人感觉舒服（形）,گرم و دلپذیر؛ نسبتاً گرم (صفت),形,صفت,天气暖和 (tiānqì nuǎnhuo) | 屋里很暖和 (wū li hěn nuǎnhuo) | 穿得暖和 (chuān de nuǎnhuo) | 暖和一点儿 (nuǎnhuo yìdiǎnr),今天比昨天暖和多了。,Jīntiān bǐ zuótiān nuǎnhuo duō le.,امروز خیلی گرم‌تر از دیروز است.,
534,暖和,nuǎnhuo,HSK 4,动,2,使身体变暖；暖一暖（动）,گرم شدن؛ خود را گرم کردن (فعل),动,فعل,暖和一下 (nuǎnhuo yíxià) | 进屋暖和暖和 (jìn wū nuǎnhuo nuǎnhuo) | 喝点热水暖和暖和 (hē diǎn rè shuǐ nuǎnhuo nuǎnhuo) | 先暖和一下手 (xiān nuǎnhuo yíxià shǒu),进来喝杯茶，暖和暖和吧。,"Jìnlai hē bēi chá, nuǎnhuo nuǎnhuo ba.",بیا داخل یک فنجان چای بخور و کمی گرم شو.,
535,女性,nǚxìng,HSK 4,名,1,具有女性身份或女性生理特征的人（名）,زن؛ فرد مؤنث (اسم),名,اسم,成年女性 (chéngnián nǚxìng) | 一名女性 (yì míng nǚxìng) | 中年女性 (zhōngnián nǚxìng) | 女性人数 (nǚxìng rénshù),参加这项调查的大多是成年女性。,Cānjiā zhè xiàng diàochá de dàduō shì chéngnián nǚxìng.,بیشتر شرکت‌کنندگان این نظرسنجی زنان بزرگسال بودند.,
535,女性,nǚxìng,HSK 4,形,2,属于女性的或与女性有关的（形）,زنانه؛ مربوط به زنان (صفت),形,صفت,女性角色 (nǚxìng juésè) | 女性声音 (nǚxìng shēngyīn) | 女性健康 (nǚxìng jiànkāng) | 女性特点 (nǚxìng tèdiǎn),这项研究主要关注女性健康。,Zhè xiàng yánjiū zhǔyào guānzhù nǚxìng jiànkāng.,این پژوهش عمدتاً بر سلامت زنان تمرکز دارد.,
536,偶尔,ǒu'ěr,HSK 4,副,1,有时候，但次数不多（副）,گاهی؛ گهگاه؛ بعضی وقت‌ها (قید),副,قید,偶尔出去 (ǒu'ěr chūqù) | 偶尔下雨 (ǒu'ěr xiàyǔ) | 偶尔见面 (ǒu'ěr jiànmiàn) | 偶尔会想家 (ǒu'ěr huì xiǎng jiā),我偶尔会去那家咖啡店。,Wǒ ǒu'ěr huì qù nà jiā kāfēidiàn.,گاهی به آن کافه می‌روم.,
537,排,pái,HSK 4,动,1,使人或物按一定顺序列成行列（及物动）,ردیف کردن؛ به صف چیدن (فعل گذرا),及物动,فعل گذرا,排成一行 (pái chéng yì háng) | 按高矮排好 (àn gāo'ǎi pái hǎo) | 排得整整齐齐 (pái de zhěngzhěngqíqí),老师把学生排成了两队。,Lǎoshī bǎ xuésheng pái chéng le liǎng duì.,معلم دانش‌آموزان را در دو صف چید.,
537,排,pái,HSK 4,动,2,安排时间、日程、工作等的先后次序（及物动）,زمان‌بندی کردن؛ برنامه‌ریزی کردن (فعل گذرا),及物动,فعل گذرا,日程排得很满 (rìchéng pái de hěn mǎn) | 会议排在下午 (huìyì pái zài xiàwǔ) | 把工作往后排 (bǎ gōngzuò wǎng hòu pái),会议已经排在星期五下午了。,Huìyì yǐjīng pái zài Xīngqīwǔ xiàwǔ le.,جلسه برای بعدازظهر جمعه برنامه‌ریزی شده است.,
537,排,pái,HSK 4,动,3,为正式演出而练习戏剧、舞蹈或节目（及物动）,برای اجرا تمرین کردن (فعل گذرا),及物动,فعل گذرا,排一场戏 (pái yì chǎng xì) | 排新节目 (pái xīn jiémù) | 排一个小品 (pái yí ge xiǎopǐn),他们正在排一个新节目。,Tāmen zhèngzài pái yí ge xīn jiémù.,آن‌ها در حال تمرین یک برنامهٔ جدید هستند.,
537,排,pái,HSK 4,动,4,使液体、气体、废物等从内部流出或放出（及物动）,خارج کردن؛ تخلیه کردن؛ دفع کردن (فعل گذرا),及物动,فعل گذرا,把水排掉 (bǎ shuǐ páidiào) | 污水往外排 (wūshuǐ wǎng wài pái) | 排到河里 (pái dào hé li),工厂不能把污水直接排到河里。,Gōngchǎng bù néng bǎ wūshuǐ zhíjiē pái dào hé li.,کارخانه نباید فاضلاب را مستقیماً وارد رودخانه کند.,
537,排,pái,HSK 4,量,5,用于成行排列的人或物（量）,ردیف؛ صف (واحد شمارش),量,واحد شمارش,一排座位 (yì pái zuòwèi) | 两排树 (liǎng pái shù) | 第一排 (dì-yī pái),我们坐在第一排。,Wǒmen zuò zài dì-yī pái.,ما در ردیف اول نشستیم.,
537,排,pái,HSK 4,名,6,军队中通常比班大、比连小的一级组织（名，军事）,دستهٔ نظامی (اسم، نظامی),名，军事,اسم، نظامی,一个排 (yí ge pái) | 全排战士 (quán pái zhànshì) | 排里的士兵 (pái li de shìbīng),他曾经带领过一个排。,Tā céngjīng dàilǐngguo yí ge pái.,او قبلاً فرماندهی یک دستهٔ نظامی را بر عهده داشته است.,
538,牌,pái,HSK 4,名,1,写有文字、符号或图案，用来标识或提示的板状物（名）,تابلو؛ پلاک (اسم),名,اسم,门牌 (ménpái) | 车牌 (chēpái) | 站牌 (zhànpái) | 警示牌 (jǐngshìpái),门口挂着一块木牌。,Ménkǒu guàzhe yí kuài mùpái.,دم در یک تابلوی چوبی آویزان است.,
538,牌,pái,HSK 4,名,2,纸牌、麻将牌等游戏中使用的片状物（名）,کارت یا مهرهٔ بازی (اسم),名,اسم,打牌 (dǎ pái) | 一副牌 (yí fù pái) | 扑克牌 (pūkèpái) | 麻将牌 (májiàngpái),他们晚上常常一起打牌。,Tāmen wǎnshang chángcháng yìqǐ dǎ pái.,آن‌ها شب‌ها اغلب با هم کارت‌بازی می‌کنند.,
538,牌,pái,HSK 4,名,3,商品的品牌或牌子（名）,برند؛ مارک (اسم),名,اسم,名牌 (míngpái) | 什么牌的 (shénme pái de) | 这个牌的产品 (zhège pái de chǎnpǐn) | 换个牌 (huàn ge pái),你这件衣服是什么牌的？,Nǐ zhè jiàn yīfu shì shénme pái de?,این لباست چه مارکی است؟,
538,牌,pái,HSK 4,名,4,“奖牌”的简称，多用于体育比赛（名）,مدال، بیشتر در ورزش (اسم),名,اسم,金牌 (jīnpái) | 银牌 (yínpái) | 铜牌 (tóngpái) | 拿牌 (ná pái),她在比赛中获得了一枚金牌。,Tā zài bǐsài zhōng huòdé le yì méi jīnpái.,او در مسابقه یک مدال طلا گرفت.,
539,拍,pāi,HSK 4,动,1,用手掌或扁平的东西打、碰某人或某物（及物动）,زدن؛ با کف دست ضربه زدن (فعل گذرا),及物动,فعل گذرا,拍手 (pāi shǒu) | 拍肩膀 (pāi jiānbǎng) | 拍桌子 (pāi zhuōzi) | 轻轻拍打 (qīngqīng pāidǎ),他轻轻拍了拍我的肩膀。,Tā qīngqīng pāi le pāi wǒ de jiānbǎng.,او آرام به شانه‌ام زد.,
539,拍,pāi,HSK 4,动,2,用相机、手机或摄影机记录照片、视频或电影（及物动）,عکس گرفتن؛ فیلم‌برداری کردن (فعل گذرا),及物动,فعل گذرا,拍一张照片 (pāi yì zhāng zhàopiàn) | 拍视频 (pāi shìpín) | 拍电影 (pāi diànyǐng) | 拍下来 (pāi xiàlai),我想给你拍一张照片。,Wǒ xiǎng gěi nǐ pāi yì zhāng zhàopiàn.,می‌خواهم از تو یک عکس بگیرم.,
539,拍,pāi,HSK 4,名,3,音乐中计算节奏的基本单位（名）,ضرب موسیقی (اسم),名,اسم,一拍 (yì pāi) | 两拍 (liǎng pāi) | 每小节四拍 (měi xiǎojié sì pāi) | 强调第一拍 (qiángdiào dì-yī pāi),这首曲子每小节有四拍。,Zhè shǒu qǔzi měi xiǎojié yǒu sì pāi.,این قطعه در هر میزان چهار ضرب دارد.,
540,排队,pái duì,HSK 4,动,1,按顺序站成队伍等候（动）,صف ایستادن؛ در صف قرار گرفتن (فعل),动,فعل,排队买票 (pái duì mǎi piào) | 排队等车 (pái duì děng chē) | 排队进入 (pái duì jìnrù) | 不用排队 (bú yòng pái duì),请大家排队上车。,Qǐng dàjiā pái duì shàng chē.,لطفاً همه برای سوار شدن صف بایستید.,
540,排队,pái duì,HSK 4,动,2,把事情按先后或重要程度排列；也指任务、请求等依次等待处理（动）,به‌ترتیب چیدن؛ در نوبت قرار دادن (فعل),动,فعل,给项目排个队 (gěi xiàngmù pái ge duì) | 把问题排排队 (bǎ wèntí pái pai duì) | 请求正在排队 (qǐngqiú zhèngzài páiduì) | 任务排队等待处理 (rènwu páiduì děngdài chǔlǐ),系统会让所有请求按顺序排队处理。,Xìtǒng huì ràng suǒyǒu qǐngqiú àn shùnxù páiduì chǔlǐ.,سیستم همهٔ درخواست‌ها را به‌ترتیب در نوبت پردازش قرار می‌دهد.,
541,排球,páiqiú,HSK 4,名,1,一种球类运动，两队隔网用手击球，使球落到对方场地（名）,والیبال (اسم),名,اسم,打排球 (dǎ páiqiú) | 排球比赛 (páiqiú bǐsài) | 排球队 (páiqiúduì) | 女子排球 (nǚzǐ páiqiú),她每周都去打排球。,Tā měi zhōu dōu qù dǎ páiqiú.,او هر هفته برای والیبال بازی کردن می‌رود.,
541,排球,páiqiú,HSK 4,名,2,排球运动中使用的球（名）,توپ والیبال (اسم),名,اسم,一个排球 (yí ge páiqiú) | 买排球 (mǎi páiqiú) | 排球坏了 (páiqiú huài le) | 拿着排球 (názhe páiqiú),他手里拿着一个排球。,Tā shǒu li názhe yí ge páiqiú.,او یک توپ والیبال در دست دارد.,
542,牌子,páizi,HSK 4,名,1,写有文字、符号或图案，用来标识或提示的板状物（名）,تابلو؛ پلاک (اسم),名,اسم,挂个牌子 (guà ge páizi) | 门口的牌子 (ménkǒu de páizi) | 木牌子 (mù páizi) | 写着名字的牌子 (xiězhe míngzi de páizi),门口挂着一个写着名字的牌子。,Ménkǒu guàzhe yí ge xiězhe míngzi de páizi.,دم در تابلویی آویزان است که نامی روی آن نوشته شده است.,
542,牌子,páizi,HSK 4,名,2,商品的品牌或商标（名）,برند؛ مارک (اسم),名,اسم,什么牌子 (shénme páizi) | 这个牌子 (zhège páizi) | 换个牌子 (huàn ge páizi) | 同一个牌子 (tóng yí ge páizi),你的手机是什么牌子的？,Nǐ de shǒujī shì shénme páizi de?,گوشی‌ات چه مارکی است؟,
543,判断,pànduàn,HSK 4,动,1,根据事实、经验或理由来确定情况、性质或结果,تشخیص دادن؛ قضاوت کردن؛ ارزیابی کردن (فعل گذرا),动,فعل گذرا,判断情况 (pànduàn qíngkuàng) | 判断对错 (pànduàn duìcuò) | 很难判断 (hěn nán pànduàn) | 准确判断 (zhǔnquè pànduàn),现在还很难判断结果。,Xiànzài hái hěn nán pànduàn jiéguǒ.,الان هنوز قضاوت دربارهٔ نتیجه سخت است.,
543,判断,pànduàn,HSK 4,名,2,根据事实、经验或理由得出的看法、结论或决定,قضاوت؛ داوری؛ تشخیص؛ نتیجه‌گیری (اسم),名,اسم,作出判断 (zuòchū pànduàn) | 正确判断 (zhèngquè pànduàn) | 错误判断 (cuòwù pànduàn) | 个人判断 (gèrén pànduàn),这是我的个人判断。,Zhè shì wǒ de gèrén pànduàn.,این قضاوت شخصی من است.,
544,陪,péi,HSK 4,动,1,跟某人在一起，伴随对方做某事或度过一段时间（及物动）,همراهی کردن؛ کنار کسی بودن، در معیت کسی بودن (فعل گذرا),及物动,فعل گذرا,陪朋友 (péi péngyou) | 陪孩子玩 (péi háizi wán) | 陪你去医院 (péi nǐ qù yīyuàn) | 陪客人吃饭 (péi kèrén chīfàn),我明天陪你去医院。,Wǒ míngtiān péi nǐ qù yīyuàn.,فردا همراهت به بیمارستان می‌آیم.,
545,片,piàn,HSK 4,名,1,平而薄的东西，或从整体上切下来的薄块（名）,ورقه؛ برش؛ تکهٔ نازک (اسم),名,اسم,切成片 (qiē chéng piàn) | 切成薄片 (qiē chéng báopiàn) | 撕成小片 (sī chéng xiǎopiàn) | 薄薄的片 (báobáo de piàn),请把土豆切成薄片。,Qǐng bǎ tǔdòu qiē chéng báopiàn.,لطفاً سیب‌زمینی را به ورقه‌های نازک برش بزن.,
545,片,piàn,HSK 4,量,2,用于薄而平的东西或切成薄片的食物、药品等（量）,واحدشمار چیزهای نازک یا ورقه‌ای (واحدشمار),量,واحدشمار,一片叶子 (yí piàn yèzi) | 一片面包 (yí piàn miànbāo) | 两片药 (liǎng piàn yào) | 三片肉 (sān piàn ròu),他吃了两片药。,Tā chī le liǎng piàn yào.,او دو قرص خورد.,
545,片,piàn,HSK 4,量,3,用于面积较大或连在一起的土地、水面等（量）,واحدشمار برای پهنه‌های زمین و آب (واحدشمار),量,واحدشمار,一片土地 (yí piàn tǔdì) | 一片草地 (yí piàn cǎodì) | 一片水面 (yí piàn shuǐmiàn) | 一片汪洋 (yí piàn wāngyáng),森林后面是一片宽阔的草地。,Sēnlín hòumian shì yí piàn kuānkuò de cǎodì.,پشت جنگل پهنهٔ وسیعی از چمنزار قرار دارد.,
545,片,piàn,HSK 4,量,4,用于声音、气氛、状态或心意等，表示充满某一范围或程度强烈（量）,برای صدا، فضا، حالت یا احساس فراگیر و شدید (واحدشمار),量,واحدشمار,一片安静 (yí piàn ānjìng) | 一片笑声 (yí piàn xiàoshēng) | 一片混乱 (yí piàn hùnluàn) | 一片好心 (yí piàn hǎoxīn),教室里一片安静。,Jiàoshì li yí piàn ānjìng.,کلاس کاملاً ساکت بود.,
545,片,piàn,HSK 4,名,5,电影、电视剧等影像作品，常用于口语或其他词语中（名）,فیلم؛ اثر تصویری، بیشتر در گفتار و ترکیب‌ها (اسم),名,اسم,看片 (kàn piàn) | 一部新片 (yí bù xīnpiàn) | 动作片 (dòngzuòpiàn) | 纪录片 (jìlùpiàn),我周末看了一部新片。,Wǒ zhōumò kàn le yí bù xīnpiàn.,آخر هفته یک فیلم جدید دیدم.,
546,篇,piān,HSK 4,量,1,用于文章、论文、报道、故事等完整的文字作品（量）,واحدشمار برای مقاله، متن و نوشته (واحدشمار),量,واحدشمار,一篇文章 (yì piān wénzhāng) | 两篇论文 (liǎng piān lùnwén) | 三篇报道 (sān piān bàodào) | 一篇故事 (yì piān gùshi),老师让我们写一篇作文。,Lǎoshī ràng wǒmen xiě yì piān zuòwén.,معلم از ما خواست یک انشا بنویسیم.,
547,皮肤,pífū,HSK 4,名,1,覆盖在人或动物身体表面的组织（名）,پوست؛ جلد (اسم),名,اسم,皮肤干 (pífū gān) | 皮肤过敏 (pífū guòmǐn) | 保护皮肤 (bǎohù pífū) | 皮肤很好 (pífū hěn hǎo),冬天我的皮肤很干。,Dōngtiān wǒ de pífū hěn gān.,زمستان پوست من خیلی خشک می‌شود.,
548,平常,píngcháng,HSK 4,名,1,平时；一般的时候（名）,اوقات عادی؛ در حالت معمول (اسم زمانی),名,اسم زمانی,和平常一样 (hé píngcháng yíyàng) | 平常很忙 (píngcháng hěn máng) | 平常不这样 (píngcháng bù zhèyàng) | 平常很少喝 (píngcháng hěn shǎo hē),他平常很少喝咖啡。,Tā píngcháng hěn shǎo hē kāfēi.,او معمولاً خیلی کم قهوه می‌خورد.,
548,平常,píngcháng,HSK 4,形,2,普通、不特别（形）,معمولی؛ عادی (صفت),形,صفت,很平常 (hěn píngcháng) | 平常的生活 (píngcháng de shēnghuó) | 平常人家 (píngcháng rénjiā) | 看起来很平常 (kàn qǐlai hěn píngcháng),这只是一件很平常的小事。,Zhè zhǐ shì yí jiàn hěn píngcháng de xiǎoshì.,این فقط مسئله‌ای کوچک و کاملاً عادی است.,
549,乒乓球,pīngpāngqiú,HSK 4,名,1,一种球类运动，两人或两队用球拍在球台两边击球（名）,تنیس روی میز؛ پینگ‌پنگ (اسم),名,اسم,打乒乓球 (dǎ pīngpāngqiú) | 乒乓球比赛 (pīngpāngqiú bǐsài) | 乒乓球队 (pīngpāngqiúduì) | 练乒乓球 (liàn pīngpāngqiú),我爸爸很喜欢打乒乓球。,Wǒ bàba hěn xǐhuan dǎ pīngpāngqiú.,پدرم خیلی دوست دارد تنیس روی میز بازی کند.,
549,乒乓球,pīngpāngqiú,HSK 4,名,2,乒乓球运动中使用的小球（名）,توپ پینگ‌پنگ؛ توپ تنیس روی میز (اسم),名,اسم,一个乒乓球 (yí ge pīngpāngqiú) | 白色乒乓球 (báisè pīngpāngqiú) | 乒乓球掉了 (pīngpāngqiú diào le) | 买乒乓球 (mǎi pīngpāngqiú),桌子下面有一个乒乓球。,Zhuōzi xiàmian yǒu yí ge pīngpāngqiú.,زیر میز یک توپ پینگ‌پنگ هست.,
550,批评,pīpíng,HSK 4,动,1,指出某人或某种做法的缺点、错误或问题（及物动）,انتقاد کردن؛ ایراد گرفتن (فعل گذرا),及物动,فعل گذرا,批评某人 (pīpíng mǒurén) | 批评这种做法 (pīpíng zhè zhǒng zuòfǎ) | 当面批评 (dāngmiàn pīpíng) | 严厉地批评 (yánlì de pīpíng),老师批评了他的错误做法。,Lǎoshī pīpíng le tā de cuòwù zuòfǎ.,معلم از رفتار نادرست او انتقاد کرد.,
550,批评,pīpíng,HSK 4,名,2,针对缺点、错误或问题提出的意见（名）,انتقاد؛ سرزنش (اسم),名,اسم,接受批评 (jiēshòu pīpíng) | 受到批评 (shòudào pīpíng) | 提出批评 (tíchū pīpíng) | 善意的批评 (shànyì de pīpíng),他虚心接受了大家的批评。,Tā xūxīn jiēshòu le dàjiā de pīpíng.,او با روی باز انتقادهای دیگران را پذیرفت.,
551,脾气,píqi,HSK 4,名,1,人的性格、情绪特点，尤其指容易生气或情绪反应的习惯（名）,خلق‌وخو؛ اخلاق؛ تندخویی (اسم),名,اسم,脾气好 (píqi hǎo) | 脾气不好 (píqi bù hǎo) | 发脾气 (fā píqi) | 脾气很大 (píqi hěn dà),他脾气很好，很少生气。,"Tā píqi hěn hǎo, hěn shǎo shēngqì.",او خوش‌اخلاق است و خیلی کم عصبانی می‌شود.,
551,脾气,píqi,HSK 4,名,2,比喻事物特有的性质或规律，尤其指需要熟悉和掌握的特点，常用于口语（名）,قلق؛ ویژگی خاص، به‌صورت استعاری و محاوره‌ای (اسم),名,اسم,摸清机器的脾气 (mōqīng jīqì de píqi) | 熟悉设备的脾气 (shúxī shèbèi de píqi) | 摸准它的脾气 (mōzhǔn tā de píqi) | 有自己的脾气 (yǒu zìjǐ de píqi),这台机器有自己的脾气，用久了就知道该怎么操作了。,"Zhè tái jīqì yǒu zìjǐ de píqi, yòng jiǔ le jiù zhīdào gāi zěnme cāozuò le.",این دستگاه قلق خاص خودش را دارد؛ مدتی که با آن کار کنی، می‌فهمی چطور باید راهش بیندازی.,
552,皮鞋,píxié,HSK 4,名,1,用皮革或仿皮材料做成的鞋（名）,کفش چرمی (اسم),名,اسم,一双皮鞋 (yì shuāng píxié) | 穿皮鞋 (chuān píxié) | 黑皮鞋 (hēi píxié) | 擦皮鞋 (cā píxié),他今天穿了一双黑皮鞋。,Tā jīntiān chuān le yì shuāng hēi píxié.,او امروز یک جفت کفش چرمی مشکی پوشیده است.,
553,破,pò,HSK 4,形,1,物品破损、裂开或出现破洞，不再完整（形）,پاره؛ شکسته؛ آسیب‌دیده (صفت),形,صفت,衣服破了 (yīfu pò le) | 鞋破了 (xié pò le) | 口袋破了 (kǒudai pò le) | 破了个洞 (pò le ge dòng),我的鞋破了。,Wǒ de xié pò le.,کفشم پاره شده است.,
553,破,pò,HSK 4,形,2,破旧、质量差或令人不满意，常用于口语并含贬义（形）,کهنه؛ خراب؛ داغان، محاوره‌ای و تحقیرآمیز (صفت),形,صفت,破房子 (pò fángzi) | 破车 (pò chē) | 破地方 (pò dìfang) | 破手机 (pò shǒujī),这辆破车老是出问题。,Zhè liàng pò chē lǎoshì chū wèntí.,این ماشین داغان مدام مشکل پیدا می‌کند.,
553,破,pò,HSK 4,形,3,用在动词后，表示物体受损、裂开或出现破洞（结果补语）,بعد از فعل: پاره، شکسته یا سوراخ شدن (متمم نتیجه),结果补语,متمم نتیجه,弄破衣服 (nòngpò yīfu) | 撕破纸张 (sīpò zhǐzhāng) | 划破手指 (huápò shǒuzhǐ) | 磨破鞋底 (mópò xiédǐ),别把这张纸弄破了。,Bié bǎ zhè zhāng zhǐ nòngpò le.,این کاغذ را پاره نکن.,
553,破,pò,HSK 4,动,4,超过原有的纪录、界限或标准（及物动）,شکستن رکورد؛ عبور از حد (فعل گذرا),及物动,فعل گذرا,破纪录 (pò jìlù) | 破世界纪录 (pò shìjiè jìlù) | 破十秒大关 (pò shí miǎo dàguān) | 连破两项纪录 (lián pò liǎng xiàng jìlù),他又破了世界纪录。,Tā yòu pò le shìjiè jìlù.,او دوباره رکورد جهانی را شکست.,
553,破,pò,HSK 4,动,5,查明案件真相，使案件得到解决（及物动）,کشف یا حل کردن پرونده (فعل گذرا),及物动,فعل گذرا,破这个案子 (pò zhège ànzi) | 连破两起大案 (lián pò liǎng qǐ dà'àn) | 案子终于破了 (ànzi zhōngyú pò le) | 这个案子怎么破 (zhège ànzi zěnme pò),警察终于破了这个案子。,Jǐngchá zhōngyú pò le zhège ànzi.,پلیس بالاخره این پرونده را حل کرد.,
554,普遍,pǔbiàn,HSK 4,形,1,存在范围很广或具有共同性；也常直接修饰动词，表示广泛地（形）,رایج؛ گسترده؛ فراگیر، گاهی در نقش قید (صفت),形,صفت,普遍现象 (pǔbiàn xiànxiàng) | 普遍问题 (pǔbiàn wèntí) | 普遍存在 (pǔbiàn cúnzài) | 普遍认为 (pǔbiàn rènwéi),这种现象在年轻人中十分普遍。,Zhè zhǒng xiànxiàng zài niánqīngrén zhōng shífēn pǔbiàn.,این پدیده میان جوانان بسیار رایج است.,
555,葡萄,pútao,HSK 4,名,1,一种圆形或椭圆形的小水果，成串生长，可鲜吃或酿酒（名）,انگور (اسم),名,اسم,吃葡萄 (chī pútao) | 一串葡萄 (yì chuàn pútao) | 甜葡萄 (tián pútao) | 葡萄皮 (pútao pí),这些葡萄很甜。,Zhèxiē pútao hěn tián.,این انگورها خیلی شیرین‌اند.,
556,葡萄酒,pútaojiǔ,HSK 4,名,1,用葡萄酿成的酒（名）,شراب انگور؛ واین (اسم),名,اسم,红葡萄酒 (hóng pútaojiǔ) | 白葡萄酒 (bái pútaojiǔ) | 一瓶葡萄酒 (yì píng pútaojiǔ) | 喝葡萄酒 (hē pútaojiǔ),这瓶葡萄酒味道不错。,Zhè píng pútaojiǔ wèidao búcuò.,طعم این شراب انگور خوب است.,
557,普通,pǔtōng,HSK 4,形,1,一般、不特别，也不属于高级、专业或特殊类别（形）,معمولی؛ عادی؛ غیر ویژه؛ ساده (صفت),形,صفت,普通人 (pǔtōng rén) | 普通家庭 (pǔtōng jiātíng) | 普通班 (pǔtōng bān) | 普通票 (pǔtōng piào),我买的是普通票，不是贵宾票。,"Wǒ mǎi de shì pǔtōng piào, bú shì guìbīn piào.",بلیتی که خریدم معمولی است، نه ویژه.,
558,普通话,pǔtōnghuà,HSK 4,名,1,中国通用的现代标准汉语，以北京语音为标准音（名）,ماندارین معیار؛ زبان چینی معیار (اسم),名,اسم,说普通话 (shuō pǔtōnghuà) | 学普通话 (xué pǔtōnghuà) | 普通话水平 (pǔtōnghuà shuǐpíng) | 标准普通话 (biāozhǔn pǔtōnghuà),她普通话说得很标准。,Tā pǔtōnghuà shuō de hěn biāozhǔn.,او ماندارین معیار را خیلی استاندارد صحبت می‌کند.,
559,气,qì,HSK 4,名,1,气体，尤其指物体中装着的空气（名）,هوا؛ گاز (اسم),名,اسم,轮胎里的气 (lúntāi li de qì) | 气球里的气 (qìqiú li de qì) | 放掉里面的气 (fàngdiào lǐmian de qì) | 一点气也没有 (yìdiǎn qì yě méiyǒu),这个轮胎里没气了。,Zhège lúntāi li méi qì le.,باد این لاستیک خالی شده است.,
559,气,qì,HSK 4,名,2,呼吸时进出身体的气息（名）,نفس (اسم),名,اسم,吸一口气 (xī yì kǒu qì) | 喘不过气 (chuǎn bú guò qì) | 屏住气 (bǐngzhù qì) | 松一口气 (sōng yì kǒu qì),他跑得太快，累得喘不过气了。,"Tā pǎo de tài kuài, lèi de chuǎn bú guò qì le.",آن‌قدر تند دوید که از خستگی نفسش بالا نمی‌آمد.,
559,气,qì,HSK 4,名,3,生气、愤怒的情绪（名）,خشم؛ عصبانیت (اسم),名,اسم,一肚子气 (yí dùzi qì) | 心里有气 (xīnli yǒu qì) | 气还没消 (qì hái méi xiāo) | 受了一肚子气 (shòu le yí dùzi qì),他心里有气，一句话也不肯说。,"Tā xīnli yǒu qì, yí jù huà yě bù kěn shuō.",او عصبانی بود و حاضر نبود یک کلمه حرف بزند.,
559,气,qì,HSK 4,动,4,因不满或受到刺激而生气（不及物动）,عصبانی شدن؛ حرص خوردن (فعل ناگذر),不及物动,فعل ناگذر,气坏了 (qìhuài le) | 气得发抖 (qì de fādǒu) | 越想越气 (yuè xiǎng yuè qì) | 一看就气 (yí kàn jiù qì),他越想这件事越气。,Tā yuè xiǎng zhè jiàn shì yuè qì.,هرچه بیشتر به این موضوع فکر می‌کرد، عصبانی‌تر می‌شد.,
559,气,qì,HSK 4,动,5,故意或无意中使别人生气（及物动）,عصبانی کردن؛ حرص دادن (فعل گذرا),及物动,فعل گذرا,故意气人 (gùyì qì rén) | 别气我 (bié qì wǒ) | 把他气哭 (bǎ tā qì kū) | 气死我了 (qìsǐ wǒ le),你别再气他了。,Nǐ bié zài qì tā le.,دیگر حرصش نده.,
559,气,qì,HSK 4,名,6,中医和传统文化中指维持人体生命活动的能量或生命力（名）,چی؛ نیروی حیاتی، در طب چینی و فرهنگ سنتی (اسم),名,اسم,体内的气 (tǐnèi de qì) | 气沉丹田 (qì chén dāntián) | 气的运行 (qì de yùnxíng) | 调节体内的气 (tiáojié tǐnèi de qì),中医认为，气在人体内不断运行。,"Zhōngyī rènwéi, qì zài réntǐ nèi búduàn yùnxíng.",در طب چینی باور دارند که نیروی «چی» پیوسته در بدن جریان دارد.,
560,期,qī,HSK 4,量,1,用于定期出版的刊物、节目，或分阶段进行的工程、课程、付款等（量）,شماره؛ دوره؛ مرحله؛ نوبت (واحدشمار),量,واحدشمار,第一期节目 (dì-yī qī jiémù) | 最新一期杂志 (zuìxīn yì qī zázhì) | 一期工程 (yì qī gōngchéng) | 分三期付款 (fēn sān qī fùkuǎn),我看了这本杂志的最新一期。,Wǒ kàn le zhè běn zázhì de zuìxīn yì qī.,جدیدترین شمارهٔ این مجله را خواندم.,
561,前方,qiánfāng,HSK 4,名,1,前面的方向或位置（名）,جلو؛ سمت جلو؛ پیشِ رو (اسم),名,اسم,前方路口 (qiánfāng lùkǒu) | 前方有车 (qiánfāng yǒu chē) | 前方不远 (qiánfāng bù yuǎn) | 看向前方 (kàn xiàng qiánfāng),前方不远就是地铁站。,Qiánfāng bù yuǎn jiù shì dìtiězhàn.,کمی جلوتر ایستگاه مترو است.,
561,前方,qiánfāng,HSK 4,名,2,战争、救援、比赛等最前面的地方或现场（名）,خط مقدم؛ محلِ پیش‌رو؛ صحنهٔ جلو (اسم),名,اسم,前方战士 (qiánfāng zhànshì) | 前方记者 (qiánfāng jìzhě) | 前方传来消息 (qiánfāng chuánlái xiāoxi) | 前方指挥部 (qiánfāng zhǐhuībù),前方记者发来了最新消息。,Qiánfāng jìzhě fālái le zuìxīn xiāoxi.,خبرنگار حاضر در صحنه تازه‌ترین خبر را فرستاد.,
562,强,qiáng,HSK 4,形,1,力量、能力、作用或程度大（形）,قوی؛ نیرومند؛ شدید (صفت),形,صفت,力量强 (lìliàng qiáng) | 能力强 (nénglì qiáng) | 竞争力强 (jìngzhēnglì qiáng) | 信号很强 (xìnhào hěn qiáng),他的学习能力很强。,Tā de xuéxí nénglì hěn qiáng.,توانایی یادگیری او بسیار بالاست.,
562,强,qiáng,HSK 4,形,2,质量、能力或效果等比别的好、占优势，常用于比较（形）,بهتر؛ برتر (صفت),形,صفت,比以前强 (bǐ yǐqián qiáng) | 比那个强 (bǐ nàge qiáng) | 强得多 (qiáng de duō) | 没他强 (méi tā qiáng),这个办法比那个强。,Zhège bànfǎ bǐ nàge qiáng.,این روش از آن یکی بهتر است.,
562,强,qiǎng,HSK 4,副,3,不顾本人或别人的意愿，勉强或强行做某事，多用于书面语（副）,به‌زور؛ برخلاف میل خود یا دیگری، بیشتر در نوشتار (قید),副,قید,强留客人 (qiǎng liú kèrén) | 强拉别人 (qiǎng lā biérén) | 强作笑容 (qiǎng zuò xiàoróng) | 强忍眼泪 (qiǎng rěn yǎnlèi),她强忍着眼泪，没有哭出来。,"Tā qiǎng rěnzhe yǎnlèi, méiyǒu kū chūlai.",او به‌زور جلوی اشک‌هایش را گرفت و گریه نکرد.,
563,前后,qiánhòu,HSK 4,名,1,前面和后面；前后两个方向或位置（名）,جلو و عقب؛ پیش و پس (اسم),名,اسم,前后左右 (qiánhòu zuǒyòu) | 房子前后 (fángzi qiánhòu) | 前后都有车 (qiánhòu dōu yǒu chē) | 前后看一看 (qiánhòu kàn yi kàn),车的前后都有摄像头。,Chē de qiánhòu dōu yǒu shèxiàngtóu.,جلو و عقب ماشین دوربین دارد.,
563,前后,qiánhòu,HSK 4,名,2,某个时间的前后一段时间，表示大约在那个时候（名）,حوالی؛ حدودِ زمانِ (اسم),名,اسم,春节前后 (Chūnjié qiánhòu) | 十点前后 (shí diǎn qiánhòu) | 年底前后 (niándǐ qiánhòu) | 手术前后 (shǒushù qiánhòu),春节前后车票很难买。,Chūnjié qiánhòu chēpiào hěn nán mǎi.,حوالی عید بهار خرید بلیت خیلی سخت است.,
563,前后,qiánhòu,HSK 4,副,3,表示事情从开始到结束的整个过程或相继关系（副）,از اول تا آخر؛ پشت‌سرهم؛ در مجموع (قید),副,قید,前后花了三天 (qiánhòu huā le sān tiān) | 前后来了五次 (qiánhòu lái le wǔ cì) | 前后不一致 (qiánhòu bù yízhì) | 前后对比 (qiánhòu duìbǐ),这件事前后花了一个月。,Zhè jiàn shì qiánhòu huā le yí ge yuè.,این کار از اول تا آخر یک ماه طول کشید.,
564,千克,qiānkè,HSK 4,量,1,质量或重量单位，一千克等于一公斤（量）,کیلوگرم (واحد وزن),量,واحد وزن,五千克 (wǔ qiānkè) | 十千克米 (shí qiānkè mǐ) | 重三千克 (zhòng sān qiānkè) | 每千克多少钱 (měi qiānkè duōshao qián)|净重五千克 (jìngzhòng wǔ qiānkè),这个包大约重三千克。,Zhège bāo dàyuē zhòng sān qiānkè.,این کیف حدود سه کیلوگرم وزن دارد.,
565,千万,qiānwàn,HSK 4,数,1,一千万，表示很大的数量（数）,ده میلیون؛ میلیون‌ها (عدد),数,عدد,千万资产 (qiānwàn zīchǎn) | 千万人口 (qiānwàn rénkǒu) | 上千万 (shàng qiānwàn) | 数千万 (shù qiānwàn),这个城市有上千万人口。,Zhège chéngshì yǒu shàng qiānwàn rénkǒu.,این شهر بیش از ده میلیون جمعیت دارد.,
565,千万,qiānwàn,HSK 4,副,2,表示强烈提醒、劝告或命令，常用于“千万别、千万要”（副）,حتماً؛ حواست باشد؛ مبادا (قید تأکیدی),副,قید تأکیدی,千万别忘 (qiānwàn bié wàng) | 千万小心 (qiānwàn xiǎoxīn) | 千万不要 (qiānwàn bú yào) | 千万记住 (qiānwàn jìzhù),你千万别告诉别人。,Nǐ qiānwàn bié gàosu biérén.,مبادا به کسی بگویی.,
566,签证,qiānzhèng,HSK 4,名,1,一国政府允许外国人入境、停留或出境的许可证明（名）,ویزا؛ روادید (اسم),名,اسم,申请签证 (shēnqǐng qiānzhèng) | 办签证 (bàn qiānzhèng) | 旅游签证 (lǚyóu qiānzhèng) | 签证过期 (qiānzhèng guòqī),我的签证下个月到期。,Wǒ de qiānzhèng xià ge yuè dàoqī.,ویزای من ماه آینده منقضی می‌شود.,
567,桥,qiáo,HSK 4,名,1,架在水面、道路或山谷等上面，供人或车辆通行的建筑物（名）,پل (اسم),名,اسم,过桥 (guò qiáo) | 一座桥 (yí zuò qiáo) | 桥上 (qiáo shang) | 石桥 (shíqiáo),河上有一座很老的桥。,Hé shang yǒu yí zuò hěn lǎo de qiáo.,بر روی رودخانه پل بسیار قدیمی‌ای قرار دارد.,
567,桥,qiáo,HSK 4,名,2,比喻连接双方、促进沟通的人或事物，多用于书面语（名）,پل ارتباطی؛ واسطه، به‌صورت استعاری و بیشتر در نوشتار (اسم),名,اسم,沟通之桥 (gōutōng zhī qiáo) | 友谊之桥 (yǒuyì zhī qiáo) | 架起一座桥 (jiàqǐ yí zuò qiáo) | 搭建友谊之桥 (dājiàn yǒuyì zhī qiáo),这次交流活动在两国青年之间架起了一座友谊之桥。,Zhè cì jiāoliú huódòng zài liǎng guó qīngnián zhījiān jiàqǐ le yí zuò yǒuyì zhī qiáo.,این برنامهٔ تبادل میان جوانان دو کشور پلی از دوستی ایجاد کرد.,
568,巧,qiǎo,HSK 4,形,1,手艺好，动手能力强，做事灵活精细（形）,ماهر؛ زبردست (صفت),形,صفت,手很巧 (shǒu hěn qiǎo) | 心灵手巧 (xīnlíng shǒu qiǎo) | 有一双巧手 (yǒu yì shuāng qiǎoshǒu) | 手艺很巧 (shǒuyì hěn qiǎo),她手很巧，什么都会做。,"Tā shǒu hěn qiǎo, shénme dōu huì zuò.",او خیلی ماهر و دست‌به‌کار است و هر کاری بلد است.,
568,巧,qiǎo,HSK 4,形,2,事情恰好或偶然发生，使人感到意外（形）,تصادفی؛ اتفاقی؛ درست به‌موقع (صفت),形,صفت,真巧 (zhēn qiǎo) | 太巧了 (tài qiǎo le) | 巧的是 (qiǎo de shì) | 来得真巧 (lái de zhēn qiǎo),真巧，我们又见面了。,"Zhēn qiǎo, wǒmen yòu jiànmiàn le.",چه تصادفی! دوباره همدیگر را دیدیم.,
568,巧,qiǎo,HSK 4,形,3,方法、设计或构思灵活、聪明而有创意（形）,هوشمندانه؛ ابتکاری؛ زیرکانه (صفت),形,صفت,办法很巧 (bànfǎ hěn qiǎo) | 设计得巧 (shèjì de qiǎo) | 构思很巧 (gòusī hěn qiǎo) | 主意很巧 (zhǔyi hěn qiǎo),这个办法虽然简单，但是很巧。,"Zhège bànfǎ suīrán jiǎndān, dànshì hěn qiǎo.",این روش با اینکه ساده است، بسیار هوشمندانه است.,
569,敲,qiāo,HSK 4,动,1,用手指关节或工具击打物体，使其发出声音（及物动）,کوبیدن؛ ضربه زدن؛ در زدن (فعل گذرا),及物动,فعل گذرا,敲门 (qiāo mén) | 敲桌子 (qiāo zhuōzi) | 敲钟 (qiāo zhōng) | 轻轻敲 (qīngqīng qiāo),有人在敲门。,Yǒu rén zài qiāo mén.,یک نفر دارد در می‌زند.,
569,敲,qiāo,HSK 4,动,2,利用机会向别人索取高价或大量钱财，常用于“敲某人一笔”，多用于口语（及物动）,تلکه کردن؛ پول زیادی از کسی گرفتن، محاوره‌ای (فعل گذرا),及物动,فعل گذرا,敲他一笔 (qiāo tā yì bǐ) | 敲一笔钱 (qiāo yì bǐ qián) | 被人敲了一笔 (bèi rén qiāo le yì bǐ) | 狠狠敲一笔 (hěnhěn qiāo yì bǐ),那家修理店狠狠敲了我一笔。,Nà jiā xiūlǐdiàn hěnhěn qiāo le wǒ yì bǐ.,آن تعمیرگاه حسابی تلکه‌ام کرد.,
570,巧克力,qiǎokèlì,HSK 4,名,1,用可可粉、糖等制成的甜食（名）,شکلات (اسم),名,اسم,吃巧克力 (chī qiǎokèlì) | 黑巧克力 (hēi qiǎokèlì) | 一块巧克力 (yí kuài qiǎokèlì),我买了一块黑巧克力。,Wǒ mǎi le yí kuài hēi qiǎokèlì.,من یک تکه شکلات تلخ خریدم.,
570,巧克力,qiǎokèlì,HSK 4,名、形,2,像巧克力一样的颜色或味道（名/形）,رنگ یا طعم شکلاتی (اسم/صفت),名/形,اسم/صفت,巧克力味 (qiǎokèlì wèi) | 巧克力色 (qiǎokèlì sè) | 巧克力冰淇淋 (qiǎokèlì bīngqílín) | 巧克力牛奶 (qiǎokèlì niúnǎi)| 巧克力蛋糕 (qiǎokèlì dàngāo),她点了一杯巧克力牛奶。,Tā diǎn le yì bēi qiǎokèlì niúnǎi.,او یک لیوان شیر شکلاتی سفارش داد.,
571,其次,qícì,HSK 4,连、副,1,表示第二点或次要的一点，常用于列举、说明（连/副）,دوم؛ در مرحلهٔ بعد؛ علاوه بر آن (حرف ربط/قید),连/副,حرف ربط/قید,首先……其次…… (shǒuxiān... qícì...) | 其次是价格 (qícì shì jiàgé) | 其次要考虑 (qícì yào kǎolǜ) | 其次还有 (qícì hái yǒu),首先要安全，其次要方便。,"Shǒuxiān yào ānquán, qícì yào fāngbiàn.",اول باید امن باشد، بعد هم راحت و کاربردی.,
572,起到,qǐdào,HSK 4,动,1,产生某种作用或效果，常和“作用、效果、帮助”等搭配（动）,نقش داشتن؛ اثر گذاشتن؛ باعث شدن (فعل),动,فعل,起到作用 (qǐdào zuòyòng) | 起到效果 (qǐdào xiàoguǒ) | 起到帮助 (qǐdào bāngzhù) | 起到关键作用 (qǐdào guānjiàn zuòyòng),这个办法起到了很好的效果。,Zhège bànfǎ qǐdào le hěn hǎo de xiàoguǒ.,این روش اثر خیلی خوبی گذاشت.,
573,气候,qìhòu,HSK 4,名,1,一个地区长期的天气特点（名）,اقلیم؛ آب‌وهوا (اسم),名,اسم,气候变化 (qìhòu biànhuà) | 气候温和 (qìhòu wēnhé) | 热带气候 (rèdài qìhòu) | 当地气候 (dāngdì qìhòu),这里的气候很温和。,Zhèli de qìhòu hěn wēnhé.,اقلیم اینجا خیلی معتدل است.,
573,气候,qìhòu,HSK 4,名,2,比喻某种社会、政治或心理环境、氛围（名）,فضا؛ جوّ؛ حال‌وهوا (اسم، مجازی),名,اسم، مجازی,政治气候 (zhèngzhì qìhòu) | 社会气候 (shèhuì qìhòu) | 文化气候 (wénhuà qìhòu) | 时代气候 (shídài qìhòu),当时的社会气候比较保守。,Dāngshí de shèhuì qìhòu bǐjiào bǎoshǒu.,فضای اجتماعی آن زمان نسبتاً محافظه‌کارانه بود.,
574,期末,qīmò,HSK 4,名,1,一个学期的最后阶段（名）,پایان ترم؛ آخر ترم (اسم),名,اسم,期末考试 (qīmò kǎoshì) | 期末成绩 (qīmò chéngjì) | 期末复习 (qīmò fùxí) | 到了期末 (dào le qīmò),期末考试快到了。,Qīmò kǎoshì kuài dào le.,امتحان پایان‌ترم نزدیک است.,
575,琴,qín,HSK 4,名,1,弦乐器和某些键盘乐器的通称，如钢琴、小提琴、二胡等；单独使用时所指由语境决定（名）,نام عام سازهای زهی و بعضی سازهای کلاویه‌ای، مانند پیانو، ویولن و ارهو (اسم),名,اسم,弹琴 (tán qín) | 拉琴 (lā qín) | 学琴 (xué qín) | 练琴 (liàn qín),她从小就学弹琴。,Tā cóngxiǎo jiù xué tán qín.,او از کودکی نواختن ساز را یاد گرفته است.,
575,琴,qín,HSK 4,名,2,特指中国传统的七弦弹拨乐器“古琴”，多用于古代语境或文学表达（名）,گوچین؛ ساز سنتی چینیِ هفت‌سیمی که با انگشت نواخته می‌شود (اسم),名,اسم,抚琴 (fǔ qín) | 悠扬的琴声 (yōuyáng de qínshēng) | 一张琴 (yì zhāng qín) | 焚香抚琴 (fénxiāng fǔ qín),他坐在窗前抚琴。,Tā zuò zài chuāng qián fǔ qín.,او کنار پنجره نشسته بود و گوچین می‌نواخت.,
576,轻,qīng,HSK 4,形,1,重量小，和“重”相对（形）,سبک؛ کم‌وزن (صفت),形,صفت,很轻 (hěn qīng) | 包很轻 (bāo hěn qīng) | 分量很轻 (fènliàng hěn qīng) | 拿起来很轻 (ná qǐlai hěn qīng),这个箱子很轻。,Zhège xiāngzi hěn qīng.,این چمدان خیلی سبک است.,
576,轻,qīng,HSK 4,形,2,程度浅或不严重（形）,خفیف؛ نه‌چندان شدید (صفت),形,صفت,伤得较轻 (shāng de jiào qīng) | 病情很轻 (bìngqíng hěn qīng) | 症状较轻 (zhèngzhuàng jiào qīng) | 情节较轻 (qíngjié jiào qīng),他的伤不算轻。,Tā de shāng bú suàn qīng.,جراحتش چندان خفیف نیست.,
576,轻,qīng,HSK 4,形,3,动作、声音等小而柔和，用力不大（形）,آرام؛ آهسته؛ ملایم (صفت),形,صفت,动作很轻 (dòngzuò hěn qīng) | 脚步很轻 (jiǎobù hěn qīng) | 声音很轻 (shēngyīn hěn qīng) | 轻一点关门 (qīng yìdiǎn guān mén),请轻一点关门。,Qǐng qīng yìdiǎn guān mén.,لطفاً در را آرام‌تر ببند.,
577,情况,qíngkuàng,HSK 4,名,1,事情或人在某一方面的状态、变化或实际情形（名）,وضعیت؛ شرایط؛ اوضاع (اسم),名,اسم,了解情况 (liǎojiě qíngkuàng) | 目前的情况 (mùqián de qíngkuàng) | 身体情况 (shēntǐ qíngkuàng) | 特殊情况 (tèshū qíngkuàng),目前的情况还不太清楚。,Mùqián de qíngkuàng hái bú tài qīngchu.,وضعیت فعلی هنوز چندان روشن نیست.,
578,青年,qīngnián,HSK 4,名,1,年龄在少年之后、中年之前的人；年轻人（名）,جوان؛ جوانان (اسم),名,اسم,青年人 (qīngniánrén) | 青年学生 (qīngnián xuésheng) | 中国青年 (Zhōngguó qīngnián) | 优秀青年 (yōuxiù qīngnián),越来越多的青年选择创业。,Yuèláiyuè duō de qīngnián xuǎnzé chuàngyè.,جوانان بیشتری کارآفرینی را انتخاب می‌کنند.,
579,轻松,qīngsōng,HSK 4,形,1,形容人的身心没有压力，或气氛让人感到放松、自在（形）,آسوده؛ راحت؛ بی‌استرس، برای شخص یا فضا (صفت),形,صفت,感到轻松 (gǎndào qīngsōng) | 心情轻松 (xīnqíng qīngsōng) | 气氛轻松 (qìfēn qīngsōng) | 轻松自在 (qīngsōng zìzài),听完音乐后，我感觉轻松多了。,"Tīng wán yīnyuè hòu, wǒ gǎnjué qīngsōng duō le.",بعد از گوش‌دادن به موسیقی، احساس آسودگی بیشتری کردم.,
579,轻松,qīngsōng,HSK 4,形,2,形容工作、任务等容易完成，不费力或负担不重（形）,آسان؛ سبک؛ بی‌دردسر، برای کار یا فعالیت (صفت),形,صفت,工作很轻松 (gōngzuò hěn qīngsōng) | 轻松完成 (qīngsōng wánchéng) | 轻松解决 (qīngsōng jiějué) | 轻松通过考试 (qīngsōng tōngguò kǎoshì),这个任务并不轻松。,Zhège rènwu bìng bù qīngsōng.,این کار اصلاً آسان نیست.,
580,庆祝,qìngzhù,HSK 4,动,1,为共同的喜事、节日或成功而举行活动表示高兴（及物动）,جشن گرفتن؛ گرامی داشتن (فعل گذرا),及物动,فعل گذرا,庆祝生日 (qìngzhù shēngrì) | 庆祝节日 (qìngzhù jiérì) | 庆祝胜利 (qìngzhù shènglì) | 一起庆祝 (yìqǐ qìngzhù),我们一起庆祝他的生日。,Wǒmen yìqǐ qìngzhù tā de shēngrì.,ما با هم تولد او را جشن گرفتیم.,
581,亲戚,qīnqi,HSK 4,名,1,和自己有血缘或婚姻关系的人（名）,خویشاوند؛ فامیل (اسم),名,اسم,看亲戚 (kàn qīnqi) | 走亲戚 (zǒu qīnqi) | 远房亲戚 (yuǎnfáng qīnqi) | 家里的亲戚 (jiā li de qīnqi),春节我们常常去看亲戚。,Chūnjié wǒmen chángcháng qù kàn qīnqi.,عید بهار معمولاً به دیدن فامیل می‌رویم.,
582,汽水,qìshuǐ,HSK 4,名,1,含有二氧化碳的甜饮料（名）,نوشابهٔ گازدار (اسم),名,اسم,喝汽水 (hē qìshuǐ) | 一瓶汽水 (yì píng qìshuǐ) | 冰汽水 (bīng qìshuǐ) | 橙味汽水 (chéngwèi qìshuǐ),天气太热了，我想喝一瓶冰汽水。,"Tiānqì tài rè le, wǒ xiǎng hē yì píng bīng qìshuǐ.",هوا خیلی گرم است، دلم یک بطری نوشابهٔ گازدار خنک می‌خواهد.,
583,球队,qiúduì,HSK 4,名,1,参加球类运动比赛的队伍（名）,تیم ورزشی؛ تیم توپ‌بازی (اسم),名,اسم,足球队 (zúqiúduì) | 篮球队 (lánqiúduì) | 支持球队 (zhīchí qiúduì) | 加入球队 (jiārù qiúduì),他加入了学校的足球队。,Tā jiārù le xuéxiào de zúqiúduì.,او به تیم فوتبال مدرسه پیوست.,
584,球迷,qiúmí,HSK 4,名,1,非常喜欢看球赛或支持某个球队、球员的人（名）,هوادار ورزشی؛ طرفدار تیم/بازیکن (اسم),名,اسم,足球迷 (zúqiúmí) | 篮球迷 (lánqiúmí) | 中国球迷 (Zhōngguó qiúmí) | 球迷很多 (qiúmí hěn duō),他是一个真正的足球迷。,Tā shì yí ge zhēnzhèng de zúqiúmí.,او یک هوادار واقعی فوتبال است.,
585,气温,qìwēn,HSK 4,名,1,空气的温度（名）,دمای هوا (اسم),名,اسم,气温下降 (qìwēn xiàjiàng) | 气温升高 (qìwēn shēnggāo) | 最高气温 (zuìgāo qìwēn) | 最低气温 (zuìdī qìwēn),今天气温下降了很多。,Jīntiān qìwēn xiàjiàng le hěn duō.,امروز دمای هوا خیلی پایین آمده است.,
586,其中,qízhōng,HSK 4,代、副,1,在这些人、事物或范围里面（代/副）,در میان آن‌ها؛ از میانِ آن‌ها؛ که از آن جمله (ضمیر/قید),代/副,ضمیر/قید,其中一个 (qízhōng yí ge) | 其中包括 (qízhōng bāokuò) | 其中之一 (qízhōng zhī yī) | 其中最重要的是 (qízhōng zuì zhòngyào de shì),我买了三本书，其中一本是中文书。,"Wǒ mǎi le sān běn shū, qízhōng yì běn shì Zhōngwén shū.",سه کتاب خریدم که یکی از آن‌ها کتاب چینی است.,
587,期中,qīzhōng,HSK 4,名,1,一个学期中间的阶段（名）,میان‌ترم؛ وسط ترم (اسم),名,اسم,期中考试 (qīzhōng kǎoshì) | 期中成绩 (qīzhōng chéngjì) | 期中复习 (qīzhōng fùxí) | 到了期中 (dào le qīzhōng),下周有期中考试。,Xià zhōu yǒu qīzhōng kǎoshì.,هفتهٔ آینده امتحان میان‌ترم داریم.,
588,取,qǔ,HSK 4,动,1,拿、领取或从某处拿出某物（及物动）,گرفتن؛ برداشتن؛ تحویل گرفتن (فعل گذرا),及物动,فعل گذرا,取钱 (qǔ qián) | 取票 (qǔ piào) | 取快递 (qǔ kuàidì) | 取行李 (qǔ xíngli),我去银行取点钱。,Wǒ qù yínháng qǔ diǎn qián.,می‌روم از بانک کمی پول بگیرم.,
588,取,qǔ,HSK 4,动,2,从若干事物中选择一个，或选定名称、数值等（及物动）,انتخاب کردن؛ برگزیدن (فعل گذرا),及物动,فعل گذرا,二者取一 (èr zhě qǔ yī) | 取一个名字 (qǔ yí ge míngzi) | 取平均值 (qǔ píngjūnzhí) | 取较小值 (qǔ jiào xiǎo zhí),这两个方案中，我们取第一个。,"Zhè liǎng ge fāng'àn zhōng, wǒmen qǔ dì-yī ge.",از میان این دو طرح، اولی را انتخاب می‌کنیم.,
589,区,qū,HSK 4,名,1,具有某种自然特点或特定功能的区域（名）,ناحیه؛ منطقه؛ محدودهٔ دارای ویژگی یا کاربرد مشخص (اسم),名,اسم,山区 (shānqū) | 林区 (línqū) | 商业区 (shāngyèqū) | 住宅区 (zhùzháiqū),这家商场位于市中心的商业区。,Zhè jiā shāngchǎng wèiyú shìzhōngxīn de shāngyèqū.,این مرکز خرید در منطقهٔ تجاری مرکز شهر قرار دارد.,
589,区,qū,HSK 4,名,2,城市中的一级行政区域，如北京市海淀区（名）,ناحیهٔ اداری؛ منطقهٔ شهری (اسم),名,اسم,海淀区 (Hǎidiàn Qū) | 区政府 (qū zhèngfǔ) | 区内居民 (qūnèi jūmín) | 全区范围 (quán qū fànwéi),他住在北京市海淀区。,Tā zhù zài Běijīng Shì Hǎidiàn Qū.,او در منطقهٔ هایدیانِ شهر پکن زندگی می‌کند.,
590,全,quán,HSK 4,形,1,完整，没有缺少应有的部分（形）,کامل؛ بی‌کم‌وکاست (صفت),形,صفت,资料很全 (zīliào hěn quán) | 材料不全 (cáiliào bù quán) | 东西全了 (dōngxi quán le) | 品种很全 (pǐnzhǒng hěn quán),这份资料很全。,Zhè fèn zīliào hěn quán.,این مجموعه اطلاعات بسیار کامل است.,
590,全,quán,HSK 4,形,2,表示整个范围或所有成员（形）,تمامِ؛ کلِ؛ سراسرِ (صفت),形,صفت,全国人民 (quánguó rénmín) | 全世界 (quán shìjiè) | 全公司的人 (quán gōngsī de rén) | 全班同学 (quán bān tóngxué),全班同学都来了。,Quán bān tóngxué dōu lái le.,همهٔ دانش‌آموزان کلاس آمدند.,
590,全,quán,HSK 4,副,3,表示全部如此或完全如此，没有例外（副）,همگی؛ کاملاً؛ تماماً (قید),副,قید,全都知道 (quán dōu zhīdào) | 全忘了 (quán wàng le) | 全靠你 (quán kào nǐ) | 全是错的 (quán shì cuò de),这些题我全做完了。,Zhèxiē tí wǒ quán zuòwán le.,همهٔ این سؤال‌ها را انجام دادم.,
591,全部,quánbù,HSK 4,名,1,一个事物的所有部分或所有内容（名）,تمام؛ همه؛ کلِ یک چیز (اسم),名,اسم,事情的全部 (shìqing de quánbù) | 生活的全部 (shēnghuó de quánbù) | 这不是全部 (zhè bú shì quánbù) | 全部的一部分 (quánbù de yí bùfen),这就是事情的全部。,Zhè jiù shì shìqing de quánbù.,این تمام ماجراست.,
591,全部,quánbù,HSK 4,形,2,表示某个范围内所有的事物或成员（形）,همهٔ؛ تمامِ؛ کلِ (صفت),形,صفت,全部内容 (quánbù nèiróng) | 全部费用 (quánbù fèiyòng) | 全部人员 (quánbù rényuán) | 全部过程 (quánbù guòchéng),全部费用由公司承担。,Quánbù fèiyòng yóu gōngsī chéngdān.,شرکت تمام هزینه‌ها را پرداخت می‌کند.,
591,全部,quánbù,HSK 4,副,3,表示所有事物都如此，没有剩余或例外（副）,همگی؛ به‌طور کامل؛ تماماً (قید),副,قید,全部完成 (quánbù wánchéng) | 全部拿走 (quánbù ná zǒu) | 全部取消 (quánbù qǔxiāo) | 全部卖完 (quánbù màiwán),这些工作我已经全部完成了。,Zhèxiē gōngzuò wǒ yǐjīng quánbù wánchéng le.,همهٔ این کارها را انجام داده‌ام.,
592,全都,quándōu,HSK 4,副,1,表示所有人或事物都如此，强调没有例外（副）,همه؛ همگی؛ بدون استثنا (قید),副,قید,全都来了 (quándōu lái le) | 全都知道 (quándōu zhīdào) | 全都忘了 (quándōu wàng le) | 全都是新的 (quándōu shì xīn de),他们全都同意这个决定。,Tāmen quándōu tóngyì zhège juédìng.,آن‌ها همگی با این تصمیم موافق‌اند.,
593,全球,quánqiú,HSK 4,名,1,整个地球、全世界（名）,جهان؛ سراسر جهان؛ کل دنیا (اسم),名,اسم,全球市场 (quánqiú shìchǎng) | 全球气候 (quánqiú qìhòu) | 全球范围内 (quánqiú fànwéi nèi) | 全球经济 (quánqiú jīngjì),这个问题影响全球经济。,Zhège wèntí yǐngxiǎng quánqiú jīngjì.,این مسئله بر اقتصاد جهانی اثر می‌گذارد.,
594,全身,quánshēn,HSK 4,名,1,整个身体（名）,تمام بدن؛ کل بدن (اسم),名,اسم,全身疼 (quánshēn téng) | 全身检查 (quánshēn jiǎnchá) | 全身湿透 (quánshēn shītòu) | 全身发冷 (quánshēn fālěng),他跑完步后全身都是汗。,Tā pǎo wán bù hòu quánshēn dōu shì hàn.,بعد از دویدن، تمام بدنش عرق کرده بود.,
595,区别,qūbié,HSK 4,名,1,两个或多个事物之间不同的地方（名）,تفاوت؛ فرق (اسم),名,اسم,明显区别 (míngxiǎn qūbié) | 没有区别 (méiyǒu qūbié) | 主要区别 (zhǔyào qūbié) | 区别很大 (qūbié hěn dà),这两个词有什么区别？,Zhè liǎng ge cí yǒu shénme qūbié?,این دو کلمه چه فرقی دارند؟,
595,区别,qūbié,HSK 4,动,2,把不同的人或事物分辨开来（及物动）,تشخیص دادن؛ فرق گذاشتن؛ متمایز کردن (فعل گذرا),及物动,فعل گذرا,区别真假 (qūbié zhēnjiǎ) | 区别不同情况 (qūbié bùtóng qíngkuàng) | 很难区别 (hěn nán qūbié) | 区别对待 (qūbié duìdài),我们要区别不同情况。,Wǒmen yào qūbié bùtóng qíngkuàng.,باید شرایط مختلف را از هم تشخیص بدهیم.,
596,取得,qǔdé,HSK 4,动,1,通过努力、行动或某种方式获得结果、成绩、资格等（及物动）,به‌دست آوردن؛ کسب کردن (فعل گذرا),及物动,فعل گذرا,取得成功 (qǔdé chénggōng) | 取得成绩 (qǔdé chéngjì) | 取得进步 (qǔdé jìnbù) | 取得联系 (qǔdé liánxì),他在比赛中取得了好成绩。,Tā zài bǐsài zhōng qǔdé le hǎo chéngjì.,او در مسابقه نتیجهٔ خوبی به دست آورد.,
597,却,què,HSK 4,副,1,表示转折，强调实际情况与前文所说或原来的预想不同（副）,اما؛ ولی؛ برخلاف انتظار (قید ربطی),副,قید ربطی,却不知道 (què bù zhīdào) | 却没有来 (què méiyǒu lái) | 很小却很强 (hěn xiǎo què hěn qiáng) | 想去却没时间 (xiǎng qù què méi shíjiān),这道题看起来简单，却很容易出错。,"Zhè dào tí kàn qǐlai jiǎndān, què hěn róngyì chūcuò.",این سؤال ساده به نظر می‌رسد، اما برخلاف انتظار به‌راحتی باعث اشتباه می‌شود.,
598,缺,quē,HSK 4,动,1,应该有的东西数量不足或完全没有（及物动）,کم داشتن؛ نداشتن؛ با کمبود چیزی مواجه بودن (فعل گذرا),及物动,فعل گذرا,缺钱 (quē qián) | 缺时间 (quē shíjiān) | 缺人手 (quē rénshǒu) | 缺经验 (quē jīngyàn),我们现在缺一名工程师。,Wǒmen xiànzài quē yì míng gōngchéngshī.,ما اکنون یک مهندس کم داریم.,
598,缺,quē,HSK 4,动,2,物品少了某个部分，因而不完整（动）,بخشی را کم داشتن؛ ناقص بودن (فعل),动,فعل,缺了一页 (quē le yí yè) | 缺了一个角 (quē le yí ge jiǎo) | 缺了一颗牙 (quē le yì kē yá) | 拼图缺了一块 (pīntú quē le yí kuài),这本书缺了一页。,Zhè běn shū quē le yí yè.,این کتاب یک صفحه کم دارد.,
598,缺,quē,HSK 4,动,3,应该到场的人没有到（不及物动）,غایب بودن؛ در جمع حضور نداشتن (فعل ناگذر),不及物动,فعل ناگذر,缺了两个人 (quē le liǎng ge rén) | 一个不缺 (yí ge bù quē) | 谁也不能缺 (shéi yě bù néng quē) | 看看缺了谁 (kànkan quē le shéi),今天开会缺了两个人。,Jīntiān kāihuì quē le liǎng ge rén.,امروز دو نفر در جلسه غایب بودند.,
599,缺点,quēdiǎn,HSK 4,名,1,不好的地方、不足之处，和“优点”相对（名）,عیب؛ نقص؛ نقطه‌ضعف (اسم),名,اسم,有缺点 (yǒu quēdiǎn) | 改正缺点 (gǎizhèng quēdiǎn) | 最大的缺点 (zuìdà de quēdiǎn) | 优点和缺点 (yōudiǎn hé quēdiǎn),每个人都有自己的缺点。,Měi ge rén dōu yǒu zìjǐ de quēdiǎn.,هر کسی عیب‌های خودش را دارد.,
600,缺少,quēshǎo,HSK 4,动,1,数量不够或没有某种需要的东西（及物动）,کم داشتن؛ فاقد بودن؛ کمبود داشتن (فعل گذرا),及物动,فعل گذرا,缺少经验 (quēshǎo jīngyàn) | 缺少资金 (quēshǎo zījīn) | 缺少证据 (quēshǎo zhèngjù) | 缺少机会 (quēshǎo jīhuì),这个项目缺少资金。,Zhège xiàngmù quēshǎo zījīn.,این پروژه کمبود بودجه دارد.,
601,确实,quèshí,HSK 4,副,1,表示对事实或情况的肯定，相当于“的确”（副）,واقعاً؛ به‌راستی؛ حقیقتاً (قید),副,قید,确实不错 (quèshí búcuò) | 确实如此 (quèshí rúcǐ) | 确实需要 (quèshí xūyào) | 确实存在 (quèshí cúnzài),这个办法确实很有效。,Zhège bànfǎ quèshí hěn yǒuxiào.,این روش واقعاً مؤثر است.,
602,取消,qǔxiāo,HSK 4,动,1,使原有的计划、活动、规定、资格等不再进行或不再有效（及物动）,لغو کردن؛ باطل کردن (فعل گذرا),及物动,فعل گذرا,取消会议 (qǔxiāo huìyì) | 取消订单 (qǔxiāo dìngdān) | 取消资格 (qǔxiāo zīgé) | 取消限制 (qǔxiāo xiànzhì),因为天气不好，比赛被取消了。,"Yīnwèi tiānqì bù hǎo, bǐsài bèi qǔxiāo le.",مسابقه به‌دلیل نامساعد بودن هوا لغو شد.,
603,然而,rán'ér,HSK 4,连,1,表示转折，相当于“但是”，多用于书面语（连）,اما؛ بااین‌حال، بیشتر در نوشتار (حرف ربط),连,حرف ربط,然而并非如此 (rán'ér bìngfēi rúcǐ) | 然而事实上 (rán'ér shìshí shang) | 然而却没有 (rán'ér què méiyǒu),他准备得很充分，然而结果并不理想。,"Tā zhǔnbèi de hěn chōngfèn, rán'ér jiéguǒ bìng bù lǐxiǎng.",او کاملاً آماده شده بود، اما نتیجه رضایت‌بخش نبود.,
604,热闹,rènao,HSK 4,形,1,人多、活动多，气氛活跃而有生气（形）,شلوغ و پرجنب‌وجوش؛ پرشور (صفت),形,صفت,非常热闹 (fēicháng rènao) | 街上很热闹 (jiēshang hěn rènao) | 场面热闹 (chǎngmiàn rènao) | 热闹的夜市 (rènao de yèshì),春节期间，街上特别热闹。,"Chūnjié qījiān, jiēshang tèbié rènao.",در ایام عید بهار، خیابان‌ها بسیار شلوغ و پرجنب‌وجوش‌اند.,
604,热闹,rènao,HSK 4,名,2,引人围观或使人感兴趣的事情、场面（名）,ماجرا یا صحنهٔ تماشایی (اسم),名,اسم,看热闹 (kàn rènao) | 看个热闹 (kàn ge rènao) | 有热闹可看 (yǒu rènao kě kàn) | 没什么热闹可看 (méi shénme rènao kě kàn),外面发生什么了？怎么这么多人在看热闹？,Wàimian fāshēng shénme le? Zěnme zhème duō rén zài kàn rènao?,بیرون چه اتفاقی افتاده؟ چرا این‌همه آدم جمع شده‌اند تماشا؟,
604,热闹,rènao,HSK 4,动,3,聚在一起娱乐、庆祝，使气氛活跃，常用于口语和重叠形式（不及物动）,دور هم خوش‌گذرانی یا جشن‌گرفتن، بیشتر محاوره‌ای (فعل ناگذر),不及物动,فعل ناگذر,一起热闹热闹 (yìqǐ rènao-rènao) | 大家热闹热闹 (dàjiā rènao-rènao) | 好好热闹一下 (hǎohāo rènao yíxià) | 也来热闹一下 (yě lái rènao yíxià),过年了，大家一起热闹热闹吧。,"Guònián le, dàjiā yìqǐ rènao-rènao ba.",عید شده است؛ بیایید دور هم کمی جشن بگیریم و خوش بگذرانیم.,
606,仍,réng,HSK 4,副,1,表示情况持续不变，相当于“仍然”，多用于书面语（副）,هنوز؛ همچنان، بیشتر در نوشتار (قید),副,قید,仍未解决 (réng wèi jiějué) | 仍有可能 (réng yǒu kěnéng) | 仍需努力 (réng xū nǔlì),这个问题至今仍未解决。,Zhège wèntí zhìjīn réng wèi jiějué.,این مشکل هنوز حل نشده است.,
607,扔,rēng,HSK 4,动,1,用手把东西抛出去（及物动）,پرتاب کردن؛ انداختن (فعل گذرا),及物动,فعل گذرا,扔球 (rēng qiú) | 扔石头 (rēng shítou) | 扔过去 (rēng guòqu) | 往外扔 (wǎng wài rēng),他把球扔给了我。,Tā bǎ qiú rēng gěi le wǒ.,او توپ را برای من پرتاب کرد.,
607,扔,rēng,HSK 4,动,2,丢弃不再需要的东西（及物动）,دور انداختن (فعل گذرا),及物动,فعل گذرا,扔垃圾 (rēng lājī) | 扔掉旧衣服 (rēngdiào jiù yīfu) | 舍不得扔 (shěbude rēng) | 扔进垃圾桶 (rēngjìn lājītǒng),这些东西还有用，别扔了。,"Zhèxiē dōngxi hái yǒuyòng, bié rēng le.",این وسایل هنوز به درد می‌خورند؛ دورشان نینداز.,
607,扔,rēng,HSK 4,动,3,随便或不负责任地把事情交给别人处理（及物动）,گردن کسی انداختن؛ به کسی سپردن (فعل گذرا),及物动,فعل گذرا,把任务扔给别人 (bǎ rènwu rēng gěi biérén) | 把问题扔给我 (bǎ wèntí rēng gěi wǒ) | 把责任扔给下属 (bǎ zérèn rēng gěi xiàshǔ),老板把这个难题扔给了我。,Lǎobǎn bǎ zhège nántí rēng gěi le wǒ.,رئیس این مسئلهٔ دشوار را گردن من انداخت.,
608,仍然,réngrán,HSK 4,副,1,表示情况持续不变或恢复原来的状态（副）,هنوز؛ همچنان (قید),副,قید,仍然有效 (réngrán yǒuxiào) | 仍然存在 (réngrán cúnzài) | 仍然坚持 (réngrán jiānchí) | 仍然没有解决 (réngrán méiyǒu jiějué),过了这么多年，他仍然记得那件事。,"Guò le zhème duō nián, tā réngrán jìde nà jiàn shì.",با گذشت این‌همه سال، او هنوز آن اتفاق را به یاد دارد.,
609,任何,rènhé,HSK 4,代,1,指无论哪一个或哪一种，常与“都、也”呼应（代）,هر؛ هرگونه (ضمیر),代,ضمیر,任何人 (rènhé rén) | 任何时候 (rènhé shíhou) | 任何问题 (rènhé wèntí) | 在任何情况下 (zài rènhé qíngkuàng xià),任何人都不能违反法律。,Rènhé rén dōu bù néng wéifǎn fǎlǜ.,هیچ‌کس نمی‌تواند قانون را زیر پا بگذارد.,
610,人生,rénshēng,HSK 4,名,1,人的一生及其生活经历（名）,زندگی؛ مسیر زندگی (اسم),名,اسم,人生经历 (rénshēng jīnglì) | 人生目标 (rénshēng mùbiāo) | 人生道路 (rénshēng dàolù) | 改变人生 (gǎibiàn rénshēng),这次经历改变了他的人生。,Zhè cì jīnglì gǎibiàn le tā de rénshēng.,این تجربه مسیر زندگی او را تغییر داد.,
611,人数,rénshù,HSK 4,名,1,人的数量（名）,تعداد افراد (اسم),名,اسم,参加人数 (cānjiā rénshù) | 总人数 (zǒng rénshù) | 限制人数 (xiànzhì rénshù) | 人数增加 (rénshù zēngjiā),参加活动的人数已经超过一百了。,Cānjiā huódòng de rénshù yǐjīng chāoguò yìbǎi le.,تعداد شرکت‌کنندگان برنامه از صد نفر گذشته است.,
612,任务,rènwu,HSK 4,名,1,被指定承担的工作或需要完成的目标（名）,وظیفه؛ مأموریت (اسم),名,اسم,完成任务 (wánchéng rènwu) | 执行任务 (zhíxíng rènwu) | 工作任务 (gōngzuò rènwu) | 艰巨的任务 (jiānjù de rènwu),我们必须按时完成任务。,Wǒmen bìxū ànshí wánchéng rènwu.,باید وظیفه را به‌موقع انجام دهیم.,
613,人员,rényuán,HSK 4,名,1,担任某种工作或属于某个机构、团体的人（名）,کارکنان؛ افراد (اسم),名,اسم,工作人员 (gōngzuò rényuán) | 医务人员 (yīwù rényuán) | 技术人员 (jìshù rényuán) | 相关人员 (xiāngguān rényuán),所有工作人员都必须参加培训。,Suǒyǒu gōngzuò rényuán dōu bìxū cānjiā péixùn.,همهٔ کارکنان باید در دورهٔ آموزشی شرکت کنند.,
614,日常,rìcháng,HSK 4,形,1,平时经常发生或进行的（形）,روزمره؛ روزانه (صفت),形,صفت,日常生活 (rìcháng shēnghuó) | 日常工作 (rìcháng gōngzuò) | 日常用品 (rìcháng yòngpǐn) | 日常开支 (rìcháng kāizhī),做饭是他日常生活的一部分。,Zuòfàn shì tā rìcháng shēnghuó de yí bùfen.,آشپزی بخشی از زندگی روزمرهٔ اوست.,
614,日常,rìcháng,HSK 4,名,2,日常生活中的事情，常用于口语和网络表达（名）,زندگی و اتفاقات روزمره (اسم),名,اسم,分享日常 (fēnxiǎng rìcháng) | 记录日常 (jìlù rìcháng) | 我的日常 (wǒ de rìcháng) | 工作日常 (gōngzuò rìcháng),她经常在网上分享自己的日常。,Tā jīngcháng zài wǎngshang fēnxiǎng zìjǐ de rìcháng.,او اغلب زندگی روزمره‌اش را در اینترنت به اشتراک می‌گذارد.,
615,日记,rìjì,HSK 4,名,1,每天或经常记录个人经历、感受等的文字（名）,یادداشت روزانه؛ دفتر خاطرات (اسم),名,اسم,写日记 (xiě rìjì) | 一本日记 (yì běn rìjì) | 日记内容 (rìjì nèiróng) | 读日记 (dú rìjì),她每天晚上都会写日记。,Tā měitiān wǎnshang dōu huì xiě rìjì.,او هر شب یادداشت روزانه می‌نویسد.,
616,日期,rìqī,HSK 4,名,1,某件事情发生或进行的具体年月日（名）,تاریخ؛ روز مشخص (اسم),名,اسم,出发日期 (chūfā rìqī) | 截止日期 (jiézhǐ rìqī) | 生产日期 (shēngchǎn rìqī) | 确定日期 (quèdìng rìqī),请确认一下会议的日期。,Qǐng quèrèn yíxià huìyì de rìqī.,لطفاً تاریخ جلسه را تأیید کن.,
617,日子,rìzi,HSK 4,名,1,某一天或特定的日期（名）,روز؛ تاریخ مشخص (اسم),名,اسم,选个日子 (xuǎn ge rìzi) | 结婚的日子 (jiéhūn de rìzi) | 特别的日子 (tèbié de rìzi) | 好日子 (hǎo rìzi),我们还没有决定结婚的日子。,Wǒmen hái méiyǒu juédìng jiéhūn de rìzi.,هنوز روز عروسی‌مان را مشخص نکرده‌ایم.,
617,日子,rìzi,HSK 4,名,2,生活或生活状况（名）,زندگی؛ روزگار (اسم),名,اسم,过日子 (guò rìzi) | 日子过得不错 (rìzi guò de búcuò) | 苦日子 (kǔ rìzi) | 好日子 (hǎo rìzi),他们现在的日子过得越来越好了。,Tāmen xiànzài de rìzi guò de yuèláiyuè hǎo le.,زندگی‌شان روزبه‌روز بهتر می‌شود.,
617,日子,rìzi,HSK 4,名,3,一段以天计算的时间（名）,مدتی؛ چند روز (اسم),名,اسم,这些日子 (zhèxiē rìzi) | 过些日子 (guò xiē rìzi) | 好些日子 (hǎoxiē rìzi) | 有些日子没见 (yǒuxiē rìzi méi jiàn),我们已经有些日子没见面了。,Wǒmen yǐjīng yǒuxiē rìzi méi jiànmiàn le.,مدتی است همدیگر را ندیده‌ایم.,
618,入,rù,HSK 4,动,1,从外面进入里面，多用于书面语或正式表达（不及物动）,وارد شدن؛ داخل شدن، بیشتر رسمی یا نوشتاری (فعل ناگذر),不及物动,فعل ناگذر,从此门入 (cóng cǐ mén rù) | 由此入 (yóu cǐ rù) | 推门而入 (tuī mén ér rù) | 随后而入 (suíhòu ér rù),参观者请从此门入。,Cānguānzhě qǐng cóng cǐ mén rù.,بازدیدکنندگان لطفاً از این در وارد شوند.,
619,入口,rùkǒu,HSK 4,名,1,进入某个地方的通道或位置（名）,ورودی؛ مدخل (اسم),名,اسم,地铁入口 (dìtiě rùkǒu) | 入口处 (rùkǒu chù) | 找到入口 (zhǎodào rùkǒu) | 唯一的入口 (wéiyī de rùkǒu),我在地铁入口等你。,Wǒ zài dìtiě rùkǒu děng nǐ.,کنار ورودی مترو منتظرت می‌مانم.,
619,入口,rùkǒu,HSK 4,动,2,食物进入嘴里或被吃进嘴里（不及物动）,وارد دهان شدن؛ خورده شدن (فعل ناگذر),不及物动,فعل ناگذر,入口即化 (rùkǒu jí huà) | 难以入口 (nányǐ rùkǒu) | 入口微甜 (rùkǒu wēitián) | 食物入口 (shíwù rùkǒu),这种巧克力入口即化。,Zhè zhǒng qiǎokèlì rùkǒu jí huà.,این نوع شکلات به‌محض ورود به دهان آب می‌شود.,
620,入学,rùxué,HSK 4,动,1,开始进入学校学习，通常指新生正式成为学生（不及物动）,وارد مدرسه یا دانشگاه شدن؛ آغاز تحصیل کردن (فعل ناگذر),不及物动,فعل ناگذر,正式入学 (zhèngshì rùxué) | 入学时间 (rùxué shíjiān) | 入学手续 (rùxué shǒuxù) | 入学要求 (rùxué yāoqiú),她今年九月正式入学。,Tā jīnnián jiǔyuè zhèngshì rùxué.,او سپتامبر امسال رسماً تحصیلش را آغاز می‌کند.,
621,入住,rùzhù,HSK 4,动,1,搬进住宅居住或住进旅馆等场所（及物动）,ساکن شدن؛ اقامت کردن (فعل گذرا),及物动,فعل گذرا,入住酒店 (rùzhù jiǔdiàn) | 入住新房 (rùzhù xīnfáng) | 正式入住 (zhèngshì rùzhù) | 办理入住 (bànlǐ rùzhù),我们下午三点以后才能入住酒店。,Wǒmen xiàwǔ sān diǎn yǐhòu cái néng rùzhù jiǔdiàn.,ما فقط بعد از ساعت سه بعدازظهر می‌توانیم اتاق هتل را تحویل بگیریم.,
622,散步,sànbù,HSK 4,动,1,为了休息或锻炼而随便走走（不及物动）,قدم زدن؛ پیاده‌روی کردن (فعل ناگذر),不及物动,فعل ناگذر,出去散步 (chūqu sànbù) | 饭后散步 (fànhòu sànbù) | 去公园散步 (qù gōngyuán sànbù) | 散一会儿步 (sàn yíhuìr bù),我们晚饭后出去散散步吧。,Wǒmen wǎnfàn hòu chūqu sàn san bù ba.,بیا بعد از شام کمی قدم بزنیم.,
623,扫码,sǎomǎ,HSK 4,动,1,用手机等设备扫描二维码或条形码（动）,کد را اسکن کردن (فعل),动,فعل,扫码支付 (sǎomǎ zhīfù) | 扫码登录 (sǎomǎ dēnglù) | 扫码点餐 (sǎomǎ diǎncān) | 扫二维码 (sǎo èrwéimǎ),请扫码支付。,Qǐng sǎomǎ zhīfù.,لطفاً برای پرداخت کد را اسکن کنید.,
624,森林,sēnlín,HSK 4,名,1,大片生长在一起的树木（名）,جنگل (اسم),名,اسم,原始森林 (yuánshǐ sēnlín) | 森林资源 (sēnlín zīyuán) | 森林火灾 (sēnlín huǒzāi) | 保护森林 (bǎohù sēnlín),这片森林里生活着许多野生动物。,Zhè piàn sēnlín li shēnghuózhe xǔduō yěshēng dòngwù.,حیوانات وحشی زیادی در این جنگل زندگی می‌کنند.,
625,商量,shāngliang,HSK 4,动,1,互相交换意见，以便作出决定或解决问题（动）,مشورت کردن؛ با هم بررسی کردن (فعل),动,فعل,商量一下 (shāngliang yíxià) | 跟他商量 (gēn tā shāngliang) | 商量办法 (shāngliang bànfǎ) | 有事商量 (yǒu shì shāngliang),这件事我得先跟家人商量一下。,Zhè jiàn shì wǒ děi xiān gēn jiārén shāngliang yíxià.,باید اول دربارهٔ این موضوع با خانواده‌ام مشورت کنم.,
626,上门,shàngmén,HSK 4,动,1,到别人家里或工作地点拜访、送货或提供服务（不及物动）,به خانه یا محل کسی رفتن، برای دیدار یا ارائهٔ خدمات (فعل ناگذر),不及物动,فعل ناگذر,上门拜访 (shàngmén bàifǎng) | 送货上门 (sònghuò shàngmén) | 上门服务 (shàngmén fúwù) | 主动上门 (zhǔdòng shàngmén),维修人员明天会上门服务。,Wéixiū rényuán míngtiān huì shàngmén fúwù.,تعمیرکار فردا برای ارائهٔ خدمات به خانه می‌آید.,
627,商品,shāngpǐn,HSK 4,名,1,为了出售而生产或提供的物品（名）,کالا؛ محصول (اسم),名,اسم,商品价格 (shāngpǐn jiàgé) | 商品质量 (shāngpǐn zhìliàng) | 购买商品 (gòumǎi shāngpǐn) | 商品信息 (shāngpǐn xìnxī),购买商品前请仔细查看商品信息。,Gòumǎi shāngpǐn qián qǐng zǐxì chákàn shāngpǐn xìnxī.,پیش از خرید کالا، اطلاعات آن را با دقت بررسی کنید.,
628,伤心,shāngxīn,HSK 4,形,1,因为不幸或不如意的事情而心里难过（形）,ناراحت؛ دل‌شکسته (صفت),形,صفت,非常伤心 (fēicháng shāngxīn) | 感到伤心 (gǎndào shāngxīn) | 伤心地哭 (shāngxīn de kū) | 令人伤心 (lìng rén shāngxīn),听到这个消息，她伤心地哭了。,"Tīngdào zhège xiāoxi, tā shāngxīn de kū le.",او با شنیدن این خبر از ناراحتی گریه کرد.,
629,稍,shāo,HSK 4,副,1,表示数量、程度或时间不多，相当于“稍微”，多用于书面语或较正式的表达（副）,کمی؛ اندکی، بیشتر در نوشتار یا بیان رسمی (قید),副,قید,稍等片刻 (shāo děng piànkè) | 稍有不同 (shāo yǒu bùtóng) | 稍作休息 (shāo zuò xiūxi) | 稍感不适 (shāo gǎn búshì),请稍等片刻，我马上回来。,"Qǐng shāo děng piànkè, wǒ mǎshàng huílai.",لطفاً کمی صبر کنید؛ فوراً برمی‌گردم.,
630,少见,shǎojiàn,HSK 4,形,1,不经常见到或很少出现（形）,نادر؛ کم‌یاب (صفت),形,صفت,非常少见 (fēicháng shǎojiàn) | 比较少见 (bǐjiào shǎojiàn) | 生活中少见 (shēnghuó zhōng shǎojiàn) | 极为少见 (jíwéi shǎojiàn),这种情况在生活中很少见。,Zhè zhǒng qíngkuàng zài shēnghuó zhōng hěn shǎojiàn.,این وضعیت در زندگی روزمره به‌ندرت دیده می‌شود.,
631,少量,shǎoliàng,HSK 4,形,1,数量或分量较少（形）,مقدار کم؛ اندک (صفت),形,صفت,少量资金 (shǎoliàng zījīn) | 少量饮酒 (shǎoliàng yǐnjiǔ) | 加入少量盐 (jiārù shǎoliàng yán) | 只需少量 (zhǐ xū shǎoliàng),做这道菜只需要加入少量盐。,Zuò zhè dào cài zhǐ xūyào jiārù shǎoliàng yán.,برای تهیهٔ این غذا فقط باید مقدار کمی نمک اضافه کرد.,
632,少年,shàonián,HSK 4,名,1,处于童年以后、青年以前阶段的人，通常指十岁左右到十七八岁的人（名）,نوجوان (اسم),名,اسم,少年儿童 (shàonián értóng) | 一名少年 (yì míng shàonián) | 少年时期 (shàonián shíqī) | 阳光少年 (yángguāng shàonián),那名少年勇敢地救起了落水的孩子。,Nà míng shàonián yǒnggǎn de jiùqǐ le luòshuǐ de háizi.,آن نوجوان شجاعانه کودک افتاده در آب را نجات داد.,
633,少数,shǎoshù,HSK 4,数量词、名,1,数量较少的一部分；可放在名词前，也可单独指数量较少的一方（数量词/名）,تعداد کمی از؛ عده‌ای اندک؛ اقلیت (کمیت‌نما/اسم),数量词/名,کمیت‌نما/اسم,少数学生 (shǎoshù xuéshēng) | 少数民族 (shǎoshù mínzú) | 属于少数 (shǔyú shǎoshù) | 占少数 (zhàn shǎoshù),持这种看法的人只占少数。,Chí zhè zhǒng kànfǎ de rén zhǐ zhàn shǎoshù.,افرادی که چنین نظری دارند در اقلیت‌اند.,
634,稍微,shāowēi,HSK 4,副,1,表示数量、程度或时间不多（副）,کمی؛ اندکی (قید),副,قید,稍微等一下 (shāowēi děng yíxià) | 稍微休息一下 (shāowēi xiūxi yíxià) | 稍微有点贵 (shāowēi yǒudiǎn guì) | 稍微调整 (shāowēi tiáozhěng),这个房间稍微有点小。,Zhège fángjiān shāowēi yǒudiǎn xiǎo.,این اتاق کمی کوچک است.,
635,社会,shèhuì,HSK 4,名,1,人们共同生活所形成的整体及其关系、制度和活动（名）,جامعه (اسم),名,اسم,现代社会 (xiàndài shèhuì) | 社会问题 (shèhuì wèntí) | 进入社会 (jìnrù shèhuì) | 对社会负责 (duì shèhuì fùzé),教育对社会的发展非常重要。,Jiàoyù duì shèhuì de fāzhǎn fēicháng zhòngyào.,آموزش برای پیشرفت جامعه بسیار مهم است.,
636,身,shēn,HSK 4,名,1,人的身体或躯干（名）,بدن؛ تن (اسم),名,اسم,身上 (shēnshang) | 转过身 (zhuǎnguò shēn) | 侧着身 (cèzhe shēn) | 弯下身 (wānxià shēn),他转过身来看着我。,Tā zhuǎnguò shēn lái kànzhe wǒ.,او برگشت و به من نگاه کرد.,
636,身,shēn,HSK 4,名,2,自己或本人，多用于书面语或固定表达（名）,خود؛ شخص، بیشتر در نوشتار و عبارت‌های ثابت (اسم),名,اسم,身在异乡 (shēn zài yìxiāng) | 身处困境 (shēn chǔ kùnjìng) | 以身作则 (yǐ shēn zuò zé) | 奋不顾身 (fèn bú gù shēn),他虽然身在国外，却一直关心家乡的发展。,"Tā suīrán shēn zài guówài, què yìzhí guānxīn jiāxiāng de fāzhǎn.",او با اینکه در خارج از کشور است، همواره به پیشرفت زادگاهش اهمیت می‌دهد.,
636,身,shēn,HSK 4,量,3,用于成套的衣服（量）,یک دست، برای لباس (واحد شمارش),量,واحد شمارش,一身衣服 (yì shēn yīfu) | 一身西装 (yì shēn xīzhuāng) | 换一身 (huàn yì shēn) | 穿一身白 (chuān yì shēn bái),她今天穿了一身白色的衣服。,Tā jīntiān chuān le yì shēn báisè de yīfu.,او امروز یک دست لباس سفید پوشیده است.,
637,深,shēn,HSK 4,形,1,感情、关系、印象或影响等程度大（形）,عمیق؛ قوی؛ شدید، برای احساس، رابطه یا تأثیر (صفت),形,صفت,感情很深 (gǎnqíng hěn shēn) | 印象很深 (yìnxiàng hěn shēn) | 关系很深 (guānxi hěn shēn) | 影响很深 (yǐngxiǎng hěn shēn),这次旅行给我留下了很深的印象。,Zhè cì lǚxíng gěi wǒ liúxià le hěn shēn de yìnxiàng.,این سفر تأثیر عمیقی در ذهنم به جا گذاشت.,
637,深,shēn,HSK 4,形,2,思想、内容、道理或学问等深刻，有时不容易理解（形）,ژرف؛ عمیق؛ دشوار، برای مفهوم یا دانش (صفت),形,صفت,道理很深 (dàolǐ hěn shēn) | 内容太深 (nèiróng tài shēn) | 学问很深 (xuéwen hěn shēn) | 讲得太深 (jiǎng de tài shēn),这本书的内容太深，我看不懂。,"Zhè běn shū de nèiróng tài shēn, wǒ kàn bù dǒng.",محتوای این کتاب بیش از حد عمیق است و آن را نمی‌فهمم.,
637,深,shēn,HSK 4,形,3,时间已经很晚（形）,دیرهنگام؛ دیروقت (صفت),形,صفت,夜深了 (yè shēn le) | 夜已深 (yè yǐ shēn) | 夜渐渐深了 (yè jiànjiàn shēn le),夜已经深了，你早点休息吧。,"Yè yǐjīng shēn le, nǐ zǎodiǎn xiūxi ba.",دیروقت شده است؛ زودتر استراحت کن.,
638,身份证,shēnfènzhèng,HSK 4,名,1,证明个人身份的法定证件，通常指中国居民身份证（名）,کارت شناسایی؛ کارت ملی چین (اسم),名,اسم,出示身份证 (chūshì shēnfènzhèng) | 身份证号码 (shēnfènzhèng hàomǎ) | 身份证照片 (shēnfènzhèng zhàopiàn) | 带上身份证 (dàishang shēnfènzhèng),办理入住时需要出示身份证。,Bànlǐ rùzhù shí xūyào chūshì shēnfènzhèng.,هنگام پذیرش هتل باید کارت شناسایی ارائه دهید.,
639,剩,shèng,HSK 4,动,1,从原有的人或事物中留下，没有用完、拿完或消失（不及物动）,باقی ماندن (فعل ناگذر),不及物动,فعل ناگذر,只剩一个 (zhǐ shèng yí ge) | 还剩三天 (hái shèng sān tiān) | 剩多少钱 (shèng duōshao qián) | 没剩多少 (méi shèng duōshao),冰箱里只剩两个鸡蛋了。,Bīngxiāng li zhǐ shèng liǎng ge jīdàn le.,فقط دو تخم‌مرغ در یخچال مانده است.,
640,省,shěng,HSK 4,名,1,中国最高一级的地方行政区域（名）,استان (اسم),名,اسم,一个省 (yí ge shěng) | 省里 (shěng li) | 省内 (shěngnèi) | 全省 (quán shěng),这个省有很多著名的旅游景点。,Zhège shěng yǒu hěn duō zhùmíng de lǚyóu jǐngdiǎn.,این استان جاذبه‌های گردشگری معروف زیادی دارد.,
640,省,shěng,HSK 4,动,2,减少不必要的消耗或花费（及物动）,صرفه‌جویی کردن؛ کم کردن هزینه یا مصرف (فعل گذرا),及物动,فعل گذرا,省钱 (shěng qián) | 省时间 (shěng shíjiān) | 省力气 (shěng lìqi) | 能省就省 (néng shěng jiù shěng),坐地铁既省钱又省时间。,Zuò dìtiě jì shěng qián yòu shěng shíjiān.,مترو هم در هزینه صرفه‌جویی می‌کند و هم در وقت.,
640,省,shěng,HSK 4,动,3,去掉可以不做或不需要的部分（及物动）,حذف کردن؛ کنار گذاشتن (فعل گذرا),及物动,فعل گذرا,省一道手续 (shěng yí dào shǒuxù) | 这一步可以省 (zhè yí bù kěyǐ shěng) | 能省的步骤 (néng shěng de bùzhòu) | 把麻烦省了 (bǎ máfan shěng le),如果在网上办理，就可以省一道手续。,"Rúguǒ zài wǎngshang bànlǐ, jiù kěyǐ shěng yí dào shǒuxù.",اگر اینترنتی انجامش بدهی، می‌توانی یکی از مراحل اداری را حذف کنی.,
641,生,shēng,HSK 4,动,1,人或动物产下后代或产卵（及物动）,زاییدن؛ به دنیا آوردن؛ تخم گذاشتن (فعل گذرا),及物动,فعل گذرا,生孩子 (shēng háizi) | 生了个女儿 (shēng le ge nǚ'ér) | 生宝宝 (shēng bǎobao) | 母鸡生蛋 (mǔjī shēng dàn),她去年生了一个女儿。,Tā qùnián shēng le yí ge nǚ'ér.,او سال گذشته دختری به دنیا آورد.,
641,生,shēng,HSK 4,动,2,出生在某个时间、地点或家庭（不及物动）,به دنیا آمدن (فعل ناگذر),不及物动,فعل ناگذر,生于北京 (shēng yú Běijīng) | 生在农村 (shēng zài nóngcūn) | 一九九〇年生 (yījiǔjiǔlíng nián shēng) | 生在普通家庭 (shēng zài pǔtōng jiātíng),他生于一九九〇年。,Tā shēng yú yījiǔjiǔlíng nián.,او در سال ۱۹۹۰ به دنیا آمد.,
641,生,shēng,HSK 4,动,3,植物长出，或身体、物体表面出现某种东西（不及物动）,روییدن؛ پدیدار شدن (فعل ناگذر),不及物动,فعل ناگذر,地里生草 (dì li shēng cǎo) | 脸上生斑 (liǎn shang shēng bān) | 木头上生虫 (mùtou shang shēng chóng) | 墙上生霉 (qiáng shang shēng méi),院子里生了很多杂草。,Yuànzi li shēng le hěn duō zácǎo.,علف‌های هرز زیادی در حیاط روییده است.,
641,生,shēng,HSK 4,动,4,产生或引起想法、感情、问题等，多用于书面语（及物动）,پدید آوردن؛ ایجاد کردن، بیشتر در نوشتار (فعل گذرا),及物动,فعل گذرا,生出疑问 (shēngchū yíwèn) | 生出误会 (shēngchū wùhuì) | 生出新问题 (shēngchū xīn wèntí) | 心生不安 (xīn shēng bù'ān),这件事让他心里生出了疑问。,Zhè jiàn shì ràng tā xīnli shēngchū le yíwèn.,این موضوع در ذهن او پرسش‌هایی ایجاد کرد.,
641,生,shēng,HSK 4,动,5,点燃木柴、煤等，使其燃烧（及物动）,آتش روشن کردن (فعل گذرا),及物动,فعل گذرا,生火 (shēng huǒ) | 生炉子 (shēng lúzi) | 生一堆火 (shēng yì duī huǒ) | 把火生起来 (bǎ huǒ shēng qǐlai),天冷了，他在院子里生了一堆火。,"Tiān lěng le, tā zài yuànzi li shēng le yì duī huǒ.",هوا سرد شد و او در حیاط آتشی روشن کرد.,
641,生,shēng,HSK 4,形,6,食物没有煮熟，或果实没有成熟（形）,خام؛ نپخته؛ نارس (صفت),形,صفت,生肉 (shēng ròu) | 生鸡蛋 (shēng jīdàn) | 还是生的 (háishi shēng de) | 果子还生 (guǒzi hái shēng),这块肉还是生的，不能吃。,"Zhè kuài ròu háishi shēng de, bù néng chī.",این تکه گوشت هنوز خام است و نمی‌شود آن را خورد.,
641,生,shēng,HSK 4,形,7,对人、地方或情况不熟悉（形）,ناآشنا؛ غریبه (صفت),形,صفت,看着很生 (kànzhe hěn shēng) | 这张脸很生 (zhè zhāng liǎn hěn shēng) | 对情况很生 (duì qíngkuàng hěn shēng) | 对这里很生 (duì zhèli hěn shēng),这张脸看着很生，我以前应该没见过他。,"Zhè zhāng liǎn kànzhe hěn shēng, wǒ yǐqián yīnggāi méi jiànguo tā.",این چهره ناآشنا به نظر می‌رسد؛ احتمالاً قبلاً او را ندیده‌ام.,
641,生,shēng,HSK 4,形,8,因不熟悉或长时间没有练习而不熟练（形）,نابلد؛ از تمرین افتاده (صفت),形,صفت,手有点生 (shǒu yǒudiǎn shēng) | 业务还生 (yèwù hái shēng) | 动作有点生 (dòngzuò yǒudiǎn shēng) | 越来越生 (yuèláiyuè shēng),好久没开车了，我的手有点生。,"Hǎojiǔ méi kāichē le, wǒ de shǒu yǒudiǎn shēng.",مدت زیادی است رانندگی نکرده‌ام و کمی از تمرین افتاده‌ام.,
641,生,shēng,HSK 4,名,9,生命或活着的状态，和“死”相对，多用于书面语（名）,زندگی؛ حیات، بیشتر در نوشتار (اسم),名,اسم,生与死 (shēng yǔ sǐ) | 是生是死 (shì shēng shì sǐ) | 从死到生 (cóng sǐ dào shēng) | 向死而生 (xiàng sǐ ér shēng),在生与死之间，他选择了救别人。,"Zài shēng yǔ sǐ zhījiān, tā xuǎnzé le jiù biérén.",در میان مرگ و زندگی، او نجات دیگران را انتخاب کرد.,
641,生,shēng,HSK 4,名,10,中国传统戏曲中扮演男性人物的一类角色（名）,نقش مردانه در اپرای سنتی چین (اسم),名,اسم,生旦净丑 (shēng dàn jìng chǒu) | 生角 (shēngjué) | 生行 (shēngháng) | 扮演生角 (bànyǎn shēngjué),“生”是传统戏曲中的一种男性角色。,“Shēng” shì chuántǒng xìqǔ zhōng de yì zhǒng nánxìng juésè.,«شِنگ» نوعی نقش مردانه در اپرای سنتی چین است.,
642,生命,shēngmìng,HSK 4,名,1,人或生物生存的状态；也可比喻事物存在和发展的状态（名）,جان؛ حیات (اسم),名,اسم,珍爱生命 (zhēn'ài shēngmìng) | 挽救生命 (wǎnjiù shēngmìng) | 失去生命 (shīqù shēngmìng) | 赋予新的生命 (fùyǔ xīn de shēngmìng),医生及时挽救了他的生命。,Yīshēng jíshí wǎnjiù le tā de shēngmìng.,پزشک به‌موقع جان او را نجات داد.,
643,生意,shēngyi,HSK 4,名,1,以买卖商品或提供服务来赚钱的商业活动（名）,کسب‌وکار؛ تجارت (اسم),名,اسم,做生意 (zuò shēngyi) | 生意很好 (shēngyi hěn hǎo) | 谈生意 (tán shēngyi) | 小生意 (xiǎo shēngyi),这家店的生意一直很好。,Zhè jiā diàn de shēngyi yìzhí hěn hǎo.,کسب‌وکار این مغازه همیشه پررونق بوده است.,
644,申请,shēnqǐng,HSK 4,动,1,向有关机构或人员正式提出要求，希望获得批准（及物动）,درخواست دادن؛ تقاضا کردن (فعل گذرا),及物动,فعل گذرا,申请签证 (shēnqǐng qiānzhèng) | 申请职位 (shēnqǐng zhíwèi) | 申请退款 (shēnqǐng tuìkuǎn) | 正式申请 (zhèngshì shēnqǐng),我已经申请了工作签证。,Wǒ yǐjīng shēnqǐng le gōngzuò qiānzhèng.,من برای ویزای کار درخواست داده‌ام.,
644,申请,shēnqǐng,HSK 4,名,2,为获得批准而正式提出的要求或提交的材料（名）,درخواست؛ تقاضانامه (اسم),名,اسم,提交申请 (tíjiāo shēnqǐng) | 收到申请 (shōudào shēnqǐng) | 批准申请 (pīzhǔn shēnqǐng) | 拒绝申请 (jùjué shēnqǐng),您的申请已经获得批准。,Nín de shēnqǐng yǐjīng huòdé pīzhǔn.,درخواست شما تأیید شده است.,
645,甚至,shènzhì,HSK 4,连,1,表示程度更进一步，突出极端或出乎意料的情况（连）,حتی؛ حتی تا آنجا که (حرف ربط),连,حرف ربط,甚至没有 (shènzhì méiyǒu) | 甚至不知道 (shènzhì bù zhīdào) | 甚至连……都…… (shènzhì lián... dōu...) | 甚至可以说 (shènzhì kěyǐ shuō),他太忙了，甚至连吃饭的时间都没有。,"Tā tài máng le, shènzhì lián chīfàn de shíjiān dōu méiyǒu.",او آن‌قدر سرش شلوغ است که حتی وقت غذا خوردن هم ندارد.,
646,摄氏度,shèshìdù,HSK 4,量,1,摄氏温标的温度单位，符号为“℃”（量）,درجهٔ سلسیوس؛ درجهٔ سانتی‌گراد (واحد دما),量,واحد دما,零摄氏度 (líng shèshìdù) | 三十摄氏度 (sānshí shèshìdù) | 零下五摄氏度 (língxià wǔ shèshìdù) | 达到四十摄氏度 (dádào sìshí shèshìdù),今天的最高气温是三十五摄氏度。,Jīntiān de zuìgāo qìwēn shì sānshíwǔ shèshìdù.,بیشترین دمای امروز سی‌وپنج درجهٔ سانتی‌گراد است.,
647,使,shǐ,HSK 4,动,1,让、令某人或某事物产生某种动作、变化或结果，多用于书面语（及物动）,باعث شدن؛ موجب کردن، بیشتر رسمی (فعل گذرا),及物动,فعل گذرا,使人感动 (shǐ rén gǎndòng) | 使我明白 (shǐ wǒ míngbai) | 使情况改善 (shǐ qíngkuàng gǎishàn) | 使生活更方便 (shǐ shēnghuó gèng fāngbiàn),这项技术使我们的生活更加方便。,Zhè xiàng jìshù shǐ wǒmen de shēnghuó gèngjiā fāngbiàn.,این فناوری زندگی ما را راحت‌تر کرده است.,
648,失败,shībài,HSK 4,动、名,1,事情没有达到预期目的；也指这种不成功的结果（动/名）,شکست خوردن؛ ناموفق شدن؛ شکست و ناکامی (فعل/اسم),动/名,فعل/اسم,实验失败 (shíyàn shībài) | 计划失败 (jìhuà shībài) | 害怕失败 (hàipà shībài) | 从失败中学习 (cóng shībài zhōng xuéxí),这次实验失败了，我们得重新开始。,"Zhè cì shíyàn shībài le, wǒmen děi chóngxīn kāishǐ.",این آزمایش ناموفق بود و باید دوباره شروع کنیم.,
649,市场,shìchǎng,HSK 4,名,1,集中进行商品买卖的具体场所（名）,بازار؛ مکان فیزیکی خریدوفروش (اسم),名,اسم,去市场买菜 (qù shìchǎng mǎi cài) | 市场里 (shìchǎng li) | 附近的市场 (fùjìn de shìchǎng) | 逛市场 (guàng shìchǎng),我每天早上都去市场买菜。,Wǒ měitiān zǎoshang dōu qù shìchǎng mǎi cài.,من هر روز صبح برای خرید سبزیجات به بازار می‌روم.,
649,市场,shìchǎng,HSK 4,名,2,商品交易、流通以及供求关系所形成的经济领域（名）,بازار اقتصادی؛ حوزهٔ عرضه و تقاضای کالا (اسم),名,اسم,国内市场 (guónèi shìchǎng) | 市场需求 (shìchǎng xūqiú) | 进入市场 (jìnrù shìchǎng) | 扩大市场 (kuòdà shìchǎng),这种产品在中国市场很受欢迎。,Zhè zhǒng chǎnpǐn zài Zhōngguó shìchǎng hěn shòu huānyíng.,این محصول در بازار اقتصادی چین بسیار پرطرف‌دار است.,
650,十分,shífēn,HSK 4,副,1,表示程度很高，相当于“很、非常”，多用于较正式的表达（副）,بسیار؛ خیلی، بیشتر رسمی (قید),副,قید,十分重要 (shífēn zhòngyào) | 十分感谢 (shífēn gǎnxiè) | 十分满意 (shífēn mǎnyì) | 十分清楚 (shífēn qīngchu),这个问题十分重要。,Zhège wèntí shífēn zhòngyào.,این مسئله بسیار مهم است.,
651,是否,shìfǒu,HSK 4,副,1,表示“是还是不是”，用于间接疑问或确认某种情况，多用于书面语和正式表达（副）,آیا؛ اینکه آیا، بیشتر رسمی (قید پرسشی),副,قید پرسشی,是否同意 (shìfǒu tóngyì) | 是否可以 (shìfǒu kěyǐ) | 是否需要 (shìfǒu xūyào) | 确认是否正确 (quèrèn shìfǒu zhèngquè),请确认这些信息是否正确。,Qǐng quèrèn zhèxiē xìnxī shìfǒu zhèngquè.,لطفاً تأیید کنید که آیا این اطلاعات درست است.,
652,师傅,shīfu,HSK 4,名,1,传授专门技艺、手艺的人（名）,استاد؛ مربیِ یک فن یا حرفه (اسم),名,اسم,跟师傅学 (gēn shīfu xué) | 师傅带徒弟 (shīfu dài túdi) | 请教师傅 (qǐngjiào shīfu) | 我的师傅 (wǒ de shīfu),我跟师傅学了三年木工。,Wǒ gēn shīfu xué le sān nián mùgōng.,من سه سال نجاری را نزد استادم آموختم.,
652,师傅,shīfu,HSK 4,名,2,对有专门技能的工人或服务行业人员的尊称（名）,استادکار؛ خطاب محترمانه برای راننده، تعمیرکار و مانند آن (اسم),名,اسم,司机师傅 (sījī shīfu) | 维修师傅 (wéixiū shīfu) | 师傅您好 (shīfu nín hǎo) | 麻烦师傅 (máfan shīfu),师傅，请问去火车站多少钱？,"Shīfu, qǐngwèn qù huǒchēzhàn duōshao qián?",آقای راننده، رفتن تا ایستگاه قطار چقدر می‌شود؟,
653,使馆,shǐguǎn,HSK 4,名,1,一个国家派驻另一个国家办理外交事务的机构，是“大使馆”的简称（名）,سفارت؛ کوتاه‌شدهٔ «سفارتخانه» (اسم),名,اسم,中国使馆 (Zhōngguó shǐguǎn) | 驻外使馆 (zhùwài shǐguǎn) | 各国使馆 (gèguó shǐguǎn) | 联系使馆 (liánxì shǐguǎn),遇到问题时，请及时联系使馆。,"Yùdào wèntí shí, qǐng jíshí liánxì shǐguǎn.",در صورت بروز مشکل، فوراً با سفارت تماس بگیرید.,
654,适合,shìhé,HSK 4,动,1,符合某人、某事物的特点或实际需要（及物动）,مناسب بودن؛ به درد کسی یا چیزی خوردن (فعل گذرا),及物动,فعل گذرا,适合孩子 (shìhé háizi) | 适合学习 (shìhé xuéxí) | 很适合你 (hěn shìhé nǐ) | 不太适合 (bú tài shìhé),这本书很适合初学者。,Zhè běn shū hěn shìhé chūxuézhě.,این کتاب برای افراد مبتدی بسیار مناسب است.,
655,实际,shíjì,HSK 4,形,1,真实存在或发生的，不是想象、表面或理论上的（形）,واقعی؛ عملی (صفت),形,صفت,实际情况 (shíjì qíngkuàng) | 实际效果 (shíjì xiàoguǒ) | 实际年龄 (shíjì niánlíng) | 实际需要 (shíjì xūyào),实际情况比我们想的更复杂。,Shíjì qíngkuàng bǐ wǒmen xiǎng de gèng fùzá.,وضعیت واقعی از آنچه تصور می‌کردیم پیچیده‌تر است.,
655,实际,shíjì,HSK 4,名,2,客观存在的现实情况（名）,واقعیت؛ شرایط واقعی (اسم),名,اسم,符合实际 (fúhé shíjì) | 从实际出发 (cóng shíjì chūfā) | 脱离实际 (tuōlí shíjì) | 结合实际 (jiéhé shíjì),制订计划要从实际出发。,Zhìdìng jìhuà yào cóng shíjì chūfā.,برای برنامه‌ریزی باید واقعیت را در نظر گرفت.,
656,世纪,shìjì,HSK 4,名,1,计算年代的单位，一百年为一个世纪（名）,قرن؛ دوره‌ای صدساله (اسم),名,اسم,二十一世纪 (èrshíyī shìjì) | 上个世纪 (shàng ge shìjì) | 世纪初 (shìjì chū) | 世纪末 (shìjì mò),我们生活在二十一世纪。,Wǒmen shēnghuó zài èrshíyī shìjì.,ما در قرن بیست‌ویکم زندگی می‌کنیم.,
657,时间表,shíjiānbiǎo,HSK 4,名,1,列出各项活动、任务及其具体时间的表格或计划（名）,جدول زمانی؛ برنامهٔ زمان‌بندی (اسم),名,اسم,制定时间表 (zhìdìng shíjiānbiǎo) | 按照时间表 (ànzhào shíjiānbiǎo) | 调整时间表 (tiáozhěng shíjiānbiǎo) | 工作时间表 (gōngzuò shíjiānbiǎo),请按照时间表完成各项任务。,Qǐng ànzhào shíjiānbiǎo wánchéng gè xiàng rènwu.,لطفاً کارها را مطابق جدول زمانی انجام دهید.,
658,实际上,shíjìshàng,HSK 4,副,1,表示真实情况，常用来说明事实与表面、预想或前面所说的不同（副）,در واقع؛ در حقیقت؛ عملاً (قید),副,قید,实际上并不是 (shíjìshàng bìng bú shì) |实际上很难 (shíjìshàng hěn nán) | 但实际上 (dàn shíjìshàng),这件事看起来很简单，实际上很难。,"Zhè jiàn shì kàn qǐlai hěn jiǎndān, shíjìshàng hěn nán.",این کار ساده به نظر می‌رسد، اما در واقع بسیار دشوار است.,
659,食品,shípǐn,HSK 4,名,1,供人食用的加工或未加工的物品，多用于正式表达（名）,مواد غذایی؛ خوراکی (اسم),名,اسم,食品安全 (shípǐn ānquán) | 进口食品 (jìnkǒu shípǐn) | 食品加工 (shípǐn jiāgōng) | 健康食品 (jiànkāng shípǐn),这家超市出售各种进口食品。,Zhè jiā chāoshì chūshòu gè zhǒng jìnkǒu shípǐn.,این فروشگاه انواع مواد غذایی وارداتی می‌فروشد.,
660,视频,shìpín,HSK 4,名,1,由连续图像组成，通常带有声音的影像内容（名）,ویدئو؛ فیلم ویدئویی (اسم),名,اسم,拍视频 (pāi shìpín) | 看视频 (kàn shìpín) | 短视频 (duǎn shìpín) | 视频通话 (shìpín tōnghuà),我把昨天拍的视频发给你了。,Wǒ bǎ zuótiān pāi de shìpín fā gěi nǐ le.,ویدئویی را که دیروز گرفتم برایت فرستادم.,
661,市区,shìqū,HSK 4,名,1,城市中人口和建筑较集中、与郊区相对的区域（名）,داخل شهر؛ محدودهٔ شهری (اسم),名,اسم,住在市区 (zhù zài shìqū) | 进入市区 (jìnrù shìqū) | 市区交通 (shìqū jiāotōng) | 市区范围 (shìqū fànwéi),他住在市区，上班很方便。,"Tā zhù zài shìqū, shàngbān hěn fāngbiàn.",او داخل شهر زندگی می‌کند و رفتن به محل کار برایش راحت است.,
662,失去,shīqù,HSK 4,动,1,原来拥有的人、事物、机会、能力或状态不再拥有（及物动）,از دست دادن (فعل گذرا),及物动,فعل گذرا,失去工作 (shīqù gōngzuò) | 失去机会 (shīqù jīhuì) | 失去信心 (shīqù xìnxīn) | 失去知觉 (shīqù zhījué),他因为这次事故失去了工作。,Tā yīnwèi zhè cì shìgù shīqù le gōngzuò.,او به‌دلیل این حادثه کارش را از دست داد.,
663,师生,shīshēng,HSK 4,名,1,老师和学生的合称（名）,معلمان و دانش‌آموزان یا دانشجویان (اسم),名,اسم,全校师生 (quánxiào shīshēng) | 师生关系 (shīshēng guānxi) | 师生交流 (shīshēng jiāoliú) | 师生共同参加 (shīshēng gòngtóng cānjiā),全校师生都参加了这次活动。,Quánxiào shīshēng dōu cānjiā le zhè cì huódòng.,تمام معلمان و دانش‌آموزان مدرسه در این برنامه شرکت کردند.,
664,食堂,shítáng,HSK 4,名,1,学校、单位等为学生或工作人员提供饭菜的场所（名）,غذاخوری؛ سلف (اسم),名,اسم,学校食堂 (xuéxiào shítáng) | 公司食堂 (gōngsī shítáng) | 在食堂吃饭 (zài shítáng chīfàn) | 食堂饭菜 (shítáng fàncài),我们中午在公司食堂吃饭。,Wǒmen zhōngwǔ zài gōngsī shítáng chīfàn.,ما ظهر در غذاخوری شرکت غذا می‌خوریم.,
665,试题,shìtí,HSK 4,名,1,考试或测试中要求回答、解答的题目（名）,سؤال امتحانی؛ سؤال آزمون (اسم),名,اسم,做试题 (zuò shìtí) | 一套试题 (yí tào shìtí) | 试题难度 (shìtí nándù) | 试题答案 (shìtí dá'àn),这套试题比去年的难。,Zhè tào shìtí bǐ qùnián de nán.,این مجموعه سؤالات از سؤالات سال گذشته دشوارتر است.,
666,失望,shīwàng,HSK 4,形,1,因希望落空或结果不如预期而感到不愉快、没有信心（形）,ناامید؛ سرخورده (صفت),形,صفت,感到失望 (gǎndào shīwàng) | 对结果失望 (duì jiéguǒ shīwàng) | 非常失望 (fēicháng shīwàng) | 令人失望 (lìng rén shīwàng),我对这次考试的结果很失望。,Wǒ duì zhè cì kǎoshì de jiéguǒ hěn shīwàng.,از نتیجهٔ این امتحان بسیار ناامید شدم.,
667,食物,shíwù,HSK 4,名,1,人或动物可以吃的东西（名）,غذا؛ خوراک (اسم),名,اسم,准备食物 (zhǔnbèi shíwù) | 寻找食物 (xúnzhǎo shíwù) | 新鲜食物 (xīnxiān shíwù) | 食物来源 (shíwù láiyuán),冰箱里已经没有食物了。,Bīngxiāng li yǐjīng méiyǒu shíwù le.,دیگر هیچ غذایی در یخچال نمانده است.,
668,适应,shìyìng,HSK 4,动,1,经过调整而习惯某种环境、条件或生活方式（及物动）,سازگار شدن؛ عادت کردن (فعل گذرا),及物动,فعل گذرا,适应环境 (shìyìng huánjìng) | 适应生活 (shìyìng shēnghuó) | 很快适应 (hěn kuài shìyìng) | 难以适应 (nányǐ shìyìng),我已经适应了这里的生活。,Wǒ yǐjīng shìyìng le zhèli de shēnghuó.,من دیگر به زندگی در اینجا عادت کرده‌ام.,
669,使用,shǐyòng,HSK 4,动,1,为达到某种目的而使人、物品、工具或方法发挥作用（及物动）,استفاده کردن؛ به کار بردن (فعل گذرا),及物动,فعل گذرا,使用手机 (shǐyòng shǒujī) | 正确使用 (zhèngquè shǐyòng) | 禁止使用 (jìnzhǐ shǐyòng) | 使用这种方法 (shǐyòng zhè zhǒng fāngfǎ),请按照说明正确使用这个设备。,Qǐng ànzhào shuōmíng zhèngquè shǐyòng zhège shèbèi.,لطفاً مطابق دستورالعمل از این دستگاه درست استفاده کنید.,
670,实在,shízài,HSK 4,形,1,为人诚实、朴实，不虚假或不骗人（形）,صادق؛ بی‌ریا؛ درستکار (صفت),形,صفت,为人实在 (wéirén shízài) | 人很实在 (rén hěn shízài) | 实在的人 (shízài de rén) | 说话实在 (shuōhuà shízài),他为人很实在，从来不骗人。,"Tā wéirén hěn shízài, cónglái bù piàn rén.",او آدم صادق و بی‌ریایی است و هرگز کسی را فریب نمی‌دهد.,
670,实在,shízài,HSK 4,形,2,有实际内容或实际好处，不空洞、不表面（形）,واقعی؛ ملموس؛ پربار (صفت),形,صفت,内容很实在 (nèiróng hěn shízài) | 实在的好处 (shízài de hǎochu) | 学到实在的东西 (xuédào shízài de dōngxi) | 工作做得实在 (gōngzuò zuò de shízài),这门课的内容很实在，能学到不少东西。,"Zhè mén kè de nèiróng hěn shízài, néng xuédào bù shǎo dōngxi.",محتوای این درس بسیار پربار است و می‌توان چیزهای زیادی از آن آموخت.,
670,实在,shízài,HSK 4,副,3,表示对事实或程度的强调，相当于“确实、的确”（副）,واقعاً؛ حقیقتاً؛ به‌راستی (قید),副,قید,实在太累 (shízài tài lèi) | 实在不知道 (shízài bù zhīdào) | 实在可惜 (shízài kěxī) | 实在受不了 (shízài shòubuliǎo),我今天实在太累了，不想出门。,"Wǒ jīntiān shízài tài lèi le, bù xiǎng chūmén.",من امروز واقعاً خیلی خسته‌ام و نمی‌خواهم بیرون بروم.,
671,十字路口,shízìlùkǒu,HSK 4,名,1,两条道路交叉形成的路口（名）,چهارراه؛ تقاطع (اسم),名,اسم,在十字路口 (zài shízìlùkǒu) | 到十字路口 (dào shízìlùkǒu) | 经过十字路口 (jīngguò shízìlùkǒu) | 十字路口右转 (shízìlùkǒu yòuzhuǎn),到前面的十字路口右转。,Dào qiánmian de shízìlùkǒu yòuzhuǎn.,در چهارراه روبه‌رو به راست بپیچید.,
671,十字路口,shízìlùkǒu,HSK 4,名,2,比喻需要作出重要选择的关键时刻或处境（名）,دوراهی؛ مقطع سرنوشت‌ساز تصمیم‌گیری (اسم، مجازی),名,اسم، مجازی,人生的十字路口 (rénshēng de shízìlùkǒu) | 站在人生的十字路口 (zhàn zài rénshēng de shízìlùkǒu) | 处在十字路口 (chǔ zài shízìlùkǒu) | 发展的十字路口 (fāzhǎn de shízìlùkǒu),毕业时，他站在了人生的十字路口。,"Bìyè shí, tā zhàn zài le rénshēng de shízìlùkǒu.",هنگام فارغ‌التحصیلی، او بر سر دوراهی مهمی در زندگی قرار گرفت.,
672,首,shǒu,HSK 4,量,1,用于诗歌、歌曲等（量）,واحدشمار برای شعر و ترانه (واحدشمار),量,واحدشمار,一首歌 (yì shǒu gē) | 一首诗 (yì shǒu shī) | 两首曲子 (liǎng shǒu qǔzi) | 这首歌曲 (zhè shǒu gēqǔ),这是我最喜欢的一首歌。,Zhè shì wǒ zuì xǐhuan de yì shǒu gē.,این یکی از ترانه‌های موردعلاقهٔ من است.,
672,首,shǒu,HSK 4,名,2,处在带头或领导地位的人，多用于“以……为首”（名）,رهبر؛ فردِ در رأس، بیشتر در ساخت «以……为首» (اسم),名,اسم,以他为首 (yǐ tā wéi shǒu) | 为首的人 (wéishǒu de rén) | 以经理为首 (yǐ jīnglǐ wéi shǒu) | 以王教授为首 (yǐ Wáng jiàoshòu wéi shǒu),代表团以王教授为首。,Dàibiǎotuán yǐ Wáng jiàoshòu wéi shǒu.,پروفسور وانگ در رأس هیئت نمایندگی است.,
673,受不了,shòubuliǎo,HSK 4,动,1,无法忍受某人、某事或某种不舒服的状态（动）,تحمل نکردن؛ تاب نیاوردن (فعل),动,فعل,实在受不了 (shízài shòubuliǎo) | 受不了噪音 (shòubuliǎo zàoyīn) | 热得受不了 (rè de shòubuliǎo) | 让人受不了 (ràng rén shòubuliǎo),这里太吵了，我实在受不了。,"Zhèli tài chǎo le, wǒ shízài shòubuliǎo.",اینجا خیلی پرسروصداست؛ واقعاً نمی‌توانم تحمل کنم.,
674,首都,shǒudū,HSK 4,名,1,一个国家中央政府所在地的城市（名）,پایتخت (اسم),名,اسم,中国首都 (Zhōngguó shǒudū) | 一国的首都 (yì guó de shǒudū) | 首都地区 (shǒudū dìqū) | 前往首都 (qiánwǎng shǒudū),北京是中国的首都。,Běijīng shì Zhōngguó de shǒudū.,پکن پایتخت چین است.,
675,收费,shōufèi,HSK 4,动,1,向接受服务或使用设施的人收取费用（动）,هزینه گرفتن؛ پول دریافت کردن (فعل),动,فعل,按小时收费 (àn xiǎoshí shōufèi) | 停车收费 (tíngchē shōufèi) | 开始收费 (kāishǐ shōufèi) | 合理收费 (hélǐ shōufèi),这个停车场按小时收费。,Zhège tíngchēchǎng àn xiǎoshí shōufèi.,این پارکینگ ساعتی هزینه می‌گیرد.,
676,售票员,shòupiàoyuán,HSK 4,名,1,在车站、影院等场所负责出售票的人（名）,بلیت‌فروش؛ مأمور فروش بلیت (اسم),名,اسم,车站售票员 (chēzhàn shòupiàoyuán) | 公交车售票员 (gōngjiāochē shòupiàoyuán) | 询问售票员 (xúnwèn shòupiàoyuán) | 向售票员买票 (xiàng shòupiàoyuán mǎi piào),我向售票员买了两张票。,Wǒ xiàng shòupiàoyuán mǎi le liǎng zhāng piào.,من دو بلیت از بلیت‌فروش خریدم.,
677,收入,shōurù,HSK 4,动,1,通过劳动、经营等获得一定数额的钱财，多用于书面语、财务或统计表达（及物动）,درآمد کسب کردن، بیشتر رسمی، مالی یا آماری (فعل گذرا),及物动,فعل گذرا,每月收入一万元 (měiyuè shōurù yí wàn yuán) | 去年收入三百万元 (qùnián shōurù sānbǎi wàn yuán) | 共收入十万元 (gòng shōurù shí wàn yuán) | 每年收入多少 (měinián shōurù duōshao),这家公司去年共收入三百万元。,Zhè jiā gōngsī qùnián gòng shōurù sānbǎi wàn yuán.,این شرکت سال گذشته در مجموع سه میلیون یوان درآمد کسب کرد.,
677,收入,shōurù,HSK 4,名,2,通过工作、经营、投资等获得的钱财（名）,درآمد (اسم),名,اسم,主要收入 (zhǔyào shōurù) | 固定收入 (gùdìng shōurù) | 家庭收入 (jiātíng shōurù) | 增加收入 (zēngjiā shōurù),他的主要收入来自这家商店。,Tā de zhǔyào shōurù láizì zhè jiā shāngdiàn.,بخش اصلی درآمد او از این فروشگاه است.,
678,受伤,shòushāng,HSK 4,动,1,身体受到外力或事故造成的伤害（不及物动）,زخمی شدن؛ آسیب جسمی دیدن (فعل ناگذر),不及物动,فعل ناگذر,头部受伤 (tóubù shòushāng) | 腿受伤 (tuǐ shòushāng) | 严重受伤 (yánzhòng shòushāng) | 受伤住院 (shòushāng zhùyuàn),他在事故中腿部受伤了。,Tā zài shìgù zhōng tuǐbù shòushāng le.,پای او در این حادثه آسیب دید.,
678,受伤,shòushāng,HSK 4,动,2,感情或心灵受到伤害（不及物动）,آسیب عاطفی دیدن؛ آزرده شدن (فعل ناگذر),不及物动,فعل ناگذر,感情上受伤 (gǎnqíng shang shòushāng) | 内心受伤 (nèixīn shòushāng) | 再次受伤 (zàicì shòushāng) | 害怕受伤 (hàipà shòushāng),她在上一段感情中受过伤。,Tā zài shàng yí duàn gǎnqíng zhōng shòuguo shāng.,او در رابطهٔ قبلی خود آسیب عاطفی دیده است.,
679,收拾,shōushi,HSK 4,动,1,整理、清洁或把物品放置妥当，也可指整理行李（及物动）,مرتب و جمع‌وجور کردن؛ وسایل را بستن (فعل گذرا),及物动,فعل گذرا,收拾房间 (shōushi fángjiān) | 收拾桌子 (shōushi zhuōzi) | 收拾东西 (shōushi dōngxi) | 收拾行李 (shōushi xíngli),出发前，我得先收拾好行李。,"Chūfā qián, wǒ děi xiān shōushi hǎo xíngli.",قبل از حرکت باید ابتدا وسایلم را جمع و آماده کنم.,
679,收拾,shōushi,HSK 4,动,2,对付、惩罚或教训某人，多用于口语（及物动）,به حساب کسی رسیدن؛ گوشمالی دادن، محاوره‌ای (فعل گذرا),及物动,فعل گذرا,收拾坏人 (shōushi huàirén) | 好好收拾他 (hǎohāo shōushi tā) | 等着被收拾 (děngzhe bèi shōushi) | 看我怎么收拾你 (kàn wǒ zěnme shōushi nǐ),你再欺负他，我就收拾你。,"Nǐ zài qīfu tā, wǒ jiù shōushi nǐ.",اگر دوباره اذیتش کنی، به حسابت می‌رسم.,
680,收听,shōutīng,HSK 4,动,1,通过收音机、网络等听广播、节目或其他音频内容（及物动）,گوش دادن به برنامهٔ رادیویی یا صوتی (فعل گذرا),及物动,فعل گذرا,收听广播 (shōutīng guǎngbō) | 收听节目 (shōutīng jiémù) | 收听新闻 (shōutīng xīnwén) | 在线收听 (zàixiàn shōutīng),欢迎收听今天的新闻节目。,Huānyíng shōutīng jīntiān de xīnwén jiémù.,به برنامهٔ خبری امروز خوش آمدید.,
681,首先,shǒuxiān,HSK 4,副,1,表示次序在最前，用于说明第一步、第一点或首要条件（副）,نخست؛ ابتدا؛ اول از همه (قید),副,قید,首先考虑 (shǒuxiān kǎolǜ) | 首先需要 (shǒuxiān xūyào) | 首先说明 (shǒuxiān shuōmíng) | 首先要做 (shǒuxiān yào zuò),首先，我们需要了解问题的原因。,"Shǒuxiān, wǒmen xūyào liǎojiě wèntí de yuányīn.",ابتدا باید علت مشکل را بفهمیم.,
682,数,shǔ,HSK 4,动,1,逐个计算人或事物的数量（及物动）,شمردن (فعل گذرا),及物动,فعل گذرا,数钱 (shǔ qián) | 数星星 (shǔ xīngxing) | 从一数到十 (cóng yī shǔ dào shí) | 多得数不清 (duō de shǔbuqīng),请数一下这里有多少人。,Qǐng shǔ yíxià zhèli yǒu duōshao rén.,لطفاً بشمار اینجا چند نفر هستند.,
682,数,shù,HSK 4,名,2,数学中表示数量的概念或数值（名）,عدد؛ مقدار عددی (اسم),名,اسم,一个数 (yí ge shù) | 这个数 (zhège shù) | 两个数相加 (liǎng ge shù xiāngjiā) | 数的大小 (shù de dàxiǎo),请把这两个数相加。,Qǐng bǎ zhè liǎng ge shù xiāngjiā.,لطفاً این دو عدد را با هم جمع کن.,
682,数,shù,HSK 4,数量词,3,表示几个或若干，多用于书面语（数量词）,چند؛ چندین، بیشتر در نوشتار (کمیت‌نما),数量词,کمیت‌نما,数年 (shù nián) | 数日 (shù rì) | 数次 (shù cì) | 数百人 (shù bǎi rén),这个问题已经讨论过数次。,Zhège wèntí yǐjīng tǎolùnguo shù cì.,این مسئله چندین بار بررسی شده است.,
683,输,shū,HSK 4,动,1,在比赛、竞争或打赌中失败，和“赢”相对（动）,باختن؛ شکست خوردن (فعل),动,فعل,输了比赛 (shū le bǐsài) | 输给对手 (shū gěi duìshǒu) | 输得很惨 (shū de hěn cǎn) | 不能输 (bù néng shū),我们队昨天输给了对手。,Wǒmen duì zuótiān shū gěi le duìshǒu.,تیم ما دیروز به حریف باخت.,
683,输,shū,HSK 4,动,2,把文字、数字等输入电脑、手机或其他设备，常用于口语（及物动）,وارد کردن؛ تایپ کردن، بیشتر محاوره‌ای (فعل گذرا),及物动,فعل گذرا,输密码 (shū mìmǎ) | 输号码 (shū hàomǎ) | 输进去 (shū jìnqu) | 输错了 (shū cuò le),请在这里输一下密码。,Qǐng zài zhèli shū yíxià mìmǎ.,لطفاً رمز را اینجا وارد کنید.,
684,熟,shú,HSK 4,形,1,食物已经煮好，或果实已经成熟（形）,پخته؛ رسیده (صفت),形,صفت,饭熟了 (fàn shú le) | 肉熟了 (ròu shú le) | 果子熟了 (guǒzi shú le) | 已经熟透 (yǐjīng shútòu),肉还没熟，再煮一会儿吧。,"Ròu hái méi shú, zài zhǔ yíhuìr ba.",گوشت هنوز نپخته است؛ بگذار کمی بیشتر بپزد.,
684,熟,shú,HSK 4,形,2,因经常接触而对人、地方、事情或技能非常了解（形）,آشنا؛ مسلط؛ وارد (صفت),形,صفت,跟他很熟 (gēn tā hěn shú) | 对这里很熟 (duì zhèli hěn shú) | 这条路很熟 (zhè tiáo lù hěn shú) | 对业务很熟 (duì yèwù hěn shú),我对这一带很熟，不会迷路。,"Wǒ duì zhè yí dài hěn shú, bú huì mílù.",من با این اطراف کاملاً آشنا هستم و گم نمی‌شوم.,
684,熟,shú,HSK 4,形,3,睡眠程度深，不容易醒（形）,خواب عمیق و سنگین (صفت),形,صفت,睡得很熟 (shuì de hěn shú) | 已经睡熟 (yǐjīng shuìshú) | 孩子睡熟了 (háizi shuìshú le) | 睡得正熟 (shuì de zhèng shú),孩子已经睡熟了，别吵醒他。,"Háizi yǐjīng shuìshú le, bié chǎoxǐng tā.",کودک به خواب عمیقی رفته است؛ بیدارش نکن.,
685,帅,shuài,HSK 4,形,1,男子外表英俊、好看（形）,خوش‌چهره؛ خوش‌تیپ (صفت),形,صفت,长得很帅 (zhǎng de hěn shuài) | 又高又帅 (yòu gāo yòu shuài) | 看起来很帅 (kàn qǐlai hěn shuài) | 帅小伙 (shuài xiǎohuǒ),她哥哥长得又高又帅。,Tā gēge zhǎng de yòu gāo yòu shuài.,برادر بزرگ‌ترش قدبلند و خوش‌چهره است.,
685,帅,shuài,HSK 4,形,2,动作、打扮或事物的外形很有魅力、很酷，常用于口语（形）,باحال؛ جذاب؛ خفن، محاوره‌ای (صفت),形,صفت,动作很帅 (dòngzuò hěn shuài) | 穿得很帅 (chuān de hěn shuài) | 这辆车很帅 (zhè liàng chē hěn shuài) | 姿势很帅 (zīshì hěn shuài),他投篮的动作真帅。,Tā tóulán de dòngzuò zhēn shuài.,حرکتش هنگام پرتاب توپ واقعاً باحال است.,
685,帅,shuài,HSK 4,名,3,中国象棋中红方的主将（名）,مهرهٔ فرماندهٔ طرف قرمز در شطرنج چینی (اسم),名,اسم,红方的帅 (hóngfāng de shuài) | 保护帅 (bǎohù shuài) | 移动帅 (yídòng shuài) | 帅被将军 (shuài bèi jiāngjūn),在中国象棋中，红方的主将叫“帅”。,"Zài Zhōngguó xiàngqí zhōng, hóngfāng de zhǔjiàng jiào “shuài”.",در شطرنج چینی، مهرهٔ فرماندهٔ طرف قرمز «شوآی» نام دارد.,
686,暑假,shǔjià,HSK 4,名,1,学校在夏季放的较长假期（名）,تعطیلات تابستانی (اسم),名,اسم,放暑假 (fàng shǔjià) | 暑假期间 (shǔjià qījiān) | 过暑假 (guò shǔjià) | 暑假作业 (shǔjià zuòyè),暑假我打算去北京旅行。,Shǔjià wǒ dǎsuàn qù Běijīng lǚxíng.,قصد دارم در تعطیلات تابستانی به پکن سفر کنم.,
687,数量,shùliàng,HSK 4,名,1,事物数目的多少（名）,تعداد؛ مقدار (اسم),名,اسم,数量很多 (shùliàng hěn duō) | 数量有限 (shùliàng yǒuxiàn) | 控制数量 (kòngzhì shùliàng) | 商品数量 (shāngpǐn shùliàng),请确认一下商品的数量。,Qǐng quèrèn yíxià shāngpǐn de shùliàng.,لطفاً تعداد کالاها را بررسی کنید.,
688,树林,shùlín,HSK 4,名,1,成片生长在一起的许多树木（名）,درختزار؛ بیشه (اسم),名,اسم,一片树林 (yí piàn shùlín) | 走进树林 (zǒujìn shùlín) | 穿过树林 (chuānguò shùlín) | 茂密的树林 (màomì de shùlín),房子后面有一片树林。,Fángzi hòumian yǒu yí piàn shùlín.,پشت خانه یک درختزار قرار دارد.,
689,顺便,shùnbiàn,HSK 4,副,1,做某件事时利用方便的机会附带做另一件事（副）,سر راه؛ در ضمن؛ به‌مناسبت انجام کاری دیگر (قید),副,قید,顺便问一下 (shùnbiàn wèn yíxià) | 顺便买东西 (shùnbiàn mǎi dōngxi) | 顺便去看看 (shùnbiàn qù kànkan) | 顺便带回来 (shùnbiàn dài huílai),我去超市，顺便帮你买一瓶水。,"Wǒ qù chāoshì, shùnbiàn bāng nǐ mǎi yì píng shuǐ.",به فروشگاه می‌روم و سر راه یک بطری آب هم برایت می‌خرم.,
690,顺利,shùnlì,HSK 4,形,1,事情进行时没有遇到困难或阻碍，并达到预期结果（形）,بی‌مشکل؛ روان؛ موفقیت‌آمیز (صفت),形,صفت,进展顺利 (jìnzhǎn shùnlì) | 工作顺利 (gōngzuò shùnlì) | 顺利完成 (shùnlì wánchéng) | 一切顺利 (yíqiè shùnlì),手术进行得很顺利。,Shǒushù jìnxíng de hěn shùnlì.,عمل جراحی بدون مشکل و موفقیت‌آمیز انجام شد.,
691,顺序,shùnxù,HSK 4,名,1,事物在空间、时间或安排上的先后次第（名）,ترتیب؛ توالی (اسم),名,اسم,按照顺序 (ànzhào shùnxù) | 正确顺序 (zhèngquè shùnxù) | 调整顺序 (tiáozhěng shùnxù) | 顺序排列 (shùnxù páiliè),请把这些图片按正确顺序排列。,Qǐng bǎ zhèxiē túpiàn àn zhèngquè shùnxù páiliè.,لطفاً این تصاویر را به ترتیب درست بچینید.,
692,说法,shuōfa,HSK 4,名,1,表达某个意思时所采用的词语或方式（名）,طرز بیان؛ نحوهٔ گفتن؛ عبارت (اسم),名,اسم,换一种说法 (huàn yì zhǒng shuōfa) | 常见的说法 (chángjiàn de shuōfa) | 委婉的说法 (wěiwǎn de shuōfa) | 这种说法不自然 (zhè zhǒng shuōfa bù zìrán),“洗手间”是“厕所”比较礼貌的说法。,“Xǐshǒujiān” shì “cèsuǒ” bǐjiào lǐmào de shuōfa.,«دستشویی» بیان مؤدبانه‌تری برای «توالت» است.,
692,说法,shuōfa,HSK 4,名,2,对某件事情的意见、解释或叙述（名）,نظر؛ ادعا؛ روایت (اسم),名,اسم,有一种说法 (yǒu yì zhǒng shuōfa) | 同意他的说法 (tóngyì tā de shuōfa) | 说法不一致 (shuōfa bù yízhì) | 说法没有根据 (shuōfa méiyǒu gēnjù),关于这件事，双方的说法不一致。,"Guānyú zhè jiàn shì, shuāngfāng de shuōfa bù yízhì.",روایت دو طرف دربارهٔ این ماجرا یکسان نیست.,
692,说法,shuōfa,HSK 4,名,3,对问题作出的解释或处理结果，常用于要求对方给出交代（名，口语）,توضیح یا پاسخ قانع‌کننده، محاوره‌ای (اسم),名，口语,اسم,给个说法 (gěi ge shuōfa) | 要个说法 (yào ge shuōfa) | 讨个说法 (tǎo ge shuōfa) | 给大家一个说法 (gěi dàjiā yí ge shuōfa),这件事你必须给我一个说法。,Zhè jiàn shì nǐ bìxū gěi wǒ yí ge shuōfa.,باید دربارهٔ این موضوع به من توضیح و پاسخ قانع‌کننده‌ای بدهی.,
693,说明,shuōmíng,HSK 4,动,1,用语言或文字解释清楚事情、原因或情况（及物动）,توضیح دادن؛ شرح دادن (فعل گذرا),及物动,فعل گذرا,说明原因 (shuōmíng yuányīn) | 说明情况 (shuōmíng qíngkuàng) | 说明问题 (shuōmíng wèntí) | 说明清楚 (shuōmíng qīngchu),请说明你迟到的原因。,Qǐng shuōmíng nǐ chídào de yuányīn.,لطفاً علت دیرآمدنت را توضیح بده.,
693,说明,shuōmíng,HSK 4,动,2,表明或证明某种情况、结论（及物动）,نشان دادن؛ حاکی بودن؛ ثابت کردن (فعل گذرا),及物动,فعل گذرا,事实说明 (shìshí shuōmíng) | 数据说明 (shùjù shuōmíng) | 这说明 (zhè shuōmíng) | 足以说明 (zúyǐ shuōmíng),这些数据说明这个方法很有效。,Zhèxiē shùjù shuōmíng zhège fāngfǎ hěn yǒuxiào.,این داده‌ها نشان می‌دهند که این روش بسیار مؤثر است.,
693,说明,shuōmíng,HSK 4,名,3,对事情、情况或使用方法所作的解释（名）,توضیح؛ شرح (اسم),名,اسم,作出说明 (zuòchū shuōmíng) | 补充说明 (bǔchōng shuōmíng) | 情况说明 (qíngkuàng shuōmíng) | 阅读说明 (yuèdú shuōmíng),请仔细阅读下面的说明。,Qǐng zǐxì yuèdú xiàmian de shuōmíng.,لطفاً توضیحات زیر را با دقت بخوانید.,
694,说明书,shuōmíngshū,HSK 4,名,1,介绍产品的用途、使用方法、注意事项等的文字材料（名）,دفترچهٔ راهنما؛ دستورالعمل استفاده (اسم),名,اسم,产品说明书 (chǎnpǐn shuōmíngshū) | 阅读说明书 (yuèdú shuōmíngshū) | 按照说明书 (ànzhào shuōmíngshū) | 说明书上写着 (shuōmíngshū shang xiězhe),使用前请仔细阅读说明书。,Shǐyòng qián qǐng zǐxì yuèdú shuōmíngshū.,لطفاً پیش از استفاده دفترچهٔ راهنما را با دقت بخوانید.,
695,硕士,shuòshì,HSK 4,名,1,高等教育中低于博士的一种学位（名）,مدرک کارشناسی ارشد (اسم),名,اسم,硕士学位 (shuòshì xuéwèi) | 读硕士 (dú shuòshì) | 攻读硕士 (gōngdú shuòshì) | 获得硕士学位 (huòdé shuòshì xuéwèi),她去年获得了硕士学位。,Tā qùnián huòdé le shuòshì xuéwèi.,او سال گذشته مدرک کارشناسی ارشد گرفت.,
695,硕士,shuòshì,HSK 4,名,2,获得硕士学位的人（名）,دارندهٔ مدرک کارشناسی ارشد (اسم),名,اسم,一名硕士 (yì míng shuòshì) | 法学硕士 (fǎxué shuòshì) | 理学硕士 (lǐxué shuòshì) | 年轻硕士 (niánqīng shuòshì),她是一名法学硕士。,Tā shì yì míng fǎxué shuòshì.,او دارای مدرک کارشناسی ارشد حقوق است.,
696,熟悉,shúxī,HSK 4,动,1,对某人、地方、事情或技能了解得很清楚（及物动）,آشنا بودن با؛ خوب شناختن (فعل گذرا),及物动,فعل گذرا,熟悉环境 (shúxī huánjìng) | 熟悉业务 (shúxī yèwù) | 熟悉情况 (shúxī qíngkuàng) | 对这里很熟悉 (duì zhèli hěn shúxī),我很熟悉这座城市。,Wǒ hěn shúxī zhè zuò chéngshì.,من این شهر را به‌خوبی می‌شناسم.,
696,熟悉,shúxī,HSK 4,形,2,因以前接触过而让人感到认识或不陌生（形）,آشنا؛ شناخته‌شده (صفت),形,صفت,熟悉的声音 (shúxī de shēngyīn) | 熟悉的面孔 (shúxī de miànkǒng) | 看起来很熟悉 (kàn qǐlai hěn shúxī) | 感到很熟悉 (gǎndào hěn shúxī),我听到了一个熟悉的声音。,Wǒ tīngdào le yí ge shúxī de shēngyīn.,صدایی آشنا شنیدم.,
697,数字,shùzì,HSK 4,名,1,表示数目的文字或符号，如0、1、2等（名）,عدد؛ رقم (اسم),名,اسم,一个数字 (yí ge shùzì) | 阿拉伯数字 (Ālābó shùzì) | 输入数字 (shūrù shùzì) | 六位数字 (liù wèi shùzì),请输入六位数字。,Qǐng shūrù liù wèi shùzì.,لطفاً یک عدد شش‌رقمی وارد کنید.,
697,数字,shùzì,HSK 4,名,2,表示数量、业绩等情况的统计数据（名）,رقم؛ آمار (اسم),名,اسم,销售数字 (xiāoshòu shùzì) | 具体数字 (jùtǐ shùzì) | 公布数字 (gōngbù shùzì) | 从数字来看 (cóng shùzì lái kàn),公司公布了今年的销售数字。,Gōngsī gōngbù le jīnnián de xiāoshòu shùzì.,شرکت آمار فروش امسال را منتشر کرد.,
697,数字,shùzì,HSK 4,形,3,以数字形式处理、储存或传输信息的（形）,دیجیتال؛ رقمی (صفت),形,صفت,数字技术 (shùzì jìshù) | 数字经济 (shùzì jīngjì) | 数字信号 (shùzì xìnhào) | 数字平台 (shùzì píngtái),数字技术正在改变我们的生活。,Shùzì jìshù zhèngzài gǎibiàn wǒmen de shēnghuó.,فناوری دیجیتال در حال تغییر زندگی ماست.,
698,死,sǐ,HSK 4,动、形,1,人、动物或植物失去生命；也指已经没有生命（动/形）,مردن؛ مرده؛ بی‌جان (فعل/صفت),动/形,فعل/صفت,已经死了 (yǐjīng sǐ le) | 病死了 (bìngsǐ le) | 一条死鱼 (yì tiáo sǐ yú) | 树死了 (shù sǐ le),那棵树已经死了。,Nà kē shù yǐjīng sǐ le.,آن درخت مرده است.,
698,死,sǐ,HSK 4,形,2,思想、规定或方法等僵化、不灵活（形）,خشک؛ انعطاف‌ناپذیر؛ متحجر (صفت),形,صفت,规定太死 (guīdìng tài sǐ) | 方法太死 (fāngfǎ tài sǐ) | 脑筋很死 (nǎojīn hěn sǐ) | 学得太死 (xué de tài sǐ),规定不能定得太死，要留一点调整的空间。,"Guīdìng bù néng dìng de tài sǐ, yào liú yìdiǎn tiáozhěng de kōngjiān.",مقررات نباید بیش از حد خشک باشند و باید جایی برای تغییر باقی بماند.,
698,死,sǐ,HSK 4,补,3,用在动词或形容词后，表示死亡或程度达到极点，常带有夸张语气（补）,از شدتِ؛ تا سرحد مرگ، اغلب برای اغراق (متمم),补,متمم,累死了 (lèisǐ le) | 吓死了 (xiàsǐ le) | 急死我了 (jísǐ wǒ le) | 高兴死了 (gāoxìngsǐ le),我今天累死了，只想回家睡觉。,"Wǒ jīntiān lèisǐ le, zhǐ xiǎng huí jiā shuìjiào.",امروز از خستگی مردم و فقط می‌خواهم به خانه بروم و بخوابم.,
698,死,sǐ,HSK 4,副,4,表示坚决、固执地做或不做某事，常用于口语（副）,سرسختانه؛ به‌هیچ‌وجه (قید),副,قید,死不承认 (sǐ bù chéngrèn) | 死不放手 (sǐ bù fàngshǒu) | 死不相信 (sǐ bù xiāngxìn) | 死不答应 (sǐ bù dāying),他死不承认自己错了。,Tā sǐ bù chéngrèn zìjǐ cuò le.,او به‌هیچ‌وجه حاضر نبود اعتراف کند که اشتباه کرده است.,
699,算,suàn,HSK 4,动,1,根据数字进行计算，得出结果（及物动）,حساب کردن؛ محاسبه کردن (فعل گذرا),及物动,فعل گذرا,算一算 (suàn yí suàn) | 算总数 (suàn zǒngshù) | 算错了 (suàn cuò le) | 算多少钱 (suàn duōshao qián),你帮我算一下总共多少钱。,Nǐ bāng wǒ suàn yíxià zǒnggòng duōshao qián.,کمکم کن حساب کنم در مجموع چقدر می‌شود.,
699,算,suàn,HSK 4,动,2,把某人或某物包括在数量或范围内（及物动）,حساب کردن؛ جزو چیزی شمردن (فعل گذرا),及物动,فعل گذرا,算我一个 (suàn wǒ yí ge) | 不算他 (bú suàn tā) | 连我一起算 (lián wǒ yìqǐ suàn) | 把运费算进去 (bǎ yùnfèi suàn jìnqu),参加活动的人也算我一个。,Cānjiā huódòng de rén yě suàn wǒ yí ge.,برای شرکت در برنامه من را هم حساب کنید.,
699,算,suàn,HSK 4,动,3,认为某人或某事物属于某种性质、类别或情况（动）,محسوب شدن؛ به شمار آمدن (فعل),动,فعل,算成功 (suàn chénggōng) | 算是朋友 (suànshì péngyou) | 不算太晚 (bú suàn tài wǎn) | 只能算一般 (zhǐ néng suàn yìbān),能做到这样，已经算成功了。,"Néng zuòdào zhèyàng, yǐjīng suàn chénggōng le.",همین‌که توانسته‌ایم تا این حد پیش برویم، موفقیت محسوب می‌شود.,
699,算,suàn,HSK 4,动,4,被承认有效或可以计入结果（不及物动）,حساب بودن؛ معتبر بودن (فعل ناگذر),不及物动,فعل ناگذر,这次不算 (zhè cì bú suàn) | 刚才的不算 (gāngcái de bú suàn) | 当然算 (dāngrán suàn) | 到底算不算 (dàodǐ suàn bú suàn),刚才那次不算，我们重新开始。,"Gāngcái nà cì bú suàn, wǒmen chóngxīn kāishǐ.",دفعهٔ قبلی حساب نیست؛ دوباره شروع می‌کنیم.,
700,酸,suān,HSK 4,形,1,味道像醋或未成熟的水果（形）,ترش (صفت),形,صفت,味道很酸 (wèidào hěn suān) | 又酸又甜 (yòu suān yòu tián) | 酸得很 (suān de hěn) | 有点酸 (yǒudiǎn suān),这个橙子太酸了。,Zhège chéngzi tài suān le.,این پرتقال بیش از حد ترش است.,
700,酸,suān,HSK 4,形,2,身体因疲劳等感到轻微疼痛、无力（形）,کوفته؛ دردناک؛ خسته (صفت),形,صفت,腿很酸 (tuǐ hěn suān) | 腰酸 (yāo suān) | 胳膊发酸 (gēbo fāsuān) | 又酸又痛 (yòu suān yòu tòng),走了一天，我的腿又酸又痛。,"Zǒu le yì tiān, wǒ de tuǐ yòu suān yòu tòng.",بعد از یک روز پیاده‌روی، پاهایم کوفته و دردناک شده‌اند.,
700,酸,suān,HSK 4,形,3,因羡慕或嫉妒而心里不舒服，常用于口语和网络表达（形）,حسود؛ از روی حسادت ناراحت، محاوره‌ای (صفت),形,صفت,心里有点酸 (xīnli yǒudiǎn suān) | 别酸了 (bié suān le) | 听着真酸 (tīngzhe zhēn suān) | 酸得不行 (suān de bùxíng),看到别人获奖，他心里有点酸。,"Kàndào biérén huòjiǎng, tā xīnli yǒudiǎn suān.",با دیدن جایزه‌گرفتن دیگران، کمی حسادت کرد.,
700,酸,suān,HSK 4,名,4,化学中能与碱发生反应的一类物质（名）,اسید (اسم),名,اسم,强酸 (qiángsuān) | 弱酸 (ruòsuān) | 酸和碱 (suān hé jiǎn) | 这种酸 (zhè zhǒng suān),使用这种酸时一定要戴手套。,Shǐyòng zhè zhǒng suān shí yídìng yào dài shǒutào.,هنگام استفاده از این اسید حتماً دستکش بپوشید.,
701,酸奶,suānnǎi,HSK 4,名,1,牛奶等经过乳酸菌发酵制成的食品（名）,ماست (اسم),名,اسم,喝酸奶 (hē suānnǎi) | 一杯酸奶 (yì bēi suānnǎi) | 原味酸奶 (yuánwèi suānnǎi) | 自制酸奶 (zìzhì suānnǎi),我每天早上喝一杯酸奶。,Wǒ měitiān zǎoshang hē yì bēi suānnǎi.,من هر روز صبح یک لیوان ماست می‌خورم.,
702,速度,sùdù,HSK 4,名,1,物体运动或事情进行的快慢程度（名）,سرعت؛ آهنگ پیشرفت (اسم),名,اسم,速度很快 (sùdù hěn kuài) | 提高速度 (tígāo sùdù) | 行驶速度 (xíngshǐ sùdù) | 发展速度 (fāzhǎn sùdù),这辆车的行驶速度太快了。,Zhè liàng chē de xíngshǐ sùdù tài kuài le.,سرعت حرکت این خودرو بیش از حد زیاد است.,
703,随便,suíbiàn,HSK 4,副,1,按照自己的意愿或方便，不受限制；也可表示任何一个都可以（副）,آزادانه؛ هرطور راحتی؛ هرکدام (قید),副,قید,随便坐 (suíbiàn zuò) | 随便选 (suíbiàn xuǎn) | 随便吃 (suíbiàn chī) | 随便哪一个 (suíbiàn nǎ yí ge),这些书你可以随便选一本。,Zhèxiē shū nǐ kěyǐ suíbiàn xuǎn yì běn.,می‌توانی آزادانه یکی از این کتاب‌ها را انتخاب کنی.,
703,随便,suíbiàn,HSK 4,形、副,2,言行不认真、不慎重或不讲究，有时含有批评意味（形/副）,سرسری؛ بی‌ملاحظه؛ بی‌دقت (صفت/قید),形/副,صفت/قید,做事太随便 (zuòshì tài suíbiàn) | 随便决定 (suíbiàn juédìng) | 随便相信别人 (suíbiàn xiāngxìn biérén) | 说话很随便 (shuōhuà hěn suíbiàn),这么重要的事情不能随便决定。,Zhème zhòngyào de shìqing bù néng suíbiàn juédìng.,دربارهٔ موضوعی به این مهمی نباید سرسری تصمیم گرفت.,
704,随着,suízhe,HSK 4,介,1,表示一种情况在另一种情况发展、变化的同时发生变化（介）,با؛ هم‌زمان با؛ به‌موازاتِ (حرف اضافه),介,حرف اضافه,随着时间推移 (suízhe shíjiān tuīyí) | 随着年龄增长 (suízhe niánlíng zēngzhǎng) | 随着社会发展 (suízhe shèhuì fāzhǎn) | 随着天气变冷 (suízhe tiānqì biàn lěng),随着天气变冷，来这里的人越来越少。,"Suízhe tiānqì biàn lěng, lái zhèli de rén yuèláiyuè shǎo.",با سردترشدن هوا، تعداد افرادی که به اینجا می‌آیند کمتر می‌شود.,
705,塑料,sùliào,HSK 4,名,1,以合成树脂为主要成分，可以制成各种形状的材料（名）,پلاستیک (اسم),名,اسم,塑料袋 (sùliàodài) | 塑料瓶 (sùliàopíng) | 塑料制品 (sùliào zhìpǐn) | 塑料垃圾 (sùliào lājī),我们应该尽量少用一次性塑料袋。,Wǒmen yīnggāi jǐnliàng shǎo yòng yícìxìng sùliàodài.,باید تا حد امکان کمتر از کیسه‌های پلاستیکی یک‌بارمصرف استفاده کنیم.,
706,孙女,sūnnǚ,HSK 4,名,1,儿子的女儿（名）,دخترِ پسر؛ نوهٔ دختر (اسم),名,اسم,我的孙女 (wǒ de sūnnǚ) | 小孙女 (xiǎo sūnnǚ) | 孙女出生 (sūnnǚ chūshēng) | 看望孙女 (kànwàng sūnnǚ),我的孙女今年五岁了。,Wǒ de sūnnǚ jīnnián wǔ suì le.,نوهٔ دخترم امسال پنج‌ساله شده است.,
990,孙子,sūnzi,HSK 4,名,1,儿子的儿子，也泛指孙辈中的男性（名）,نوهٔ پسر (اسم),名,اسم,亲孙子 (qīn sūnzi) | 小孙子 (xiǎo sūnzi) | 抱孙子 (bào sūnzi),爷爷每天都去学校接孙子。,Yéye měitiān dōu qù xuéxiào jiē sūnzi.,پدربزرگ هر روز برای بردن نوه‌اش به مدرسه می‌رود.,
990,孙子,Sūnzǐ,HSK 4,名,2,孙武的尊称，中国古代军事家，也是《孙子兵法》的作者（专名）,سون‌زی؛ سان تزو (اسم خاص),专名,اسم خاص,孙子的思想 (Sūnzǐ de sīxiǎng) | 孙子的军事理论 (Sūnzǐ de jūnshì lǐlùn),孙子是中国古代著名的军事家。,Sūnzǐ shì Zhōngguó gǔdài zhùmíng de jūnshìjiā.,سون‌زی از نظریه‌پردازان نظامی مشهور چین باستان است.,
991,所有,suǒyǒu,HSK 4,动/形,1,领有；具有，多用于财产、权利等（及物动，正式）,مالک بودن؛ در اختیار داشتن (فعل گذرا، رسمی),及物动，正式,فعل گذرا، رسمی,个人所有 (gèrén suǒyǒu) | 国家所有 (guójiā suǒyǒu) | 集体所有 (jítǐ suǒyǒu),这片土地归国家所有。,Zhè piàn tǔdì guī guójiā suǒyǒu.,این زمین متعلق به دولت است.,
991,所有,suǒyǒu,HSK 4,动/形,2,表示全部的，修饰名词（形）,همهٔ؛ تمامِ (صفت),形,صفت,所有的人 (suǒyǒu de rén) | 所有问题 (suǒyǒu wèntí) | 所有费用 (suǒyǒu fèiyòng),所有学生都必须按时到校。,Suǒyǒu xuéshēng dōu bìxū ànshí dào xiào.,همهٔ دانش‌آموزان باید به‌موقع به مدرسه برسند.,
991,所有,suǒyǒu,HSK 4,动/形,3,指全部的人或事物，常与“的”连用（代）,همه؛ تمام آن‌ها (ضمیر),代,ضمیر,所有的 (suǒyǒu de) | 这一切所有 (zhè yíqiè suǒyǒu),该说的我全都说了，这就是我知道的所有。,"Gāi shuō de wǒ quándōu shuō le, zhè jiù shì wǒ zhīdào de suǒyǒu.",هرچه لازم بود گفتم؛ این تمام چیزی است که می‌دانم.,
992,台,tái,HSK 4,名/量,1,高出地面、供人活动或放置物品的平面设施（名）,سکو؛ جایگاه (اسم),名,اسم,上台 (shàng tái) | 下台 (xià tái) | 站在台上 (zhàn zài tái shàng),她走上台开始演讲。,Tā zǒu shàng tái kāishǐ yǎnjiǎng.,او روی جایگاه رفت و سخنرانی را آغاز کرد.,
992,台,tái,HSK 4,名/量,2,用于机器、设备、车辆或演出等（量）,دستگاه؛ عدد؛ اجرا (واحد شمارش),量,واحد شمارش,一台电脑 (yì tái diànnǎo) | 两台机器 (liǎng tái jīqì) | 一台戏 (yì tái xì),办公室新买了十台电脑。,Bàngōngshì xīn mǎi le shí tái diànnǎo.,اداره ده دستگاه رایانهٔ جدید خریده است.,
992,台,Tái,HSK 4,名/量,3,台湾的简称（专名）,مخفف تایوان (اسم خاص),专名,اسم خاص,赴台 (fù Tái) | 来台 (lái Tái) | 在台期间 (zài Tái qījiān),他下个月将赴台参加会议。,Tā xià ge yuè jiāng fù Tái cānjiā huìyì.,او ماه آینده برای شرکت در یک نشست به تایوان می‌رود.,
993,抬,tái,HSK 4,动,1,向上移动或举起（及物动）,بالا بردن؛ بلند کردن (فعل گذرا),及物动,فعل گذرا,抬头 (tái tóu) | 抬手 (tái shǒu) | 抬起箱子 (táiqǐ xiāngzi),请把头抬起来。,Qǐng bǎ tóu tái qǐlai.,لطفاً سرت را بالا بیاور.,
993,抬,tái,HSK 4,动,2,两人或多人共同用手或工具搬运（及物动）,(دو نفر یا چند نفر) با کمک هم حمل کردن (فعل گذرا),及物动,فعل گذرا,抬桌子 (tái zhuōzi) | 抬担架 (tái dānjià) | 抬进屋里 (tái jìn wūli),他们一起把钢琴抬进了屋里。,Tāmen yìqǐ bǎ gāngqín tái jìn le wūli.,آن‌ها با کمک هم پیانو را به داخل خانه بردند.,
993,抬,tái,HSK 4,动,3,使价格、地位等提高（及物动）,بالا بردن؛ افزایش دادن (فعل گذرا),及物动,فعل گذرا,抬高价格 (táigāo jiàgé) | 抬高身价 (táigāo shēnjià) | 往上抬 (wǎng shàng tái),商家故意把价格抬得很高。,Shāngjiā gùyì bǎ jiàgé tái de hěn gāo.,فروشنده عمداً قیمت را خیلی بالا برده است.,
994,态度,tàidu,HSK 4,名,1,对人或事物所持的看法和立场（名）,دیدگاه؛ موضع (اسم),名,اسم,表明态度 (biǎomíng tàidu) | 改变态度 (gǎibiàn tàidu) | 明确的态度 (míngquè de tàidu),他一直没有明确表明自己的态度。,Tā yìzhí méiyǒu míngquè biǎomíng zìjǐ de tàidu.,او هنوز موضعش را به‌روشنی بیان نکرده است.,
994,态度,tàidu,HSK 4,名,2,对待别人或处理事情时表现出的言行和方式（名）,برخورد؛ طرز رفتار (اسم),名,اسم,服务态度 (fúwù tàidu) | 工作态度 (gōngzuò tàidu) | 态度友好 (tàidu yǒuhǎo),她对顾客的态度非常友好。,Tā duì gùkè de tàidu fēicháng yǒuhǎo.,برخورد او با مشتریان بسیار دوستانه است.,
995,抬头,táitóu,HSK 4,动,1,把头抬起来（不及物动）,سر بلند کردن؛ سر را بالا آوردن (فعل ناگذر),不及物动,فعل ناگذر,抬头看 (táitóu kàn) | 抬头望天 (táitóu wàng tiān) | 猛然抬头 (měngrán táitóu),他抬头看了看墙上的钟。,Tā táitóu kàn le kan qiáng shàng de zhōng.,او سرش را بلند کرد و نگاهی به ساعت روی دیوار انداخت.,
995,抬头,táitóu,HSK 4,动,2,比喻不好的现象或趋势重新出现或发展（不及物动）,دوباره شدت گرفتن؛ رو به افزایش گذاشتن (فعل ناگذر),不及物动,فعل ناگذر,物价抬头 (wùjià táitóu) | 通胀抬头 (tōngzhàng táitóu) | 出现抬头趋势 (chūxiàn táitóu qūshì),最近通货膨胀又有抬头的趋势。,Zuìjìn tōnghuò péngzhàng yòu yǒu táitóu de qūshì.,اخیراً تورم دوباره رو به افزایش گذاشته است.,
996,弹,tán,HSK 4,动,1,用手指拨动弦或按动琴键，使乐器发出声音（及物动）,نواختن (فعل گذرا),及物动,فعل گذرا,弹钢琴 (tán gāngqín) | 弹吉他 (tán jítā) | 弹古筝 (tán gǔzhēng),她每天晚上都弹半小时钢琴。,Tā měitiān wǎnshang dōu tán bàn ge xiǎoshí gāngqín.,او هر شب نیم ساعت پیانو می‌نوازد.,
996,弹,tán,HSK 4,动,2,利用物体的弹性使其移动，或用手指突然拨动、射出（及物动）,با ضربهٔ انگشت پراندن؛ تلنگر زدن (فعل گذرا),及物动,فعل گذرا,弹烟灰 (tán yānhuī) | 弹玻璃球 (tán bōliqiú) | 弹了一下 (tán le yíxià),他用手指把玻璃球弹了出去。,Tā yòng shǒuzhǐ bǎ bōliqiú tán le chūqu.,او با انگشت تیله را پراند.,
996,弹,tán,HSK 4,动,3,物体因弹力而跳起、移动或返回（不及物动）,جهیدن؛ کمانه کردن (فعل ناگذر),不及物动,فعل ناگذر,弹起来 (tán qǐlai) | 弹回来 (tán huílai) | 弹到一边 (tán dào yìbiān),球撞到墙上又弹了回来。,Qiú zhuàng dào qiáng shàng yòu tán le huílai.,توپ به دیوار خورد و دوباره برگشت.,
707,谈,tán,HSK 4,动,1,彼此说话或交流想法，不直接带谈论的内容（不及物动）,گفت‌وگو کردن؛ صحبت کردن (فعل ناگذر),不及物动,فعل ناگذر,跟朋友谈 (gēn péngyou tán) | 当面谈 (dāngmiàn tán) | 谈了很久 (tán le hěn jiǔ),我们坐下来慢慢谈吧。,Wǒmen zuò xialai mànmàn tán ba.,بیایید بنشینیم و با آرامش صحبت کنیم.,
707,谈,tán,HSK 4,动,2,以某个问题、事情或看法为内容进行讨论或说明（及物动）,دربارهٔ چیزی صحبت کردن (فعل گذرا),及物动,فعل گذرا,谈工作 (tán gōngzuò) | 谈条件 (tán tiáojiàn) | 谈谈自己的看法 (tántan zìjǐ de kànfǎ),今天我们主要谈一下这个项目的进展。,Jīntiān wǒmen zhǔyào tán yíxià zhège xiàngmù de jìnzhǎn.,امروز عمدتاً دربارهٔ روند پیشرفت این پروژه صحبت می‌کنیم.,
708,趟,tàng,HSK 4,量,1,用于计算往返、出行或办事的次数（量）,بار؛ نوبت سفر یا رفت‌وآمد (واحد شمارش),量,واحد شمارش,去一趟 (qù yí tàng) | 跑一趟 (pǎo yí tàng) | 白跑一趟 (bái pǎo yí tàng),我明天得去一趟银行。,Wǒ míngtiān děi qù yí tàng yínháng.,من فردا باید یک بار به بانک بروم.,
708,趟,tāng,HSK 4,动,2,从浅水、泥地或草丛中走过去（及物动）,از میان آب کم‌عمق یا گل گذشتن (فعل گذرا),及物动,فعل گذرا,趟水 (tāng shuǐ) | 趟过小河 (tāngguò xiǎohé) | 趟着泥走 (tāngzhe ní zǒu),我们脱下鞋，趟过了那条小河。,"Wǒmen tuōxia xié, tāngguò le nà tiáo xiǎohé.",کفش‌هایمان را درآوردیم و از میان آب رودخانهٔ کوچک گذشتیم.,
709,躺,tǎng,HSK 4,动,1,身体平卧或斜靠在床、地面等处（不及物动）,دراز کشیدن؛ خوابیدن (فعل ناگذر),不及物动,فعل ناگذر,躺在床上 (tǎng zài chuáng shàng) | 躺下休息 (tǎngxià xiūxi) | 平躺着 (píngtǎngzhe),他太累了，一回家就躺在了沙发上。,"Tā tài lèi le, yì huí jiā jiù tǎng zài le shāfā shàng.",او خیلی خسته بود و به‌محض رسیدن به خانه روی مبل دراز کشید.,
710,汤,tāng,HSK 4,名,1,以水煮肉、蔬菜等制成的液体食物，也指食物煮出的汁水（名）,سوپ؛ آبِ خوراک (اسم),名,اسم,喝汤 (hē tāng) | 煮汤 (zhǔ tāng) | 一碗汤 (yì wǎn tāng),妈妈煮了一锅热汤。,Māma zhǔ le yì guō rè tāng.,مامان یک قابلمه سوپ داغ پخت.,
710,汤,Tāng,HSK 4,名,2,姓氏（专名）,نام خانوادگی تانگ (اسم خاص),专名,اسم خاص,姓汤 (xìng Tāng) | 汤老师 (Tāng lǎoshī) | 汤先生 (Tāng xiānsheng),我们的新老师姓汤。,Wǒmen de xīn lǎoshī xìng Tāng.,نام خانوادگی معلم جدیدمان تانگ است.,
711,讨论,tǎolùn,HSK 4,动,1,就某个问题互相交换意见或进行研究（及物动）,بحث کردن؛ بررسی کردن (فعل گذرا),及物动,فعل گذرا,讨论问题 (tǎolùn wèntí) | 认真讨论 (rènzhēn tǎolùn) | 一起讨论 (yìqǐ tǎolùn),我们需要讨论一下具体的解决办法。,Wǒmen xūyào tǎolùn yíxià jùtǐ de jiějué bànfǎ.,باید دربارهٔ راه‌حل مشخص آن بحث کنیم.,
712,讨厌,tǎoyàn,HSK 4,动/形,1,对某人或某事感到厌烦、反感或不喜欢（及物动）,متنفر بودن؛ بد آمدن از؛ دوست نداشتن (فعل گذرا),及物动,فعل گذرا,讨厌下雨 (tǎoyàn xiàyǔ) | 最讨厌他 (zuì tǎoyàn tā) | 讨厌别人撒谎 (tǎoyàn biérén sāhuǎng),我最讨厌别人对我撒谎。,Wǒ zuì tǎoyàn biérén duì wǒ sāhuǎng.,بیشتر از هر چیز از این بدم می‌آید که دیگران به من دروغ بگویند.,
712,讨厌,tǎoyàn,HSK 4,动/形,2,令人厌烦、反感或感到麻烦、不愉快（形）,آزاردهنده؛ اعصاب‌خردکن؛ دردسرساز (صفت),形,صفت,真讨厌 (zhēn tǎoyàn) | 讨厌的人 (tǎoyàn de rén) | 讨厌的问题 (tǎoyàn de wèntí),楼上每天晚上都很吵，真讨厌。,"Lóushàng měitiān wǎnshang dōu hěn chǎo, zhēn tǎoyàn.",طبقهٔ بالا هر شب خیلی سروصدا می‌کند؛ واقعاً اعصاب‌خردکن است.,
713,特点,tèdiǎn,HSK 4,名,1,人或事物所具有的独特之处（名）,ویژگی؛ خصوصیت (اسم),名,اسم,主要特点 (zhǔyào tèdiǎn) | 最大的特点 (zuì dà de tèdiǎn) | 具有特点 (jùyǒu tèdiǎn),这款手机最大的特点是电池耐用。,Zhè kuǎn shǒujī zuì dà de tèdiǎn shì diànchí nàiyòng.,مهم‌ترین ویژگی این گوشی دوام بالای باتری آن است.,
714,提,tí,HSK 4,动,1,手向下垂着拿有把手、绳子等的东西（及物动）,به دست گرفتن و حمل کردن (فعل گذرا),及物动,فعل گذرا,提箱子 (tí xiāngzi) | 提着袋子 (tízhe dàizi) | 手里提着 (shǒu li tízhe),她手里提着两个购物袋。,Tā shǒu li tízhe liǎng ge gòuwùdài.,او دو کیسهٔ خرید در دست داشت.,
714,提,tí,HSK 4,动,2,使物体从下方向上移动（及物动）,بالا کشیدن؛ بالا آوردن (فعل گذرا),及物动,فعل گذرا,提一桶水 (tí yì tǒng shuǐ) | 往上提 (wǎng shàng tí) | 提到桌上 (tí dào zhuō shàng),他从井里提上来一桶水。,Tā cóng jǐng li tí shànglai yì tǒng shuǐ.,او یک سطل آب از چاه بالا کشید.,
714,提,tí,HSK 4,动,3,提出问题、意见、要求等，让别人考虑或处理（及物动）,مطرح کردن؛ ارائه دادن (فعل گذرا),及物动,فعل گذرا,提问题 (tí wèntí) | 提意见 (tí yìjiàn) | 提要求 (tí yāoqiú),你可以随时向老师提问题。,Nǐ kěyǐ suíshí xiàng lǎoshī tí wèntí.,هر وقت خواستی می‌توانی از معلم سؤال بپرسی.,
714,提,tí,HSK 4,动,4,说到或谈起某个人或某件事（及物动）,اشاره کردن به؛ نام بردن از؛ به میان آوردن (فعل گذرا),及物动,فعل گذرا,提这件事 (tí zhè jiàn shì) | 从来没提过 (cónglái méi tíguo) | 别再提了 (bié zài tí le),他在信里没有提这件事。,Tā zài xìn li méiyǒu tí zhè jiàn shì.,او در نامه به این موضوع اشاره نکرد.,
714,提,tí,HSK 4,动,5,从银行、仓库或账户等处领取钱、货物等（及物动）,برداشت کردن؛ تحویل گرفتن (فعل گذرا),及物动,فعل گذرا,提一笔钱 (tí yì bǐ qián) | 从账户里提钱 (cóng zhànghù li tí qián) | 把货提走 (bǎ huò tí zǒu),他从公积金账户里提了一笔钱。,Tā cóng gōngjījīn zhànghù li tí le yì bǐ qián.,او مبلغی از حساب صندوق مسکن خود برداشت کرد.,
714,提,tí,HSK 4,动,6,使价格、工资、职位等提高（及物动）,بالا بردن؛ افزایش دادن؛ ارتقا دادن (فعل گذرا),及物动,فعل گذرا,提工资 (tí gōngzī) | 把价格往上提 (bǎ jiàgé wǎng shàng tí) | 提为经理 (tíwéi jīnglǐ),公司决定给所有员工提工资。,Gōngsī juédìng gěi suǒyǒu yuángōng tí gōngzī.,شرکت تصمیم گرفت حقوق همهٔ کارکنان را افزایش دهد.,
715,填写,tiánxiě,HSK 4,动,1,按照要求在表格、文件等的空白处写上文字或数字（及物动）,پر کردن؛ نوشتن اطلاعات (فعل گذرا),及物动,فعل گذرا,填写表格 (tiánxiě biǎogé) | 填写姓名 (tiánxiě xìngmíng) | 如实填写 (rúshí tiánxiě),请用中文填写这份申请表。,Qǐng yòng Zhōngwén tiánxiě zhè fèn shēnqǐngbiǎo.,لطفاً این فرم درخواست را به زبان چینی پر کنید.,
716,条件,tiáojiàn,HSK 4,名,1,事情发生、成立或得以进行所需的要求，也指一方要求另一方接受的事项（名）,شرط؛ پیش‌شرط (اسم),名,اسم,符合条件 (fúhé tiáojiàn) | 提出条件 (tíchū tiáojiàn) | 接受条件 (jiēshòu tiáojiàn),只有符合这些条件，才能申请这个职位。,"Zhǐyǒu fúhé zhèxiē tiáojiàn, cái néng shēnqǐng zhège zhíwèi.",فقط در صورت داشتن این شرایط می‌توان برای این موقعیت شغلی درخواست داد.,
716,条件,tiáojiàn,HSK 4,名,2,影响生活、工作或事物发展的客观情况或物质基础（名）,شرایط؛ امکانات (اسم),名,اسم,生活条件 (shēnghuó tiáojiàn) | 工作条件 (gōngzuò tiáojiàn) | 自然条件 (zìrán tiáojiàn),这里的工作条件比以前好多了。,Zhèlǐ de gōngzuò tiáojiàn bǐ yǐqián hǎo duō le.,شرایط کاری اینجا خیلی بهتر از گذشته شده است.,
717,提出,tíchū,HSK 4,动,1,把意见、问题、要求、建议等说出来，供人考虑或处理（及物动）,مطرح کردن؛ پیشنهاد دادن (فعل گذرا),及物动,فعل گذرا,提出问题 (tíchū wèntí) | 提出建议 (tíchū jiànyì) | 提出要求 (tíchū yāoqiú),专家提出了一个新的解决方案。,Zhuānjiā tíchū le yí ge xīn de jiějué fāng'àn.,کارشناس راه‌حل جدیدی پیشنهاد داد.,
717,提出,tíchū,HSK 4,动,2,正式表示希望终止或改变某种关系、安排等（及物动）,رسماً درخواست کردن؛ خواستار شدن (فعل گذرا),及物动,فعل گذرا,提出辞职 (tíchū cízhí) | 提出离婚 (tíchū líhūn) | 提出抗议 (tíchū kàngyì),他昨天正式提出了辞职。,Tā zuótiān zhèngshì tíchū le cízhí.,او دیروز رسماً درخواست استعفا داد.,
718,提到,tídào,HSK 4,动,1,在说话或文章中说起某人或某事（及物动）,اشاره کردن به؛ نام بردن از (فعل گذرا),及物动,فعل گذرا,提到这个问题 (tídào zhège wèntí) | 多次提到 (duō cì tídào) | 从未提到 (cóngwèi tídào),他在报告中多次提到这个问题。,Tā zài bàogào zhōng duō cì tídào zhège wèntí.,او در گزارش چند بار به این موضوع اشاره کرد.,
719,提供,tígōng,HSK 4,动,1,把资料、信息、物品、服务或机会等交给有需要的人使用（及物动）,فراهم کردن؛ ارائه دادن (فعل گذرا),及物动,فعل گذرا,提供帮助 (tígōng bāngzhù) | 提供信息 (tígōng xìnxī) | 免费提供 (miǎnfèi tígōng),酒店为客人免费提供早餐。,Jiǔdiàn wèi kèrén miǎnfèi tígōng zǎocān.,هتل صبحانه را رایگان در اختیار مهمانان قرار می‌دهد.,
720,体检,tǐjiǎn,HSK 4,动/名,1,进行身体检查；也指对身体进行的医学检查（动/名）,معاینهٔ پزشکی؛ معاینه شدن (اسم/فعل),动/名,اسم/فعل,参加体检 (cānjiā tǐjiǎn) | 定期体检 (dìngqī tǐjiǎn) | 体检结果 (tǐjiǎn jiéguǒ),公司每年都安排员工体检。,Gōngsī měinián dōu ānpái yuángōng tǐjiǎn.,شرکت هر سال برای کارکنان معاینهٔ پزشکی ترتیب می‌دهد.,
721,停,tíng,HSK 4,动,1,人或事物停止移动、运行或继续发生（不及物动）,ایستادن؛ متوقف شدن؛ قطع شدن (فعل ناگذر),不及物动,فعل ناگذر,车停了 (chē tíng le) | 雨停了 (yǔ tíng le) | 笑声停了 (xiàoshēng tíng le),公交车在下一站停了。,Gōngjiāochē zài xià yí zhàn tíng le.,اتوبوس در ایستگاه بعدی توقف کرد.,
721,停,tíng,HSK 4,动,2,使人或事物停止移动、运行、活动或使用（及物动）,متوقف کردن؛ قطع کردن (فعل گذرا),及物动,فعل گذرا,停一下车 (tíng yíxià chē) | 把机器停了 (bǎ jīqì tíng le) | 把药停几天 (bǎ yào tíng jǐ tiān),医生让他把这种药停几天。,Yīshēng ràng tā bǎ zhè zhǒng yào tíng jǐ tiān.,پزشک به او گفت مصرف این دارو را چند روز قطع کند.,
721,停,tíng,HSK 4,动,3,在某个地方短时间留下或停留（不及物动）,مدتی توقف یا اقامت کردن (فعل ناگذر),不及物动,فعل ناگذر,在上海停两天 (zài Shànghǎi tíng liǎng tiān) | 中途停一晚 (zhōngtú tíng yì wǎn) | 只停了一会儿 (zhǐ tíng le yíhuìr),我们途中在一个小镇停了一晚。,Wǒmen túzhōng zài yí ge xiǎozhèn tíng le yì wǎn.,در راه، یک شب در شهر کوچکی توقف کردیم.,
722,停车,tíngchē,HSK 4,动,1,车辆停止行驶，通常在某处暂时停留（不及物动）,توقف کردنِ وسیلهٔ نقلیه (فعل ناگذر),不及物动,فعل ناگذر,下一站停车 (xià yí zhàn tíngchē) | 停车十分钟 (tíngchē shí fēnzhōng) | 列车停车 (lièchē tíngchē),列车将在下一站停车十分钟。,Lièchē jiāng zài xià yí zhàn tíngchē shí fēnzhōng.,قطار در ایستگاه بعدی ده دقیقه توقف خواهد کرد.,
722,停车,tíngchē,HSK 4,动,2,把车辆停放在某个地方（不及物动）,پارک کردن (فعل ناگذر),不及物动,فعل ناگذر,禁止停车 (jìnzhǐ tíngchē) | 路边停车 (lùbiān tíngchē) | 免费停车 (miǎnfèi tíngchē),这里不允许停车。,Zhèlǐ bù yǔnxǔ tíngchē.,پارک کردن در اینجا مجاز نیست.,
722,停车,tíngchē,HSK 4,动,3,机器停止运转（不及物动，工业）,از کار ایستادنِ دستگاه (فعل ناگذر، صنعتی),不及物动，工业,فعل ناگذر، صنعتی,机器停车 (jīqì tíngchē) | 设备停车 (shèbèi tíngchē) | 停车检修 (tíngchē jiǎnxiū),机器突然停车了，技术人员正在检查原因。,"Jīqì tūrán tíngchē le, jìshù rényuán zhèngzài jiǎnchá yuányīn.",دستگاه ناگهان از کار ایستاد و متخصصان فنی در حال بررسی علت آن هستند.,
723,停车场,tíngchēchǎng,HSK 4,名,1,专门供车辆停放的场所（名）,پارکینگ (اسم),名,اسم,地下停车场 (dìxià tíngchēchǎng) | 公共停车场 (gōnggòng tíngchēchǎng) | 停车场入口 (tíngchēchǎng rùkǒu),商场下面有一个很大的停车场。,Shāngchǎng xiàmian yǒu yí ge hěn dà de tíngchēchǎng.,زیر مرکز خرید یک پارکینگ بزرگ وجود دارد.,
724,听力,tīnglì,HSK 4,名,1,听到并分辨声音的能力（名）,قدرت شنوایی (اسم),名,اسم,听力正常 (tīnglì zhèngcháng) | 听力下降 (tīnglì xiàjiàng) | 检查听力 (jiǎnchá tīnglì),长期处在噪声中可能会影响听力。,Chángqī chǔ zài zàoshēng zhōng kěnéng huì yǐngxiǎng tīnglì.,قرار گرفتن طولانی‌مدت در محیط پرسر‌وصدا ممکن است به شنوایی آسیب بزند.,
724,听力,tīnglì,HSK 4,名,2,学习语言时听懂所听内容的能力，也指相关的练习或考试部分（名）,مهارت شنیداری؛ بخش شنیداری (اسم),名,اسم,练习听力 (liànxí tīnglì) | 听力考试 (tīnglì kǎoshì) | 提高听力 (tígāo tīnglì),我每天听中文广播来提高听力。,Wǒ měitiān tīng Zhōngwén guǎngbō lái tígāo tīnglì.,من هر روز برای تقویت مهارت شنیداری‌ام به رادیوی چینی گوش می‌دهم.,
725,停止,tíngzhǐ,HSK 4,动,1,活动、运行或变化等不再继续（不及物动）,متوقف شدن؛ پایان یافتن (فعل ناگذر),不及物动,فعل ناگذر,呼吸停止 (hūxī tíngzhǐ) | 心跳停止 (xīntiào tíngzhǐ) | 运行停止 (yùnxíng tíngzhǐ),几分钟后，机器完全停止了。,"Jǐ fēnzhōng hòu, jīqì wánquán tíngzhǐ le.",چند دقیقه بعد دستگاه کاملاً متوقف شد.,
725,停止,tíngzhǐ,HSK 4,动,2,使正在进行的活动、行为或使用等不再继续（及物动）,متوقف کردن؛ دست کشیدن از (فعل گذرا),及物动,فعل گذرا,停止工作 (tíngzhǐ gōngzuò) | 停止使用 (tíngzhǐ shǐyòng) | 停止讨论 (tíngzhǐ tǎolùn),请立即停止使用这个设备。,Qǐng lìjí tíngzhǐ shǐyòng zhège shèbèi.,لطفاً فوراً استفاده از این دستگاه را متوقف کنید.,
726,听众,tīngzhòng,HSK 4,名,1,听演讲、广播、音乐等的人（名）,شنونده؛ مخاطب (اسم),名,اسم,现场听众 (xiànchǎng tīngzhòng) | 广播听众 (guǎngbō tīngzhòng) | 吸引听众 (xīyǐn tīngzhòng),他的演讲赢得了听众的掌声。,Tā de yǎnjiǎng yíngdé le tīngzhòng de zhǎngshēng.,سخنرانی او با تشویق شنوندگان روبه‌رو شد.,
727,提前,tíqián,HSK 4,动/副,1,把预定的时间移到更早的时候（及物动）,جلو انداختن (فعل گذرا),及物动,فعل گذرا,提前日期 (tíqián rìqī) | 提前到周五 (tíqián dào Zhōuwǔ) | 提前一个小时 (tíqián yí ge xiǎoshí),我们把会议提前到了星期五。,Wǒmen bǎ huìyì tíqián dào le Xīngqīwǔ.,جلسه را به جمعه جلو انداختیم.,
727,提前,tíqián,HSK 4,动/副,2,在预定时间之前（副）,زودتر؛ از قبل (قید),副,قید,提前到达 (tíqián dàodá) | 提前准备 (tíqián zhǔnbèi) | 提前通知 (tíqián tōngzhī),请提前十分钟到达。,Qǐng tíqián shí fēnzhōng dàodá.,لطفاً ده دقیقه زودتر برسید.,
728,体温,tǐwēn,HSK 4,名,1,人或动物身体内部的温度（名）,دمای بدن (اسم),名,اسم,测量体温 (cèliáng tǐwēn) | 体温正常 (tǐwēn zhèngcháng) | 体温升高 (tǐwēn shēnggāo),护士给孩子量了体温。,Hùshi gěi háizi liáng le tǐwēn.,پرستار دمای بدن کودک را اندازه گرفت.,
729,提醒,tíxǐng,HSK 4,动,1,使人记起、注意或警觉某件事（及物动）,یادآوری کردن؛ هشدار دادن (فعل گذرا),及物动,فعل گذرا,提醒一下 (tíxǐng yíxià) | 及时提醒 (jíshí tíxǐng) | 提醒大家注意 (tíxǐng dàjiā zhùyì),请提醒我明天给医生打电话。,Qǐng tíxǐng wǒ míngtiān gěi yīshēng dǎ diànhuà.,لطفاً یادم بینداز فردا به پزشک تلفن کنم.,
730,体重,tǐzhòng,HSK 4,名,1,身体的重量（名）,وزن بدن (اسم),名,اسم,测量体重 (cèliáng tǐzhòng) | 体重增加 (tǐzhòng zēngjiā) | 控制体重 (kòngzhì tǐzhòng),怀孕期间，她的体重增加了十公斤。,"Huáiyùn qījiān, tā de tǐzhòng zēngjiā le shí gōngjīn.",وزن او در دوران بارداری ده کیلوگرم افزایش یافت.,
731,痛,tòng,HSK 4,形,1,身体某个部位有疼痛的感觉（形）,دردناک؛ درد داشتن (صفت),形,صفت,肚子痛 (dùzi tòng) | 痛得厉害 (tòng de lìhai) | 又酸又痛 (yòu suān yòu tòng),我的背从昨天开始一直很痛。,Wǒ de bèi cóng zuótiān kāishǐ yìzhí hěn tòng.,کمرم از دیروز تا حالا مدام درد می‌کند.,
731,痛,tòng,HSK 4,形,2,内心感到非常难过或悲伤（形）,دل‌آزرده؛ اندوهگین (صفت),形,صفت,心里很痛 (xīnli hěn tòng) | 痛在心里 (tòng zài xīnli) | 又气又痛 (yòu qì yòu tòng),看到家人受苦，她心里很痛。,"Kàndào jiārén shòukǔ, tā xīnli hěn tòng.",دیدن رنج خانواده‌اش او را عمیقاً اندوهگین می‌کرد.,
732,桶,tǒng,HSK 4,名/量,1,圆筒形、通常有提梁或盖子、用来盛放液体等的容器（名）,سطل؛ بشکه (اسم),名,اسم,塑料桶 (sùliào tǒng) | 空桶 (kōng tǒng) | 一个桶 (yí ge tǒng),门口放着一个蓝色的塑料桶。,Ménkǒu fàngzhe yí ge lánsè de sùliào tǒng.,کنار در یک سطل پلاستیکی آبی قرار دارد.,
732,桶,tǒng,HSK 4,名/量,2,用于计算装在桶里的东西（量）,سطل؛ بشکه (واحد شمارش),量,واحد شمارش,一桶水 (yì tǒng shuǐ) | 两桶油 (liǎng tǒng yóu) | 半桶米 (bàn tǒng mǐ),他从井里打来了一桶水。,Tā cóng jǐng li dǎlái le yì tǒng shuǐ.,او یک سطل آب از چاه آورد.,
733,通,tōng,HSK 4,动/形/量,1,没有阻碍，可以穿过或正常流动（形/不及物动）,باز؛ بدون گرفتگی؛ قابل عبور (صفت/فعل ناگذر),形/不及物动,صفت/فعل ناگذر,路通了 (lù tōng le) | 水管不通 (shuǐguǎn bù tōng) | 鼻子通了 (bízi tōng le),这条路已经通了，可以正常行驶。,"Zhè tiáo lù yǐjīng tōng le, kěyǐ zhèngcháng xíngshǐ.",این جاده باز شده و رفت‌وآمد در آن امکان‌پذیر است.,
733,通,tōng,HSK 4,动/形/量,2,与另一个地方相连或能够到达某处（不及物动）,راه داشتن؛ منتهی شدن (فعل ناگذر),不及物动,فعل ناگذر,通后院 (tōng hòuyuàn) | 通北京 (tōng Běijīng) | 一直通到山顶 (yìzhí tōng dào shāndǐng),这扇门通后院。,Zhè shàn mén tōng hòuyuàn.,این در به حیاط پشتی راه دارد.,
733,通,tōng,HSK 4,动/形/量,3,与对方联系，尤指打电话（及物动）,ارتباط برقرار کردن؛ تماس گرفتن (فعل گذرا),及物动,فعل گذرا,通电话 (tōng diànhuà) | 通个电话 (tōng ge diànhuà) | 通了一次电话 (tōng le yí cì diànhuà),我昨天和家里通了电话。,Wǒ zuótiān hé jiālǐ tōng le diànhuà.,دیروز با خانواده‌ام تلفنی صحبت کردم.,
733,通,tōng,HSK 4,动/形/量,4,懂得或熟悉某方面的知识、技能或语言（及物动）,دانستن؛ مسلط بودن به (فعل گذرا),及物动,فعل گذرا,通外语 (tōng wàiyǔ) | 通三门语言 (tōng sān mén yǔyán) | 样样都通 (yàngyàng dōu tōng),他既通中文，也通英文。,"Tā jì tōng Zhōngwén, yě tōng Yīngwén.",او هم به زبان چینی و هم به زبان انگلیسی مسلط است.,
733,通,tōng,HSK 4,动/形/量,5,用于计算电话或连续进行的一段话、批评等（量）,بار؛ نوبت (واحد شمارش),量,واحد شمارش,一通电话 (yì tōng diànhuà) | 说了一通 (shuō le yì tōng) | 批评一通 (pīpíng yì tōng),他给我打了一通电话。,Tā gěi wǒ dǎ le yì tōng diànhuà.,او یک بار با من تماس تلفنی گرفت.,
734,通过,tōngguò,HSK 4,动/介,1,从某个地方、区域或通道穿过（及物动）,عبور کردن از (فعل گذرا),及物动,فعل گذرا,通过隧道 (tōngguò suìdào) | 通过海关 (tōngguò hǎiguān) | 顺利通过 (shùnlì tōngguò),火车正在通过一条很长的隧道。,Huǒchē zhèngzài tōngguò yì tiáo hěn cháng de suìdào.,قطار در حال عبور از یک تونل بسیار طولانی است.,
734,通过,tōngguò,HSK 4,动/介,2,以某人、某事或某种方式作为手段或途径（介）,از طریق؛ به‌وسیلهٔ (حرف اضافه),介,حرف اضافه,通过朋友介绍 (tōngguò péngyou jièshào) | 通过网络 (tōngguò wǎngluò) | 通过努力 (tōngguò nǔlì),我们通过网络认识了彼此。,Wǒmen tōngguò wǎngluò rènshi le bǐcǐ.,ما از طریق اینترنت با یکدیگر آشنا شدیم.,
734,通过,tōngguò,HSK 4,动/介,3,达到规定的标准，获得合格或认可（及物动）,قبول شدن در؛ با موفقیت گذراندن (فعل گذرا),及物动,فعل گذرا,通过考试 (tōngguò kǎoshì) | 通过检查 (tōngguò jiǎnchá) | 通过面试 (tōngguò miànshì),她顺利通过了驾驶考试。,Tā shùnlì tōngguò le jiàshǐ kǎoshì.,او آزمون رانندگی را با موفقیت گذراند.,
734,通过,tōngguò,HSK 4,动/介,4,对议案、计划或申请等表示同意或批准（及物动）,تصویب کردن؛ تأیید کردن (فعل گذرا),及物动,فعل گذرا,通过决议 (tōngguò juéyì) | 通过申请 (tōngguò shēnqǐng) | 一致通过 (yízhì tōngguò),董事会通过了这项新计划。,Dǒngshìhuì tōngguò le zhè xiàng xīn jìhuà.,هیئت‌مدیره این طرح جدید را تصویب کرد.,
735,童年,tóngnián,HSK 4,名,1,儿童时期（名）,دوران کودکی (اسم),名,اسم,童年生活 (tóngnián shēnghuó) | 童年时代 (tóngnián shídài) | 美好的童年 (měihǎo de tóngnián),她在一个小山村度过了童年。,Tā zài yí ge xiǎo shāncūn dùguò le tóngnián.,او دوران کودکی‌اش را در روستایی کوچک و کوهستانی گذراند.,
736,同时,tóngshí,HSK 4,副/连,1,在同一时间（副）,هم‌زمان (قید),副,قید,同时发生 (tóngshí fāshēng) | 同时进行 (tóngshí jìnxíng) | 同时到达 (tóngshí dàodá),两个会议不能同时进行。,Liǎng ge huìyì bù néng tóngshí jìnxíng.,این دو جلسه نمی‌توانند هم‌زمان برگزار شوند.,
736,同时,tóngshí,HSK 4,副/连,2,连接并列的情况，表示在某一点之外还有另一点（连）,در عین حال؛ همچنین (حرف ربط),连,حرف ربط,同时也要 (tóngshí yě yào) | 同时表示 (tóngshí biǎoshì) | 同时需要 (tóngshí xūyào),这份工作很有意思，同时也很有挑战性。,"Zhè fèn gōngzuò hěn yǒuyìsi, tóngshí yě hěn yǒu tiǎozhànxìng.",این کار جالب و در عین حال بسیار چالش‌برانگیز است.,
737,同样,tóngyàng,HSK 4,形/副,1,相同，没有差别或差别不大（形）,یکسان؛ مشابه (صفت),形,صفت,同样的方法 (tóngyàng de fāngfǎ) | 同样的价格 (tóngyàng de jiàgé) | 同样大小 (tóngyàng dàxiǎo),我们买了同样的手机。,Wǒmen mǎi le tóngyàng de shǒujī.,ما گوشی‌های یکسانی خریدیم.,
737,同样,tóngyàng,HSK 4,形/副,2,表示某种情况对不同的人或事物也成立（副）,به همان شکل؛ به همان اندازه (قید),副,قید,同样重要 (tóngyàng zhòngyào) | 同样适用 (tóngyàng shìyòng) | 同样可以 (tóngyàng kěyǐ),这个规定对所有人同样适用。,Zhège guīdìng duì suǒyǒu rén tóngyàng shìyòng.,این قانون برای همه به یک شکل اجرا می‌شود.,
738,通知,tōngzhī,HSK 4,动/名,1,把某件事正式或明确地告诉有关的人（及物动）,اطلاع دادن؛ باخبر کردن (فعل گذرا),及物动,فعل گذرا,及时通知 (jíshí tōngzhī) | 通知家长 (tōngzhī jiāzhǎng) | 提前通知 (tíqián tōngzhī),有任何变化，我们会及时通知你。,"Yǒu rènhé biànhuà, wǒmen huì jíshí tōngzhī nǐ.",اگر تغییری پیش بیاید، به‌موقع به تو اطلاع می‌دهیم.,
738,通知,tōngzhī,HSK 4,动/名,2,告知有关事项的口头或书面信息（名）,اطلاعیه؛ اعلان (اسم),名,اسم,书面通知 (shūmiàn tōngzhī) | 收到通知 (shōudào tōngzhī) | 发布通知 (fābù tōngzhī),我还没有收到面试通知。,Wǒ hái méiyǒu shōudào miànshì tōngzhī.,هنوز اطلاعیهٔ مصاحبه را دریافت نکرده‌ام.,
739,头痛,tóutòng,HSK 4,名/形,1,头部疼痛的症状或感觉（名/形）,سردرد؛ سردرد داشتن (اسم/صفت),名/形,اسم/صفت,感到头痛 (gǎndào tóutòng) | 头痛得厉害 (tóutòng de lìhai) | 引起头痛 (yǐnqǐ tóutòng),我从早上开始就有点头痛。,Wǒ cóng zǎoshang kāishǐ jiù yǒudiǎn tóutòng.,از صبح کمی سردرد دارم.,
739,头痛,tóutòng,HSK 4,形,2,因事情麻烦或难以处理而感到烦恼、为难（形）,دردسرساز؛ کلافه‌کننده (صفت),形,صفت,让人头痛 (ràng rén tóutòng) | 感到头痛 (gǎndào tóutòng) | 最头痛的问题 (zuì tóutòng de wèntí),孩子不肯吃饭的问题让她很头痛。,Háizi bù kěn chīfàn de wèntí ràng tā hěn tóutòng.,غذا نخوردن بچه او را حسابی کلافه کرده است.,
740,图,tú,HSK 4,名/动,1,用线条、颜色等画成或制作的形象、示意或资料（名）,تصویر؛ شکل؛ نمودار (اسم),名,اسم,看图 (kàn tú) | 一张图 (yì zhāng tú) | 如图所示 (rú tú suǒshì),这张图清楚地说明了机器的结构。,Zhè zhāng tú qīngchu de shuōmíng le jīqì de jiégòu.,این شکل ساختار دستگاه را به‌وضوح نشان می‌دهد.,
740,图,tú,HSK 4,名/动,2,希望得到某种利益、便利或结果（及物动）,در پیِ چیزی بودن؛ خواستن (فعل گذرا),及物动,فعل گذرا,图方便 (tú fāngbiàn) | 图省事 (tú shěngshì) | 不图回报 (bù tú huíbào),他帮助别人从来不图回报。,Tā bāngzhù biérén cónglái bù tú huíbào.,او هیچ‌وقت برای کمک به دیگران چشم‌داشت پاداش ندارد.,
741,土,tǔ,HSK 4,名/形,1,覆盖在地面上、能使植物生长的疏松物质（名）,خاک (اسم),名,اسم,挖土 (wā tǔ) | 一堆土 (yì duī tǔ) | 埋在土里 (mái zài tǔ li),孩子们正在院子里挖土。,Háizimen zhèngzài yuànzi li wā tǔ.,بچه‌ها در حیاط مشغول کندن خاک هستند.,
741,土,tǔ,HSK 4,名/形,2,本地的、民间的或用传统方法制作的（形）,محلی؛ سنتی (صفت),形,صفت,土办法 (tǔ bànfǎ) | 土产品 (tǔ chǎnpǐn) | 土专家 (tǔ zhuānjiā),这个土办法虽然简单，却很有效。,"Zhège tǔ bànfǎ suīrán jiǎndān, què hěn yǒuxiào.",این روش سنتی با اینکه ساده است، بسیار مؤثر است.,
741,土,tǔ,HSK 4,名/形,3,不时髦、不洋气或显得俗气（形，口语）,دمده؛ بی‌کلاس (صفت، محاوره‌ای),形，口语,صفت، محاوره‌ای,穿得很土 (chuān de hěn tǔ) | 样子太土 (yàngzi tài tǔ) | 看起来有点土 (kànqilai yǒudiǎn tǔ),这件衣服的颜色看起来有点土。,Zhè jiàn yīfu de yánsè kànqilai yǒudiǎn tǔ.,رنگ این لباس کمی دمده به نظر می‌رسد.,
741,土,tǔ,HSK 4,名/形,4,中国传统五行之一，代表土地和大地的属性（名）,عنصر خاک در پنج عنصر چینی (اسم),名,اسم,五行属土 (wǔxíng shǔ tǔ) | 金木水火土 (jīn-mù-shuǐ-huǒ-tǔ) | 土的属性 (tǔ de shǔxìng),在五行中，土位于中央。,"Zài wǔxíng zhōng, tǔ wèiyú zhōngyāng.",در نظریهٔ پنج عنصر، خاک در مرکز قرار دارد.,
742,推,tuī,HSK 4,动,1,用手或工具向外用力，使物体移动（及物动）,هل دادن (فعل گذرا),及物动,فعل گذرا,推门 (tuī mén) | 推车 (tuī chē) | 向前推 (xiàng qián tuī),他用力把门推开了。,Tā yònglì bǎ mén tuīkāi le.,او در را با قدرت هل داد و باز کرد.,
742,推,tuī,HSK 4,动,2,把预定的时间向后移动（及物动）,عقب انداختن (فعل گذرا),及物动,فعل گذرا,往后推 (wǎng hòu tuī) | 推到下周 (tuī dào xià zhōu) | 推两天 (tuī liǎng tiān),我们把会议往后推了两天。,Wǒmen bǎ huìyì wǎng hòu tuī le liǎng tiān.,جلسه را دو روز عقب انداختیم.,
742,推,tuī,HSK 4,动,3,推举或推荐某人担任某种职务（及物动）,انتخاب کردن؛ پیشنهاد کردن (فعل گذرا),及物动,فعل گذرا,推他当代表 (tuī tā dāng dàibiǎo) | 推为组长 (tuīwéi zǔzhǎng) | 大家一致推选 (dàjiā yízhì tuīxuǎn),大家都推他当班长。,Dàjiā dōu tuī tā dāng bānzhǎng.,همه او را برای نمایندگی کلاس انتخاب کردند.,
742,推,tuī,HSK 4,动,4,把责任、工作等转给别人承担（及物动）,به گردن دیگری انداختن؛ واگذار کردن (فعل گذرا),及物动,فعل گذرا,推给别人 (tuī gěi biérén) | 把责任往外推 (bǎ zérèn wǎng wài tuī) | 推到他身上 (tuī dào tā shēnshang),别把责任都推给别人。,Bié bǎ zérèn dōu tuī gěi biérén.,همهٔ مسئولیت را به گردن دیگران نینداز.,
743,推迟,tuīchí,HSK 4,动,1,把预定的时间向后延；也指事情比原定时间晚发生（动）,به تعویق انداختن؛ به تعویق افتادن (فعل),动,فعل,推迟会议 (tuīchí huìyì) | 推迟两天 (tuīchí liǎng tiān) | 推迟到下周 (tuīchí dào xià zhōu),因为天气不好，比赛推迟到了下周。,"Yīnwèi tiānqì bù hǎo, bǐsài tuīchí dào le xià zhōu.",مسابقه به‌دلیل نامساعد بودن هوا به هفتهٔ آینده موکول شد.,
744,推出,tuīchū,HSK 4,动,1,向公众介绍或正式提供新产品、服务、作品、政策等（及物动）,عرضه کردن؛ معرفی کردن (فعل گذرا),及物动,فعل گذرا,推出新产品 (tuīchū xīn chǎnpǐn) | 正式推出 (zhèngshì tuīchū) | 面向市场推出 (miànxiàng shìchǎng tuīchū),公司明年将推出一款新手机。,Gōngsī míngnián jiāng tuīchū yì kuǎn xīn shǒujī.,شرکت سال آینده یک گوشی جدید عرضه خواهد کرد.,
745,脱,tuō,HSK 4,动,1,把穿戴在身体上的衣物、鞋帽等取下来（及物动）,درآوردن (فعل گذرا),及物动,فعل گذرا,脱衣服 (tuō yīfu) | 脱鞋 (tuō xié) | 脱下外套 (tuōxia wàitào),进屋以后请先脱鞋。,Jìn wū yǐhòu qǐng xiān tuō xié.,لطفاً پس از وارد شدن به خانه ابتدا کفش‌هایتان را دربیاورید.,
745,脱,tuō,HSK 4,动,2,毛发、表皮、油漆等从原来附着的地方落下（不及物动）,ریختن؛ کنده شدن (فعل ناگذر),不及物动,فعل ناگذر,头发脱光了 (tóufa tuōguāng le) | 漆脱了 (qī tuō le) | 脱了一层皮 (tuō le yì céng pí),这把旧椅子上的漆都脱了。,Zhè bǎ jiù yǐzi shàng de qī dōu tuō le.,رنگ این صندلی قدیمی کاملاً ریخته است.,
745,脱,tuō,HSK 4,动,3,写作、抄写或印刷时漏掉文字（及物动，书面）,از قلم انداختن؛ جا انداختن (فعل گذرا، نوشتاری),及物动，书面,فعل گذرا، نوشتاری,脱了一个字 (tuō le yí ge zì) | 脱了整整一行 (tuō le zhěngzhěng yì háng) | 中间脱了几个字 (zhōngjiān tuō le jǐ ge zì),这句话中间脱了两个字。,Zhè jù huà zhōngjiān tuō le liǎng ge zì.,در وسط این جمله دو نویسه جا افتاده است.,
746,图片,túpiàn,HSK 4,名,1,照片、图画或以图像形式呈现的资料（名）,تصویر؛ عکس (اسم),名,اسم,上传图片 (shàngchuán túpiàn) | 查看图片 (chákàn túpiàn) | 一张图片 (yì zhāng túpiàn),请点击图片查看原图。,Qǐng diǎnjī túpiàn chákàn yuántú.,برای دیدن تصویر اصلی، روی عکس کلیک کنید.,
747,外出,wàichū,HSK 4,动,1,离开住处或工作地点到外面去（不及物动）,بیرون رفتن (فعل ناگذر),不及物动,فعل ناگذر,独自外出 (dúzì wàichū) | 外出办事 (wàichū bànshì) | 很少外出 (hěn shǎo wàichū),下雨天我不太想外出。,Xiàyǔtiān wǒ bú tài xiǎng wàichū.,روزهای بارانی زیاد دلم نمی‌خواهد بیرون بروم.,
748,外套,wàitào,HSK 4,名,1,穿在其他衣服外面的上衣（名）,کت؛ کاپشن؛ لباس رویی (اسم),名,اسم,穿上外套 (chuānshang wàitào) | 脱下外套 (tuōxia wàitào) | 一件厚外套 (yí jiàn hòu wàitào),外面很冷，别忘了穿外套。,"Wàimian hěn lěng, bié wàng le chuān wàitào.",بیرون خیلی سرد است؛ یادت نرود کتت را بپوشی.,
749,晚安,wǎn'ān,HSK 4,叹,1,晚上分别或睡觉前表示祝愿的话（叹）,شب‌به‌خیر (حرف ندا),叹,حرف ندا,说晚安 (shuō wǎn'ān) | 道声晚安 (dào shēng wǎn'ān) | 跟大家说晚安 (gēn dàjiā shuō wǎn'ān),时间不早了，晚安，明天见。,"Shíjiān bù zǎo le, wǎn'ān, míngtiān jiàn.",دیر وقت است؛ شب‌به‌خیر، فردا می‌بینمت.,
750,晚餐,wǎncān,HSK 4,名,1,晚上吃的一顿饭（名）,شام (اسم),名,اسم,吃晚餐 (chī wǎncān) | 准备晚餐 (zhǔnbèi wǎncān) | 丰盛的晚餐 (fēngshèng de wǎncān),我们今晚一起吃晚餐吧。,Wǒmen jīnwǎn yìqǐ chī wǎncān ba.,بیا امشب با هم شام بخوریم.,
751,网购,wǎnggòu,HSK 4,动/名,1,通过互联网购买商品或服务；也指这种购物方式（动/名）,خرید اینترنتی؛ اینترنتی خرید کردن (اسم/فعل),动/名,اسم/فعل,经常网购 (jīngcháng wǎnggòu) | 网购商品 (wǎnggòu shāngpǐn) | 网购平台 (wǎnggòu píngtái),我习惯在网上比较价格后再网购。,Wǒ xíguàn zài wǎngshàng bǐjiào jiàgé hòu zài wǎnggòu.,من عادت دارم ابتدا قیمت‌ها را در اینترنت مقایسه کنم و بعد خرید کنم.,
752,往往,wǎngwǎng,HSK 4,副,1,表示某种情况在一定条件下经常或反复出现（副）,اغلب؛ معمولاً (قید),副,قید,往往如此 (wǎngwǎng rúcǐ) | 往往容易 (wǎngwǎng róngyì) | 往往会发生 (wǎngwǎng huì fāshēng),人在紧张的时候往往容易犯错。,Rén zài jǐnzhāng de shíhou wǎngwǎng róngyì fàncuò.,آدم‌ها معمولاً وقتی مضطرب‌اند، راحت‌تر اشتباه می‌کنند.,
753,网页,wǎngyè,HSK 4,名,1,网站中可以通过浏览器查看的页面（名）,صفحهٔ وب (اسم),名,اسم,打开网页 (dǎkāi wǎngyè) | 浏览网页 (liúlǎn wǎngyè) | 网页设计 (wǎngyè shèjì),这个网页在手机上打开得很慢。,Zhège wǎngyè zài shǒujī shàng dǎkāi de hěn màn.,این صفحهٔ وب در گوشی خیلی آهسته باز می‌شود.,
754,网友,wǎngyǒu,HSK 4,名,1,通过互联网认识并交往的朋友（名）,دوست اینترنتی (اسم),名,اسم,认识网友 (rènshi wǎngyǒu) | 和网友聊天 (hé wǎngyǒu liáotiān) | 约网友见面 (yuē wǎngyǒu jiànmiàn),她和这位网友已经认识五年了。,Tā hé zhè wèi wǎngyǒu yǐjīng rènshi wǔ nián le.,او پنج سال است که این دوست اینترنتی را می‌شناسد.,
754,网友,wǎngyǒu,HSK 4,名,2,互联网用户，尤指在网上发表意见或参与交流的人（名）,کاربر اینترنت؛ کاربران فضای مجازی (اسم),名,اسم,广大网友 (guǎngdà wǎngyǒu) | 引起网友关注 (yǐnqǐ wǎngyǒu guānzhù) | 网友评论 (wǎngyǒu pínglùn),这段视频引起了很多网友的关注。,Zhè duàn shìpín yǐnqǐ le hěn duō wǎngyǒu de guānzhù.,این ویدئو توجه بسیاری از کاربران اینترنت را جلب کرد.,
755,网址,wǎngzhǐ,HSK 4,名,1,网页或网站在互联网上的地址（名）,نشانی اینترنتی؛ آدرس وب (اسم),名,اسم,输入网址 (shūrù wǎngzhǐ) | 访问网址 (fǎngwèn wǎngzhǐ) | 正确的网址 (zhèngquè de wǎngzhǐ),请把公司的网址发给我。,Qǐng bǎ gōngsī de wǎngzhǐ fā gěi wǒ.,لطفاً آدرس وب‌سایت شرکت را برایم بفرست.,
756,完全,wánquán,HSK 4,形/副,1,表示程度达到全部，没有任何例外或保留（副）,کاملاً؛ به‌طور کامل (قید),副,قید,完全同意 (wánquán tóngyì) | 完全不同 (wánquán bùtóng) | 完全理解 (wánquán lǐjiě),我完全理解你的感受。,Wǒ wánquán lǐjiě nǐ de gǎnshòu.,احساس تو را کاملاً درک می‌کنم.,
757,袜子,wàzi,HSK 4,名,1,穿在脚上、通常包住脚和部分小腿的衣物（名）,جوراب (اسم),名,اسم,穿袜子 (chuān wàzi) | 脱袜子 (tuō wàzi) | 一双袜子 (yì shuāng wàzi),这双袜子有点儿小。,Zhè shuāng wàzi yǒudiǎnr xiǎo.,این جفت جوراب کمی کوچک است.,
758,味,wèi,HSK 4,名/量,1,舌头尝到的感觉，也指食物所具有的滋味（名）,مزه؛ طعم (اسم),名,اسم,尝不出味 (chángbuchū wèi) | 有点甜味 (yǒudiǎn tiánwèi) | 没什么味 (méi shénme wèi),这个汤盐放少了，没什么味。,"Zhège tāng yán fàng shǎo le, méi shénme wèi.",نمک این سوپ کم است و چندان مزه‌ای ندارد.,
758,味,wèi,HSK 4,名/量,2,鼻子闻到的气味（名）,بو (اسم),名,اسم,一股怪味 (yì gǔ guàiwèi) | 闻到焦味 (wéndào jiāowèi) | 屋里有味 (wūli yǒu wèi),厨房里有一股烧焦的味。,Chúfáng li yǒu yì gǔ shāojiāo de wèi.,در آشپزخانه بوی سوختگی می‌آید.,
758,味,wèi,HSK 4,名/量,3,用于计算中药或配入食物、药物中的材料（量）,قلم؛ نوع (واحد شمارش دارو یا مواد),量,واحد شمارش دارو یا مواد,一味药 (yí wèi yào) | 几味中药 (jǐ wèi zhōngyào) | 加一味材料 (jiā yí wèi cáiliào),这副药里一共有八味中药。,Zhè fù yào li yígòng yǒu bā wèi zhōngyào.,این نسخه در مجموع شامل هشت نوع داروی چینی است.,
759,味道,wèidào,HSK 4,名,1,舌头尝到的滋味（名）,مزه؛ طعم (اسم),名,اسم,味道不错 (wèidào búcuò) | 味道很淡 (wèidào hěn dàn) | 尝尝味道 (chángchang wèidào),这道菜的味道有点儿辣。,Zhè dào cài de wèidào yǒudiǎnr là.,مزهٔ این غذا کمی تند است.,
759,味道,wèidào,HSK 4,名,2,鼻子闻到的气味（名）,بو (اسم),名,اسم,奇怪的味道 (qíguài de wèidào) | 闻到味道 (wéndào wèidào) | 难闻的味道 (nánwén de wèidào),房间里有一股奇怪的味道。,Fángjiān li yǒu yì gǔ qíguài de wèidào.,در اتاق بوی عجیبی می‌آید.,
759,味道,wèidào,HSK 4,名,3,事物给人的特殊感受、情趣或意味（名）,حال‌وهوا؛ گیرایی؛ مفهوم ضمنی (اسم),名,اسم,很有味道 (hěn yǒu wèidào) | 生活的味道 (shēnghuó de wèidào) | 熟悉的味道 (shúxī de wèidào),这条老街很有传统文化的味道。,Zhè tiáo lǎojiē hěn yǒu chuántǒng wénhuà de wèidào.,این خیابان قدیمی حال‌وهوای پررنگی از فرهنگ سنتی دارد.,
760,卫生,wèishēng,HSK 4,名/形,1,为保护健康而保持环境和身体清洁的要求或状况（名）,بهداشت؛ پاکیزگی (اسم),名,اسم,注意卫生 (zhùyì wèishēng) | 保持卫生 (bǎochí wèishēng) | 环境卫生 (huánjìng wèishēng),饭前洗手有助于保持卫生。,Fàn qián xǐshǒu yǒuzhùyú bǎochí wèishēng.,شستن دست‌ها پیش از غذا به رعایت بهداشت کمک می‌کند.,
760,卫生,wèishēng,HSK 4,名/形,2,干净并且符合保护健康的要求（形）,تمیز؛ بهداشتی (صفت),形,صفت,很不卫生 (hěn bù wèishēng) | 吃得卫生 (chī de wèishēng) | 卫生的餐具 (wèishēng de cānjù),这家餐馆的厨房看起来很卫生。,Zhè jiā cānguǎn de chúfáng kànqilai hěn wèishēng.,آشپزخانهٔ این رستوران بسیار تمیز و بهداشتی به نظر می‌رسد.,
761,危险,wēixiǎn,HSK 4,名/形,1,可能造成伤害、损失或失败的情况（名）,خطر (اسم),名,اسم,遇到危险 (yùdào wēixiǎn) | 脱离危险 (tuōlí wēixiǎn) | 生命危险 (shēngmìng wēixiǎn),伤者已经脱离了生命危险。,Shāngzhě yǐjīng tuōlí le shēngmìng wēixiǎn.,فرد مصدوم دیگر در معرض خطر جانی نیست.,
761,危险,wēixiǎn,HSK 4,名/形,2,可能造成伤害、损失或失败的（形）,خطرناک (صفت),形,صفت,非常危险 (fēicháng wēixiǎn) | 危险动作 (wēixiǎn dòngzuò) | 处境危险 (chǔjìng wēixiǎn),一个人晚上走这条路很危险。,Yí ge rén wǎnshang zǒu zhè tiáo lù hěn wēixiǎn.,شب‌ها تنها رفتن از این مسیر بسیار خطرناک است.,
762,闻,wén,HSK 4,动,1,用鼻子感觉气味（及物动）,بو کردن؛ بو را حس کردن (فعل گذرا),及物动,فعل گذرا,闻一下 (wén yíxià) | 闻到香味 (wéndào xiāngwèi) | 闻闻气味 (wénwen qìwèi),我一进门就闻到了饭菜的香味。,Wǒ yí jìn mén jiù wéndào le fàncài de xiāngwèi.,به‌محض ورود، بوی خوش غذا را حس کردم.,
762,闻,wén,HSK 4,动,2,听到或得知消息（及物动，书面）,شنیدن؛ باخبر شدن از (فعل گذرا، نوشتاری),及物动，书面,فعل گذرا، نوشتاری,闻此消息 (wén cǐ xiāoxi) | 闻声而来 (wén shēng ér lái) | 闻之大喜 (wén zhī dàxǐ),他闻此消息后立即赶了回来。,Tā wén cǐ xiāoxi hòu lìjí gǎn le huílai.,او پس از شنیدن این خبر فوراً بازگشت.,
762,闻,Wén,HSK 4,动,3,姓氏（专名）,نام خانوادگی وِن (اسم خاص),专名,اسم خاص,姓闻 (xìng Wén) | 闻老师 (Wén lǎoshī) | 闻先生 (Wén xiānsheng),负责这门课的老师姓闻。,Fùzé zhè mén kè de lǎoshī xìng Wén.,نام خانوادگی معلم این درس وِن است.,
763,温度,wēndù,HSK 4,名,1,表示物体冷热程度的量（名）,دما (اسم),名,اسم,测量温度 (cèliáng wēndù) | 温度升高 (wēndù shēnggāo) | 室内温度 (shìnèi wēndù),今天白天的最高温度是三十度。,Jīntiān báitiān de zuìgāo wēndù shì sānshí dù.,بالاترین دمای امروز در طول روز سی درجه است.,
763,温度,wēndù,HSK 4,名,2,比喻给人的温暖、亲切或富有人情味的感受（名）,گرما؛ صمیمیت (اسم),名,اسم,有温度的文字 (yǒu wēndù de wénzì) | 缺少温度 (quēshǎo wēndù) | 服务有温度 (fúwù yǒu wēndù),她的文字简单，却很有温度。,"Tā de wénzì jiǎndān, què hěn yǒu wēndù.",نوشته‌های او ساده اما بسیار گرم و صمیمی‌اند.,
764,文件,wénjiàn,HSK 4,名,1,机关、组织或个人形成的正式书面材料，也泛指书面资料（名）,سند؛ مدرک؛ پرونده (اسم),名,اسم,重要文件 (zhòngyào wénjiàn) | 签署文件 (qiānshǔ wénjiàn) | 提交文件 (tíjiāo wénjiàn),请在今天下班前提交所有文件。,Qǐng zài jīntiān xiàbān qián tíjiāo suǒyǒu wénjiàn.,لطفاً همهٔ مدارک را تا پایان ساعت کاری امروز تحویل دهید.,
764,文件,wénjiàn,HSK 4,名,2,储存在电脑或其他电子设备中的一组数据（名）,فایل (اسم),名,اسم,打开文件 (dǎkāi wénjiàn) | 保存文件 (bǎocún wénjiàn) | 删除文件 (shānchú wénjiàn),我不小心删除了一个重要文件。,Wǒ bù xiǎoxīn shānchú le yí ge zhòngyào wénjiàn.,من اشتباهی یک فایل مهم را حذف کردم.,
765,文章,wénzhāng,HSK 4,名,1,表达思想、观点或叙述事情的成篇文字（名）,مقاله؛ نوشته (اسم),名,اسم,写文章 (xiě wénzhāng) | 发表文章 (fābiǎo wénzhāng) | 一篇文章 (yì piān wénzhāng),她在杂志上发表了一篇文章。,Tā zài zázhì shàng fābiǎo le yì piān wénzhāng.,او مقاله‌ای در یک مجله منتشر کرد.,
765,文章,wénzhāng,HSK 4,名,2,比喻事情中暗含的意思、复杂情况或真实目的（名，比喻）,ماجرای پنهان؛ پشت پرده (اسم، مجازی),名，比喻,اسم، مجازی,里面有文章 (lǐmiàn yǒu wénzhāng) | 大有文章 (dàyǒu wénzhāng) | 另有文章 (lìng yǒu wénzhāng),他突然改变主意，这里面恐怕有文章。,"Tā tūrán gǎibiàn zhǔyi, zhè lǐmian kǒngpà yǒu wénzhāng.",او ناگهان نظرش را عوض کرد؛ احتمالاً ماجرایی پشت پرده است.,
766,文字,wénzì,HSK 4,名,1,记录语言的书写符号及其系统（名）,خط؛ نویسه‌های نوشتاری (اسم),名,اسم,古代文字 (gǔdài wénzì) | 文字系统 (wénzì xìtǒng) | 创造文字 (chuàngzào wénzì),汉字是一种历史悠久的文字。,Hànzì shì yì zhǒng lìshǐ yōujiǔ de wénzì.,نویسه‌های چینی نظام نوشتاری بسیار کهنی هستند.,
766,文字,wénzì,HSK 4,名,2,写下来或印出来的词句、内容或表达（名）,متن؛ نوشته (اسم),名,اسم,一段文字 (yí duàn wénzì) | 文字简洁 (wénzì jiǎnjié) | 编辑文字 (biānjí wénzì),请仔细阅读图片下面的文字。,Qǐng zǐxì yuèdú túpiàn xiàmian de wénzì.,لطفاً متن زیر تصویر را با دقت بخوانید.,
767,无,wú,HSK 4,动/名,1,没有，表示不存在或不具有，多用于书面语（动，书面）,نداشتن؛ نبودن (فعل، نوشتاری),动，书面,فعل، نوشتاری,手中无钱 (shǒuzhōng wú qián) | 无人知道 (wú rén zhīdào) | 无任何理由 (wú rènhé lǐyóu),目前无证据表明他与此事有关。,Mùqián wú zhèngjù biǎomíng tā yǔ cǐ shì yǒuguān.,در حال حاضر هیچ مدرکی دال بر ارتباط او با این ماجرا وجود ندارد.,
767,无,wú,HSK 4,动/名,2,不存在、空无的状态，与“有”相对（名，书面）,نیستی؛ نبود (اسم، نوشتاری),名，书面,اسم، نوشتاری,从无到有 (cóng wú dào yǒu) | 由无变有 (yóu wú biàn yǒu) | 化有为无 (huà yǒu wéi wú),这个项目经历了从无到有的过程。,Zhège xiàngmù jīnglì le cóng wú dào yǒu de guòchéng.,این پروژه فرایند شکل‌گیری از نیستی به هستی را پشت سر گذاشت.,
768,午餐,wǔcān,HSK 4,名,1,中午吃的一顿饭（名）,ناهار (اسم),名,اسم,吃午餐 (chī wǔcān) | 准备午餐 (zhǔnbèi wǔcān) | 免费午餐 (miǎnfèi wǔcān),会议结束后，我们一起去吃午餐。,"Huìyì jiéshù hòu, wǒmen yìqǐ qù chī wǔcān.",پس از پایان جلسه با هم برای خوردن ناهار رفتیم.,
769,无法,wúfǎ,HSK 4,动,1,没有办法做到某事；不能（能愿动）,نتوانستن؛ امکان نداشتن (فعل کمکی),能愿动,فعل کمکی,无法完成 (wúfǎ wánchéng) | 无法接受 (wúfǎ jiēshòu) | 无法确定 (wúfǎ quèdìng),由于信息不足，我们目前无法作出判断。,"Yóuyú xìnxī bùzú, wǒmen mùqián wúfǎ zuòchū pànduàn.",به‌دلیل کمبود اطلاعات، فعلاً نمی‌توانیم قضاوت کنیم.,
770,误会,wùhuì,HSK 4,动/名,1,错误地理解别人的意思或某件事情（及物动）,اشتباه برداشت کردن؛ بد فهمیدن (فعل گذرا),及物动,فعل گذرا,误会别人 (wùhuì biérén) | 别误会我 (bié wùhuì wǒ) | 容易误会 (róngyì wùhuì),你误会我的意思了。,Nǐ wùhuì wǒ de yìsi le.,منظورم را اشتباه فهمیدی.,
770,误会,wùhuì,HSK 4,动/名,2,因错误理解而产生的矛盾或不愉快（名）,سوءتفاهم (اسم),名,اسم,产生误会 (chǎnshēng wùhuì) | 消除误会 (xiāochú wùhuì) | 一场误会 (yì chǎng wùhuì),我们把话说清楚以后，误会就消除了。,"Wǒmen bǎ huà shuō qīngchu yǐhòu, wùhuì jiù xiāochú le.",پس از اینکه موضوع را روشن کردیم، سوءتفاهم برطرف شد.,
771,无聊,wúliáo,HSK 4,形,1,因没有感兴趣的事情可做而感到没意思（形）,بی‌حوصله؛ کسل (صفت),形,صفت,感到无聊 (gǎndào wúliáo) | 闲得无聊 (xián de wúliáo) | 一个人很无聊 (yí ge rén hěn wúliáo),周末一个人在家，我觉得很无聊。,"Zhōumò yí ge rén zài jiā, wǒ juéde hěn wúliáo.",آخر هفته تنها در خانه بودم و خیلی حوصله‌ام سر رفت.,
771,无聊,wúliáo,HSK 4,形,2,不能引起兴趣，或没有意义、价值（形）,حوصله‌سربر؛ بیهوده (صفت),形,صفت,无聊的电影 (wúliáo de diànyǐng) | 无聊的话题 (wúliáo de huàtí) | 真够无聊 (zhēn gòu wúliáo),我不想参加这种无聊的争论。,Wǒ bù xiǎng cānjiā zhè zhǒng wúliáo de zhēnglùn.,نمی‌خواهم در چنین بحث بیهوده‌ای شرکت کنم.,
772,无论,wúlùn,HSK 4,连,1,表示在任何条件或情况下结果都不变，常与“都”“也”等呼应（连）,مهم نیست؛ فارغ از اینکه (حرف ربط),连,حرف ربط,无论如何 (wúlùn rúhé) | 无论是谁 (wúlùn shì shéi) | 无论发生什么 (wúlùn fāshēng shénme),无论遇到什么困难，我们都不会放弃。,"Wúlùn yùdào shénme kùnnan, wǒmen dōu bú huì fàngqì.",هر مشکلی هم که پیش بیاید، تسلیم نمی‌شویم.,
773,污染,wūrǎn,HSK 4,动/名,1,使环境、物体或食物等受到有害物质的影响而变脏或有害（及物动）,آلوده کردن (فعل گذرا),及物动,فعل گذرا,污染空气 (wūrǎn kōngqì) | 污染水源 (wūrǎn shuǐyuán) | 严重污染环境 (yánzhòng wūrǎn huánjìng),工厂排出的废水污染了附近的河流。,Gōngchǎng páichū de fèishuǐ wūrǎn le fùjìn de héliú.,پساب کارخانه رودخانه‌های اطراف را آلوده کرده است.,
773,污染,wūrǎn,HSK 4,动/名,2,环境、物体等受到有害物质影响的现象或状况（名）,آلودگی (اسم),名,اسم,空气污染 (kōngqì wūrǎn) | 环境污染 (huánjìng wūrǎn) | 减少污染 (jiǎnshǎo wūrǎn),这个城市的空气污染比较严重。,Zhège chéngshì de kōngqì wūrǎn bǐjiào yánzhòng.,آلودگی هوای این شهر نسبتاً شدید است.,
774,细,xì,HSK 4,形,1,横向距离小，直径、宽度或条状物的粗度小（形）,باریک؛ نازک (صفت),形,صفت,细绳子 (xì shéngzi) | 又长又细 (yòu cháng yòu xì) | 细腰 (xì yāo),她用一根细绳子把盒子绑了起来。,Tā yòng yì gēn xì shéngzi bǎ hézi bǎng le qǐlai.,او جعبه را با یک نخ باریک بست.,
774,细,xì,HSK 4,形,2,颗粒小、质地精细或空隙小（形）,ریز؛ نرم (صفت),形,صفت,细沙 (xì shā) | 磨得很细 (mó de hěn xì) | 又细又软 (yòu xì yòu ruǎn),请把这些咖啡豆磨细一点。,Qǐng bǎ zhèxiē kāfēidòu mó xì yìdiǎn.,لطفاً این دانه‌های قهوه را کمی ریزتر آسیاب کنید.,
774,细,xì,HSK 4,形,3,做事周密，或对内容说明得详细、具体（形）,دقیق؛ جزئی (صفت),形,صفت,想得很细 (xiǎng de hěn xì) | 讲得很细 (jiǎng de hěn xì) | 工作做得细 (gōngzuò zuò de xì),老师把每一个步骤都讲得很细。,Lǎoshī bǎ měi yí ge bùzhòu dōu jiǎng de hěn xì.,معلم هر مرحله را با جزئیات توضیح داد.,
774,细,xì,HSK 4,形,4,声音轻、尖或不粗厚（形）,نازک؛ ظریف (صفت، برای صدا),形,صفت، برای صدا,声音很细 (shēngyīn hěn xì) | 又轻又细 (yòu qīng yòu xì) | 嗓音细 (sǎngyīn xì),她的声音很细，我差点没听清。,"Tā de shēngyīn hěn xì, wǒ chàdiǎn méi tīngqīng.",صدای او خیلی نازک بود و نزدیک بود درست نشنوم.,
775,吸,xī,HSK 4,动,1,通过嘴或鼻子把气体、液体等吸入体内（及物动）,به داخل بدن کشیدن؛ مکیدن (فعل گذرا),及物动,فعل گذرا,吸一口气 (xī yì kǒu qì) | 用吸管吸 (yòng xīguǎn xī) | 吸进肺里 (xī jìn fèi li),他深深地吸了一口气。,Tā shēnshēn de xī le yì kǒu qì.,او نفس عمیقی کشید.,
775,吸,xī,HSK 4,动,2,把液体、气体或其他物质吸入物体内部（及物动）,جذب کردن (فعل گذرا),及物动,فعل گذرا,海绵吸水 (hǎimián xī shuǐ) | 纸很吸水 (zhǐ hěn xīshuǐ) | 把油吸干 (bǎ yóu xīgān),这种纸很容易吸水。,Zhè zhǒng zhǐ hěn róngyì xī shuǐ.,این نوع کاغذ آب را به‌راحتی جذب می‌کند.,
775,吸,xī,HSK 4,动,3,利用吸力或磁力使物体靠近或附着（及物动）,با نیروی مکش یا مغناطیس جذب کردن (فعل گذرا),及物动,فعل گذرا,磁铁吸铁片 (cítiě xī tiěpiàn) | 牢牢吸住 (láoláo xīzhù) | 把两块吸在一起 (bǎ liǎng kuài xī zài yìqǐ),磁铁把这几个小铁片吸住了。,Cítiě bǎ zhè jǐ ge xiǎo tiěpiàn xīzhù le.,آهن‌ربا این چند قطعهٔ کوچک آهنی را جذب کرد.,
776,下降,xiàjiàng,HSK 4,动,1,从高处向低处移动，或数量、程度、水平等降低（不及物动）,پایین آمدن؛ کاهش یافتن (فعل ناگذر),不及物动,فعل ناگذر,温度下降 (wēndù xiàjiàng) | 价格下降 (jiàgé xiàjiàng) | 迅速下降 (xùnsù xiàjiàng),今天晚上的温度会明显下降。,Jīntiān wǎnshang de wēndù huì míngxiǎn xiàjiàng.,دمای هوا امشب به‌طور محسوسی کاهش می‌یابد.,
777,咸,xián,HSK 4,形,1,含盐较多或具有盐的味道（形）,شور (صفت),形,صفت,太咸了 (tài xián le) | 又香又咸 (yòu xiāng yòu xián) | 味道偏咸 (wèidào piān xián),这个汤有点儿咸。,Zhège tāng yǒudiǎnr xián.,این سوپ کمی شور است.,
778,鲜,xiān,HSK 4,形,1,食物等新鲜、没有变质（形）,تازه (صفت),形,صفت,鱼很鲜 (yú hěn xiān) | 还很鲜 (hái hěn xiān) | 已经不鲜了 (yǐjīng bù xiān le),这些虾是今天早上送来的，很鲜。,"Zhèxiē xiā shì jīntiān zǎoshang sònglái de, hěn xiān.",این میگوها امروز صبح رسیده‌اند و بسیار تازه‌اند.,
778,鲜,xiān,HSK 4,形,2,食物味道鲜美，具有明显的鲜味（形）,خوش‌طعم؛ دارای طعم اومامی (صفت),形,صفت,味道很鲜 (wèidào hěn xiān) | 汤特别鲜 (tāng tèbié xiān) | 又鲜又香 (yòu xiān yòu xiāng),用这种蘑菇煮的汤特别鲜。,Yòng zhè zhǒng mógu zhǔ de tāng tèbié xiān.,سوپی که با این نوع قارچ پخته می‌شود، طعم بسیار خوبی دارد.,
778,鲜,xiān,HSK 4,形,3,颜色明亮、鲜艳（形）,زنده؛ درخشان (صفت، برای رنگ),形,صفت، برای رنگ,颜色很鲜 (yánsè hěn xiān) | 颜色太鲜 (yánsè tài xiān) | 红得很鲜 (hóng de hěn xiān),这件衣服的颜色太鲜了。,Zhè jiàn yīfu de yánsè tài xiān le.,رنگ این لباس بیش از حد تند و درخشان است.,
778,鲜,xiǎn,HSK 4,副,4,很少；不常，多用于书面语（副，书面）,به‌ندرت؛ بسیار کم (قید، نوشتاری),副，书面,قید، نوشتاری,鲜有人来 (xiǎn yǒu rén lái) | 鲜有机会 (xiǎn yǒu jīhuì) | 鲜有发生 (xiǎn yǒu fāshēng),这种情况在现实中鲜有发生。,Zhè zhǒng qíngkuàng zài xiànshí zhōng xiǎn yǒu fāshēng.,چنین وضعیتی در واقعیت به‌ندرت پیش می‌آید.,
779,项,xiàng,HSK 4,名/量,1,按一定类别划分出来的事物或内容（名）,مورد؛ بخش (اسم),名,اسم,最后一项 (zuìhòu yí xiàng) | 其中一项 (qízhōng yí xiàng) | 完成每一项 (wánchéng měi yí xiàng),这是今天检查的最后一项。,Zhè shì jīntiān jiǎnchá de zuìhòu yí xiàng.,این آخرین مورد از بررسی امروز است.,
779,项,xiàng,HSK 4,名/量,2,用于计算分项目的事物（量）,مورد (واحد شمارش),量,واحد شمارش,一项任务 (yí xiàng rènwu) | 两项规定 (liǎng xiàng guīdìng) | 三项服务 (sān xiàng fúwù),公司今年推出了三项新服务。,Gōngsī jīnnián tuīchū le sān xiàng xīn fúwù.,شرکت امسال سه خدمت جدید عرضه کرده است.,
779,项,Xiàng,HSK 4,名/量,3,姓氏（专名）,نام خانوادگی شیانگ (اسم خاص),专名,اسم خاص,姓项 (xìng Xiàng) | 项老师 (Xiàng lǎoshī) | 项先生 (Xiàng xiānsheng),中国古代名将项羽姓项。,Zhōngguó gǔdài míngjiàng Xiàng Yǔ xìng Xiàng.,نام خانوادگی شیانگ یو، سردار مشهور چین باستان، شیانگ بود.,
780,响,xiǎng,HSK 4,动/形/名,1,物体或装置发出声音（不及物动）,صدا دادن؛ به صدا درآمدن (فعل ناگذر),不及物动,فعل ناگذر,门铃响了 (ménlíng xiǎng le) | 电话一直响 (diànhuà yìzhí xiǎng) | 突然响起 (tūrán xiǎngqǐ),电话响了好几次，他都没有接。,"Diànhuà xiǎng le hǎo jǐ cì, tā dōu méiyǒu jiē.",تلفن چند بار زنگ خورد، اما او جواب نداد.,
780,响,xiǎng,HSK 4,动/形/名,2,声音大，容易被听见（形）,بلند؛ رسا (صفت، برای صدا),形,صفت، برای صدا,声音很响 (shēngyīn hěn xiǎng) | 声音太响 (shēngyīn tài xiǎng) | 又清楚又响 (yòu qīngchu yòu xiǎng),电视声音太响了，请调小一点。,"Diànshì shēngyīn tài xiǎng le, qǐng tiáo xiǎo yìdiǎn.",صدای تلویزیون خیلی بلند است؛ لطفاً کمی آن را کم کن.,
780,响,xiǎng,HSK 4,动/形/名,3,发出的声音，多用于口语（名，口语）,صدا (اسم، محاوره‌ای),名，口语,اسم، محاوره‌ای,一声响 (yì shēng xiǎng) | 听见响儿 (tīngjiàn xiǎngr) | 没有一点响儿 (méiyǒu yìdiǎn xiǎngr),我刚才听见外面砰的一声响。,Wǒ gāngcái tīngjiàn wàimian pēng de yì shēng xiǎng.,همین چند لحظه پیش صدای مهیبی از بیرون شنیدم.,
781,香,xiāng,HSK 4,形/名,1,气味好闻（形）,خوش‌بو (صفت),形,صفت,闻起来很香 (wénqilai hěn xiāng) | 又香又甜 (yòu xiāng yòu tián) | 花很香 (huā hěn xiāng),这种花晚上特别香。,Zhè zhǒng huā wǎnshang tèbié xiāng.,این نوع گل شب‌ها بسیار خوش‌بو است.,
781,香,xiāng,HSK 4,形/名,2,食物味道好，能引起食欲（形）,خوش‌مزه؛ اشتهاآور (صفت),形,صفت,饭菜很香 (fàncài hěn xiāng) | 做得真香 (zuò de zhēn xiāng) | 又香又脆 (yòu xiāng yòu cuì),刚烤好的面包真香。,Gāng kǎohǎo de miànbāo zhēn xiāng.,نان تازه‌پخته واقعاً خوش‌مزه و اشتهاآور است.,
781,香,xiāng,HSK 4,形/名,3,吃得有胃口或睡得安稳、舒服（形）,با اشتها؛ راحت و عمیق (صفت),形,صفت,吃得香 (chī de xiāng) | 睡得香 (shuì de xiāng) | 睡得特别香 (shuì de tèbié xiāng) |吃饭不香（Chīfàn bù xiāng）,孩子昨晚睡得很香。,Háizi zuówǎn shuì de hěn xiāng.,بچه دیشب خیلی راحت و عمیق خوابید.,
781,香,xiāng,HSK 4,形/名,4,点燃后散发香气、常用于祭祀或礼佛的制品（名）,عود؛ بخور (اسم),名,اسم,烧香 (shāo xiāng) | 点一炷香 (diǎn yí zhù xiāng) | 香烧完了 (xiāng shāowán le),她在庙里点了一炷香。,Tā zài miào li diǎn le yí zhù xiāng.,او در معبد یک عود روشن کرد.,
782,相比,xiāngbǐ,HSK 4,动,1,把两个人或事物放在一起比较，常用于“与……相比”或“相比之下”（动）,مقایسه کردن؛ در مقایسه با (فعل),动,فعل,与去年相比 (yǔ qùnián xiāngbǐ) | 两者相比 (liǎngzhě xiāngbǐ) | 相比之下 (xiāngbǐ zhīxià),与去年相比，今年的销售额增长了很多。,"Yǔ qùnián xiāngbǐ, jīnnián de xiāoshòu'é zēngzhǎng le hěn duō.",در مقایسه با سال گذشته، فروش امسال بسیار افزایش یافته است.,
783,想法,xiǎngfǎ,HSK 4,名,1,对某件事形成的意见、看法或主意（名）,نظر؛ فکر؛ ایده (اسم),名,اسم,表达想法 (biǎodá xiǎngfǎ) | 一个好想法 (yí ge hǎo xiǎngfǎ) | 改变想法 (gǎibiàn xiǎngfǎ),关于这个问题，我有一个不同的想法。,"Guānyú zhège wèntí, wǒ yǒu yí ge bùtóng de xiǎngfǎ.",دربارهٔ این موضوع نظر متفاوتی دارم.,
783,想法,xiǎngfǎ,HSK 4,名,2,想做某件事的意愿或打算（名）,قصد؛ تصمیم (اسم),名,اسم,有这个想法 (yǒu zhège xiǎngfǎ) | 放弃想法 (fàngqì xiǎngfǎ) | 结婚的想法 (jiéhūn de xiǎngfǎ),他一直有自己开公司的想法。,Tā yìzhí yǒu zìjǐ kāi gōngsī de xiǎngfǎ.,او مدت‌هاست قصد دارد شرکت خودش را راه‌اندازی کند.,
784,相反,xiāngfǎn,HSK 4,形/副,1,彼此对立或完全不同；也用于引出与前面所说相对的情况（形/副）,متضاد؛ برعکس (صفت/قید),形/副,صفت/قید,方向相反 (fāngxiàng xiāngfǎn) | 正好相反 (zhènghǎo xiāngfǎn) | 与此相反 (yǔ cǐ xiāngfǎn),我以为他会反对，结果正好相反，他非常支持。,"Wǒ yǐwéi tā huì fǎnduì, jiéguǒ zhènghǎo xiāngfǎn, tā fēicháng zhīchí.",فکر می‌کردم مخالفت کند، اما درست برعکس، بسیار موافق بود.,
785,相互,xiānghù,HSK 4,副,1,表示双方或多方彼此采取同样或有关联的行为（副）,متقابلاً؛ یکدیگر را (قید),副,قید,相互帮助 (xiānghù bāngzhù) | 相互理解 (xiānghù lǐjiě) | 相互影响 (xiānghù yǐngxiǎng),家人之间应该相互理解和支持。,Jiārén zhījiān yīnggāi xiānghù lǐjiě hé zhīchí.,اعضای خانواده باید یکدیگر را درک و حمایت کنند.,
786,相同,xiāngtóng,HSK 4,形,1,彼此没有区别或基本没有差别（形）,یکسان؛ مشابه (صفت),形,صفت,完全相同 (wánquán xiāngtóng) | 基本相同 (jīběn xiāngtóng) | 与原来相同 (yǔ yuánlái xiāngtóng),这两台电脑的配置完全相同。,Zhè liǎng tái diànnǎo de pèizhì wánquán xiāngtóng.,مشخصات این دو رایانه کاملاً یکسان است.,
787,详细,xiángxì,HSK 4,形,1,内容全面、具体，细节充分（形）,مفصل؛ باجزئیات (صفت),形,صفت,详细说明 (xiángxì shuōmíng) | 内容详细 (nèiróng xiángxì) | 了解得很详细 (liǎojiě de hěn xiángxì),请详细说明事情发生的经过。,Qǐng xiángxì shuōmíng shìqing fāshēng de jīngguò.,لطفاً چگونگی وقوع ماجرا را با جزئیات توضیح دهید.,
788,鲜花,xiānhuā,HSK 4,名,1,新鲜的、通常用于观赏或赠送的花朵（名）,گل تازه (اسم),名,اسم,一束鲜花 (yí shù xiānhuā) | 送鲜花 (sòng xiānhuā) | 摆满鲜花 (bǎimǎn xiānhuā),他送给母亲一束鲜花。,Tā sòng gěi mǔqīn yí shù xiānhuā.,او یک دسته‌گل تازه به مادرش هدیه داد.,
789,现金,xiànjīn,HSK 4,名,1,可以直接使用的纸币和硬币，也指可立即支配的货币资金（名）,پول نقد؛ وجه نقد (اسم),名,اسم,支付现金 (zhīfù xiànjīn) | 提取现金 (tíqǔ xiànjīn) | 携带现金 (xiédài xiànjīn),这家商店只接受现金。,Zhè jiā shāngdiàn zhǐ jiēshòu xiànjīn.,این فروشگاه فقط پول نقد می‌پذیرد.,
790,羡慕,xiànmù,HSK 4,动,1,看到别人具有某种优点、条件或好处而希望自己也拥有（及物动）,غبطه خوردن؛ آرزوی داشتن چیزی را کردن (فعل گذرا),及物动,فعل گذرا,羡慕别人 (xiànmù biérén) | 非常羡慕 (fēicháng xiànmù) | 令人羡慕 (lìng rén xiànmù),我很羡慕她能做自己喜欢的工作。,Wǒ hěn xiànmù tā néng zuò zìjǐ xǐhuan de gōngzuò.,غبطه می‌خورم که او می‌تواند کار موردعلاقه‌اش را انجام دهد.,
791,线上,xiànshàng,HSK 4,形/副,1,通过互联网进行的；在互联网上（形/副）,آنلاین؛ اینترنتی (صفت/قید),形/副,صفت/قید,线上活动 (xiànshàng huódòng) | 线上交流 (xiànshàng jiāoliú) | 线上举行 (xiànshàng jǔxíng),这次会议将在线上举行。,Zhè cì huìyì jiāng zài xiànshàng jǔxíng.,این جلسه به‌صورت آنلاین برگزار خواهد شد.,
792,线下,xiànxià,HSK 4,形/副,1,不通过互联网、在现实场所中进行的；在现实场所中（形/副）,حضوری؛ آفلاین (صفت/قید),形/副,صفت/قید,线下活动 (xiànxià huódòng) | 线下见面 (xiànxià jiànmiàn) | 转到线下 (zhuǎn dào xiànxià),我们先在线上讨论，再到线下见面。,"Wǒmen xiān zài xiànshàng tǎolùn, zài dào xiànxià jiànmiàn.",ابتدا آنلاین گفت‌وگو می‌کنیم و بعد حضوری یکدیگر را می‌بینیم.,
793,现有,xiànyǒu,HSK 4,形,1,目前已经存在或拥有的（形）,موجود؛ فعلی (صفت),形,صفت,现有条件 (xiànyǒu tiáojiàn) | 现有资源 (xiànyǒu zīyuán) | 现有设备 (xiànyǒu shèbèi),我们需要充分利用现有资源。,Wǒmen xūyào chōngfèn lìyòng xiànyǒu zīyuán.,باید از منابع موجود به‌خوبی استفاده کنیم.,
794,小吃,xiǎochī,HSK 4,名,1,分量较小、制作简便的食品，常具有地方特色（名）,خوراک سبک؛ تنقلات محلی (اسم),名,اسم,当地小吃 (dāngdì xiǎochī) | 吃小吃 (chī xiǎochī) | 各种小吃 (gè zhǒng xiǎochī),这条街上有很多当地小吃。,Zhè tiáo jiē shàng yǒu hěn duō dāngdì xiǎochī.,در این خیابان خوراکی‌های محلی زیادی پیدا می‌شود.,
795,效果,xiàoguǒ,HSK 4,名,1,由某种行为、方法或事物产生的结果、作用或给人的感受（名）,اثر؛ نتیجه؛ اثربخشی (اسم),名,اسم,效果明显 (xiàoguǒ míngxiǎn) | 达到效果 (dádào xiàoguǒ) | 治疗效果 (zhìliáo xiàoguǒ),这种治疗方法的效果很明显。,Zhè zhǒng zhìliáo fāngfǎ de xiàoguǒ hěn míngxiǎn.,اثر این روش درمانی کاملاً محسوس است.,
796,笑话,xiàohua,HSK 4,名/动,1,使人发笑的故事或话（名）,لطیفه؛ جوک (اسم),名,اسم,讲笑话 (jiǎng xiàohua) | 一个笑话 (yí ge xiàohua) | 听笑话 (tīng xiàohua),他给孩子们讲了一个笑话。,Tā gěi háizimen jiǎng le yí ge xiàohua.,او برای بچه‌ها یک لطیفه تعریف کرد.,
796,笑话,xiàohua,HSK 4,名/动,2,因别人犯错、无知或表现不好而取笑对方（及物动）,مسخره کردن؛ به کسی خندیدن (فعل گذرا),及物动,فعل گذرا,笑话别人 (xiàohua biérén) | 被人笑话 (bèi rén xiàohua) | 怕人笑话 (pà rén xiàohua),不要因为他说错了就笑话他。,Búyào yīnwèi tā shuōcuò le jiù xiàohua tā.,فقط چون اشتباه گفته است، او را مسخره نکن.,
796,笑话,xiàohua,HSK 4,名/动,3,荒唐、可笑或使人丢脸的事情（名）,مایهٔ خنده؛ آبروریزی (اسم),名,اسم,闹出笑话 (nàochū xiàohua) | 成为笑话 (chéngwéi xiàohua) | 天大的笑话 (tiāndà de xiàohua),由于不了解当地习惯，他闹出了不少笑话。,"Yóuyú bù liǎojiě dāngdì xíguàn, tā nàochū le bù shǎo xiàohua.",چون با آداب محلی آشنا نبود، چند بار باعث خندهٔ دیگران شد.,
797,小伙子,xiǎohuǒzi,HSK 4,名,1,年轻男子，也可用于称呼年轻男子（名）,مرد جوان؛ پسر جوان (اسم),名,اسم,年轻小伙子 (niánqīng xiǎohuǒzi) | 一个小伙子 (yí ge xiǎohuǒzi) | 帅小伙子 (shuài xiǎohuǒzi),那个帮我搬箱子的小伙子很热心。,Nàge bāng wǒ bān xiāngzi de xiǎohuǒzi hěn rèxīn.,آن پسر جوانی که در جابه‌جایی جعبه کمکم کرد، خیلی مهربان بود.,
798,小说,xiǎoshuō,HSK 4,名,1,以叙述人物和故事为主的文学体裁，也指这种体裁的作品（名）,رمان؛ داستان (اسم),名,اسم,写小说 (xiě xiǎoshuō) | 长篇小说 (chángpiān xiǎoshuō) | 一部小说 (yí bù xiǎoshuō),这部小说被翻译成了很多种语言。,Zhè bù xiǎoshuō bèi fānyì chéng le hěn duō zhǒng yǔyán.,این رمان به زبان‌های زیادی ترجمه شده است.,
799,消息,xiāoxi,HSK 4,名,1,有关某人、某事或某种情况的信息（名）,خبر؛ اطلاعات (اسم),名,اسم,得到消息 (dédào xiāoxi) | 最新消息 (zuìxīn xiāoxi) | 没有消息 (méiyǒu xiāoxi),听到这个好消息后，大家都很高兴。,"Tīngdào zhège hǎo xiāoxi hòu, dàjiā dōu hěn gāoxìng.",همه پس از شنیدن این خبر خوب خوشحال شدند.,
799,消息,xiāoxi,HSK 4,名,2,通过手机、网络或应用程序发送的文字、语音等信息（名）,پیام (اسم),名,اسم,发消息 (fā xiāoxi) | 收到消息 (shōudào xiāoxi) | 回消息 (huí xiāoxi),我昨晚给你发了消息，你没看到吗？,"Wǒ zuówǎn gěi nǐ fā le xiāoxi, nǐ méi kàndào ma?",دیشب برایت پیام فرستادم؛ ندیدی؟,
803,小组,xiǎozǔ,HSK 4,名,1,为完成某项工作、学习或活动而组成的人数较少的集体（名）,گروه کوچک؛ تیم (اسم),名,اسم,学习小组 (xuéxí xiǎozǔ) | 分成小组 (fēnchéng xiǎozǔ) | 小组成员 (xiǎozǔ chéngyuán),老师把全班分成了五个小组。,Lǎoshī bǎ quán bān fēnchéng le wǔ ge xiǎozǔ.,معلم کلاس را به پنج گروه کوچک تقسیم کرد.,
804,西部,xībù,HSK 4,名,1,某个国家、地区或范围的西边部分（名）,بخش غربی؛ غرب (اسم),名,اسم,中国西部 (Zhōngguó xībù) | 西部地区 (xībù dìqū) | 位于西部 (wèiyú xībù),这个城市位于该国西部。,Zhège chéngshì wèiyú gāi guó xībù.,این شهر در غرب آن کشور قرار دارد.,
805,血,xuè,HSK 4,名,1,在人体或动物体内循环的红色液体，多用于书面语、正式场合和复合词（名）,خون (اسم، رسمی و نوشتاری),名,اسم، رسمی و نوشتاری,一滴血 (yì dī xuè) | 血流不止 (xuè liú bùzhǐ) | 血的颜色 (xuè de yánsè),伤口不断地往外流血。,Shāngkǒu búduàn de wǎng wài liúxuè.,از زخم پیوسته خون می‌آمد.,
805,血,xiě,HSK 4,名,2,“血”的口语读音，通常单独使用或用于口语数量短语（名，口语）,خون (اسم، محاوره‌ای),名，口语,اسم، محاوره‌ای,流了点血 (liú le diǎn xiě) | 吐了一口血 (tù le yì kǒu xiě) | 满手是血 (mǎnshǒu shì xiě),他的手破了，流了不少血。,"Tā de shǒu pò le, liú le bù shǎo xiě.",دستش زخمی شد و خون زیادی از آن آمد.,
806,西红柿,xīhóngshì,HSK 4,名,1,一种通常呈红色、果肉多汁、可作蔬菜食用的果实（名）,گوجه‌فرنگی (اسم),名,اسم,买西红柿 (mǎi xīhóngshì) | 两个西红柿 (liǎng ge xīhóngshì) | 把西红柿切块 (bǎ xīhóngshì qiēkuài),她把西红柿切成了小块。,Tā bǎ xīhóngshì qiēchéng le xiǎo kuài.,او گوجه‌فرنگی را به قطعات کوچک برید.,
807,心,xīn,HSK 4,名,1,推动血液循环的器官（名）,قلب (اسم),名,اسم,心跳得很快 (xīn tiào de hěn kuài) | 心怦怦直跳 (xīn pēngpēng zhí tiào) | 心还在跳 (xīn hái zài tiào),紧张的时候，我的心跳得特别快。,"Jǐnzhāng de shíhou, wǒ de xīn tiào de tèbié kuài.",وقتی مضطرب می‌شوم، قلبم خیلی تند می‌زند.,
807,心,xīn,HSK 4,名,2,人的思想、感情、内心状态或待人处事时表现出的性情（名）,دل؛ ذهن و احساسات؛ سرشت (اسم),名,اسم,心很乱 (xīn hěn luàn) | 伤了心 (shāng le xīn) | 心太软 (xīn tài ruǎn),她就是心太软，总是不忍心拒绝别人。,"Tā jiùshì xīn tài ruǎn, zǒngshì bù rěnxīn jùjué biérén.",او خیلی دل‌نازک است و هیچ‌وقت دلش نمی‌آید درخواست دیگران را رد کند.,
807,心,xīn,HSK 4,名,3,想做某事的愿望、念头或兴致（名）,میل؛ حوصله؛ قصد (اسم),名,اسم,有这个心 (yǒu zhège xīn) | 没那个心 (méi nàge xīn) | 没心工作 (méi xīn gōngzuò),发生了这么多事，他已经没心继续工作了。,"Fāshēng le zhème duō shì, tā yǐjīng méi xīn jìxù gōngzuò le.",بعد از این‌همه اتفاق، دیگر میل و حوصلهٔ ادامهٔ کار را نداشت.,
808,性,xìng,HSK 4,名,1,与性欲、性行为及两性关系有关的事（名）,مسائل جنسی؛ رابطهٔ جنسی (اسم),名,اسم,谈论性 (tánlùn xìng) | 对性的看法 (duì xìng de kànfǎ) | 性与婚姻 (xìng yǔ hūnyīn),父母应该用合适的方式和孩子谈论性。,Fùmǔ yīnggāi yòng héshì de fāngshì hé háizi tánlùn xìng.,والدین باید به شیوه‌ای مناسب با فرزندانشان دربارهٔ مسائل جنسی صحبت کنند.,
809,醒,xǐng,HSK 4,动,1,从睡眠、昏迷或醉酒等状态中恢复知觉或清醒（不及物动）,بیدار شدن؛ به هوش آمدن؛ از مستی درآمدن (فعل ناگذر),不及物动,فعل ناگذر,刚醒 (gāng xǐng) | 半夜醒了 (bànyè xǐng le) | 醒过来了 (xǐng guòlai le),我今天早上六点就醒了。,Wǒ jīntiān zǎoshang liù diǎn jiù xǐng le.,امروز صبح ساعت شش بیدار شدم.,
810,性别,xìngbié,HSK 4,名,1,按照生理或社会身份区分的男性、女性等类别（名）,جنس؛ جنسیت (اسم),名,اسم,填写性别 (tiánxiě xìngbié) | 不同性别 (bùtóng xìngbié) | 性别差异 (xìngbié chāyì),请在表格中填写姓名、年龄和性别。,"Qǐng zài biǎogé zhōng tiánxiě xìngmíng, niánlíng hé xìngbié.",لطفاً نام، سن و جنسیت خود را در فرم وارد کنید.,
811,兴奋,xīngfèn,HSK 4,形,1,因高兴、激动或受到刺激而精神振奋（形）,هیجان‌زده؛ به‌وجدآمده (صفت),形,صفت,非常兴奋 (fēicháng xīngfèn) | 兴奋得睡不着 (xīngfèn de shuìbuzháo) | 令人兴奋 (lìng rén xīngfèn),听说自己被录取了，她兴奋得一夜没睡。,"Tīngshuō zìjǐ bèi lùqǔ le, tā xīngfèn de yí yè méi shuì.",وقتی شنید پذیرفته شده است، آن‌قدر هیجان‌زده شد که تمام شب نخوابید.,
812,幸福,xìngfú,HSK 4,形/名,1,生活、境遇等使人感到满足、快乐；也指这种状态和感受（形/名）,خوشبخت؛ خوشبختی (صفت/اسم),形/名,صفت/اسم,感到幸福 (gǎndào xìngfú) | 幸福的生活 (xìngfú de shēnghuó) | 一生幸福 (yìshēng xìngfú),一家人平安健康，我就觉得很幸福。,"Yì jiā rén píng'ān jiànkāng, wǒ jiù juéde hěn xìngfú.",وقتی همهٔ اعضای خانواده سالم و سلامت‌اند، احساس خوشبختی می‌کنم.,
813,性格,xìnggé,HSK 4,名,1,人在态度、情绪和行为方式等方面长期形成的特点（名）,شخصیت؛ خلق‌وخو (اسم),名,اسم,性格开朗 (xìnggé kāilǎng) | 性格温和 (xìnggé wēnhé) | 性格不同 (xìnggé bùtóng),姐妹俩的性格完全不同。,Jiěmèi liǎ de xìnggé wánquán bùtóng.,شخصیت این دو خواهر کاملاً متفاوت است.,
814,星星,xīngxing,HSK 4,名,1,夜空中看起来像发光小点的星，也指星形的图案或物体（名）,ستاره (اسم),名,اسم,看星星 (kàn xīngxing) | 满天星星 (mǎntiān xīngxing) | 一颗星星 (yì kē xīngxing),今晚天空很清楚，可以看到很多星星。,"Jīnwǎn tiānkōng hěn qīngchu, kěyǐ kàndào hěn duō xīngxing.",آسمان امشب صاف است و می‌توان ستاره‌های زیادی دید.,
815,信号,xìnhào,HSK 4,名,1,用声音、灯光、电波、动作等传递的信息或指令（名）,سیگنال (اسم),名,اسم,发出信号 (fāchū xìnhào) | 接收信号 (jiēshōu xìnhào) | 手机信号 (shǒujī xìnhào),山里的手机信号很弱。,Shān li de shǒujī xìnhào hěn ruò.,آنتن‌دهی تلفن همراه در کوهستان بسیار ضعیف است.,
815,信号,xìnhào,HSK 4,名,2,表示某种情况已经出现或即将发生的迹象（名，比喻）,نشانه؛ علامت (اسم، مجازی),名，比喻,اسم، مجازی,危险信号 (wēixiǎn xìnhào) | 积极信号 (jījí xìnhào) | 一个好信号 (yí ge hǎo xìnhào),订单增加是市场复苏的积极信号。,Dìngdān zēngjiā shì shìchǎng fùsū de jījí xìnhào.,افزایش سفارش‌ها نشانه‌ای مثبت از بهبود بازار است.,
816,辛苦,xīnkǔ,HSK 4,形,1,因工作、生活或奔波而身心劳累，也指事情费力（形）,سخت؛ طاقت‌فرسا؛ خسته (صفت),形,صفت,工作辛苦 (gōngzuò xīnkǔ) | 非常辛苦 (fēicháng xīnkǔ) | 一路辛苦 (yílù xīnkǔ),父母为了这个家辛苦了很多年。,Fùmǔ wèile zhège jiā xīnkǔ le hěn duō nián.,پدر و مادرم سال‌های زیادی برای این خانواده زحمت کشیده‌اند.,
816,辛苦,xīnkǔ,HSK 4,形,2,用于感谢或慰问别人付出的劳动和精力（形，礼貌用语）,خسته نباشید؛ زحمت کشیدید (عبارت مؤدبانه),形，礼貌用语,عبارت مؤدبانه,辛苦你了 (xīnkǔ nǐ le) | 大家辛苦了 (dàjiā xīnkǔ le) | 辛苦您跑一趟 (xīnkǔ nín pǎo yí tàng),今天大家都辛苦了，早点儿回去休息吧。,"Jīntiān dàjiā dōu xīnkǔ le, zǎodiǎnr huíqu xiūxi ba.",امروز همه خیلی زحمت کشیدید؛ زودتر بروید و استراحت کنید.,
817,心情,xīnqíng,HSK 4,名,1,人在一定时间内所处的情绪状态（名）,حال روحی؛ خلق‌وخو (اسم),名,اسم,心情很好 (xīnqíng hěn hǎo) | 心情不好 (xīnqíng bù hǎo) | 影响心情 (yǐngxiǎng xīnqíng),出去散步以后，我的心情好多了。,"Chūqu sànbù yǐhòu, wǒ de xīnqíng hǎo duō le.",بعد از پیاده‌روی، حالم خیلی بهتر شد.,
818,信息,xìnxī,HSK 4,名,1,通过语言、文字、声音、图像或数据等传递的内容（名）,اطلاعات (اسم),名,اسم,获取信息 (huòqǔ xìnxī) | 提供信息 (tígōng xìnxī) | 个人信息 (gèrén xìnxī),网上的信息不一定都可靠。,Wǎngshàng de xìnxī bù yídìng dōu kěkào.,اطلاعات موجود در اینترنت لزوماً همگی قابل‌اعتماد نیستند.,
819,信心,xìnxīn,HSK 4,名,1,相信自己或某件事能够成功的心理状态（名）,اعتمادبه‌نفس؛ اطمینان (اسم),名,اسم,有信心 (yǒu xìnxīn) | 失去信心 (shīqù xìnxīn) | 增强信心 (zēngqiáng xìnxīn),我有信心按时完成这项工作。,Wǒ yǒu xìnxīn ànshí wánchéng zhè xiàng gōngzuò.,اطمینان دارم که این کار را به‌موقع تمام می‌کنم.,
820,熊,xióng,HSK 4,名,1,身体粗壮、四肢有力、通常全身长有厚毛的大型哺乳动物（名）,خرس (اسم),名,اسم,一只熊 (yì zhī xióng) | 黑色的熊 (hēisè de xióng) | 熊的脚印 (xióng de jiǎoyìn),我们在森林里发现了熊的脚印。,Wǒmen zài sēnlín li fāxiàn le xióng de jiǎoyìn.,ما در جنگل ردپای خرس پیدا کردیم.,
820,熊,Xióng,HSK 4,名,2,姓氏（专名）,نام خانوادگی شیونگ (اسم خاص),专名,اسم خاص,姓熊 (xìng Xióng) | 熊老师 (Xióng lǎoshī) | 熊先生 (Xióng xiānsheng),我们的数学老师姓熊。,Wǒmen de shùxué lǎoshī xìng Xióng.,نام خانوادگی معلم ریاضی ما شیونگ است.,
821,兄弟,xiōngdì,HSK 4,名,1,哥哥和弟弟，也泛指同一家庭中的男性子女（名）,برادران؛ برادر (اسم),名,اسم,亲兄弟 (qīn xiōngdì) | 兄弟二人 (xiōngdì èr rén) | 兄弟之间 (xiōngdì zhījiān),他们兄弟二人从小一起长大。,Tāmen xiōngdì èr rén cóngxiǎo yìqǐ zhǎngdà.,آن دو برادر از کودکی با هم بزرگ شدند.,
821,兄弟,xiōngdi,HSK 4,名,2,弟弟，也可泛指关系亲近的同辈男性（名，口语）,برادر کوچک؛ داداش؛ رفیق (اسم، محاوره‌ای),名，口语,اسم، محاوره‌ای,我兄弟 (wǒ xiōngdi) | 自家兄弟 (zìjiā xiōngdi) | 像亲兄弟一样 (xiàng qīn xiōngdi yíyàng),这是我兄弟，他比我小三岁。,"Zhè shì wǒ xiōngdi, tā bǐ wǒ xiǎo sān suì.",این برادر کوچک من است؛ سه سال از من کوچک‌تر است.,
821,兄弟,xiōngdi,HSK 4,名,3,对年龄相近或比自己年轻的男子的亲切称呼（名，口语）,داداش؛ رفیق (خطاب، محاوره‌ای),名，口语,خطاب، محاوره‌ای,兄弟你好 (xiōngdi nǐ hǎo) | 这位兄弟 (zhè wèi xiōngdi) | 兄弟帮个忙 (xiōngdi bāng ge máng),兄弟，能帮我搬一下这个箱子吗？,"Xiōngdi, néng bāng wǒ bān yíxià zhège xiāngzi ma?",داداش، می‌توانی کمکم کنی این جعبه را جابه‌جا کنم؟,
822,修,xiū,HSK 4,动,1,使损坏的物品、机器或设备恢复正常（及物动）,تعمیر کردن (فعل گذرا),及物动,فعل گذرا,修电脑 (xiū diànnǎo) | 修车 (xiū chē) | 修好了 (xiūhǎo le),我的电脑坏了，得找人修一下。,"Wǒ de diànnǎo huài le, děi zhǎo rén xiū yíxià.",رایانه‌ام خراب شده و باید کسی را پیدا کنم تا آن را تعمیر کند.,
822,修,xiū,HSK 4,动,2,建造道路、桥梁、房屋等（及物动）,ساختن (فعل گذرا),及物动,فعل گذرا,修路 (xiū lù) | 修桥 (xiū qiáo) | 修房子 (xiū fángzi),村里正在修一条新路。,Cūn li zhèngzài xiū yì tiáo xīn lù.,در روستا در حال ساختن جاده‌ای جدید هستند.,
822,修,xiū,HSK 4,动,3,剪去或整理毛发、指甲、树枝等，使其整齐或符合要求（及物动）,کوتاه و مرتب کردن (فعل گذرا),及物动,فعل گذرا,修指甲 (xiū zhǐjia) | 修头发 (xiū tóufa) | 修树枝 (xiū shùzhī),这棵树的枝叶需要修一修。,Zhè kē shù de zhīyè xūyào xiū yi xiū.,شاخه‌وبرگ‌های این درخت باید کمی کوتاه و مرتب شوند.,
822,修,xiū,HSK 4,动,4,学习大学课程或取得规定的学分（及物动）,گذراندن درس یا واحد درسی (فعل گذرا),及物动,فعل گذرا,修一门课 (xiū yì mén kè) | 修学分 (xiū xuéfēn) | 这学期修三门课 (zhè xuéqī xiū sān mén kè),我这学期修了三门专业课。,Wǒ zhè xuéqī xiū le sān mén zhuānyè kè.,من این ترم سه درس تخصصی گذراندم.,
823,修理,xiūlǐ,HSK 4,动,1,使损坏的物品、机器或设备恢复正常（及物动）,تعمیر کردن (فعل گذرا),及物动,فعل گذرا,修理机器 (xiūlǐ jīqì) | 修理汽车 (xiūlǐ qìchē) | 已经修理好了 (yǐjīng xiūlǐhǎo le),这台洗衣机还能修理吗？,Zhè tái xǐyījī hái néng xiūlǐ ma?,آیا هنوز می‌توان این ماشین لباس‌شویی را تعمیر کرد؟,
823,修理,xiūlǐ,HSK 4,动,2,责骂、惩罚或教训某人（及物动，口语）,تنبیه کردن؛ گوشمالی دادن (فعل گذرا، محاوره‌ای),及物动，口语,فعل گذرا، محاوره‌ای,好好修理他 (hǎohāo xiūlǐ tā) | 被修理一顿 (bèi xiūlǐ yí dùn) | 想修理人 (xiǎng xiūlǐ rén),他再欺负别人，老师一定会修理他。,"Tā zài qīfu biérén, lǎoshī yídìng huì xiūlǐ tā.",اگر باز هم دیگران را اذیت کند، معلم حتماً گوشمالی‌اش می‌دهد.,
824,细心,xìxīn,HSK 4,形,1,做事认真周密，注意细节（形）,دقیق؛ بادقت؛ نکته‌سنج (صفت),形,صفت,做事细心 (zuòshì xìxīn) | 细心观察 (xìxīn guānchá) | 细心照顾 (xìxīn zhàogù),她工作很细心，很少出错。,"Tā gōngzuò hěn xìxīn, hěn shǎo chūcuò.",او با دقت کار می‌کند و به‌ندرت اشتباه می‌کند.,
825,吸引,xīyǐn,HSK 4,动,1,把人或事物引到某处，或使人产生兴趣、注意和好感（及物动）,جذب کردن؛ جلب کردن (فعل گذرا),及物动,فعل گذرا,吸引注意 (xīyǐn zhùyì) | 吸引顾客 (xīyǐn gùkè) | 深深吸引 (shēnshēn xīyǐn),这本小说的故事深深吸引了我。,Zhè běn xiǎoshuō de gùshi shēnshēn xīyǐn le wǒ.,داستان این رمان عمیقاً مرا جذب کرد.,
826,许多,xǔduō,HSK 4,数量,1,数量很多（数量）,بسیاری؛ تعداد زیادی (واحد بیان مقدار),数量,واحد بیان مقدار,许多人 (xǔduō rén) | 许多问题 (xǔduō wèntí) | 许多年 (xǔduō nián),许多人都对这个问题感兴趣。,Xǔduō rén dōu duì zhège wèntí gǎn xìngqù.,افراد زیادی به این موضوع علاقه‌مندند.,
827,学费,xuéfèi,HSK 4,名,1,学生为接受学校教育而缴纳的费用（名）,شهریه (اسم),名,اسم,交学费 (jiāo xuéfèi) | 支付学费 (zhīfù xuéfèi) | 学费上涨 (xuéfèi shàngzhǎng),我已经交了下学期的学费。,Wǒ yǐjīng jiāo le xià xuéqī de xuéfèi.,شهریهٔ ترم آینده را پرداخت کرده‌ام.,
828,学院,xuéyuàn,HSK 4,名,1,实施高等教育的学校，或大学中按学科设置的教学单位（名）,کالج؛ دانشکده (اسم),名,اسم,一所学院 (yì suǒ xuéyuàn) | 学院的课程 (xuéyuàn de kèchéng) | 进入学院学习 (jìnrù xuéyuàn xuéxí),她毕业后进入了一所艺术学院。,Tā bìyè hòu jìnrù le yì suǒ yìshù xuéyuàn.,او پس از فارغ‌التحصیلی وارد یک دانشکدهٔ هنر شد.,
829,压,yā,HSK 4,动,1,从上面施加力量，或用重物使另一个物体不能移动（及物动）,فشار دادن؛ روی چیزی سنگینی کردن (فعل گذرا),及物动,فعل گذرا,用手压 (yòng shǒu yā) | 压在下面 (yā zài xiàmian) | 紧紧压住 (jǐnjǐn yāzhù),他用一块石头压住了那些纸。,Tā yòng yí kuài shítou yāzhù le nàxiē zhǐ.,او سنگی روی کاغذها گذاشت تا جابه‌جا نشوند.,
829,压,yā,HSK 4,动,2,控制情绪、声音等，或使价格、数量等降低（及物动）,فرو نشاندن؛ پایین آوردن (فعل گذرا),及物动,فعل گذرا,压住火气 (yāzhù huǒqì) | 把价格压下来 (bǎ jiàgé yā xialai) | 尽量往下压 (jǐnliàng wǎng xià yā),对方想把价格再往下压。,Duìfāng xiǎng bǎ jiàgé zài wǎng xià yā.,طرف مقابل می‌خواهد قیمت را باز هم پایین‌تر بیاورد.,
829,压,yā,HSK 4,动,3,使人感到负担沉重、紧张或难以承受（及物动）,تحت فشار گذاشتن؛ بر کسی سنگینی کردن (فعل گذرا),及物动,فعل گذرا,压得喘不过气 (yā de chuǎnbuguò qì) | 压在心上 (yā zài xīnshàng) | 被工作压垮 (bèi gōngzuò yākuǎ),最近的工作压得他喘不过气来。,Zuìjìn de gōngzuò yā de tā chuǎnbuguò qì lái.,این اواخر کار آن‌قدر به او فشار آورده که دیگر تحملش سخت شده است.,
829,压,yā,HSK 4,动,4,把文件、消息或事情暂时扣住，不及时处理或公开（及物动，较正式）,معطل نگه داشتن؛ جلوی رسیدگی یا انتشار را گرفتن (فعل گذرا، رسمی‌تر),及物动，较正式,فعل گذرا، رسمی‌تر,压着不办 (yāzhe bú bàn) | 把消息压下来 (bǎ xiāoxi yā xialai) | 文件一直压着 (wénjiàn yìzhí yāzhe),这份申请被压了一个月才开始处理。,Zhè fèn shēnqǐng bèi yā le yí ge yuè cái kāishǐ chǔlǐ.,این درخواست یک ماه معطل ماند تا سرانجام رسیدگی به آن آغاز شد.,
830,牙膏,yágāo,HSK 4,名,1,刷牙时用来清洁牙齿的膏状物（名）,خمیردندان (اسم),名,اسم,挤牙膏 (jǐ yágāo) | 一管牙膏 (yì guǎn yágāo) | 买牙膏 (mǎi yágāo),这管牙膏快用完了。,Zhè guǎn yágāo kuài yòngwán le.,این تیوپ خمیردندان تقریباً تمام شده است.,
831,压力,yālì,HSK 4,名,1,物体受到的垂直作用力，或气体、液体对接触面的作用力（名）,فشار فیزیکی (اسم),名,اسم,测量压力 (cèliáng yālì) | 气体压力 (qìtǐ yālì) | 压力升高 (yālì shēnggāo),容器里的气体压力正在升高。,Róngqì li de qìtǐ yālì zhèngzài shēnggāo.,فشار گاز داخل محفظه در حال افزایش است.,
831,压力,yālì,HSK 4,名,2,由工作、生活、责任或外界要求造成的精神负担（名）,فشار روانی؛ استرس (اسم),名,اسم,工作压力 (gōngzuò yālì) | 感到压力 (gǎndào yālì) | 减轻压力 (jiǎnqīng yālì),最近工作压力很大，我需要好好休息。,"Zuìjìn gōngzuò yālì hěn dà, wǒ xūyào hǎohāo xiūxi.",اخیراً فشار کاری‌ام زیاد است و باید خوب استراحت کنم.,
832,盐,yán,HSK 4,名,1,主要指食盐，即有咸味、常用于调味和保存食物的白色晶体（名）,نمک خوراکی (اسم),名,اسم,放点盐 (fàng diǎn yán) | 一勺盐 (yì sháo yán) | 盐放多了 (yán fàng duō le),汤里少放一点盐。,Tāng li shǎo fàng yìdiǎn yán.,در سوپ کمی کمتر نمک بریز.,
832,盐,yán,HSK 4,名,2,由金属离子或其他阳离子与酸根离子等组成的一类化合物（名，化学）,نمک؛ ترکیب یونی (اسم، شیمی),名，化学,اسم، شیمی,生成盐 (shēngchéng yán) | 可溶性盐 (kěróngxìng yán) | 不同种类的盐 (bùtóng zhǒnglèi de yán),酸和碱反应可以生成盐和水。,Suān hé jiǎn fǎnyìng kěyǐ shēngchéng yán hé shuǐ.,واکنش اسید و باز می‌تواند نمک و آب تولید کند.,
833,演,yǎn,HSK 4,动,1,表演戏剧、影视作品或节目，也指扮演其中的角色（动）,بازی کردن؛ اجرا کردن (فعل),动,فعل,演主角 (yǎn zhǔjué) | 演一名医生 (yǎn yì míng yīshēng) | 演得很好 (yǎn de hěn hǎo),他在这部电影里演一名医生。,Tā zài zhè bù diànyǐng li yǎn yì míng yīshēng.,او در این فیلم نقش یک پزشک را بازی می‌کند.,
833,演,yǎn,HSK 4,动,2,故意表现出并非真实的态度、感情或行为（动，口语）,نقش بازی کردن؛ تظاهر کردن (فعل، محاوره‌ای),动，口语,فعل، محاوره‌ای,别演了 (bié yǎn le) | 演给别人看 (yǎn gěi biérén kàn) | 又开始演了 (yòu kāishǐ yǎn le),你明明不难过，就别演了。,"Nǐ míngmíng bù nánguò, jiù bié yǎn le.",تو که ناراحت نیستی؛ دیگر نقش بازی نکن.,
834,烟,yān,HSK 4,名,1,物质燃烧时产生的气体和细小颗粒（名）,دود (اسم),名,اسم,一股烟 (yì gǔ yān) | 满屋是烟 (mǎn wū shì yān) | 烟很大 (yān hěn dà),厨房里全是烟，快把窗户打开。,"Chúfáng li quán shì yān, kuài bǎ chuānghu dǎkāi.",آشپزخانه پر از دود است؛ زود پنجره را باز کن.,
834,烟,yān,HSK 4,名,2,烟草制成的吸用品，尤指香烟（名）,سیگار؛ تنباکو (اسم),名,اسم,一支烟 (yì zhī yān) | 买一包烟 (mǎi yì bāo yān) | 抽了支烟 (chōu le zhī yān),他出去抽了一支烟。,Tā chūqu chōu le yì zhī yān.,او بیرون رفت و یک نخ سیگار کشید.,
835,演唱,yǎnchàng,HSK 4,动,1,在舞台、节目等场合为听众唱歌（动）,آواز خواندن؛ اجرا کردن (فعل),动,فعل,演唱歌曲 (yǎnchàng gēqǔ) | 现场演唱 (xiànchǎng yǎnchàng) | 登台演唱 (dēngtái yǎnchàng),她将在晚会上演唱两首歌曲。,Tā jiāng zài wǎnhuì shàng yǎnchàng liǎng shǒu gēqǔ.,او در جشن دو ترانه اجرا خواهد کرد.,
836,演出,yǎnchū,HSK 4,动/名,1,在舞台或公众面前表演；也指所表演的节目或活动（动/名）,اجرا کردن؛ اجرا (فعل/اسم),动/名,فعل/اسم,参加演出 (cānjiā yǎnchū) | 一场演出 (yì chǎng yǎnchū) | 演出很成功 (yǎnchū hěn chénggōng),昨晚的演出非常成功。,Zuówǎn de yǎnchū fēicháng chénggōng.,اجرای دیشب بسیار موفق بود.,
837,养成,yǎngchéng,HSK 4,动,1,通过长期培养或反复实践形成习惯、能力、品质等（及物动）,ایجاد کردن؛ پرورش دادن (فعل گذرا),及物动,فعل گذرا,养成习惯 (yǎngchéng xíguàn) | 养成好习惯 (yǎngchéng hǎo xíguàn) | 从小养成 (cóngxiǎo yǎngchéng),孩子应该从小养成独立思考的习惯。,Háizi yīnggāi cóngxiǎo yǎngchéng dúlì sīkǎo de xíguàn.,کودکان باید از خردسالی عادت مستقل فکر کردن را در خود پرورش دهند.,
838,严格,yángé,HSK 4,形,1,在要求、标准或执行方面认真而不放松（形）,سخت‌گیر؛ دقیق و سخت‌گیرانه (صفت),形,صفت,要求严格 (yāoqiú yángé) | 严格管理 (yángé guǎnlǐ) | 严格遵守 (yángé zūnshǒu),老师对我们的作业要求很严格。,Lǎoshī duì wǒmen de zuòyè yāoqiú hěn yángé.,معلم دربارهٔ تکالیف ما بسیار سخت‌گیر است.,
839,阳光,yángguāng,HSK 4,名/形,1,太阳发出的光（名）,نور خورشید؛ آفتاب (اسم),名,اسم,享受阳光 (xiǎngshòu yángguāng) | 阳光充足 (yángguāng chōngzú) | 温暖的阳光 (wēnnuǎn de yángguāng),早晨的阳光照进了房间。,Zǎochén de yángguāng zhào jìn le fángjiān.,نور صبحگاهی خورشید به داخل اتاق تابید.,
839,阳光,yángguāng,HSK 4,名/形,2,形象、性格或气质开朗积极，给人健康温暖的感觉（形，比喻）,مثبت و سرزنده؛ گرم و پرانرژی (صفت، مجازی),形，比喻,صفت، مجازی,性格阳光 (xìnggé yángguāng) | 笑容很阳光 (xiàoróng hěn yángguāng) | 看起来很阳光 (kànqilai hěn yángguāng),他性格开朗，笑起来很阳光。,"Tā xìnggé kāilǎng, xiào qǐlai hěn yángguāng.",او شخصیت شادی دارد و لبخندش گرم و پرانرژی است.,
840,样子,yàngzi,HSK 4,名,1,人或事物的外形、模样（名）,ظاهر؛ شکل (اسم),名,اسم,样子可爱 (yàngzi kě'ài) | 长什么样子 (zhǎng shénme yàngzi) | 改变样子 (gǎibiàn yàngzi),我已经记不清那座房子原来的样子了。,Wǒ yǐjīng jìbuqīng nà zuò fángzi yuánlái de yàngzi le.,دیگر ظاهر قبلی آن خانه را درست به یاد نمی‌آورم.,
840,样子,yàngzi,HSK 4,名,2,人表现出来的神情、状态或姿态（名）,حالت؛ قیافه (اسم),名,اسم,高兴的样子 (gāoxìng de yàngzi) | 生气的样子 (shēngqì de yàngzi) | 看他的样子 (kàn tā de yàngzi),看他着急的样子，应该是出了什么事。,"Kàn tā zháojí de yàngzi, yīnggāi shì chū le shénme shì.",از حالت نگرانش پیداست که احتمالاً اتفاقی افتاده است.,
840,样子,yàngzi,HSK 4,名,3,用在数量或时间短语后，表示大约的数目（名）,حدود؛ تقریباً (اسم),名,اسم,三十岁的样子 (sānshí suì de yàngzi) | 十点钟的样子 (shí diǎn zhōng de yàngzi) | 一百米的样子 (yìbǎi mǐ de yàngzi),他看起来有三十岁的样子。,Tā kànqilai yǒu sānshí suì de yàngzi.,او حدوداً سی‌ساله به نظر می‌رسد.,
841,眼镜,yǎnjìng,HSK 4,名,1,戴在眼前、用于矫正视力或保护眼睛的用品（名）,عینک (اسم),名,اسم,戴眼镜 (dài yǎnjìng) | 摘下眼镜 (zhāixia yǎnjìng) | 一副眼镜 (yí fù yǎnjìng),我不戴眼镜就看不清远处的东西。,Wǒ bú dài yǎnjìng jiù kànbuqīng yuǎnchù de dōngxi.,بدون عینک نمی‌توانم چیزهای دور را واضح ببینم.,
842,研究,yánjiū,HSK 4,动/名,1,深入分析、探讨某个问题或事物，以获得新的认识；也指这种活动及其成果（动/名）,پژوهش کردن؛ پژوهش (فعل/اسم),动/名,فعل/اسم,研究问题 (yánjiū wèntí) | 深入研究 (shēnrù yánjiū) | 一项研究 (yí xiàng yánjiū),这项研究分析了睡眠对记忆的影响。,Zhè xiàng yánjiū fēnxī le shuìmián duì jìyì de yǐngxiǎng.,این پژوهش تأثیر خواب بر حافظه را بررسی کرده است.,
842,研究,yánjiū,HSK 4,动/名,2,为了作出决定或解决问题而考虑、商量（动）,بررسی کردن؛ مشورت کردن (فعل),动,فعل,研究一下 (yánjiū yíxià) | 开会研究 (kāihuì yánjiū) | 研究办法 (yánjiū bànfǎ),这件事我们还得再研究一下。,Zhè jiàn shì wǒmen hái děi zài yánjiū yíxià.,باید این موضوع را کمی بیشتر بررسی کنیم.,
843,研究生,yánjiūshēng,HSK 4,名,1,大学本科毕业后继续攻读硕士或博士学位的学生（名）,دانشجوی تحصیلات تکمیلی (اسم),名,اسم,一名研究生 (yì míng yánjiūshēng) | 读研究生 (dú yánjiūshēng) | 研究生课程 (yánjiūshēng kèchéng),她是一名医学专业的研究生。,Tā shì yì míng yīxué zhuānyè de yánjiūshēng.,او دانشجوی تحصیلات تکمیلی رشتهٔ پزشکی است.,
844,眼前,yǎnqián,HSK 4,名/方位,1,眼睛前面；距离自己很近的地方（名/方位）,جلوی چشم؛ پیش رو (اسم/واژهٔ مکانی),名/方位,اسم/واژهٔ مکانی,就在眼前 (jiù zài yǎnqián) | 出现在眼前 (chūxiàn zài yǎnqián) | 眼前的人 (yǎnqián de rén),一片美丽的湖泊出现在我们眼前。,Yí piàn měilì de húpō chūxiàn zài wǒmen yǎnqián.,دریاچه‌ای زیبا پیش چشم ما پدیدار شد.,
844,眼前,yǎnqián,HSK 4,名/方位,2,目前或当前的一段时间、情况（名/方位）,حال حاضر؛ وضعیت فعلی (اسم/واژهٔ زمانی),名/方位,اسم/واژهٔ زمانی,眼前的困难 (yǎnqián de kùnnan) | 只顾眼前 (zhǐ gù yǎnqián) | 解决眼前的问题 (jiějué yǎnqián de wèntí),我们得先解决眼前的问题。,Wǒmen děi xiān jiějué yǎnqián de wèntí.,ابتدا باید مشکل فعلی را حل کنیم.,
845,演员,yǎnyuán,HSK 4,名,1,在戏剧、影视或表演节目中扮演角色的人（名）,بازیگر؛ هنرمند اجراکننده (اسم),名,اسم,一名演员 (yì míng yǎnyuán) | 当演员 (dāng yǎnyuán) | 专业演员 (zhuānyè yǎnyuán),她从小就梦想成为一名演员。,Tā cóngxiǎo jiù mèngxiǎng chéngwéi yì míng yǎnyuán.,او از کودکی آرزو داشت بازیگر شود.,
846,严重,yánzhòng,HSK 4,形,1,程度深、影响大或情况令人担忧（形）,شدید؛ جدی؛ وخیم (صفت),形,صفت,问题严重 (wèntí yánzhòng) | 后果严重 (hòuguǒ yánzhòng) | 严重影响 (yánzhòng yǐngxiǎng),这次事故造成了严重的后果。,Zhè cì shìgù zàochéng le yánzhòng de hòuguǒ.,این حادثه پیامدهای شدیدی به همراه داشت.,
847,邀请,yāoqǐng,HSK 4,动/名,1,请别人到某处、参加活动或做某事；也指这种请求（动/名）,دعوت کردن؛ دعوت (فعل/اسم),动/名,فعل/اسم,邀请朋友 (yāoqǐng péngyou) | 发出邀请 (fāchū yāoqǐng) | 接受邀请 (jiēshòu yāoqǐng),谢谢你的邀请，我一定会参加。,"Xièxie nǐ de yāoqǐng, wǒ yídìng huì cānjiā.",از دعوتت ممنونم؛ حتماً شرکت می‌کنم.,
848,要是,yàoshi,HSK 4,连,1,表示假设，相当于“如果”，常与“就”呼应（连）,اگر (حرف ربط),连,حرف ربط,要是愿意 (yàoshi yuànyì) | 要是下雨 (yàoshi xiàyǔ) | 要是……就…… (yàoshi…jiù…),要是明天下雨，我们就不出去了。,"Yàoshi míngtiān xiàyǔ, wǒmen jiù bù chūqu le.",اگر فردا باران ببارد، بیرون نمی‌رویم.,
849,钥匙,yàoshi,HSK 4,名,1,开锁或启动某些设备时使用的工具（名）,کلید (اسم),名,اسم,一把钥匙 (yì bǎ yàoshi) | 找钥匙 (zhǎo yàoshi) | 用钥匙开门 (yòng yàoshi kāimén),我把家里的钥匙忘在办公室了。,Wǒ bǎ jiālǐ de yàoshi wàng zài bàngōngshì le.,کلید خانه را در اداره جا گذاشتم.,
849,钥匙,yàoshi,HSK 4,名,2,比喻解决问题或取得成功的关键方法（名，比喻）,کلید؛ راه‌حل اصلی (اسم، مجازی),名，比喻,اسم، مجازی,成功的钥匙 (chénggōng de yàoshi) | 解决问题的钥匙 (jiějué wèntí de yàoshi) | 找到一把钥匙 (zhǎodào yì bǎ yàoshi),良好的沟通是解决这个问题的钥匙。,Liánghǎo de gōutōng shì jiějué zhège wèntí de yàoshi.,ارتباط خوب کلید حل این مشکل است.,
850,亚洲,Yàzhōu,HSK 4,名,1,世界七大洲之一，位于东半球的东北部（专名）,آسیا (اسم خاص),专名,اسم خاص,亚洲国家 (Yàzhōu guójiā) | 来自亚洲 (láizì Yàzhōu) | 亚洲东部 (Yàzhōu dōngbù),中国是亚洲面积较大的国家之一。,Zhōngguó shì Yàzhōu miànjī jiào dà de guójiā zhī yī.,چین یکی از کشورهای پهناور آسیاست.,
851,夜,yè,HSK 4,名,1,从天黑到天亮的一段时间，多用于书面语（名，书面）,شب (اسم، نوشتاری),名，书面,اسم، نوشتاری,夜已深 (yè yǐ shēn) | 一夜未眠 (yí yè wèimián) | 整整一夜 (zhěngzhěng yí yè),夜已经很深了，他还没有回来。,"Yè yǐjīng hěn shēn le, tā hái méiyǒu huílai.",شب خیلی از نیمه گذشته، اما او هنوز برنگشته است.,
852,夜晚,yèwǎn,HSK 4,名,1,从天黑到入睡或到天亮的一段时间（名）,شب؛ هنگام شب (اسم),名,اسم,寒冷的夜晚 (hánlěng de yèwǎn) | 夜晚来临 (yèwǎn láilín) | 在夜晚 (zài yèwǎn),夏天的夜晚很凉快。,Xiàtiān de yèwǎn hěn liángkuai.,شب‌های تابستان خنک‌اند.,
853,也许,yěxǔ,HSK 4,副,1,表示不确定的推测或可能性（副）,شاید؛ ممکن است (قید),副,قید,也许会来 (yěxǔ huì lái) | 也许可以 (yěxǔ kěyǐ) | 也许不是 (yěxǔ bú shì),他今天没来，也许是生病了。,"Tā jīntiān méi lái, yěxǔ shì shēngbìng le.",او امروز نیامد؛ شاید بیمار شده باشد.,
854,叶子,yèzi,HSK 4,名,1,植物进行光合作用、通常呈片状的部分（名）,برگ (اسم),名,اسم,一片叶子 (yí piàn yèzi) | 叶子黄了 (yèzi huáng le) | 摘下叶子 (zhāixia yèzi),秋天到了，树上的叶子开始变黄了。,"Qiūtiān dào le, shù shàng de yèzi kāishǐ biàn huáng le.",پاییز رسیده و برگ‌های درختان کم‌کم زرد شده‌اند.,
855,已,yǐ,HSK 4,副,1,表示事情已经发生或状态已经形成，多用于书面语（副，书面）,قبلاً؛ دیگر؛ تاکنون (قید، نوشتاری),副，书面,قید، نوشتاری,已完成 (yǐ wánchéng) | 已收到 (yǐ shōudào) | 已不再使用 (yǐ bú zài shǐyòng),会议已于下午三点结束。,Huìyì yǐ yú xiàwǔ sān diǎn jiéshù.,جلسه ساعت سه بعدازظهر به پایان رسیده است.,
856,意见,yìjiàn,HSK 4,名,1,对某件事所持的看法，或为改进事情提出的主张（名）,نظر؛ دیدگاه؛ پیشنهاد (اسم),名,اسم,提出意见 (tíchū yìjiàn) | 听取意见 (tīngqǔ yìjiàn) | 交换意见 (jiāohuàn yìjiàn),如果你有不同意见，可以提出来。,"Rúguǒ nǐ yǒu bùtóng yìjiàn, kěyǐ tí chūlai.",اگر نظر متفاوتی داری، می‌توانی آن را مطرح کنی.,
856,意见,yìjiàn,HSK 4,名,2,对某人、某事感到不满或反对（名）,اعتراض؛ نارضایتی (اسم),名,اسم,心里有意见 (xīnli yǒu yìjiàn) | 对安排有意见 (duì ānpái yǒu yìjiàn) | 意见很大 (yìjiàn hěn dà),如果你对这个安排有意见，可以直接说出来。,"Rúguǒ nǐ duì zhège ānpái yǒu yìjiàn, kěyǐ zhíjiē shuō chūlai.",اگر به این برنامه اعتراضی داری، می‌توانی مستقیم مطرحش کنی.,
857,因此,yīncǐ,HSK 4,连,1,表示前面的情况是后面结果的原因（连）,بنابراین؛ ازاین‌رو (حرف ربط),连,حرف ربط,因此决定 (yīncǐ juédìng) | 因此无法 (yīncǐ wúfǎ) | 也正因此 (yě zhèng yīncǐ),天气突然变坏，因此比赛被取消了。,"Tiānqì tūrán biàn huài, yīncǐ bǐsài bèi qǔxiāo le.",هوا ناگهان خراب شد؛ بنابراین مسابقه لغو شد.,
858,以内,yǐnèi,HSK 4,方位,1,在一定的时间、数量、距离或范围之内（方位）,در محدودهٔ؛ حداکثر تا؛ ظرفِ (واژهٔ محدوده‌ای),方位,واژهٔ محدوده‌ای,三天以内 (sān tiān yǐnèi) | 十公里以内 (shí gōnglǐ yǐnèi) | 规定范围以内 (guīdìng fànwéi yǐnèi),请在一周以内完成这项工作。,Qǐng zài yì zhōu yǐnèi wánchéng zhè xiàng gōngzuò.,لطفاً این کار را ظرف یک هفته انجام دهید.,
859,赢,yíng,HSK 4,动,1,在比赛、竞争或赌博中获胜，也指由此得到钱财等（动）,بردن؛ برنده شدن (فعل),动,فعل,赢了比赛 (yíng le bǐsài) | 赢了对手 (yíng le duìshǒu) | 赢了很多钱 (yíng le hěn duō qián),我们队最后赢了比赛。,Wǒmen duì zuìhòu yíng le bǐsài.,تیم ما در نهایت مسابقه را برد.,
860,赢得,yíngdé,HSK 4,动,1,在比赛或竞争中取得胜利、名次或奖励（及物动）,بردن؛ برنده شدن در (فعل گذرا),及物动,فعل گذرا,赢得比赛 (yíngdé bǐsài) | 赢得冠军 (yíngdé guànjūn) | 赢得胜利 (yíngdé shènglì),她赢得了这次比赛的冠军。,Tā yíngdé le zhè cì bǐsài de guànjūn.,او قهرمانی این مسابقه را به دست آورد.,
860,赢得,yíngdé,HSK 4,动,2,通过努力或表现获得尊重、支持、信任等（及物动）,به دست آوردن؛ جلب کردن (فعل گذرا),及物动,فعل گذرا,赢得尊重 (yíngdé zūnzhòng) | 赢得支持 (yíngdé zhīchí) | 赢得掌声 (yíngdé zhǎngshēng),他的诚实赢得了大家的信任。,Tā de chéngshí yíngdé le dàjiā de xìnrèn.,صداقت او اعتماد همه را جلب کرد.,
861,应聘,yìngpìn,HSK 4,动,1,接受招聘单位的选拔，申请某个工作职位（不及物动）,برای شغلی درخواست دادن (فعل ناگذر),不及物动,فعل ناگذر,应聘职位 (yìngpìn zhíwèi) | 前来应聘 (qiánlái yìngpìn) | 应聘成功 (yìngpìn chénggōng),她去一家科技公司应聘了。,Tā qù yì jiā kējì gōngsī yìngpìn le.,او برای درخواست کار به یک شرکت فناوری رفت.,
862,引起,yǐnqǐ,HSK 4,动,1,使某种现象、反应、情绪或结果产生（及物动）,باعث شدن؛ برانگیختن (فعل گذرا),及物动,فعل گذرا,引起注意 (yǐnqǐ zhùyì) | 引起争议 (yǐnqǐ zhēngyì) | 引起变化 (yǐnqǐ biànhuà),这条消息引起了大家的关注。,Zhè tiáo xiāoxi yǐnqǐ le dàjiā de guānzhù.,این خبر توجه همه را جلب کرد.,
863,印象,yìnxiàng,HSK 4,名,1,接触过的人或事物留在头脑中的感觉、认识或记忆（名）,برداشت؛ تصور ذهنی (اسم),名,اسم,印象深刻 (yìnxiàng shēnkè) | 留下印象 (liúxià yìnxiàng) | 对他有印象 (duì tā yǒu yìnxiàng),这座城市给我留下了很好的印象。,Zhè zuò chéngshì gěi wǒ liúxià le hěn hǎo de yìnxiàng.,برداشت بسیار خوبی از این شهر پیدا کردم.,
864,一切,yíqiè,HSK 4,代,1,全部的人、事物或情况，也可直接修饰名词（代）,همه‌چیز؛ همهٔ (ضمیر),代,ضمیر,一切顺利 (yíqiè shùnlì) | 一切问题 (yíqiè wèntí) | 放下一切 (fàngxià yíqiè),别担心，一切都会好起来的。,"Bié dānxīn, yíqiè dōu huì hǎo qǐlai de.",نگران نباش، همه‌چیز درست خواهد شد.,
865,一生,yìshēng,HSK 4,名,1,从出生到死亡的整个生命过程（名）,تمام عمر؛ یک عمر (اسم),名,اسم,一生幸福 (yìshēng xìngfú) | 一生难忘 (yìshēng nánwàng) | 忙碌一生 (mánglù yìshēng),他一生都在帮助别人。,Tā yìshēng dōu zài bāngzhù biérén.,او تمام عمرش به دیگران کمک کرد.,
866,艺术,yìshù,HSK 4,名,1,通过文学、音乐、绘画、表演等形式表现思想、感情和美的活动或作品（名）,هنر (اسم),名,اسم,现代艺术 (xiàndài yìshù) | 欣赏艺术 (xīnshǎng yìshù) | 艺术作品 (yìshù zuòpǐn),她从小就对音乐和艺术很感兴趣。,Tā cóngxiǎo jiù duì yīnyuè hé yìshù hěn gǎn xìngqù.,او از کودکی به موسیقی و هنر علاقه داشت.,
866,艺术,yìshù,HSK 4,名,2,完成某件事时富有技巧、创造性或讲究方法的能力（名，比喻）,هنر؛ مهارت ظریف (اسم، مجازی),名，比喻,اسم، مجازی,说话的艺术 (shuōhuà de yìshù) | 管理的艺术 (guǎnlǐ de yìshù) | 一门艺术 (yì mén yìshù),与人沟通是一门艺术。,Yǔ rén gōutōng shì yì mén yìshù.,ارتباط با دیگران یک هنر است.,
867,勇敢,yǒnggǎn,HSK 4,形,1,面对困难、危险或压力时不害怕、不退缩（形）,شجاع؛ دلیر (صفت),形,صفت,勇敢面对 (yǒnggǎn miànduì) | 勇敢的人 (yǒnggǎn de rén) | 非常勇敢 (fēicháng yǒnggǎn),她勇敢地说出了自己的想法。,Tā yǒnggǎn de shuōchū le zìjǐ de xiǎngfǎ.,او شجاعانه نظرش را بیان کرد.,
868,用来,yònglái,HSK 4,动,1,表示某人或某物的用途，后面通常接动词短语（动）,برای انجام کاری به کار رفتن (فعل),动,فعل,用来学习 (yònglái xuéxí) | 用来做什么 (yònglái zuò shénme) | 可以用来保存文件 (kěyǐ yònglái bǎocún wénjiàn),这个软件主要用来编辑视频。,Zhège ruǎnjiàn zhǔyào yònglái biānjí shìpín.,این نرم‌افزار عمدتاً برای ویرایش ویدئو به کار می‌رود.,
869,用于,yòngyú,HSK 4,动,1,表示用途或适用范围，多用于正式表达，后面可接名词或动词短语（动，较正式）,برایِ چیزی استفاده شدن؛ کاربرد داشتن در (فعل، نسبتاً رسمی),动，较正式,فعل، نسبتاً رسمی,用于治疗 (yòngyú zhìliáo) | 主要用于 (zhǔyào yòngyú) | 被用于研究 (bèi yòngyú yánjiū),这种设备用于测量空气温度。,Zhè zhǒng shèbèi yòngyú cèliáng kōngqì wēndù.,این دستگاه برای اندازه‌گیری دمای هوا استفاده می‌شود.,
870,永远,yǒngyuǎn,HSK 4,副,1,表示时间没有尽头，或某种情况始终不变（副）,برای همیشه؛ هیچ‌وقت (قید),副,قید,永远不会 (yǒngyuǎn bú huì) | 永远记得 (yǒngyuǎn jìde) | 永远在一起 (yǒngyuǎn zài yìqǐ),我永远不会忘记这一天。,Wǒ yǒngyuǎn bú huì wàngjì zhè yì tiān.,من هرگز این روز را فراموش نمی‌کنم.,
871,由,yóu,HSK 4,介/动,1,表示起点、来源、经过的地方或变化的过程（介）,از؛ از طریق (حرف اضافه),介,حرف اضافه,由北向南 (yóu běi xiàng nán) | 由小到大 (yóu xiǎo dào dà) | 由北京出发 (yóu Běijīng chūfā),这趟火车由北京开往上海。,Zhè tàng huǒchē yóu Běijīng kāiwǎng Shànghǎi.,این قطار از پکن به‌سوی شانگهای حرکت می‌کند.,
871,由,yóu,HSK 4,介/动,2,引出动作的执行者、负责人或事情的原因（介）,توسط؛ بر عهدهٔ؛ ناشی از (حرف اضافه),介,حرف اضافه,由我负责 (yóu wǒ fùzé) | 由专家决定 (yóu zhuānjiā juédìng) | 由错误造成 (yóu cuòwù zàochéng),这项工作由我负责。,Zhè xiàng gōngzuò yóu wǒ fùzé.,مسئولیت این کار بر عهدهٔ من است.,
871,由,yóu,HSK 4,介/动,3,允许或听任某人按照自己的意愿行动（及物动）,اجازه دادن؛ به اختیار کسی گذاشتن (فعل گذرا),及物动,فعل گذرا,由他去吧 (yóu tā qù ba) | 信不信由你 (xìn bu xìn yóu nǐ) | 一切由你 (yíqiè yóu nǐ),你愿不愿意参加，完全由你。,"Nǐ yuàn bu yuànyì cānjiā, wánquán yóu nǐ.",اینکه بخواهی شرکت کنی یا نه، کاملاً به خودت بستگی دارد.,
872,油,yóu,HSK 4,名/形,1,从植物、动物或矿物中取得、不溶于水的液体，可用于食用、燃烧或润滑（名）,روغن؛ نفت (اسم),名,اسم,放点油 (fàng diǎn yóu) | 一桶油 (yì tǒng yóu) | 衣服上有油 (yīfu shàng yǒu yóu),锅里先放一点油。,Guō li xiān fàng yìdiǎn yóu.,ابتدا کمی روغن داخل ماهیتابه بریز.,
872,油,yóu,HSK 4,名/形,2,含油过多，使人感到油腻（形）,چرب؛ پرروغن (صفت),形,صفت,菜太油 (cài tài yóu) | 吃起来很油 (chīqilai hěn yóu) | 又咸又油 (yòu xián yòu yóu),这道菜太油了，我吃不下。,"Zhè dào cài tài yóu le, wǒ chībuxià.",این غذا خیلی چرب است و نمی‌توانم آن را بخورم.,
872,油,yóu,HSK 4,名/形,3,言谈举止过分圆滑、做作或刻意讨好，让人感到不舒服（形，口语或网络用语）,تصنعی و زننده؛ زیادی چرب‌زبان (صفت، محاوره‌ای و اینترنتی),形，口语或网络用语,صفت، محاوره‌ای و اینترنتی,说话很油 (shuōhuà hěn yóu) | 笑得很油 (xiào de hěn yóu) | 感觉有点油 (gǎnjué yǒudiǎn yóu),他说情话的样子有点油。,Tā shuō qínghuà de yàngzi yǒudiǎn yóu.,طرز حرف‌های عاشقانه زدنش کمی تصنعی و زننده است.,
873,优点,yōudiǎn,HSK 4,名,1,人或事物所具有的好的、值得肯定的方面（名）,نقطهٔ قوت؛ مزیت (اسم),名,اسم,很多优点 (hěn duō yōudiǎn) | 最大的优点 (zuì dà de yōudiǎn) | 优点明显 (yōudiǎn míngxiǎn),这款手机最大的优点是电池耐用。,Zhè kuǎn shǒujī zuì dà de yōudiǎn shì diànchí nàiyòng.,بزرگ‌ترین مزیت این گوشی دوام بالای باتری آن است.,
874,友好,yǒuhǎo,HSK 4,形/名,1,态度亲切、没有敌意；也指人与人或国家之间关系亲密和睦（形/名）,دوستانه؛ رابطهٔ دوستانه (صفت/اسم),形/名,صفت/اسم,态度友好 (tàidu yǒuhǎo) | 对人友好 (duì rén yǒuhǎo) | 两国友好 (liǎng guó yǒuhǎo),这里的人对游客非常友好。,Zhèlǐ de rén duì yóukè fēicháng yǒuhǎo.,مردم اینجا با گردشگران بسیار دوستانه رفتار می‌کنند.,
875,幽默,yōumò,HSK 4,形/名,1,言语或行为有趣、机智，能使人发笑；也指这种特点（形/名）,شوخ‌طبع؛ شوخ‌طبعی (صفت/اسم),形/名,صفت/اسم,很幽默 (hěn yōumò) | 幽默的人 (yōumò de rén) | 说话幽默 (shuōhuà yōumò),他很幽默，总能把大家逗笑。,"Tā hěn yōumò, zǒng néng bǎ dàjiā dòuxiào.",او بسیار شوخ‌طبع است و همیشه می‌تواند همه را بخنداند.,
876,尤其,yóuqí,HSK 4,副,1,表示在全部情况中特别突出某一个或某一方面（副）,به‌ویژه؛ مخصوصاً (قید),副,قید,尤其重要 (yóuqí zhòngyào) | 尤其喜欢 (yóuqí xǐhuan) | 尤其是孩子 (yóuqí shì háizi),我喜欢各种水果，尤其喜欢草莓。,"Wǒ xǐhuan gè zhǒng shuǐguǒ, yóuqí xǐhuan cǎoméi.",من انواع میوه را دوست دارم، به‌خصوص توت‌فرنگی را.,
877,友情,yǒuqíng,HSK 4,名,1,朋友之间的感情（名）,دوستی؛ محبت میان دوستان (اسم),名,اسم,珍惜友情 (zhēnxī yǒuqíng) | 深厚的友情 (shēnhòu de yǒuqíng) | 友情长久 (yǒuqíng chángjiǔ),多年的友情让他们非常了解彼此。,Duōnián de yǒuqíng ràng tāmen fēicháng liǎojiě bǐcǐ.,سال‌ها دوستی باعث شده است که آن‌ها یکدیگر را به‌خوبی بشناسند.,
878,有趣,yǒuqù,HSK 4,形,1,能引起人的兴趣，使人觉得好玩或有意思（形）,جالب؛ سرگرم‌کننده (صفت),形,صفت,很有趣 (hěn yǒuqù) | 有趣的故事 (yǒuqù de gùshi) | 觉得有趣 (juéde yǒuqù),这本书的内容很有趣。,Zhè běn shū de nèiróng hěn yǒuqù.,محتوای این کتاب بسیار جالب است.,
879,游玩,yóuwán,HSK 4,动,1,到某个地方参观、玩乐或休闲（不及物动）,گردش و تفریح کردن (فعل ناگذر),不及物动,فعل ناگذر,外出游玩 (wàichū yóuwán) | 到海边游玩 (dào hǎibiān yóuwán) | 游玩一天 (yóuwán yì tiān),周末我们带孩子去公园游玩。,Zhōumò wǒmen dài háizi qù gōngyuán yóuwán.,آخر هفته بچه را برای گردش و تفریح به پارک بردیم.,
880,有效,yǒuxiào,HSK 4,形,1,能够产生预期的作用或结果（形）,مؤثر؛ کارآمد (صفت),形,صفت,方法有效 (fāngfǎ yǒuxiào) | 措施有效 (cuòshī yǒuxiào) | 证明有效 (zhèngmíng yǒuxiào),这种治疗方法已经被证明有效。,Zhè zhǒng zhìliáo fāngfǎ yǐjīng bèi zhèngmíng yǒuxiào.,مؤثر بودن این روش درمانی ثابت شده است.,
880,有效,yǒuxiào,HSK 4,形,2,具有法律效力或仍在规定的使用期限内（形）,معتبر؛ دارای اعتبار (صفت),形,صفت,合同有效 (hétong yǒuxiào) | 有效证件 (yǒuxiào zhèngjiàn) | 长期有效 (chángqī yǒuxiào),这张护照还有两年有效。,Zhè zhāng hùzhào hái yǒu liǎng nián yǒuxiào.,این گذرنامه هنوز دو سال اعتبار دارد.,
881,优秀,yōuxiù,HSK 4,形,1,品德、能力、成绩或表现等非常好（形）,عالی؛ برجسته (صفت),形,صفت,优秀学生 (yōuxiù xuéshēng) | 表现优秀 (biǎoxiàn yōuxiù) | 非常优秀 (fēicháng yōuxiù),她是一名非常优秀的医生。,Tā shì yì míng fēicháng yōuxiù de yīshēng.,او پزشک بسیار برجسته‌ای است.,
882,友谊,yǒuyì,HSK 4,名,1,朋友、群体或国家之间相互关心、信任和支持的感情或关系（名）,دوستی؛ رابطهٔ دوستانه (اسم),名,اسم,深厚的友谊 (shēnhòu de yǒuyì) | 增进友谊 (zēngjìn yǒuyì) | 两国友谊 (liǎng guó yǒuyì),我们之间的友谊已经保持了很多年。,Wǒmen zhījiān de yǒuyì yǐjīng bǎochí le hěn duō nián.,دوستی میان ما سال‌های زیادی دوام داشته است.,
883,由于,yóuyú,HSK 4,介/连,1,表示原因或理由，可用在名词或分句前（介/连）,به‌دلیل؛ ازآنجاکه (حرف اضافه/حرف ربط),介/连,حرف اضافه/حرف ربط,由于天气原因 (yóuyú tiānqì yuányīn) | 由于工作需要 (yóuyú gōngzuò xūyào) | 由于无法联系 (yóuyú wúfǎ liánxì),由于天气不好，航班被取消了。,"Yóuyú tiānqì bù hǎo, hángbān bèi qǔxiāo le.",پرواز به‌دلیل نامساعد بودن هوا لغو شد.,
884,有着,yǒuzhe,HSK 4,动,1,具有或拥有某种特点、经历、关系等，强调持续存在，多用于较正式的表达（及物动，较正式）,داشتن؛ برخوردار بودن از (فعل گذرا، نسبتاً رسمی),及物动，较正式,فعل گذرا، نسبتاً رسمی,有着丰富经验 (yǒuzhe fēngfù jīngyàn) | 有着重要意义 (yǒuzhe zhòngyào yìyì) | 有着悠久历史 (yǒuzhe yōujiǔ lìshǐ),这座城市有着悠久的历史。,Zhè zuò chéngshì yǒuzhe yōujiǔ de lìshǐ.,این شهر از تاریخی طولانی برخوردار است.,
885,与,yǔ,HSK 4,介/连,1,连接并列的人或事物，相当于“和”（连，书面）,و (حرف ربط، نوشتاری),连，书面,حرف ربط، نوشتاری,父母与孩子 (fùmǔ yǔ háizi) | 理论与实践 (lǐlùn yǔ shíjiàn) | 质量与价格 (zhìliàng yǔ jiàgé),这篇文章讨论了环境与健康的关系。,Zhè piān wénzhāng tǎolùn le huánjìng yǔ jiànkāng de guānxì.,این مقاله رابطهٔ میان محیط‌زیست و سلامت را بررسی کرده است.,
885,与,yǔ,HSK 4,介/连,2,引出共同做事、发生关系或进行比较的对象，相当于“跟”“同”（介，书面）,با؛ نسبت به (حرف اضافه، نوشتاری),介，书面,حرف اضافه، نوشتاری,与朋友商量 (yǔ péngyou shāngliang) | 与此有关 (yǔ cǐ yǒuguān) | 与过去不同 (yǔ guòqù bùtóng),这件事与他没有关系。,Zhè jiàn shì yǔ tā méiyǒu guānxi.,این موضوع ارتباطی با او ندارد.,
886,原来,yuánlái,HSK 4,形/副,1,起初的、没有改变以前的（形）,اصلی؛ قبلی (صفت),形,صفت,原来的样子 (yuánlái de yàngzi) | 原来的计划 (yuánlái de jìhuà) | 原来的地方 (yuánlái de dìfang),我们决定按照原来的计划进行。,Wǒmen juédìng ànzhào yuánlái de jìhuà jìnxíng.,تصمیم گرفتیم طبق برنامهٔ قبلی پیش برویم.,
886,原来,yuánlái,HSK 4,形/副,2,表示过去曾经是某种情况（副）,قبلاً؛ در گذشته (قید),副,قید,原来住在北京 (yuánlái zhù zài Běijīng) | 原来在这里工作 (yuánlái zài zhèlǐ gōngzuò) | 原来没有这条路 (yuánlái méiyǒu zhè tiáo lù),我原来在上海工作，后来搬到了北京。,"Wǒ yuánlái zài Shànghǎi gōngzuò, hòulái bān dào le Běijīng.",من قبلاً در شانگهای کار می‌کردم و بعد به پکن نقل مکان کردم.,
886,原来,yuánlái,HSK 4,形/副,3,表示经过了解后才发现真实情况（副）,پس معلوم شد؛ در واقع (قید),副,قید,原来如此 (yuánlái rúcǐ) | 原来是你 (yuánlái shì nǐ) | 原来他不知道 (yuánlái tā bù zhīdào),我找了半天，原来钥匙在包里。,"Wǒ zhǎo le bàntiān, yuánlái yàoshi zài bāo li.",کلی دنبالش گشتم؛ آخر معلوم شد کلید داخل کیف است.,
887,远离,yuǎnlí,HSK 4,动,1,离某人、某地或某种事物很远，或逐渐离开、不再接近（及物动）,دور بودن از؛ دور شدن از (فعل گذرا),及物动,فعل گذرا,远离城市 (yuǎnlí chéngshì) | 远离危险 (yuǎnlí wēixiǎn) | 逐渐远离 (zhújiàn yuǎnlí),为了保持健康，我们应该远离烟草。,"Wèile bǎochí jiànkāng, wǒmen yīnggāi yuǎnlí yāncǎo.",برای حفظ سلامتی باید از دخانیات دوری کنیم.,
888,原谅,yuánliàng,HSK 4,动,1,对别人的过错不再责怪或追究（及物动）,بخشیدن؛ عفو کردن (فعل گذرا),及物动,فعل گذرا,请原谅我 (qǐng yuánliàng wǒ) | 请求原谅 (qǐngqiú yuánliàng) | 原谅他的错误 (yuánliàng tā de cuòwù),对不起，请原谅我这一次。,"Duìbuqǐ, qǐng yuánliàng wǒ zhè yí cì.",ببخشید، لطفاً این بار مرا ببخش.,
889,原因,yuányīn,HSK 4,名,1,造成某种结果或情况的因素（名）,علت؛ دلیل (اسم),名,اسم,主要原因 (zhǔyào yuányīn) | 找出原因 (zhǎochū yuányīn) | 什么原因 (shénme yuányīn),医生还没有找到头痛的原因。,Yīshēng hái méiyǒu zhǎodào tóutòng de yuányīn.,پزشک هنوز علت سردرد را پیدا نکرده است.,
890,院长,yuànzhǎng,HSK 4,名,1,医院、学院、研究院、法院等机构的负责人（名）,رئیس بیمارستان، دانشکده یا مؤسسه (اسم),名,اسم,医院院长 (yīyuàn yuànzhǎng) | 学院院长 (xuéyuàn yuànzhǎng) | 担任院长 (dānrèn yuànzhǎng),她是这家医院的院长。,Tā shì zhè jiā yīyuàn de yuànzhǎng.,او رئیس این بیمارستان است.,
891,院子,yuànzi,HSK 4,名,1,房屋前后用墙、建筑物等围起来的露天空地（名）,حیاط (اسم),名,اسم,打扫院子 (dǎsǎo yuànzi) | 院子很大 (yuànzi hěn dà) | 走进院子 (zǒujìn yuànzi),孩子们正在院子里玩。,Háizimen zhèngzài yuànzi li wán.,بچه‌ها در حیاط مشغول بازی‌اند.,
892,约,yuē,HSK 4,动/名/副,1,事先与别人商定见面的时间、地点或一起做某事（及物动）,قرار گذاشتن؛ هماهنگ کردن (فعل گذرا),及物动,فعل گذرا,约朋友见面 (yuē péngyou jiànmiàn) | 约在三点 (yuē zài sān diǎn) | 约好时间 (yuēhǎo shíjiān),我约了朋友周末一起吃饭。,Wǒ yuē le péngyou zhōumò yìqǐ chīfàn.,با دوستم قرار گذاشته‌ام آخر هفته با هم غذا بخوریم.,
892,约,yuē,HSK 4,动/名/副,2,事先商定的见面或安排（名）,قرار؛ وعده (اسم),名,اسم,晚上有约 (wǎnshang yǒu yuē) | 和朋友有约 (hé péngyou yǒu yuē) | 已经有约 (yǐjīng yǒu yuē),对不起，我今晚已经有约了。,"Duìbuqǐ, wǒ jīnwǎn yǐjīng yǒu yuē le.",ببخشید، من امشب از قبل قرار دارم.,
892,约,yuē,HSK 4,动/名/副,3,表示估计的数量，相当于“大约”（副）,حدود؛ تقریباً (قید),副,قید,约十人 (yuē shí rén) | 约三公里 (yuē sān gōnglǐ) | 约占一半 (yuē zhàn yíbàn),会场里大约有五百人。,Huìchǎng li dàyuē yǒu wǔbǎi rén.,حدود پانصد نفر در سالن حضور دارند.,
893,月饼,yuèbǐng,HSK 4,名,1,中国传统节日中秋节常吃的一种圆形糕点（名）,کیک ماه؛ شیرینی مخصوص جشن نیمهٔ پاییز (اسم),名,اسم,吃月饼 (chī yuèbǐng) | 一盒月饼 (yì hé yuèbǐng) | 做月饼 (zuò yuèbǐng),中秋节的时候，一家人会一起吃月饼。,"Zhōngqiū Jié de shíhou, yì jiā rén huì yìqǐ chī yuèbǐng.",در جشن نیمهٔ پاییز اعضای خانواده با هم کیک ماه می‌خورند.,
894,阅读,yuèdú,HSK 4,动,1,认真地看书籍、文章、资料等并理解内容（及物动）,مطالعه کردن؛ خواندن (فعل گذرا),及物动,فعل گذرا,阅读文章 (yuèdú wénzhāng) | 仔细阅读 (zǐxì yuèdú) | 提高阅读能力 (tígāo yuèdú nénglì),请仔细阅读这份文件。,Qǐng zǐxì yuèdú zhè fèn wénjiàn.,لطفاً این سند را با دقت مطالعه کنید.,
895,月份,yuèfèn,HSK 4,名,1,年中的某一个月，也指按月划分的时间单位（名）,ماه؛ ماهِ سال (اسم),名,اسم,这个月份 (zhège yuèfèn) | 出生月份 (chūshēng yuèfèn) | 哪个月份 (nǎge yuèfèn),你最喜欢一年中的哪个月份？,Nǐ zuì xǐhuan yì nián zhōng de nǎge yuèfèn?,کدام ماه سال را بیشتر دوست داری؟,
896,约会,yuēhuì,HSK 4,动/名,1,事先约定见面，现常指恋爱双方见面；也指这种见面（动/名）,قرار ملاقات گذاشتن؛ قرار عاشقانه (فعل/اسم),动/名,فعل/اسم,和男朋友约会 (hé nánpéngyou yuēhuì) | 第一次约会 (dì-yī cì yuēhuì) | 出去约会 (chūqu yuēhuì),他们周末要一起出去约会。,Tāmen zhōumò yào yìqǐ chūqu yuēhuì.,آن‌ها آخر هفته با هم به یک قرار عاشقانه می‌روند.,
897,语法,yǔfǎ,HSK 4,名,1,语言中词语构成、变化和组成句子的规则（名）,دستور زبان (اسم),名,اسم,学习语法 (xuéxí yǔfǎ) | 语法错误 (yǔfǎ cuòwù) | 汉语语法 (Hànyǔ yǔfǎ),这个句子的语法没有问题。,Zhège jùzi de yǔfǎ méiyǒu wèntí.,دستور زبان این جمله مشکلی ندارد.,
898,愉快,yúkuài,HSK 4,形,1,心情轻松、满意而快乐，也可形容经历令人高兴（形）,شاد؛ خوشایند (صفت),形,صفت,心情愉快 (xīnqíng yúkuài) | 合作愉快 (hézuò yúkuài) | 旅途愉快 (lǚtú yúkuài),我们一起度过了一个愉快的周末。,Wǒmen yìqǐ dùguò le yí ge yúkuài de zhōumò.,ما آخر هفتهٔ خوشایندی را با هم گذراندیم.,
899,云,yún,HSK 4,名,1,悬浮在空中、由大量小水滴或冰晶组成的可见物体（名）,ابر (اسم),名,اسم,一朵云 (yì duǒ yún) | 天上的云 (tiānshàng de yún) | 云越来越多 (yún yuèláiyuè duō),天上的云越来越多，可能要下雨了。,"Tiānshàng de yún yuèláiyuè duō, kěnéng yào xiàyǔ le.",ابرهای آسمان بیشتر و بیشتر می‌شوند؛ احتمالاً باران می‌بارد.,
900,允许,yǔnxǔ,HSK 4,动,1,同意某人做某事，或让某种行为、情况可以发生（及物动）,اجازه دادن؛ مجاز دانستن (فعل گذرا),及物动,فعل گذرا,允许进入 (yǔnxǔ jìnrù) | 不允许停车 (bù yǔnxǔ tíngchē) | 得到允许 (dédào yǔnxǔ),这里不允许拍照。,Zhèlǐ bù yǔnxǔ pāizhào.,عکس گرفتن در اینجا مجاز نیست.,
901,于是,yúshì,HSK 4,连,1,表示后一件事紧接着前一件事发生，或是前面情况产生的结果（连）,بنابراین؛ در نتیجه؛ سپس (حرف ربط),连,حرف ربط,于是决定 (yúshì juédìng) | 于是开始 (yúshì kāishǐ) | 于是就 (yúshì jiù),外面下起了大雨，于是我们决定留在家里。,"Wàimian xiàqǐ le dàyǔ, yúshì wǒmen juédìng liú zài jiālǐ.",بیرون باران شدیدی گرفت؛ بنابراین تصمیم گرفتیم در خانه بمانیم.,
902,预习,yùxí,HSK 4,动,1,在上课前提前学习将要讲授的内容（及物动）,پیش‌مطالعه کردن؛ درس را از قبل خواندن (فعل گذرا),及物动,فعل گذرا,预习课文 (yùxí kèwén) | 提前预习 (tíqián yùxí) | 认真预习 (rènzhēn yùxí),老师让我们回家预习下一课。,Lǎoshī ràng wǒmen huí jiā yùxí xià yí kè.,معلم از ما خواست در خانه درس بعدی را از قبل مطالعه کنیم.,
903,再次,zàicì,HSK 4,副,1,又一次；表示相同的动作或情况重复发生（副）,دوباره؛ بار دیگر (قید),副,قید,再次强调 (zàicì qiángdiào) | 再次见面 (zàicì jiànmiàn) | 再次发生 (zàicì fāshēng),很高兴再次见到你。,Hěn gāoxìng zàicì jiàndào nǐ.,خیلی خوشحالم که دوباره می‌بینمت.,
904,再说,zàishuō,HSK 4,动/连,1,表示暂时不谈、不处理或不决定某件事，留到以后（动）,گذاشتن برای بعد؛ بعداً درباره‌اش صحبت کردن (فعل),动,فعل,以后再说 (yǐhòu zàishuō) | 等会儿再说 (děnghuìr zàishuō) | 到时候再说 (dào shíhou zàishuō),这个问题我们以后再说吧。,Zhège wèntí wǒmen yǐhòu zàishuō ba.,بیایید این موضوع را بگذاریم برای بعد.,
904,再说,zàishuō,HSK 4,动/连,2,补充另一个理由或情况，相当于“而且”“况且”（连）,علاوه بر این؛ تازه (حرف ربط),连,حرف ربط,再说了 (zàishuō le) | 再说还有时间 (zàishuō hái yǒu shíjiān) | 再说这也不难 (zàishuō zhè yě bù nán),我不想出去，再说，外面还下着雨呢。,"Wǒ bù xiǎng chūqu, zàishuō, wàimian hái xiàzhe yǔ ne.",دلم نمی‌خواهد بیرون بروم؛ تازه، بیرون هنوز باران می‌بارد.,
905,暂时,zànshí,HSK 4,形/副,1,在较短的一段时间内；短时间内不会长期保持（形/副）,موقت؛ فعلاً (صفت/قید),形/副,صفت/قید,暂时没有 (zànshí méiyǒu) | 暂时停止 (zànshí tíngzhǐ) | 暂时的困难 (zànshí de kùnnan),这个问题暂时还没有解决办法。,Zhège wèntí zànshí hái méiyǒu jiějué bànfǎ.,فعلاً راه‌حلی برای این مشکل وجود ندارد.,
906,暂停,zàntíng,HSK 4,动,1,暂时停止正在进行的事情，之后可能继续（动）,موقتاً متوقف کردن یا شدن؛ مکث کردن (فعل),动,فعل,暂停比赛 (zàntíng bǐsài) | 暂停使用 (zàntíng shǐyòng) | 暂停一下 (zàntíng yíxià),因为下大雨，比赛暂停了。,"Yīnwèi xià dàyǔ, bǐsài zàntíng le.",مسابقه به‌دلیل باران شدید موقتاً متوقف شد.,
907,早餐,zǎocān,HSK 4,名,1,早晨吃的一顿饭（名）,صبحانه (اسم),名,اسم,吃早餐 (chī zǎocān) | 准备早餐 (zhǔnbèi zǎocān) | 一份早餐 (yí fèn zǎocān),我每天早上七点吃早餐。,Wǒ měitiān zǎoshang qī diǎn chī zǎocān.,من هر روز ساعت هفت صبحانه می‌خورم.,
908,早晨,zǎochén,HSK 4,名,1,从天亮到上午八九点左右的一段时间（名）,صبح؛ صبح زود (اسم),名,اسم,每天早晨 (měitiān zǎochén) | 一个早晨 (yí ge zǎochén) | 早晨的阳光 (zǎochén de yángguāng),早晨的空气非常清新。,Zǎochén de kōngqì fēicháng qīngxīn.,هوای صبح بسیار تازه است.,
909,杂志,zázhì,HSK 4,名,1,定期出版、收录文章和图片等内容的刊物（名）,مجله؛ نشریه (اسم),名,اسم,一本杂志 (yì běn zázhì) | 阅读杂志 (yuèdú zázhì) | 杂志上的文章 (zázhì shàng de wénzhāng),我在杂志上读到了一篇有趣的文章。,Wǒ zài zázhì shàng dúdào le yì piān yǒuqù de wénzhāng.,در یک مجله مقالهٔ جالبی خواندم.,
910,增加,zēngjiā,HSK 4,动,1,使数量、程度等变多或变大；也指其自行变多或变大（及物/不及物动）,افزایش دادن؛ افزایش یافتن (فعل گذرا/ناگذر),及物/不及物动,فعل گذرا/ناگذر,增加数量 (zēngjiā shùliàng) | 增加收入 (zēngjiā shōurù) | 逐渐增加 (zhújiàn zēngjiā),今年来这里旅游的人数增加了很多。,Jīnnián lái zhèlǐ lǚyóu de rénshù zēngjiā le hěn duō.,امسال تعداد گردشگران اینجا بسیار افزایش یافته است.,
911,增长,zēngzhǎng,HSK 4,动,1,数量、程度、能力等在一段时间内提高或增多，也可指使知识、才干等增多（及物/不及物动）,رشد کردن؛ افزایش یافتن؛ افزایش دادن (فعل گذرا/ناگذر),及物/不及物动,فعل گذرا/ناگذر,经济增长 (jīngjì zēngzhǎng) | 收入增长 (shōurù zēngzhǎng) | 增长知识 (zēngzhǎng zhīshi),去年的销售额增长了百分之十。,Qùnián de xiāoshòu'é zēngzhǎng le bǎifēnzhī shí.,فروش سال گذشته ده درصد رشد کرد.,
912,责任,zérèn,HSK 4,名,1,应当完成的任务或应尽的义务（名）,مسئولیت؛ وظیفه (اسم),名,اسم,履行责任 (lǚxíng zérèn) | 工作责任 (gōngzuò zérèn) | 对家庭的责任 (duì jiātíng de zérèn),照顾孩子是父母共同的责任。,Zhàogù háizi shì fùmǔ gòngtóng de zérèn.,مراقبت از کودک مسئولیت مشترک پدر و مادر است.,
912,责任,zérèn,HSK 4,名,2,因错误、事故或不良后果而应承担的过失或后果（名）,تقصیر؛ مسئولیت پیامدها (اسم),名,اسم,事故责任 (shìgù zérèn) | 追究责任 (zhuījiū zérèn) | 负主要责任 (fù zhǔyào zérèn),警方正在调查这起事故的责任。,Jǐngfāng zhèngzài diàochá zhè qǐ shìgù de zérèn.,پلیس در حال بررسی مسئولیت این حادثه است.,
913,着火,zháohuǒ,HSK 4,动,1,物体燃烧起来；发生火灾（不及物动）,آتش گرفتن (فعل ناگذر),不及物动,فعل ناگذر,房子着火 (fángzi zháohuǒ) | 突然着火 (tūrán zháohuǒ) | 容易着火 (róngyì zháohuǒ),厨房突然着火了，大家赶紧跑了出去。,"Chúfáng tūrán zháohuǒ le, dàjiā gǎnjǐn pǎo le chūqu.",آشپزخانه ناگهان آتش گرفت و همه با عجله بیرون رفتند.,
914,招聘,zhāopìn,HSK 4,动/名,1,公开招收和聘用工作人员；也指这种活动（动/名）,استخدام کردن؛ استخدام (فعل/اسم),动/名,فعل/اسم,招聘员工 (zhāopìn yuángōng) | 公开招聘 (gōngkāi zhāopìn) | 招聘已经结束 (zhāopìn yǐjīng jiéshù),公司正在招聘软件工程师。,Gōngsī zhèngzài zhāopìn ruǎnjiàn gōngchéngshī.,شرکت در حال استخدام مهندس نرم‌افزار است.,
915,者,zhě,HSK 4,助,1,用在动词、形容词或短语后，指具有某种身份、行为或特点的人或事物（助/语素，书面）,پسوندِ اشاره به شخص یا چیز دارای یک ویژگی (پسوند، نوشتاری),助/语素，书面,پسوند، نوشتاری,愿意参加者 (yuànyì cānjiā zhě) | 符合条件者 (fúhé tiáojiàn zhě) | 不遵守规定者 (bù zūnshǒu guīdìng zhě),符合条件者可以报名参加。,Fúhé tiáojiàn zhě kěyǐ bàomíng cānjiā.,افرادی که شرایط لازم را دارند می‌توانند ثبت‌نام کنند.,
916,证,zhèng,HSK 4,名,1,证明身份、资格或权利等的证件，多用于口语简称（名，口语）,کارت؛ گواهی؛ مدرک (اسم، محاوره‌ای),名，口语,اسم، محاوره‌ای,带上证 (dàishang zhèng) | 证办好了 (zhèng bànhǎo le) | 看一下证 (kàn yíxià zhèng),办事时别忘了带上证。,Bànshì shí bié wàng le dàishang zhèng.,برای انجام کار یادت نرود مدرکت را همراه ببری.,
916,证,zhèng,HSK 4,名,2,可用来证明某事真实的根据，多用于“以……为证”或“有……为证”（名，较正式）,گواه؛ شاهد (اسم، رسمی‌تر),名，较正式,اسم، رسمی‌تر,有照片为证 (yǒu zhàopiàn wéi zhèng) | 以此为证 (yǐ cǐ wéi zhèng) | 有事实为证 (yǒu shìshí wéi zhèng),我说的都是真的，有照片为证。,"Wǒ shuō de dōu shì zhēn de, yǒu zhàopiàn wéi zhèng.",هرچه گفتم حقیقت دارد و برای اثباتش عکس دارم.,
917,整,zhěng,HSK 4,形/动,1,完整的、全部的或没有零头的（形）,کامل؛ تمام؛ رُند (صفت),形,صفت,整套资料 (zhěng tào zīliào) | 整块蛋糕 (zhěng kuài dàngāo) | 一百元整 (yìbǎi yuán zhěng),他把整块蛋糕都吃完了。,Tā bǎ zhěng kuài dàngāo dōu chīwán le.,او تمام کیک را خورد.,
917,整,zhěng,HSK 4,形/动,2,整理、修理或使某物达到需要的状态（及物动，口语）,مرتب کردن؛ درست کردن (فعل گذرا، محاوره‌ای),及物动，口语,فعل گذرا، محاوره‌ای,整房间 (zhěng fángjiān) | 整一下材料 (zhěng yíxià cáiliào) | 把桌子整干净 (bǎ zhuōzi zhěng gānjìng),你先把房间整一整。,Nǐ xiān bǎ fángjiān zhěng yi zhěng.,اول اتاق را کمی مرتب کن.,
917,整,zhěng,HSK 4,形/动,3,捉弄、刁难或故意使某人受苦、陷入麻烦（及物动，口语）,دست انداختن؛ اذیت کردن؛ به دردسر انداختن (فعل گذرا، محاوره‌ای),及物动，口语,فعل گذرا، محاوره‌ای,故意整他 (gùyì zhěng tā) | 被人整惨了 (bèi rén zhěng cǎn le) | 总爱整别人 (zǒng ài zhěng biérén),他总想办法整别人。,Tā zǒng xiǎng bànfǎ zhěng biérén.,او همیشه دنبال راهی برای اذیت کردن دیگران است.,
917,整,zhěng,HSK 4,形/动,4,弄、做或准备某种东西，带有北方方言色彩（及物动，口语）,درست کردن؛ جور کردن؛ آماده کردن (فعل گذرا، محاوره‌ای و بیشتر شمالی),及物动，口语,فعل گذرا، محاوره‌ای و بیشتر شمالی,整点吃的 (zhěng diǎn chī de) | 整几个菜 (zhěng jǐ ge cài) | 整一杯喝的 (zhěng yì bēi hē de),我们先整点吃的吧。,Wǒmen xiān zhěng diǎn chī de ba.,بیا اول یک چیزی برای خوردن درست کنیم.,
918,正常,zhèngcháng,HSK 4,形,1,符合一般规律、标准或应有状态，没有异常（形）,عادی؛ طبیعی (صفت),形,صفت,身体正常 (shēntǐ zhèngcháng) | 恢复正常 (huīfù zhèngcháng) | 一切正常 (yíqiè zhèngcháng),检查结果显示一切正常。,Jiǎnchá jiéguǒ xiǎnshì yíqiè zhèngcháng.,نتیجهٔ معاینه نشان می‌دهد که همه‌چیز طبیعی است.,
919,整个,zhěnggè,HSK 4,形,1,表示某个事物、范围或过程的全部（形）,تمامِ؛ کلِ (صفت),形,صفت,整个过程 (zhěnggè guòchéng) | 整个城市 (zhěnggè chéngshì) | 整个下午 (zhěnggè xiàwǔ),整个过程只用了十分钟。,Zhěnggè guòchéng zhǐ yòng le shí fēnzhōng.,کل فرایند فقط ده دقیقه طول کشید.,
920,正好,zhènghǎo,HSK 4,形/副,1,数量、时间、大小或程度等恰好合适或准确（形/副）,دقیقاً؛ درست؛ به‌اندازه (صفت/قید),形/副,صفت/قید,正好十点 (zhènghǎo shí diǎn) | 大小正好 (dàxiǎo zhènghǎo) | 数量正好 (shùliàng zhènghǎo),这双鞋的大小正好。,Zhè shuāng xié de dàxiǎo zhènghǎo.,اندازهٔ این کفش دقیقاً مناسب است.,
920,正好,zhènghǎo,HSK 4,形/副,2,表示某种情况碰巧出现或正符合当时的需要（副）,اتفاقاً؛ درست همان موقع (قید),副,قید,正好有空 (zhènghǎo yǒu kòng) | 正好遇见 (zhènghǎo yùjiàn) | 正好需要 (zhènghǎo xūyào),你来得正好，我正需要你的帮助。,"Nǐ lái de zhènghǎo, wǒ zhèng xūyào nǐ de bāngzhù.",درست به‌موقع آمدی؛ به کمکت نیاز داشتم.,
921,证件,zhèngjiàn,HSK 4,名,1,证明身份、资格、权利等的正式文件或卡片（名）,مدرک شناسایی؛ گواهی؛ کارت رسمی (اسم),名,اسم,出示证件 (chūshì zhèngjiàn) | 有效证件 (yǒuxiào zhèngjiàn) | 携带证件 (xiédài zhèngjiàn),办理手续时请出示有效证件。,Bànlǐ shǒuxù shí qǐng chūshì yǒuxiào zhèngjiàn.,هنگام انجام مراحل اداری، لطفاً مدرک معتبر ارائه دهید.,
922,整理,zhěnglǐ,HSK 4,动,1,把物品、资料或思路等按一定顺序收拾、分类或归纳（及物动）,مرتب کردن؛ دسته‌بندی کردن؛ سامان دادن (فعل گذرا),及物动,فعل گذرا,整理房间 (zhěnglǐ fángjiān) | 整理资料 (zhěnglǐ zīliào) | 整理思路 (zhěnglǐ sīlù),我需要把会议记录整理一下。,Wǒ xūyào bǎ huìyì jìlù zhěnglǐ yíxià.,باید یادداشت‌های جلسه را کمی مرتب و تنظیم کنم.,
923,证明,zhèngmíng,HSK 4,动/名,1,用事实、材料或理由表明某件事真实、正确或成立（及物动）,ثابت کردن؛ نشان دادن (فعل گذرا),及物动,فعل گذرا,证明事实 (zhèngmíng shìshí) | 证明有效 (zhèngmíng yǒuxiào) | 足以证明 (zúyǐ zhèngmíng),研究结果证明这种方法是有效的。,Yánjiū jiéguǒ zhèngmíng zhè zhǒng fāngfǎ shì yǒuxiào de.,نتیجهٔ پژوهش نشان می‌دهد که این روش مؤثر است.,
923,证明,zhèngmíng,HSK 4,动/名,2,用来证明身份、经历或某种事实的材料或文件（名）,مدرک؛ گواهی (اسم),名,اسم,开证明 (kāi zhèngmíng) | 一份证明 (yí fèn zhèngmíng) | 提供证明 (tígōng zhèngmíng),申请时需要提供工作证明。,Shēnqǐng shí xūyào tígōng gōngzuò zhèngmíng.,هنگام درخواست باید گواهی اشتغال ارائه شود.,
924,正确,zhèngquè,HSK 4,形,1,符合事实、规律、标准或要求，没有错误（形）,درست؛ صحیح (صفت),形,صفت,答案正确 (dá'àn zhèngquè) | 判断正确 (pànduàn zhèngquè) | 正确的方法 (zhèngquè de fāngfǎ),你的答案完全正确。,Nǐ de dá'àn wánquán zhèngquè.,پاسخ تو کاملاً درست است.,
925,正式,zhèngshì,HSK 4,形/副,1,符合规定程序、得到认可或用于严肃场合；也表示按规定公开进行（形/副）,رسمی؛ رسماً (صفت/قید),形/副,صفت/قید,正式通知 (zhèngshì tōngzhī) | 正式开始 (zhèngshì kāishǐ) | 正式员工 (zhèngshì yuángōng),新规定将从下个月正式实施。,Xīn guīdìng jiāng cóng xià ge yuè zhèngshì shíshī.,مقررات جدید از ماه آینده رسماً اجرا خواهد شد.,
926,真正,zhēnzhèng,HSK 4,形/副,1,真实、名副其实而不是表面或虚假的；也表示确实达到某种程度（形/副）,واقعی؛ حقیقی؛ واقعاً (صفت/قید),形/副,صفت/قید,真正的原因 (zhēnzhèng de yuányīn) | 真正理解 (zhēnzhèng lǐjiě) | 真正的朋友 (zhēnzhèng de péngyou),真正的朋友会在你困难时帮助你。,Zhēnzhèng de péngyou huì zài nǐ kùnnan shí bāngzhù nǐ.,دوست واقعی هنگام سختی به تو کمک می‌کند.,
927,值,zhí,HSK 4,动/名,1,具有相当于某个价格或付出某种代价的价值（及物动）,ارزیدن؛ ارزش داشتن (فعل گذرا),及物动,فعل گذرا,值多少钱 (zhí duōshao qián) | 值这个价 (zhí zhège jià) | 不值那么多钱 (bù zhí nàme duō qián),这块手表值多少钱？,Zhè kuài shǒubiǎo zhí duōshao qián?,این ساعت چقدر می‌ارزد؟,
927,值,zhí,HSK 4,动/名,2,正遇到某个时间、阶段或情况（及物动，书面）,مصادف بودن با؛ واقع شدن در (فعل گذرا، نوشتاری),及物动，书面,فعل گذرا، نوشتاری,正值夏季 (zhèng zhí xiàjì) | 值此机会 (zhí cǐ jīhuì) | 正值高峰期 (zhèng zhí gāofēngqī),现在正值旅游旺季，酒店很难预订。,"Xiànzài zhèng zhí lǚyóu wàngjì, jiǔdiàn hěn nán yùdìng.",اکنون فصل شلوغ گردشگری است و رزرو هتل دشوار است.,
927,值,zhí,HSK 4,动/名,3,按照安排在一定时间内担任工作或保持值守（及物动）,شیفت دادن؛ نگهبانی دادن (فعل گذرا),及物动,فعل گذرا,值夜班 (zhí yèbān) | 值了一夜 (zhí le yí yè) | 替同事值一天 (tì tóngshì zhí yì tiān),今晚轮到我值夜班。,Jīnwǎn lúndào wǒ zhí yèbān.,امشب نوبت من است که شیفت شب بدهم.,
927,值,zhí,HSK 4,动/名,4,数学式、变量或量所代表的数（名）,مقدار؛ ارزش عددی (اسم، ریاضی),名,اسم، ریاضی,x的值 (x de zhí) | 值为零 (zhí wéi líng) | 计算这个值 (jìsuàn zhège zhí),在这个公式中，x的值等于五。,"Zài zhège gōngshì zhōng, x de zhí děngyú wǔ.",در این فرمول مقدار ایکس برابر با پنج است.,
928,指,zhǐ,HSK 4,动,1,用手指等朝向某人或某物（及物动）,اشاره کردن به؛ نشان دادن (فعل گذرا),及物动,فعل گذرا,指着门口 (zhǐzhe ménkǒu) | 指给我看 (zhǐ gěi wǒ kàn) | 用手指了指 (yòng shǒu zhǐ le zhǐ),他指着前面的楼说：“我就住在那里。”,Tā zhǐzhe qiánmian de lóu shuō: “Wǒ jiù zhù zài nàli.”,او به ساختمان روبه‌رو اشاره کرد و گفت: «من همان‌جا زندگی می‌کنم.»,
928,指,zhǐ,HSK 4,动,2,表示所说的人、事物或范围是什么（及物动）,منظور بودن؛ اشاره داشتن به (فعل گذرا),及物动,فعل گذرا,指某个人 (zhǐ mǒu ge rén) | 具体指什么 (jùtǐ zhǐ shénme) | 这里指的是 (zhèlǐ zhǐ de shì),这里说的“儿童”是指十四岁以下的人。,Zhèlǐ shuō de “értóng” shì zhǐ shísì suì yǐxià de rén.,منظور از «کودک» در اینجا افراد زیر چهارده سال است.,
929,之,zhī,HSK 4,助,1,连接修饰语和中心语，相当于“的”，多用于书面语（助，书面）,نشانۀ اضافه، معادل «ـِ» یا «که متعلق به» (حرف دستوری، نوشتاری),助，书面,حرف دستوری، نوشتاری,成功之路 (chénggōng zhī lù) | 意料之外 (yìliào zhī wài) | 两者之间 (liǎngzhě zhī jiān),这只是解决问题的方法之一。,Zhè zhǐshì jiějué wèntí de fāngfǎ zhī yī.,این فقط یکی از راه‌های حل مسئله است.,
929,之,zhī,HSK 4,助,2,用于分数中，放在分母和分子之间（助）,برای ساختن کسر و درصد، میان مخرج و صورت (حرف دستوری),助,حرف دستوری,三分之一 (sān fēn zhī yī) | 百分之十 (bǎifēn zhī shí) | 四分之三 (sì fēn zhī sān),这个班三分之一的学生住在学校。,Zhège bān sān fēn zhī yī de xuésheng zhù zài xuéxiào.,یک‌سوم دانش‌آموزان این کلاس در مدرسه اقامت دارند.,
930,支持,zhīchí,HSK 4,动,1,赞同并在行动、精神或物质上给予帮助（及物动）,حمایت کردن از؛ پشتیبانی کردن از (فعل گذرا),及物动,فعل گذرا,支持决定 (zhīchí juédìng) | 得到支持 (dédào zhīchí) | 全力支持 (quánlì zhīchí),无论你怎么选择，我都会支持你。,"Wúlùn nǐ zěnme xuǎnzé, wǒ dōu huì zhīchí nǐ.",هر انتخابی که بکنی، از تو حمایت می‌کنم.,
930,支持,zhīchí,HSK 4,动,2,具有运行某种功能、使用某种技术或处理某种形式的能力（及物动）,پشتیبانی کردن از؛ قابلیتِ چیزی را داشتن (فعل گذرا),及物动,فعل گذرا,支持中文 (zhīchí Zhōngwén) | 支持多种格式 (zhīchí duō zhǒng géshì) | 支持在线支付 (zhīchí xiànshàng zhīfù),这个软件支持多种语言。,Zhège ruǎnjiàn zhīchí duō zhǒng yǔyán.,این نرم‌افزار از چندین زبان پشتیبانی می‌کند.,
931,指出,zhǐchū,HSK 4,动,1,明确地说出或说明某个问题、事实、错误等（及物动）,خاطرنشان کردن؛ نشان دادن؛ گوشزد کردن (فعل گذرا),及物动,فعل گذرا,指出问题 (zhǐchū wèntí) | 指出错误 (zhǐchū cuòwù) | 明确指出 (míngquè zhǐchū),老师指出了我文章中的几个错误。,Lǎoshī zhǐchū le wǒ wénzhāng zhōng de jǐ ge cuòwù.,معلم چند اشتباه را در نوشته‌ام گوشزد کرد.,
932,值得,zhíde,HSK 4,动,1,有足够的价值或理由去做、关注或获得（能愿动）,ارزش داشتن؛ ارزشِ انجام دادن داشتن (فعل وجهی),能愿动,فعل وجهی,值得一看 (zhíde yí kàn) | 值得学习 (zhíde xuéxí) | 值得注意 (zhíde zhùyì),这本书很值得一读。,Zhè běn shū hěn zhíde yì dú.,این کتاب واقعاً ارزش خواندن دارد.,
933,支付,zhīfù,HSK 4,动,1,付出应付的钱款或费用（及物动）,پرداخت کردن (فعل گذرا),及物动,فعل گذرا,支付费用 (zhīfù fèiyòng) | 支付工资 (zhīfù gōngzī) | 在线支付 (xiànshàng zhīfù),这笔费用可以用手机支付。,Zhè bǐ fèiyòng kěyǐ yòng shǒujī zhīfù.,این هزینه را می‌توان با تلفن همراه پرداخت کرد.,
934,只好,zhǐhǎo,HSK 4,副,1,没有别的选择，只能这样做（副）,ناچار؛ چاره‌ای جز این نداشتن (قید),副,قید,只好放弃 (zhǐhǎo fàngqì) | 只好等待 (zhǐhǎo děngdài) | 只好回去 (zhǐhǎo huíqu),末班车已经走了，我们只好打车回家。,"Mòbānchē yǐjīng zǒu le, wǒmen zhǐhǎo dǎchē huí jiā.",آخرین اتوبوس رفته بود و ناچار شدیم با تاکسی به خانه برگردیم.,
935,之后,zhīhòu,HSK 4,名,1,某个时间、事件或阶段的后面（方位名）,پس از؛ بعد از آن (اسم زمان),方位名,اسم زمان,毕业之后 (bìyè zhīhòu) | 不久之后 (bùjiǔ zhīhòu) | 从那之后 (cóng nà zhīhòu),吃完晚饭之后，我们出去散了会儿步。,"Chīwán wǎnfàn zhīhòu, wǒmen chūqu sàn le huìr bù.",بعد از شام، کمی برای قدم زدن بیرون رفتیم.,
936,之间,zhījiān,HSK 4,名,1,两个或多个事物在空间、时间或关系上的中间范围（方位名）,میان؛ بین (اسم),方位名,اسم,两国之间 (liǎng guó zhījiān) | 朋友之间 (péngyou zhījiān) | 一夜之间 (yí yè zhījiān),朋友之间应该互相信任。,Péngyou zhījiān yīnggāi hùxiāng xìnrèn.,دوستان باید به یکدیگر اعتماد داشته باشند.,
937,直接,zhíjiē,HSK 4,形/副,1,不经过中间的人、环节或事物（形/副）,مستقیم؛ مستقیماً (صفت/قید),形/副,صفت/قید,直接联系 (zhíjiē liánxì) | 直接到达 (zhíjiē dàodá) | 直接原因 (zhíjiē yuányīn),有问题可以直接联系我。,Yǒu wèntí kěyǐ zhíjiē liánxì wǒ.,اگر مشکلی بود، می‌توانید مستقیماً با من تماس بگیرید.,
937,直接,zhíjiē,HSK 4,形,2,说话或表达不绕弯子，明确而坦率（形）,صریح؛ بی‌پرده (صفت),形,صفت,说得很直接 (shuō de hěn zhíjiē) | 表达得很直接 (biǎodá de hěn zhíjiē) | 态度直接 (tàidu zhíjiē),他说话很直接，有时会让人不舒服。,"Tā shuōhuà hěn zhíjiē, yǒushí huì ràng rén bù shūfu.",او خیلی بی‌پرده حرف می‌زند و گاهی باعث ناراحتی دیگران می‌شود.,
938,纸巾,zhǐjīn,HSK 4,名,1,用来擦脸、擦手等的一次性软纸（名）,دستمال کاغذی (اسم),名,اسم,一张纸巾 (yì zhāng zhǐjīn) | 递纸巾 (dì zhǐjīn) | 用纸巾擦手 (yòng zhǐjīn cā shǒu),请递给我一张纸巾。,Qǐng dì gěi wǒ yì zhāng zhǐjīn.,لطفاً یک دستمال کاغذی به من بده.,
939,质量,zhìliàng,HSK 4,名,1,产品、工作等的优劣程度（名）,کیفیت (اسم),名,اسم,产品质量 (chǎnpǐn zhìliàng) | 提高质量 (tígāo zhìliàng) | 保证质量 (bǎozhèng zhìliàng),这家公司的产品质量很好。,Zhè jiā gōngsī de chǎnpǐn zhìliàng hěn hǎo.,کیفیت محصولات این شرکت بسیار خوب است.,
939,质量,zhìliàng,HSK 4,名,2,物体所含物质的多少，是物理学中的基本量（名，物理）,جرم (اسم، فیزیک),名，物理,اسم، فیزیک,物体的质量 (wùtǐ de zhìliàng) | 测量质量 (cèliáng zhìliàng) | 质量不变 (zhìliàng bú biàn),这个物体的质量是两千克。,Zhège wùtǐ de zhìliàng shì liǎng qiānkè.,جرم این جسم دو کیلوگرم است.,
940,之前,zhīqián,HSK 4,名,1,某个时间、事件或阶段的前面（方位名）,پیش از؛ قبل از آن (اسم زمان),方位名,اسم زمان,出发之前 (chūfā zhīqián) | 结婚之前 (jiéhūn zhīqián) | 在此之前 (zài cǐ zhīqián),出发之前，请检查一下行李。,"Chūfā zhīqián, qǐng jiǎnchá yíxià xíngli.",پیش از حرکت، لطفاً وسایلتان را بررسی کنید.,
941,至少,zhìshǎo,HSK 4,副,1,表示最小的数量或最低的程度（副）,دست‌کم؛ حداقل (قید),副,قید,至少三次 (zhìshǎo sān cì) | 至少需要 (zhìshǎo xūyào) | 至少有一点 (zhìshǎo yǒu yìdiǎn),完成这项工作至少需要三天。,Wánchéng zhè xiàng gōngzuò zhìshǎo xūyào sān tiān.,انجام این کار دست‌کم سه روز زمان می‌برد.,
942,知识,zhīshi,HSK 4,名,1,通过学习、实践或经验获得的认识和信息（名）,دانش؛ اطلاعات (اسم),名,اسم,学习知识 (xuéxí zhīshi) | 专业知识 (zhuānyè zhīshi) | 掌握知识 (zhǎngwò zhīshi),阅读可以帮助我们学到更多知识。,Yuèdú kěyǐ bāngzhù wǒmen xuédào gèng duō zhīshi.,مطالعه به ما کمک می‌کند دانش بیشتری به دست بیاوریم.,
943,植物,zhíwù,HSK 4,名,1,通常固定生长在一个地方、能进行光合作用的生物（名）,گیاه (اسم),名,اسم,种植植物 (zhòngzhí zhíwù) | 绿色植物 (lǜsè zhíwù) | 保护植物 (bǎohù zhíwù),这种植物需要充足的阳光。,Zhè zhǒng zhíwù xūyào chōngzú de yángguāng.,این گیاه به نور کافی خورشید نیاز دارد.,
944,职业,zhíyè,HSK 4,名/形,1,个人长期从事并以此获得收入的工作（名）,شغل؛ حرفه (اسم),名,اسم,选择职业 (xuǎnzé zhíyè) | 从事某种职业 (cóngshì mǒu zhǒng zhíyè) | 理想职业 (lǐxiǎng zhíyè),教师是她一直向往的职业。,Jiàoshī shì tā yìzhí xiàngwǎng de zhíyè.,معلمی شغلی است که او همیشه آرزویش را داشته است.,
944,职业,zhíyè,HSK 4,名/形,2,以某项活动为正式工作并以此获得收入的；非业余的（形）,حرفه‌ای؛ غیرآماتور (صفت),形,صفت,职业运动员 (zhíyè yùndòngyuán) | 职业选手 (zhíyè xuǎnshǒu) | 职业球队 (zhíyè qiúduì),他曾经是一名职业足球运动员。,Tā céngjīng shì yì míng zhíyè zúqiú yùndòngyuán.,او قبلاً بازیکن حرفه‌ای فوتبال بود.,
945,之中,zhīzhōng,HSK 4,名,1,某个范围、群体或事物的内部，相当于“其中”或“里面”（方位名）,در میان؛ درون (اسم),方位名,اسم,人群之中 (rénqún zhīzhōng) | 讨论之中 (tǎolùn zhīzhōng) | 三者之中 (sān zhě zhīzhōng),在这些办法之中，这个最有效。,"Zài zhèxiē bànfǎ zhīzhōng, zhège zuì yǒuxiào.",در میان این راه‌ها، این یکی از همه مؤثرتر است.,
946,中餐,zhōngcān,HSK 4,名,1,中国风格的饭菜，与“西餐”相对（名）,غذای چینی (اسم),名,اسم,吃中餐 (chī zhōngcān) | 中餐文化 (zhōngcān wénhuà) | 中餐和西餐 (zhōngcān hé xīcān),这家饭店主要提供中餐。,Zhè jiā fàndiàn zhǔyào tígōng zhōngcān.,این رستوران بیشتر غذای چینی ارائه می‌دهد.,
946,中餐,zhōngcān,HSK 4,名,2,中午吃的一餐，较正式（名）,ناهار (اسم، رسمی‌تر),名,اسم، رسمی‌تر,准备中餐 (zhǔnbèi zhōngcān) | 中餐时间 (zhōngcān shíjiān) | 吃过中餐 (chīguo zhōngcān),会议结束后，公司为大家准备了中餐。,"Huìyì jiéshù hòu, gōngsī wèi dàjiā zhǔnbèi le zhōngcān.",پس از پایان جلسه، شرکت برای همه ناهار آماده کرد.,
947,重点,zhòngdiǎn,HSK 4,名/形/副,1,事物中最重要或最需要注意的部分（名）,نکتهٔ اصلی؛ بخش مهم (اسم),名,اسم,抓住重点 (zhuāzhù zhòngdiǎn) | 突出重点 (tūchū zhòngdiǎn) | 工作重点 (gōngzuò zhòngdiǎn),请把这篇文章的重点写下来。,Qǐng bǎ zhè piān wénzhāng de zhòngdiǎn xiě xialai.,لطفاً نکات اصلی این مقاله را یادداشت کنید.,
947,重点,zhòngdiǎn,HSK 4,名/形/副,2,最重要的或需要特别重视地（形/副）,مهم و اصلی؛ به‌طور ویژه (صفت/قید),形/副,صفت/قید,重点项目 (zhòngdiǎn xiàngmù) | 重点介绍 (zhòngdiǎn jièshào) | 重点关注 (zhòngdiǎn guānzhù),老师重点讲解了这几个问题。,Lǎoshī zhòngdiǎn jiǎngjiě le zhè jǐ ge wèntí.,معلم این چند مسئله را با تأکید ویژه توضیح داد.,
948,中年,zhōngnián,HSK 4,名/形,1,介于青年和老年之间的年龄阶段；处于这一年龄阶段的（名/形）,میانسالی؛ میان‌سال (اسم/صفت),名/形,اسم/صفت,步入中年 (bùrù zhōngnián) | 人到中年 (rén dào zhōngnián) | 中年男子 (zhōngnián nánzǐ),人到中年以后，更要注意身体健康。,"Rén dào zhōngnián yǐhòu, gèng yào zhùyì shēntǐ jiànkāng.",آدم پس از رسیدن به میانسالی باید بیشتر مراقب سلامتی‌اش باشد.,
949,重视,zhòngshì,HSK 4,动,1,认为某人或某事重要并认真对待（及物动）,اهمیت دادن به؛ جدی گرفتن (فعل گذرا),及物动,فعل گذرا,重视教育 (zhòngshì jiàoyù) | 高度重视 (gāodù zhòngshì) | 受到重视 (shòudào zhòngshì),公司非常重视员工的意见。,Gōngsī fēicháng zhòngshì yuángōng de yìjiàn.,شرکت برای نظر کارکنان اهمیت زیادی قائل است.,
950,周围,zhōuwéi,HSK 4,名/形,1,某个地方或事物四周的范围；在其四周的（方位名/形）,اطراف؛ پیرامون؛ اطرافِ (اسم/صفت),方位名/形,اسم/صفت,房子周围 (fángzi zhōuwéi) | 看看周围 (kànkan zhōuwéi) | 周围环境 (zhōuwéi huánjìng),学校周围有很多小吃店。,Xuéxiào zhōuwéi yǒu hěn duō xiǎochīdiàn.,اطراف مدرسه غذاخوری‌های کوچک زیادی وجود دارد.,
951,祝,zhù,HSK 4,动,1,向别人表示良好的愿望（及物动）,آرزو کردن؛ تبریک گفتن (فعل گذرا),及物动,فعل گذرا,祝你成功 (zhù nǐ chénggōng) | 祝旅途愉快 (zhù lǚtú yúkuài) | 祝身体健康 (zhù shēntǐ jiànkāng),祝你生日快乐！,Zhù nǐ shēngrì kuàilè!,تولدت مبارک!,
951,祝,Zhù,HSK 4,名,2,姓氏（专名）,نام خانوادگی «جو» (اسم خاص),专名,اسم خاص,祝老师 (Zhù lǎoshī) | 祝先生 (Zhù xiānsheng) | 姓祝 (xìng Zhù),祝老师今天没有来上课。,Zhù lǎoshī jīntiān méiyǒu lái shàngkè.,معلم جو امروز سر کلاس نیامد.,
952,赚,zhuàn,HSK 4,动,1,通过劳动、买卖或投资等获得钱或利润（及物动）,پول درآوردن؛ سود کردن (فعل گذرا),及物动,فعل گذرا,赚钱 (zhuàn qián) | 赚利润 (zhuàn lìrùn) | 赚了一笔钱 (zhuàn le yì bǐ qián),他开这家店一年赚了不少钱。,Tā kāi zhè jiā diàn yì nián zhuàn le bù shǎo qián.,او در یک سال از این مغازه پول زیادی درآورد.,
953,转,zhuǎn,HSK 4,动,1,改变身体、物体或行进的方向（及物动/不及物动）,چرخاندن؛ پیچیدن؛ رو برگرداندن (فعل گذرا/ناگذر),及物动/不及物动,فعل گذرا/ناگذر,向左转 (xiàng zuǒ zhuǎn) | 转过身 (zhuǎn guò shēn) | 转了个弯 (zhuǎn le ge wān),他听见有人叫他，马上转过身来。,"Tā tīngjiàn yǒu rén jiào tā, mǎshàng zhuǎn guò shēn lái.",وقتی شنید کسی صدایش می‌زند، فوراً برگشت.,
953,转,zhuǎn,HSK 4,动,2,把人、钱或物品等从一处移到另一处或交给别人（及物动）,منتقل کردن؛ حواله کردن (فعل گذرا),及物动,فعل گذرا,转给别人 (zhuǎn gěi biérén) | 转到新账户 (zhuǎn dào xīn zhànghù) | 把钱转过去 (bǎ qián zhuǎn guòqu),我已经把钱转到你的账户了。,Wǒ yǐjīng bǎ qián zhuǎn dào nǐ de zhànghù le.,پول را به حسابت منتقل کرده‌ام.,
953,转,zhuǎn,HSK 4,动,3,由一种状态变成另一种状态（不及物动）,تغییر کردن؛ تبدیل شدن (فعل ناگذر),不及物动,فعل ناگذر,天气转冷 (tiānqì zhuǎn lěng) | 病情转好 (bìngqíng zhuǎn hǎo) | 脸色转白 (liǎnsè zhuǎn bái),入秋以后，天气渐渐转凉了。,"Rùqiū yǐhòu, tiānqì jiànjiàn zhuǎn liáng le.",با رسیدن پاییز، هوا کم‌کم خنک شد.,
953,转,zhuàn,HSK 4,动,4,围绕一个中心旋转（不及物动）,چرخیدن؛ دوران کردن (فعل ناگذر),不及物动,فعل ناگذر,轮子在转 (lúnzi zài zhuàn) | 转了一圈 (zhuàn le yì quān) | 不停地转 (bùtíng de zhuàn),风扇转得太慢了。,Fēngshàn zhuàn de tài màn le.,پنکه خیلی آهسته می‌چرخد.,
953,转,zhuàn,HSK 4,动,5,四处走动、闲逛或察看（不及物动，口语）,گشتن؛ چرخ زدن (فعل ناگذر، محاوره‌ای),不及物动，口语,فعل ناگذر، محاوره‌ای,到处转转 (dàochù zhuànzhuan) | 上街转转 (shàng jiē zhuànzhuan) | 转了半天 (zhuàn le bàntiān),吃完饭，我们去附近转了转。,"Chīwán fàn, wǒmen qù fùjìn zhuàn le zhuan.",بعد از غذا کمی در اطراف چرخ زدیم.,
954,转发,zhuǎnfā,HSK 4,动,1,把收到的信息、文件或网上的内容发送给其他人（及物动）,بازفرستادن؛ هم‌رسانی کردن (فعل گذرا),及物动,فعل گذرا,转发邮件 (zhuǎnfā yóujiàn) | 转发消息 (zhuǎnfā xiāoxi) | 转发给朋友 (zhuǎnfā gěi péngyou),请把这封邮件转发给所有同事。,Qǐng bǎ zhè fēng yóujiàn zhuǎnfā gěi suǒyǒu tóngshì.,لطفاً این ایمیل را برای همهٔ همکاران بازبفرستید.,
955,装,zhuāng,HSK 4,动,1,把东西放进容器、车辆或某个空间里（及物动）,داخل چیزی گذاشتن؛ بار زدن (فعل گذرا),及物动,فعل گذرا,装进箱子 (zhuāng jìn xiāngzi) | 装满水 (zhuāngmǎn shuǐ) | 车上装着货 (chē shàng zhuāngzhe huò),请把这些书装进箱子里。,Qǐng bǎ zhèxiē shū zhuāng jìn xiāngzi li.,لطفاً این کتاب‌ها را داخل جعبه بگذارید.,
955,装,zhuāng,HSK 4,动,2,把设备、零件等安置并固定在某处（及物动）,نصب کردن؛ سوار کردن (فعل گذرا),及物动,فعل گذرا,装空调 (zhuāng kōngtiáo) | 装新灯 (zhuāng xīn dēng) | 装上轮子 (zhuāngshàng lúnzi),我们准备在客厅装一台空调。,Wǒmen zhǔnbèi zài kètīng zhuāng yì tái kōngtiáo.,می‌خواهیم در اتاق نشیمن یک دستگاه تهویه نصب کنیم.,
955,装,zhuāng,HSK 4,动,3,故意表现出并非真实的样子（及物动/不及物动，口语）,تظاهر کردن؛ خود را به چیزی زدن (فعل، محاوره‌ای),及物动/不及物动，口语,فعل، محاوره‌ای,装不知道 (zhuāng bù zhīdào) | 装可怜 (zhuāng kělián) | 别装了 (bié zhuāng le),你明明知道，别装不知道。,"Nǐ míngmíng zhīdào, bié zhuāng bù zhīdào.",خودت خوب می‌دانی؛ خودت را به ندانستن نزن.,
956,转机,zhuǎnjī,HSK 4,名,1,事情由困难或不利转向好转的机会（名）,نقطهٔ عطف؛ فرصت بهبود اوضاع (اسم),名,اسم,出现转机 (chūxiàn zhuǎnjī) | 迎来转机 (yínglái zhuǎnjī) | 事情有了转机 (shìqing yǒu le zhuǎnjī),经过多次谈判，事情终于有了转机。,"Jīngguò duō cì tánpàn, shìqing zhōngyú yǒu le zhuǎnjī.",پس از چندین دور مذاکره، بالاخره اوضاع رو به بهبود رفت.,
956,转机,zhuǎnjī,HSK 4,动,2,乘飞机途中换乘另一架飞机（不及物动）,پرواز عوض کردن؛ سوار پرواز بعدی شدن (فعل ناگذر),不及物动,فعل ناگذر,在北京转机 (zài Běijīng zhuǎnjī) | 转机一次 (zhuǎnjī yí cì) | 转机时间 (zhuǎnjī shíjiān),我们要在伊斯坦布尔转机。,Wǒmen yào zài Yīsītǎnbù'ěr zhuǎnjī.,باید در استانبول پروازمان را عوض کنیم.,
957,专门,zhuānmén,HSK 4,形,1,专为某种需要或某类人、事物设置的；具有特定用途或专业性质的（形）,ویژه؛ تخصصی (صفت),形,صفت,专门机构 (zhuānmén jīgòu) | 专门人才 (zhuānmén réncái) | 专门课程 (zhuānmén kèchéng),学校为外国学生开设了专门课程。,Xuéxiào wèi wàiguó xuésheng kāishè le zhuānmén kèchéng.,مدرسه برای دانشجویان خارجی دوره‌ای ویژه برگزار کرده است.,
957,专门,zhuānmén,HSK 4,副,2,表示特意为某个目的而做某事（副）,مخصوصاً؛ به‌طور خاص (قید),副,قید,专门来一趟 (zhuānmén lái yí tàng) | 专门为此准备 (zhuānmén wèi cǐ zhǔnbèi) | 专门去买 (zhuānmén qù mǎi),我今天是专门来感谢你的。,Wǒ jīntiān shì zhuānmén lái gǎnxiè nǐ de.,امروز مخصوصاً آمده‌ام تا از تو تشکر کنم.,
958,专业,zhuānyè,HSK 4,名,1,高等学校或专门学校中按学科划分的学习领域（名）,رشتهٔ تحصیلی (اسم),名,اسم,选择专业 (xuǎnzé zhuānyè) | 学习专业 (xuéxí zhuānyè) | 更换专业 (gēnghuàn zhuānyè),你在大学学的是什么专业？,Nǐ zài dàxué xué de shì shénme zhuānyè?,در دانشگاه چه رشته‌ای خوانده‌ای؟,
958,专业,zhuānyè,HSK 4,形,2,具有专门知识、技能或符合行业标准的（形）,تخصصی؛ حرفه‌ای (صفت),形,صفت,专业知识 (zhuānyè zhīshi) | 专业人员 (zhuānyè rényuán) | 表现得很专业 (biǎoxiàn de hěn zhuānyè),这个问题需要请专业人员来处理。,Zhège wèntí xūyào qǐng zhuānyè rényuán lái chǔlǐ.,برای رسیدگی به این مشکل باید از فردی متخصص کمک گرفت.,
959,祝贺,zhùhè,HSK 4,动,1,因别人取得成就或遇到喜事而表示高兴和庆贺（及物动）,تبریک گفتن (فعل گذرا),及物动,فعل گذرا,祝贺成功 (zhùhè chénggōng) | 向他祝贺 (xiàng tā zhùhè) | 表示祝贺 (biǎoshì zhùhè),祝贺你顺利通过了考试！,Zhùhè nǐ shùnlì tōngguò le kǎoshì!,تبریک می‌گویم که با موفقیت در امتحان قبول شدی!,
960,著名,zhùmíng,HSK 4,形,1,名声很大，很多人都知道（形）,مشهور؛ نامدار (صفت),形,صفت,著名作家 (zhùmíng zuòjiā) | 世界著名 (shìjiè zhùmíng) | 因此而著名 (yīncǐ ér zhùmíng),这座城市以古老的建筑而著名。,Zhè zuò chéngshì yǐ gǔlǎo de jiànzhù ér zhùmíng.,این شهر به بناهای قدیمی‌اش مشهور است.,
961,准,zhǔn,HSK 4,形,1,正确、精确，与实际情况相符（形）,دقیق؛ درست (صفت),形,صفت,说得准 (shuō de zhǔn) | 猜得很准 (cāi de hěn zhǔn) | 钟走得准 (zhōng zǒu de zhǔn),天气预报说得很准，下午果然下雨了。,"Tiānqì yùbào shuō de hěn zhǔn, xiàwǔ guǒrán xiàyǔ le.",پیش‌بینی هوا دقیق بود و بعدازظهر واقعاً باران آمد.,
961,准,zhǔn,HSK 4,动,2,允许某人做某事（及物动）,اجازه دادن (فعل گذرا),及物动,فعل گذرا,不准说话 (bù zhǔn shuōhuà) | 准他参加 (zhǔn tā cānjiā) | 准你请假 (zhǔn nǐ qǐngjià),上课时不准使用手机。,Shàngkè shí bù zhǔn shǐyòng shǒujī.,هنگام کلاس اجازهٔ استفاده از تلفن همراه را ندارید.,
961,准,zhǔn,HSK 4,名,3,作为判断或执行的标准，多用于“以……为准”（名）,ملاک؛ معیار (اسم),名,اسم,以通知为准 (yǐ tōngzhī wéi zhǔn) | 以时间为准 (yǐ shíjiān wéi zhǔn) | 以实际情况为准 (yǐ shíjì qíngkuàng wéi zhǔn),活动时间以最新通知为准。,Huódòng shíjiān yǐ zuìxīn tōngzhī wéi zhǔn.,زمان برنامه بر اساس آخرین اطلاعیه تعیین می‌شود.,
961,准,zhǔn,HSK 4,副,4,表示非常有把握，相当于“一定”，多用于口语（副，口语）,حتماً؛ به‌طور قطع (قید، محاوره‌ای),副，口语,قید، محاوره‌ای,准会成功 (zhǔn huì chénggōng) | 准没问题 (zhǔn méi wèntí) | 准能找到 (zhǔn néng zhǎodào),你现在出发，准能赶上火车。,"Nǐ xiànzài chūfā, zhǔn néng gǎnshàng huǒchē.",اگر همین حالا راه بیفتی، حتماً به قطار می‌رسی.,
962,准确,zhǔnquè,HSK 4,形,1,完全符合事实、标准或实际情况，没有错误（形）,دقیق؛ درست (صفت),形,صفت,准确回答 (zhǔnquè huídá) | 信息准确 (xìnxī zhǔnquè) | 准确判断 (zhǔnquè pànduàn),请准确填写你的姓名和地址。,Qǐng zhǔnquè tiánxiě nǐ de xìngmíng hé dìzhǐ.,لطفاً نام و نشانی خود را دقیق وارد کنید.,
963,准时,zhǔnshí,HSK 4,形/副,1,在规定或约定的时间到达或进行，不迟到（形/副）,سروقت؛ به‌موقع (صفت/قید),形/副,صفت/قید,准时到达 (zhǔnshí dàodá) | 准时上班 (zhǔnshí shàngbān) | 准时出发 (zhǔnshí chūfā),请大家明天准时到达。,Qǐng dàjiā míngtiān zhǔnshí dàodá.,لطفاً همه فردا سروقت بیایند.,
964,主意,zhǔyi,HSK 4,名,1,解决问题的想法、办法或决定（名）,فکر؛ نظر؛ راه‌حل (اسم),名,اسم,好主意 (hǎo zhǔyi) | 出主意 (chū zhǔyi) | 拿主意 (ná zhǔyi),这个主意不错，我们可以试一试。,"Zhège zhǔyi búcuò, wǒmen kěyǐ shì yí shì.",فکر خوبی است؛ می‌توانیم امتحانش کنیم.,
965,自,zì,HSK 4,介,1,表示时间或地点的起点，相当于“从”，多用于书面语（介，书面）,از؛ از زمانِ (حرف اضافه، نوشتاری),介，书面,حرف اضافه، نوشتاری,自北京出发 (zì Běijīng chūfā) | 自那以后 (zì nà yǐhòu) | 自明天起 (zì míngtiān qǐ),这项规定自下个月起实行。,Zhè xiàng guīdìng zì xià ge yuè qǐ shíxíng.,این مقررات از ماه آینده اجرا می‌شود.,
966,资料,zīliào,HSK 4,名,1,可供参考、研究或了解情况的信息和材料（名）,اطلاعات؛ مدارک؛ منابع (اسم),名,اسم,查找资料 (cházhǎo zīliào) | 收集资料 (shōují zīliào) | 个人资料 (gèrén zīliào),写报告之前，我需要收集一些资料。,"Xiě bàogào zhīqián, wǒ xūyào shōují yìxiē zīliào.",پیش از نوشتن گزارش، باید مقداری اطلاعات جمع‌آوری کنم.,
967,自然,zìrán,HSK 4,名,1,包括动物、植物、山川、气候等在内的客观世界（名）,طبیعت (اسم),名,اسم,亲近自然 (qīnjìn zìrán) | 保护自然 (bǎohù zìrán) | 回归自然 (huíguī zìrán),周末我们喜欢到郊外亲近自然。,Zhōumò wǒmen xǐhuan dào jiāowài qīnjìn zìrán.,آخر هفته دوست داریم برای وقت‌گذرانی در طبیعت به حومهٔ شهر برویم.,
967,自然,zìrán,HSK 4,形,2,符合事物本来的状态或规律；不勉强、不做作（形）,طبیعی؛ بی‌تکلف (صفت),形,صفت,自然现象 (zìrán xiànxiàng) | 表情自然 (biǎoqíng zìrán) | 看起来自然 (kànqilai zìrán),她面对镜头时，表情很自然。,"Tā miànduì jìngtóu shí, biǎoqíng hěn zìrán.",حالت چهره‌اش جلوی دوربین کاملاً طبیعی بود.,
967,自然,zìrán,HSK 4,副,3,表示按照通常情况必然会有某种结果；当然（副）,طبعاً؛ طبیعتاً؛ البته (قید),副,قید,自然会明白 (zìrán huì míngbai) | 自然不能同意 (zìrán bù néng tóngyì) | 自然有办法 (zìrán yǒu bànfǎ),时间长了，你自然会明白。,"Shíjiān cháng le, nǐ zìrán huì míngbai.",با گذشت زمان، طبیعتاً متوجه می‌شوی.,
968,自习,zìxí,HSK 4,动/名,1,学生在没有教师讲课的情况下自己学习；学校安排的这种学习时间（动/名）,مطالعهٔ فردی؛ ساعت مطالعه (فعل/اسم),动/名,فعل/اسم,在教室自习 (zài jiàoshì zìxí) | 上自习 (shàng zìxí) | 自习时间 (zìxí shíjiān),晚上我通常在图书馆自习。,Wǎnshang wǒ tōngcháng zài túshūguǎn zìxí.,شب‌ها معمولاً در کتابخانه به‌تنهایی درس می‌خوانم.,
969,仔细,zǐxì,HSK 4,形/副,1,认真、细心，不忽略细节（形/副）,بادقت؛ دقیق (صفت/قید),形/副,صفت/قید,仔细检查 (zǐxì jiǎnchá) | 看得很仔细 (kàn de hěn zǐxì) | 仔细考虑 (zǐxì kǎolǜ),请仔细检查一遍填写的信息。,Qǐng zǐxì jiǎnchá yí biàn tiánxiě de xìnxī.,لطفاً اطلاعات واردشده را یک بار بادقت بررسی کنید.,
970,自信,zìxìn,HSK 4,形,1,相信自己的能力或判断（形）,بااعتمادبه‌نفس؛ مطمئن به خود (صفت),形,صفت,非常自信 (fēicháng zìxìn) | 对自己很自信 (duì zìjǐ hěn zìxìn) | 自信地回答 (zìxìn de huídá),她对自己的能力很自信。,Tā duì zìjǐ de nénglì hěn zìxìn.,او به توانایی‌های خودش اطمینان زیادی دارد.,
970,自信,zìxìn,HSK 4,名,2,对自己能力或判断的信心（名）,اعتمادبه‌نفس (اسم),名,اسم,充满自信 (chōngmǎn zìxìn) | 失去自信 (shīqù zìxìn) | 增强自信 (zēngqiáng zìxìn),这次成功让他有了更多自信。,Zhè cì chénggōng ràng tā yǒu le gèng duō zìxìn.,این موفقیت اعتمادبه‌نفس بیشتری به او داد.,
971,自学,zìxué,HSK 4,动,1,不依靠教师直接指导，主要靠自己学习（及物动/不及物动）,خودآموزی کردن؛ خودآموز یاد گرفتن (فعل),及物动/不及物动,فعل,自学中文 (zìxué Zhōngwén) | 在家自学 (zài jiā zìxué) | 自学成才 (zìxué chéngcái),他利用业余时间自学了日语。,Tā lìyòng yèyú shíjiān zìxué le Rìyǔ.,او در اوقات فراغتش زبان ژاپنی را به‌صورت خودآموز یاد گرفت.,
972,总结,zǒngjié,HSK 4,动,1,对工作、学习或经验等进行分析归纳，得出规律或结论（及物动）,جمع‌بندی کردن؛ خلاصه کردن (فعل گذرا),及物动,فعل گذرا,总结经验 (zǒngjié jīngyàn) | 总结教训 (zǒngjié jiàoxun) | 总结工作 (zǒngjié gōngzuò),会议结束前，经理总结了大家的意见。,"Huìyì jiéshù qián, jīnglǐ zǒngjié le dàjiā de yìjiàn.",مدیر پیش از پایان جلسه نظرهای همه را جمع‌بندی کرد.,
972,总结,zǒngjié,HSK 4,名,2,对一段工作、学习或活动所作的归纳和结论（名）,جمع‌بندی؛ گزارش نهایی (اسم),名,اسم,工作总结 (gōngzuò zǒngjié) | 写总结 (xiě zǒngjié) | 年终总结 (niánzhōng zǒngjié),请在月底前交一份工作总结。,Qǐng zài yuèdǐ qián jiāo yí fèn gōngzuò zǒngjié.,لطفاً تا پایان ماه یک گزارش جمع‌بندی کار تحویل دهید.,
973,组,zǔ,HSK 4,名,1,由若干人或事物组成的一个集体或类别（名）,گروه؛ دسته (اسم),名,اسم,分成两组 (fēnchéng liǎng zǔ) | 第一组 (dì-yī zǔ) | 在同一组 (zài tóng yì zǔ),老师把我们分成了三个组。,Lǎoshī bǎ wǒmen fēnchéng le sān ge zǔ.,معلم ما را به سه گروه تقسیم کرد.,
973,组,zǔ,HSK 4,动,2,把若干人或事物组织在一起（及物动）,تشکیل دادن؛ گرد هم آوردن (فعل گذرا),及物动,فعل گذرا,组一个团队 (zǔ yí ge tuánduì) | 组乐队 (zǔ yuèduì) | 临时组的 (línshí zǔ de),他们准备组一支新的篮球队。,Tāmen zhǔnbèi zǔ yì zhī xīn de lánqiúduì.,آن‌ها می‌خواهند یک تیم بسکتبال جدید تشکیل دهند.,
973,组,zǔ,HSK 4,量,3,用于成组的人、事物、数据或动作（量）,گروه؛ مجموعه (واحد شمارش),量,واحد شمارش,一组数据 (yì zǔ shùjù) | 两组照片 (liǎng zǔ zhàopiàn) | 三组动作 (sān zǔ dòngzuò),报告中加入了两组最新数据。,Bàogào zhōng jiārù le liǎng zǔ zuìxīn shùjù.,دو مجموعه دادهٔ جدید به گزارش اضافه شد.,
974,租,zū,HSK 4,动,1,付钱暂时使用别人的房屋、车辆或物品（及物动）,اجاره کردن؛ کرایه کردن (فعل گذرا),及物动,فعل گذرا,租房子 (zū fángzi) | 租一辆车 (zū yí liàng chē) | 租一个月 (zū yí ge yuè),我们在学校附近租了一套房子。,Wǒmen zài xuéxiào fùjìn zū le yí tào fángzi.,ما نزدیک مدرسه خانه‌ای اجاره کردیم.,
974,租,zū,HSK 4,动,2,收取费用，让别人暂时使用自己的房屋、车辆或物品（及物动）,اجاره دادن؛ کرایه دادن (فعل گذرا),及物动,فعل گذرا,租给学生 (zū gěi xuésheng) | 把房子租出去 (bǎ fángzi zū chūqu) | 按月租给别人 (àn yuè zū gěi biérén),他把空房间租给了一名学生。,Tā bǎ kòng fángjiān zū gěi le yì míng xuésheng.,او اتاق خالی را به یک دانشجو اجاره داد.,
975,最终,zuìzhōng,HSK 4,形/副,1,经过一段过程后最后出现或确定的；到最后（形/副）,نهایی؛ سرانجام (صفت/قید),形/副,صفت/قید,最终结果 (zuìzhōng jiéguǒ) | 最终决定 (zuìzhōng juédìng) | 最终完成 (zuìzhōng wánchéng),经过讨论，大家最终同意了这个方案。,"Jīngguò tǎolùn, dàjiā zuìzhōng tóngyì le zhège fāng'àn.",پس از بحث، همه سرانجام با این طرح موافقت کردند.,
976,尊重,zūnzhòng,HSK 4,动,1,重视并以适当的态度对待他人的人格、权利、意见或选择（及物动）,احترام گذاشتن به؛ محترم شمردن (فعل گذرا),及物动,فعل گذرا,尊重别人 (zūnzhòng biérén) | 尊重意见 (zūnzhòng yìjiàn) | 相互尊重 (xiānghù zūnzhòng),我们应该尊重每个人的选择。,Wǒmen yīnggāi zūnzhòng měi ge rén de xuǎnzé.,باید به انتخاب هر فرد احترام بگذاریم.,
977,座,zuò,HSK 4,量,1,用于山、建筑物、桥梁等较大且固定的事物（量）,واحد شمارش کوه، ساختمان، پل و مانند آن (واحد شمارش),量,واحد شمارش,一座山 (yí zuò shān) | 一座大楼 (yí zuò dàlóu) | 一座桥 (yí zuò qiáo),河上新建了一座桥。,Hé shàng xīnjiàn le yí zuò qiáo.,یک پل جدید روی رودخانه ساخته شده است.,
978,做法,zuòfǎ,HSK 4,名,1,处理某件事情的方法或采取的行动（名）,روش؛ شیوهٔ عمل (اسم),名,اسم,正确的做法 (zhèngquè de zuòfǎ) | 改变做法 (gǎibiàn zuòfǎ) | 同意这种做法 (tóngyì zhè zhǒng zuòfǎ),你的做法是对的，不用担心。,"Nǐ de zuòfǎ shì duì de, búyòng dānxīn.",روش تو درست است؛ نگران نباش.,
979,作家,zuòjiā,HSK 4,名,1,从事文学创作并有一定成就的人（名）,نویسنده (اسم),名,اسم,著名作家 (zhùmíng zuòjiā) | 当代作家 (dāngdài zuòjiā) | 成为作家 (chéngwéi zuòjiā),她从小就希望成为一名作家。,Tā cóngxiǎo jiù xīwàng chéngwéi yì míng zuòjiā.,او از کودکی آرزو داشت نویسنده شود.,
980,做梦,zuòmèng,HSK 4,动,1,睡眠中出现连续的形象、声音或感觉（不及物动）,خواب دیدن (فعل ناگذر),不及物动,فعل ناگذر,晚上做梦 (wǎnshang zuòmèng) | 做了一个梦 (zuò le yí ge mèng) | 经常做梦 (jīngcháng zuòmèng),我昨晚做了一个奇怪的梦。,Wǒ zuówǎn zuò le yí ge qíguài de mèng.,دیشب خواب عجیبی دیدم.,
980,做梦,zuòmèng,HSK 4,动,2,幻想不可能实现的事情，多用于否定或讽刺（不及物动，口语）,خیال خام در سر پروراندن؛ خوابش را دیدن (فعل ناگذر، محاوره‌ای),不及物动，口语,فعل ناگذر، محاوره‌ای,简直是在做梦 (jiǎnzhí shì zài zuòmèng) | 别做梦了 (bié zuòmèng le) | 你就做梦吧 (nǐ jiù zuòmèng ba),你不努力还想成功，简直是在做梦。,"Nǐ bù nǔlì hái xiǎng chénggōng, jiǎnzhí shì zài zuòmèng.",بدون تلاش انتظار موفقیت داری؟ در خواب ببینی!,
981,作品,zuòpǐn,HSK 4,名,1,文学、艺术或学术等方面创作出来的成果（名）,اثر؛ اثر هنری یا ادبی (اسم),名,اسم,文学作品 (wénxué zuòpǐn) | 发表作品 (fābiǎo zuòpǐn) | 代表作品 (dàibiǎo zuòpǐn),这部小说是他最著名的作品。,Zhè bù xiǎoshuō shì tā zuì zhùmíng de zuòpǐn.,این رمان مشهورترین اثر اوست.,
982,作为,zuòwéi,HSK 4,动,1,把某人或某物当作某种身份、用途或依据（及物动）,به‌عنوان چیزی در نظر گرفتن؛ به کار بردن (فعل گذرا),及物动,فعل گذرا,作为参考 (zuòwéi cānkǎo) | 作为依据 (zuòwéi yījù) | 作为礼物 (zuòwéi lǐwù),我们可以把这个例子作为参考。,Wǒmen kěyǐ bǎ zhège lìzi zuòwéi cānkǎo.,می‌توانیم این مثال را به‌عنوان مرجع در نظر بگیریم.,
982,作为,zuòwéi,HSK 4,介,2,表示以某种身份、立场或性质来看（介）,به‌عنوانِ؛ در مقامِ (حرف اضافه),介,حرف اضافه,作为学生 (zuòwéi xuésheng) | 作为朋友 (zuòwéi péngyou) | 作为负责人 (zuòwéi fùzérén),作为老师，我有责任帮助学生。,"Zuòwéi lǎoshī, wǒ yǒu zérèn bāngzhù xuésheng.",من به‌عنوان معلم وظیفه دارم به دانش‌آموزان کمک کنم.,
982,作为,zuòwéi,HSK 4,名,3,一个人的行为、表现或所作所为，多用于较正式的表达（名，较正式）,کردار؛ عملکرد (اسم، رسمی‌تر),名，较正式,اسم، رسمی‌تر,这样的作为 (zhèyàng de zuòwéi) | 评价他的作为 (píngjià tā de zuòwéi) | 对自己的作为负责 (duì zìjǐ de zuòwéi fùzé),他的这种作为让大家很失望。,Tā de zhè zhǒng zuòwéi ràng dàjiā hěn shīwàng.,این رفتار او همه را بسیار ناامید کرد.,
982,作为,zuòwéi,HSK 4,名,4,在事业或工作中取得的成绩，多用于“有所作为”等结构（名，较正式）,دستاورد؛ موفقیت چشمگیر (اسم، رسمی‌تر),名，较正式,اسم، رسمی‌تر,有所作为 (yǒusuǒ zuòwéi) | 有一番作为 (yǒu yì fān zuòwéi) | 难有作为 (nán yǒu zuòwéi),年轻人应该在工作中有所作为。,Niánqīngrén yīnggāi zài gōngzuò zhōng yǒusuǒ zuòwéi.,جوانان باید در کارشان منشأ اثر باشند.,
983,座位,zuòwèi,HSK 4,名,1,供人坐的位置（名）,صندلی؛ جای نشستن (اسم),名,اسم,空座位 (kòng zuòwèi) | 安排座位 (ānpái zuòwèi) | 回到座位 (huídào zuòwèi),请回到自己的座位上。,Qǐng huídào zìjǐ de zuòwèi shàng.,لطفاً به صندلی خودتان برگردید.,
984,作文,zuòwén,HSK 4,名,1,学生为练习写作而写的文章（名）,انشا (اسم),名,اسم,写作文 (xiě zuòwén) | 一篇作文 (yì piān zuòwén) | 修改作文 (xiūgǎi zuòwén),老师让我们写一篇关于童年的作文。,Lǎoshī ràng wǒmen xiě yì piān guānyú tóngnián de zuòwén.,معلم از ما خواست انشایی دربارهٔ دوران کودکی بنویسیم.,
985,作用,zuòyòng,HSK 4,名,1,事物所产生的影响、效果或具有的功能（名）,اثر؛ تأثیر؛ کارکرد (اسم),名,اسم,发挥作用 (fāhuī zuòyòng) | 产生作用 (chǎnshēng zuòyòng) | 主要作用 (zhǔyào zuòyòng),这种药对减轻疼痛有一定作用。,Zhè zhǒng yào duì jiǎnqīng téngtòng yǒu yídìng zuòyòng.,این دارو تا حدی در کاهش درد مؤثر است.,
985,作用,zuòyòng,HSK 4,动,2,对人或事物产生影响，多用于“作用于”（不及物动，较正式）,اثر گذاشتن بر؛ تأثیر کردن بر (فعل ناگذر، رسمی‌تر),不及物动，较正式,فعل ناگذر، رسمی‌تر,作用于人体 (zuòyòng yú réntǐ) | 直接作用于 (zhíjiē zuòyòng yú) | 相互作用 (xiānghù zuòyòng),这种物质会直接作用于神经系统。,Zhè zhǒng wùzhì huì zhíjiē zuòyòng yú shénjīng xìtǒng.,این ماده مستقیماً بر دستگاه عصبی اثر می‌گذارد.,
986,左右,zuǒyòu,HSK 4,名,1,左边和右边；周围的范围（方位名）,چپ و راست؛ اطراف (اسم),方位名,اسم,看看左右 (kànkan zuǒyòu) | 左右两边 (zuǒyòu liǎngbiān) | 环顾左右 (huángù zuǒyòu),过马路前要先看看左右。,Guò mǎlù qián yào xiān kànkan zuǒyòu.,پیش از عبور از خیابان باید اول چپ و راست را نگاه کرد.,
986,左右,zuǒyòu,HSK 4,助,2,放在数量词后，表示大约、上下（助）,حدود؛ تقریباً (پس از عدد),助,پس از عدد,三十岁左右 (sānshí suì zuǒyòu) | 两点左右 (liǎng diǎn zuǒyòu) | 一百元左右 (yìbǎi yuán zuǒyòu),会议大概在五点左右结束。,Huìyì dàgài zài wǔ diǎn zuǒyòu jiéshù.,جلسه احتمالاً حدود ساعت پنج تمام می‌شود.,
986,左右,zuǒyòu,HSK 4,动,3,控制或影响他人的想法、决定或事情的发展（及物动）,تحت تأثیر قرار دادن؛ کنترل کردن (فعل گذرا),及物动,فعل گذرا,左右局势 (zuǒyòu júshì) | 左右决定 (zuǒyòu juédìng) | 受人左右 (shòu rén zuǒyòu),不要让别人的意见左右你的决定。,Búyào ràng biérén de yìjiàn zuǒyòu nǐ de juédìng.,اجازه نده نظر دیگران بر تصمیم تو تأثیر بگذارد.,
987,作者,zuòzhě,HSK 4,名,1,创作文章、书籍、艺术品等的人（名）,نویسنده؛ پدیدآورنده (اسم),名,اسم,原作者 (yuán zuòzhě) | 作者本人 (zuòzhě běnrén) | 联系作者 (liánxì zuòzhě),这本书的作者是一位年轻作家。,Zhè běn shū de zuòzhě shì yí wèi niánqīng zuòjiā.,نویسندهٔ این کتاب نویسنده‌ای جوان است.,
