word_id,chinese_word,pinyin,word_hsk_level,official_pos,sense_id,chinese_meaning,persian_meaning,chinese_pos,persian_pos,collocations,example_chinese,example_pinyin,example_persian_translation,notes
1,唉,āi,HSK 5,叹,1,表示答应、应声或同意（叹）,بله؛ چشم؛ باشه (حرف ندا),叹,حرف ندا,"唉，我来了 (āi, wǒ lái le) | 唉，知道了 (āi, zhīdào le) | 唉，马上来 (āi, mǎshàng lái)",唉，我马上就来。,"Āi, wǒ mǎshàng jiù lái.",چشم، همین الان می‌آیم.,
1,唉,ài,HSK 5,叹,2,表示伤感、惋惜、同情或无奈（叹）,آه؛ افسوس؛ ای بابا (حرف ندا),叹,حرف ندا,"唉，真可惜 (ài, zhēn kěxī) | 唉，没办法 (ài, méi bànfǎ) | 唉，又失败了 (ài, yòu shībài le)",唉，这次又没成功。,"Ài, zhè cì yòu méi chénggōng.",آه، این بار هم موفق نشدیم.,
2,哎,āi,HSK 5,叹,1,表示招呼、提醒或引起别人的注意（叹）,هی؛ آهای (حرف ندا),叹,حرف ندا,"哎，你等等 (āi, nǐ děngdeng) | 哎，看这里 (āi, kàn zhèlǐ) | 哎，别走 (āi, bié zǒu)",哎，你的手机忘拿了！,"Āi, nǐ de shǒujī wàng ná le!",هی، یادت رفت گوشیت را برداری!,
2,哎,āi,HSK 5,叹,2,表示惊讶、不满、醒悟或突然想起某事（叹）,اِ؛ اِ بابا؛ عجب (حرف ندا),叹,حرف ندا,"哎，怎么回事 (āi, zěnme huíshì) | 哎，真麻烦 (āi, zhēn máfan) | 哎，我想起来了 (āi, wǒ xiǎngqilai le)",哎，我怎么把这件事忘了！,"Āi, wǒ zěnme bǎ zhè jiàn shì wàng le!",اِ، چطور این موضوع را فراموش کردم!,
2,哎,āi,HSK 5,叹,3,表示答应或回应别人的呼唤，也常写作“唉”（叹）,بله؛ چشم؛ جانم (حرف ندا),叹,حرف ندا,"哎，我在这儿 (āi, wǒ zài zhèr) | 哎，马上来 (āi, mǎshàng lái) | 哎，知道了 (āi, zhīdào le)",“你过来一下！”“哎，来了！”,"“Nǐ guòlai yíxià!” “Āi, lái le!”",«یک لحظه بیا!» «چشم، آمدم!»,
3,爱护,àihù,HSK 5,动,1,爱惜并保护，使不受损害 (动),مراقبت کردن از؛ محافظت کردن از؛ باارزش دانستن و از آسیب حفظ کردن (فعل),动,فعل,爱护环境 (àihù huánjìng) | 爱护公共财物 (àihù gōnggòng cáiwù) | 爱护动物 (àihù dòngwù) | 爱护儿童 (àihù értóng),我们应该爱护环境。,Wǒmen yīnggāi àihù huánjìng.,ما باید از محیط زیست مراقبت کنیم.,
4,哎呀,āiyā,HSK 5,叹,1,表示惊讶、意外、着急、埋怨、痛苦或赞叹等强烈感情 (叹),وای؛ ای وای؛ عجب؛ برای بیان تعجب، اتفاق غیرمنتظره، نگرانی، شکایت، درد یا تحسین (حرف ندا),叹,حرف ندا,"哎呀，糟了 (āiyā, zāo le) | 哎呀，我忘了 (āiyā, wǒ wàng le) | 哎呀，真漂亮 (āiyā, zhēn piàoliang) | 哎呀，好疼 (āiyā, hǎo téng)",哎呀，我把钥匙忘在家里了！,"Āiyā, wǒ bǎ yàoshi wàng zài jiālǐ le!",وای، کلیدم را در خانه جا گذاشتم!,
5,暗,àn,HSK 5,形,1,光线不足；不明亮（形）,تاریک؛ کم‌نور (صفت),形,صفت,天色很暗 (tiānsè hěn àn) | 屋里很暗 (wū li hěn àn) | 光线太暗 (guāngxiàn tài àn),房间里太暗了，我什么都看不见。,"Fángjiān li tài àn le, wǒ shénme dōu kàn bu jiàn.",اتاق خیلی تاریک است و من هیچ‌چیز نمی‌بینم.,
5,暗,àn,HSK 5,形,2,颜色不鲜明或比较深（形）,تیره؛ مات (صفت),形,صفت,颜色偏暗 (yánsè piān àn) | 色调很暗 (sèdiào hěn àn) | 看起来有点暗 (kànqilai yǒudiǎn àn),这件衣服的颜色有点儿暗。,Zhè jiàn yīfu de yánsè yǒudiǎnr àn.,رنگ این لباس کمی تیره است.,
6,安,ān,HSK 5,动,1,把门窗、设备、零件等装在适当的位置（及物动）,نصب کردن؛ کار گذاشتن (فعل گذرا),及物动,فعل گذرا,安一把锁 (ān yì bǎ suǒ) | 安一扇门 (ān yí shàn mén) | 安新空调 (ān xīn kōngtiáo),他们给门安了一把新锁。,Tāmen gěi mén ān le yì bǎ xīn suǒ.,آن‌ها قفل جدیدی روی در نصب کردند.,
6,安,ān,HSK 5,动,2,把人安排在合适的位置或住处（及物动，口语）,جا دادن؛ اسکان دادن (فعل گذرا، محاوره‌ای),及物动，口语,فعل گذرا، محاوره‌ای,把客人安在楼上 (bǎ kèrén ān zài lóushàng) | 给他安个住处 (gěi tā ān ge zhùchù) | 先把孩子安好 (xiān bǎ háizi ān hǎo),我们先把客人安在二楼。,Wǒmen xiān bǎ kèrén ān zài èr lóu.,اول مهمان‌ها را در طبقهٔ دوم جا می‌دهیم.,
6,安,ān,HSK 5,动,3,心里怀有某种念头或意图，多指不好的意图（及物动，口语）,نیتی در سر داشتن؛ قصد داشتن (فعل گذرا، محاوره‌ای),及物动，口语,فعل گذرا، محاوره‌ای,安的什么心 (ān de shénme xīn) | 没安好心 (méi ān hǎo xīn) | 不知安了什么心 (bù zhī ān le shénme xīn),你到底安的什么心？,Nǐ dàodǐ ān de shénme xīn?,واقعاً چه نیتی در سر داری؟,
6,安,Ān,HSK 5,名,4,姓氏（专名）,نام خانوادگی «اَن» (اسم خاص),专名,اسم خاص,安先生 (Ān xiānsheng) | 安老师 (Ān lǎoshī) | 姓安 (xìng Ān),安老师今天请假了。,Ān lǎoshī jīntiān qǐngjià le.,معلم اَن امروز مرخصی گرفته است.,
7,安全带,ānquándài,HSK 5,名,1,为保障人身安全而设置的带状保护装置，常用于汽车、飞机等 (名),کمربند ایمنی؛ وسیله نواری‌شکل برای محافظت از افراد در خودرو، هواپیما و مانند آن (اسم),名,اسم,系安全带 (jì ānquándài) | 解开安全带 (jiěkāi ānquándài) | 后排安全带 (hòupái ānquándài) | 安全带扣 (ānquándài kòu),开车前请系好安全带。,Kāichē qián qǐng jì hǎo ānquándài.,لطفاً پیش از حرکت با خودرو کمربند ایمنی خود را ببندید.,
8,安慰,ānwèi,HSK 5,动,1,减轻别人或自己的痛苦、忧虑或悲伤（及物动）,دلداری دادن؛ تسلی دادن (فعل گذرا),及物动,فعل گذرا,安慰朋友 (ānwèi péngyou) | 安慰孩子 (ānwèi háizi) | 安慰自己 (ānwèi zìjǐ) | 好好安慰他 (hǎohāo ānwèi tā),我不知道该怎么安慰他。,Wǒ bù zhīdào gāi zěnme ānwèi tā.,نمی‌دانم چگونه باید او را دلداری بدهم.,
8,安慰,ānwèi,HSK 5,名,2,使人感到安心、宽慰的事物或感受（名）,تسلی؛ مایهٔ آرامش (اسم),名,اسم,得到安慰 (dédào ānwèi) | 一种安慰 (yì zhǒng ānwèi) | 心理安慰 (xīnlǐ ānwèi) | 带来安慰 (dàilái ānwèi),你的话给了我很大的安慰。,Nǐ de huà gěi le wǒ hěn dà de ānwèi.,حرف‌هایت برایم مایهٔ آرامش زیادی بود.,
9,安装,ānzhuāng,HSK 5,动,1,按照一定的方法和要求，把机器、设备、部件等固定或装置在一定的位置 (动),نصب کردن؛ سوار کردن؛ قطعه، دستگاه یا تجهیزات را طبق روش مشخص در جای معینی قرار دادن و آماده استفاده کردن (فعل),动,فعل,安装设备 (ānzhuāng shèbèi) | 安装空调 (ānzhuāng kōngtiáo) | 安装摄像头 (ānzhuāng shèxiàngtóu) | 安装零件 (ānzhuāng língjiàn),工人正在安装新的设备。,Gōngrén zhèngzài ānzhuāng xīn de shèbèi.,کارگران در حال نصب تجهیزات جدید هستند.,
9,安装,ānzhuāng,HSK 5,动,2,把软件、程序或系统装入计算机、手机等设备，使其可以使用 (动),نصب کردن نرم‌افزار، برنامه یا سیستم روی رایانه، تلفن همراه یا دستگاه دیجیتال برای قابل‌استفاده شدن آن (فعل),动,فعل,安装软件 (ānzhuāng ruǎnjiàn) | 安装程序 (ānzhuāng chéngxù) | 安装系统 (ānzhuāng xìtǒng) | 下载安装 (xiàzài ānzhuāng),我已经安装了这个软件。,Wǒ yǐjīng ānzhuāng le zhège ruǎnjiàn.,من این نرم‌افزار را نصب کرده‌ام.,
10,熬夜,áoyè,HSK 5,动,1,夜里不睡觉或很晚才睡，多指因工作、学习或娱乐而保持清醒 (动),شب‌بیداری کردن؛ تا دیروقت یا تمام شب بیدار ماندن، معمولاً برای کار، درس یا سرگرمی (فعل),动,فعل,经常熬夜 (jīngcháng áoyè) | 熬夜工作 (áoyè gōngzuò) | 熬夜学习 (áoyè xuéxí) | 熬夜看球 (áoyè kàn qiú),我昨天熬夜到两点才睡。,Wǒ zuótiān áoyè dào liǎng diǎn cái shuì.,من دیشب تا ساعت دو شب‌بیداری کردم و تازه آن موقع خوابیدم.,
11,白,bái,HSK 5,形,1,像雪或乳汁一样的颜色；与“黑”相对（形）,سفید (صفت),形,صفت,白衣服 (bái yīfu) | 白头发 (bái tóufa) | 一张白纸 (yì zhāng bái zhǐ) | 又白又亮 (yòu bái yòu liàng),她今天穿了一件白衣服。,Tā jīntiān chuān le yí jiàn bái yīfu.,او امروز لباس سفیدی پوشیده است.,
11,白,bái,HSK 5,副,2,没有效果或没有达到目的（副）,بیهوده؛ بی‌نتیجه (قید),副,قید,白跑一趟 (bái pǎo yí tàng) | 白等半天 (bái děng bàntiān) | 白忙一场 (bái máng yì chǎng),我今天白跑了一趟。,Wǒ jīntiān bái pǎo le yí tàng.,امروز بیهوده تا آنجا رفتم و دست خالی برگشتم.,
11,白,bái,HSK 5,副,3,不付出钱财或其他代价（副）,مجانی؛ بدون پرداخت (قید),副,قید,白拿东西 (bái ná dōngxi) | 白送给他 (bái sòng gěi tā) | 不能白用 (bù néng bái yòng),他不愿意白拿别人的东西。,Tā bú yuànyì bái ná biérén de dōngxi.,او نمی‌خواهد چیزی را مجانی از دیگران بگیرد.,
11,白,bái,HSK 5,动,4,用白眼看人，表示不满、责怪或轻视（及物动，口语）,چشم‌غره رفتن؛ چپ‌چپ نگاه کردن (فعل گذرا، محاوره‌ای),及物动，口语,فعل گذرا، محاوره‌ای,白了他一眼 (bái le tā yì yǎn) | 狠狠白一眼 (hěnhěn bái yì yǎn) | 被她白了一眼 (bèi tā bái le yì yǎn),她生气地白了我一眼。,Tā shēngqì de bái le wǒ yì yǎn.,او با عصبانیت به من چشم‌غره رفت.,
11,白,Bái,HSK 5,名,5,姓氏（专名）,نام خانوادگی «بای» (اسم خاص),专名,اسم خاص,白先生 (Bái xiānsheng) | 白老师 (Bái lǎoshī) | 姓白 (xìng Bái),白老师是我们的中文老师。,Bái lǎoshī shì wǒmen de Zhōngwén lǎoshī.,معلم بای، معلم زبان چینی ماست.,
12,傍晚,bàngwǎn,HSK 5,名,1,临近晚上的时候；日落前后的一段时间 (名),هنگام غروب؛ دم غروب؛ زمانی نزدیک به آغاز شب و حوالی غروب خورشید (اسم),名,اسم,傍晚时分 (bàngwǎn shífēn) | 傍晚回家 (bàngwǎn huí jiā) | 傍晚散步 (bàngwǎn sànbù) | 每天傍晚 (měitiān bàngwǎn),我们傍晚才回到家。,Wǒmen bàngwǎn cái huí dào jiā.,ما تازه هنگام غروب به خانه برگشتیم.,
13,半夜,bànyè,HSK 5,名,1,夜里十二点前后；也泛指深夜（名）,نیمه‌شب؛ دل شب؛ حوالی ساعت دوازده شب یا به‌طور کلی ساعات دیرهنگام شب (اسم),名,اسم,半夜醒来 (bànyè xǐnglái) | 半夜回家 (bànyè huí jiā) | 半夜打电话 (bànyè dǎ diànhuà) | 到了半夜 (dào le bànyè),我半夜突然醒了。,Wǒ bànyè tūrán xǐng le.,نیمه‌شب ناگهان بیدار شدم.,
14,薄,báo,HSK 5,形,1,上下两面之间的距离小；与“厚”相对（形）,نازک؛ کم‌ضخامت (صفت),形,صفت,一张薄纸 (yì zhāng báo zhǐ) | 衣服太薄 (yīfu tài báo) | 切得很薄 (qiē de hěn báo),这张纸太薄了。,Zhè zhāng zhǐ tài báo le.,این کاغذ خیلی نازک است.,
14,薄,báo,HSK 5,形,2,味道不浓或不够醇厚（形）,کم‌مایه؛ رقیق و ملایم (صفت، برای مزه),形,صفت، برای مزه,酒味很薄 (jiǔwèi hěn báo) | 味道太薄 (wèidào tài báo) | 喝起来有点薄 (hēqilai yǒudiǎn báo),这种酒的味道比较薄。,Zhè zhǒng jiǔ de wèidào bǐjiào báo.,مزهٔ این نوشیدنی نسبتاً کم‌مایه است.,
14,薄,báo,HSK 5,形,3,感情或情分不深厚（形）,کم‌عمق؛ سرد (صفت، برای رابطه و احساس),形,صفت، برای رابطه و احساس,感情很薄 (gǎnqíng hěn báo) | 情分不薄 (qíngfen bù báo) | 人情越来越薄 (rénqíng yuèláiyuè báo),他们来往不多，彼此的感情比较薄。,"Tāmen láiwǎng bù duō, bǐcǐ de gǎnqíng bǐjiào báo.",آن‌ها زیاد با هم رفت‌وآمد ندارند و رابطه‌شان چندان عمیق نیست.,
14,薄,báo,HSK 5,形,4,财力、基础、利润等少或不雄厚（形）,اندک؛ ضعیف؛ محدود (صفت),形,صفت,家底薄 (jiādǐ báo) | 底子薄 (dǐzi báo) | 利润很薄 (lìrùn hěn báo),这家公司家底薄，经不起太大的损失。,"Zhè jiā gōngsī jiādǐ báo, jīngbuqǐ tài dà de sǔnshī.",توان مالی این شرکت محدود است و زیان سنگین را تاب نمی‌آورد.,
15,宝,bǎo,HSK 5,名,1,被人看得非常珍贵的人或东西（名）,گنج؛ فرد یا چیز بسیار عزیز (اسم),名,اسم,是个宝 (shì ge bǎo) | 当成宝 (dàngchéng bǎo) | 家里的宝 (jiā li de bǎo),这个旧盒子可是爷爷的宝。,Zhège jiù hézi kěshì yéye de bǎo.,این جعبهٔ قدیمی برای پدربزرگ مثل گنج است.,
15,宝,bǎo,HSK 5,名,2,对伴侣、亲密朋友等的亲昵称呼，主要用于网络聊天或非常随意的交流（名，网络用语或亲昵称呼）,عزیزم؛ گلم (اسم خطاب، اینترنتی و بسیار صمیمانه),名，网络用语或亲昵称呼,اسم خطاب، اینترنتی و بسیار صمیمانه,"宝，在吗 (bǎo, zài ma) | 宝，早点睡 (bǎo, zǎodiǎn shuì) | 宝，听我说 (bǎo, tīng wǒ shuō)",宝，你到家了吗？,"Bǎo, nǐ dào jiā le ma?",عزیزم، به خانه رسیدی؟,
16,保,bǎo,HSK 5,动,1,保护人或事物，使其不受损害或不被失去（及物动）,حفظ کردن؛ نگه داشتن؛ محافظت کردن (فعل گذرا),及物动,فعل گذرا,保住性命 (bǎozhù xìngmìng) | 保住工作 (bǎozhù gōngzuò) | 保他平安 (bǎo tā píng'ān),医生尽力保住了他的命。,Yīshēng jìnlì bǎozhù le tā de mìng.,پزشک تمام تلاشش را کرد تا جان او را نجات دهد.,
16,保,bǎo,HSK 5,动,2,保证某种结果一定会实现或某种问题不会发生，多用于口语（及物动，口语）,تضمین کردن؛ قول دادن (فعل گذرا، محاوره‌ای),及物动，口语,فعل گذرا، محاوره‌ای,保你满意 (bǎo nǐ mǎnyì) | 我敢保 (wǒ gǎn bǎo) | 谁也不敢保 (shéi yě bù gǎn bǎo),我保你不会后悔。,Wǒ bǎo nǐ bú huì hòuhuǐ.,تضمین می‌کنم که پشیمان نخواهی شد.,
17,保安,bǎo'ān,HSK 5,名,1,负责维护公共场所、单位或住宅区安全和秩序的人员（名）,نگهبان؛ مأمور حراست (اسم),名,اسم,保安人员 (bǎo'ān rényuán) | 小区保安 (xiǎoqū bǎo'ān) | 公司保安 (gōngsī bǎo'ān) | 当保安 (dāng bǎo'ān),门口站着一名保安。,Ménkǒu zhànzhe yì míng bǎo'ān.,یک نگهبان جلوی در ایستاده است.,
18,宝贝,bǎobèi,HSK 5,名,1,被看得非常珍贵、重要的人或东西（名）,گنج؛ فرد یا چیز بسیار عزیز (اسم),名,اسم,珍贵的宝贝 (zhēnguì de bǎobèi) | 当成宝贝 (dàngchéng bǎobèi) | 家里的宝贝 (jiā li de bǎobèi) | 最珍贵的宝贝 (zuì zhēnguì de bǎobèi),这块手表是爷爷留给我的宝贝。,Zhè kuài shǒubiǎo shì yéye liú gěi wǒ de bǎobèi.,این ساعت یادگار ارزشمندی است که از پدربزرگم برایم مانده است.,
18,宝贝,bǎobèi,HSK 5,名,2,对孩子、爱人或其他亲近之人的亲昵称呼（名，亲昵称呼）,عزیزم؛ دلبندم (اسم خطاب),名，亲昵称呼,اسم خطاب,我的宝贝 (wǒ de bǎobèi) | 宝贝女儿 (bǎobèi nǚ'ér) | 宝贝儿子 (bǎobèi érzi) | 亲爱的宝贝 (qīn'ài de bǎobèi),宝贝，快来吃饭吧。,"Bǎobèi, kuài lái chīfàn ba.",عزیزم، زود بیا غذا بخور.,
19,保持,bǎochí,HSK 5,动,1,维持某种状态，使其继续存在或不发生明显变化（及物动）,حفظ کردن؛ در حالتی نگه داشتن (فعل گذرا),及物动,فعل گذرا,保持安静 (bǎochí ānjìng) | 保持联系 (bǎochí liánxì) | 保持健康 (bǎochí jiànkāng) | 保持距离 (bǎochí jùlí),请大家保持安静。,Qǐng dàjiā bǎochí ānjìng.,لطفاً همه سکوت را رعایت کنند.,
20,保存,bǎocún,HSK 5,动,1,使事物不受损坏、丢失或消失，能够继续存在（及物动）,نگهداری کردن؛ حفظ کردن (فعل گذرا),及物动,فعل گذرا,妥善保存 (tuǒshàn bǎocún) | 保存资料 (bǎocún zīliào) | 保存食物 (bǎocún shíwù) | 长期保存 (chángqī bǎocún),这些资料一定要好好保存。,Zhèxiē zīliào yídìng yào hǎohāo bǎocún.,این مدارک حتماً باید به‌خوبی نگهداری شوند.,
20,保存,bǎocún,HSK 5,动,2,把电子文件、数据等存储起来，以便以后使用（及物动）,ذخیره کردن (فعل گذرا، دیجیتال),及物动,فعل گذرا، دیجیتال,保存文件 (bǎocún wénjiàn) | 保存数据 (bǎocún shùjù) | 点击保存 (diǎnjī bǎocún) | 自动保存 (zìdòng bǎocún),别忘了保存这个文件。,Bié wàng le bǎocún zhège wénjiàn.,فراموش نکن این فایل را ذخیره کنی.,
21,报到,bàodào,HSK 5,动,1,到达学校、单位或组织后报告自己已经到达，并办理相关手续（不及物动）,اعلام حضور و ثبت ورود کردن (فعل ناگذر),不及物动,فعل ناگذر,新生报到 (xīnshēng bàodào) | 到学校报到 (dào xuéxiào bàodào) | 办理报到手续 (bànlǐ bàodào shǒuxù) | 按时报到 (ànshí bàodào),新生明天到学校报到。,Xīnshēng míngtiān dào xuéxiào bàodào.,دانشجویان جدید فردا برای اعلام حضور و ثبت ورود به دانشگاه مراجعه می‌کنند.,
22,报道,bàodào,HSK 5,动,1,通过报纸、广播、电视、网络等传播新闻或消息（及物动）,گزارش کردن؛ پوشش خبری دادن (فعل گذرا),及物动,فعل گذرا,报道新闻 (bàodào xīnwén) | 现场报道 (xiànchǎng bàodào) | 报道此事 (bàodào cǐ shì) | 及时报道 (jíshí bàodào),记者正在现场报道这件事。,Jìzhě zhèngzài xiànchǎng bàodào zhè jiàn shì.,خبرنگار در محل در حال گزارش این رویداد است.,
22,报道,bàodào,HSK 5,名,2,通过媒体发表的新闻、消息或有关事件的文章（名）,گزارش خبری (اسم),名,اسم,一篇报道 (yì piān bàodào) | 相关报道 (xiāngguān bàodào) | 最新报道 (zuìxīn bàodào) | 系列报道 (xìliè bàodào),我看了关于这件事的报道。,Wǒ kàn le guānyú zhè jiàn shì de bàodào.,گزارش مربوط به این موضوع را خواندم.,
23,报告,bàogào,HSK 5,动,1,把事情、情况或意见正式告诉上级、组织或有关人员（及物动）,گزارش دادن؛ اطلاع رسمی دادن (فعل گذرا),及物动,فعل گذرا,报告情况 (bàogào qíngkuàng) | 向领导报告 (xiàng lǐngdǎo bàogào) | 报告结果 (bàogào jiéguǒ) | 及时报告 (jíshí bàogào),我会把情况报告给经理。,Wǒ huì bǎ qíngkuàng bàogào gěi jīnglǐ.,وضعیت را به مدیر گزارش خواهم داد.,
23,报告,bàogào,HSK 5,名,2,正式陈述事情、情况或研究结果等的文件或讲话（名）,گزارش کتبی یا شفاهی (اسم),名,اسم,工作报告 (gōngzuò bàogào) | 调查报告 (diàochá bàogào) | 研究报告 (yánjiū bàogào) | 做报告 (zuò bàogào),他正在写一份工作报告。,Tā zhèngzài xiě yí fèn gōngzuò bàogào.,او در حال نوشتن یک گزارش کاری است.,
24,宝贵,bǎoguì,HSK 5,形,1,非常珍贵、重要，不容易得到或不能随意浪费（形）,ارزشمند؛ گران‌بها (صفت),形,صفت,宝贵经验 (bǎoguì jīngyàn) | 宝贵时间 (bǎoguì shíjiān) | 宝贵意见 (bǎoguì yìjiàn) | 宝贵机会 (bǎoguì jīhuì),谢谢你提出宝贵的意见。,Xièxie nǐ tíchū bǎoguì de yìjiàn.,از اینکه نظر ارزشمندت را مطرح کردی متشکرم.,
25,包裹,bāoguǒ,HSK 5,动,1,用纸、布等把东西包住，或从外面完全围住、覆盖（及物动，较正式）,پیچیدن؛ پوشاندن؛ دربرگرفتن (فعل گذرا، رسمی‌تر),及物动，较正式,فعل گذرا، رسمی‌تر,用毛毯包裹身体 (yòng máotǎn bāoguǒ shēntǐ) | 将物品包裹严实 (jiāng wùpǐn bāoguǒ yánshi) | 被云雾包裹 (bèi yúnwù bāoguǒ) | 紧紧包裹着 (jǐnjǐn bāoguǒzhe),清晨，整座山都被云雾包裹着。,"Qīngchén, zhěng zuò shān dōu bèi yúnwù bāoguǒzhe.",صبح زود، تمام کوه در مه پوشیده شده بود.,
25,包裹,bāoguǒ,HSK 5,名,2,包扎成件、用于寄送或运输的物品（名）,بسته؛ مرسوله (اسم),名,اسم,寄包裹 (jì bāoguǒ) | 收到包裹 (shōudào bāoguǒ) | 快递包裹 (kuàidì bāoguǒ) | 一个包裹 (yí ge bāoguǒ),我今天收到了一个包裹。,Wǒ jīntiān shōudào le yí ge bāoguǒ.,امروز یک بسته دریافت کردم.,
26,包含,bāohán,HSK 5,动,1,一个整体中含有某些内容、成分或部分（及物动）,شامل بودن؛ دربر داشتن؛ حاوی بودن (فعل گذرا),及物动,فعل گذرا,包含早餐 (bāohán zǎocān) | 包含费用 (bāohán fèiyòng) | 包含多种成分 (bāohán duō zhǒng chéngfèn) | 包含个人信息 (bāohán gèrén xìnxī),这个价格包含早餐。,Zhège jiàgé bāohán zǎocān.,این قیمت شامل صبحانه است.,
27,报警,bàojǐng,HSK 5,动,1,向警察或公安机关报告犯罪、事故或紧急情况（不及物动）,به پلیس خبر دادن؛ با پلیس تماس گرفتن (فعل ناگذر),不及物动,فعل ناگذر,立即报警 (lìjí bàojǐng) | 打电话报警 (dǎ diànhuà bàojǐng) | 向警方报警 (xiàng jǐngfāng bàojǐng) | 及时报警 (jíshí bàojǐng),发生危险时要立即报警。,Fāshēng wēixiǎn shí yào lìjí bàojǐng.,هنگام بروز خطر باید فوراً به پلیس خبر داد.,
27,报警,bàojǐng,HSK 5,动,2,设备或系统发现异常情况后发出警报（不及物动）,هشدار دادن؛ به صدا درآمدن آژیر (فعل ناگذر),不及物动,فعل ناگذر,自动报警 (zìdòng bàojǐng) | 突然报警 (tūrán bàojǐng) | 不停地报警 (bùtíng de bàojǐng) | 机器报警了 (jīqì bàojǐng le),发现烟雾后，系统会自动报警。,"Fāxiàn yānwù hòu, xìtǒng huì zìdòng bàojǐng.",سیستم پس از تشخیص دود به‌طور خودکار هشدار می‌دهد.,
28,包括,bāokuò,HSK 5,动,1,一个整体中包含某些人、事物或内容；也用于特别指出其中一部分（及物动）,شامل بودن؛ دربر گرفتن (فعل گذرا),及物动,فعل گذرا,包括在内 (bāokuò zài nèi) | 主要包括 (zhǔyào bāokuò) | 包括三个部分 (bāokuò sān ge bùfen) | 包括我在内 (bāokuò wǒ zài nèi),费用包括住宿和早餐。,Fèiyòng bāokuò zhùsù hé zǎocān.,هزینه شامل اقامت و صبحانه است.,
29,保留,bǎoliú,HSK 5,动,1,使原有的人、事物、特点或状态继续存在，不消失或不改变（及物动）,حفظ کردن؛ باقی نگه داشتن (فعل گذرا),及物动,فعل گذرا,保留传统 (bǎoliú chuántǒng) | 保留原样 (bǎoliú yuányàng) | 保留特色 (bǎoliú tèsè) | 保留古建筑 (bǎoliú gǔ jiànzhù),这座城市保留了许多古建筑。,Zhè zuò chéngshì bǎoliú le xǔduō gǔ jiànzhù.,این شهر بسیاری از بناهای قدیمی را حفظ کرده است.,
29,保留,bǎoliú,HSK 5,动,2,把某物留下，不取消、不放弃或留到以后使用（及物动）,نگه داشتن؛ رزرو یا محفوظ نگه داشتن (فعل گذرا),及物动,فعل گذرا,保留座位 (bǎoliú zuòwèi) | 保留权利 (bǎoliú quánlì) | 保留名额 (bǎoliú míng'é) | 保留到明天 (bǎoliú dào míngtiān),请帮我保留这个座位。,Qǐng bāng wǒ bǎoliú zhège zuòwèi.,لطفاً این صندلی را برای من نگه دارید.,
29,保留,bǎoliú,HSK 5,动,3,对某个意见或决定不完全同意，或暂时不作明确表态（及物动）,نظر قطعی ندادن؛ موافقت کامل نکردن (فعل گذرا),及物动,فعل گذرا,保留意见 (bǎoliú yìjiàn) | 对此有所保留 (duì cǐ yǒusuǒ bǎoliú) | 持保留态度 (chí bǎoliú tàidu) | 暂时保留意见 (zànshí bǎoliú yìjiàn),对于这个方案，我保留意见。,"Duìyú zhège fāng'àn, wǒ bǎoliú yìjiàn.",در مورد این طرح فعلاً نظر قطعی نمی‌دهم.,
30,保险,bǎoxiǎn,HSK 5,名,1,通过合同对可能发生的风险、损失或事故提供经济保障的制度或业务（名）,بیمه (اسم),名,اسم,买保险 (mǎi bǎoxiǎn) | 医疗保险 (yīliáo bǎoxiǎn) | 汽车保险 (qìchē bǎoxiǎn) | 人寿保险 (rénshòu bǎoxiǎn),我给新车买了保险。,Wǒ gěi xīn chē mǎi le bǎoxiǎn.,برای خودروی جدیدم بیمه خریدم.,
30,保险,bǎoxiǎn,HSK 5,形,2,稳妥可靠，不容易发生危险、损失或差错（形）,مطمئن؛ امن؛ کم‌خطر (صفت),形,صفت,比较保险 (bǐjiào bǎoxiǎn) | 这样更保险 (zhèyàng gèng bǎoxiǎn) | 最保险的办法 (zuì bǎoxiǎn de bànfǎ) | 为了保险起见 (wèile bǎoxiǎn qǐjiàn),这样做比较保险。,Zhèyàng zuò bǐjiào bǎoxiǎn.,این کار مطمئن‌تر است.,
31,暴雨,bàoyǔ,HSK 5,名,1,降水强度很大、在一定时间内降雨量达到规定标准的雨（名）,باران سیل‌آسا؛ بارش بسیار شدید (اسم),名,اسم,下暴雨 (xià bàoyǔ) | 暴雨天气 (bàoyǔ tiānqì) | 特大暴雨 (tèdà bàoyǔ) | 暴雨预警 (bàoyǔ yùjǐng),昨晚下了一场暴雨。,Zuówǎn xià le yì chǎng bàoyǔ.,دیشب باران سیل‌آسایی بارید.,
32,抱怨,bàoyuàn,HSK 5,动,1,因不满意或不如意而责怪别人或诉说不满（及物动/不及物动）,گله کردن؛ شکایت کردن (فعل گذرا/ناگذر),及物动/不及物动,فعل گذرا/ناگذر,抱怨工作 (bàoyuàn gōngzuò) | 抱怨别人 (bàoyuàn biérén) | 不停地抱怨 (bùtíng de bàoyuàn) | 向朋友抱怨 (xiàng péngyou bàoyuàn),他总是抱怨工作太累。,Tā zǒngshì bàoyuàn gōngzuò tài lèi.,او همیشه از خسته‌کننده بودن کارش شکایت می‌کند.,
33,保质期,bǎozhìqī,HSK 5,名,1,产品在规定的储存条件下能够保持质量和安全性的期限（名）,مدت ماندگاری؛ مهلت تضمین کیفیت (اسم),名,اسم,保质期内 (bǎozhìqī nèi) | 超过保质期 (chāoguò bǎozhìqī) | 查看保质期 (chákàn bǎozhìqī) | 保质期为一年 (bǎozhìqī wéi yì nián),购买食品时要注意保质期。,Gòumǎi shípǐn shí yào zhùyì bǎozhìqī.,هنگام خرید مواد غذایی باید به مدت ماندگاری آن‌ها توجه کرد.,
34,包装,bāozhuāng,HSK 5,动,1,用纸、盒子、塑料等把商品或物品包起来，以便保护、运输或销售（及物动）,بسته‌بندی کردن (فعل گذرا),及物动,فعل گذرا,包装商品 (bāozhuāng shāngpǐn) | 包装礼物 (bāozhuāng lǐwù) | 重新包装 (chóngxīn bāozhuāng) | 包装得很严实 (bāozhuāng de hěn yánshi),请帮我把这份礼物包装一下。,Qǐng bāng wǒ bǎ zhè fèn lǐwù bāozhuāng yíxià.,لطفاً این هدیه را برایم بسته‌بندی کنید.,
34,包装,bāozhuāng,HSK 5,名,2,包裹商品的材料、容器或外部形式（名）,بسته‌بندی؛ پوشش محصول (اسم),名,اسم,拆开包装 (chāikāi bāozhuāng) | 包装精美 (bāozhuāng jīngměi) | 原来的包装 (yuánlái de bāozhuāng) | 产品的包装 (chǎnpǐn de bāozhuāng),这个产品的包装很漂亮。,Zhège chǎnpǐn de bāozhuāng hěn piàoliang.,بسته‌بندی این محصول بسیار زیباست.,
34,包装,bāozhuāng,HSK 5,动,3,通过宣传、设计或形象塑造，使人或事物以特定形象出现（及物动，比喻）,وجهه‌سازی کردن؛ با ظاهری خاص عرضه کردن (فعل گذرا، مجازی),及物动，比喻,فعل گذرا، مجازی,包装明星 (bāozhuāng míngxīng) | 包装自己 (bāozhuāng zìjǐ) | 包装品牌 (bāozhuāng pǐnpái) | 包装成专家 (bāozhuāng chéng zhuānjiā),这家公司很会包装自己的品牌。,Zhè jiā gōngsī hěn huì bāozhuāng zìjǐ de pǐnpái.,این شرکت در ساختن تصویر جذاب از برند خود بسیار ماهر است.,
35,把握,bǎwò,HSK 5,动,1,抓住并利用有利的机会或时机（及物动）,فرصت را غنیمت شمردن؛ از فرصت استفاده کردن (فعل گذرا),及物动,فعل گذرا,把握机会 (bǎwò jīhuì) | 把握时机 (bǎwò shíjī) | 把握良机 (bǎwò liángjī),我们一定要把握这次机会。,Wǒmen yídìng yào bǎwò zhè cì jīhuì.,حتماً باید از این فرصت به‌خوبی استفاده کنیم.,
35,把握,bǎwò,HSK 5,动,2,准确理解、掌握或控制抽象的事物（及物动）,درست درک کردن؛ بر چیزی مسلط بودن (فعل گذرا),及物动,فعل گذرا,把握方向 (bǎwò fāngxiàng) | 把握规律 (bǎwò guīlǜ) | 把握重点 (bǎwò zhòngdiǎn) | 准确把握情况 (zhǔnquè bǎwò qíngkuàng),他准确把握了市场的变化。,Tā zhǔnquè bǎwò le shìchǎng de biànhuà.,او تغییرات بازار را به‌درستی درک کرد.,
35,把握,bǎwò,HSK 5,名,3,对成功或达到目的所具有的信心（名）,اطمینان؛ اعتماد به موفقیت (اسم),名,اسم,有把握 (yǒu bǎwò) | 没有把握 (méiyǒu bǎwò) | 十足的把握 (shízú de bǎwò) | 毫无把握 (háowú bǎwò),我有把握完成这个任务。,Wǒ yǒu bǎwò wánchéng zhège rènwu.,اطمینان دارم که می‌توانم این مأموریت را انجام دهم.,
36,背后,bèihòu,HSK 5,名、方位词,1,身体或物体的后面（方位名）,پشت؛ پشت سر (اسم مکان),方位名,اسم مکان,站在背后 (zhàn zài bèihòu) | 藏在门背后 (cáng zài mén bèihòu) | 背后有人 (bèihòu yǒu rén),有人站在你背后。,Yǒu rén zhàn zài nǐ bèihòu.,کسی پشت سرت ایستاده است.,
36,背后,bèihòu,HSK 5,名、方位词,2,事情表面以外隐藏着的原因、力量或情况（方位名，比喻）,پشت پرده؛ در پسِ چیزی (اسم مکان، مجازی),方位名，比喻,اسم مکان، مجازی,背后的原因 (bèihòu de yuányīn) | 背后的故事 (bèihòu de gùshi) | 背后的真相 (bèihòu de zhēnxiàng) | 背后的力量 (bèihòu de lìliang),这件事背后一定有别的原因。,Zhè jiàn shì bèihòu yídìng yǒu bié de yuányīn.,حتماً پشت این ماجرا دلیل دیگری وجود دارد.,
36,背后,bèihòu,HSK 5,名、方位词,3,当事人不在场或不知道的时候（方位名）,پشت سر کسی؛ در غیاب او (اسم مکان),方位名,اسم مکان,背后议论 (bèihòu yìlùn) | 背后说坏话 (bèihòu shuō huàihuà) | 在背后批评 (zài bèihòu pīpíng),不要在别人背后说坏话。,Búyào zài biérén bèihòu shuō huàihuà.,پشت سر دیگران بدگویی نکن.,
37,背景,bèijǐng,HSK 5,名,1,图画、摄影、舞台等主体后面的景物或画面（名）,پس‌زمینه (اسم),名,اسم,照片背景 (zhàopiàn bèijǐng) | 舞台背景 (wǔtái bèijǐng) | 背景颜色 (bèijǐng yánsè) | 更换背景 (gēnghuàn bèijǐng),这张照片的背景很漂亮。,Zhè zhāng zhàopiàn de bèijǐng hěn piàoliang.,پس‌زمینهٔ این عکس بسیار زیباست.,
37,背景,bèijǐng,HSK 5,名,2,影响人物、事件或事物的环境、条件、经历或相关情况（名）,زمینه؛ پیشینه (اسم),名,اسم,历史背景 (lìshǐ bèijǐng) | 社会背景 (shèhuì bèijǐng) | 教育背景 (jiàoyù bèijǐng) | 专业背景 (zhuānyè bèijǐng),我们需要了解这个事件的历史背景。,Wǒmen xūyào liǎojiě zhège shìjiàn de lìshǐ bèijǐng.,باید پیشینهٔ تاریخی این رویداد را بشناسیم.,
37,背景,bèijǐng,HSK 5,名,3,能够为某人提供帮助或影响力的社会关系和支持力量（名，口语）,روابط قدرتمند؛ پارتی و پشتوانه (اسم، محاوره‌ای),名，口语,اسم، محاوره‌ای,很有背景 (hěn yǒu bèijǐng) | 没什么背景 (méi shénme bèijǐng) | 背景很深 (bèijǐng hěn shēn) | 背景很硬 (bèijǐng hěn yìng),听说他很有背景。,Tīngshuō tā hěn yǒu bèijǐng.,شنیده‌ام روابط و پشتوانهٔ قدرتمندی دارد.,
38,被子,bèizi,HSK 5,名,1,睡觉时盖在身体上的保暖寝具（名）,لحاف (اسم),名,اسم,盖被子 (gài bèizi) | 一床被子 (yì chuáng bèizi) | 厚被子 (hòu bèizi) | 晒被子 (shài bèizi),晚上冷，记得盖好被子。,"Wǎnshang lěng, jìde gài hǎo bèizi.",شب هوا سرد است؛ یادت باشد لحاف را خوب روی خودت بکشی.,
39,本地,běndì,HSK 5,名、形,1,说话人所在或所说的地区；属于这一地区的（名/形）,این منطقه؛ محلی (اسم/صفت),名/形,اسم/صفت,本地人 (běndì rén) | 本地市场 (běndì shìchǎng) | 本地新闻 (běndì xīnwén) | 本地企业 (běndì qǐyè),这种水果是本地生产的。,Zhè zhǒng shuǐguǒ shì běndì shēngchǎn de.,این نوع میوه در همین منطقه تولید شده است.,
39,本地,běndì,HSK 5,名、形,2,在计算机或网络中，指当前使用的设备或系统，而不是远程设备或网络位置（名/形，计算机）,روی همین دستگاه (اسم/صفت، رایانه),名/形，计算机,اسم/صفت، رایانه,本地文件 (běndì wénjiàn) | 本地存储 (běndì cúnchǔ) | 保存到本地 (bǎocún dào běndì) | 本地服务器 (běndì fúwùqì),文件已经保存到本地了。,Wénjiàn yǐjīng bǎocún dào běndì le.,فایل روی همین دستگاه ذخیره شده است.,
40,本领,běnlǐng,HSK 5,名,1,通过学习或实践掌握的做事能力（名）,مهارت؛ توانایی (اسم),名,اسم,学本领 (xué běnlǐng) | 有本领 (yǒu běnlǐng) | 真本领 (zhēn běnlǐng) | 练就本领 (liànjiù běnlǐng),他有解决复杂问题的本领。,Tā yǒu jiějué fùzá wèntí de běnlǐng.,او توانایی حل مسائل پیچیده را دارد.,
41,本人,běnrén,HSK 5,代,1,说话人用于正式地指自己，相当于“我自己”（代，正式）,خودم؛ شخصاً (ضمیر، رسمی),代，正式,ضمیر، رسمی,本人同意 (běnrén tóngyì) | 本人负责 (běnrén fùzé) | 本人申请 (běnrén shēnqǐng) | 由本人办理 (yóu běnrén bànlǐ),这件事由本人负责。,Zhè jiàn shì yóu běnrén fùzé.,شخصاً مسئول این موضوع هستم.,
41,本人,běnrén,HSK 5,代,2,指前面所说的那个人自己，而不是其代表或其他人（代）,خودِ شخص؛ شخص موردنظر (ضمیر),代,ضمیر,本人到场 (běnrén dàochǎng) | 本人签字 (běnrén qiānzì) | 本人办理 (běnrén bànlǐ) | 本人领取 (běnrén lǐngqǔ),这个手续必须本人办理。,Zhège shǒuxù bìxū běnrén bànlǐ.,این مراحل اداری را حتماً باید خودِ شخص انجام دهد.,
42,本质,běnzhì,HSK 5,名,1,事物本身所固有并决定其性质和发展的根本属性（名）,ماهیت؛ ذات (اسم),名,اسم,问题的本质 (wèntí de běnzhì) | 看清本质 (kànqīng běnzhì) | 本质区别 (běnzhì qūbié) | 从本质上看 (cóng běnzhì shàng kàn),我们要看清问题的本质。,Wǒmen yào kànqīng wèntí de běnzhì.,باید ماهیت مسئله را به‌روشنی درک کنیم.,
43,必,bì,HSK 5,副,1,表示事情一定会发生或情况一定如此，多用于较正式的表达（副，较正式）,حتماً؛ قطعاً؛ بی‌تردید (قید، رسمی‌تر),副，较正式,قید، رسمی‌تر,必有原因 (bì yǒu yuányīn) | 必能成功 (bì néng chénggōng) | 必将发生 (bì jiāng fāshēng) | 必有收获 (bì yǒu shōuhuò),只要坚持，就必能成功。,"Zhǐyào jiānchí, jiù bì néng chénggōng.",اگر پشتکار داشته باشی، حتماً موفق خواهی شد.,
44,便,biàn,HSK 5,副,1,表示前一件事发生后，后一件事随即发生，相当于“就”（副，较书面）,سپس؛ بلافاصله (قید، نوشتاری‌تر),副，较书面,قید، نوشتاری‌تر,转身便走 (zhuǎnshēn biàn zǒu) | 到家便睡 (dào jiā biàn shuì) | 说完便离开 (shuōwán biàn líkāi) | 一看便知 (yí kàn biàn zhī),他吃完饭便出门了。,Tā chīwán fàn biàn chūmén le.,او پس از صرف غذا بلافاصله بیرون رفت.,
44,便,biàn,HSK 5,副,2,表示在某种条件下会产生相应的结果，相当于“就”（副，较书面）,در آن صورت؛ آن‌گاه (قید، نوشتاری‌تر),副，较书面,قید، نوشتاری‌تر,只要努力便会成功 (zhǐyào nǔlì biàn huì chénggōng) | 有问题便联系我 (yǒu wèntí biàn liánxì wǒ) | 一有时间便去 (yì yǒu shíjiān biàn qù),如果你同意，我们便开始。,"Rúguǒ nǐ tóngyì, wǒmen biàn kāishǐ.",اگر موافق باشی، آن‌گاه شروع می‌کنیم.,
45,变动,biàndòng,HSK 5,动,1,原来的情况、位置、人员等发生变化（不及物动）,تغییر کردن؛ دستخوش تغییر شدن (فعل ناگذر),不及物动,فعل ناگذر,价格不断变动 (jiàgé búduàn biàndòng) | 情况随时变动 (qíngkuàng suíshí biàndòng) | 人员经常变动 (rényuán jīngcháng biàndòng),最近市场价格变动很大。,Zuìjìn shìchǎng jiàgé biàndòng hěn dà.,اخیراً قیمت‌های بازار تغییر زیادی کرده‌اند.,
45,变动,biàndòng,HSK 5,动,2,改变原来的位置、计划、内容等（及物动，较正式）,تغییر دادن؛ جابه‌جا کردن (فعل گذرا، رسمی‌تر),及物动，较正式,فعل گذرا، رسمی‌تر,变动座位 (biàndòng zuòwèi) | 变动计划 (biàndòng jìhuà) | 随意变动内容 (suíyì biàndòng nèiróng),请不要随意变动座位。,Qǐng búyào suíyì biàndòng zuòwèi.,لطفاً صندلی‌ها را خودسرانه جابه‌جا نکنید.,
45,变动,biàndòng,HSK 5,名,3,已经发生的变化或调整（名）,تغییر؛ جابه‌جایی (اسم),名,اسم,重大变动 (zhòngdà biàndòng) | 人事变动 (rénshì biàndòng) | 工作变动 (gōngzuò biàndòng) | 没有变动 (méiyǒu biàndòng),公司最近有一些人事变动。,Gōngsī zuìjìn yǒu yìxiē rénshì biàndòng.,شرکت اخیراً تغییراتی در نیروی انسانی داشته است.,
46,便利,biànlì,HSK 5,形,1,使用、行动或生活等方便，没有困难或阻碍（形）,راحت؛ آسان (صفت),形,صفت,交通便利 (jiāotōng biànlì) | 生活便利 (shēnghuó biànlì) | 出行便利 (chūxíng biànlì) | 十分便利 (shífēn biànlì),这里交通便利，生活也很方便。,"Zhèlǐ jiāotōng biànlì, shēnghuó yě hěn fāngbiàn.",رفت‌وآمد در اینجا آسان است و زندگی هم راحت است.,
46,便利,biànlì,HSK 5,动,2,为人们提供方便的条件，使某事更容易进行（及物动，较正式）,تسهیل کردن؛ آسان‌تر کردن (فعل گذرا، رسمی‌تر),及物动，较正式,فعل گذرا، رسمی‌تر,便利群众 (biànlì qúnzhòng) | 便利生活 (biànlì shēnghuó) | 便利出行 (biànlì chūxíng) | 便利居民 (biànlì jūmín),这些设施便利了居民的生活。,Zhèxiē shèshī biànlì le jūmín de shēnghuó.,این امکانات زندگی ساکنان را آسان‌تر کرده‌اند.,
46,便利,biànlì,HSK 5,名,3,使行动、生活或办事更方便的条件（名）,سهولت؛ راحتی (اسم),名,اسم,提供便利 (tígōng biànlì) | 带来便利 (dàilái biànlì) | 生活上的便利 (shēnghuó shàng de biànlì),互联网给我们的生活带来了很大便利。,Hùliánwǎng gěi wǒmen de shēnghuó dàilái le hěn dà biànlì.,اینترنت زندگی ما را بسیار آسان‌تر کرده است.,
47,便利店,biànlìdiàn,HSK 5,名,1,营业时间较长、主要销售食品和日常用品的小型零售商店（名）,فروشگاه کوچکِ کالاهای روزمره؛ سوپرمارکت کوچک (اسم),名,اسم,开便利店 (kāi biànlìdiàn) | 二十四小时便利店 (èrshísì xiǎoshí biànlìdiàn) | 附近的便利店 (fùjìn de biànlìdiàn) | 去便利店买东西 (qù biànlìdiàn mǎi dōngxi),我去楼下的便利店买瓶水。,Wǒ qù lóuxià de biànlìdiàn mǎi píng shuǐ.,می‌روم از فروشگاه پایین ساختمان یک بطری آب بخرم.,
48,表达,biǎodá,HSK 5,动,1,用语言、文字、动作或表情等把思想、感情或意思表示出来（及物动）,بیان کردن؛ ابراز کردن (فعل گذرا),及物动,فعل گذرا,表达意见 (biǎodá yìjiàn) | 表达感情 (biǎodá gǎnqíng) | 表达感谢 (biǎodá gǎnxiè) | 清楚地表达 (qīngchu de biǎodá),他不太会表达自己的感情。,Tā bú tài huì biǎodá zìjǐ de gǎnqíng.,او چندان بلد نیست احساساتش را بیان کند.,
49,表面,biǎomiàn,HSK 5,名,1,物体跟外界接触的外层或外部（名）,سطح؛ رویه (اسم),名,اسم,物体表面 (wùtǐ biǎomiàn) | 水的表面 (shuǐ de biǎomiàn) | 表面光滑 (biǎomiàn guānghuá) | 表面温度 (biǎomiàn wēndù),桌子的表面非常光滑。,Zhuōzi de biǎomiàn fēicháng guānghuá.,سطح میز بسیار صاف است.,
49,表面,biǎomiàn,HSK 5,名,2,事物外在、容易看到但不一定反映本质的一面（名）,ظاهر؛ جنبهٔ بیرونی (اسم),名,اسم,只看表面 (zhǐ kàn biǎomiàn) | 表面现象 (biǎomiàn xiànxiàng) | 从表面看 (cóng biǎomiàn kàn) | 停留在表面 (tíngliú zài biǎomiàn),我们不能只看事情的表面。,Wǒmen bù néng zhǐ kàn shìqing de biǎomiàn.,نباید فقط به ظاهر مسائل نگاه کنیم.,
49,表面,biǎomiàn,HSK 5,副,3,从外表看起来如此，但实际情况可能不同（副）,در ظاهر؛ ظاهراً (قید),副,قید,表面答应 (biǎomiàn dāying) | 表面同意 (biǎomiàn tóngyì) | 表面平静 (biǎomiàn píngjìng) | 表面看来 (biǎomiàn kànlái),他表面很平静，其实非常紧张。,"Tā biǎomiàn hěn píngjìng, qíshí fēicháng jǐnzhāng.",او در ظاهر آرام است، اما در واقع خیلی اضطراب دارد.,
50,表明,biǎomíng,HSK 5,动,1,明确地表达自己的态度、意见或立场（及物动）,روشن بیان کردن؛ آشکار کردن (فعل گذرا),及物动,فعل گذرا,表明态度 (biǎomíng tàidu) | 表明立场 (biǎomíng lìchǎng) | 明确表明 (míngquè biǎomíng) | 表明自己的观点 (biǎomíng zìjǐ de guāndiǎn),他已经明确表明了自己的态度。,Tā yǐjīng míngquè biǎomíng le zìjǐ de tàidu.,او موضع خود را به‌روشنی بیان کرده است.,
50,表明,biǎomíng,HSK 5,动,2,事实、现象、数据等显示或说明某种情况（及物动）,نشان دادن؛ حاکی بودن از (فعل گذرا),及物动,فعل گذرا,研究表明 (yánjiū biǎomíng) | 数据表明 (shùjù biǎomíng) | 事实表明 (shìshí biǎomíng) | 结果表明 (jiéguǒ biǎomíng),研究表明，这种方法非常有效。,"Yánjiū biǎomíng, zhè zhǒng fāngfǎ fēicháng yǒuxiào.",پژوهش نشان می‌دهد که این روش بسیار مؤثر است.,
51,表情,biǎoqíng,HSK 5,名,1,表现在脸部或姿态上的思想、感情等内心活动（名）,حالت چهره (اسم),名,اسم,面部表情 (miànbù biǎoqíng) | 表情丰富 (biǎoqíng fēngfù) | 表情严肃 (biǎoqíng yánsù) | 脸上的表情 (liǎn shàng de biǎoqíng),她脸上的表情突然变得很严肃。,Tā liǎn shàng de biǎoqíng tūrán biàn de hěn yánsù.,حالت چهره‌اش ناگهان بسیار جدی شد.,
51,表情,biǎoqíng,HSK 5,名,2,聊天软件中用来表达情绪或态度的图像、符号等（名，网络用语）,ایموجی؛ شکلک (اسم، اینترنتی),名，网络用语,اسم، اینترنتی,发个表情 (fā ge biǎoqíng) | 添加表情 (tiānjiā biǎoqíng) | 笑脸表情 (xiàoliǎn biǎoqíng) | 表情很可爱 (biǎoqíng hěn kě'ài),她给我发了一个笑脸表情。,Tā gěi wǒ fā le yí ge xiàoliǎn biǎoqíng.,او یک ایموجی خندان برایم فرستاد.,
52,标题,biāotí,HSK 5,名,1,标明文章、作品、新闻等内容的简短语句或名称（名）,عنوان؛ تیتر (اسم),名,اسم,文章标题 (wénzhāng biāotí) | 新闻标题 (xīnwén biāotí) | 修改标题 (xiūgǎi biāotí) | 标题醒目 (biāotí xǐngmù),这篇文章的标题很吸引人。,Zhè piān wénzhāng de biāotí hěn xīyǐn rén.,عنوان این مقاله بسیار جذاب است.,
53,标志,biāozhì,HSK 5,名,1,表明事物特征、性质或身份的记号、符号或事物（名）,نشانه؛ علامت؛ نماد (اسم),名,اسم,交通标志 (jiāotōng biāozhì) | 警告标志 (jǐnggào biāozhì) | 品牌标志 (pǐnpái biāozhì) | 明显标志 (míngxiǎn biāozhì),这个标志表示禁止停车。,Zhège biāozhì biǎoshì jìnzhǐ tíngchē.,این علامت نشان می‌دهد که پارک کردن ممنوع است.,
53,标志,biāozhì,HSK 5,动,2,表明某种状态、阶段或变化的出现、开始或发生（及物动）,نشان دادن؛ حاکی بودن از (فعل گذرا),及物动,فعل گذرا,标志着成功 (biāozhìzhe chénggōng) | 标志着正式开始 (biāozhìzhe zhèngshì kāishǐ) | 标志着重大转变 (biāozhìzhe zhòngdà zhuǎnbiàn),这次合作标志着双方关系进入了新阶段。,Zhè cì hézuò biāozhìzhe shuāngfāng guānxì jìnrù le xīn jiēduàn.,این همکاری نشان می‌دهد که روابط دو طرف وارد مرحلهٔ جدیدی شده است.,
54,彼此,bǐcǐ,HSK 5,代,1,双方或各方互相指代，相当于“互相”或“对方”（代）,یکدیگر؛ همدیگر (ضمیر),代,ضمیر,彼此了解 (bǐcǐ liǎojiě) | 彼此帮助 (bǐcǐ bāngzhù) | 彼此信任 (bǐcǐ xìnrèn) | 了解彼此 (liǎojiě bǐcǐ),我们应该彼此尊重。,Wǒmen yīnggāi bǐcǐ zūnzhòng.,ما باید به یکدیگر احترام بگذاریم.,
55,比分,bǐfēn,HSK 5,名,1,比赛中双方或各方所得分数的对比（名）,نتیجه؛ امتیاز مسابقه (اسم),名,اسم,最终比分 (zuìzhōng bǐfēn) | 比分领先 (bǐfēn lǐngxiān) | 改写比分 (gǎixiě bǐfēn) | 比分是三比一 (bǐfēn shì sān bǐ yī),比赛的最终比分是三比二。,Bǐsài de zuìzhōng bǐfēn shì sān bǐ èr.,نتیجهٔ نهایی مسابقه سه بر دو بود.,
56,毕竟,bìjìng,HSK 5,副,1,强调某个事实、原因或最终结论，相当于“到底”或“终究”（副）,بالاخره؛ به‌هرحال (قید),副,قید,毕竟年轻 (bìjìng niánqīng) | 毕竟是孩子 (bìjìng shì háizi) | 毕竟不同 (bìjìng bùtóng) | 毕竟有经验 (bìjìng yǒu jīngyàn),他毕竟是第一次做这项工作。,Tā bìjìng shì dì-yī cì zuò zhè xiàng gōngzuò.,بالاخره اولین بار است که او این کار را انجام می‌دهد.,
57,比例,bǐlì,HSK 5,名,1,两个数量之间的对比关系，通常用比或百分数表示（名）,نسبت (اسم),名,اسم,所占比例 (suǒ zhàn bǐlì) | 比例上升 (bǐlì shàngshēng) | 按比例分配 (àn bǐlì fēnpèi) | 男女比例 (nánnǚ bǐlì),女性员工所占的比例越来越高。,Nǚxìng yuángōng suǒ zhàn de bǐlì yuèláiyuè gāo.,نسبت کارکنان زن روزبه‌روز بیشتر می‌شود.,
57,比例,bǐlì,HSK 5,名,2,整体与部分或各部分之间在大小、长度等方面的相对关系（名）,تناسب (اسم),名,اسم,身体比例 (shēntǐ bǐlì) | 比例协调 (bǐlì xiétiáo) | 按比例缩小 (àn bǐlì suōxiǎo) | 比例失调 (bǐlì shītiáo),这座建筑的整体比例非常协调。,Zhè zuò jiànzhù de zhěngtǐ bǐlì fēicháng xiétiáo.,تناسب کلی این ساختمان بسیار هماهنگ است.,
58,避免,bìmiǎn,HSK 5,动,1,设法不使某种不好的情况发生（及物动）,جلوگیری کردن از؛ اجتناب کردن از (فعل گذرا),及物动,فعل گذرا,避免错误 (bìmiǎn cuòwù) | 避免发生事故 (bìmiǎn fāshēng shìgù) | 无法避免 (wúfǎ bìmiǎn) | 尽量避免 (jǐnliàng bìmiǎn),我们应该尽量避免犯同样的错误。,Wǒmen yīnggāi jǐnliàng bìmiǎn fàn tóngyàng de cuòwù.,باید تا حد امکان از تکرار همان اشتباه جلوگیری کنیم.,
59,闭幕式,bìmùshì,HSK 5,名,1,会议、展览、运动会等结束时举行的正式仪式（名）,مراسم اختتامیه (اسم),名,اسم,举行闭幕式 (jǔxíng bìmùshì) | 参加闭幕式 (cānjiā bìmùshì) | 奥运会闭幕式 (Àoyùnhuì bìmùshì) | 闭幕式现场 (bìmùshì xiànchǎng),闭幕式将在明天晚上举行。,Bìmùshì jiāng zài míngtiān wǎnshang jǔxíng.,مراسم اختتامیه فردا شب برگزار خواهد شد.,
60,饼,bǐng,HSK 5,名,1,用面粉、米粉等制成的扁圆形食品（名）,خوراک آردیِ تخت و گرد؛ نان تخت (اسم),名,اسم,做饼 (zuò bǐng) | 一张饼 (yì zhāng bǐng) | 把饼切开 (bǎ bǐng qiēkāi) | 饼烤好了 (bǐng kǎohǎo le),妈妈做的饼特别好吃。,Māma zuò de bǐng tèbié hǎochī.,نان تختی که مادرم درست می‌کند بسیار خوش‌مزه است.,
60,饼,bǐng,HSK 5,名,2,像饼一样扁平而近似圆形的东西（名）,جسم تخت و گرد؛ قرص (اسم),名,اسم,压成一个饼 (yā chéng yí ge bǐng) | 像个圆饼 (xiàng ge yuán bǐng) | 捏成一个饼 (niē chéng yí ge bǐng),他把泥压成了一个圆饼。,Tā bǎ ní yā chéng le yí ge yuán bǐng.,او گل را به شکل قرصی گرد و تخت درآورد.,
61,病房,bìngfáng,HSK 5,名,1,医院里供病人住院治疗和休息的房间（名）,اتاق بستری؛ بخش بستری (اسم),名,اسم,住进病房 (zhùjìn bìngfáng) | 普通病房 (pǔtōng bìngfáng) | 单人病房 (dānrén bìngfáng) | 病房护士 (bìngfáng hùshi),病人已经被送进病房了。,Bìngrén yǐjīng bèi sòngjìn bìngfáng le.,بیمار به بخش بستری منتقل شده است.,
62,病情,bìngqíng,HSK 5,名,1,疾病的发展、变化和严重程度（名）,وضعیت بیماری (اسم),名,اسم,病情严重 (bìngqíng yánzhòng) | 病情稳定 (bìngqíng wěndìng) | 病情恶化 (bìngqíng èhuà) | 了解病情 (liǎojiě bìngqíng),医生说他的病情已经稳定了。,Yīshēng shuō tā de bìngqíng yǐjīng wěndìng le.,پزشک گفت وضعیت بیماری او پایدار شده است.,
63,必然,bìrán,HSK 5,形,1,按照事物发展的规律一定会发生或出现的（形）,حتمی؛ اجتناب‌ناپذیر (صفت),形,صفت,必然结果 (bìrán jiéguǒ) | 必然趋势 (bìrán qūshì) | 必然联系 (bìrán liánxì) | 并非必然 (bìngfēi bìrán),这是社会发展的必然结果。,Zhè shì shèhuì fāzhǎn de bìrán jiéguǒ.,این نتیجهٔ اجتناب‌ناپذیر تحول جامعه است.,
63,必然,bìrán,HSK 5,副,2,表示事情一定会发生或出现（副）,حتماً؛ ناگزیر؛ قطعاً (قید),副,قید,必然发生 (bìrán fāshēng) | 必然导致 (bìrán dǎozhì) | 必然失败 (bìrán shībài) | 必然产生影响 (bìrán chǎnshēng yǐngxiǎng),长期不解决这个问题，必然会产生严重后果。,"Chángqī bù jiějué zhège wèntí, bìrán huì chǎnshēng yánzhòng hòuguǒ.",اگر این مشکل مدت زیادی حل نشود، قطعاً پیامدهای جدی خواهد داشت.,
64,必需,bìxū,HSK 5,动,1,一定要有、不可缺少；通常说明某物是需要的（动）,ضروری بودن؛ لازم بودن (فعل),动,فعل,人体必需 (réntǐ bìxū) | 生活所必需 (shēnghuó suǒ bìxū) | 工作所必需 (gōngzuò suǒ bìxū) | 生存所必需 (shēngcún suǒ bìxū),水是人体必需的物质。,Shuǐ shì réntǐ bìxū de wùzhì.,آب ماده‌ای ضروری برای بدن انسان است.,
65,必要,bìyào,HSK 5,形,1,不可缺少；为了达到某种目的非这样做不可（形）,ضروری؛ لازم (صفت),形,صفت,十分必要 (shífēn bìyào) | 必要条件 (bìyào tiáojiàn) | 必要措施 (bìyào cuòshī) | 没有必要 (méiyǒu bìyào),采取这些措施是非常必要的。,Cǎiqǔ zhèxiē cuòshī shì fēicháng bìyào de.,انجام این اقدامات بسیار ضروری است.,
66,比喻,bǐyù,HSK 5,名/动,1,用与某事物有相似之处的另一事物来描写或说明它的修辞方法（名）,تشبیه؛ استعاره؛ آرایهٔ تشبیهی (اسم),名,اسم,使用比喻 (shǐyòng bǐyù) | 生动的比喻 (shēngdòng de bǐyù) | 恰当的比喻 (qiàdàng de bǐyù) | 打个比喻 (dǎ ge bǐyù),这个比喻非常生动。,Zhège bǐyù fēicháng shēngdòng.,این تشبیه بسیار زنده و گویاست.,
66,比喻,bǐyù,HSK 5,名/动,2,用有相似特点的事物来说明或形容另一事物（及物动）,تشبیه کردن؛ مانند کردن به (فعل گذرا),及物动,فعل گذرا,比喻成人生旅程 (bǐyù chéng rénshēng lǚchéng) | 比喻为太阳 (bǐyù wéi tàiyáng) | 用花来比喻青春 (yòng huā lái bǐyù qīngchūn),人们常把人生比喻成一场旅行。,Rénmen cháng bǎ rénshēng bǐyù chéng yì chǎng lǚxíng.,مردم اغلب زندگی را به یک سفر تشبیه می‌کنند.,
67,拨打,bōdǎ,HSK 5,动,1,按下电话号码进行电话联系（及物动）,شماره گرفتن؛ با شماره‌ای تماس گرفتن (فعل گذرا),及物动,فعل گذرا,拨打电话 (bōdǎ diànhuà) | 拨打号码 (bōdǎ hàomǎ) | 拨打热线 (bōdǎ rèxiàn) | 直接拨打 (zhíjiē bōdǎ),如有问题，请拨打这个电话号码。,"Rú yǒu wèntí, qǐng bōdǎ zhège diànhuà hàomǎ.",اگر مشکلی داشتید، لطفاً با این شماره تماس بگیرید.,
68,玻璃,bōli,HSK 5,名,1,一种质地硬而脆、通常透明的材料（名）,شیشه (اسم),名,اسم,一块玻璃 (yí kuài bōli) | 擦玻璃 (cā bōli) | 隔着玻璃 (gézhe bōli) | 玻璃碎了 (bōli suì le),小心，地上有碎玻璃。,"Xiǎoxīn, dìshang yǒu suì bōli.",مواظب باش، روی زمین خرده‌شیشه است.,
69,博物馆,bówùguǎn,HSK 5,名,1,收藏、研究并展示历史、文化、艺术或科学等方面实物和资料的机构及场所（名）,موزه (اسم),名,اسم,参观博物馆 (cānguān bówùguǎn) | 博物馆门票 (bówùguǎn ménpiào) | 博物馆展览 (bówùguǎn zhǎnlǎn) | 附近的博物馆 (fùjìn de bówùguǎn),周末我们去参观博物馆吧。,Zhōumò wǒmen qù cānguān bówùguǎn ba.,آخر هفته برویم از موزه دیدن کنیم.,
70,补充,bǔchōng,HSK 5,动,1,在原有事物不足或不完整时增加所需的部分（及物动）,افزودن؛ تکمیل کردن؛ جبران کردن کمبود (فعل گذرا),及物动,فعل گذرا,补充材料 (bǔchōng cáiliào) | 补充水分 (bǔchōng shuǐfèn) | 补充说明 (bǔchōng shuōmíng) | 补充意见 (bǔchōng yìjiàn),运动以后要及时补充水分。,Yùndòng yǐhòu yào jíshí bǔchōng shuǐfèn.,بعد از ورزش باید آب ازدست‌رفتهٔ بدن را به‌موقع جبران کرد.,
70,补充,bǔchōng,HSK 5,名,2,为了使原有事物更加完整而增加的内容或部分（名）,مکمل؛ مطلب یا بخش افزوده (اسم),名,اسم,作为补充 (zuòwéi bǔchōng) | 必要的补充 (bìyào de bǔchōng) | 有益的补充 (yǒuyì de bǔchōng),这份资料可以作为报告的补充。,Zhè fèn zīliào kěyǐ zuòwéi bàogào de bǔchōng.,این اطلاعات می‌تواند مکمل گزارش باشد.,
71,不得了,bùdéliǎo,HSK 5,形/补语,1,表示情况非常严重，可能造成难以处理的后果（形）,وخیم؛ وحشتناک؛ بسیار جدی (صفت),形,صفت,那可不得了 (nà kě bùdéliǎo) | 真不得了 (zhēn bùdéliǎo) | 这还得了 (zhè hái déliǎo),要是出了事故，那可不得了。,"Yàoshi chū le shìgù, nà kě bùdéliǎo.",اگر حادثه‌ای رخ بدهد، اوضاع خیلی وخیم می‌شود.,
71,不得了,bùdéliǎo,HSK 5,形/补语,2,用在形容词或表示心理状态的动词后，表示程度极高（补语）,بسیار؛ فوق‌العاده؛ به‌شدت (متمم درجه),补语,متمم درجه,高兴得不得了 (gāoxìng de bùdéliǎo) | 忙得不得了 (máng de bùdéliǎo) | 热得不得了 (rè de bùdéliǎo) | 喜欢得不得了 (xǐhuan de bùdéliǎo),今天热得不得了。,Jīntiān rè de bùdéliǎo.,امروز هوا به‌شدت گرم است.,
72,不符,bùfú,HSK 5,动,1,与事实、标准、要求或规定等不相符合（动）,مطابقت نداشتن؛ همخوان نبودن با (فعل),动,فعل,与事实不符 (yǔ shìshí bùfú) | 与要求不符 (yǔ yāoqiú bùfú) | 与规定不符 (yǔ guīdìng bùfú) | 名实不符 (míngshí bùfú),这个说法与事实不符。,Zhège shuōfǎ yǔ shìshí bùfú.,این گفته با واقعیت مطابقت ندارد.,
73,不利,bùlì,HSK 5,形,1,没有好处或会产生不好的影响（形）,نامساعد؛ زیان‌آور؛ نامطلوب (صفت),形,صفت,不利条件 (bùlì tiáojiàn) | 不利因素 (bùlì yīnsù) | 对健康不利 (duì jiànkāng bùlì) | 形势不利 (xíngshì bùlì),这种生活方式对健康不利。,Zhè zhǒng shēnghuó fāngshì duì jiànkāng bùlì.,این سبک زندگی برای سلامتی زیان‌آور است.,
74,不良,bùliáng,HSK 5,形,1,不好或不符合正常、健康、理想的标准（形）,نامطلوب؛ ناسالم؛ نامناسب (صفت),形,صفت,不良习惯 (bùliáng xíguàn) | 不良反应 (bùliáng fǎnyìng) | 不良影响 (bùliáng yǐngxiǎng) | 健康状况不良 (jiànkāng zhuàngkuàng bùliáng),熬夜是一种不良习惯。,Áoyè shì yì zhǒng bùliáng xíguàn.,شب‌بیداری عادت نامناسبی است.,
75,不然,bùrán,HSK 5,连/形,1,表示如果不采取前面所说的做法，就会出现后面的结果，相当于“否则”（连）,وگرنه؛ در غیر این صورت (حرف ربط),连,حرف ربط,不然就迟到了 (bùrán jiù chídào le) | 不然会生病 (bùrán huì shēngbìng) | 不然怎么办 (bùrán zěnme bàn),我们得快点，不然就赶不上火车了。,"Wǒmen děi kuài diǎn, bùrán jiù gǎnbushàng huǒchē le.",باید عجله کنیم، وگرنه به قطار نمی‌رسیم.,
75,不然,bùrán,HSK 5,连/形,2,不是这样；实际情况与所说或所想的不同（形）,چنین نبودن؛ این‌طور نبودن (صفت),形,صفت,其实不然 (qíshí bùrán) | 事实不然 (shìshí bùrán) | 结果却不然 (jiéguǒ què bùrán),很多人认为这很简单，其实不然。,"Hěnduō rén rènwéi zhè hěn jiǎndān, qíshí bùrán.",خیلی‌ها فکر می‌کنند این کار ساده است، اما در واقع چنین نیست.,
76,不幸,búxìng,HSK 5,形/副/名,1,遭遇不好或令人悲伤的事情；不幸运（形）,بداقبال؛ ناگوار؛ مصیبت‌بار (صفت),形,صفت,不幸的人 (búxìng de rén) | 不幸的经历 (búxìng de jīnglì) | 不幸的童年 (búxìng de tóngnián) | 十分不幸 (shífēn búxìng),他有一段不幸的童年。,Tā yǒu yí duàn búxìng de tóngnián.,او دوران کودکی ناگواری داشته است.,
76,不幸,búxìng,HSK 5,形/副/名,2,表示令人遗憾的事情意外发生（副）,متأسفانه؛ شوربختانه (قید),副,قید,不幸去世 (búxìng qùshì) | 不幸受伤 (búxìng shòushāng) | 不幸遇难 (búxìng yùnàn),他在事故中不幸受伤。,Tā zài shìgù zhōng búxìng shòushāng.,او متأسفانه در حادثه زخمی شد.,
76,不幸,búxìng,HSK 5,形/副/名,3,不幸的事情或遭遇（名）,بدبختی؛ مصیبت؛ اتفاق ناگوار (اسم),名,اسم,遭遇不幸 (zāoyù búxìng) | 家庭的不幸 (jiātíng de búxìng) | 带来不幸 (dàilái búxìng) | 个人的不幸 (gèrén de búxìng),我们对他的不幸深表同情。,Wǒmen duì tā de búxìng shēn biǎo tóngqíng.,ما با مصیبت او عمیقاً ابراز همدردی می‌کنیم.,
77,步行,bùxíng,HSK 5,动,1,不用交通工具，靠双脚行走（动）,پیاده رفتن؛ پیاده طی کردن (فعل),动,فعل,步行上班 (bùxíng shàngbān) | 步行回家 (bùxíng huí jiā) | 步行十分钟 (bùxíng shí fēnzhōng) | 步行前往 (bùxíng qiánwǎng),我每天步行去上班。,Wǒ měitiān bùxíng qù shàngbān.,من هر روز پیاده به محل کار می‌روم.,
78,不要紧,búyàojǐn,HSK 5,形,1,没有严重影响或后果；不碍事（形）,مهم نبودن؛ اشکالی نداشتن؛ جدی نبودن (صفت),形,صفت,一点儿也不要紧 (yìdiǎnr yě búyàojǐn) | 晚一点儿不要紧 (wǎn yìdiǎnr búyàojǐn) | 这点小事不要紧 (zhè diǎn xiǎoshì búyàojǐn),晚一点儿也不要紧。,Wǎn yìdiǎnr yě búyàojǐn.,کمی دیرتر هم اشکالی ندارد.,
79,不足,bùzú,HSK 5,形/名/动,1,不充足；数量、程度或条件等没有达到需要的标准（形）,ناکافی؛ کم؛ نابسنده (صفت),形,صفت,资金不足 (zījīn bùzú) | 经验不足 (jīngyàn bùzú) | 睡眠不足 (shuìmián bùzú) | 准备不足 (zhǔnbèi bùzú),由于准备不足，我们遇到了很多问题。,"Yóuyú zhǔnbèi bùzú, wǒmen yùdào le hěnduō wèntí.",به‌دلیل آمادگی ناکافی، با مشکلات زیادی روبه‌رو شدیم.,
79,不足,bùzú,HSK 5,形/名/动,2,缺点或不够完善的地方（名）,نقص؛ کمبود؛ نقطه‌ضعف (اسم),名,اسم,存在不足 (cúnzài bùzú) | 发现不足 (fāxiàn bùzú) | 弥补不足 (míbǔ bùzú) | 自身的不足 (zìshēn de bùzú),我们应该看到自己的不足。,Wǒmen yīnggāi kàndào zìjǐ de bùzú.,ما باید نقاط ضعف خود را بشناسیم.,
79,不足,bùzú,HSK 5,形/名/动,3,不能达到完成某事所需的程度，常用“不足以”表示（动）,برای انجام یا اثبات چیزی کافی نبودن (فعل),动,فعل,不足以证明 (bùzú yǐ zhèngmíng) | 不足以说明 (bùzú yǐ shuōmíng) | 不足以支持 (bùzú yǐ zhīchí),这些证据不足以证明他的观点。,Zhèxiē zhèngjù bùzú yǐ zhèngmíng tā de guāndiǎn.,این شواهد برای اثبات دیدگاه او کافی نیستند.,
79,不足,bùzú,HSK 5,形/名/动,4,少于某个数量或没有达到某个数目（动）,کمتر بودن از؛ نرسیدن به (فعل),动,فعل,不足一百人 (bùzú yìbǎi rén) | 不足三个月 (bùzú sān ge yuè) | 不足一半 (bùzú yíbàn),参加活动的人数不足一百人。,Cānjiā huódòng de rénshù bùzú yìbǎi rén.,تعداد شرکت‌کنندگان در برنامه کمتر از صد نفر بود.,
80,采访,cǎifǎng,HSK 5,动/名,1,记者为了新闻报道而访问有关人员、调查情况或搜集材料（动）,مصاحبه کردن؛ برای تهیهٔ گزارش اطلاعات جمع‌آوری کردن (فعل),动,فعل,采访专家 (cǎifǎng zhuānjiā) | 采访演员 (cǎifǎng yǎnyuán) | 现场采访 (xiànchǎng cǎifǎng) | 前往采访 (qiánwǎng cǎifǎng),记者正在采访一位专家。,Jìzhě zhèngzài cǎifǎng yí wèi zhuānjiā.,خبرنگار در حال مصاحبه با یک کارشناس است.,
80,采访,cǎifǎng,HSK 5,动/名,2,记者访问有关人员、调查情况并搜集新闻材料的活动（名）,مصاحبه؛ فعالیت گردآوری اطلاعات برای تهیهٔ گزارش (اسم),名,اسم,接受采访 (jiēshòu cǎifǎng) | 新闻采访 (xīnwén cǎifǎng) | 进行采访 (jìnxíng cǎifǎng) | 独家采访 (dújiā cǎifǎng),他拒绝接受记者的采访。,Tā jùjué jiēshòu jìzhě de cǎifǎng.,او از مصاحبه با خبرنگار خودداری کرد.,
81,裁判,cáipàn,HSK 5,名/动,1,体育比赛中负责执行规则、判断胜负和处理争议的人（名）,داور مسابقه (اسم),名,اسم,足球裁判 (zúqiú cáipàn) | 当裁判 (dāng cáipàn) | 裁判的判罚 (cáipàn de pànfá) | 服从裁判 (fúcóng cáipàn),裁判宣布比赛结束。,Cáipàn xuānbù bǐsài jiéshù.,داور پایان مسابقه را اعلام کرد.,
81,裁判,cáipàn,HSK 5,名/动,2,根据规则或事实判断比赛胜负、争议或案件是非（动）,داوری کردن؛ حکم دادن (فعل),动,فعل,裁判比赛 (cáipàn bǐsài) | 公正裁判 (gōngzhèng cáipàn) | 依法裁判 (yīfǎ cáipàn),他将负责裁判这场比赛。,Tā jiāng fùzé cáipàn zhè chǎng bǐsài.,او مسئول داوری این مسابقه خواهد بود.,
82,采取,cǎiqǔ,HSK 5,动,1,选择并实行某种方式、措施、态度或行动（动）,اتخاذ کردن؛ در پیش گرفتن (فعل),动,فعل,采取措施 (cǎiqǔ cuòshī) | 采取行动 (cǎiqǔ xíngdòng) | 采取办法 (cǎiqǔ bànfǎ) | 采取积极态度 (cǎiqǔ jījí tàidù),政府采取了新的措施。,Zhèngfǔ cǎiqǔ le xīn de cuòshī.,دولت اقدامات جدیدی اتخاذ کرد.,
83,彩色,cǎisè,HSK 5,名/形,1,多种颜色或黑白以外的颜色（名）,رنگ؛ حالت رنگی در برابر سیاه‌وسفید (اسم),名,اسم,由黑白变成彩色 (yóu hēibái biàn chéng cǎisè) | 恢复彩色 (huīfù cǎisè) | 黑白与彩色 (hēibái yǔ cǎisè),这部老电影后来被修复成了彩色。,Zhè bù lǎo diànyǐng hòulái bèi xiūfù chéng le cǎisè.,این فیلم قدیمی بعداً به‌صورت رنگی بازسازی شد.,
83,彩色,cǎisè,HSK 5,名/形,2,有多种颜色的或不是黑白的（形）,رنگی؛ غیرسیاه‌وسفید (صفت),形,صفت,彩色照片 (cǎisè zhàopiàn) | 彩色画面 (cǎisè huàmiàn) | 彩色图片 (cǎisè túpiàn) | 彩色打印 (cǎisè dǎyìn),这是一张彩色照片。,Zhè shì yì zhāng cǎisè zhàopiàn.,این یک عکس رنگی است.,
84,采用,cǎiyòng,HSK 5,动,1,认为合适而选择使用某种方法、技术、材料或方案等（动）,به‌کار بردن؛ برگزیدن و استفاده کردن (فعل),动,فعل,采用新技术 (cǎiyòng xīn jìshù) | 采用这种方法 (cǎiyòng zhè zhǒng fāngfǎ) | 采用环保材料 (cǎiyòng huánbǎo cáiliào) | 广泛采用 (guǎngfàn cǎiyòng),这家公司采用了最新的技术。,Zhè jiā gōngsī cǎiyòng le zuìxīn de jìshù.,این شرکت از جدیدترین فناوری استفاده کرده است.,
85,藏,cáng,HSK 5,动,1,把东西放在不容易被发现的地方（动）,پنهان کردن؛ مخفی کردن (فعل),动,فعل,藏东西 (cáng dōngxi) | 藏在抽屉里 (cáng zài chōuti li) | 把钱藏好 (bǎ qián cáng hǎo) | 藏得很严实 (cáng de hěn yánshi),他把钥匙藏在抽屉里了。,Tā bǎ yàoshi cáng zài chōuti li le.,او کلید را داخل کشو پنهان کرد.,
85,藏,cáng,HSK 5,动,2,躲在不容易被发现的地方，不让别人看见自己（动）,پنهان شدن؛ مخفی شدن (فعل),动,فعل,藏在门后 (cáng zài mén hòu) | 藏到床底下 (cáng dào chuáng dǐxia) | 无处可藏 (wúchù kě cáng) | 藏得很好 (cáng de hěn hǎo),孩子藏在门后面。,Háizi cáng zài mén hòumian.,کودک پشت در پنهان شده است.,
85,藏,cáng,HSK 5,动,3,收藏或储存物品，多见于较正式的表达（动，较正式）,در مجموعه نگهداری کردن؛ ذخیره داشتن (فعل، رسمی‌تر),动，较正式,فعل، رسمی‌تر,藏有古书 (cángyǒu gǔshū) | 藏有文物 (cángyǒu wénwù) | 藏有大量资料 (cángyǒu dàliàng zīliào),这个图书馆藏有很多古书。,Zhège túshūguǎn cángyǒu hěnduō gǔshū.,این کتابخانه کتاب‌های قدیمی بسیاری در مجموعهٔ خود دارد.,
86,参考,cānkǎo,HSK 5,动,1,为了学习、研究或作决定而查阅资料、听取意见或考虑有关情况（动）,مراجعه کردن به؛ بررسی و در نظر گرفتن (فعل),动,فعل,参考资料 (cānkǎo zīliào) | 参考意见 (cānkǎo yìjiàn) | 参考一下 (cānkǎo yíxià) | 仅供参考 (jǐn gōng cānkǎo),你可以参考一下这份报告。,Nǐ kěyǐ cānkǎo yíxià zhè fèn bàogào.,می‌توانی این گزارش را بررسی و از آن استفاده کنی.,
87,餐饮,cānyǐn,HSK 5,名,1,饭食和饮料，也泛指提供饮食的行业或服务（名）,غذا و نوشیدنی؛ صنعت و خدمات غذایی (اسم),名,اسم,从事餐饮 (cóngshì cānyǐn) | 餐饮服务 (cānyǐn fúwù) | 餐饮行业 (cānyǐn hángyè) | 餐饮市场 (cānyǐn shìchǎng),他在餐饮行业工作了十年。,Tā zài cānyǐn hángyè gōngzuò le shí nián.,او ده سال در صنعت غذا و خدمات پذیرایی کار کرده است.,
88,参与,cānyù,HSK 5,动,1,参加并介入某项活动、事务或工作（动）,مشارکت کردن؛ شرکت داشتن در (فعل),动,فعل,参与活动 (cānyù huódòng) | 参与讨论 (cānyù tǎolùn) | 积极参与 (jījí cānyù) | 参与项目 (cānyù xiàngmù),很多学生参与了这次活动。,Hěnduō xuésheng cānyù le zhè cì huódòng.,دانش‌آموزان زیادی در این فعالیت مشارکت کردند.,
89,操作,cāozuò,HSK 5,动/名,1,按照一定的程序和技术要求使用机器、设备、工具或软件等（动）,کار کردن با؛ به‌کار انداختن (فعل),动,فعل,操作机器 (cāozuò jīqì) | 操作设备 (cāozuò shèbèi) | 熟练操作 (shúliàn cāozuò) | 正确操作 (zhèngquè cāozuò),请按照说明正确操作这台机器。,Qǐng ànzhào shuōmíng zhèngquè cāozuò zhè tái jīqì.,لطفاً طبق دستورالعمل با این دستگاه به‌درستی کار کنید.,
89,操作,cāozuò,HSK 5,动/名,2,实施或安排某件事情，使其按一定方式进行，多用于较具体的执行过程（动）,اجرا کردن؛ پیش بردن؛ ترتیب انجام کاری را دادن (فعل),动,فعل,这件事不好操作 (zhè jiàn shì bù hǎo cāozuò) | 具体怎么操作 (jùtǐ zěnme cāozuò) | 按这个思路操作 (àn zhège sīlù cāozuò) | 由他来操作 (yóu tā lái cāozuò),想法虽然不错，但这件事具体怎么操作还需要讨论。,"Xiǎngfǎ suīrán búcuò, dàn zhè jiàn shì jùtǐ zěnme cāozuò hái xūyào tǎolùn.",این ایده خوب است، اما هنوز باید دربارهٔ شیوهٔ دقیق اجرای آن گفت‌وگو کنیم.,
89,操作,cāozuò,HSK 5,动/名,3,按照一定程序进行的活动或处理过程（名）,کار با دستگاه یا برنامه؛ فرایند اجرایی (اسم),名,اسم,操作简单 (cāozuò jiǎndān) | 操作方便 (cāozuò fāngbiàn) | 操作过程 (cāozuò guòchéng) | 操作方法 (cāozuò fāngfǎ),这个软件的操作很简单。,Zhège ruǎnjiàn de cāozuò hěn jiǎndān.,کار با این نرم‌افزار بسیار ساده است.,
90,册,cè,HSK 5,量,1,用于书籍、本子、画册等装订成册的东西（量）,جلد؛ واحد شمارش کتاب و چیزهای صحافی‌شده (واحد شمارش),量,واحد شمارش,一册词典 (yí cè cídiǎn) | 两册杂志 (liǎng cè zázhì) | 全书三册 (quán shū sān cè) | 第一册 (dì-yī cè),这套书一共有三册。,Zhè tào shū yígòng yǒu sān cè.,این مجموعه در مجموع سه جلد دارد.,
91,测,cè,HSK 5,动,1,用仪器或一定的方法测量、检验事物的数量、性质、能力等（动）,اندازه‌گیری کردن؛ سنجیدن؛ آزمایش کردن (فعل),动,فعل,测温度 (cè wēndù) | 测距离 (cè jùlí) | 测血压 (cè xuèyā) | 测速度 (cè sùdù),医生给他测了血压。,Yīshēng gěi tā cè le xuèyā.,پزشک فشار خون او را اندازه گرفت.,
92,曾,céng,HSK 5,副/名,1,表示过去有过某种行为或情况，相当于“曾经”，较常用于书面语（副，较书面）,قبلاً؛ زمانی در گذشته (قید، نوشتاری‌تر),副，较书面,قید، نوشتاری‌تر,曾见过 (céng jiànguo) | 曾担任经理 (céng dānrèn jīnglǐ) | 曾多次访问 (céng duō cì fǎngwèn) | 曾一度中断 (céng yí dù zhōngduàn),我曾在上海学习过。,Wǒ céng zài Shànghǎi xuéxí guo.,من قبلاً در شانگهای تحصیل کرده‌ام.,
92,曾,Zēng,HSK 5,副/名,2,姓氏（名）,نام خانوادگی «زِنگ» (اسم خاص),名,اسم خاص,姓曾 (xìng Zēng) | 曾先生 (Zēng xiānsheng) | 曾女士 (Zēng nǚshì),曾老师今天没来。,Zēng lǎoshī jīntiān méi lái.,استاد زِنگ امروز نیامد.,
93,曾经,céngjīng,HSK 5,副,1,表示过去有过某种行为或情况（副）,قبلاً؛ زمانی در گذشته (قید),副,قید,曾经工作过 (céngjīng gōngzuò guo) | 曾经认识 (céngjīng rènshi) | 曾经发生 (céngjīng fāshēng) | 曾经拥有 (céngjīng yǒngyǒu),我曾经在这家公司工作过。,Wǒ céngjīng zài zhè jiā gōngsī gōngzuò guo.,من قبلاً در این شرکت کار کرده‌ام.,
94,测试,cèshì,HSK 5,动/名,1,通过一定的方法检验事物的性能、能力或水平等（动）,آزمایش کردن؛ تست کردن؛ سنجیدن (فعل),动,فعل,测试性能 (cèshì xìngnéng) | 测试系统 (cèshì xìtǒng) | 测试新产品 (cèshì xīn chǎnpǐn) | 测试英语水平 (cèshì Yīngyǔ shuǐpíng),工程师正在测试新设备。,Gōngchéngshī zhèngzài cèshì xīn shèbèi.,مهندس در حال آزمایش تجهیزات جدید است.,
94,测试,cèshì,HSK 5,动/名,2,为检验性能、能力或水平而进行的试验或考查（名）,آزمایش؛ تست؛ آزمون (اسم),名,اسم,进行测试 (jìnxíng cèshì) | 性能测试 (xìngnéng cèshì) | 测试结果 (cèshì jiéguǒ) | 通过测试 (tōngguò cèshì),产品已经通过了安全测试。,Chǎnpǐn yǐjīng tōngguò le ānquán cèshì.,محصول آزمون ایمنی را با موفقیت پشت سر گذاشته است.,
95,插,chā,HSK 5,动,1,把细长或片状的东西放进、刺进或夹进另一物体中（动）,فرو کردن؛ داخل کردن؛ قرار دادن در میان چیزی (فعل),动,فعل,插钥匙 (chā yàoshi) | 插卡 (chā kǎ) | 插进土里 (chā jìn tǔ li) | 插上插头 (chāshang chātóu),请把钥匙插进锁里。,Qǐng bǎ yàoshi chā jìn suǒ li.,لطفاً کلید را داخل قفل فرو کنید.,
95,插,chā,HSK 5,动,2,在原有的内容、活动或次序中间临时加入人或事物（动）,میان چیزی وارد یا اضافه کردن؛ لابه‌لای چیزی گنجاندن (فعل),动,فعل,插一句话 (chā yí jù huà) | 中间插一段广告 (zhōngjiān chā yí duàn guǎnggào) | 临时插一个节目 (línshí chā yí ge jiémù) | 硬插进来 (yìng chā jìnlai),节目中间临时插了一段广告。,Jiémù zhōngjiān línshí chā le yí duàn guǎnggào.,در میان برنامه موقتاً یک آگهی پخش شد.,
96,差别,chābié,HSK 5,名,1,不同事物之间的区别或差异（名）,تفاوت؛ فرق (اسم),名,اسم,有很大差别 (yǒu hěn dà chābié) | 没有差别 (méiyǒu chābié) | 明显的差别 (míngxiǎn de chābié) | 存在差别 (cúnzài chābié),这两种方法没有太大差别。,Zhè liǎng zhǒng fāngfǎ méiyǒu tài dà chābié.,این دو روش تفاوت زیادی با هم ندارند.,
97,拆,chāi,HSK 5,动,1,把合在一起、装配好或包好的东西分开或打开（动）,باز کردن؛ از هم جدا کردن (فعل),动,فعل,拆机器 (chāi jīqì) | 拆包裹 (chāi bāoguǒ) | 拆开包装 (chāikāi bāozhuāng) | 拆开看看 (chāikāi kànkan),他把机器拆开检查了一遍。,Tā bǎ jīqì chāikāi jiǎnchá le yí biàn.,او دستگاه را باز کرد و آن را بررسی کرد.,
97,拆,chāi,HSK 5,动,2,拆除建筑物、墙壁或设施等（动）,تخریب کردن؛ برچیدن (فعل),动,فعل,拆房子 (chāi fángzi) | 拆旧楼 (chāi jiù lóu) | 把墙拆了 (bǎ qiáng chāi le) | 整栋拆掉 (zhěng dòng chāidiào),这座旧楼下个月要拆。,Zhè zuò jiù lóu xià ge yuè yào chāi.,این ساختمان قدیمی ماه آینده تخریب می‌شود.,
98,差距,chājù,HSK 5,名,1,事物之间在程度、水平、数量或能力等方面的差别（名）,فاصله؛ شکاف؛ اختلاف سطح (اسم),名,اسم,缩小差距 (suōxiǎo chājù) | 存在差距 (cúnzài chājù) | 贫富差距 (pínfù chājù) | 技术差距 (jìshù chājù),我们必须努力缩小技术差距。,Wǒmen bìxū nǔlì suōxiǎo jìshù chājù.,ما باید برای کاهش شکاف فناوری تلاش کنیم.,
99,产,chǎn,HSK 5,动,1,生产或出产产品、资源、农作物等（动）,تولید کردن؛ محصول دادن (فعل),动,فعل,这里产煤 (zhèlǐ chǎn méi) | 主要产石油 (zhǔyào chǎn shíyóu) | 不产粮食 (bù chǎn liángshi) | 每年产十万吨 (měinián chǎn shí wàn dūn),这个地区主要产石油。,Zhège dìqū zhǔyào chǎn shíyóu.,این منطقه عمدتاً نفت تولید می‌کند.,
99,产,chǎn,HSK 5,动,2,生育孩子或幼崽，通常与“下”连用，多见于新闻、医疗或动物生产的表达（动，较正式）,زاییدن؛ به دنیا آوردن (فعل، رسمی‌تر),动，较正式,فعل، رسمی‌تر,产下一名男婴 (chǎnxià yì míng nányīng) | 顺利产下 (shùnlì chǎnxià) | 产下幼崽 (chǎnxià yòuzǎi),她昨天顺利产下了一名健康的婴儿。,Tā zuótiān shùnlì chǎnxià le yì míng jiànkāng de yīng'ér.,او دیروز نوزاد سالمی به دنیا آورد.,
100,长处,chángchù,HSK 5,名,1,某人或某事物所具有的优点或擅长的方面（名）,نقطه‌قوت؛ مزیت (اسم),名,اسم,发挥长处 (fāhuī chángchù) | 看到长处 (kàndào chángchù) | 各有长处 (gè yǒu chángchù) | 学习别人的长处 (xuéxí biérén de chángchù),每个人都有自己的长处。,Měi ge rén dōu yǒu zìjǐ de chángchù.,هر کسی نقاط قوت خودش را دارد.,
101,长度,chángdù,HSK 5,名,1,物体两端之间的距离或纵向的尺寸（名）,طول (اسم),名,اسم,测量长度 (cèliáng chángdù) | 长度不同 (chángdù bùtóng) | 长度不够 (chángdù bú gòu) | 长度为十米 (chángdù wéi shí mǐ),这张桌子的长度是两米。,Zhè zhāng zhuōzi de chángdù shì liǎng mǐ.,طول این میز دو متر است.,
102,长久,chángjiǔ,HSK 5,形/副,1,持续很长时间或在很长时间内，多强调持久、不容易结束（形/副）,دیرپا؛ برای مدتی طولانی (صفت/قید),形/副,صفت/قید,长久的友谊 (chángjiǔ de yǒuyì) | 长久以来 (chángjiǔ yǐlái) | 不会长久 (bú huì chángjiǔ) | 长久相处 (chángjiǔ xiāngchǔ),我们希望建立长久的合作关系。,Wǒmen xīwàng jiànlì chángjiǔ de hézuò guānxì.,امیدواریم رابطهٔ همکاری پایداری برقرار کنیم.,
103,长期,chángqī,HSK 5,形/副,1,持续较长时期的或在很长一段时间内（形/副）,بلندمدت؛ برای مدتی طولانی (صفت/قید),形/副,صفت/قید,长期计划 (chángqī jìhuà) | 长期合作 (chángqī hézuò) | 长期存在 (chángqī cúnzài) | 长期使用 (chángqī shǐyòng),他长期在国外工作。,Tā chángqī zài guówài gōngzuò.,او مدت زیادی در خارج از کشور کار کرده است.,
104,常识,chángshí,HSK 5,名,1,一般人应该具备的基本知识（名）,دانش عمومی؛ دانسته‌های پایه (اسم),名,اسم,生活常识 (shēnghuó chángshí) | 基本常识 (jīběn chángshí) | 安全常识 (ānquán chángshí) | 缺乏常识 (quēfá chángshí),这是最基本的安全常识。,Zhè shì zuì jīběn de ānquán chángshí.,این یکی از ابتدایی‌ترین نکات ایمنی است.,
105,尝试,chángshì,HSK 5,动/名,1,试着做某件事，看能否成功或达到目的（动）,امتحان کردن؛ تلاش کردن (فعل),动,فعل,尝试解决 (chángshì jiějué) | 尝试一下 (chángshì yíxià) | 勇于尝试 (yǒngyú chángshì) | 尝试新方法 (chángshì xīn fāngfǎ),我们可以尝试用新的方法解决问题。,Wǒmen kěyǐ chángshì yòng xīn de fāngfǎ jiějué wèntí.,می‌توانیم امتحان کنیم که مشکل را با روش جدیدی حل کنیم.,
105,尝试,chángshì,HSK 5,动/名,2,为了达到某种目的而进行的试验性行动（名）,تلاش؛ اقدام آزمایشی (اسم),名,اسم,一次尝试 (yí cì chángshì) | 新的尝试 (xīn de chángshì) | 大胆的尝试 (dàdǎn de chángshì) | 成功的尝试 (chénggōng de chángshì),这是一次很有意义的尝试。,Zhè shì yí cì hěn yǒu yìyì de chángshì.,این تلاش بسیار ارزشمند و معنادار است.,
106,场所,chǎngsuǒ,HSK 5,名,1,进行某种活动或具有某种用途的地方（名）,مکان؛ محل (اسم),名,اسم,公共场所 (gōnggòng chǎngsuǒ) | 娱乐场所 (yúlè chǎngsuǒ) | 工作场所 (gōngzuò chǎngsuǒ) | 活动场所 (huódòng chǎngsuǒ),公共场所禁止吸烟。,Gōnggòng chǎngsuǒ jìnzhǐ xīyān.,سیگار کشیدن در اماکن عمومی ممنوع است.,
107,长途,chángtú,HSK 5,名/形,1,较远的路程或路程较远的（名/形）,مسافت طولانی؛ مسافت‌طولانی (اسم/صفت),名/形,اسم/صفت,长途旅行 (chángtú lǚxíng) | 长途行驶 (chángtú xíngshǐ) | 跑长途 (pǎo chángtú) | 长途奔波 (chángtú bēnbō),长途旅行以后，我觉得很累。,"Chángtú lǚxíng yǐhòu, wǒ juéde hěn lèi.",بعد از سفر طولانی خیلی خسته شدم.,
108,长远,chángyuǎn,HSK 5,形,1,时间持续很长或着眼于未来较长时期的（形）,بلندمدت؛ درازمدت (صفت),形,صفت,长远目标 (chángyuǎn mùbiāo) | 长远利益 (chángyuǎn lìyì) | 长远发展 (chángyuǎn fāzhǎn) | 长远打算 (chángyuǎn dǎsuàn),我们应该考虑公司的长远发展。,Wǒmen yīnggāi kǎolǜ gōngsī de chángyuǎn fāzhǎn.,ما باید توسعهٔ بلندمدت شرکت را در نظر بگیریم.,
109,产量,chǎnliàng,HSK 5,名,1,在一定时期内生产出来的产品数量（名）,میزان تولید؛ حجم تولید (اسم),名,اسم,提高产量 (tígāo chǎnliàng) | 年产量 (nián chǎnliàng) | 产量增加 (chǎnliàng zēngjiā) | 粮食产量 (liángshi chǎnliàng),今年汽车的产量明显增加了。,Jīnnián qìchē de chǎnliàng míngxiǎn zēngjiā le.,میزان تولید خودرو امسال به‌طور محسوسی افزایش یافته است.,
110,产品,chǎnpǐn,HSK 5,名,1,生产出来的物品或供市场使用、销售的成果（名）,محصول؛ فرآورده (اسم),名,اسم,新产品 (xīn chǎnpǐn) | 产品质量 (chǎnpǐn zhìliàng) | 产品设计 (chǎnpǐn shèjì) | 销售产品 (xiāoshòu chǎnpǐn),这家公司正在开发新产品。,Zhè jiā gōngsī zhèngzài kāifā xīn chǎnpǐn.,این شرکت در حال تولید و توسعهٔ محصولات جدید است.,
111,产业,chǎnyè,HSK 5,名,1,从事商品生产或提供服务的行业及相关经济活动（名）,صنعت؛ بخش اقتصادی (اسم),名,اسم,汽车产业 (qìchē chǎnyè) | 高科技产业 (gāokējì chǎnyè) | 发展产业 (fāzhǎn chǎnyè),当地正在大力发展旅游产业。,Dāngdì zhèngzài dàlì fāzhǎn lǚyóu chǎnyè.,در این منطقه صنعت گردشگری با جدیت در حال توسعه است.,
112,朝,cháo,HSK 5,介,1,向着某个方向、目标或对象（介）,به‌سوی؛ به‌طرف؛ رو به (حرف اضافه),介,حرف اضافه,朝前走 (cháo qián zǒu) | 朝我笑 (cháo wǒ xiào) | 朝东走 (cháo dōng zǒu),他朝我走了过来。,Tā cháo wǒ zǒu le guòlái.,او به‌طرف من آمد.,
112,朝,cháo,HSK 5,动,2,面对或向着某个方向（动）,رو به سمتی بودن (فعل),动,فعل,朝南 (cháo nán) | 门朝东 (mén cháo dōng) | 窗户朝外 (chuānghu cháo wài),这个房间的窗户朝南。,Zhège fángjiān de chuānghu cháo nán.,پنجرهٔ این اتاق رو به جنوب است.,
113,吵,chǎo,HSK 5,形,1,声音大而杂乱，使人不得安静（形）,پرسروصدا؛ شلوغ و آزاردهنده (صفت),形,صفت,太吵 (tài chǎo) | 外面很吵 (wàimian hěn chǎo) | 吵得睡不着 (chǎo de shuìbuzháo),外面太吵了，我没办法工作。,"Wàimian tài chǎo le, wǒ méi bànfǎ gōngzuò.",بیرون خیلی پرسروصداست و نمی‌توانم کار کنم.,
113,吵,chǎo,HSK 5,动,2,因意见不合而大声争论（动）,دعوا کردن؛ جر و بحث کردن (فعل),动,فعل,吵起来 (chǎo qǐlái) | 吵了一架 (chǎo le yí jià) | 为小事吵 (wèi xiǎoshì chǎo),他们因为一点小事吵起来了。,Tāmen yīnwèi yìdiǎn xiǎoshì chǎo qǐlái le.,آن‌ها سر مسئله‌ای کوچک با هم دعوا کردند.,
113,吵,chǎo,HSK 5,动,3,用声音打扰别人，或使人被惊醒（动）,با سروصدا مزاحم شدن یا کسی را بیدار کردن (فعل),动,فعل,别吵我 (bié chǎo wǒ) | 把孩子吵醒 (bǎ háizi chǎoxǐng) | 吵得人睡不着 (chǎo de rén shuìbuzháo),小声一点，别把孩子吵醒了。,"Xiǎoshēng yìdiǎn, bié bǎ háizi chǎoxǐng le.",آهسته‌تر، بچه را بیدار نکن.,
114,炒,chǎo,HSK 5,动,1,把食物放在锅里加热并不断翻动使其熟透（动）,تفت دادن؛ با هم‌زدن سرخ کردن (فعل),动,فعل,炒青菜 (chǎo qīngcài) | 炒鸡蛋 (chǎo jīdàn) | 炒牛肉 (chǎo niúròu),妈妈正在厨房炒青菜。,Māma zhèngzài chúfáng chǎo qīngcài.,مامان در آشپزخانه مشغول تفت‌دادن سبزیجات است.,
114,炒,chǎo,HSK 5,动,2,反复买卖股票、房产等以获取利润（动）,سفته‌بازی کردن؛ با هدف سود خریدوفروش کردن (فعل),动,فعل,炒股票 (chǎo gǔpiào) | 炒房子 (chǎo fángzi) | 炒外汇 (chǎo wàihuì),他以前炒过股票。,Tā yǐqián chǎo guo gǔpiào.,او قبلاً در بازار سهام سفته‌بازی کرده است.,
115,超,chāo,HSK 5,动,1,超过规定的数量、范围或标准（动）,از حد یا معیار فراتر رفتن (فعل),动,فعل,超预算 (chāo yùsuàn) | 人数超了 (rénshù chāo le) | 费用超了 (fèiyòng chāo le),这次的费用已经超预算了。,Zhè cì de fèiyòng yǐjīng chāo yùsuàn le.,هزینهٔ این بار از بودجه بیشتر شده است.,
115,超,chāo,HSK 5,动,2,从旁边赶过去并走到前面（动）,سبقت گرفتن؛ جلو زدن (فعل),动,فعل,超一辆车 (chāo yí liàng chē) | 从左边超 (cóng zuǒbian chāo) | 想超前面的车 (xiǎng chāo qiánmian de chē),前面的车太慢，我想超过去。,"Qiánmian de chē tài màn, wǒ xiǎng chāo guòqu.",ماشین جلویی خیلی آهسته است؛ می‌خواهم از آن سبقت بگیرم.,
116,超出,chāochū,HSK 5,动,1,超过一定的数量、范围、程度或限度（动）,فراتر رفتن از؛ از حد گذشتن (فعل),动,فعل,超出范围 (chāochū fànwéi) | 超出预算 (chāochū yùsuàn) | 超出预期 (chāochū yùqī) | 超出承受能力 (chāochū chéngshòu nénglì),结果超出了我们的预期。,Jiéguǒ chāochū le wǒmen de yùqī.,نتیجه فراتر از انتظار ما بود.,
117,超级,chāojí,HSK 5,形,1,超过一般等级的；特别大、强或高级的（形）,فوق‌العاده بزرگ، قدرتمند یا سطح‌بالا (صفت),形,صفت,超级大国 (chāojí dàguó) | 超级明星 (chāojí míngxīng) | 超级工程 (chāojí gōngchéng),这个国家建成了一项超级工程。,Zhège guójiā jiànchéng le yí xiàng chāojí gōngchéng.,این کشور یک پروژهٔ عظیم را به پایان رساند.,
117,超级,chāojí,HSK 5,副,2,非常；用在形容词或表示心理活动的动词前，表示程度很高（口语）（副）,خیلی؛ فوق‌العاده (محاوره‌ای) (قید),副,قید,超级喜欢 (chāojí xǐhuan) | 超级好吃 (chāojí hǎochī) | 超级方便 (chāojí fāngbiàn),我超级喜欢这部电影。,Wǒ chāojí xǐhuan zhè bù diànyǐng.,من این فیلم را خیلی دوست دارم.,
118,超速,chāosù,HSK 5,名/动,1,超过规定或允许的速度行驶；也指这种行为或状态（名/动）,سرعت غیرمجاز داشتن؛ سرعت غیرمجاز (اسم/فعل),名/动,اسم/فعل,严禁超速 (yánjìn chāosù) | 严重超速 (yánzhòng chāosù) | 因超速被罚 (yīn chāosù bèi fá),他因为超速被罚款了。,Tā yīnwèi chāosù bèi fákuǎn le.,او به‌دلیل سرعت غیرمجاز جریمه شد.,
119,叉子,chāzi,HSK 5,名,1,有几个尖齿、用来叉取食物的餐具（名）,چنگال (اسم),名,اسم,一把叉子 (yì bǎ chāzi) | 刀和叉子 (dāo hé chāzi) | 用叉子吃饭 (yòng chāzi chīfàn) | 拿起叉子 (náqǐ chāzi),请给我一把叉子。,Qǐng gěi wǒ yì bǎ chāzi.,لطفاً یک چنگال به من بدهید.,
120,彻底,chèdǐ,HSK 5,形/副,1,深入而全面，不留问题或余地；完全地，从根本上（形/副）,کامل و اساسی؛ کاملاً و از ریشه (صفت/قید),形/副,صفت/قید,彻底的改变 (chèdǐ de gǎibiàn) | 彻底检查 (chèdǐ jiǎnchá) | 彻底解决 (chèdǐ jiějué) | 彻底清除 (chèdǐ qīngchú),我们必须彻底解决这个问题。,Wǒmen bìxū chèdǐ jiějué zhège wèntí.,باید این مشکل را کاملاً و از ریشه حل کنیم.,
121,车祸,chēhuò,HSK 5,名,1,车辆行驶中发生的造成人员伤亡或财产损失的事故（名）,تصادف رانندگی؛ سانحهٔ رانندگی (اسم),名,اسم,发生车祸 (fāshēng chēhuò) | 遭遇车祸 (zāoyù chēhuò) | 严重车祸 (yánzhòng chēhuò) | 车祸现场 (chēhuò xiànchǎng),他昨天出车祸了。,Tā zuótiān chū chēhuò le.,او دیروز تصادف کرد.,
122,车库,chēkù,HSK 5,名,1,停放车辆的建筑物或专用空间（名）,گاراژ؛ پارکینگ سرپوشیده (اسم),名,اسم,地下车库 (dìxià chēkù) | 私人车库 (sīrén chēkù) | 把车停在车库里 (bǎ chē tíng zài chēkù li) | 车库的门 (chēkù de mén),我把车停在地下车库了。,Wǒ bǎ chē tíng zài dìxià chēkù le.,ماشین را در پارکینگ زیرزمینی پارک کردم.,
123,车辆,chēliàng,HSK 5,名,1,各种车的总称，多用于正式或书面场合（名）,وسایل نقلیه؛ خودروها (رسمی) (اسم),名,اسم,来往车辆 (láiwǎng chēliàng) | 运输车辆 (yùnshū chēliàng) | 检查车辆 (jiǎnchá chēliàng) | 禁止车辆进入 (jìnzhǐ chēliàng jìnrù),所有车辆都必须接受安全检查。,Suǒyǒu chēliàng dōu bìxū jiēshòu ānquán jiǎnchá.,تمام وسایل نقلیه باید بازرسی ایمنی شوند.,
124,沉,chén,HSK 5,动,1,物体在水或其他液体中往下落（动）,فرو رفتن؛ غرق شدن (فعل),动,فعل,沉进水里 (chénjìn shuǐ li) | 船沉了 (chuán chén le) | 往下沉 (wǎng xià chén) | 沉到水底 (chén dào shuǐdǐ),那艘船慢慢沉到了水底。,Nà sōu chuán mànmàn chén dào le shuǐdǐ.,آن کشتی به‌آرامی در آب فرو رفت و به کف رسید.,
124,沉,chén,HSK 5,形,2,分量重（形）,سنگین (صفت),形,صفت,箱子很沉 (xiāngzi hěn chén) | 太沉了 (tài chén le) | 沉得搬不动 (chén de bān budòng),这个箱子太沉了，我搬不动。,"Zhège xiāngzi tài chén le, wǒ bān budòng.",این جعبه خیلی سنگین است و نمی‌توانم جابه‌جایش کنم.,
124,沉,chén,HSK 5,形,3,睡眠程度深，不容易醒（形）,عمیق؛ سنگین، دربارهٔ خواب (صفت),形,صفت,睡得很沉 (shuì de hěn chén) | 睡得太沉 (shuì de tài chén),他昨晚睡得很沉，什么声音都没听见。,"Tā zuówǎn shuì de hěn chén, shénme shēngyīn dōu méi tīngjiàn.",او دیشب خیلی سنگین خوابیده بود و هیچ صدایی نشنید.,
124,沉,chén,HSK 5,形,4,声音低而厚重（形）,بم و سنگین، دربارهٔ صدا (صفت),形,صفت,声音很沉 (shēngyīn hěn chén) | 嗓音有点沉 (sǎngyīn yǒudiǎn chén),他的声音很沉，听起来很有力量。,"Tā de shēngyīn hěn chén, tīng qǐlái hěn yǒu lìliang.",صدایش بم و سنگین است و قدرتمند به گوش می‌رسد.,
124,沉,chén,HSK 5,动,5,脸色变得严肃或不高兴（动）,جدی یا گرفته شدن چهره (فعل),动,فعل,脸一沉 (liǎn yì chén) | 沉下脸来 (chénxia liǎn lái),听到这句话，他的脸立刻沉了下来。,"Tīngdào zhè jù huà, tā de liǎn lìkè chén le xiàlái.",با شنیدن این حرف، چهره‌اش فوراً درهم رفت.,
125,称,chēng,HSK 5,动,1,用某种名称叫人或事物（动）,نامیدن؛ خطاب کردن (فعل),动,فعل,称他为老师 (chēng tā wéi lǎoshī) | 被称为英雄 (bèi chēngwéi yīngxióng) | 称对方为先生 (chēng duìfāng wéi xiānsheng),人们称他为“中国通”。,Rénmen chēng tā wéi “Zhōngguótōng”.,مردم او را «چین‌شناس» می‌نامند.,
125,称,chēng,HSK 5,动,2,声称或表示某种情况，多用于正式或新闻语体（动）,اظهار کردن؛ ادعا کردن (رسمی یا خبری) (فعل),动,فعل,称自己不知情 (chēng zìjǐ bù zhīqíng) | 称情况属实 (chēng qíngkuàng shǔshí) | 称尚未决定 (chēng shàngwèi juédìng),他称自己对此事并不知情。,Tā chēng zìjǐ duì cǐ shì bìng bù zhīqíng.,او اظهار کرد که از این موضوع اطلاعی ندارد.,
125,称,chēng,HSK 5,动,3,用秤测定物体的重量（动）,وزن کردن (فعل),动,فعل,称体重 (chēng tǐzhòng) | 称一下箱子 (chēng yíxià xiāngzi) | 称五公斤水果 (chēng wǔ gōngjīn shuǐguǒ),请帮我称一下这个箱子有多重。,Qǐng bāng wǒ chēng yíxià zhège xiāngzi yǒu duō zhòng.,لطفاً این جعبه را وزن کنید و ببینید چقدر سنگین است.,
126,成本,chéngběn,HSK 5,名,1,生产、经营或达到某种目的所需投入的资金、时间、人力等（名）,هزینه؛ بهای تمام‌شده (اسم),名,اسم,生产成本 (shēngchǎn chéngběn) | 降低成本 (jiàngdī chéngběn) | 运营成本 (yùnyíng chéngběn) | 时间成本 (shíjiān chéngběn),公司正在努力降低生产成本。,Gōngsī zhèngzài nǔlì jiàngdī shēngchǎn chéngběn.,شرکت در تلاش است هزینهٔ تولید را کاهش دهد.,
127,承担,chéngdān,HSK 5,动,1,接受并负起责任、任务、费用、风险或后果等（动）,بر عهده گرفتن؛ متحمل شدن (فعل),动,فعل,承担责任 (chéngdān zérèn) | 承担风险 (chéngdān fēngxiǎn) | 承担费用 (chéngdān fèiyòng) | 承担任务 (chéngdān rènwu),公司将承担全部费用。,Gōngsī jiāng chéngdān quánbù fèiyòng.,شرکت تمام هزینه‌ها را بر عهده خواهد گرفت.,
128,程度,chéngdù,HSK 5,名,1,事物发展、变化或所处状态达到的水平（名）,درجه؛ سطح؛ میزان (اسم),名,اسم,不同程度 (bùtóng chéngdù) | 严重程度 (yánzhòng chéngdù) | 文化程度 (wénhuà chéngdù) | 在一定程度上 (zài yídìng chéngdù shàng),这个问题在一定程度上已经解决了。,Zhège wèntí zài yídìng chéngdù shàng yǐjīng jiějué le.,این مشکل تا حدی حل شده است.,
129,成分,chéngfèn,HSK 5,名,1,构成事物的物质、要素或部分（名）,جزء؛ عنصر؛ مؤلفه (اسم),名,اسم,主要成分 (zhǔyào chéngfèn) | 化学成分 (huàxué chéngfèn) | 营养成分 (yíngyǎng chéngfèn) | 带有夸张成分 (dàiyǒu kuāzhāng chéngfèn),这种药的主要成分是什么？,Zhè zhǒng yào de zhǔyào chéngfèn shì shénme?,مادهٔ اصلی تشکیل‌دهندهٔ این دارو چیست؟,
130,成果,chéngguǒ,HSK 5,名,1,工作、学习或研究等经过努力后取得的收获或成绩（名）,دستاورد؛ حاصل تلاش (اسم),名,اسم,研究成果 (yánjiū chéngguǒ) | 取得成果 (qǔdé chéngguǒ) | 科研成果 (kēyán chéngguǒ) | 丰硕的成果 (fēngshuò de chéngguǒ),这个项目取得了重要成果。,Zhège xiàngmù qǔdé le zhòngyào chéngguǒ.,این پروژه به دستاوردهای مهمی رسیده است.,
131,成就,chéngjiù,HSK 5,名/动,1,事业、学习或研究等方面取得的重大成绩（名）,دستاورد؛ موفقیت برجسته (اسم),名,اسم,取得成就 (qǔdé chéngjiù) | 伟大成就 (wěidà chéngjiù) | 科学成就 (kēxué chéngjiù) | 辉煌成就 (huīhuáng chéngjiù),他在科学研究方面取得了很大的成就。,Tā zài kēxué yánjiū fāngmiàn qǔdé le hěn dà de chéngjiù.,او در زمینهٔ پژوهش علمی به دستاوردهای بزرگی رسیده است.,
131,成就,chéngjiù,HSK 5,名/动,2,完成事业、理想或愿望，多用于较正式的表达（动）,به انجام رساندن؛ محقق کردن (نسبتاً رسمی) (فعل),动,فعل,成就事业 (chéngjiù shìyè) | 成就梦想 (chéngjiù mèngxiǎng) | 成就一番事业 (chéngjiù yì fān shìyè),他希望通过努力成就一番事业。,Tā xīwàng tōngguò nǔlì chéngjiù yì fān shìyè.,او امیدوار است با تلاش، برای خودش موفقیت بزرگی رقم بزند.,
131,成就,chéngjiù,HSK 5,名/动,3,使人获得成功或得到发展（较正式）（动）,باعث موفقیت یا پیشرفت کسی شدن (نسبتاً رسمی) (فعل),动,فعل,成就一个人 (chéngjiù yí ge rén) | 成就更多人才 (chéngjiù gèng duō réncái),这个时代成就了许多年轻人。,Zhège shídài chéngjiù le xǔduō niánqīngrén.,این دوران باعث موفقیت بسیاری از جوانان شد.,
132,成立,chénglì,HSK 5,动,1,组织、机构等建立或开始正式存在（动）,تأسیس کردن یا شدن؛ تشکیل دادن یا شدن (فعل),动,فعل,成立公司 (chénglì gōngsī) | 正式成立 (zhèngshì chénglì) | 成立委员会 (chénglì wěiyuánhuì) | 成立工作组 (chénglì gōngzuòzǔ),这家公司成立于二〇一〇年。,Zhè jiā gōngsī chénglì yú èr líng yī líng nián.,این شرکت در سال ۲۰۱۰ تأسیس شد.,
132,成立,chénglì,HSK 5,动,2,理论、说法、理由或条件等正确、有效或站得住脚（动）,درست، معتبر یا قابل قبول بودن (فعل),动,فعل,条件成立 (tiáojiàn chénglì) | 理由不成立 (lǐyóu bù chénglì) | 假设成立 (jiǎshè chénglì) | 说法不能成立 (shuōfǎ bù néng chénglì),这个理由不能成立。,Zhège lǐyóu bù néng chénglì.,این دلیل قابل قبول نیست.,
133,成年,chéngnián,HSK 5,动/形,1,达到法定或生理上的成人年龄；已达到成人年龄的（动/形）,به بزرگسالی رسیدن؛ بالغ و بزرگسال (فعل/صفت),动/形,فعل/صفت,已经成年 (yǐjīng chéngnián) | 成年以后 (chéngnián yǐhòu) | 成年子女 (chéngnián zǐnǚ) | 成年男子 (chéngnián nánzǐ),他今年十八岁，已经成年了。,"Tā jīnnián shíbā suì, yǐjīng chéngnián le.",او امسال هجده‌ساله است و به سن قانونی رسیده است.,
134,城区,chéngqū,HSK 5,名,1,城市中集中建设并发展起来的区域（名）,منطقهٔ شهری؛ محدودهٔ داخل شهر (اسم),名,اسم,中心城区 (zhōngxīn chéngqū) | 城区交通 (chéngqū jiāotōng) | 城区人口 (chéngqū rénkǒu) | 扩大城区范围 (kuòdà chéngqū fànwéi),城区的交通越来越方便了。,Chéngqū de jiāotōng yuèláiyuè fāngbiàn le.,رفت‌وآمد در منطقهٔ شهری روزبه‌روز راحت‌تر می‌شود.,
135,成人,chéngrén,HSK 5,名/动,1,已经长大并达到成年年龄的人（名）,بزرگسال (اسم),名,اسم,一名成人 (yì míng chéngrén) | 两位成人 (liǎng wèi chéngrén) | 成人票 (chéngrén piào) | 成人观众 (chéngrén guānzhòng),儿童和成人的票价不同。,Értóng hé chéngrén de piàojià bùtóng.,قیمت بلیت کودکان و بزرگسالان متفاوت است.,
135,成人,chéngrén,HSK 5,名/动,2,长大成为成年人，较常用于书面语（动）,بزرگسال شدن؛ به بزرگسالی رسیدن (بیشتر نوشتاری) (فعل),动,فعل,已经成人 (yǐjīng chéngrén) | 长大成人 (zhǎngdà chéngrén) | 抚养成人 (fǔyǎng chéngrén),如今，三个孩子都已经成人了。,"Rújīn, sān ge háizi dōu yǐjīng chéngrén le.",حالا هر سه فرزند به بزرگسالی رسیده‌اند.,
136,承认,chéngrèn,HSK 5,动,1,认可某种事实或情况属实，或坦白自己的错误等（动）,پذیرفتن؛ اعتراف کردن (فعل),动,فعل,承认错误 (chéngrèn cuòwù) | 承认事实 (chéngrèn shìshí) | 公开承认 (gōngkāi chéngrèn) | 不得不承认 (bùdébù chéngrèn),他终于承认了自己的错误。,Tā zhōngyú chéngrèn le zìjǐ de cuòwù.,او سرانجام به اشتباه خود اعتراف کرد.,
136,承认,chéngrèn,HSK 5,动,2,正式认可某种资格、地位、关系或权利（动）,به رسمیت شناختن؛ رسماً معتبر دانستن (فعل),动,فعل,承认地位 (chéngrèn dìwèi) | 承认学历 (chéngrèn xuélì) | 获得承认 (huòdé chéngrèn) | 得到国际承认 (dédào guójì chéngrèn),这个学历在很多国家都得到承认。,Zhège xuélì zài hěn duō guójiā dōu dédào chéngrèn.,این مدرک تحصیلی در بسیاری از کشورها به رسمیت شناخته می‌شود.,
137,承受,chéngshòu,HSK 5,动,1,忍受并承担压力、痛苦、困难或打击等（动）,تحمل کردن؛ تاب آوردن (فعل),动,فعل,承受压力 (chéngshòu yālì) | 承受痛苦 (chéngshòu tòngkǔ) | 难以承受 (nányǐ chéngshòu) | 承受打击 (chéngshòu dǎjī),他承受了巨大的工作压力。,Tā chéngshòu le jùdà de gōngzuò yālì.,او فشار کاری بسیار زیادی را تحمل کرد.,
137,承受,chéngshòu,HSK 5,动,2,支撑或经受重量、力量等物理作用（动）,وزن یا نیروی فیزیکی را تحمل کردن (فعل),动,فعل,承受重量 (chéngshòu zhòngliàng) | 承受荷载 (chéngshòu hèzài) | 承受冲击力 (chéngshòu chōngjīlì),这座桥能承受很大的重量。,Zhè zuò qiáo néng chéngshòu hěn dà de zhòngliàng.,این پل می‌تواند وزن بسیار زیادی را تحمل کند.,
138,成熟,chéngshú,HSK 5,形,1,果实等完全长成，可以收获或食用（形）,رسیده؛ آمادهٔ برداشت یا خوردن (برای میوه و محصول) (صفت),形,صفت,果实成熟 (guǒshí chéngshú) | 成熟的水果 (chéngshú de shuǐguǒ) | 苹果已经成熟 (píngguǒ yǐjīng chéngshú),秋天到了，果实都成熟了。,"Qiūtiān dào le, guǒshí dōu chéngshú le.",پاییز رسیده و میوه‌ها همه رسیده‌اند.,
138,成熟,chéngshú,HSK 5,形,2,人的思想、心理或行为发展完善，稳重而有经验（形）,بالغ؛ پخته و سنجیده (برای انسان، فکر و رفتار) (صفت),形,صفت,思想成熟 (sīxiǎng chéngshú) | 心理成熟 (xīnlǐ chéngshú) | 变得更加成熟 (biàn de gèngjiā chéngshú),经过这些事情，他变得成熟多了。,"Jīngguò zhèxiē shìqing, tā biàn de chéngshú duō le.",بعد از این اتفاقات، او خیلی پخته‌تر شد.,
138,成熟,chéngshú,HSK 5,形,3,技术、条件、方法或制度等发展完善，达到可以应用的程度（形）,جاافتاده؛ تکامل‌یافته و آمادهٔ استفاده (برای فناوری، روش و شرایط) (صفت),形,صفت,技术成熟 (jìshù chéngshú) | 条件成熟 (tiáojiàn chéngshú) | 方案逐渐成熟 (fāng'àn zhújiàn chéngshú) | 成熟的方法 (chéngshú de fāngfǎ),这项技术已经非常成熟了。,Zhè xiàng jìshù yǐjīng fēicháng chéngshú le.,این فناوری اکنون کاملاً تکامل‌یافته و جاافتاده است.,
139,称为,chēngwéi,HSK 5,动,1,把人或事物叫作某个名称；被叫作某个名称（动）,نامیدن؛ نامیده شدن (فعل),动,فعل,被称为英雄 (bèi chēngwéi yīngxióng) | 通常称为 (tōngcháng chēngwéi) | 把他称为老师 (bǎ tā chēngwéi lǎoshī),这种现象被称为“全球变暖”。,Zhè zhǒng xiànxiàng bèi chēngwéi “quánqiú biànnuǎn”.,این پدیده «گرمایش جهانی» نامیده می‌شود.,
140,乘务员,chéngwùyuán,HSK 5,名,1,在飞机、火车、轮船等交通工具上为乘客服务的工作人员（名）,مهماندار یا مأمور خدمات مسافران (اسم),名,اسم,列车乘务员 (lièchē chéngwùyuán) | 航空乘务员 (hángkōng chéngwùyuán) | 向乘务员求助 (xiàng chéngwùyuán qiúzhù),乘务员正在帮助乘客放行李。,Chéngwùyuán zhèngzài bāngzhù chéngkè fàng xíngli.,مهماندار دارد به مسافران کمک می‌کند چمدان‌هایشان را بگذارند.,
141,程序,chéngxù,HSK 5,名,1,做事情时按照一定顺序进行的步骤和过程（名）,روال؛ روند؛ مراحل انجام کار (اسم),名,اسم,办事程序 (bànshì chéngxù) | 法律程序 (fǎlǜ chéngxù) | 按照程序 (ànzhào chéngxù) | 简化程序 (jiǎnhuà chéngxù),请按照规定的程序办理手续。,Qǐng ànzhào guīdìng de chéngxù bànlǐ shǒuxù.,لطفاً کارهای اداری را طبق روال تعیین‌شده انجام دهید.,
141,程序,chéngxù,HSK 5,名,2,计算机为完成特定任务而执行的一组指令（名）,برنامهٔ رایانه‌ای (اسم),名,اسم,编写程序 (biānxiě chéngxù) | 运行程序 (yùnxíng chéngxù) | 启动程序 (qǐdòng chéngxù) | 安装程序 (ānzhuāng chéngxù),这个程序可以自动处理数据。,Zhège chéngxù kěyǐ zìdòng chǔlǐ shùjù.,این برنامه می‌تواند داده‌ها را به‌طور خودکار پردازش کند.,
142,成员,chéngyuán,HSK 5,名,1,集体、组织或家庭等中的一分子（名）,عضو یک گروه، سازمان یا خانواده (اسم),名,اسم,家庭成员 (jiātíng chéngyuán) | 团队成员 (tuánduì chéngyuán) | 组织成员 (zǔzhī chéngyuán) | 主要成员 (zhǔyào chéngyuán),每个团队成员都有自己的任务。,Měi ge tuánduì chéngyuán dōu yǒu zìjǐ de rènwu.,هر عضو تیم وظیفهٔ مخصوص خودش را دارد.,
143,称赞,chēngzàn,HSK 5,动,1,用言语表示赞扬和肯定（动）,تحسین کردن؛ از کسی یا چیزی تعریف کردن (فعل),动,فعل,受到称赞 (shòudào chēngzàn) | 称赞别人 (chēngzàn biérén) | 值得称赞 (zhíde chēngzàn) | 称赞他的勇气 (chēngzàn tā de yǒngqì),大家都称赞他的工作态度。,Dàjiā dōu chēngzàn tā de gōngzuò tàidu.,همه از نگرش او نسبت به کار تعریف می‌کنند.,
144,成长,chéngzhǎng,HSK 5,动,1,人、动物或植物等逐渐长大（动）,رشد کردن؛ بزرگ شدن (فعل),动,فعل,健康成长 (jiànkāng chéngzhǎng) | 快乐成长 (kuàilè chéngzhǎng) | 茁壮成长 (zhuózhuàng chéngzhǎng) | 在城市里成长 (zài chéngshì li chéngzhǎng),孩子们在健康快乐的环境中成长。,Háizimen zài jiànkāng kuàilè de huánjìng zhōng chéngzhǎng.,کودکان در محیطی سالم و شاد رشد می‌کنند.,
144,成长,chéngzhǎng,HSK 5,动,2,在思想、能力或经验等方面逐渐发展和进步（动）,از نظر فکری، توانایی یا تجربه رشد کردن (فعل),动,فعل,个人成长 (gèrén chéngzhǎng) | 不断成长 (búduàn chéngzhǎng) | 在工作中成长 (zài gōngzuò zhōng chéngzhǎng) | 成长得很快 (chéngzhǎng de hěn kuài),这份工作让我成长了很多。,Zhè fèn gōngzuò ràng wǒ chéngzhǎng le hěn duō.,این کار باعث شد خیلی رشد کنم و تجربه به دست بیاورم.,
145,橙子,chéngzi,HSK 5,名,1,橙树的果实，果肉多汁，味道酸甜（名）,پرتقال (اسم),名,اسم,吃橙子 (chī chéngzi) | 剥橙子 (bāo chéngzi) | 买橙子 (mǎi chéngzi) | 新鲜的橙子 (xīnxiān de chéngzi),这个橙子又甜又多汁。,Zhège chéngzi yòu tián yòu duōzhī.,این پرتقال هم شیرین است و هم آبدار.,
146,沉默,chénmò,HSK 5,形,1,不说话，不发表意见或作出回应（形）,ساکت؛ بی‌حرف و بدون اظهار نظر (صفت),形,صفت,保持沉默 (bǎochí chénmò) | 陷入沉默 (xiànrù chénmò) | 沉默不语 (chénmò bù yǔ),听到这个消息后，他沉默了很久。,"Tīngdào zhège xiāoxi hòu, tā chénmò le hěn jiǔ.",بعد از شنیدن این خبر، مدت زیادی ساکت ماند.,
146,沉默,chénmò,HSK 5,形,2,性格安静，不爱说话（形）,کم‌حرف و ساکت (از نظر شخصیت) (صفت),形,صفت,性格沉默 (xìnggé chénmò) | 沉默的人 (chénmò de rén) | 平时很沉默 (píngshí hěn chénmò),他平时比较沉默，不太爱说话。,"Tā píngshí bǐjiào chénmò, bú tài ài shuōhuà.",او معمولاً کم‌حرف است و زیاد صحبت نمی‌کند.,
147,车厢,chēxiāng,HSK 5,名,1,火车、地铁等车辆中供乘客乘坐或装载货物的部分（名）,واگن؛ بخش مخصوص حمل مسافر یا بار (اسم),名,اسم,客运车厢 (kèyùn chēxiāng) | 货运车厢 (huòyùn chēxiāng) | 走进车厢 (zǒujìn chēxiāng) | 一节车厢 (yì jié chēxiāng),这节车厢里没有空座位。,Zhè jié chēxiāng li méiyǒu kōng zuòwèi.,در این واگن صندلی خالی وجود ندارد.,
148,车主,chēzhǔ,HSK 5,名,1,车辆的所有者（名）,مالک وسیلهٔ نقلیه؛ صاحب خودرو (اسم),名,اسم,联系车主 (liánxì chēzhǔ) | 车主本人 (chēzhǔ běnrén) | 车主信息 (chēzhǔ xìnxī) | 通知车主 (tōngzhī chēzhǔ),警方已经联系上了车主。,Jǐngfāng yǐjīng liánxìshàng le chēzhǔ.,پلیس با مالک خودرو تماس گرفته است.,
149,池,chí,HSK 5,名,1,蓄水的坑，多为人工挖成（名）,حوض؛ آبگیر (اسم),名,اسم,池中养鱼 (chí zhōng yǎng yú) | 跳进池里 (tiàojìn chí li) | 一池清水 (yì chí qīngshuǐ) | 池里的水 (chí li de shuǐ),池里的水很清。,Chí li de shuǐ hěn qīng.,آب حوض بسیار زلال است.,
150,翅膀,chìbǎng,HSK 5,名,1,鸟类、昆虫等用于飞行的器官（名）,بال پرندگان و حشرات (اسم),名,اسم,展开翅膀 (zhǎnkāi chìbǎng) | 扇动翅膀 (shāndòng chìbǎng) | 拍打翅膀 (pāidǎ chìbǎng) | 鸟的翅膀 (niǎo de chìbǎng),小鸟展开翅膀飞走了。,Xiǎoniǎo zhǎnkāi chìbǎng fēizǒu le.,پرندهٔ کوچک بال‌هایش را باز کرد و پرواز کرد.,
151,持续,chíxù,HSK 5,动,1,延续不断；连续地保持或进行某种状态、活动或过程（动）,ادامه داشتن یا دادن؛ پیوسته تداوم یافتن (فعل),动,فعل,持续发展 (chíxù fāzhǎn) | 持续增长 (chíxù zēngzhǎng) | 持续关注 (chíxù guānzhù) | 持续三个小时 (chíxù sān ge xiǎoshí),大雨持续了三个小时。,Dàyǔ chíxù le sān ge xiǎoshí.,باران شدید سه ساعت ادامه داشت.,
152,尺子,chǐzi,HSK 5,名,1,用来测量长度或画直线的工具（名）,خط‌کش (اسم),名,اسم,一把尺子 (yì bǎ chǐzi) | 用尺子量长度 (yòng chǐzi liáng chángdù) | 塑料尺子 (sùliào chǐzi) | 拿出尺子 (náchū chǐzi),请用尺子量一下桌子的长度。,Qǐng yòng chǐzi liáng yíxià zhuōzi de chángdù.,لطفاً با خط‌کش طول میز را اندازه بگیر.,
153,冲,chōng,HSK 5,动,1,快速地向前或向某个方向运动（动）,به‌سرعت به سمتی رفتن؛ هجوم بردن (فعل),动,فعل,冲出去 (chōng chūqu) | 冲进房间 (chōngjìn fángjiān) | 向前冲 (xiàng qián chōng) | 冲在最前面 (chōng zài zuì qiánmian),他突然冲出了房间。,Tā tūrán chōngchū le fángjiān.,او ناگهان با عجله از اتاق بیرون دوید.,
153,冲,chōng,HSK 5,动,2,水流猛烈撞击，或把人、物带走、毁坏（动）,با جریان شدید آب زدن، بردن یا خراب کردن (فعل),动,فعل,被水冲走 (bèi shuǐ chōngzǒu) | 把桥冲坏 (bǎ qiáo chōnghuài) | 冲出一条沟 (chōngchū yì tiáo gōu),洪水把路边的汽车冲走了。,Hóngshuǐ bǎ lùbiān de qìchē chōngzǒu le.,سیلاب خودروهای کنار جاده را با خود برد.,
153,冲,chōng,HSK 5,动,3,用水淋洗或去掉附着的东西（动）,با آب شستن؛ آب‌کشیدن (فعل),动,فعل,用水冲杯子 (yòng shuǐ chōng bēizi) | 冲干净 (chōng gānjìng) | 把灰尘冲掉 (bǎ huīchén chōngdiào),请用水把杯子冲干净。,Qǐng yòng shuǐ bǎ bēizi chōng gānjìng.,لطفاً لیوان را با آب کاملاً بشوی.,
153,冲,chōng,HSK 5,动,4,用开水调制饮料或冲泡食物（动）,با آب داغ آماده یا حل کردن (فعل),动,فعل,冲咖啡 (chōng kāfēi) | 冲奶粉 (chōng nǎifěn) | 冲一杯咖啡 (chōng yì bēi kāfēi),我给你冲一杯咖啡吧。,Wǒ gěi nǐ chōng yì bēi kāfēi ba.,بگذار یک فنجان قهوه برایت آماده کنم.,
153,冲,chòng,HSK 5,介,5,朝着或对着某个方向、对象（介）,رو به؛ به‌سوی؛ خطاب به (حرف اضافه),介,حرف اضافه,冲我笑 (chòng wǒ xiào) | 冲门口喊 (chòng ménkǒu hǎn) | 冲他点头 (chòng tā diǎntóu),她冲我笑了笑。,Tā chòng wǒ xiào le xiào.,او رو به من لبخندی زد.,
153,冲,chòng,HSK 5,介,6,因为某人、某事，或看在其情面上（口语）（介）,به‌خاطر؛ به احترام؛ به ملاحظهٔ (محاوره‌ای) (حرف اضافه),介,حرف اضافه,冲着你的面子 (chòngzhe nǐ de miànzi) | 冲这份信任 (chòng zhè fèn xìnrèn) | 冲他这句话 (chòng tā zhè jù huà),冲着你的面子，我就帮他这一次。,"Chòngzhe nǐ de miànzi, wǒ jiù bāng tā zhè yí cì.",به احترام تو، همین یک بار به او کمک می‌کنم.,
153,冲,chòng,HSK 5,形,7,气味或味道强烈、刺激（口语）（形）,تند و زننده، دربارهٔ بو یا مزه (محاوره‌ای) (صفت),形,صفت,味道很冲 (wèidào hěn chòng) | 酒味太冲 (jiǔwèi tài chòng) | 闻起来很冲 (wén qǐlái hěn chòng),这种酒的味道太冲了。,Zhè zhǒng jiǔ de wèidào tài chòng le.,مزهٔ این مشروب خیلی تند است.,
154,充电,chōngdiàn,HSK 5,动,1,给电池或设备补充电能（动）,شارژ کردن؛ شارژ شدن (فعل),动,فعل,给手机充电 (gěi shǒujī chōngdiàn) | 给电池充电 (gěi diànchí chōngdiàn) | 正在充电 (zhèngzài chōngdiàn) | 快速充电 (kuàisù chōngdiàn),我的手机正在充电。,Wǒ de shǒujī zhèngzài chōngdiàn.,گوشی من در حال شارژشدن است.,
155,充分,chōngfèn,HSK 5,形/副,1,数量、程度或条件足够，达到需要的程度（形）,کافی؛ کامل و به‌اندازهٔ لازم (صفت),形,صفت,准备充分 (zhǔnbèi chōngfèn) | 理由充分 (lǐyóu chōngfèn) | 证据充分 (zhèngjù chōngfèn) | 条件充分 (tiáojiàn chōngfèn),我们已经做好了充分的准备。,Wǒmen yǐjīng zuòhǎo le chōngfèn de zhǔnbèi.,ما کاملاً آماده شده‌ایم.,
155,充分,chōngfèn,HSK 5,形/副,2,尽可能地达到较高或最大的程度（副）,به‌طور کامل؛ تا بیشترین حد ممکن (قید),副,قید,充分利用 (chōngfèn lìyòng) | 充分发挥 (chōngfèn fāhuī) | 充分考虑 (chōngfèn kǎolǜ) | 充分说明 (chōngfèn shuōmíng),我们要充分利用时间。,Wǒmen yào chōngfèn lìyòng shíjiān.,باید از زمان تا جای ممکن به‌خوبی استفاده کنیم.,
156,重复,chóngfù,HSK 5,动/形,1,同样的事情再次出现或再次做（动）,تکرار کردن؛ دوباره رخ دادن (فعل),动,فعل,重复一遍 (chóngfù yí biàn) | 重复出现 (chóngfù chūxiàn) | 不断重复 (búduàn chóngfù) | 重复同样的动作 (chóngfù tóngyàng de dòngzuò),请把刚才的话重复一遍。,Qǐng bǎ gāngcái de huà chóngfù yí biàn.,لطفاً حرفی را که همین الان زدی یک بار دیگر تکرار کن.,
156,重复,chóngfù,HSK 5,动/形,2,相同的或多余地再次出现的（形）,تکراری؛ دوباره و به‌صورت زائد آمده (صفت),形,صفت,内容重复 (nèiróng chóngfù) | 重复的信息 (chóngfù de xìnxī) | 重复的工作 (chóngfù de gōngzuò) | 两处重复 (liǎng chù chóngfù),这两段内容有些重复。,Zhè liǎng duàn nèiróng yǒuxiē chóngfù.,محتوای این دو بخش تا حدی تکراری است.,
157,充满,chōngmǎn,HSK 5,动,1,某种物质遍布或填满整个空间（动）,پرکردن؛ پر یا مملو بودن (برای فضا و مواد) (فعل),动,فعل,烟雾充满房间 (yānwù chōngmǎn fángjiān) | 屋里充满香味 (wū li chōngmǎn xiāngwèi) | 充满整个空间 (chōngmǎn zhěnggè kōngjiān),房间里充满了花香。,Fángjiān li chōngmǎn le huāxiāng.,اتاق پر از عطر گل‌ها بود.,
157,充满,chōngmǎn,HSK 5,动,2,具有很多某种感情、力量、希望等抽象事物（动）,سرشار و مملو بودن (برای احساس، انرژی و امید) (فعل),动,فعل,充满希望 (chōngmǎn xīwàng) | 充满信心 (chōngmǎn xìnxīn) | 充满活力 (chōngmǎn huólì) | 充满热情 (chōngmǎn rèqíng),他对未来充满信心。,Tā duì wèilái chōngmǎn xìnxīn.,او به آینده کاملاً اطمینان دارد.,
158,宠物,chǒngwù,HSK 5,名,1,为了陪伴、喜爱等目的而饲养的动物（名）,حیوان خانگی (اسم),名,اسم,养宠物 (yǎng chǒngwù) | 一只宠物 (yì zhī chǒngwù) | 带宠物出门 (dài chǒngwù chūmén) | 照顾宠物 (zhàogù chǒngwù),很多人喜欢在家里养宠物。,Hěn duō rén xǐhuan zài jiā li yǎng chǒngwù.,خیلی‌ها دوست دارند در خانه حیوان خانگی نگه دارند.,
159,充值,chōngzhí,HSK 5,动,1,向账户、卡或手机号码等存入金额以增加余额（动）,افزودن اعتبار یا موجودی؛ شارژکردن حساب، کارت یا تلفن (فعل),动,فعل,给手机充值 (gěi shǒujī chōngzhí) | 给账户充值 (gěi zhànghù chōngzhí) | 在线充值 (zàixiàn chōngzhí) | 充值一百元 (chōngzhí yì bǎi yuán),我需要给手机充值。,Wǒ xūyào gěi shǒujī chōngzhí.,باید اعتبار تلفن همراهم را شارژ کنم.,
160,虫子,chóngzi,HSK 5,名,1,昆虫、虫类或类似昆虫的小动物的通称（名）,حشره، کرم یا جانور ریز شبیه حشره (اسم),名,اسم,小虫子 (xiǎo chóngzi) | 一只虫子 (yì zhī chóngzi) | 捉虫子 (zhuō chóngzi) | 被虫子咬 (bèi chóngzi yǎo),叶子上有一只小虫子。,Yèzi shàng yǒu yì zhī xiǎo chóngzi.,روی برگ یک حشرهٔ کوچک هست.,
161,充足,chōngzú,HSK 5,形,1,数量或条件充分，能满足需要（形）,کافی؛ فراوان (صفت),形,صفت,时间充足 (shíjiān chōngzú) | 资金充足 (zījīn chōngzú) | 阳光充足 (yángguāng chōngzú) | 准备充足 (zhǔnbèi chōngzú),我们有充足的时间完成这项工作。,Wǒmen yǒu chōngzú de shíjiān wánchéng zhè xiàng gōngzuò.,ما برای انجام این کار وقت کافی داریم.,
162,臭,chòu,HSK 5,形,1,气味难闻（形）,بدبو؛ گندیده (صفت),形,صفت,浑身很臭 (húnshēn hěn chòu) | 闻起来很臭 (wén qǐlái hěn chòu) | 又脏又臭 (yòu zāng yòu chòu),这条鱼已经臭了。,Zhè tiáo yú yǐjīng chòu le.,این ماهی دیگه بو گرفته و گندیده.,
162,臭,chòu,HSK 5,形,2,名声很坏，或令人讨厌（形）,بدنام؛ نفرت‌انگیز (صفت),形,صفت,名声很臭 (míngsheng hěn chòu) | 脾气很臭 (píqi hěn chòu) | 毛病又多又臭 (máobing yòu duō yòu chòu),他在这一带名声很臭。,Tā zài zhè yí dài míngsheng hěn chòu.,اون توی این منطقه خیلی بدنامه.,
162,臭,chòu,HSK 5,形,3,水平低或表现很差（口语）（形）,افتضاح؛ بسیار ضعیف (محاوره‌ای) (صفت),形,صفت,棋下得很臭 (qí xià de hěn chòu) | 球踢得真臭 (qiú tī de zhēn chòu),他今天这场球踢得真臭。,Tā jīntiān zhè chǎng qiú tī de zhēn chòu.,امروز واقعاً افتضاح بازی کرد.,
163,丑,chǒu,HSK 5,形,1,外表或样子不好看（形）,زشت؛ نازیبا (صفت),形,صفت,长得丑 (zhǎng de chǒu) | 样子很丑 (yàngzi hěn chǒu) | 颜色有点儿丑 (yánsè yǒudiǎnr chǒu),这件衣服的颜色有点儿丑。,Zhè jiàn yīfu de yánsè yǒudiǎnr chǒu.,رنگ این لباس یک‌کم زشته.,
163,丑,chǒu,HSK 5,形,2,行为或做法不光彩，令人厌恶（形）,زشت؛ ناپسند؛ شرم‌آور (صفت),形,صفت,行为很丑 (xíngwéi hěn chǒu) | 做法太丑 (zuòfǎ tài chǒu) | 吃相很丑 (chīxiàng hěn chǒu),为了钱欺骗朋友，这种做法太丑了。,"Wèile qián qīpiàn péngyou, zhè zhǒng zuòfǎ tài chǒu le.",اینکه به‌خاطر پول دوستت رو گول بزنی، واقعاً کار زشتیه.,
164,抽,chōu,HSK 5,动,1,从里面取出、拉出或吸取某物（动）,بیرون کشیدن؛ بیرون آوردن (فعل),动,فعل,抽一张纸 (chōu yì zhāng zhǐ) | 从信封里抽照片 (cóng xìnfēng lǐ chōu zhàopiàn) | 抽血 (chōu xuè) | 抽水 (chōu shuǐ),他从包里抽了一张纸。,Tā cóng bāo lǐ chōu le yì zhāng zhǐ.,او یک برگ کاغذ از کیفش بیرون کشید.,
164,抽,chōu,HSK 5,动,2,从整体中选出一部分，常带有随机性（动）,انتخاب کردن؛ به‌صورت تصادفی برگزیدن (فعل),动,فعل,随机抽十个人 (suíjī chōu shí ge rén) | 从中抽三个人 (cóngzhōng chōu sān ge rén) | 抽到大奖 (chōu dào dàjiǎng),我们随机抽了十个人进行调查。,Wǒmen suíjī chōu le shí ge rén jìnxíng diàochá.,ما ده نفر را به‌طور تصادفی برای نظرسنجی انتخاب کردیم.,
164,抽,chōu,HSK 5,动,3,吸香烟等产生的烟（动）,سیگار یا دخانیات کشیدن (فعل),动,فعل,抽一支烟 (chōu yì zhī yān) | 每天抽两支烟 (měitiān chōu liǎng zhī yān) | 从来不抽烟 (cónglái bù chōu yān),他从来不抽烟。,Tā cónglái bù chōu yān.,او اصلاً سیگار نمی‌کشه.,
164,抽,chōu,HSK 5,动,4,用鞭子等条状物打（动）,با شلاق یا جسم باریک زدن (فعل),动,فعل,用鞭子抽 (yòng biānzi chōu) | 狠狠抽一下 (hěnhěn chōu yí xià) | 抽了几鞭子 (chōu le jǐ biānzi),他用鞭子抽了一下马。,Tā yòng biānzi chōu le yí xià mǎ.,او یک ضربه با شلاق به اسب زد.,
164,抽,chōu,HSK 5,动,5,身体某部位突然收缩或抽动（动）,گرفتن؛ منقبض یا پرپر شدن (فعل),动,فعل,腿直抽 (tuǐ zhí chōu) | 嘴角抽了几下 (zuǐjiǎo chōu le jǐ xià) | 疼得直抽 (téng de zhí chōu),他的嘴角突然抽了几下。,Tā de zuǐjiǎo tūrán chōu le jǐ xià.,گوشهٔ لبش ناگهان چند بار پرید.,
164,抽,chōu,HSK 5,动,6,从时间中挤出一部分（动）,وقت اختصاص دادن؛ وقت خالی کردن (فعل),动,فعل,抽时间见面 (chōu shíjiān jiànmiàn) | 抽一天处理 (chōu yì tiān chǔlǐ) | 抽几分钟看看 (chōu jǐ fēnzhōng kànkan),你能抽几分钟帮我看看吗？,Nǐ néng chōu jǐ fēnzhōng bāng wǒ kànkan ma?,می‌تونی چند دقیقه وقت بذاری و یه نگاهی برام بندازی؟,
165,处,chù,HSK 5,名,1,地方；所在的位置（名）,جا؛ مکان؛ محل (اسم),名,اسم,安静处 (ānjìng chù) | 往高处走 (wǎng gāochù zǒu) | 放在干燥处 (fàng zài gānzào chù),请把药品放在阴凉干燥处。,Qǐng bǎ yàopǐn fàng zài yīnliáng gānzào chù.,لطفاً دارو را در جای خنک و خشک نگه دارید.,
165,处,chù,HSK 5,名,2,事物的方面或部分（名）,جنبه؛ بخش؛ نقطه (اسم),名,اسم,相同之处 (xiāngtóng zhī chù) | 不足之处 (bùzú zhī chù) | 可取之处 (kěqǔ zhī chù),这两种方法有很多相同之处。,Zhè liǎng zhǒng fāngfǎ yǒu hěn duō xiāngtóng zhī chù.,این دو روش شباهت‌های زیادی دارند.,
165,处,chù,HSK 5,量,3,用于计算地点、部位或事项（量）,واحد شمارش برای مکان، قسمت یا مورد (واحد شمارش),量,واحد شمارش,三处错误 (sān chù cuòwù) | 多处受伤 (duō chù shòushāng) | 几处景点 (jǐ chù jǐngdiǎn),这份报告中有三处错误。,Zhè fèn bàogào zhōng yǒu sān chù cuòwù.,در این گزارش سه مورد اشتباه وجود دارد.,
165,处,chǔ,HSK 5,动,4,与人交往或相处，有时指谈恋爱（口语）（动）,معاشرت کردن؛ کنار آمدن؛ وارد رابطه شدن (محاوره‌ای) (فعل),动,فعل,和同事处得好 (hé tóngshì chǔ de hǎo) | 这个人不好处 (zhège rén bù hǎo chǔ) | 两个人处了半年 (liǎng ge rén chǔ le bàn nián),他性格随和，跟谁都处得很好。,"Tā xìnggé suíhé, gēn shéi dōu chǔ de hěn hǎo.",اخلاقش سازگاره و با همه خوب کنار میاد.,
165,处,chǔ,HSK 5,动,5,依法给予处罚或判定刑罚（法律）（动）,مجازات یا محکوم کردن (حقوقی) (فعل),动,فعل,处以罚款 (chǔyǐ fákuǎn) | 处三年徒刑 (chǔ sān nián túxíng) | 依法处以重罚 (yīfǎ chǔyǐ zhòngfá),违法者将被处以罚款。,Wéifǎzhě jiāng bèi chǔyǐ fákuǎn.,متخلف جریمه خواهد شد.,
166,初,chū,HSK 5,名/副,1,某段时间开始的一段（名）,اوایل؛ آغاز (اسم),名,اسم,三月初 (sān yuè chū) | 明年初 (míngnián chū) | 本月初 (běn yuè chū),我们计划明年初启动这个项目。,Wǒmen jìhuà míngnián chū qǐdòng zhège xiàngmù.,قصد داریم این پروژه را اوایل سال آینده شروع کنیم.,
166,初,chū,HSK 5,名/副,2,刚开始或第一次，常用于动词前（书面）（副）,در آغاز؛ برای نخستین بار (رسمی) (قید),副,قید,初到中国 (chū dào Zhōngguó) | 初见成效 (chū jiàn chéngxiào) | 初入职场 (chū rù zhíchǎng),我初到北京时，对这里还不熟悉。,"Wǒ chū dào Běijīng shí, duì zhèlǐ hái bù shúxī.",وقتی تازه به پکن اومده بودم، هنوز اینجا رو خوب نمی‌شناختم.,
167,传,chuán,HSK 5,动,1,把东西递给别人或送到别处（动）,دادن؛ رساندن؛ دست‌به‌دست کردن (فعل),动,فعل,传球 (chuán qiú) | 传文件 (chuán wénjiàn) | 把书传给他 (bǎ shū chuán gěi tā),请把这份文件传给他。,Qǐng bǎ zhè fèn wénjiàn chuán gěi tā.,لطفاً این سند را به او بده.,
167,传,chuán,HSK 5,动,2,使消息、知识等扩散或让别人知道（动）,پخش یا منتشر کردن (فعل),动,فعل,传消息 (chuán xiāoxi) | 到处传这件事 (dàochù chuán zhè jiàn shì) | 消息传得很快 (xiāoxi chuán de hěn kuài),别到处传这个消息。,Bié dàochù chuán zhège xiāoxi.,این خبر رو همه‌جا پخش نکن.,
167,传,chuán,HSK 5,动,3,把技艺、经验或事物交给下一代（动）,به نسل بعد منتقل کردن؛ آموزش دادن (فعل),动,فعل,传给下一代 (chuán gěi xià yí dài) | 传了三代 (chuán le sān dài) | 把手艺传给徒弟 (bǎ shǒuyì chuán gěi túdi),这门手艺在他们家已经传了三代。,Zhè mén shǒuyì zài tāmen jiā yǐjīng chuán le sān dài.,این هنر در خانوادهٔ آن‌ها سه نسل منتقل شده.,
167,传,chuán,HSK 5,动,4,疾病在人与人之间感染或扩散（口语）（动）,سرایت یا انتقال پیدا کردن (محاوره‌ای) (فعل),动,فعل,这种病会传人 (zhè zhǒng bìng huì chuán rén) | 传给家人 (chuán gěi jiārén) | 很容易传开 (hěn róngyì chuánkāi),流感很容易传给家里人。,Liúgǎn hěn róngyì chuán gěi jiālǐrén.,آنفولانزا خیلی راحت به اعضای خانواده سرایت می‌کنه.,
167,传,chuán,HSK 5,动,5,叫某人前来，多用于正式场合（较正式）（动）,احضار کردن؛ فراخواندن (رسمی) (فعل),动,فعل,传他进来 (chuán tā jìnlái) | 传证人出庭 (chuán zhèngrén chūtíng) | 传双方到场 (chuán shuāngfāng dàochǎng),法官决定传证人出庭。,Fǎguān juédìng chuán zhèngrén chūtíng.,قاضی تصمیم گرفت شاهد را به دادگاه احضار کند.,
167,传,zhuàn,HSK 5,名,6,记述某人生平事迹的作品（名）,زندگی‌نامه (اسم),名,اسم,为名人作传 (wèi míngrén zuò zhuàn) | 写一部传 (xiě yí bù zhuàn) | 历史人物的传 (lìshǐ rénwù de zhuàn),他想为这位科学家写一部传。,Tā xiǎng wèi zhè wèi kēxuéjiā xiě yí bù zhuàn.,او می‌خواهد زندگی‌نامه‌ای برای این دانشمند بنویسد.,
168,传播,chuánbō,HSK 5,动,1,广泛传送或散布消息、思想、文化等（动）,منتشر یا ترویج کردن (فعل),动,فعل,传播信息 (chuánbō xìnxī) | 传播文化 (chuánbō wénhuà) | 传播知识 (chuánbō zhīshi),互联网让信息传播得更快。,Hùliánwǎng ràng xìnxī chuánbō de gèng kuài.,اینترنت باعث می‌شه اطلاعات سریع‌تر منتشر بشه.,
168,传播,chuánbō,HSK 5,动,2,疾病、声音、光等向周围扩散（动）,شیوع یا انتشار یافتن (فعل),动,فعل,病毒快速传播 (bìngdú kuàisù chuánbō) | 通过空气传播 (tōngguò kōngqì chuánbō) | 声音向外传播 (shēngyīn xiàng wài chuánbō),这种病毒主要通过空气传播。,Zhè zhǒng bìngdú zhǔyào tōngguò kōngqì chuánbō.,این ویروس بیشتر از طریق هوا منتقل می‌شه.,
169,传递,chuándì,HSK 5,动,1,把物品从一个人或地方递送到另一个人或地方（动）,رساندن؛ دست‌به‌دست کردن (فعل),动,فعل,传递文件 (chuándì wénjiàn) | 传递物品 (chuándì wùpǐn) | 传递火炬 (chuándì huǒjù),运动员们正在传递火炬。,Yùndòngyuánmen zhèngzài chuándì huǒjù.,ورزشکارها دارن مشعل رو دست‌به‌دست می‌کنن.,
169,传递,chuándì,HSK 5,动,2,传送信息、信号、情感等抽象事物（动）,انتقال دادن؛ منتقل کردن (فعل),动,فعل,传递信息 (chuándì xìnxī) | 传递信号 (chuándì xìnhào) | 传递情感 (chuándì qínggǎn) | 传递温暖 (chuándì wēnnuǎn),他的笑容传递着温暖。,Tā de xiàoróng chuándì zhe wēnnuǎn.,لبخندش حس گرما و صمیمیت رو منتقل می‌کرد.,
170,床单,chuángdān,HSK 5,名,1,铺在床垫或褥子上的布（名）,ملحفهٔ تخت (اسم),名,اسم,换床单 (huàn chuángdān) | 洗床单 (xǐ chuángdān) | 干净的床单 (gānjìng de chuángdān),我每周换一次床单。,Wǒ měi zhōu huàn yí cì chuángdān.,من هر هفته یک بار ملحفهٔ تختم رو عوض می‌کنم.,
171,窗台,chuāngtái,HSK 5,名,1,窗户底部向内或向外突出的台面（名）,طاقچهٔ پنجره (اسم),名,اسم,窗台上 (chuāngtái shàng) | 擦窗台 (cā chuāngtái) | 放在窗台上 (fàng zài chuāngtái shàng),窗台上放着几盆花。,Chuāngtái shàng fàng zhe jǐ pén huā.,چند گلدان روی طاقچهٔ پنجره گذاشته شده.,
172,创新,chuàngxīn,HSK 5,动/名,1,创造新的思想、方法、技术等（动）,نوآوری کردن (فعل),动,فعل,不断创新 (búduàn chuàngxīn) | 勇于创新 (yǒngyú chuàngxīn) | 在管理上创新 (zài guǎnlǐ shàng chuàngxīn),企业必须不断创新。,Qǐyè bìxū búduàn chuàngxīn.,شرکت‌ها باید مدام نوآوری کنن.,
172,创新,chuàngxīn,HSK 5,动/名,2,新的思想、方法、技术或成果（名）,نوآوری؛ ابداع (اسم),名,اسم,技术创新 (jìshù chuàngxīn) | 科技创新 (kējì chuàngxīn) | 一项创新 (yí xiàng chuàngxīn),这项设计是一项重要创新。,Zhè xiàng shèjì shì yí xiàng zhòngyào chuàngxīn.,این طرح یک نوآوری مهمه.,
173,创业,chuàngyè,HSK 5,动,1,创办事业或企业，开始自己的经营活动（动）,کسب‌وکار راه انداختن؛ کارآفرینی کردن (فعل),动,فعل,自主创业 (zìzhǔ chuàngyè) | 回乡创业 (huíxiāng chuàngyè) | 年轻人创业 (niánqīngrén chuàngyè) | 创业成功 (chuàngyè chénggōng),他毕业后决定自己创业。,Tā bìyè hòu juédìng zìjǐ chuàngyè.,او بعد از فارغ‌التحصیلی تصمیم گرفت کسب‌وکار خودش رو راه بندازه.,
174,创造,chuàngzào,HSK 5,动,1,想出并产生原来没有的事物或条件（动）,خلق کردن؛ به وجود آوردن (فعل),动,فعل,创造机会 (chuàngzào jīhuì) | 创造条件 (chuàngzào tiáojiàn) | 创造价值 (chuàngzào jiàzhí) | 创造奇迹 (chuàngzào qíjì),我们要努力创造更多机会。,Wǒmen yào nǔlì chuàngzào gèng duō jīhuì.,باید تلاش کنیم فرصت‌های بیشتری به وجود بیاریم.,
175,创作,chuàngzuò,HSK 5,动/名,1,创造文学或艺术作品（动）,اثر ادبی یا هنری خلق کردن (فعل),动,فعل,创作小说 (chuàngzuò xiǎoshuō) | 创作歌曲 (chuàngzuò gēqǔ) | 为电影创作音乐 (wèi diànyǐng chuàngzuò yīnyuè),他正在创作一部新小说。,Tā zhèngzài chuàngzuò yí bù xīn xiǎoshuō.,او داره یک رمان جدید می‌نویسه.,
175,创作,chuàngzuò,HSK 5,动/名,2,创作出来的文学或艺术作品（名）,اثر ادبی یا هنری (اسم),名,اسم,最新创作 (zuìxīn chuàngzuò) | 早期创作 (zǎoqī chuàngzuò) | 个人创作 (gèrén chuàngzuò),这首歌是他的最新创作。,Zhè shǒu gē shì tā de zuìxīn chuàngzuò.,این آهنگ جدیدترین اثر اونه.,
176,传说,chuánshuō,HSK 5,名/动,1,民间长期流传的关于人物或事件的故事（名）,افسانه؛ روایت عامیانه (اسم),名,اسم,民间传说 (mínjiān chuánshuō) | 古老的传说 (gǔlǎo de chuánshuō) | 美丽的传说 (měilì de chuánshuō),这里流传着一个古老的传说。,Zhèlǐ liúchuán zhe yí ge gǔlǎo de chuánshuō.,اینجا یک افسانهٔ قدیمی نقل می‌شه.,
176,传说,chuánshuō,HSK 5,名/动,2,社会上流传着某种说法；据说（动）,نقل است؛ گفته می‌شود (فعل),动,فعل,传说他很有钱 (chuánshuō tā hěn yǒuqián) | 传说山里有宝藏 (chuánshuō shān lǐ yǒu bǎozàng) | 传说这里闹鬼 (chuánshuō zhèlǐ nào guǐ),传说这座山里藏着宝藏。,Chuánshuō zhè zuò shān lǐ cáng zhe bǎozàng.,می‌گن توی این کوه گنجی پنهان شده.,
177,传统,chuántǒng,HSK 5,名/形,1,世代相传的思想、习惯、制度等（名）,سنت (اسم),名,اسم,尊重传统 (zūnzhòng chuántǒng) | 保留传统 (bǎoliú chuántǒng) | 当地传统 (dāngdì chuántǒng),我们应该尊重当地的传统。,Wǒmen yīnggāi zūnzhòng dāngdì de chuántǒng.,باید به سنت‌های محلی احترام بذاریم.,
177,传统,chuántǒng,HSK 5,名/形,2,沿袭已久或具有传统特点的（形）,سنتی (صفت),形,صفت,传统文化 (chuántǒng wénhuà) | 传统方法 (chuántǒng fāngfǎ) | 传统观念 (chuántǒng guānniàn) | 传统节日 (chuántǒng jiérì),这种产品采用传统的制作方法。,Zhè zhǒng chǎnpǐn cǎiyòng chuántǒng de zhìzuò fāngfǎ.,این محصول با روش سنتی تولید می‌شه.,
178,出版,chūbǎn,HSK 5,动,1,把书籍、报刊等制作后公开发行（动）,منتشر کردن؛ به چاپ رساندن (فعل),动,فعل,出版图书 (chūbǎn túshū) | 正式出版 (zhèngshì chūbǎn) | 出版小说 (chūbǎn xiǎoshuō),他的第一本书去年出版了。,Tā de dì yī běn shū qùnián chūbǎn le.,اولین کتابش سال گذشته منتشر شد.,
179,初级,chūjí,HSK 5,形,1,处于基础阶段或级别较低的（形）,مقدماتی؛ سطح ابتدایی (صفت),形,صفت,初级水平 (chūjí shuǐpíng) | 初级课程 (chūjí kèchéng) | 初级阶段 (chūjí jiēduàn) | 初级职称 (chūjí zhíchēng),她正在上初级汉语课程。,Tā zhèngzài shàng chūjí Hànyǔ kèchéng.,او داره در دورهٔ مقدماتی زبان چینی شرکت می‌کنه.,
180,处理,chǔlǐ,HSK 5,动,1,办理、解决或应对问题和事情（动）,رسیدگی یا مدیریت کردن؛ حل‌وفصل کردن (فعل),动,فعل,处理问题 (chǔlǐ wèntí) | 处理事故 (chǔlǐ shìgù) | 妥善处理 (tuǒshàn chǔlǐ) | 及时处理 (jíshí chǔlǐ),这个问题需要尽快处理。,Zhège wèntí xūyào jǐnkuài chǔlǐ.,باید هرچه زودتر به این مسئله رسیدگی بشه.,
180,处理,chǔlǐ,HSK 5,动,2,对人或物进行处置，包括处罚、丢弃或出售（动）,تعیین تکلیف کردن؛ کنار گذاشتن یا برخورد کردن (فعل),动,فعل,处理旧家具 (chǔlǐ jiù jiājù) | 处理违规人员 (chǔlǐ wéiguī rényuán) | 低价处理 (dījià chǔlǐ),搬家前，我们得把这些旧家具处理掉。,"Bānjiā qián, wǒmen děi bǎ zhèxiē jiù jiājù chǔlǐ diào.",قبل از اسباب‌کشی باید تکلیف این وسایل قدیمی رو مشخص کنیم.,
180,处理,chǔlǐ,HSK 5,动,3,用特定方法加工材料或分析数据、信息等（动）,پردازش یا آماده‌سازی کردن (فعل),动,فعل,处理数据 (chǔlǐ shùjù) | 处理信息 (chǔlǐ xìnxī) | 处理木材 (chǔlǐ mùcái) | 处理图像 (chǔlǐ túxiàng),电脑正在处理大量数据。,Diànnǎo zhèngzài chǔlǐ dàliàng shùjù.,رایانه داره حجم زیادی از داده‌ها رو پردازش می‌کنه.,
181,初期,chūqī,HSK 5,名,1,某个时期、过程或发展的开始阶段（名）,مرحلهٔ اولیه؛ دورهٔ آغازین (اسم),名,اسم,发展初期 (fāzhǎn chūqī) | 创业初期 (chuàngyè chūqī) | 项目初期 (xiàngmù chūqī) | 成立初期 (chénglì chūqī),创业初期，我们遇到了很多困难。,"Chuàngyè chūqī, wǒmen yùdào le hěn duō kùnnan.",اوایل راه‌اندازی کسب‌وکار با مشکلات زیادی روبه‌رو شدیم.,
182,出色,chūsè,HSK 5,形,1,特别好，超过一般水平（形）,عالی؛ برجسته (صفت),形,صفت,表现出色 (biǎoxiàn chūsè) | 成绩出色 (chéngjì chūsè) | 出色完成任务 (chūsè wánchéng rènwu) | 出色的人才 (chūsè de réncái),她出色地完成了这项任务。,Tā chūsè de wánchéng le zhè xiàng rènwu.,او این وظیفه رو عالی انجام داد.,
183,出售,chūshòu,HSK 5,动,1,卖出或公开供人购买（动）,فروختن؛ برای فروش عرضه کردن (فعل),动,فعل,公开出售 (gōngkāi chūshòu) | 出售房屋 (chūshòu fángwū) | 出售商品 (chūshòu shāngpǐn) | 低价出售 (dījià chūshòu),这套房子正在出售。,Zhè tào fángzi zhèngzài chūshòu.,این خونه برای فروشه.,
184,除夕,chúxī,HSK 5,名,1,农历一年最后一天的夜晚，也常指这一天（名）,شب سال نوی چینی؛ آخرین روز سال سنتی چین (اسم),名,اسم,除夕当天 (chúxī dāngtiān) | 除夕晚上 (chúxī wǎnshang) | 除夕习俗 (chúxī xísú) | 一起过除夕 (yìqǐ guò chúxī),除夕晚上，全家人一起吃年夜饭。,"Chúxī wǎnshang, quánjiārén yìqǐ chī niányèfàn.",شب سال نوی چینی، همهٔ اعضای خانواده با هم شام مخصوص سال نو می‌خورن.,
185,出席,chūxí,HSK 5,动,1,参加会议、典礼等较正式的活动（动）,در جلسه یا مراسمی رسمی حضور یافتن (فعل),动,فعل,出席会议 (chūxí huìyì) | 出席活动 (chūxí huódòng) | 出席仪式 (chūxí yíshì) | 应邀出席 (yìngyāo chūxí),他将出席明天的会议。,Tā jiāng chūxí míngtiān de huìyì.,او در جلسهٔ فردا حضور پیدا خواهد کرد.,
186,处于,chǔyú,HSK 5,动,1,处在某种状态、阶段、位置或环境中（动）,در وضعیت، مرحله یا موقعیتی قرار داشتن (فعل),动,فعل,处于危险中 (chǔyú wēixiǎn zhōng) | 处于领先地位 (chǔyú lǐngxiān dìwèi) | 处于发展阶段 (chǔyú fāzhǎn jiēduàn),这个行业正处于快速发展阶段。,Zhège hángyè zhèng chǔyú kuàisù fāzhǎn jiēduàn.,این صنعت در مرحلهٔ رشد سریع قرار داره.,
187,出自,chūzì,HSK 5,动,1,来源于某人、某地或某作品等（动）,از جایی یا کسی سرچشمه گرفتن؛ برگرفته بودن (فعل),动,فعل,出自名家 (chūzì míngjiā) | 出自这本书 (chūzì zhè běn shū) | 出自作者之手 (chūzì zuòzhě zhī shǒu),这句话出自一部著名小说。,Zhè jù huà chūzì yí bù zhùmíng xiǎoshuō.,این جمله از یک رمان معروف گرفته شده.,
188,此后,cǐhòu,HSK 5,副/名,1,从这以后；在某个时间或事件之后（副/名）,از آن پس؛ پس از آن (قید/اسم),副/名,قید/اسم,此后不久 (cǐhòu bùjiǔ) | 此后多年 (cǐhòu duōnián) | 此后一直 (cǐhòu yìzhí) | 此后的生活 (cǐhòu de shēnghuó),此后，他再也没有回到这里。,"Cǐhòu, tā zài yě méiyǒu huídào zhèlǐ.",بعد از اون، دیگه هیچ‌وقت به اینجا برنگشت.,
189,词汇,cíhuì,HSK 5,名,1,一种语言、领域、个人或作品所使用的词和固定短语（名）,واژگان؛ مجموعهٔ واژه‌ها و عبارت‌های ثابت (اسم),名,اسم,汉语词汇 (Hànyǔ cíhuì) | 专业词汇 (zhuānyè cíhuì) | 常用词汇 (chángyòng cíhuì) | 丰富的词汇 (fēngfù de cíhuì),这篇文章用了很多专业词汇。,Zhè piān wénzhāng yòng le hěn duō zhuānyè cíhuì.,در این مقاله از واژه‌های تخصصی زیادی استفاده شده.,
190,刺激,cìjī,HSK 5,动/形/名,1,使身体、神经或感官产生反应（动）,بدن، عصب یا حواس را تحریک کردن (فعل),动,فعل,刺激皮肤 (cìjī pífū) | 刺激神经 (cìjī shénjīng) | 刺激眼睛 (cìjī yǎnjing),这种气味会刺激眼睛。,Zhè zhǒng qìwèi huì cìjī yǎnjing.,این بو چشم‌ها رو تحریک می‌کنه.,
190,刺激,cìjī,HSK 5,动/形/名,2,推动或促使某种活动、反应或发展（动）,تحریک یا تقویت کردن؛ رونق دادن (فعل),动,فعل,刺激消费 (cìjī xiāofèi) | 刺激经济 (cìjī jīngjì) | 刺激需求 (cìjī xūqiú),降低价格可以刺激消费。,Jiàngdī jiàgé kěyǐ cìjī xiāofèi.,کاهش قیمت می‌تونه مصرف رو تحریک کنه.,
190,刺激,cìjī,HSK 5,动/形/名,3,使人精神上受到强烈影响或感到难受（动）,از نظر روحی تحریک یا ناراحت کردن (فعل),动,فعل,刺激病人 (cìjī bìngrén) | 故意刺激他 (gùyì cìjī tā) | 受不了刺激 (shòubuliǎo cìjī),你别再用这些话刺激他了。,Nǐ bié zài yòng zhèxiē huà cìjī tā le.,دیگه با این حرف‌ها ناراحتش نکن.,
190,刺激,cìjī,HSK 5,动/形/名,4,使人兴奋、紧张并产生强烈感受（形）,مهیج؛ هیجان‌انگیز (صفت),形,صفت,非常刺激 (fēicháng cìjī) | 刺激的比赛 (cìjī de bǐsài) | 又紧张又刺激 (yòu jǐnzhāng yòu cìjī),这场比赛真刺激！,Zhè chǎng bǐsài zhēn cìjī!,این مسابقه واقعاً هیجان‌انگیزه!,
190,刺激,cìjī,HSK 5,动/形/名,5,能引起身体或精神强烈反应的影响（名）,محرک؛ شوک روحی یا جسمی (اسم),名,اسم,受到刺激 (shòudào cìjī) | 外界刺激 (wàijiè cìjī) | 强烈的刺激 (qiángliè de cìjī),他受到这个消息的刺激后，情绪一直不稳定。,"Tā shòudào zhège xiāoxi de cìjī hòu, qíngxù yìzhí bù wěndìng.",بعد از شوکی که از شنیدن این خبر بهش وارد شد، حال روحیش ناپایدار موند.,
190,刺激,cìjī,HSK 5,动/形/名,6,令人兴奋或紧张的强烈体验（名）,هیجان؛ تجربهٔ مهیج (اسم),名,اسم,寻求刺激 (xúnqiú cìjī) | 追求刺激 (zhuīqiú cìjī) | 寻找新的刺激 (xúnzhǎo xīn de cìjī),他喜欢冒险，总是在追求刺激。,"Tā xǐhuan màoxiǎn, zǒngshì zài zhuīqiú cìjī.",اون عاشق ماجراجوییه و همیشه دنبال هیجانه.,
191,此前,cǐqián,HSK 5,副/名,1,在这以前；在某个时间或事件之前（副/名）,پیش از این؛ قبل از آن (قید/اسم),副/名,قید/اسم,此前一直 (cǐqián yìzhí) | 此前已有 (cǐqián yǐyǒu) | 此前的经历 (cǐqián de jīnglì),他此前从未去过中国。,Tā cǐqián cóngwèi qù guo Zhōngguó.,او پیش از این هرگز به چین نرفته بود.,
192,此时,cǐshí,HSK 5,名/副,1,这个时候；在这一时刻（名/副）,در این هنگام؛ در این لحظه (اسم/قید),名/副,اسم/قید,就在此时 (jiù zài cǐshí) | 此时已经 (cǐshí yǐjīng) | 此时正值夏季 (cǐshí zhèngzhí xiàjì),此时，外面突然下起了大雨。,"Cǐshí, wàimiàn tūrán xià qǐ le dàyǔ.",در همین لحظه، بیرون ناگهان بارون شدیدی گرفت.,
193,辞职,cízhí,HSK 5,动,1,主动解除自己的职务或离开工作（动）,استعفا دادن؛ از کار کناره‌گیری کردن (فعل),动,فعل,提出辞职 (tíchū cízhí) | 主动辞职 (zhǔdòng cízhí) | 向公司辞职 (xiàng gōngsī cízhí),他决定辞职去创业。,Tā juédìng cízhí qù chuàngyè.,او تصمیم گرفت استعفا بده و کسب‌وکار خودش رو راه بندازه.,
194,从不,cóngbù,HSK 5,副,1,从来不；任何时候都不（副）,هرگز؛ هیچ‌وقت (قید),副,قید,从不迟到 (cóngbù chídào) | 从不抱怨 (cóngbù bàoyuàn) | 从不放弃 (cóngbù fàngqì),他工作非常认真，从不迟到。,"Tā gōngzuò fēicháng rènzhēn, cóngbù chídào.",او سر کار خیلی جدیه و هیچ‌وقت دیر نمی‌کنه.,
195,从而,cóng'ér,HSK 5,连,1,表示前面的情况导致后面的结果（连）,در نتیجه؛ و بدین‌ترتیب (حرف ربط),连,حرف ربط,从而提高效率 (cóng'ér tígāo xiàolǜ) | 从而实现目标 (cóng'ér shíxiàn mùbiāo) | 从而导致失败 (cóng'ér dǎozhì shībài),我们提高了效率，从而节省了时间。,"Wǒmen tígāo le xiàolǜ, cóng'ér jiéshěng le shíjiān.",بهره‌وری رو بالا بردیم و در نتیجه در وقت صرفه‌جویی کردیم.,
196,从前,cóngqián,HSK 5,名/副,1,过去的时候；以前（名/副）,قدیم؛ در گذشته (اسم/قید),名/副,اسم/قید,从前的生活 (cóngqián de shēnghuó) | 从前有一个人 (cóngqián yǒu yí ge rén) | 和从前一样 (hé cóngqián yíyàng),从前这里没有这么多高楼。,Cóngqián zhèlǐ méiyǒu zhème duō gāolóu.,قدیم اینجا این‌همه ساختمون بلند نبود.,
197,从事,cóngshì,HSK 5,动,1,长期进行某种工作、职业或活动（动）,به کاری یا حرفه‌ای مشغول بودن (فعل),动,فعل,从事贸易 (cóngshì màoyì) | 从事教育工作 (cóngshì jiàoyù gōngzuò) | 从事研究 (cóngshì yánjiū) | 从事医疗工作 (cóngshì yīliáo gōngzuò),他从事国际贸易已经十年了。,Tā cóngshì guójì màoyì yǐjīng shí nián le.,او ده ساله که در زمینهٔ تجارت بین‌الملل فعالیت می‌کنه.,
198,催,cuī,HSK 5,动,1,促使别人加快行动或尽快完成某事（动）,عجله دادن؛ پیگیری کردن (فعل),动,فعل,催他快点 (cuī tā kuài diǎn) | 催客户付款 (cuī kèhù fùkuǎn) | 催孩子交作业 (cuī háizi jiāo zuòyè) | 催进度 (cuī jìndù),客户一直催我们尽快发货。,Kèhù yìzhí cuī wǒmen jǐnkuài fāhuò.,مشتری مدام پیگیری می‌کنه که هرچه زودتر کالا رو بفرستیم.,
199,促进,cùjìn,HSK 5,动,1,推动事物发展、增长或改善（动）,تقویت کردن؛ پیش بردن؛ موجب رشد شدن (فعل),动,فعل,促进发展 (cùjìn fāzhǎn) | 促进合作 (cùjìn hézuò) | 促进交流 (cùjìn jiāoliú) | 促进经济增长 (cùjìn jīngjì zēngzhǎng),国际贸易可以促进经济发展。,Guójì màoyì kěyǐ cùjìn jīngjì fāzhǎn.,تجارت بین‌المللی می‌تونه به توسعهٔ اقتصادی کمک کنه.,
200,存放,cúnfàng,HSK 5,动,1,把物品放在某处保存（动）,در جایی گذاشتن و نگهداری کردن (فعل),动,فعل,存放行李 (cúnfàng xíngli) | 存放物品 (cúnfàng wùpǐn) | 安全存放 (ānquán cúnfàng) | 存放在仓库 (cúnfàng zài cāngkù),贵重物品请存放在安全的地方。,Guìzhòng wùpǐn qǐng cúnfàng zài ānquán de dìfang.,لطفاً وسایل باارزش رو در جای امن نگهداری کنید.,
201,存款,cúnkuǎn,HSK 5,名/动,1,存入银行或其他金融机构的钱（名）,سپردهٔ بانکی؛ پول پس‌اندازشده در بانک (اسم),名,اسم,银行存款 (yínháng cúnkuǎn) | 定期存款 (dìngqī cúnkuǎn) | 活期存款 (huóqī cúnkuǎn) | 存款余额 (cúnkuǎn yú'é),他的银行存款不多。,Tā de yínháng cúnkuǎn bù duō.,سپردهٔ بانکیش زیاد نیست.,
201,存款,cúnkuǎn,HSK 5,名/动,2,把钱存入银行或其他金融机构（动）,پول در بانک سپرده‌گذاری کردن (فعل),动,فعل,去银行存款 (qù yínháng cúnkuǎn) | 往账户里存款 (wǎng zhànghù lǐ cúnkuǎn) | 每月存款 (měi yuè cúnkuǎn) | 存款一万元 (cúnkuǎn yí wàn yuán),我每个月都会往这个账户里存款。,Wǒ měi ge yuè dōu huì wǎng zhège zhànghù lǐ cúnkuǎn.,من هر ماه به این حساب پول واریز می‌کنم.,
202,存在,cúnzài,HSK 5,动/名,1,事物实际具有或客观上有（动）,وجود داشتن؛ موجود بودن (فعل),动,فعل,问题仍然存在 (wèntí réngrán cúnzài) | 普遍存在 (pǔbiàn cúnzài) | 长期存在 (chángqī cúnzài) | 客观存在 (kèguān cúnzài),这个问题仍然存在。,Zhège wèntí réngrán cúnzài.,این مشکل هنوز وجود داره.,
202,存在,cúnzài,HSK 5,动/名,2,存在的事实或状态（名）,وجود؛ حضور (اسم),名,اسم,证明其存在 (zhèngmíng qí cúnzài) | 感受到他的存在 (gǎnshòudào tā de cúnzài) | 存在的意义 (cúnzài de yìyì),这个发现证明了这种物质的存在。,Zhège fāxiàn zhèngmíng le zhè zhǒng wùzhì de cúnzài.,این کشف وجود این ماده رو ثابت کرد.,
203,措施,cuòshī,HSK 5,名,1,为解决问题或达到目的而采取的办法（名）,اقدام؛ تدبیر (اسم),名,اسم,采取措施 (cǎiqǔ cuòshī) | 有效措施 (yǒuxiào cuòshī) | 安全措施 (ānquán cuòshī) | 预防措施 (yùfáng cuòshī),政府采取了新的措施。,Zhèngfǔ cǎiqǔ le xīn de cuòshī.,دولت اقدامات جدیدی انجام داد.,
204,促使,cùshǐ,HSK 5,动,1,推动或使某人、某事物发生变化或采取行动（动）,واداشتن؛ موجب تغییر یا اقدام شدن (فعل),动,فعل,促使经济发展 (cùshǐ jīngjì fāzhǎn) | 促使他改变 (cùshǐ tā gǎibiàn) | 促使双方合作 (cùshǐ shuāngfāng hézuò),这次经历促使他改变了想法。,Zhè cì jīnglì cùshǐ tā gǎibiàn le xiǎngfǎ.,این تجربه باعث شد نظرش رو تغییر بده.,
205,促销,cùxiāo,HSK 5,动/名,1,通过降价、优惠或宣传等方式促进商品销售（动）,با تخفیف یا تبلیغ فروش را افزایش دادن (فعل),动,فعل,打折促销 (dǎzhé cùxiāo) | 促销新产品 (cùxiāo xīn chǎnpǐn) | 通过网络促销 (tōngguò wǎngluò cùxiāo),公司正在通过网络促销新产品。,Gōngsī zhèngzài tōngguò wǎngluò cùxiāo xīn chǎnpǐn.,شرکت داره محصول جدیدش رو از طریق اینترنت تبلیغ می‌کنه و می‌فروشه.,
205,促销,cùxiāo,HSK 5,动/名,2,促进商品销售的活动或手段（名）,فروش ویژه؛ برنامهٔ ترویج فروش (اسم),名,اسم,促销活动 (cùxiāo huódòng) | 节日促销 (jiérì cùxiāo) | 年底促销 (niándǐ cùxiāo) | 一次大型促销 (yí cì dàxíng cùxiāo),这次促销吸引了很多顾客。,Zhè cì cùxiāo xīyǐn le hěn duō gùkè.,این فروش ویژه مشتری‌های زیادی رو جذب کرد.,
206,打扮,dǎban,HSK 5,动/名,1,通过穿衣、化妆等使外表美观或具有某种特点（动）,لباس پوشیدن و خود را آراستن (فعل),动,فعل,精心打扮 (jīngxīn dǎban) | 打扮自己 (dǎban zìjǐ) | 打扮得很漂亮 (dǎban de hěn piàoliang),她今天打扮得很漂亮。,Tā jīntiān dǎban de hěn piàoliang.,او امروز خودش رو خیلی قشنگ آراسته.,
206,打扮,dǎban,HSK 5,动/名,2,人的衣着、装饰和整体外表（名）,سر و وضع؛ پوشش و ظاهر (اسم),名,اسم,时髦的打扮 (shímáo de dǎban) | 奇怪的打扮 (qíguài de dǎban) | 特别的打扮 (tèbié de dǎban),他的打扮很特别。,Tā de dǎban hěn tèbié.,سر و وضعش خیلی خاصه.,
207,打包,dǎbāo,HSK 5,动,1,把物品包起来或装进箱子、袋子等（动）,بسته‌بندی کردن (فعل),动,فعل,打包行李 (dǎbāo xíngli) | 打包货物 (dǎbāo huòwù) | 把书打包 (bǎ shū dǎbāo),请把这些东西打包好。,Qǐng bǎ zhèxiē dōngxi dǎbāo hǎo.,لطفاً این وسایل رو خوب بسته‌بندی کنید.,
207,打包,dǎbāo,HSK 5,动,2,把饭菜装好以便带走（动）,غذا را برای بردن بسته‌بندی کردن (فعل),动,فعل,打包带走 (dǎbāo dàizǒu) | 把剩菜打包 (bǎ shèngcài dǎbāo) | 请服务员打包 (qǐng fúwùyuán dǎbāo),吃不完的话，我们打包带走吧。,"Chī bu wán de huà, wǒmen dǎbāo dàizǒu ba.",اگه نمی‌تونیم همش رو بخوریم، بسته‌بندیش کنیم و با خودمون ببریم.,
207,打包,dǎbāo,HSK 5,动,3,把多个电子文件集中并通常压缩成一个文件（计算机）（动）,فایل‌ها را بسته‌بندی و فشرده کردن (رایانه) (فعل),动,فعل,打包文件 (dǎbāo wénjiàn) | 打包成压缩文件 (dǎbāo chéng yāsuō wénjiàn) | 打包后发送 (dǎbāo hòu fāsòng),请把这些文件打包后发给我。,Qǐng bǎ zhèxiē wénjiàn dǎbāo hòu fā gěi wǒ.,لطفاً این فایل‌ها رو بسته‌بندی و فشرده کن و برام بفرست.,
208,达成,dáchéng,HSK 5,动,1,经过商谈或努力而取得一致意见或实现目标（动）,به توافق رسیدن؛ محقق کردن (فعل),动,فعل,达成协议 (dáchéng xiéyì) | 达成共识 (dáchéng gòngshí) | 达成交易 (dáchéng jiāoyì) | 达成目标 (dáchéng mùbiāo),双方终于达成了协议。,Shuāngfāng zhōngyú dáchéng le xiéyì.,دو طرف بالاخره به توافق رسیدن.,
209,大胆,dàdǎn,HSK 5,形/副,1,有勇气，不害怕或不过多顾虑（形）,جسور؛ شجاع؛ بی‌باک (صفت),形,صفت,大胆的人 (dàdǎn de rén) | 大胆的决定 (dàdǎn de juédìng) | 想法很大胆 (xiǎngfǎ hěn dàdǎn),这是一个大胆的决定。,Zhè shì yí ge dàdǎn de juédìng.,این تصمیم جسورانه‌ایه.,
209,大胆,dàdǎn,HSK 5,形/副,2,有勇气、没有过多顾虑地做某事（副）,با جسارت؛ بدون ترس (قید),副,قید,大胆尝试 (dàdǎn chángshì) | 大胆创新 (dàdǎn chuàngxīn) | 大胆地说 (dàdǎn de shuō) | 大胆去做 (dàdǎn qù zuò),你可以大胆地说出自己的意见。,Nǐ kěyǐ dàdǎn de shuō chū zìjǐ de yìjiàn.,می‌تونی با جسارت نظرت رو بیان کنی.,
210,打断,dǎduàn,HSK 5,动,1,使正在进行的谈话、思路或事情中途停止（动）,قطع کردن؛ میان حرف کسی پریدن (فعل),动,فعل,打断谈话 (dǎduàn tánhuà) | 打断思路 (dǎduàn sīlù) | 打断别人的话 (dǎduàn biérén de huà) | 打断工作 (dǎduàn gōngzuò),请不要打断别人说话。,Qǐng bú yào dǎduàn biérén shuōhuà.,لطفاً وسط حرف بقیه نپرید.,
210,打断,dǎduàn,HSK 5,动,2,用力使物体断开（动）,با ضربه شکستن (فعل),动,فعل,打断树枝 (dǎduàn shùzhī) | 打断骨头 (dǎduàn gǔtou) | 打断木棍 (dǎduàn mùgùn),他不小心把树枝打断了。,Tā bù xiǎoxīn bǎ shùzhī dǎduàn le.,او ناخواسته شاخه رو شکست.,
211,大多,dàduō,HSK 5,副,1,大部分；多数情况下（副）,بیشتر؛ اغلب (قید),副,قید,大多来自国外 (dàduō láizì guówài) | 大多是年轻人 (dàduō shì niánqīngrén) | 大多集中在城市 (dàduō jízhōng zài chéngshì),这里的游客大多来自国外。,Zhèlǐ de yóukè dàduō láizì guówài.,بیشتر گردشگرهای اینجا از کشورهای دیگه میان.,
212,大会,dàhuì,HSK 5,名,1,规模较大的正式会议或群众性集会（名）,اجلاس؛ همایش؛ گردهمایی بزرگ (اسم),名,اسم,召开大会 (zhàokāi dàhuì) | 参加大会 (cānjiā dàhuì) | 全体大会 (quántǐ dàhuì) | 国际大会 (guójì dàhuì),公司明天将召开全体大会。,Gōngsī míngtiān jiāng zhàokāi quántǐ dàhuì.,شرکت فردا یک جلسهٔ عمومی برگزار می‌کنه.,
213,代,dài,HSK 5,名/动/量,1,具有共同特征或处于相近时期的一辈人（名）,نسل (اسم),名,اسم,年轻一代 (niánqīng yí dài) | 下一代 (xià yí dài) | 老一代 (lǎo yí dài),年轻一代有自己的想法。,Niánqīng yí dài yǒu zìjǐ de xiǎngfǎ.,نسل جوان دیدگاه‌های خودش رو داره.,
213,代,dài,HSK 5,名/动/量,2,代替别人做某事（动）,به‌جای کسی کاری انجام دادن (فعل),动,فعل,代人办理 (dài rén bànlǐ) | 代朋友付款 (dài péngyou fùkuǎn) | 代他签字 (dài tā qiānzì),我可以代你办理这件事。,Wǒ kěyǐ dài nǐ bànlǐ zhè jiàn shì.,می‌تونم این کار رو به‌جای تو انجام بدم.,
213,代,dài,HSK 5,名/动/量,3,用于计算家族世系或产品、技术的发展阶段（量）,واحد شمارش نسل‌های خانوادگی، محصول یا فناوری (واحد شمارش),量,واحد شمارش,三代人 (sān dài rén) | 第一代产品 (dì yī dài chǎnpǐn) | 第三代技术 (dì sān dài jìshù),这是最新一代的产品。,Zhè shì zuìxīn yí dài de chǎnpǐn.,این محصول متعلق به جدیدترین نسله.,
213,代,Dài,HSK 5,名,4,姓氏（名）,نام خانوادگی دای (اسم),名,اسم,姓代 (xìng Dài) | 代先生 (Dài xiānsheng) | 代老师 (Dài lǎoshī),我们的新老师姓代。,Wǒmen de xīn lǎoshī xìng Dài.,نام خانوادگی معلم جدیدمون دایه.,
214,代表,dàibiǎo,HSK 5,名/动,1,受委托或被选出代替个人或集体办事、表达意见的人（名）,نماینده (اسم),名,اسم,公司代表 (gōngsī dàibiǎo) | 学生代表 (xuésheng dàibiǎo) | 双方代表 (shuāngfāng dàibiǎo),双方代表参加了会议。,Shuāngfāng dàibiǎo cānjiā le huìyì.,نماینده‌های دو طرف در جلسه شرکت کردن.,
214,代表,dàibiǎo,HSK 5,名/动,2,某类人物或事物中具有典型性的人或事物（名）,نمونه یا چهرهٔ شاخص (اسم),名,اسم,杰出代表 (jiéchū dàibiǎo) | 典型代表 (diǎnxíng dàibiǎo) | 行业代表 (hángyè dàibiǎo),这座建筑是中国传统建筑的典型代表。,Zhè zuò jiànzhù shì Zhōngguó chuántǒng jiànzhù de diǎnxíng dàibiǎo.,این بنا نمونهٔ شاخص معماری سنتی چینه.,
214,代表,dàibiǎo,HSK 5,名/动,3,代替个人或集体表达意见、行使权利或处理事务（动）,نمایندگی کردن؛ از طرف کسی عمل کردن (فعل),动,فعل,代表公司 (dàibiǎo gōngsī) | 代表国家 (dàibiǎo guójiā) | 代表全体员工 (dàibiǎo quántǐ yuángōng),他代表公司参加了会议。,Tā dàibiǎo gōngsī cānjiā le huìyì.,او به نمایندگی از شرکت در جلسه شرکت کرد.,
214,代表,dàibiǎo,HSK 5,名/动,4,表示、象征或体现某种意义、态度或水平（动）,نشان‌دادن؛ نماد یا بیانگر چیزی بودن (فعل),动,فعل,代表和平 (dàibiǎo hépíng) | 代表一种态度 (dàibiǎo yì zhǒng tàidu) | 代表最高水平 (dàibiǎo zuìgāo shuǐpíng),在很多文化中，白色代表纯洁。,"Zài hěn duō wénhuà zhōng, báisè dàibiǎo chúnjié.",در خیلی از فرهنگ‌ها، رنگ سفید نماد پاکیه.,
215,带动,dàidòng,HSK 5,动,1,通过自身作用使其他人或事物一起行动、发展或变化（动）,به حرکت درآوردن؛ موجب رشد یا فعالیت شدن (فعل),动,فعل,带动当地发展 (dàidòng dāngdì fāzhǎn) | 带动经济增长 (dàidòng jīngjì zēngzhǎng) | 带动就业 (dàidòng jiùyè) | 带动大家参与 (dàidòng dàjiā cānyù),旅游业带动了当地经济的发展。,Lǚyóuyè dàidòng le dāngdì jīngjì de fāzhǎn.,صنعت گردشگری باعث رشد اقتصاد محلی شده.,
216,代替,dàitì,HSK 5,动,1,用某人或某事物替换另一人或另一事物（动）,جایگزین کردن؛ جای کسی یا چیزی را گرفتن (فعل),动,فعل,用机器代替人工 (yòng jīqì dàitì réngōng) | 代替别人工作 (dàitì biérén gōngzuò) | 代替传统方法 (dàitì chuántǒng fāngfǎ) | 无法代替 (wúfǎ dàitì),机器不能完全代替人。,Jīqì bù néng wánquán dàitì rén.,ماشین نمی‌تونه کاملاً جای انسان رو بگیره.,
217,待遇,dàiyù,HSK 5,名,1,工作中享有的工资、福利和条件等（名）,حقوق، مزایا و شرایط شغلی (اسم),名,اسم,工资待遇 (gōngzī dàiyù) | 福利待遇 (fúlì dàiyù) | 提高待遇 (tígāo dàiyù) | 待遇优厚 (dàiyù yōuhòu),这家公司的工资待遇不错。,Zhè jiā gōngsī de gōngzī dàiyù búcuò.,حقوق و مزایای این شرکت خوبه.,
217,待遇,dàiyù,HSK 5,名,2,对待某人时给予的条件或所持的态度（名）,رفتار یا شرایطی که با کسی می‌شود (اسم),名,اسم,受到公平待遇 (shòudào gōngpíng dàiyù) | 特殊待遇 (tèshū dàiyù) | 同等待遇 (tóngděng dàiyù) | 享受良好待遇 (xiǎngshòu liánghǎo dàiyù),员工应该受到公平的待遇。,Yuángōng yīnggāi shòudào gōngpíng de dàiyù.,باید با کارکنان منصفانه رفتار بشه.,
218,大力,dàlì,HSK 5,副,1,用很大力量或采取有力措施（副）,با قدرت و جدیت؛ به‌طور گسترده (قید),副,قید,大力发展 (dàlì fāzhǎn) | 大力支持 (dàlì zhīchí) | 大力推广 (dàlì tuīguǎng) | 大力宣传 (dàlì xuānchuán),政府正在大力发展新能源产业。,Zhèngfǔ zhèngzài dàlì fāzhǎn xīn néngyuán chǎnyè.,دولت داره با جدیت صنعت انرژی‌های نو رو توسعه می‌ده.,
219,大妈,dàmā,HSK 5,名,1,对中老年妇女的口语称呼；直接用于陌生人有时不礼貌（口语）（名）,خانم میان‌سال یا مسن؛ گاهی خطاب ناخوشایند (محاوره‌ای) (اسم),名,اسم,邻居大妈 (línjū dàmā) | 热心的大妈 (rèxīn de dàmā) | 一位大妈 (yí wèi dàmā) | 广场舞大妈 (guǎngchǎngwǔ dàmā),那位大妈每天早上都来公园。,Nà wèi dàmā měitiān zǎoshang dōu lái gōngyuán.,اون خانم مسن هر روز صبح به پارک میاد.,
219,大妈,dàmā,HSK 5,名,2,伯父的妻子，也用于称父辈的年长女性（部分地区）（名）,همسر برادر بزرگ‌تر پدر؛ زن‌عمو (منطقه‌ای) (اسم),名,اسم,我大妈 (wǒ dàmā) | 去大妈家 (qù dàmā jiā) | 大妈和大伯 (dàmā hé dàbó),我大妈一家住在农村。,Wǒ dàmā yì jiā zhù zài nóngcūn.,زن‌عموم و خانواده‌اش در روستا زندگی می‌کنن.,
220,大米,dàmǐ,HSK 5,名,1,稻谷脱壳后得到的食用米，通常指未煮熟的米（名）,برنج خام؛ دانهٔ برنج پوست‌کنده (اسم),名,اسم,一袋大米 (yí dài dàmǐ) | 买大米 (mǎi dàmǐ) | 优质大米 (yōuzhì dàmǐ),家里的大米快吃完了。,Jiālǐ de dàmǐ kuài chī wán le.,برنج خونه داره تموم می‌شه.,
221,淡,dàn,HSK 5,形,1,颜色浅，不浓（形）,کم‌رنگ؛ ملایم (صفت),形,صفت,颜色很淡 (yánsè hěn dàn) | 淡一点儿 (dàn yìdiǎnr) | 比原来淡 (bǐ yuánlái dàn),我喜欢淡一点儿的颜色。,Wǒ xǐhuan dàn yìdiǎnr de yánsè.,من رنگ‌های ملایم‌تر رو دوست دارم.,
221,淡,dàn,HSK 5,形,2,味道、气味或浓度不强（形）,کم‌مزه؛ رقیق؛ ملایم (صفت),形,صفت,味道很淡 (wèidào hěn dàn) | 汤太淡 (tāng tài dàn) | 茶泡得淡 (chá pào de dàn),这个汤有点儿淡。,Zhège tāng yǒudiǎnr dàn.,این سوپ یک‌کم کم‌نمکه.,
221,淡,dàn,HSK 5,形,3,感情、兴趣或关系不深、不强烈（形）,کم‌رنگ؛ ضعیف (صفت),形,صفت,感情变淡 (gǎnqíng biàn dàn) | 关系淡了 (guānxi dàn le) | 兴趣越来越淡 (xìngqù yuèláiyuè dàn),他们的关系渐渐淡了。,Tāmen de guānxi jiànjiàn dàn le.,رابطه‌شون کم‌کم سرد شد.,
221,淡,dàn,HSK 5,形,4,生意、市场活动等不活跃（形）,کساد؛ کم‌رونق (صفت),形,صفت,生意很淡 (shēngyi hěn dàn) | 市场偏淡 (shìchǎng piān dàn) | 旺季过后变淡 (wàngjì guòhòu biàn dàn),最近店里的生意比较淡。,Zuìjìn diàn lǐ de shēngyi bǐjiào dàn.,این اواخر بازار مغازه نسبتاً کساده.,
221,淡,dàn,HSK 5,形,5,对某事不太看重或不太在意（形）,بی‌اهمیت دانستن؛ چندان اهمیت ندادن (صفت),形,صفت,把名利看得很淡 (bǎ mínglì kàn de hěn dàn) | 对输赢看得淡 (duì shūyíng kàn de dàn) | 看淡得失 (kàn dàn déshī),他把名利看得很淡。,Tā bǎ mínglì kàn de hěn dàn.,او برای شهرت و منفعت اهمیت زیادی قائل نیست.,
222,单,dān,HSK 5,名/副,1,记载事项、内容或金额的纸张、表格或凭证（名）,برگه؛ فرم؛ صورت‌حساب (اسم),名,اسم,填一张单 (tián yì zhāng dān) | 查看这张单 (chákàn zhè zhāng dān) | 单上写着 (dān shàng xiě zhe),请先填一下这张单。,Qǐng xiān tián yí xià zhè zhāng dān.,لطفاً اول این فرم رو پر کنید.,
222,单,dān,HSK 5,名/副,2,只；仅仅（副）,فقط؛ صرفاً (قید),副,قید,单靠运气 (dān kào yùnqi) | 单凭这一点 (dān píng zhè yì diǎn) | 单是准备就很难 (dān shì zhǔnbèi jiù hěn nán),单靠努力还不够。,Dān kào nǔlì hái bú gòu.,فقط تلاش‌کردن هنوز کافی نیست.,
222,单,Shàn,HSK 5,名,3,姓氏（名）,نام خانوادگی شان (اسم),名,اسم,姓单 (xìng Shàn) | 单先生 (Shàn xiānsheng) | 单老师 (Shàn lǎoshī),我们的班主任姓单。,Wǒmen de bānzhǔrèn xìng Shàn.,نام خانوادگی معلم کلاس‌مون شانه.,
223,大脑,dànǎo,HSK 5,名,1,人和高等动物中枢神经系统中主管思维、感觉等活动的部分（名）,مغز (اسم),名,اسم,人类大脑 (rénlèi dànǎo) | 大脑活动 (dànǎo huódòng) | 保护大脑 (bǎohù dànǎo) | 大脑健康 (dànǎo jiànkāng),充足的睡眠有利于大脑健康。,Chōngzú de shuìmián yǒulì yú dànǎo jiànkāng.,خواب کافی برای سلامت مغز مفیده.,
224,单独,dāndú,HSK 5,副/形,1,不跟别人一起；独自地（副）,به‌تنهایی؛ جدا از دیگران (قید),副,قید,单独行动 (dāndú xíngdòng) | 单独生活 (dāndú shēnghuó) | 单独谈谈 (dāndú tántan),我想单独和你谈谈。,Wǒ xiǎng dāndú hé nǐ tántan.,می‌خوام تنهایی باهات صحبت کنم.,
224,单独,dāndú,HSK 5,副/形,2,独立存在或与其他事物分开的（形）,مستقل؛ جداگانه؛ مجزا (صفت),形,صفت,单独的房间 (dāndú de fángjiān) | 单独的项目 (dāndú de xiàngmù) | 单独的一部分 (dāndú de yí bùfen),这是一个单独的项目。,Zhè shì yí ge dāndú de xiàngmù.,این یک پروژهٔ مستقله.,
225,挡,dǎng,HSK 5,动/名,1,阻止人或事物通过、前进或接近（动）,سد کردن؛ جلوی عبور یا پیشروی را گرفتن (فعل),动,فعل,挡在门口 (dǎng zài ménkǒu) | 挡我的路 (dǎng wǒ de lù) | 用车挡路 (yòng chē dǎng lù),一辆车挡在门口。,Yí liàng chē dǎng zài ménkǒu.,یک ماشین جلوی ورودی رو گرفته.,
225,挡,dǎng,HSK 5,动/名,2,遮住光线或阻挡风、雨等（动）,جلوی نور، باد یا باران را گرفتن (فعل),动,فعل,挡雨 (dǎng yǔ) | 挡风 (dǎng fēng) | 挡阳光 (dǎng yángguāng) | 挡住视线 (dǎngzhù shìxiàn),这棵树挡住了阳光。,Zhè kē shù dǎngzhù le yángguāng.,این درخت جلوی نور خورشید رو گرفته.,
225,挡,dǎng,HSK 5,动/名,3,汽车等变速装置的不同速度位置（名）,دنده (اسم),名,اسم,现在是几挡 (xiànzài shì jǐ dǎng) | 挂到低挡 (guà dào dī dǎng) | 用高挡行驶 (yòng gāo dǎng xíngshǐ),上坡时应该挂到低挡。,Shàngpō shí yīnggāi guà dào dī dǎng.,موقع سربالایی باید دنده رو پایین بیاری.,
226,当成,dàngchéng,HSK 5,动,1,把某人或某事物看作另一种身份或性质（动）,کسی یا چیزی را به‌عنوان دیگری تلقی کردن (فعل),动,فعل,当成朋友 (dàngchéng péngyou) | 当成机会 (dàngchéng jīhuì) | 当成自己的家 (dàngchéng zìjǐ de jiā),我一直把他当成最好的朋友。,Wǒ yìzhí bǎ tā dàngchéng zuì hǎo de péngyou.,من همیشه اون رو بهترین دوستم می‌دونستم.,
227,当地,dāngdì,HSK 5,名/形,1,事情发生或所说的那个地方（名）,محل یا منطقهٔ موردنظر (اسم),名,اسم,到达当地 (dàodá dāngdì) | 前往当地 (qiánwǎng dāngdì) | 了解当地 (liǎojiě dāngdì),我们到达当地后就开始工作。,Wǒmen dàodá dāngdì hòu jiù kāishǐ gōngzuò.,بعد از رسیدن به محل، کار رو شروع کردیم.,
227,当地,dāngdì,HSK 5,名/形,2,属于事情发生或所说的那个地方的（形）,محلی؛ متعلق به همان منطقه (صفت),形,صفت,当地政府 (dāngdì zhèngfǔ) | 当地居民 (dāngdì jūmín) | 当地市场 (dāngdì shìchǎng) | 当地文化 (dāngdì wénhuà),我们需要了解当地市场。,Wǒmen xūyào liǎojiě dāngdì shìchǎng.,باید بازار محلی رو بشناسیم.,
228,当年,dāngnián,HSK 5,名/副,1,过去的某一年或某个时期（名/副）,آن سال؛ آن زمان؛ قدیم‌ترها (اسم/قید),名/副,اسم/قید,当年的情况 (dāngnián de qíngkuàng) | 回忆当年 (huíyì dāngnián) | 想起当年 (xiǎngqǐ dāngnián),当年这里还没有这么多高楼。,Dāngnián zhèlǐ hái méiyǒu zhème duō gāolóu.,اون موقع اینجا هنوز این‌همه ساختمون بلند نبود.,
228,当年,dàngnián,HSK 5,名/副,2,就在事情发生的同一年（副）,در همان سال (قید),副,قید,当年完成 (dàngnián wánchéng) | 当年投产 (dàngnián tóuchǎn) | 当年见效 (dàngnián jiànxiào),这个项目当年就完成了。,Zhège xiàngmù dàngnián jiù wánchéng le.,این پروژه همون سال تکمیل شد.,
229,当前,dāngqián,HSK 5,名/形,1,目前；现在这个阶段（名）,حال حاضر؛ مقطع کنونی (اسم),名,اسم,当前看来 (dāngqián kànlái) | 就当前而言 (jiù dāngqián ér yán) | 当前最需要 (dāngqián zuì xūyào),当前，我们最重要的任务是控制成本。,"Dāngqián, wǒmen zuì zhòngyào de rènwu shì kòngzhì chéngběn.",در حال حاضر، مهم‌ترین کارمون کنترل هزینه‌هاست.,
229,当前,dāngqián,HSK 5,名/形,2,现在的；目前的（形）,کنونی؛ فعلی (صفت),形,صفت,当前形势 (dāngqián xíngshì) | 当前任务 (dāngqián rènwu) | 当前价格 (dāngqián jiàgé) | 当前市场 (dāngqián shìchǎng),当前市场竞争非常激烈。,Dāngqián shìchǎng jìngzhēng fēicháng jīliè.,رقابت در بازار فعلی خیلی شدیده.,
230,当中,dāngzhōng,HSK 5,名,1,在某个地方的中央位置（名）,وسط؛ در مرکز (اسم),名,اسم,房间当中 (fángjiān dāngzhōng) | 院子当中 (yuànzi dāngzhōng) | 站在路当中 (zhàn zài lù dāngzhōng),桌子摆在房间当中。,Zhuōzi bǎi zài fángjiān dāngzhōng.,میز وسط اتاق قرار گرفته.,
230,当中,dāngzhōng,HSK 5,名,2,在某个范围、群体或过程之内（名）,در میان؛ در بین؛ در جریان (اسم),名,اسم,这些人当中 (zhèxiē rén dāngzhōng) | 同学当中 (tóngxué dāngzhōng) | 在讨论当中 (zài tǎolùn dāngzhōng) | 过程当中 (guòchéng dāngzhōng),这些人当中，他最有经验。,"Zhèxiē rén dāngzhōng, tā zuì yǒu jīngyàn.",بین این افراد، اون از همه باتجربه‌تره.,
231,当作,dàngzuò,HSK 5,动,1,把某人或某事物看作另一种身份、性质或用途（动）,کسی یا چیزی را به‌عنوان دیگری تلقی کردن (فعل),动,فعل,当作礼物 (dàngzuò lǐwù) | 当作朋友 (dàngzuò péngyou) | 当作参考 (dàngzuò cānkǎo) | 当作借口 (dàngzuò jièkǒu),我把这本书当作礼物送给他。,Wǒ bǎ zhè běn shū dàngzuò lǐwù sòng gěi tā.,من این کتاب رو به‌عنوان هدیه بهش دادم.,
232,担任,dānrèn,HSK 5,动,1,承担某种职务、工作或角色（动）,سمت، مسئولیت یا نقشی را بر عهده داشتن (فعل),动,فعل,担任经理 (dānrèn jīnglǐ) | 担任负责人 (dānrèn fùzérén) | 担任主角 (dānrèn zhǔjué) | 担任重要职务 (dānrèn zhòngyào zhíwù),他担任公司的总经理。,Tā dānrèn gōngsī de zǒngjīnglǐ.,او مدیرعامل شرکته.,
233,胆小,dǎnxiǎo,HSK 5,形,1,缺少勇气，容易害怕（形）,ترسو؛ کم‌جرئت (صفت),形,صفت,天生胆小 (tiānshēng dǎnxiǎo) | 从小胆小 (cóngxiǎo dǎnxiǎo) | 有点儿胆小 (yǒudiǎnr dǎnxiǎo),他小时候很胆小。,Tā xiǎoshíhou hěn dǎnxiǎo.,اون بچگی‌ها خیلی ترسو بود.,
234,单一,dānyī,HSK 5,形,1,只有一种，缺少变化或多样性（形）,تک‌نوع؛ فاقد تنوع (صفت),形,صفت,结构单一 (jiégòu dānyī) | 功能单一 (gōngnéng dānyī) | 来源单一 (láiyuán dānyī) | 产品种类单一 (chǎnpǐn zhǒnglèi dānyī),这家公司的产品种类比较单一。,Zhè jiā gōngsī de chǎnpǐn zhǒnglèi bǐjiào dānyī.,محصولات این شرکت تنوع چندانی ندارن.,
235,单元,dānyuán,HSK 5,名,1,教材、系统等整体中相对独立的一个部分（名）,بخش؛ واحد آموزشی یا ساختاری (اسم),名,اسم,教学单元 (jiàoxué dānyuán) | 功能单元 (gōngnéng dānyuán) | 第一单元 (dì yī dānyuán) | 基本单元 (jīběn dānyuán),我们今天学习课本的第三单元。,Wǒmen jīntiān xuéxí kèběn de dì sān dānyuán.,امروز بخش سوم کتاب رو می‌خونیم.,
235,单元,dānyuán,HSK 5,名,2,住宅楼中共用一个入口、楼梯或电梯的一组住房（名）,ورودیِ یک ساختمان مسکونی (اسم),名,اسم,住在一单元 (zhù zài yī dānyuán) | 三单元二楼 (sān dānyuán èr lóu) | 二号楼三单元 (èr hào lóu sān dānyuán),我住在二号楼三单元。,Wǒ zhù zài èr hào lóu sān dānyuán.,من در ورودی سومِ ساختمان شمارهٔ دو زندگی می‌کنم.,
236,到达,dàodá,HSK 5,动,1,到达某个地点、阶段或程度（动）,به مکان، مرحله یا سطحی رسیدن (فعل),动,فعل,到达目的地 (dàodá mùdìdì) | 到达机场 (dàodá jīchǎng) | 顺利到达 (shùnlì dàodá) | 到达顶峰 (dàodá dǐngfēng),我们已经安全到达北京。,Wǒmen yǐjīng ānquán dàodá Běijīng.,ما به‌سلامت به پکن رسیدیم.,
237,道理,dàolǐ,HSK 5,名,1,事物的规律、原则或正确的观点（名）,اصل؛ منطق؛ حقیقت (اسم),名,اسم,明白道理 (míngbai dàolǐ) | 懂得道理 (dǒngde dàolǐ) | 有道理 (yǒu dàolǐ) | 讲道理 (jiǎng dàolǐ),你说得很有道理。,Nǐ shuō de hěn yǒu dàolǐ.,حرفت خیلی منطقیه.,
237,道理,dàolǐ,HSK 5,名,2,做某事或得出某种结论的理由、根据（名）,دلیل؛ توجیه منطقی (اسم),名,اسم,没有道理拒绝 (méiyǒu dàolǐ jùjué) | 毫无道理 (háowú dàolǐ) | 有什么道理 (yǒu shénme dàolǐ),他没有道理拒绝这个建议。,Tā méiyǒu dàolǐ jùjué zhège jiànyì.,او دلیل موجهی برای رد این پیشنهاد نداره.,
238,到期,dàoqī,HSK 5,动,1,到达规定的期限或有效期（动）,به پایان مهلت رسیدن؛ منقضی شدن (فعل),动,فعل,合同到期 (hétong dàoqī) | 签证到期 (qiānzhèng dàoqī) | 即将到期 (jíjiāng dàoqī) | 到期续签 (dàoqī xùqiān),我的签证下个月到期。,Wǒ de qiānzhèng xià ge yuè dàoqī.,ویزای من ماه آینده منقضی می‌شه.,
239,导演,dǎoyǎn,HSK 5,名/动,1,负责指导电影、戏剧等作品创作和表演的人（名）,کارگردان (اسم),名,اسم,电影导演 (diànyǐng dǎoyǎn) | 电视剧导演 (diànshìjù dǎoyǎn) | 著名导演 (zhùmíng dǎoyǎn),他是一位著名的电影导演。,Tā shì yí wèi zhùmíng de diànyǐng dǎoyǎn.,او کارگردان مشهور سینماست.,
239,导演,dǎoyǎn,HSK 5,名/动,2,指导电影、戏剧等作品的创作和表演（动）,کارگردانی کردن (فعل),动,فعل,导演电影 (dǎoyǎn diànyǐng) | 导演话剧 (dǎoyǎn huàjù) | 导演电视剧 (dǎoyǎn diànshìjù),这部电影是他导演的。,Zhè bù diànyǐng shì tā dǎoyǎn de.,این فیلم رو اون کارگردانی کرده.,
239,导演,dǎoyǎn,HSK 5,名/动,3,策划、操纵某个事件，多用于不好的事情（比喻）（动）,صحنه‌گردانی یا طراحی کردن (استعاری) (فعل),动,فعل,导演骗局 (dǎoyǎn piànjú) | 导演闹剧 (dǎoyǎn nàojù) | 一手导演 (yìshǒu dǎoyǎn),这场骗局是他一手导演的。,Zhè chǎng piànjú shì tā yìshǒu dǎoyǎn de.,این کلاهبرداری رو خودش صحنه‌گردانی کرده بود.,
240,导致,dǎozhì,HSK 5,动,1,引起某种结果，多指不好的结果（动）,منجر شدن به؛ موجب شدن (فعل),动,فعل,导致失败 (dǎozhì shībài) | 导致事故 (dǎozhì shìgù) | 导致问题 (dǎozhì wèntí) | 导致严重后果 (dǎozhì yánzhòng hòuguǒ),他的错误导致了严重的后果。,Tā de cuòwù dǎozhì le yánzhòng de hòuguǒ.,اشتباهش پیامدهای جدی‌ای به دنبال داشت.,
241,大批,dàpī,HSK 5,数量,1,数量很多的一批（数量）,تعداد زیادی؛ حجم زیادی (عبارت کمّی),数量,عبارت کمّی,大批游客 (dàpī yóukè) | 大批商品 (dàpī shāngpǐn) | 大批人才 (dàpī réncái) | 大批资金 (dàpī zījīn),大批游客来到这里。,Dàpī yóukè láidào zhèlǐ.,تعداد زیادی گردشگر به اینجا اومدن.,
242,打破,dǎpò,HSK 5,动,1,使玻璃等物体破裂（动）,شکستن؛ ترکاندن (فعل),动,فعل,打破玻璃 (dǎpò bōli) | 打破玻璃窗 (dǎpò bōlichuāng) | 被球打破 (bèi qiú dǎpò),足球打破了窗户玻璃。,Zúqiú dǎpò le chuānghu bōli.,توپ فوتبال شیشهٔ پنجره رو شکست.,
242,打破,dǎpò,HSK 5,动,2,突破或改变原有的状态、限制、纪录等（动）,شکستن؛ برهم‌زدن (فعل),动,فعل,打破纪录 (dǎpò jìlù) | 打破传统 (dǎpò chuántǒng) | 打破沉默 (dǎpò chénmò) | 打破平衡 (dǎpò pínghéng),他打破了世界纪录。,Tā dǎpò le shìjiè jìlù.,او رکورد جهانی رو شکست.,
243,大厦,dàshà,HSK 5,名,1,高大或规模较大的现代建筑物（名）,ساختمان بزرگ؛ برج (اسم),名,اسم,办公大厦 (bàngōng dàshà) | 商业大厦 (shāngyè dàshà) | 一座大厦 (yí zuò dàshà),公司位于这座大厦的十楼。,Gōngsī wèiyú zhè zuò dàshà de shí lóu.,شرکت در طبقهٔ دهم این ساختمونه.,
244,大事,dàshì,HSK 5,名,1,重要或影响较大的事情（名）,کار یا رویداد مهم (اسم),名,اسم,国家大事 (guójiā dàshì) | 人生大事 (rénshēng dàshì) | 办大事 (bàn dàshì) | 发生大事 (fāshēng dàshì),结婚是人生中的一件大事。,Jiéhūn shì rénshēng zhōng de yí jiàn dàshì.,ازدواج یکی از اتفاق‌های مهم زندگیه.,
245,打听,dǎting,HSK 5,动,1,向别人询问消息或情况（动）,پرس‌وجو کردن (فعل),动,فعل,打听消息 (dǎting xiāoxi) | 四处打听 (sìchù dǎting) | 打听情况 (dǎting qíngkuàng) | 向朋友打听 (xiàng péngyou dǎting),我想向你打听一个人。,Wǒ xiǎng xiàng nǐ dǎting yí ge rén.,می‌خوام دربارهٔ یک نفر ازت پرس‌وجو کنم.,
246,大象,dàxiàng,HSK 5,名,1,体形巨大、鼻子很长的哺乳动物（名）,فیل (اسم),名,اسم,一头大象 (yì tóu dàxiàng) | 非洲大象 (Fēizhōu dàxiàng) | 亚洲大象 (Yàzhōu dàxiàng),孩子们在动物园看到了大象。,Háizimen zài dòngwùyuán kàndào le dàxiàng.,بچه‌ها توی باغ‌وحش فیل دیدن.,
247,大型,dàxíng,HSK 5,形,1,规模、体积或范围较大的（形）,بزرگ؛ بزرگ‌مقیاس (صفت),形,صفت,大型企业 (dàxíng qǐyè) | 大型活动 (dàxíng huódòng) | 大型设备 (dàxíng shèbèi) | 大型项目 (dàxíng xiàngmù),这是一家大型汽车企业。,Zhè shì yì jiā dàxíng qìchē qǐyè.,این یک شرکت بزرگ خودروسازیه.,
248,大爷,dàye,HSK 5,名,1,对年长男子的口语尊称（口语）（名）,آقای مسن؛ خطاب محترمانه به مردی سالخورده (محاوره‌ای) (اسم),名,اسم,一位大爷 (yí wèi dàye) | 邻居大爷 (línjū dàye) | 热心的大爷 (rèxīn de dàye),那位大爷每天都来这里散步。,Nà wèi dàye měitiān dōu lái zhèlǐ sànbù.,اون آقای مسن هر روز برای پیاده‌روی به اینجا میاد.,
248,大爷,dàye,HSK 5,名,2,父亲的哥哥（部分地区）（名）,برادر بزرگ‌تر پدر؛ عموی بزرگ‌تر (منطقه‌ای) (اسم),名,اسم,我大爷 (wǒ dàye) | 去大爷家 (qù dàye jiā) | 大爷和大妈 (dàye hé dàmā),我大爷住在北京。,Wǒ dàye zhù zài Běijīng.,عموی بزرگ‌ترم در پکن زندگی می‌کنه.,
249,大于,dàyú,HSK 5,动,1,数量或数值比另一个更大（动）,بزرگ‌تر یا بیشتر از بودن (فعل),动,فعل,大于十 (dàyú shí) | 大于零 (dàyú líng) | 大于总数的一半 (dàyú zǒngshù de yíbàn),这个数字大于一百。,Zhège shùzì dàyú yìbǎi.,این عدد از صد بزرگ‌تره.,
250,大众,dàzhòng,HSK 5,名,1,社会上的多数普通人（名）,عموم مردم؛ مردم عادی (اسم),名,اسم,社会大众 (shèhuì dàzhòng) | 面向大众 (miànxiàng dàzhòng) | 大众需求 (dàzhòng xūqiú) | 服务大众 (fúwù dàzhòng),这个产品很受大众欢迎。,Zhège chǎnpǐn hěn shòu dàzhòng huānyíng.,این محصول بین مردم خیلی محبوبه.,
251,登,dēng,HSK 5,动,1,由低处向高处攀登（动）,بالا رفتن؛ صعود کردن (فعل),动,فعل,登泰山 (dēng Tài Shān) | 登长城 (dēng Chángchéng) | 登上山顶 (dēng shàng shāndǐng),我们终于登上了山顶。,Wǒmen zhōngyú dēng shàng le shāndǐng.,بالاخره به قله رسیدیم.,
251,登,dēng,HSK 5,动,2,登上船、飞机等交通工具（动）,سوار کشتی یا هواپیما شدن (فعل),动,فعل,登上飞机 (dēng shàng fēijī) | 登上轮船 (dēng shàng lúnchuán) | 准备登船 (zhǔnbèi dēng chuán),乘客正在排队登上飞机。,Chéngkè zhèngzài páiduì dēng shàng fēijī.,مسافرها در صف سوارشدن به هواپیما هستن.,
251,登,dēng,HSK 5,动,3,把文字、图片或广告等刊载在媒体上（动）,در رسانه چاپ یا منتشر کردن (فعل),动,فعل,登广告 (dēng guǎnggào) | 登照片 (dēng zhàopiàn) | 登在报纸上 (dēng zài bàozhǐ shàng),这条消息已经登在报纸上了。,Zhè tiáo xiāoxi yǐjīng dēng zài bàozhǐ shàng le.,این خبر در روزنامه چاپ شده.,
252,等待,děngdài,HSK 5,动,1,等着所期望的人、事物或情况出现（动）,منتظر ماندن؛ انتظار کشیدن (فعل),动,فعل,耐心等待 (nàixīn děngdài) | 等待机会 (děngdài jīhuì) | 等待结果 (děngdài jiéguǒ) | 等待回复 (děngdài huífù),请耐心等待结果。,Qǐng nàixīn děngdài jiéguǒ.,لطفاً با حوصله منتظر نتیجه بمونید.,
253,灯光,dēngguāng,HSK 5,名,1,灯发出的光；也指为照明或舞台效果设置的光线（名）,نور چراغ؛ نورپردازی (اسم),名,اسم,舞台灯光 (wǔtái dēngguāng) | 灯光效果 (dēngguāng xiàoguǒ) | 柔和的灯光 (róuhé de dēngguāng) | 调整灯光 (tiáozhěng dēngguāng),房间里的灯光很柔和。,Fángjiān lǐ de dēngguāng hěn róuhé.,نور اتاق خیلی ملایمه.,
254,等候,děnghòu,HSK 5,动,1,等待某人或某事，语气较正式（较正式）（动）,منتظر ماندن (رسمی) (فعل),动,فعل,等候通知 (děnghòu tōngzhī) | 等候客人 (děnghòu kèrén) | 在门外等候 (zài mén wài děnghòu) | 静静等候 (jìngjìng děnghòu),请在大厅等候。,Qǐng zài dàtīng děnghòu.,لطفاً در سالن منتظر بمونید.,
255,登记,dēngjì,HSK 5,动/名,1,把有关信息记入册子、表格或系统中（动）,اطلاعات را ثبت کردن (فعل),动,فعل,登记信息 (dēngjì xìnxī) | 登记姓名 (dēngjì xìngmíng) | 登记入住 (dēngjì rùzhù) | 登记车辆 (dēngjì chēliàng),请先登记您的个人信息。,Qǐng xiān dēngjì nín de gèrén xìnxī.,لطفاً اول اطلاعات شخصیتون رو ثبت کنید.,
255,登记,dēngjì,HSK 5,动/名,2,登记信息所需的手续或程序（名）,ثبت؛ مراحل ثبت اطلاعات (اسم),名,اسم,办理登记 (bànlǐ dēngjì) | 结婚登记 (jiéhūn dēngjì) | 车辆登记 (chēliàng dēngjì) | 入住登记 (rùzhù dēngjì),他们今天去办理结婚登记。,Tāmen jīntiān qù bànlǐ jiéhūn dēngjì.,اون‌ها امروز برای ثبت رسمی ازدواجشون رفتن.,
256,登录,dēnglù,HSK 5,动,1,输入账号等信息进入网站、系统或应用程序（动）,وارد حساب یا سامانه شدن؛ لاگین کردن (فعل),动,فعل,登录账号 (dēnglù zhànghào) | 登录系统 (dēnglù xìtǒng) | 无法登录 (wúfǎ dēnglù) | 重新登录 (chóngxīn dēnglù),请先登录您的账号。,Qǐng xiān dēnglù nín de zhànghào.,لطفاً اول وارد حسابتون بشید.,
257,等于,děngyú,HSK 5,动,1,数量或数值与另一个相等（动）,برابر یا مساوی بودن با (فعل),动,فعل,等于十 (děngyú shí) | 等于零 (děngyú líng) | 两数相加等于十 (liǎng shù xiāngjiā děngyú shí),五加五等于十。,Wǔ jiā wǔ děngyú shí.,پنج به‌علاوهٔ پنج می‌شه ده.,
257,等于,děngyú,HSK 5,动,2,实际意义或结果相当于另一种情况（动）,معادل یا در حکم چیزی بودن (فعل),动,فعل,等于放弃 (děngyú fàngqì) | 等于承认 (děngyú chéngrèn) | 等于白费力气 (děngyú báifèi lìqi),现在放弃就等于失败。,Xiànzài fàngqì jiù děngyú shībài.,الان تسلیم‌شدن در حکم شکسته.,
258,递,dì,HSK 5,动,1,用手把东西交给别人；也指提交文件等（动）,به دست کسی دادن؛ تحویل دادن (فعل),动,فعل,递给我 (dì gěi wǒ) | 递文件 (dì wénjiàn) | 递名片 (dì míngpiàn) | 递申请材料 (dì shēnqǐng cáiliào),请把那份文件递给我。,Qǐng bǎ nà fèn wénjiàn dì gěi wǒ.,لطفاً اون سند رو به من بدید.,
259,电池,diànchí,HSK 5,名,1,把化学能、光能等转化为电能的装置（名）,باتری (اسم),名,اسم,可充电电池 (kě chōngdiàn diànchí) | 手机电池 (shǒujī diànchí) | 更换电池 (gēnghuàn diànchí) | 电池没电 (diànchí méi diàn),手机电池快没电了。,Shǒujī diànchí kuài méi diàn le.,شارژ باتری گوشی داره تموم می‌شه.,
260,电动,diàndòng,HSK 5,形,1,以电力作为动力的（形）,برقی؛ با نیروی برق (صفت),形,صفت,电动车 (diàndòngchē) | 电动汽车 (diàndòng qìchē) | 电动工具 (diàndòng gōngjù) | 电动牙刷 (diàndòng yáshuā),现在越来越多的人购买电动汽车。,Xiànzài yuèláiyuè duō de rén gòumǎi diàndòng qìchē.,الان افراد بیشتری خودرو برقی می‌خرن.,
261,电器,diànqì,HSK 5,名,1,利用电能工作的设备或器具（名）,وسیله یا دستگاه برقی (اسم),名,اسم,家用电器 (jiāyòng diànqì) | 电器产品 (diànqì chǎnpǐn) | 维修电器 (wéixiū diànqì) | 购买电器 (gòumǎi diànqì),这家商店主要卖家用电器。,Zhè jiā shāngdiàn zhǔyào mài jiāyòng diànqì.,این فروشگاه بیشتر لوازم برقی خانگی می‌فروشه.,
262,电商,diànshāng,HSK 5,名,1,通过互联网进行的商业活动；电子商务的简称（名）,تجارت الکترونیک؛ تجارت آنلاین (اسم),名,اسم,发展电商 (fāzhǎn diànshāng) | 跨境电商 (kuàjìng diànshāng) | 电商行业 (diànshāng hángyè) | 电商平台 (diànshāng píngtái),跨境电商发展得很快。,Kuàjìng diànshāng fāzhǎn de hěn kuài.,تجارت آنلاین فرامرزی خیلی سریع داره رشد می‌کنه.,
262,电商,diànshāng,HSK 5,名,2,从事电子商务的企业、平台或经营者（名）,شرکت، پلتفرم یا فروشندهٔ آنلاین (اسم),名,اسم,大型电商 (dàxíng diànshāng) | 国内电商 (guónèi diànshāng) | 知名电商 (zhīmíng diànshāng),这家电商主要销售电子产品。,Zhè jiā diànshāng zhǔyào xiāoshòu diànzǐ chǎnpǐn.,این فروشگاه آنلاین بیشتر محصولات الکترونیکی می‌فروشه.,
263,电视台,diànshìtái,HSK 5,名,1,制作并播送电视节目的机构（名）,شبکه یا سازمان تلویزیونی (اسم),名,اسم,地方电视台 (dìfāng diànshìtái) | 国家电视台 (guójiā diànshìtái) | 在电视台工作 (zài diànshìtái gōngzuò),他在电视台工作。,Tā zài diànshìtái gōngzuò.,او در یک شبکهٔ تلویزیونی کار می‌کنه.,
264,点心,diǎnxin,HSK 5,名,1,正餐以外吃的糕点或少量食品（名）,شیرینی؛ میان‌وعدهٔ سبک (اسم),名,اسم,吃点心 (chī diǎnxin) | 中式点心 (zhōngshì diǎnxin) | 一份点心 (yí fèn diǎnxin) | 准备点心 (zhǔnbèi diǎnxin),下午我们吃了一些点心。,Xiàwǔ wǒmen chī le yìxiē diǎnxin.,بعدازظهر یک‌مقدار شیرینی و خوراکی سبک خوردیم.,
265,点赞,diǎnzàn,HSK 5,动,1,在网络平台上点击按钮表示喜欢、赞同或支持（动）,در فضای مجازی لایک کردن (فعل),动,فعل,给视频点赞 (gěi shìpín diǎnzàn) | 给评论点赞 (gěi pínglùn diǎnzàn) | 点赞支持他 (diǎnzàn zhīchí tā) | 请大家点赞 (qǐng dàjiā diǎnzàn),如果你喜欢这个视频，请点赞。,"Rúguǒ nǐ xǐhuan zhège shìpín, qǐng diǎnzàn.",اگه این ویدئو رو دوست داری، لطفاً لایکش کن.,
266,电子版,diànzǐbǎn,HSK 5,名,1,以电子文件形式存在的版本，与纸质版相对（名）,نسخهٔ الکترونیکی؛ نسخهٔ دیجیتال (اسم),名,اسم,文件的电子版 (wénjiàn de diànzǐbǎn) | 合同电子版 (hétong diànzǐbǎn) | 提供电子版 (tígōng diànzǐbǎn) | 下载电子版 (xiàzài diànzǐbǎn),请把合同的电子版发给我。,Qǐng bǎ hétong de diànzǐbǎn fā gěi wǒ.,لطفاً نسخهٔ الکترونیکی قرارداد رو برام بفرستید.,
267,调,tiáo,HSK 5,动/名,1,调整高低、大小、快慢等，使其合适（动）,تنظیم کردن (فعل),动,فعل,调温度 (tiáo wēndù) | 调音量 (tiáo yīnliàng) | 调时间 (tiáo shíjiān) | 调低一点儿 (tiáo dī yìdiǎnr),请把空调温度调低一点儿。,Qǐng bǎ kōngtiáo wēndù tiáo dī yìdiǎnr.,لطفاً دمای کولر رو یک‌کم پایین‌تر تنظیم کنید.,
267,调,tiáo,HSK 5,动/名,2,把不同材料混合、配制成所需的东西（动）,مخلوط یا آماده کردن (فعل),动,فعل,调颜色 (tiáo yánsè) | 调酱汁 (tiáo jiàngzhī) | 调一杯酒 (tiáo yì bēi jiǔ) | 调得均匀 (tiáo de jūnyún),请帮我调一杯不太甜的饮料。,Qǐng bāng wǒ tiáo yì bēi bú tài tián de yǐnliào.,لطفاً یک نوشیدنی نه‌چندان شیرین برام درست کنید.,
267,调,diào,HSK 5,动/名,3,改变人员的工作、职务或所在地点（动）,فردی را به کار یا محل دیگری منتقل کردن (فعل),动,فعل,调到北京 (diào dào Běijīng) | 调去外地 (diào qù wàidì) | 调他去总部 (diào tā qù zǒngbù) | 从外地调来 (cóng wàidì diào lái),他被调到上海工作了。,Tā bèi diào dào Shànghǎi gōngzuò le.,او برای کار به شانگهای منتقل شد.,
267,调,diào,HSK 5,动/名,4,查取或提取档案、资料、录像等（动）,مدرک، پرونده یا اطلاعاتی را بازیابی کردن (فعل),动,فعل,调档案 (diào dàng'àn) | 调资料 (diào zīliào) | 调监控录像 (diào jiānkòng lùxiàng),警方正在调附近的监控录像。,Jǐngfāng zhèngzài diào fùjìn de jiānkòng lùxiàng.,پلیس داره تصاویر دوربین‌های اطراف رو بررسی و بازیابی می‌کنه.,
267,调,diào,HSK 5,动/名,5,音乐中音高的组织方式或歌曲的音高范围（名）,گام یا محدودهٔ صوتی موسیقی (اسم),名,اسم,这个调太高 (zhège diào tài gāo) | 换一个调 (huàn yí ge diào) | 降低一个调 (jiàngdī yí ge diào),这个调太高了，我唱不上去。,"Zhège diào tài gāo le, wǒ chàng bu shàngqù.",این گام برای من خیلی بالاست و نمی‌تونم بخونمش.,
268,调研,diàoyán,HSK 5,动/名,1,通过调查和研究了解实际情况（动）,تحقیق و بررسی کردن (فعل),动,فعل,调研市场 (diàoyán shìchǎng) | 深入调研 (shēnrù diàoyán) | 到当地调研 (dào dāngdì diàoyán),我们正在调研当地汽车市场。,Wǒmen zhèngzài diàoyán dāngdì qìchē shìchǎng.,ما داریم بازار خودروی محلی رو بررسی می‌کنیم.,
268,调研,diàoyán,HSK 5,动/名,2,为了解实际情况而进行的调查研究（名）,تحقیق و بررسی؛ پژوهش میدانی (اسم),名,اسم,市场调研 (shìchǎng diàoyán) | 实地调研 (shídì diàoyán) | 开展调研 (kāizhǎn diàoyán) | 调研报告 (diàoyán bàogào),市场调研需要大量数据。,Shìchǎng diàoyán xūyào dàliàng shùjù.,تحقیقات بازار به داده‌های زیادی نیاز داره.,
269,地理,dìlǐ,HSK 5,名,1,研究地球自然和人文现象的学科；也指一个地区的位置和环境特点（名）,جغرافیا؛ ویژگی‌های جغرافیایی (اسم),名,اسم,学习地理 (xuéxí dìlǐ) | 地理知识 (dìlǐ zhīshi) | 地理位置 (dìlǐ wèizhì) | 地理环境 (dìlǐ huánjìng),这个城市的地理位置非常重要。,Zhège chéngshì de dìlǐ wèizhì fēicháng zhòngyào.,موقعیت جغرافیایی این شهر خیلی مهمه.,
270,地面,dìmiàn,HSK 5,名,1,土地或室内地板的表面（名）,سطح زمین؛ کف (اسم),名,اسم,地面停车场 (dìmiàn tíngchēchǎng) | 地面湿了 (dìmiàn shī le) | 离开地面 (líkāi dìmiàn) | 清洁地面 (qīngjié dìmiàn),下雨以后地面很湿。,Xiàyǔ yǐhòu dìmiàn hěn shī.,بعد از بارون زمین خیلی خیسه.,
271,定期,dìngqī,HSK 5,形/副,1,按照固定的时间间隔反复进行（形/副）,دوره‌ای؛ به‌طور منظم (صفت/قید),形/副,صفت/قید,定期检查 (dìngqī jiǎnchá) | 定期会议 (dìngqī huìyì) | 定期更新 (dìngqī gēngxīn) | 定期联系 (dìngqī liánxì),汽车需要定期检查。,Qìchē xūyào dìngqī jiǎnchá.,خودرو باید به‌طور دوره‌ای بررسی بشه.,
271,定期,dìngqī,HSK 5,形/副,2,预先规定期限的（形）,مدت‌دار؛ دارای مهلت مشخص (صفت),形,صفت,定期存款 (dìngqī cúnkuǎn) | 定期合同 (dìngqī hétong) | 定期保险 (dìngqī bǎoxiǎn),定期存款的利率通常更高。,Dìngqī cúnkuǎn de lìlǜ tōngcháng gèng gāo.,سود سپردهٔ مدت‌دار معمولاً بیشتره.,
272,地区,dìqū,HSK 5,名,1,较大范围的地方或具有共同特点的区域（名）,منطقه؛ ناحیه (اسم),名,اسم,不同地区 (bùtóng dìqū) | 中东地区 (Zhōngdōng dìqū) | 发达地区 (fādá dìqū) | 沿海地区 (yánhǎi dìqū),不同地区的文化有所不同。,Bùtóng dìqū de wénhuà yǒusuǒ bùtóng.,فرهنگ مناطق مختلف با هم فرق داره.,
273,的确,díquè,HSK 5,副,1,表示对事实的肯定；确实（副）,واقعاً؛ حقیقتاً (قید),副,قید,的确如此 (díquè rúcǐ) | 的确很难 (díquè hěn nán) | 的确存在 (díquè cúnzài),这个问题的确很复杂。,Zhège wèntí díquè hěn fùzá.,این مسئله واقعاً پیچیده‌ست.,
274,敌人,dírén,HSK 5,名,1,与自己敌对的人、集团或势力（名）,دشمن؛ نیروی متخاصم (اسم),名,اسم,共同的敌人 (gòngtóng de dírén) | 面对敌人 (miànduì dírén) | 战胜敌人 (zhànshèng dírén) | 抵抗敌人 (dǐkàng dírén),他们面对着共同的敌人。,Tāmen miànduì zhe gòngtóng de dírén.,اون‌ها با یک دشمن مشترک روبه‌رو بودن.,
275,低头,dītóu,HSK 5,动,1,把头向下低（动）,سر را پایین انداختن (فعل),动,فعل,低头看手机 (dītóu kàn shǒujī) | 低头走路 (dītóu zǒulù) | 默默低头 (mòmò dītóu),他低头看着手机。,Tā dītóu kàn zhe shǒujī.,سرش رو پایین انداخته بود و به گوشی نگاه می‌کرد.,
275,低头,dītóu,HSK 5,动,2,屈服、认输或让步（比喻）（动）,تسلیم یا کوتاه آمدن (استعاری) (فعل),动,فعل,向困难低头 (xiàng kùnnan dītóu) | 绝不低头 (juébù dītóu) | 被迫低头 (bèipò dītóu),他从不向困难低头。,Tā cóngbù xiàng kùnnan dītóu.,اون هیچ‌وقت در برابر مشکلات تسلیم نمی‌شه.,
276,丢失,diūshī,HSK 5,动,1,遗失或失去原来拥有的物品（动）,گم‌کردن؛ گم‌شدن (فعل),动,فعل,丢失护照 (diūshī hùzhào) | 文件丢失 (wénjiàn diūshī) | 行李丢失 (xíngli diūshī) | 防止丢失 (fángzhǐ diūshī),他的护照在旅行中丢失了。,Tā de hùzhào zài lǚxíng zhōng diūshī le.,گذرنامه‌اش در طول سفر گم شد.,
277,地位,dìwèi,HSK 5,名,1,人或团体在社会或组织中所处的位置和身份（名）,جایگاه اجتماعی یا سازمانی (اسم),名,اسم,社会地位 (shèhuì dìwèi) | 国际地位 (guójì dìwèi) | 提高地位 (tígāo dìwèi) | 地位平等 (dìwèi píngděng),女性的社会地位不断提高。,Nǚxìng de shèhuì dìwèi búduàn tígāo.,جایگاه اجتماعی زنان مدام در حال بهترشدنه.,
277,地位,dìwèi,HSK 5,名,2,事物在某个领域中的重要性或影响力（名）,اهمیت؛ جایگاه در یک حوزه (اسم),名,اسم,重要地位 (zhòngyào dìwèi) | 占据重要地位 (zhànjù zhòngyào dìwèi) | 领先地位 (lǐngxiān dìwèi),汽车产业在经济中占据重要地位。,Qìchē chǎnyè zài jīngjì zhōng zhànjù zhòngyào dìwèi.,صنعت خودرو در اقتصاد جایگاه مهمی داره.,
278,地下,dìxià,HSK 5,名/形,1,地面以下的地方；位于地面以下的（名/形）,زیر زمین؛ زیرزمینی (اسم/صفت),名/形,اسم/صفت,在地下 (zài dìxià) | 地下三米 (dìxià sān mǐ) | 地下通道 (dìxià tōngdào) | 地下空间 (dìxià kōngjiān),停车场在地下。,Tíngchēchǎng zài dìxià.,پارکینگ زیر زمینه.,
278,地下,dìxià,HSK 5,名/形,2,秘密进行、不公开或不合法的（较正式）（形）,مخفی؛ زیرزمینی؛ غیرعلنی (رسمی) (صفت),形,صفت,地下活动 (dìxià huódòng) | 地下组织 (dìxià zǔzhī) | 地下工作 (dìxià gōngzuò),这个组织曾长期从事地下活动。,Zhège zǔzhī céng chángqī cóngshì dìxià huódòng.,این سازمان مدت زیادی فعالیت مخفیانه داشت.,
279,地震,dìzhèn,HSK 5,名,1,地壳运动引起的地面震动（名）,زلزله؛ زمین‌لرزه (اسم),名,اسم,发生地震 (fāshēng dìzhèn) | 强烈地震 (qiángliè dìzhèn) | 地震灾害 (dìzhèn zāihài) | 地震预警 (dìzhèn yùjǐng),这个地区发生了强烈地震。,Zhège dìqū fāshēng le qiángliè dìzhèn.,در این منطقه زلزلهٔ شدیدی رخ داد.,
280,冻,dòng,HSK 5,动,1,液体因温度降低而凝固（动）,یخ‌زدن؛ منجمدشدن (فعل),动,فعل,水冻了 (shuǐ dòng le) | 冻成冰 (dòng chéng bīng) | 完全冻住 (wánquán dòngzhù),外面的水已经冻成冰了。,Wàimiàn de shuǐ yǐjīng dòng chéng bīng le.,آب بیرون کاملاً یخ زده.,
280,冻,dòng,HSK 5,动,2,使食物等因低温而冷冻（动）,منجمدکردن؛ در فریزر گذاشتن (فعل),动,فعل,冻一些肉 (dòng yìxiē ròu) | 把饺子冻上 (bǎ jiǎozi dòng shàng) | 放进冰箱冻 (fàng jìn bīngxiāng dòng),把这些肉冻起来吧。,Bǎ zhèxiē ròu dòng qǐlai ba.,این گوشت‌ها رو بذار توی فریزر.,
280,冻,dòng,HSK 5,动,3,因寒冷而感到很冷或受到伤害（动）,از سرما یخ‌کردن یا آسیب‌دیدن (فعل),动,فعل,冻得发抖 (dòng de fādǒu) | 手冻红了 (shǒu dòng hóng le) | 在外面冻了一夜 (zài wàimiàn dòng le yí yè),我在外面冻得发抖。,Wǒ zài wàimiàn dòng de fādǒu.,بیرون از شدت سرما می‌لرزیدم.,
281,洞,dòng,HSK 5,名,1,物体上穿通或凹进去的孔（名）,سوراخ؛ حفره (اسم),名,اسم,一个洞 (yí ge dòng) | 墙上的洞 (qiáng shàng de dòng) | 挖一个洞 (wā yí ge dòng) | 把洞堵上 (bǎ dòng dǔ shàng),墙上有一个洞。,Qiáng shàng yǒu yí ge dòng.,روی دیوار یک سوراخ هست.,
281,洞,dòng,HSK 5,名,2,山体、地下等自然形成的内部空间（名）,غار (اسم),名,اسم,洞里很暗 (dòng lǐ hěn àn) | 进入洞内 (jìnrù dòng nèi) | 洞很深 (dòng hěn shēn),山脚下有一个很深的洞。,Shānjiǎo xià yǒu yí ge hěn shēn de dòng.,پای کوه یک غار عمیق هست.,
282,动画,dònghuà,HSK 5,名,1,通过连续画面产生动态效果的艺术或影像形式（名）,انیمیشن؛ پویانمایی (اسم),名,اسم,制作动画 (zhìzuò dònghuà) | 电脑动画 (diànnǎo dònghuà) | 一部动画 (yí bù dònghuà) | 看动画 (kàn dònghuà),孩子们很喜欢看这部动画。,Háizimen hěn xǐhuan kàn zhè bù dònghuà.,بچه‌ها خیلی دوست دارن این انیمیشن رو ببینن.,
283,动人,dòngrén,HSK 5,形,1,能打动人，使人产生强烈感情（形）,تأثیرگذار؛ احساس‌برانگیز (صفت),形,صفت,动人的故事 (dòngrén de gùshi) | 动人的歌声 (dòngrén de gēshēng) | 十分动人 (shífēn dòngrén) | 情节动人 (qíngjié dòngrén),这是一个非常动人的故事。,Zhè shì yí ge fēicháng dòngrén de gùshi.,این داستان خیلی احساس‌برانگیزه.,
284,动手,dòngshǒu,HSK 5,动,1,亲自开始做某件事情（动）,دست‌به‌کار شدن؛ شخصاً انجام دادن (فعل),动,فعل,自己动手 (zìjǐ dòngshǒu) | 动手制作 (dòngshǒu zhìzuò) | 亲自动手 (qīnzì dòngshǒu) | 马上动手 (mǎshàng dòngshǒu),我们自己动手做晚饭吧。,Wǒmen zìjǐ dòngshǒu zuò wǎnfàn ba.,بیاید خودمون دست‌به‌کار بشیم و شام درست کنیم.,
284,动手,dòngshǒu,HSK 5,动,2,出手打人或使用武力（动）,دست روی کسی بلند کردن؛ درگیر شدن (فعل),动,فعل,先动手 (xiān dòngshǒu) | 动手打人 (dòngshǒu dǎ rén) | 别轻易动手 (bié qīngyì dòngshǒu),有话好好说，别动手。,"Yǒu huà hǎohāo shuō, bié dòngshǒu.",اگه حرفی هست آروم بگید؛ درگیر نشید.,
285,豆腐,dòufu,HSK 5,名,1,用大豆加工制成的一种食品（名）,توفو؛ پنیر سویا (اسم),名,اسم,一块豆腐 (yí kuài dòufu) | 买豆腐 (mǎi dòufu) | 新鲜豆腐 (xīnxiān dòufu) | 炒豆腐 (chǎo dòufu),我买了一块新鲜豆腐。,Wǒ mǎi le yí kuài xīnxiān dòufu.,یک تکه توفوی تازه خریدم.,
286,豆浆,dòujiāng,HSK 5,名,1,用大豆磨碎、加水后制成的饮料（名）,شیر سویا (اسم),名,اسم,喝豆浆 (hē dòujiāng) | 一杯豆浆 (yì bēi dòujiāng) | 热豆浆 (rè dòujiāng) | 自制豆浆 (zìzhì dòujiāng),我早餐喝了一杯豆浆。,Wǒ zǎocān hē le yì bēi dòujiāng.,برای صبحانه یک لیوان شیر سویا خوردم.,
287,度,dù,HSK 5,量/名/动,1,计量角度、温度等的单位（量）,درجه؛ واحد اندازه‌گیری زاویه یا دما (واحد شمارش),量,واحد شمارش,三十度 (sānshí dù) | 九十度 (jiǔshí dù) | 零下五度 (língxià wǔ dù),今天的气温是三十度。,Jīntiān de qìwēn shì sānshí dù.,دمای امروز سی درجه‌ست.,
287,度,dù,HSK 5,量/名/动,2,程度或限度（名）,حد؛ اندازه (اسم),名,اسم,凡事有度 (fánshì yǒu dù) | 掌握好度 (zhǎngwò hǎo dù) | 控制好度 (kòngzhì hǎo dù),做任何事情都应该有个度。,Zuò rènhé shìqing dōu yīnggāi yǒu ge dù.,در هر کاری باید حد و اندازه رو نگه داشت.,
287,度,dù,HSK 5,量/名/动,3,度过一段时间（较正式）（动）,مدتی را گذراندن (رسمی) (فعل),动,فعل,度了三年 (dù le sān nián) | 度一个长假 (dù yí ge chángjià) | 与家人度周末 (yǔ jiārén dù zhōumò),他在海边度了一个愉快的假期。,Tā zài hǎibiān dù le yí ge yúkuài de jiàqī.,او تعطیلات خوشی رو کنار دریا گذروند.,
288,堵,dǔ,HSK 5,动/量,1,阻塞道路、出口或孔洞，使其不能通过（动）,مسدود یا بسته کردن (فعل),动,فعل,堵住出口 (dǔzhù chūkǒu) | 堵住道路 (dǔzhù dàolù) | 把洞堵上 (bǎ dòng dǔ shàng),一辆卡车堵住了道路。,Yí liàng kǎchē dǔzhù le dàolù.,یک کامیون جاده رو مسدود کرده.,
288,堵,dǔ,HSK 5,动/量,2,因阻塞而不能顺利通过或流动（动）,گرفته یا مسدود شدن (فعل),动,فعل,下水道堵了 (xiàshuǐdào dǔ le) | 路堵了 (lù dǔ le) | 鼻子堵了 (bízi dǔ le),下水道又堵了。,Xiàshuǐdào yòu dǔ le.,لولهٔ فاضلاب دوباره گرفته.,
288,堵,dǔ,HSK 5,动/量,3,用于计算墙（量）,واحد شمارش دیوار (واحد شمارش),量,واحد شمارش,一堵墙 (yì dǔ qiáng) | 两堵墙 (liǎng dǔ qiáng) | 一堵高墙 (yì dǔ gāo qiáng),前面有一堵高墙。,Qiánmiàn yǒu yì dǔ gāo qiáng.,جلو یک دیوار بلند هست.,
289,断,duàn,HSK 5,动,1,长条形的东西从中间分开（动）,پاره یا شکسته شدن (فعل),动,فعل,绳子断了 (shéngzi duàn le) | 电线断了 (diànxiàn duàn le) | 断成两段 (duàn chéng liǎng duàn),这根绳子突然断了。,Zhè gēn shéngzi tūrán duàn le.,این طناب ناگهان پاره شد.,
289,断,duàn,HSK 5,动,2,使联系、供应或信号等停止；也指其自行中断（动）,ارتباط، جریان یا تأمین را قطع کردن یا قطع شدن (فعل),动,فعل,这里断了电 (zhèlǐ duàn le diàn) | 突然断了水 (tūrán duàn le shuǐ) | 信号断了 (xìnhào duàn le) | 联系断了 (liánxì duàn le),昨天晚上这里突然断了电。,Zuótiān wǎnshang zhèlǐ tūrán duàn le diàn.,دیشب برق اینجا ناگهان قطع شد.,
290,短处,duǎnchù,HSK 5,名,1,缺点或不如别人的方面（名）,نقطه‌ضعف؛ عیب (اسم),名,اسم,自己的短处 (zìjǐ de duǎnchù) | 看到短处 (kàndào duǎnchù) | 指出短处 (zhǐchū duǎnchù) | 弥补短处 (míbǔ duǎnchù),每个人都有自己的长处和短处。,Měi ge rén dōu yǒu zìjǐ de chángchù hé duǎnchù.,هر کسی نقاط قوت و ضعف خودش رو داره.,
291,短期,duǎnqī,HSK 5,名/形,1,较短的一段时间；持续时间较短的（名/形）,کوتاه‌مدت؛ دورهٔ کوتاه (اسم/صفت),名/形,اسم/صفت,短期计划 (duǎnqī jìhuà) | 短期目标 (duǎnqī mùbiāo) | 短期内 (duǎnqī nèi) | 短期效果 (duǎnqī xiàoguǒ),这个问题短期内很难解决。,Zhège wèntí duǎnqī nèi hěn nán jiějué.,حل این مشکل در کوتاه‌مدت خیلی سخته.,
292,堆,duī,HSK 5,动/量,1,把东西集中放在一起或一层层放置（动）,روی هم انباشتن؛ تلنبار کردن (فعل),动,فعل,堆在一起 (duī zài yìqǐ) | 堆满房间 (duī mǎn fángjiān) | 把书堆起来 (bǎ shū duī qǐlai) | 堆得很高 (duī de hěn gāo),不要把东西都堆在这里。,Bú yào bǎ dōngxi dōu duī zài zhèlǐ.,همهٔ وسایل رو اینجا روی هم تلنبار نکن.,
292,堆,duī,HSK 5,动/量,2,用于成堆聚集的人或事物（量）,کپه؛ توده؛ تعداد زیادی از (واحد شمارش),量,واحد شمارش,一堆书 (yì duī shū) | 一堆垃圾 (yì duī lājī) | 一堆问题 (yì duī wèntí) | 一堆工作 (yì duī gōngzuò),我还有一堆工作要做。,Wǒ hái yǒu yì duī gōngzuò yào zuò.,هنوز یک عالمه کار دارم که انجام بدم.,
293,对比,duìbǐ,HSK 5,动/名,1,把两个或多个事物放在一起比较差异（动）,برای یافتن تفاوت‌ها مقایسه کردن (فعل),动,فعل,对比价格 (duìbǐ jiàgé) | 对比数据 (duìbǐ shùjù) | 对比两种方案 (duìbǐ liǎng zhǒng fāng'àn),我们对比了两种产品的价格。,Wǒmen duìbǐ le liǎng zhǒng chǎnpǐn de jiàgé.,قیمت دو نوع محصول رو با هم مقایسه کردیم.,
293,对比,duìbǐ,HSK 5,动/名,2,事物相互比较后显示出的差异或反差（名）,تفاوت؛ تضاد؛ مقایسه (اسم),名,اسم,鲜明的对比 (xiānmíng de duìbǐ) | 形成对比 (xíngchéng duìbǐ) | 对比明显 (duìbǐ míngxiǎn) | 强烈对比 (qiángliè duìbǐ),这两张照片形成了鲜明的对比。,Zhè liǎng zhāng zhàopiàn xíngchéng le xiānmíng de duìbǐ.,این دو عکس تضاد آشکاری با هم دارن.,
294,对待,duìdài,HSK 5,动,1,以某种态度或方式对人或事物（动）,با کسی یا چیزی برخورد کردن (فعل),动,فعل,认真对待 (rènzhēn duìdài) | 公平对待 (gōngpíng duìdài) | 对待工作 (duìdài gōngzuò) | 平等对待 (píngděng duìdài),我们应该认真对待每一个问题。,Wǒmen yīnggāi rènzhēn duìdài měi yí ge wèntí.,باید با هر مسئله‌ای جدی برخورد کنیم.,
295,对手,duìshǒu,HSK 5,名,1,比赛、斗争或竞争中与自己相对的一方（名）,حریف؛ رقیب (اسم),名,اسم,强大的对手 (qiángdà de duìshǒu) | 战胜对手 (zhànshèng duìshǒu) | 竞争对手 (jìngzhēng duìshǒu) | 不是对手 (bú shì duìshǒu),我们的对手实力很强。,Wǒmen de duìshǒu shílì hěn qiáng.,حریفمون خیلی قدرتمنده.,
296,队伍,duìwǔ,HSK 5,名,1,有组织、共同完成任务的集体或团队（名）,گروه یا تیم سازمان‌یافته (اسم),名,اسم,专业队伍 (zhuānyè duìwǔ) | 建设队伍 (jiànshè duìwǔ) | 加入队伍 (jiārù duìwǔ) | 扩大队伍 (kuòdà duìwǔ),我们需要建立一支专业的队伍。,Wǒmen xūyào jiànlì yì zhī zhuānyè de duìwǔ.,باید یک تیم حرفه‌ای تشکیل بدیم.,
296,队伍,duìwǔ,HSK 5,名,2,有秩序地排列在一起的一列人（名）,صف؛ ردیفی از افراد (اسم),名,اسم,队伍很长 (duìwǔ hěn cháng) | 排好队伍 (pái hǎo duìwǔ) | 队伍前面 (duìwǔ qiánmiàn) | 跟上队伍 (gēn shàng duìwǔ),买票的队伍排得很长。,Mǎi piào de duìwǔ pái de hěn cháng.,صف خرید بلیت خیلی طولانیه.,
297,对象,duìxiàng,HSK 5,名,1,行动、研究、服务等所针对的人或事物（名）,موضوع، فرد یا گروه هدف (اسم),名,اسم,研究对象 (yánjiū duìxiàng) | 服务对象 (fúwù duìxiàng) | 调查对象 (diàochá duìxiàng) | 保护对象 (bǎohù duìxiàng),年轻人是这次调查的主要对象。,Niánqīngrén shì zhè cì diàochá de zhǔyào duìxiàng.,جوان‌ها گروه هدف اصلی این تحقیق هستن.,
297,对象,duìxiàng,HSK 5,名,2,恋爱或考虑结婚的伴侣（口语）（名）,شریک عاطفی؛ دوست‌دختر یا دوست‌پسر (محاوره‌ای) (اسم),名,اسم,找对象 (zhǎo duìxiàng) | 有对象 (yǒu duìxiàng) | 介绍对象 (jièshào duìxiàng) | 谈对象 (tán duìxiàng),他已经有对象了。,Tā yǐjīng yǒu duìxiàng le.,اون دوست‌دختر یا دوست‌پسر داره.,
298,独立,dúlì,HSK 5,动/形/名,1,不依靠别人，能够自主生活或做事（形）,مستقل؛ متکی به خود (صفت),形,صفت,独立生活 (dúlì shēnghuó) | 独立工作 (dúlì gōngzuò) | 独立完成 (dúlì wánchéng) | 经济独立 (jīngjì dúlì),他已经能够独立生活了。,Tā yǐjīng nénggòu dúlì shēnghuó le.,اون دیگه می‌تونه مستقل زندگی کنه.,
298,独立,dúlì,HSK 5,动/形/名,2,国家、民族或组织不受其他力量控制而自主存在（动/名）,استقلال؛ مستقل‌شدن (اسم/فعل),动/名,اسم/فعل,国家独立 (guójiā dúlì) | 民族独立 (mínzú dúlì) | 获得独立 (huòdé dúlì) | 保持独立 (bǎochí dúlì),这个国家获得了独立。,Zhège guójiā huòdé le dúlì.,این کشور به استقلال رسید.,
298,独立,dúlì,HSK 5,动/形/名,3,与其他事物分开存在，不属于其中的一部分（形）,مجزا؛ جدا و مستقل (صفت),形,صفت,独立的房间 (dúlì de fángjiān) | 独立系统 (dúlì xìtǒng) | 两个独立事件 (liǎng ge dúlì shìjiàn) | 独立空间 (dúlì kōngjiān),这是两个相互独立的系统。,Zhè shì liǎng ge xiānghù dúlì de xìtǒng.,این‌ها دو سامانهٔ مستقل از هم هستن.,
299,吨,dūn,HSK 5,量,1,质量单位，一吨等于一千公斤（量）,تن؛ برابر با هزار کیلوگرم (واحد شمارش),量,واحد شمارش,一吨水 (yì dūn shuǐ) | 两吨货物 (liǎng dūn huòwù) | 重五吨 (zhòng wǔ dūn),这辆卡车能装十吨货物。,Zhè liàng kǎchē néng zhuāng shí dūn huòwù.,این کامیون می‌تونه ده تن بار حمل کنه.,
300,朵,duǒ,HSK 5,量,1,用于花、云等成团或成簇的事物（量）,واحد شمارش گل، ابر و چیزهای مشابه (واحد شمارش),量,واحد شمارش,一朵花 (yì duǒ huā) | 一朵云 (yì duǒ yún) | 几朵玫瑰 (jǐ duǒ méigui) | 一朵浪花 (yì duǒ lànghuā),她送给我一朵花。,Tā sòng gěi wǒ yì duǒ huā.,اون یک شاخه گل بهم هدیه داد.,
301,躲,duǒ,HSK 5,动,1,藏起来，使别人看不见或找不到（动）,پنهان یا مخفی شدن (فعل),动,فعل,躲起来 (duǒ qǐlai) | 躲在门后 (duǒ zài mén hòu) | 躲着不见人 (duǒ zhe bú jiàn rén),孩子躲在门后面。,Háizi duǒ zài mén hòumiàn.,بچه پشت در قایم شده.,
301,躲,duǒ,HSK 5,动,2,避开不利的人、事物或情况（动）,دوری یا فرار کردن؛ جاخالی دادن (فعل),动,فعل,躲雨 (duǒ yǔ) | 躲债 (duǒ zhài) | 躲着他 (duǒ zhe tā) | 往旁边躲 (wǎng pángbiān duǒ),我们进商店躲雨吧。,Wǒmen jìn shāngdiàn duǒ yǔ ba.,بیاید بریم توی فروشگاه تا از بارون در امان باشیم.,
302,独特,dútè,HSK 5,形,1,独有的，与众不同的（形）,خاص؛ منحصربه‌فرد (صفت),形,صفت,独特风格 (dútè fēnggé) | 独特魅力 (dútè mèilì) | 非常独特 (fēicháng dútè) | 设计独特 (shèjì dútè),这座城市有独特的文化。,Zhè zuò chéngshì yǒu dútè de wénhuà.,این شهر فرهنگ منحصربه‌فردی داره.,
303,读音,dúyīn,HSK 5,名,1,字、词等的发音方式（名）,تلفظ یک نویسه یا واژه (اسم),名,اسم,正确读音 (zhèngquè dúyīn) | 汉字读音 (hànzì dúyīn) | 读音相同 (dúyīn xiāngtóng) | 标准读音 (biāozhǔn dúyīn),这个字的读音是什么？,Zhège zì de dúyīn shì shénme?,تلفظ این نویسه چیه؟,
304,独自,dúzì,HSK 5,副,1,自己一个人，没有别人陪伴（副）,به‌تنهایی؛ بدون همراه (قید),副,قید,独自生活 (dúzì shēnghuó) | 独自旅行 (dúzì lǚxíng) | 独自面对 (dúzì miànduì) | 独自回家 (dúzì huí jiā),她喜欢独自旅行。,Tā xǐhuan dúzì lǚxíng.,اون دوست داره تنهایی سفر کنه.,
305,儿女,érnǚ,HSK 5,名,1,儿子和女儿；子女（名）,فرزندان؛ پسر و دختر (اسم),名,اسم,教育儿女 (jiàoyù érnǚ) | 抚养儿女 (fǔyǎng érnǚ) | 儿女长大 (érnǚ zhǎngdà) | 儿女成家 (érnǚ chéngjiā),他们的儿女都已经长大了。,Tāmen de érnǚ dōu yǐjīng zhǎngdà le.,بچه‌هاشون همه بزرگ شدن.,
306,二手,èrshǒu,HSK 5,形,1,被别人使用过后再次出售或使用的（形）,دست‌دوم؛ استفاده‌شده (صفت),形,صفت,二手车 (èrshǒu chē) | 二手房 (èrshǒu fáng) | 二手市场 (èrshǒu shìchǎng) | 二手家具 (èrshǒu jiājù),他买了一辆二手车。,Tā mǎi le yí liàng èrshǒu chē.,اون یک ماشین دست‌دوم خرید.,
306,二手,èrshǒu,HSK 5,形,2,不是直接从原始来源获得的（形）,غیرمستقیم؛ دست‌دوم (صفت),形,صفت,二手资料 (èrshǒu zīliào) | 二手信息 (èrshǒu xìnxī) | 二手消息 (èrshǒu xiāoxi) | 二手证据 (èrshǒu zhèngjù),这些只是二手信息，不一定可靠。,"Zhèxiē zhǐshì èrshǒu xìnxī, bù yídìng kěkào.",این‌ها فقط اطلاعات دست‌دومن و لزوماً قابل‌اعتماد نیستن.,
307,二维码,èrwéimǎ,HSK 5,名,1,用图形记录信息、可由电子设备扫描识别的二维编码（名）,کد کیوآر؛ بارکد دوبعدی (اسم),名,اسم,扫描二维码 (sǎomiáo èrwéimǎ) | 二维码支付 (èrwéimǎ zhīfù) | 出示二维码 (chūshì èrwéimǎ) | 生成二维码 (shēngchéng èrwéimǎ),请扫描二维码付款。,Qǐng sǎomiáo èrwéimǎ fùkuǎn.,لطفاً برای پرداخت کد کیوآر رو اسکن کنید.,
308,罚,fá,HSK 5,动,1,因错误或违反规定而给予惩罚（动）,مجازات یا جریمه کردن (فعل),动,فعل,罚钱 (fá qián) | 罚他五百元 (fá tā wǔbǎi yuán) | 被罚 (bèi fá) | 罚孩子站着 (fá háizi zhàn zhe),他因为违反规定被罚了五百元。,Tā yīnwèi wéifǎn guīdìng bèi fá le wǔbǎi yuán.,او به‌خاطر نقض مقررات پانصد یوان جریمه شد.,
309,发表,fābiǎo,HSK 5,动,1,公开表达意见、看法或讲话等（动）,نظر یا سخنی را علنی بیان کردن (فعل),动,فعل,发表意见 (fābiǎo yìjiàn) | 发表看法 (fābiǎo kànfǎ) | 发表讲话 (fābiǎo jiǎnghuà) | 发表声明 (fābiǎo shēngmíng),他在会上发表了自己的看法。,Tā zài huì shàng fābiǎo le zìjǐ de kànfǎ.,او در جلسه نظرش رو بیان کرد.,
309,发表,fābiǎo,HSK 5,动,2,在报刊、网络等媒体上公开刊登文章或作品（动）,مقاله یا اثری را منتشر کردن (فعل),动,فعل,发表文章 (fābiǎo wénzhāng) | 发表论文 (fābiǎo lùnwén) | 发表作品 (fābiǎo zuòpǐn) | 公开发表 (gōngkāi fābiǎo),她发表了一篇学术论文。,Tā fābiǎo le yì piān xuéshù lùnwén.,او یک مقالهٔ علمی منتشر کرد.,
310,发布,fābù,HSK 5,动,1,正式向公众宣布或公布消息、命令、数据等（动）,به‌طور رسمی اعلام یا منتشر کردن (فعل),动,فعل,发布消息 (fābù xiāoxi) | 发布公告 (fābù gōnggào) | 发布命令 (fābù mìnglìng) | 发布数据 (fābù shùjù),公司发布了最新消息。,Gōngsī fābù le zuìxīn xiāoxi.,شرکت تازه‌ترین خبر رو منتشر کرد.,
310,发布,fābù,HSK 5,动,2,把产品、软件或网络内容公开推出（动）,محصول یا محتوایی را عرضه و منتشر کردن (فعل),动,فعل,发布新产品 (fābù xīn chǎnpǐn) | 发布新版本 (fābù xīn bǎnběn) | 发布视频 (fābù shìpín) | 正式发布 (zhèngshì fābù),公司下个月将发布新版本。,Gōngsī xià ge yuè jiāng fābù xīn bǎnběn.,شرکت ماه آینده نسخهٔ جدید رو منتشر می‌کنه.,
311,发达,fādá,HSK 5,形,1,发展程度高，繁荣而先进（形）,توسعه‌یافته؛ پیشرفته (صفت),形,صفت,经济发达 (jīngjì fādá) | 发达国家 (fādá guójiā) | 交通发达 (jiāotōng fādá) | 工业发达 (gōngyè fādá),这个地区的交通很发达。,Zhège dìqū de jiāotōng hěn fādá.,حمل‌ونقل این منطقه خیلی پیشرفته‌ست.,
311,发达,fādá,HSK 5,形,2,身体某一部分生长充分、功能较强（形）,رشد‌یافته؛ قوی (صفت),形,صفت,肌肉发达 (jīròu fādá) | 四肢发达 (sìzhī fādá) | 大脑发达 (dànǎo fādá) | 感官发达 (gǎnguān fādá),他的肌肉很发达。,Tā de jīròu hěn fādá.,عضلاتش خیلی قویه.,
312,发挥,fāhuī,HSK 5,动,1,把能力、作用、优点等充分表现或运用出来（动）,توانایی، نقش یا مزیتی را به کار گرفتن (فعل),动,فعل,发挥作用 (fāhuī zuòyòng) | 发挥优势 (fāhuī yōushì) | 发挥潜力 (fāhuī qiánlì) | 发挥能力 (fāhuī nénglì),每个人都应该发挥自己的优势。,Měi ge rén dōu yīnggāi fāhuī zìjǐ de yōushì.,هر کسی باید از نقاط قوت خودش استفاده کنه.,
312,发挥,fāhuī,HSK 5,动,2,在比赛、考试等场合表现出实际水平（动）,عملکرد نشان دادن (فعل),动,فعل,发挥出色 (fāhuī chūsè) | 正常发挥 (zhèngcháng fāhuī) | 发挥失常 (fāhuī shīcháng) | 发挥得很好 (fāhuī de hěn hǎo),她今天在比赛中发挥得很好。,Tā jīntiān zài bǐsài zhōng fāhuī de hěn hǎo.,اون امروز در مسابقه عملکرد خیلی خوبی داشت.,
313,罚款,fákuǎn,HSK 5,动/名,1,因违反规定而要求某人缴纳一定的钱（动）,جریمهٔ نقدی کردن (فعل),动,فعل,被罚款 (bèi fákuǎn) | 罚款五百元 (fákuǎn wǔbǎi yuán) | 对公司罚款 (duì gōngsī fákuǎn),他因为超速被罚款了。,Tā yīnwèi chāosù bèi fákuǎn le.,او به‌خاطر سرعت غیرمجاز جریمه شد.,
313,罚款,fákuǎn,HSK 5,动/名,2,作为处罚而缴纳的钱（名）,جریمهٔ نقدی (اسم),名,اسم,交罚款 (jiāo fákuǎn) | 支付罚款 (zhīfù fákuǎn) | 高额罚款 (gāo'é fákuǎn) | 交通罚款 (jiāotōng fákuǎn),他已经交了罚款。,Tā yǐjīng jiāo le fákuǎn.,او جریمه رو پرداخت کرده.,
314,发明,fāmíng,HSK 5,动/名,1,创造出以前没有的新事物或新方法（动）,اختراع کردن (فعل),动,فعل,发明机器 (fāmíng jīqì) | 发明新技术 (fāmíng xīn jìshù) | 谁发明的 (shéi fāmíng de),电话是谁发明的？,Diànhuà shì shéi fāmíng de?,تلفن رو چه کسی اختراع کرد؟,
314,发明,fāmíng,HSK 5,动/名,2,创造出来的新事物或新方法（名）,اختراع (اسم),名,اسم,伟大的发明 (wěidà de fāmíng) | 科技发明 (kējì fāmíng) | 一项发明 (yí xiàng fāmíng) | 重要发明 (zhòngyào fāmíng),这是一项非常重要的发明。,Zhè shì yí xiàng fēicháng zhòngyào de fāmíng.,این اختراع خیلی مهمیه.,
315,反,fǎn,HSK 5,形,1,方向、位置或顺序与正常情况相反（形）,برعکس؛ وارونه؛ اشتباه (صفت),形,صفت,衣服穿反了 (yīfu chuān fǎn le) | 路走反了 (lù zǒu fǎn le) | 照片放反了 (zhàopiàn fàng fǎn le) | 正反两面 (zhèngfǎn liǎngmiàn),你的衣服穿反了。,Nǐ de yīfu chuān fǎn le.,لباست رو پشت‌ورو پوشیدی.,
316,翻,fān,HSK 5,动,1,使物体上下、内外或正反面的位置改变（动）,برگرداندن؛ پشت‌ورو کردن؛ ورق‌زدن (فعل),动,فعل,翻到第五页 (fān dào dì wǔ yè) | 把鱼翻个面 (bǎ yú fān ge miàn) | 翻书找资料 (fān shū zhǎo zīliào),请把书翻到第五页。,Qǐng bǎ shū fān dào dì wǔ yè.,لطفاً کتاب رو روی صفحهٔ پنج باز کنید.,
316,翻,fān,HSK 5,动,2,越过山、墙等障碍物（动）,از کوه، دیوار یا مانعی عبور کردن (فعل),动,فعل,翻山 (fān shān) | 翻墙 (fān qiáng) | 翻过高山 (fān guò gāoshān),他们翻过了那座山。,Tāmen fān guò le nà zuò shān.,اون‌ها از اون کوه عبور کردن.,
316,翻,fān,HSK 5,动,3,翻动、搜查物品以寻找东西（动）,زیرورو کردن؛ گشتن (فعل),动,فعل,翻口袋 (fān kǒudai) | 翻抽屉 (fān chōuti) | 到处乱翻 (dàochù luàn fān),他把抽屉翻了个遍，也没找到钥匙。,"Tā bǎ chōuti fān le ge biàn, yě méi zhǎodào yàoshi.",همهٔ کشو رو زیرورو کرد، ولی کلید رو پیدا نکرد.,
316,翻,fān,HSK 5,动,4,把一种语言转换成另一种语言（口语）（动）,ترجمه کردن (محاوره‌ای) (فعل),动,فعل,翻成中文 (fān chéng Zhōngwén) | 翻成波斯语 (fān chéng Bōsīyǔ) | 帮我翻一下 (bāng wǒ fān yí xià),请把这句话翻成波斯语。,Qǐng bǎ zhè jù huà fān chéng Bōsīyǔ.,لطفاً این جمله رو به فارسی ترجمه کنید.,
316,翻,fān,HSK 5,动,5,数量成倍增加（动）,چندبرابر شدن یا کردن (فعل),动,فعل,翻一倍 (fān yí bèi) | 价格翻了两倍 (jiàgé fān le liǎng bèi) | 收入翻番 (shōurù fānfān),这几年房价翻了一倍。,Zhè jǐ nián fángjià fān le yí bèi.,قیمت خونه در این چند سال دو برابر شده.,
317,反而,fǎn'ér,HSK 5,副,1,表示实际情况或结果与预期相反（副）,برعکس؛ برخلاف انتظار (قید),副,قید,"不但没生气，反而笑了 (búdàn méi shēngqì, fǎn'ér xiào le) | 反而更好 (fǎn'ér gèng hǎo) | 反而增加 (fǎn'ér zēngjiā)",他没生气，反而笑了。,"Tā méi shēngqì, fǎn'ér xiào le.",عصبانی نشد؛ برعکس، خندید.,
318,反复,fǎnfù,HSK 5,副/名/形,1,一遍又一遍，多次重复（副）,بارها؛ مکرراً (قید),副,قید,反复练习 (fǎnfù liànxí) | 反复检查 (fǎnfù jiǎnchá) | 反复强调 (fǎnfù qiángdiào) | 反复考虑 (fǎnfù kǎolǜ),这个句子要反复练习。,Zhège jùzi yào fǎnfù liànxí.,این جمله رو باید بارها تمرین کرد.,
318,反复,fǎnfù,HSK 5,副/名/形,2,好转后又变坏等不稳定的重复变化（名/形）,عود؛ نوسان؛ تغییر مکرر (اسم/صفت),名/形,اسم/صفت,病情反复 (bìngqíng fǎnfù) | 病情有反复 (bìngqíng yǒu fǎnfù) | 情况出现反复 (qíngkuàng chūxiàn fǎnfù),他的病情最近有些反复。,Tā de bìngqíng zuìjìn yǒuxiē fǎnfù.,بیماریش اخیراً کمی عود کرده.,
319,防,fáng,HSK 5,动,1,防备或阻止危险、损失等发生（动）,پیشگیری یا محافظت کردن (فعل),动,فعل,防风险 (fáng fēngxiǎn) | 防意外 (fáng yìwài) | 防着他 (fáng zhe tā) | 不得不防 (bùdébù fáng),出门在外要防着点儿。,Chūmén zàiwài yào fáng zhe diǎnr.,وقتی بیرونی باید یک‌کم مراقب باشی.,
320,方,fāng,HSK 5,名/形/量/副,1,四边形或立体物外形规整、带有直角的（形）,مربع؛ چهارگوش (صفت),形,صفت,桌子是方的 (zhuōzi shì fāng de) | 脸比较方 (liǎn bǐjiào fāng) | 方桌 (fāngzhuō) | 方盒子 (fāng hézi),房间里有一张方桌。,Fángjiān lǐ yǒu yì zhāng fāngzhuō.,توی اتاق یک میز چهارگوش هست.,
320,方,fāng,HSK 5,名/形/量/副,2,相对的双方中的一边或参与者（名）,طرف؛ یکی از طرفین (اسم),名,اسم,双方中的一方 (shuāngfāng zhōng de yì fāng) | 甲方和乙方 (jiǎfāng hé yǐfāng) | 任何一方 (rènhé yì fāng),任何一方都不能单方面改变合同。,Rènhé yì fāng dōu bù néng dānfāngmiàn gǎibiàn hétong.,هیچ‌کدوم از طرفین نمی‌تونه یک‌طرفه قرارداد رو تغییر بده.,
320,方,fāng,HSK 5,名/形/量/副,3,用于印章、砚台、土地等方形或成片的事物（量）,واحد شمارش مهر، دوات‌سنگی و قطعه زمین (واحد شمارش),量,واحد شمارش,一方印章 (yì fāng yìnzhāng) | 一方砚台 (yì fāng yàntái) | 一方土地 (yì fāng tǔdì),他有一方古老的印章。,Tā yǒu yì fāng gǔlǎo de yìnzhāng.,او یک مهر قدیمی داره.,
320,方,fāng,HSK 5,名/形/量/副,4,立方米的口语说法（口语）（量）,مترمکعب (محاوره‌ای) (واحد شمارش),量,واحد شمارش,一方水 (yì fāng shuǐ) | 两方沙子 (liǎng fāng shāzi) | 五方混凝土 (wǔ fāng hùnníngtǔ),这个水箱能装三方水。,Zhège shuǐxiāng néng zhuāng sān fāng shuǐ.,این مخزن سه مترمکعب آب جا می‌ده.,
320,方,fāng,HSK 5,名/形/量/副,5,表示达到某个条件后才会出现结果；才（书面）（副）,تنها آن‌گاه؛ تازه پس از آن (رسمی) (قید),副,قید,方可进入 (fāng kě jìnrù) | 方能成功 (fāng néng chénggōng) | 方知真相 (fāng zhī zhēnxiàng),得到允许后方可进入。,Dédào yǔnxǔ hòu fāng kě jìnrù.,فقط بعد از گرفتن اجازه می‌شه وارد شد.,
320,方,fāng,HSK 5,名/形/量/副,6,治疗疾病所用的药物配方（中医）（名）,نسخهٔ دارویی (طب سنتی چینی) (اسم),名,اسم,开个方 (kāi ge fāng) | 按方抓药 (àn fāng zhuā yào) | 这个方很有效 (zhège fāng hěn yǒuxiào),医生给他开了一个方。,Yīshēng gěi tā kāi le yí ge fāng.,پزشک براش یک نسخهٔ دارویی نوشت.,
320,方,Fāng,HSK 5,名,7,姓氏（名）,نام خانوادگی فانگ (اسم),名,اسم,姓方 (xìng Fāng) | 方先生 (Fāng xiānsheng) | 方老师 (Fāng lǎoshī),我们的老师姓方。,Wǒmen de lǎoshī xìng Fāng.,نام خانوادگی معلممون فانگه.,
321,方案,fāng'àn,HSK 5,名,1,为解决问题或完成任务而制定的具体计划（名）,طرح؛ برنامهٔ اجرایی؛ راهکار (اسم),名,اسم,制定方案 (zhìdìng fāng'àn) | 解决方案 (jiějué fāng'àn) | 实施方案 (shíshī fāng'àn) | 修改方案 (xiūgǎi fāng'àn),我们需要制定一个新的方案。,Wǒmen xūyào zhìdìng yí ge xīn de fāng'àn.,باید یک طرح جدید تدوین کنیم.,
322,仿佛,fǎngfú,HSK 5,副,1,好像；似乎（副）,انگار؛ گویی (قید),副,قید,仿佛看见 (fǎngfú kànjiàn) | 仿佛听到 (fǎngfú tīngdào) | 仿佛回到 (fǎngfú huídào) | 仿佛在梦中 (fǎngfú zài mèng zhōng),我仿佛又回到了童年。,Wǒ fǎngfú yòu huídào le tóngnián.,انگار دوباره به دوران کودکی برگشته بودم.,
323,访问,fǎngwèn,HSK 5,动/名,1,有目的地拜访某人、某地或某机构；也指这种访问活动（动/名）,دیدار یا بازدید رسمی (فعل/اسم),动/名,فعل/اسم,访问中国 (fǎngwèn Zhōngguó) | 正式访问 (zhèngshì fǎngwèn) | 进行访问 (jìnxíng fǎngwèn) | 友好访问 (yǒuhǎo fǎngwèn),代表团正在访问中国。,Dàibiǎotuán zhèngzài fǎngwèn Zhōngguó.,هیئت نمایندگی در حال دیدار از چینه.,
323,访问,fǎngwèn,HSK 5,动/名,2,通过网络进入网站、系统或数据资源（动）,به وب‌سایت، سامانه یا داده دسترسی پیدا کردن (فعل),动,فعل,访问网站 (fǎngwèn wǎngzhàn) | 无法访问 (wúfǎ fǎngwèn) | 访问网页 (fǎngwèn wǎngyè) | 访问数据库 (fǎngwèn shùjùkù),这个网站现在无法访问。,Zhège wǎngzhàn xiànzài wúfǎ fǎngwèn.,الان دسترسی به این وب‌سایت ممکن نیست.,
324,房屋,fángwū,HSK 5,名,1,供人居住、工作或存放物品的建筑物（名）,خانه؛ ساختمان؛ مسکن (اسم),名,اسم,房屋出租 (fángwū chūzū) | 房屋价格 (fángwū jiàgé) | 房屋建设 (fángwū jiànshè) | 维修房屋 (wéixiū fángwū),这里的房屋价格很高。,Zhèlǐ de fángwū jiàgé hěn gāo.,قیمت مسکن اینجا خیلی بالاست.,
325,防止,fángzhǐ,HSK 5,动,1,预先采取措施，阻止不好的事情发生（动）,جلوگیری کردن؛ مانع وقوع چیزی شدن (فعل),动,فعل,防止事故 (fángzhǐ shìgù) | 防止污染 (fángzhǐ wūrǎn) | 防止感染 (fángzhǐ gǎnrǎn) | 防止损失 (fángzhǐ sǔnshī),我们必须防止类似事故再次发生。,Wǒmen bìxū fángzhǐ lèisì shìgù zàicì fāshēng.,باید از تکرار چنین حوادثی جلوگیری کنیم.,
326,返回,fǎnhuí,HSK 5,动,1,回到原来的地方、位置或状态（动）,بازگشتن؛ برگشتن (فعل),动,فعل,返回家乡 (fǎnhuí jiāxiāng) | 返回原地 (fǎnhuí yuándì) | 返回中国 (fǎnhuí Zhōngguó) | 返回上一页 (fǎnhuí shàng yí yè),他明天返回北京。,Tā míngtiān fǎnhuí Běijīng.,او فردا به پکن برمی‌گرده.,
327,番茄,fānqié,HSK 5,名,1,一种可作蔬菜食用的红色或黄色果实；西红柿（名）,گوجه‌فرنگی (اسم),名,اسم,新鲜番茄 (xīnxiān fānqié) | 种番茄 (zhòng fānqié) | 番茄切片 (fānqié qiēpiàn) | 两个番茄 (liǎng ge fānqié),我买了几个新鲜番茄。,Wǒ mǎi le jǐ ge xīnxiān fānqié.,چند تا گوجه‌فرنگی تازه خریدم.,
328,繁荣,fánróng,HSK 5,形/动,1,经济、市场或事业等兴旺发达（形）,پررونق؛ شکوفا (صفت),形,صفت,经济繁荣 (jīngjì fánróng) | 市场繁荣 (shìchǎng fánróng) | 繁荣景象 (fánróng jǐngxiàng) | 社会繁荣 (shèhuì fánróng),这个城市的经济十分繁荣。,Zhège chéngshì de jīngjì shífēn fánróng.,اقتصاد این شهر خیلی پررونقه.,
328,繁荣,fánróng,HSK 5,形/动,2,使经济、市场、文化等兴旺发展（动）,رونق یا شکوفایی بخشیدن (فعل),动,فعل,繁荣经济 (fánróng jīngjì) | 繁荣市场 (fánróng shìchǎng) | 繁荣文化 (fánróng wénhuà),这些措施有助于繁荣市场。,Zhèxiē cuòshī yǒuzhùyú fánróng shìchǎng.,این اقدامات به رونق بازار کمک می‌کنن.,
329,范围,fànwéi,HSK 5,名,1,事物所涉及、包括或影响的界限（名）,محدوده؛ دامنه (اسم),名,اسم,范围内 (fànwéi nèi) | 扩大范围 (kuòdà fànwéi) | 业务范围 (yèwù fànwéi) | 适用范围 (shìyòng fànwéi),这个问题不在我们的讨论范围内。,Zhège wèntí bú zài wǒmen de tǎolùn fànwéi nèi.,این موضوع در محدودهٔ بحث ما نیست.,
330,反应,fǎnyìng,HSK 5,名/动,1,受到外界影响后产生的行动、态度或变化（名）,واکنش؛ پاسخ (اسم),名,اسم,强烈反应 (qiángliè fǎnyìng) | 市场反应 (shìchǎng fǎnyìng) | 化学反应 (huàxué fǎnyìng) | 没有反应 (méiyǒu fǎnyìng),市场对新产品的反应很好。,Shìchǎng duì xīn chǎnpǐn de fǎnyìng hěn hǎo.,واکنش بازار به محصول جدید خیلی خوبه.,
330,反应,fǎnyìng,HSK 5,名/动,2,理解突然发生的事情并作出相应回应，常与“过来”连用（动）,متوجه‌شدن؛ به خود آمدن (فعل),动,فعل,还没反应过来 (hái méi fǎnyìng guòlái) | 很快反应过来 (hěn kuài fǎnyìng guòlái) | 一时没反应过来 (yìshí méi fǎnyìng guòlái),我一时没反应过来他在说什么。,Wǒ yìshí méi fǎnyìng guòlái tā zài shuō shénme.,اولش متوجه نشدم چی داره می‌گه.,
331,反映,fǎnyìng,HSK 5,动,1,表现或显示客观事物的情况、本质或变化（动）,بازتاب‌دادن؛ نشان‌دادن (فعل),动,فعل,反映现实 (fǎnyìng xiànshí) | 反映变化 (fǎnyìng biànhuà) | 真实反映情况 (zhēnshí fǎnyìng qíngkuàng),这些数据反映了市场的变化。,Zhèxiē shùjù fǎnyìng le shìchǎng de biànhuà.,این داده‌ها تغییرات بازار رو نشون می‌دن.,
331,反映,fǎnyìng,HSK 5,动,2,把情况、问题或意见告诉有关人员或机构（动）,مشکل، وضعیت یا نظری را به مسئول مربوط گزارش‌دادن (فعل),动,فعل,向领导反映问题 (xiàng lǐngdǎo fǎnyìng wèntí) | 反映意见 (fǎnyìng yìjiàn) | 如实反映情况 (rúshí fǎnyìng qíngkuàng),我会向经理反映这个问题。,Wǒ huì xiàng jīnglǐ fǎnyìng zhège wèntí.,این مشکل رو به مدیر گزارش می‌دم.,
332,反正,fǎnzhèng,HSK 5,副,1,表示无论情况怎样，结果或决定都不会改变（副）,به‌هرحال؛ در هر صورت (قید),副,قید,反正都一样 (fǎnzhèng dōu yíyàng) | 反正要去 (fǎnzhèng yào qù) | 反正没事 (fǎnzhèng méi shì),反正明天是周末，我们晚点儿睡吧。,"Fǎnzhèng míngtiān shì zhōumò, wǒmen wǎn diǎnr shuì ba.",به‌هرحال فردا آخر هفته‌ست؛ یک‌کم دیرتر بخوابیم.,
333,发起,fāqǐ,HSK 5,动,1,首先提出并开始某种行动、活动或运动（动）,راه‌انداختن؛ آغازکردن (فعل),动,فعل,发起活动 (fāqǐ huódòng) | 发起倡议 (fāqǐ chàngyì) | 发起进攻 (fāqǐ jìngōng) | 发起募捐 (fāqǐ mùjuān),他们发起了一项环保活动。,Tāmen fāqǐ le yí xiàng huánbǎo huódòng.,اون‌ها یک فعالیت زیست‌محیطی راه انداختن.,
334,发言,fāyán,HSK 5,动/名,1,在会议或公开场合表达意见（动）,در جلسه یا جمعی اظهارنظرکردن (فعل),动,فعل,积极发言 (jījí fāyán) | 主动发言 (zhǔdòng fāyán) | 举手发言 (jǔshǒu fāyán) | 上台发言 (shàngtái fāyán),请大家积极发言。,Qǐng dàjiā jījí fāyán.,لطفاً همه فعالانه نظر بدن.,
334,发言,fāyán,HSK 5,动/名,2,在会议或公开场合所说的话（名）,اظهارات؛ سخنان بیان‌شده در جمع (اسم),名,اسم,重要发言 (zhòngyào fāyán) | 发言内容 (fāyán nèiróng) | 简短发言 (jiǎnduǎn fāyán) | 作总结发言 (zuò zǒngjié fāyán),他的发言很精彩。,Tā de fāyán hěn jīngcǎi.,صحبت‌هاش خیلی خوب بود.,
335,发音,fāyīn,HSK 5,动/名,1,发出语音；读出字词的声音（动）,تلفظ‌کردن (فعل),动,فعل,学会发音 (xuéhuì fāyīn) | 正确发音 (zhèngquè fāyīn) | 发音清楚 (fāyīn qīngchu) | 按规则发音 (àn guīzé fāyīn),这个词怎么发音？,Zhège cí zěnme fāyīn?,این کلمه چطور تلفظ می‌شه؟,
335,发音,fāyīn,HSK 5,动/名,2,字词的读音或发音方式（名）,تلفظ؛ شیوهٔ ادا (اسم),名,اسم,标准发音 (biāozhǔn fāyīn) | 汉语发音 (Hànyǔ fāyīn) | 发音规则 (fāyīn guīzé) | 发音相同 (fāyīn xiāngtóng),他的汉语发音很标准。,Tā de Hànyǔ fāyīn hěn biāozhǔn.,تلفظ چینیش خیلی استاندارده.,
336,法院,fǎyuàn,HSK 5,名,1,依法审理案件并作出判决的司法机关（名）,دادگاه (اسم),名,اسم,人民法院 (rénmín fǎyuàn) | 向法院起诉 (xiàng fǎyuàn qǐsù) | 法院判决 (fǎyuàn pànjué) | 法院审理 (fǎyuàn shěnlǐ),他决定向法院起诉。,Tā juédìng xiàng fǎyuàn qǐsù.,او تصمیم گرفت به دادگاه شکایت کنه.,
337,飞行,fēixíng,HSK 5,动/名,1,飞机、鸟等在空中移动（动）,پروازکردن (فعل),动,فعل,在空中飞行 (zài kōngzhōng fēixíng) | 低空飞行 (dīkōng fēixíng) | 向北飞行 (xiàng běi fēixíng),飞机正在高空飞行。,Fēijī zhèngzài gāokōng fēixíng.,هواپیما در ارتفاع بالا در حال پروازه.,
337,飞行,fēixíng,HSK 5,动/名,2,在空中航行的过程或活动（名）,پرواز (اسم),名,اسم,一次飞行 (yí cì fēixíng) | 长途飞行 (chángtú fēixíng) | 飞行时间 (fēixíng shíjiān) | 飞行任务 (fēixíng rènwu),这次飞行非常顺利。,Zhè cì fēixíng fēicháng shùnlì.,این پرواز خیلی خوب و بدون مشکل انجام شد.,
338,飞行员,fēixíngyuán,HSK 5,名,1,驾驶飞机或其他航空器的专业人员（名）,خلبان (اسم),名,اسم,民航飞行员 (mínháng fēixíngyuán) | 成为飞行员 (chéngwéi fēixíngyuán) | 飞行员培训 (fēixíngyuán péixùn) | 经验丰富的飞行员 (jīngyàn fēngfù de fēixíngyuán),他的梦想是成为一名飞行员。,Tā de mèngxiǎng shì chéngwéi yì míng fēixíngyuán.,آرزوش اینه که خلبان بشه.,
339,非洲,Fēizhōu,HSK 5,名,1,世界七大洲之一（名）,آفریقا (اسم خاص),名,اسم خاص,非洲国家 (Fēizhōu guójiā) | 非洲文化 (Fēizhōu wénhuà) | 去非洲 (qù Fēizhōu) | 来自非洲 (láizì Fēizhōu),他曾经在非洲工作过。,Tā céngjīng zài Fēizhōu gōngzuò guo.,او قبلاً در آفریقا کار کرده.,
340,分别,fēnbié,HSK 5,动/名/副,1,彼此分开或离别；也指离别这件事（动/名）,از یکدیگر جداشدن؛ جدایی (فعل/اسم),动/名,فعل/اسم,与朋友分别 (yǔ péngyou fēnbié) | 分别多年 (fēnbié duōnián) | 分别时 (fēnbié shí) | 短暂的分别 (duǎnzàn de fēnbié),我们在车站分别，各自回了家。,"Wǒmen zài chēzhàn fēnbié, gèzì huí le jiā.",توی ایستگاه از هم جدا شدیم و هرکدوم به خونه برگشتیم.,
340,分别,fēnbié,HSK 5,动/名/副,2,按照不同情况各自进行（副）,جداگانه؛ هرکدام به‌ترتیب (قید),副,قید,分别介绍 (fēnbié jièshào) | 分别处理 (fēnbié chǔlǐ) | 分别回答 (fēnbié huídá) | 分别进行 (fēnbié jìnxíng),请分别回答这三个问题。,Qǐng fēnbié huídá zhè sān ge wèntí.,لطفاً به این سه سؤال جداگانه جواب بدید.,
341,分布,fēnbù,HSK 5,动,1,事物在一定地区或范围内散布、排列（动）,در منطقه یا محدوده‌ای پراکنده بودن (فعل),动,فعل,分布广泛 (fēnbù guǎngfàn) | 分布在各地 (fēnbù zài gèdì) | 均匀分布 (jūnyún fēnbù) | 主要分布在南方 (zhǔyào fēnbù zài nánfāng),这种植物主要分布在南方。,Zhè zhǒng zhíwù zhǔyào fēnbù zài nánfāng.,این نوع گیاه بیشتر در مناطق جنوبی پراکنده‌ست.,
342,奋斗,fèndòu,HSK 5,动,1,为达到目标而长期努力（动）,برای رسیدن به هدف تلاش‌کردن (فعل),动,فعل,努力奋斗 (nǔlì fèndòu) | 为梦想奋斗 (wèi mèngxiǎng fèndòu) | 奋斗多年 (fèndòu duōnián) | 共同奋斗 (gòngtóng fèndòu),我们要为自己的梦想奋斗。,Wǒmen yào wèi zìjǐ de mèngxiǎng fèndòu.,باید برای رؤياهامون تلاش کنیم.,
343,纷纷,fēnfēn,HSK 5,副,1,表示多人或多个事物先后做同一件事，通常用于复数主语和动词前（副）,یکی پس از دیگری؛ دسته‌جمعی (قید),副,قید,纷纷表示 (fēnfēn biǎoshì) | 纷纷离开 (fēnfēn líkāi) | 纷纷参加 (fēnfēn cānjiā) | 纷纷提出意见 (fēnfēn tíchū yìjiàn),大家纷纷表示同意。,Dàjiā fēnfēn biǎoshì tóngyì.,همه یکی پس از دیگری موافقتشون رو اعلام کردن.,
344,丰富多彩,fēngfù-duōcǎi,HSK 5,形,1,内容丰富，形式多样，富有变化（形）,غنی، متنوع و رنگارنگ (صفت),形,صفت,生活丰富多彩 (shēnghuó fēngfù-duōcǎi) | 内容丰富多彩 (nèiróng fēngfù-duōcǎi) | 活动丰富多彩 (huódòng fēngfù-duōcǎi),大学生活丰富多彩。,Dàxué shēnghuó fēngfù-duōcǎi.,زندگی دانشگاهی متنوع و رنگارنگه.,
345,风格,fēnggé,HSK 5,名,1,个人、作品、建筑等表现出的独特特点（名）,سبک؛ شیوهٔ خاص (اسم),名,اسم,个人风格 (gèrén fēnggé) | 设计风格 (shèjì fēnggé) | 艺术风格 (yìshù fēnggé) | 风格独特 (fēnggé dútè),这家餐厅的装修风格很特别。,Zhè jiā cāntīng de zhuāngxiū fēnggé hěn tèbié.,سبک دکوراسیون این رستوران خیلی خاصه.,
346,疯狂,fēngkuáng,HSK 5,形/副,1,失去理智，精神状态极不正常（形）,دیوانه؛ جنون‌زده (صفت),形,صفت,变得疯狂 (biàn de fēngkuáng) | 疯狂行为 (fēngkuáng xíngwéi) | 几乎疯狂 (jīhū fēngkuáng),他当时几乎疯狂了。,Tā dāngshí jīhū fēngkuáng le.,اون موقع تقریباً دیوانه شده بود.,
346,疯狂,fēngkuáng,HSK 5,形/副,2,行为或程度极端、强烈，超出正常范围（比喻）（形/副）,افراطی؛ دیوانه‌وار (صفت/قید),形/副,صفت/قید,疯狂购物 (fēngkuáng gòuwù) | 疯狂工作 (fēngkuáng gōngzuò) | 疯狂增长 (fēngkuáng zēngzhǎng) | 疯狂追求 (fēngkuáng zhuīqiú),很多人开始疯狂购物。,Hěn duō rén kāishǐ fēngkuáng gòuwù.,خیلی‌ها شروع کردن به خرید دیوانه‌وار.,
347,风俗,fēngsú,HSK 5,名,1,社会或地区长期形成并流传下来的生活习惯、礼节等（名）,آداب‌ورسوم (اسم),名,اسم,当地风俗 (dāngdì fēngsú) | 风俗习惯 (fēngsú xíguàn) | 民间风俗 (mínjiān fēngsú) | 传统风俗 (chuántǒng fēngsú),每个地方都有不同的风俗。,Měi ge dìfang dōu yǒu bùtóng de fēngsú.,هر منطقه آداب‌ورسوم متفاوتی داره.,
348,风险,fēngxiǎn,HSK 5,名,1,发生危险、损失或不利结果的可能性（名）,ریسک؛ احتمال خطر یا زیان (اسم),名,اسم,承担风险 (chéngdān fēngxiǎn) | 降低风险 (jiàngdī fēngxiǎn) | 投资风险 (tóuzī fēngxiǎn) | 存在风险 (cúnzài fēngxiǎn),任何投资都有一定的风险。,Rènhé tóuzī dōu yǒu yídìng de fēngxiǎn.,هر نوع سرمایه‌گذاری مقداری ریسک داره.,
349,分类,fēnlèi,HSK 5,动/名,1,按照事物的性质、特点等分成不同类别（动）,دسته‌بندی؛ طبقه‌بندی کردن (فعل),动,فعل,按类型分类 (àn lèixíng fēnlèi) | 对文件分类 (duì wénjiàn fēnlèi) | 分类整理 (fēnlèi zhěnglǐ) | 自动分类 (zìdòng fēnlèi),请把这些文件分类整理。,Qǐng bǎ zhèxiē wénjiàn fēnlèi zhěnglǐ.,لطفاً این اسناد رو دسته‌بندی و مرتب کنید.,
349,分类,fēnlèi,HSK 5,动/名,2,划分出的类别或分类方式（名）,دسته‌بندی؛ طبقه‌بندی (اسم),名,اسم,商品分类 (shāngpǐn fēnlèi) | 图书分类 (túshū fēnlèi) | 分类标准 (fēnlèi biāozhǔn) | 调整分类 (tiáozhěng fēnlèi),这个网站的商品分类很清楚。,Zhège wǎngzhàn de shāngpǐn fēnlèi hěn qīngchu.,دسته‌بندی محصولات این وب‌سایت خیلی روشنه.,
350,分离,fēnlí,HSK 5,动,1,使原来在一起的人或事物分开；也指自行分开（动）,جداکردن؛ جداشدن (فعل),动,فعل,彼此分离 (bǐcǐ fēnlí) | 分离出来 (fēnlí chūlái) | 暂时分离 (zànshí fēnlí) | 分离技术 (fēnlí jìshù),这种方法可以把水和油分离。,Zhè zhǒng fāngfǎ kěyǐ bǎ shuǐ hé yóu fēnlí.,این روش می‌تونه آب و روغن رو از هم جدا کنه.,
351,分配,fēnpèi,HSK 5,动,1,按照一定标准把人员、任务、物品或资源安排给有关的人或单位（动）,توزیع یا تخصیص‌دادن (فعل),动,فعل,分配任务 (fēnpèi rènwu) | 分配工作 (fēnpèi gōngzuò) | 分配资源 (fēnpèi zīyuán) | 合理分配 (hélǐ fēnpèi),经理给每个人分配了不同的任务。,Jīnglǐ gěi měi ge rén fēnpèi le bùtóng de rènwu.,مدیر به هرکس وظیفهٔ متفاوتی داد.,
352,分手,fēnshǒu,HSK 5,动,1,恋爱双方结束感情关系（动）,به رابطهٔ عاطفی پایان‌دادن؛ از هم جداشدن (فعل),动,فعل,和男朋友分手 (hé nánpéngyou fēnshǒu) | 决定分手 (juédìng fēnshǒu) | 提出分手 (tíchū fēnshǒu) | 恋人分手 (liànrén fēnshǒu),他们已经分手了。,Tāmen yǐjīng fēnshǒu le.,اون‌ها از هم جدا شدن.,
353,分析,fēnxī,HSK 5,动/名,1,把事物分成不同部分或方面进行研究（动）,تجزیه‌وتحلیل‌کردن (فعل),动,فعل,分析问题 (fēnxī wèntí) | 分析原因 (fēnxī yuányīn) | 分析数据 (fēnxī shùjù) | 仔细分析 (zǐxì fēnxī),我们需要认真分析问题的原因。,Wǒmen xūyào rènzhēn fēnxī wèntí de yuányīn.,باید علت این مشکل رو با دقت تحلیل کنیم.,
353,分析,fēnxī,HSK 5,动/名,2,对事物各部分、特点或原因所作的研究（名）,تحلیل؛ تجزیه‌وتحلیل (اسم),名,اسم,数据分析 (shùjù fēnxī) | 进行分析 (jìnxíng fēnxī) | 分析结果 (fēnxī jiéguǒ) | 深入分析 (shēnrù fēnxī),这份报告包含了详细的数据分析。,Zhè fèn bàogào bāohán le xiángxì de shùjù fēnxī.,این گزارش شامل تحلیل دقیق داده‌هاست.,
354,分享,fēnxiǎng,HSK 5,动,1,与别人共同享受、使用或交流事物、经验、信息等（动）,با دیگران به اشتراک گذاشتن (فعل),动,فعل,分享经验 (fēnxiǎng jīngyàn) | 分享快乐 (fēnxiǎng kuàilè) | 分享信息 (fēnxiǎng xìnxī) | 与朋友分享 (yǔ péngyou fēnxiǎng),她和我们分享了自己的经验。,Tā hé wǒmen fēnxiǎng le zìjǐ de jīngyàn.,اون تجربه‌اش رو با ما به اشتراک گذاشت.,
355,否定,fǒudìng,HSK 5,动/形,1,不承认事物的存在、真实性、价值或合理性（动）,انکار یا ردکردن (فعل),动,فعل,否定事实 (fǒudìng shìshí) | 完全否定 (wánquán fǒudìng) | 否定观点 (fǒudìng guāndiǎn) | 否定价值 (fǒudìng jiàzhí),不能完全否定他的努力。,Bù néng wánquán fǒudìng tā de nǔlì.,نمی‌شه تلاش‌های اون رو کاملاً نادیده گرفت.,
355,否定,fǒudìng,HSK 5,动/形,2,表示否认或不赞成的，与“肯定”相对（形）,منفی؛ ردکننده (صفت),形,صفت,否定回答 (fǒudìng huídá) | 否定态度 (fǒudìng tàidu) | 否定形式 (fǒudìng xíngshì),他给出了否定的回答。,Tā gěichū le fǒudìng de huídá.,او پاسخ منفی داد.,
356,否认,fǒurèn,HSK 5,动,1,不承认某件事、事实或说法是真实的（动）,واقعیت یا ادعایی را انکارکردن (فعل),动,فعل,否认事实 (fǒurèn shìshí) | 否认错误 (fǒurèn cuòwù) | 公开否认 (gōngkāi fǒurèn) | 无法否认 (wúfǎ fǒurèn),他否认自己做过这件事。,Tā fǒurèn zìjǐ zuò guo zhè jiàn shì.,او انکار کرد که این کار رو انجام داده.,
357,扶,fú,HSK 5,动,1,用手支持人或物，使其不倒或帮助其站立、行走（动）,با دست نگه‌داشتن؛ برای راه‌رفتن یا بلندشدن کمک‌کردن (فعل),动,فعل,扶老人 (fú lǎorén) | 扶起来 (fú qǐlái) | 扶着墙 (fú zhe qiáng) | 扶他坐下 (fú tā zuò xià),他扶老人过马路。,Tā fú lǎorén guò mǎlù.,او به یک سالمند کمک کرد از خیابون رد بشه.,
358,福,fú,HSK 5,名,1,幸福、福气或好运（名）,خوشبختی؛ سعادت؛ بخت خوب (اسم),名,اسم,一生有福 (yìshēng yǒu fú) | 福不浅 (fú bù qiǎn) | 带来福气 (dàilái fúqi) | 为子孙积福 (wèi zǐsūn jī fú),她一生有福，家庭也很幸福。,"Tā yìshēng yǒu fú, jiātíng yě hěn xìngfú.",اون در تمام زندگیش خوشبخت بود و خانوادهٔ خوبی هم داشت.,
358,福,fú,HSK 5,名,2,春节时张贴、象征幸福和好运的“福”字（名）,نوشتهٔ نمادین خوشبختی و بخت خوب در سال نو چینی (اسم),名,اسم,门上贴福 (mén shàng tiē fú) | 倒着贴福 (dàozhe tiē fú) | 写一个福 (xiě yí ge fú),春节时，很多人会在门上贴一个福。,"Chūnjié shí, hěn duō rén huì zài mén shàng tiē yí ge fú.",موقع جشن بهار خیلی‌ها نماد خوشبختی رو روی در می‌چسبونن.,
359,副,fù,HSK 5,量,1,用于成套、成组或成对的物品，也用于表情、样子等（量）,واحد شمارش جفت‌ها، مجموعه‌ها و حالت چهره (واحد شمارش),量,واحد شمارش,一副眼镜 (yí fù yǎnjìng) | 一副手套 (yí fù shǒutào) | 一副笑脸 (yí fù xiàoliǎn) | 一副样子 (yí fù yàngzi),他戴着一副眼镜。,Tā dài zhe yí fù yǎnjìng.,او یک عینک به چشم داره.,
360,富,fù,HSK 5,形,1,拥有大量财产或金钱（形）,ثروتمند؛ پولدار (صفت),形,صفت,变富 (biàn fù) | 很富 (hěn fù) | 富起来 (fù qǐlai) | 比以前富 (bǐ yǐqián fù),这个地区的人越来越富了。,Zhège dìqū de rén yuèláiyuè fù le.,مردم این منطقه روزبه‌روز ثروتمندتر می‌شن.,
361,付出,fùchū,HSK 5,动/名,1,拿出时间、精力、劳动或金钱等用于某事（动）,زمان، انرژی، تلاش یا پول صرف‌کردن (فعل),动,فعل,付出努力 (fùchū nǔlì) | 付出代价 (fùchū dàijià) | 付出时间 (fùchū shíjiān) | 付出心血 (fùchū xīnxuè),成功需要付出很多努力。,Chénggōng xūyào fùchū hěn duō nǔlì.,برای موفق‌شدن باید خیلی تلاش کرد.,
361,付出,fùchū,HSK 5,动/名,2,为某事所投入的努力、心血或牺牲（名）,زحمت؛ تلاش؛ فداکاری (اسم),名,اسم,感谢你的付出 (gǎnxiè nǐ de fùchū) | 所有的付出 (suǒyǒu de fùchū) | 付出得到回报 (fùchū dédào huíbào),你的付出不会白费。,Nǐ de fùchū bú huì báifèi.,زحمت‌هات بی‌نتیجه نمی‌مونه.,
362,负担,fùdān,HSK 5,名/动,1,需要承受的压力、责任或费用（名）,بار؛ فشار؛ هزینهٔ سنگین (اسم),名,اسم,经济负担 (jīngjì fùdān) | 家庭负担 (jiātíng fùdān) | 减轻负担 (jiǎnqīng fùdān) | 沉重的负担 (chénzhòng de fùdān),这笔费用对家庭来说是很大的负担。,Zhè bǐ fèiyòng duì jiātíng láishuō shì hěn dà de fùdān.,این هزینه برای خانواده بار سنگینیه.,
362,负担,fùdān,HSK 5,名/动,2,承担费用、责任或压力（动）,هزینه، مسئولیت یا فشاری را تحمل‌کردن (فعل),动,فعل,负担费用 (fùdān fèiyòng) | 负担生活费 (fùdān shēnghuófèi) | 无法负担 (wúfǎ fùdān) | 共同负担 (gòngtóng fùdān),我无法负担这么高的费用。,Wǒ wúfǎ fùdān zhème gāo de fèiyòng.,من از پس چنین هزینهٔ بالایی برنمیام.,
363,夫妇,fūfù,HSK 5,名,1,丈夫和妻子；夫妻（名）,زن و شوهر؛ زوج متأهل (اسم),名,اسم,一对夫妇 (yí duì fūfù) | 年轻夫妇 (niánqīng fūfù) | 夫妇二人 (fūfù èr rén) | 中年夫妇 (zhōngnián fūfù),那对夫妇结婚十年了。,Nà duì fūfù jiéhūn shí nián le.,اون زوج ده ساله که ازدواج کردن.,
364,妇女,fùnǚ,HSK 5,名,1,成年女性的统称，多用于正式或集体语境（较正式）（名）,زنان بزرگسال (رسمی و جمعی) (اسم),名,اسم,妇女权益 (fùnǚ quányì) | 妇女儿童 (fùnǚ értóng) | 农村妇女 (nóngcūn fùnǚ) | 国际妇女节 (Guójì Fùnǚ Jié),我们应该保护妇女的合法权益。,Wǒmen yīnggāi bǎohù fùnǚ de héfǎ quányì.,باید از حقوق قانونی زنان حمایت کنیم.,
365,富有,fùyǒu,HSK 5,形/动,1,拥有大量财产；富裕（形）,ثروتمند؛ متمول (صفت),形,صفت,十分富有 (shífēn fùyǒu) | 富有的人 (fùyǒu de rén) | 变得富有 (biàn de fùyǒu),他虽然富有，但是生活很简单。,"Tā suīrán fùyǒu, dànshì shēnghuó hěn jiǎndān.",با اینکه ثروتمنده، خیلی ساده زندگی می‌کنه.,
365,富有,fùyǒu,HSK 5,形/动,2,具有较多某种积极的性质、经验或特点，后接抽象名词（动）,برخوردار یا سرشار بودن از (فعل),动,فعل,富有经验 (fùyǒu jīngyàn) | 富有创造力 (fùyǒu chuàngzàolì) | 富有感情 (fùyǒu gǎnqíng) | 富有特色 (fùyǒu tèsè),她是一位富有经验的老师。,Tā shì yí wèi fùyǒu jīngyàn de lǎoshī.,او معلم باتجربه‌ایه.,
366,复制,fùzhì,HSK 5,动,1,按照原件制作相同的东西；也指复制电子内容（动）,کپی یا تکثیرکردن (فعل),动,فعل,复制文件 (fùzhì wénjiàn) | 复制内容 (fùzhì nèiróng) | 复制粘贴 (fùzhì zhāntiē) | 无法复制 (wúfǎ fùzhì),请把这个文件复制一份。,Qǐng bǎ zhège wénjiàn fùzhì yí fèn.,لطفاً یک نسخه از این فایل کپی کنید.,
367,服装,fúzhuāng,HSK 5,名,1,衣服的总称，多指具有一定款式或用途的衣着（名）,پوشاک؛ لباس (اسم),名,اسم,服装设计 (fúzhuāng shèjì) | 服装公司 (fúzhuāng gōngsī) | 传统服装 (chuántǒng fúzhuāng) | 服装行业 (fúzhuāng hángyè),她在一家服装公司工作。,Tā zài yì jiā fúzhuāng gōngsī gōngzuò.,او در یک شرکت پوشاک کار می‌کنه.,
368,盖,gài,HSK 5,动,1,把东西放在另一物体上面，使其被遮住或封闭（动）,پوشاندن؛ روی چیزی گذاشتن (فعل),动,فعل,盖被子 (gài bèizi) | 盖盖子 (gài gàizi) | 盖上锅盖 (gài shàng guōgài) | 盖住食物 (gàizhù shíwù),晚上睡觉要盖好被子。,Wǎnshang shuìjiào yào gài hǎo bèizi.,شب موقع خواب باید پتو رو خوب روی خودت بکشی.,
368,盖,gài,HSK 5,动,2,建造房屋等建筑物（动）,ساختن؛ بناکردن (فعل),动,فعل,盖房子 (gài fángzi) | 盖大楼 (gài dàlóu) | 盖学校 (gài xuéxiào) | 盖一座桥 (gài yí zuò qiáo),他们正在这里盖一座新楼。,Tāmen zhèngzài zhèlǐ gài yí zuò xīn lóu.,اون‌ها دارن اینجا یک ساختمان جدید می‌سازن.,
368,盖,gài,HSK 5,动,3,把印章印在文件等物品上（动）,مهرزدن (فعل),动,فعل,盖一个章 (gài yí ge zhāng) | 盖公章 (gài gōngzhāng) | 在合同上盖章 (zài hétong shàng gài zhāng),请在这份文件上盖章。,Qǐng zài zhè fèn wénjiàn shàng gài zhāng.,لطفاً روی این سند مهر بزنید.,
369,改革,gǎigé,HSK 5,动/名,1,改变不合理或不适应现状的制度、体制或方法（动）,نظام، ساختار یا روشی را اصلاح‌کردن (فعل),动,فعل,改革制度 (gǎigé zhìdù) | 改革体制 (gǎigé tǐzhì) | 改革管理方式 (gǎigé guǎnlǐ fāngshì) | 大胆改革 (dàdǎn gǎigé),政府正在改革现有的管理制度。,Zhèngfǔ zhèngzài gǎigé xiànyǒu de guǎnlǐ zhìdù.,دولت داره نظام مدیریتی فعلی رو اصلاح می‌کنه.,
369,改革,gǎigé,HSK 5,动/名,2,对制度、体制或方法进行的重大改变（名）,اصلاحات؛ تغییرات اساسی (اسم),名,اسم,经济改革 (jīngjì gǎigé) | 教育改革 (jiàoyù gǎigé) | 深化改革 (shēnhuà gǎigé) | 推进改革 (tuījìn gǎigé),这项改革带来了很大的变化。,Zhè xiàng gǎigé dàilái le hěn dà de biànhuà.,این اصلاحات تغییرات بزرگی به همراه آورد.,
370,改进,gǎijìn,HSK 5,动,1,改变原有事物，使其变得更好、更完善（动）,بهبوددادن؛ بهترکردن (فعل),动,فعل,改进方法 (gǎijìn fāngfǎ) | 改进技术 (gǎijìn jìshù) | 不断改进 (búduàn gǎijìn) | 改进工作 (gǎijìn gōngzuò),我们需要不断改进工作方法。,Wǒmen xūyào búduàn gǎijìn gōngzuò fāngfǎ.,باید روش‌های کاریمون رو مدام بهتر کنیم.,
371,概括,gàikuò,HSK 5,动,1,归纳出事物的共同特点或主要内容（动）,خلاصه و جمع‌بندی‌کردن (فعل),动,فعل,概括内容 (gàikuò nèiróng) | 概括要点 (gàikuò yàodiǎn) | 简单概括 (jiǎndān gàikuò) | 高度概括 (gāodù gàikuò),请用一句话概括这篇文章的主要内容。,Qǐng yòng yí jù huà gàikuò zhè piān wénzhāng de zhǔyào nèiróng.,لطفاً محتوای اصلی این مقاله رو در یک جمله خلاصه کنید.,
372,概念,gàiniàn,HSK 5,名,1,对事物本质、特点等形成的基本认识（名）,مفهوم؛ برداشت بنیادی (اسم),名,اسم,基本概念 (jīběn gàiniàn) | 法律概念 (fǎlǜ gàiniàn) | 概念清楚 (gàiniàn qīngchu) | 形成概念 (xíngchéng gàiniàn),首先要理解这个基本概念。,Shǒuxiān yào lǐjiě zhège jīběn gàiniàn.,اول باید این مفهوم پایه رو درک کرد.,
373,改善,gǎishàn,HSK 5,动,1,使原有情况变得更好，常用于生活、环境、关系、条件等（动）,وضعیت یا شرایطی را بهبوددادن (فعل),动,فعل,改善生活 (gǎishàn shēnghuó) | 改善环境 (gǎishàn huánjìng) | 改善关系 (gǎishàn guānxì) | 改善条件 (gǎishàn tiáojiàn),政府采取措施改善生活条件。,Zhèngfǔ cǎiqǔ cuòshī gǎishàn shēnghuó tiáojiàn.,دولت برای بهبود شرایط زندگی اقداماتی انجام داده.,
374,改天,gǎitiān,HSK 5,副,1,将来不确定的某一天（口语）（副）,یک روز دیگر؛ بعداً (محاوره‌ای) (قید),副,قید,改天再说 (gǎitiān zài shuō) | 改天见 (gǎitiān jiàn) | 改天请你吃饭 (gǎitiān qǐng nǐ chīfàn),今天太忙了，我们改天再聊吧。,"Jīntiān tài máng le, wǒmen gǎitiān zài liáo ba.",امروز خیلی سرم شلوغه؛ یک روز دیگه حرف می‌زنیم.,
375,改正,gǎizhèng,HSK 5,动,1,把错误的改为正确的（动）,اشتباه یا خطایی را اصلاح‌کردن (فعل),动,فعل,改正错误 (gǎizhèng cuòwù) | 及时改正 (jíshí gǎizhèng) | 改正缺点 (gǎizhèng quēdiǎn) | 主动改正 (zhǔdòng gǎizhèng),发现错误以后要及时改正。,Fāxiàn cuòwù yǐhòu yào jíshí gǎizhèng.,بعد از پیداکردن اشتباه باید به‌موقع اصلاحش کرد.,
376,刚好,gānghǎo,HSK 5,副,1,数量、大小、程度等正合适，不多也不少（副）,دقیقاً به‌اندازه؛ درست و مناسب (قید),副,قید,刚好十点 (gānghǎo shí diǎn) | 刚好够用 (gānghǎo gòuyòng) | 大小刚好 (dàxiǎo gānghǎo) | 温度刚好 (wēndù gānghǎo),这些钱刚好够用。,Zhèxiē qián gānghǎo gòuyòng.,این پول دقیقاً به‌اندازهٔ نیازه.,
376,刚好,gānghǎo,HSK 5,副,2,恰巧在某个时间或遇到某种情况（副）,اتفاقاً؛ درست همان موقع (قید),副,قید,刚好遇到 (gānghǎo yùdào) | 刚好在家 (gānghǎo zài jiā) | 刚好赶上 (gānghǎo gǎnshàng),我到车站时，公交车刚好来了。,"Wǒ dào chēzhàn shí, gōngjiāochē gānghǎo lái le.",وقتی به ایستگاه رسیدم، اتوبوس درست همون موقع اومد.,
377,敢于,gǎnyú,HSK 5,动,1,有勇气做某事，比“敢”正式，后接动词短语（较正式）（动）,جرئت انجام کاری را داشتن (رسمی) (فعل),动,فعل,敢于尝试 (gǎnyú chángshì) | 敢于面对 (gǎnyú miànduì) | 敢于创新 (gǎnyú chuàngxīn) | 敢于承担责任 (gǎnyú chéngdān zérèn),年轻人应该敢于尝试新事物。,Niánqīngrén yīnggāi gǎnyú chángshì xīn shìwù.,جوان‌ها باید جرئت امتحان‌کردن چیزهای جدید رو داشته باشن.,
378,搞,gǎo,HSK 5,动,1,做、从事或开展某种事情（口语）（动）,انجام‌دادن؛ به کاری مشغول‌بودن (محاوره‌ای) (فعل),动,فعل,搞研究 (gǎo yánjiū) | 搞活动 (gǎo huódòng) | 搞建设 (gǎo jiànshè) | 搞项目 (gǎo xiàngmù),他一直在搞科学研究。,Tā yìzhí zài gǎo kēxué yánjiū.,اون همیشه مشغول تحقیقات علمی بوده.,
378,搞,gǎo,HSK 5,动,2,设法取得或弄到所需的东西（口语）（动）,جور یا تهیه‌کردن (محاوره‌ای) (فعل),动,فعل,搞到钱 (gǎo dào qián) | 搞一张票 (gǎo yì zhāng piào) | 搞些材料 (gǎo xiē cáiliào) | 搞到设备 (gǎo dào shèbèi),你能帮我搞一张票吗？,Nǐ néng bāng wǒ gǎo yì zhāng piào ma?,می‌تونی کمکم کنی یک بلیت جور کنم؟,
378,搞,gǎo,HSK 5,动,3,使人或事物变成某种状态，常接结果补语（口语）（动）,باعث ایجاد وضعیتی شدن (محاوره‌ای) (فعل),动,فعل,把机器搞坏 (bǎ jīqì gǎo huài) | 把房间搞乱 (bǎ fángjiān gǎo luàn) | 搞错地址 (gǎo cuò dìzhǐ) | 搞清楚原因 (gǎo qīngchu yuányīn),你把地址搞错了。,Nǐ bǎ dìzhǐ gǎo cuò le.,آدرس رو اشتباه کردی.,
379,告别,gàobié,HSK 5,动,1,离开时向人表示告辞；与人或地方离别（动）,خداحافظی‌کردن؛ از کسی یا جایی جداشدن (فعل),动,فعل,告别朋友 (gàobié péngyou) | 挥手告别 (huīshǒu gàobié) | 告别家人 (gàobié jiārén) | 告别家乡 (gàobié jiāxiāng),他向家人告别后离开了家乡。,Tā xiàng jiārén gàobié hòu líkāi le jiāxiāng.,بعد از خداحافظی با خانواده‌اش، زادگاهش رو ترک کرد.,
379,告别,gàobié,HSK 5,动,2,离开并结束某种生活、状态或过去（比喻）（动）,پشت‌سرگذاشتن؛ پایان‌دادن به (استعاری) (فعل),动,فعل,告别过去 (gàobié guòqù) | 告别贫困 (gàobié pínkùn) | 告别单身生活 (gàobié dānshēn shēnghuó),这个村子终于告别了贫困。,Zhège cūnzi zhōngyú gàobié le pínkùn.,این روستا بالاخره فقر رو پشت‌سر گذاشت.,
380,高大,gāodà,HSK 5,形,1,又高又大，多形容人、建筑物或树木等（形）,بلند و بزرگ؛ قدبلند و تنومند (صفت),形,صفت,身材高大 (shēncái gāodà) | 高大的建筑 (gāodà de jiànzhù) | 高大的树木 (gāodà de shùmù),他身材高大，看起来很强壮。,"Tā shēncái gāodà, kàn qǐlái hěn qiángzhuàng.",اون قدبلند و تنومنده و قوی به نظر میاد.,
380,高大,gāodà,HSK 5,形,2,形象、品格等显得崇高而有力量（比喻）（形）,والا؛ بزرگ و باابهت (استعاری) (صفت),形,صفت,形象高大 (xíngxiàng gāodà) | 高大形象 (gāodà xíngxiàng) | 变得更加高大 (biàn de gèngjiā gāodà),他勇敢的行为使他的形象更加高大。,Tā yǒnggǎn de xíngwéi shǐ tā de xíngxiàng gèngjiā gāodà.,رفتار شجاعانه‌اش باعث شد در نظر دیگران بزرگ‌تر و والاتر به نظر برسه.,
381,高档,gāodàng,HSK 5,形,1,质量、等级或价格较高的（形）,درجه‌بالا؛ لوکس؛ باکیفیت (صفت),形,صفت,高档酒店 (gāodàng jiǔdiàn) | 高档商品 (gāodàng shāngpǐn) | 高档住宅 (gāodàng zhùzhái) | 高档餐厅 (gāodàng cāntīng),这是一家高档酒店。,Zhè shì yì jiā gāodàng jiǔdiàn.,این یک هتل لوکسه.,
382,高度,gāodù,HSK 5,名/副,1,从底部到顶部的距离（名）,ارتفاع (اسم),名,اسم,建筑高度 (jiànzhù gāodù) | 飞行高度 (fēixíng gāodù) | 测量高度 (cèliáng gāodù) | 高度超过百米 (gāodù chāoguò bǎi mǐ),这座楼的高度超过了一百米。,Zhè zuò lóu de gāodù chāoguò le yìbǎi mǐ.,ارتفاع این ساختمان بیشتر از صد متره.,
382,高度,gāodù,HSK 5,名/副,2,思想、发展、成就等达到的较高水平（比喻）（名）,سطح؛ جایگاه بالا (استعاری) (اسم),名,اسم,达到新高度 (dádào xīn gāodù) | 提升到新高度 (tíshēng dào xīn gāodù) | 发展的高度 (fāzhǎn de gāodù),这项技术达到了新的高度。,Zhè xiàng jìshù dádào le xīn de gāodù.,این فناوری به سطح تازه‌ای رسیده.,
382,高度,gāodù,HSK 5,名/副,3,表示程度很高，多用于正式或书面语（较正式）（副）,به‌شدت؛ در سطحی بسیار بالا (رسمی) (قید),副,قید,高度重视 (gāodù zhòngshì) | 高度评价 (gāodù píngjià) | 高度集中 (gāodù jízhōng) | 高度一致 (gāodù yízhì),我们高度重视产品质量。,Wǒmen gāodù zhòngshì chǎnpǐn zhìliàng.,ما برای کیفیت محصول اهمیت خیلی زیادی قائلیم.,
383,高级,gāojí,HSK 5,形,1,级别、程度或职位较高的（形）,پیشرفته؛ سطح‌بالا؛ عالی‌رتبه (صفت),形,صفت,高级人才 (gāojí réncái) | 高级管理人员 (gāojí guǎnlǐ rényuán) | 高级课程 (gāojí kèchéng) | 高级技术 (gāojí jìshù),这是一门高级汉语课程。,Zhè shì yì mén gāojí Hànyǔ kèchéng.,این یک دورهٔ پیشرفتهٔ زبان چینیه.,
384,高科技,gāokējì,HSK 5,名/形,1,建立在现代先进科学基础上的技术（名）,فناوری پیشرفته (اسم),名,اسم,发展高科技 (fāzhǎn gāokējì) | 利用高科技 (lìyòng gāokējì) | 高科技的发展 (gāokējì de fāzhǎn),这个领域需要利用高科技。,Zhège lǐngyù xūyào lìyòng gāokējì.,در این حوزه باید از فناوری پیشرفته استفاده کرد.,
384,高科技,gāokējì,HSK 5,名/形,2,使用或涉及先进科学技术的（形）,دارای فناوری پیشرفته؛ فناورانه (صفت),形,صفت,高科技产业 (gāokējì chǎnyè) | 高科技产品 (gāokējì chǎnpǐn) | 高科技企业 (gāokējì qǐyè),这家公司主要生产高科技产品。,Zhè jiā gōngsī zhǔyào shēngchǎn gāokējì chǎnpǐn.,این شرکت بیشتر محصولات دارای فناوری پیشرفته تولید می‌کنه.,
385,高效,gāoxiào,HSK 5,形/副,1,效率高，能以较少时间或资源取得较好效果（形/副）,کارآمد؛ پربازده؛ به‌شکلی کارآمد (صفت/قید),形/副,صفت/قید,高效工作 (gāoxiào gōngzuò) | 高效管理 (gāoxiào guǎnlǐ) | 高效运行 (gāoxiào yùnxíng) | 高效利用 (gāoxiào lìyòng),这个团队的工作方式非常高效。,Zhège tuánduì de gōngzuò fāngshì fēicháng gāoxiào.,روش کاری این تیم خیلی کارآمده.,
386,隔,gé,HSK 5,动,1,使人或事物分开；也指中间有其他事物阻隔（动）,جداکردن؛ میان دو چیز فاصله یا مانع بودن (فعل),动,فعل,隔着一堵墙 (gé zhe yì dǔ qiáng) | 用屏风隔 (yòng píngfēng gé) | 中间隔一条河 (zhōngjiān gé yì tiáo hé),两个房间中间隔着一堵墙。,Liǎng ge fángjiān zhōngjiān gé zhe yì dǔ qiáng.,بین دو اتاق یک دیوار فاصله‌ست.,
386,隔,gé,HSK 5,动,2,在时间或空间上有一定距离；接时间表示经过相应间隔（动）,از نظر زمان یا مکان فاصله‌داشتن (فعل),动,فعل,隔一天 (gé yì tiān) | 隔三个月 (gé sān ge yuè) | 两地隔得很远 (liǎng dì gé de hěn yuǎn) | 隔一段时间再去 (gé yí duàn shíjiān zài qù),我们隔一天去一次健身房。,Wǒmen gé yì tiān qù yí cì jiànshēnfáng.,ما یک روز در میون به باشگاه می‌ریم.,
387,个别,gèbié,HSK 5,形/副,1,数量极少或仅限于某个、某几个的（形）,معدود؛ تک‌وتوک؛ موردی (صفت),形,صفت,个别情况 (gèbié qíngkuàng) | 个别问题 (gèbié wèntí) | 个别学生 (gèbié xuésheng) | 个别现象 (gèbié xiànxiàng),个别学生还没有完成作业。,Gèbié xuésheng hái méiyǒu wánchéng zuòyè.,تعداد کمی از دانش‌آموزها هنوز تکلیفشون رو تموم نکردن.,
387,个别,gèbié,HSK 5,形/副,2,针对单独的人或情况分别进行（副）,به‌صورت جداگانه و موردی (قید),副,قید,个别处理 (gèbié chǔlǐ) | 个别指导 (gèbié zhǐdǎo) | 个别解决 (gèbié jiějué),特殊情况需要个别处理。,Tèshū qíngkuàng xūyào gèbié chǔlǐ.,موارد خاص باید جداگانه بررسی بشن.,
388,歌词,gēcí,HSK 5,名,1,歌曲中配合音乐演唱的文字（名）,متن ترانه؛ کلمات آهنگ (اسم),名,اسم,这首歌的歌词 (zhè shǒu gē de gēcí) | 写歌词 (xiě gēcí) | 记住歌词 (jìzhù gēcí) | 歌词内容 (gēcí nèiróng),这首歌的歌词很感人。,Zhè shǒu gē de gēcí hěn gǎnrén.,متن این ترانه خیلی تأثیرگذاره.,
389,各行各业,gèháng-gèyè,HSK 5,名,1,社会上各种不同的行业和职业（名）,همهٔ صنایع، حوزه‌ها و مشاغل (اسم),名,اسم,各行各业的人 (gèháng-gèyè de rén) | 来自各行各业 (láizì gèháng-gèyè) | 各行各业的发展 (gèháng-gèyè de fāzhǎn),人工智能正在影响各行各业。,Réngōng zhìnéng zhèngzài yǐngxiǎng gèháng-gèyè.,هوش مصنوعی داره روی همهٔ صنایع و مشاغل تأثیر می‌ذاره.,
390,根,gēn,HSK 5,名/量,1,植物通常生长在土中、吸收水分和养分的部分（名）,ریشهٔ گیاه (اسم),名,اسم,树的根 (shù de gēn) | 根很深 (gēn hěn shēn) | 挖出根 (wāchū gēn) | 从根长出 (cóng gēn zhǎngchū),这棵树的根很深。,Zhè kē shù de gēn hěn shēn.,ریشهٔ این درخت خیلی عمیقه.,
390,根,gēn,HSK 5,名/量,2,事物的根本、来源或起因（比喻）（名）,ریشه؛ منشأ؛ علت اصلی (استعاری) (اسم),名,اسم,问题的根 (wèntí de gēn) | 找出根来 (zhǎochū gēn lái) | 从根上解决 (cóng gēn shàng jiějué) | 文化的根 (wénhuà de gēn),我们必须找到问题的根。,Wǒmen bìxū zhǎodào wèntí de gēn.,باید ریشهٔ مشکل رو پیدا کنیم.,
390,根,gēn,HSK 5,名/量,3,用于长条形、细长或可数的物品（量）,واحد شمارش اشیای باریک و دراز (واحد شمارش),量,واحد شمارش,一根绳子 (yì gēn shéngzi) | 一根头发 (yì gēn tóufa) | 一根筷子 (yì gēn kuàizi) | 一根烟 (yì gēn yān),地上有一根绳子。,Dìshang yǒu yì gēn shéngzi.,یک طناب روی زمینه.,
391,根本,gēnběn,HSK 5,名/形/副,1,事物最基础、最重要并起决定作用的部分（名）,ریشه؛ اساس؛ بنیاد (اسم),名,اسم,问题的根本 (wèntí de gēnběn) | 从根本上解决 (cóng gēnběn shàng jiějué) | 触及根本 (chùjí gēnběn),我们要从根本上解决这个问题。,Wǒmen yào cóng gēnběn shàng jiějué zhège wèntí.,باید این مشکل رو از ریشه حل کنیم.,
391,根本,gēnběn,HSK 5,名/形/副,2,最基础、最重要并起决定作用的（形）,بنیادی؛ اساسی (صفت),形,صفت,根本原因 (gēnběn yuányīn) | 根本问题 (gēnběn wèntí) | 根本原则 (gēnběn yuánzé) | 根本区别 (gēnběn qūbié),这是问题的根本原因。,Zhè shì wèntí de gēnběn yuányīn.,این علت اصلی مشکله.,
391,根本,gēnběn,HSK 5,名/形/副,3,加强语气，表示完全或从本质上，常用于否定（副）,اصلاً؛ اساساً؛ به‌هیچ‌وجه (قید),副,قید,根本不知道 (gēnběn bù zhīdào) | 根本没有 (gēnběn méiyǒu) | 根本不可能 (gēnběn bù kěnéng) | 根本就是错误的 (gēnběn jiù shì cuòwù de),我根本不知道这件事。,Wǒ gēnběn bù zhīdào zhè jiàn shì.,من اصلاً از این موضوع خبر نداشتم.,
392,更换,gēnghuàn,HSK 5,动,1,把原来的换成另一个或新的（动）,تعویض یا جایگزین‌کردن (فعل),动,فعل,更换设备 (gēnghuàn shèbèi) | 更换电池 (gēnghuàn diànchí) | 更换零件 (gēnghuàn língjiàn) | 定期更换 (dìngqī gēnghuàn),这个电池需要更换。,Zhège diànchí xūyào gēnghuàn.,این باتری باید عوض بشه.,
393,更新,gēngxīn,HSK 5,动,1,用新的内容或事物替换旧的，使其保持最新状态（动）,به‌روزرسانی؛ نو یا تازه‌کردن (فعل),动,فعل,更新系统 (gēngxīn xìtǒng) | 更新数据 (gēngxīn shùjù) | 更新设备 (gēngxīn shèbèi) | 及时更新 (jíshí gēngxīn),请及时更新软件。,Qǐng jíshí gēngxīn ruǎnjiàn.,لطفاً نرم‌افزار رو به‌موقع به‌روزرسانی کنید.,
394,歌曲,gēqǔ,HSK 5,名,1,供人演唱的音乐作品（名）,آهنگ؛ ترانه (اسم),名,اسم,流行歌曲 (liúxíng gēqǔ) | 经典歌曲 (jīngdiǎn gēqǔ) | 演唱歌曲 (yǎnchàng gēqǔ) | 一首歌曲 (yì shǒu gēqǔ),这是一首非常流行的歌曲。,Zhè shì yì shǒu fēicháng liúxíng de gēqǔ.,این ترانه خیلی محبوبه.,
395,个人,gèrén,HSK 5,名/代,1,单独的一个人；与集体相对，也指属于个人的（名）,فرد؛ شخص؛ شخصی (اسم),名,اسم,个人利益 (gèrén lìyì) | 个人能力 (gèrén nénglì) | 个人信息 (gèrén xìnxī) | 以个人名义 (yǐ gèrén míngyì),我们应该保护个人信息。,Wǒmen yīnggāi bǎohù gèrén xìnxī.,باید از اطلاعات شخصی محافظت کنیم.,
395,个人,gèrén,HSK 5,名/代,2,用于正式表达自己的看法，相当于“我”（较正式）（代）,من شخصاً (رسمی) (ضمیر),代,ضمیر,个人认为 (gèrén rènwéi) | 依个人看 (yī gèrén kàn) | 就个人而言 (jiù gèrén ér yán),个人认为这个办法更好。,Gèrén rènwéi zhège bànfǎ gèng hǎo.,من شخصاً فکر می‌کنم این روش بهتره.,
396,格外,géwài,HSK 5,副,1,超过通常的程度；特别（副）,به‌طور ویژه؛ بیش از حد معمول (قید),副,قید,格外重要 (géwài zhòngyào) | 格外小心 (géwài xiǎoxīn) | 格外美丽 (géwài měilì) | 格外高兴 (géwài gāoxìng),今天的天气格外好。,Jīntiān de tiānqì géwài hǎo.,هوای امروز به‌طرز خاصی خوبه.,
397,个性,gèxìng,HSK 5,名,1,一个人独有并区别于他人的性格、特点或风格（名）,فردیت؛ شخصیت و سبک خاص (اسم),名,اسم,个性鲜明 (gèxìng xiānmíng) | 展现个性 (zhǎnxiàn gèxìng) | 独特个性 (dútè gèxìng) | 很有个性 (hěn yǒu gèxìng),她是一个很有个性的人。,Tā shì yí ge hěn yǒu gèxìng de rén.,او شخصیت خیلی خاصی داره.,
398,各自,gèzì,HSK 5,代/副,1,各人或各个事物自己一方的（代）,هرکس یا هرکدام؛ متعلق به خودشان (ضمیر),代,ضمیر,各自的任务 (gèzì de rènwu) | 各自的理由 (gèzì de lǐyóu) | 各有各自的特点 (gè yǒu gèzì de tèdiǎn),双方都有各自的理由。,Shuāngfāng dōu yǒu gèzì de lǐyóu.,هر دو طرف دلایل خودشون رو دارن.,
398,各自,gèzì,HSK 5,代/副,2,每个人或每个事物分别进行（副）,هرکدام جداگانه (قید),副,قید,各自负责 (gèzì fùzé) | 各自回家 (gèzì huí jiā) | 各自完成 (gèzì wánchéng) | 各自行动 (gèzì xíngdòng),大家各自完成任务。,Dàjiā gèzì wánchéng rènwu.,هرکس وظیفه‌اش رو جداگانه انجام می‌ده.,
399,公布,gōngbù,HSK 5,动,1,公开发布信息，使公众知道（动）,به‌طور عمومی اعلام یا منتشرکردن (فعل),动,فعل,公布结果 (gōngbù jiéguǒ) | 公布名单 (gōngbù míngdān) | 正式公布 (zhèngshì gōngbù) | 对外公布 (duìwài gōngbù),考试结果将在明天公布。,Kǎoshì jiéguǒ jiāng zài míngtiān gōngbù.,نتایج آزمون فردا اعلام می‌شه.,
400,工程,gōngchéng,HSK 5,名,1,规模较大、需要技术设计和施工的建设或生产项目（名）,پروژهٔ مهندسی، فنی یا عمرانی (اسم),名,اسم,建设工程 (jiànshè gōngchéng) | 大型工程 (dàxíng gōngchéng) | 水利工程 (shuǐlì gōngchéng) | 完成工程 (wánchéng gōngchéng),这项工程需要三年才能完成。,Zhè xiàng gōngchéng xūyào sān nián cái néng wánchéng.,تکمیل این پروژه سه سال طول می‌کشه.,
400,工程,gōngchéng,HSK 5,名,2,运用科学技术进行设计、建造或开发的专业领域（名）,مهندسی؛ حوزهٔ طراحی و ساخت فنی (اسم),名,اسم,工程技术 (gōngchéng jìshù) | 工程专业 (gōngchéng zhuānyè) | 学习工程 (xuéxí gōngchéng) | 工程教育 (gōngchéng jiàoyù),他在大学学习工程。,Tā zài dàxué xuéxí gōngchéng.,او در دانشگاه مهندسی می‌خونه.,
401,工程师,gōngchéngshī,HSK 5,名,1,从事工程设计、建设、开发或技术管理的专业人员（名）,مهندس (اسم),名,اسم,软件工程师 (ruǎnjiàn gōngchéngshī) | 机械工程师 (jīxiè gōngchéngshī) | 汽车工程师 (qìchē gōngchéngshī) | 高级工程师 (gāojí gōngchéngshī),他是一名汽车工程师。,Tā shì yì míng qìchē gōngchéngshī.,او مهندس خودروئه.,
402,工具,gōngjù,HSK 5,名,1,用于完成某项工作的器具（名）,ابزار؛ وسیلهٔ کار (اسم),名,اسم,使用工具 (shǐyòng gōngjù) | 维修工具 (wéixiū gōngjù) | 生产工具 (shēngchǎn gōngjù) | 一套工具 (yí tào gōngjù),这些工具是修车用的。,Zhèxiē gōngjù shì xiū chē yòng de.,این ابزارها برای تعمیر ماشینن.,
402,工具,gōngjù,HSK 5,名,2,用于实现某种目的的方法或手段（比喻）（名）,ابزار، وسیله یا روش رسیدن به هدف (استعاری) (اسم),名,اسم,交流工具 (jiāoliú gōngjù) | 学习工具 (xuéxí gōngjù) | 沟通工具 (gōutōng gōngjù) | 有效工具 (yǒuxiào gōngjù),语言是人类交流的重要工具。,Yǔyán shì rénlèi jiāoliú de zhòngyào gōngjù.,زبان ابزار مهمی برای ارتباط انسان‌هاست.,
403,功能,gōngnéng,HSK 5,名,1,事物、设备或系统具有的作用和能力（名）,کارکرد؛ قابلیت (اسم),名,اسم,主要功能 (zhǔyào gōngnéng) | 功能强大 (gōngnéng qiángdà) | 增加功能 (zēngjiā gōngnéng) | 功能齐全 (gōngnéng qíquán),这个软件有很多新功能。,Zhège ruǎnjiàn yǒu hěn duō xīn gōngnéng.,این نرم‌افزار قابلیت‌های جدید زیادی داره.,
404,公平,gōngpíng,HSK 5,形/名,1,处理事情合理，不偏向任何一方（形）,عادلانه؛ منصفانه (صفت),形,صفت,公平竞争 (gōngpíng jìngzhēng) | 公平对待 (gōngpíng duìdài) | 公平合理 (gōngpíng hélǐ) | 公平的机会 (gōngpíng de jīhuì),每个人都应该得到公平的机会。,Měi ge rén dōu yīnggāi dédào gōngpíng de jīhuì.,همه باید فرصت عادلانه‌ای داشته باشن.,
404,公平,gōngpíng,HSK 5,形/名,2,合理且不偏向任何一方的原则或状态（名）,عدالت؛ انصاف (اسم),名,اسم,维护公平 (wéihù gōngpíng) | 追求公平 (zhuīqiú gōngpíng) | 社会公平 (shèhuì gōngpíng) | 公平与正义 (gōngpíng yǔ zhèngyì),我们应该维护社会公平。,Wǒmen yīnggāi wéihù shèhuì gōngpíng.,باید از عدالت اجتماعی محافظت کنیم.,
405,公务员,gōngwùyuán,HSK 5,名,1,依法在国家行政机关中工作的人员（名）,کارمند دولت (اسم),名,اسم,国家公务员 (guójiā gōngwùyuán) | 公务员考试 (gōngwùyuán kǎoshì) | 成为公务员 (chéngwéi gōngwùyuán) | 公务员制度 (gōngwùyuán zhìdù),他通过考试成为了一名公务员。,Tā tōngguò kǎoshì chéngwéi le yì míng gōngwùyuán.,او با قبولی در آزمون کارمند دولت شد.,
406,恭喜,gōngxǐ,HSK 5,动,1,因别人遇到喜事或取得成功而表示祝贺（动）,تبریک‌گفتن؛ شادباش‌گفتن (فعل),动,فعل,恭喜你 (gōngxǐ nǐ) | 恭喜他获奖 (gōngxǐ tā huòjiǎng) | 恭喜你毕业 (gōngxǐ nǐ bìyè) | 真心恭喜 (zhēnxīn gōngxǐ),恭喜你通过了考试！,Gōngxǐ nǐ tōngguò le kǎoshì!,قبولی در آزمون رو بهت تبریک می‌گم!,
407,贡献,gòngxiàn,HSK 5,动/名,1,把力量、智慧、财物等提供给国家、集体或某项事业（动）,توان، دانش یا دارایی خود را در اختیار کاری گذاشتن (فعل),动,فعل,贡献力量 (gòngxiàn lìliang) | 贡献智慧 (gòngxiàn zhìhuì) | 贡献经验 (gòngxiàn jīngyàn) | 把一生贡献给科学 (bǎ yìshēng gòngxiàn gěi kēxué),他为公司的发展贡献了很多力量。,Tā wèi gōngsī de fāzhǎn gòngxiàn le hěn duō lìliang.,او برای توسعهٔ شرکت تلاش زیادی کرده.,
407,贡献,gòngxiàn,HSK 5,动/名,2,为国家、社会、集体或事业作出的有价值的事情（名）,سهم؛ خدمت ارزشمند (اسم),名,اسم,巨大贡献 (jùdà gòngxiàn) | 重要贡献 (zhòngyào gòngxiàn) | 作出贡献 (zuòchū gòngxiàn) | 对社会的贡献 (duì shèhuì de gòngxiàn),他对科学的发展作出了重要贡献。,Tā duì kēxué de fāzhǎn zuòchū le zhòngyào gòngxiàn.,او سهم مهمی در پیشرفت علم داشته.,
408,共享,gòngxiǎng,HSK 5,动,1,由多人共同使用或享有某种资源、信息或成果（动）,به‌طور مشترک استفاده‌کردن؛ سهیم‌شدن (فعل),动,فعل,共享资源 (gòngxiǎng zīyuán) | 共享信息 (gòngxiǎng xìnxī) | 共享成果 (gòngxiǎng chéngguǒ) | 与他人共享 (yǔ tārén gòngxiǎng),这些资料可以由大家共享。,Zhèxiē zīliào kěyǐ yóu dàjiā gòngxiǎng.,همه می‌تونن به‌طور مشترک از این اطلاعات استفاده کنن.,
409,工业,gōngyè,HSK 5,名,1,开采自然资源并对原材料进行加工生产的产业（名）,صنعت؛ بخش تولید صنعتی (اسم),名,اسم,工业发展 (gōngyè fāzhǎn) | 工业生产 (gōngyè shēngchǎn) | 工业城市 (gōngyè chéngshì) | 现代工业 (xiàndài gōngyè),这个城市的工业发展得很快。,Zhège chéngshì de gōngyè fāzhǎn de hěn kuài.,صنعت این شهر خیلی سریع داره رشد می‌کنه.,
410,工艺,gōngyì,HSK 5,名,1,工业生产中的制造技术、方法和流程（名）,فناوری و فرایند تولید (اسم),名,اسم,生产工艺 (shēngchǎn gōngyì) | 制造工艺 (zhìzào gōngyì) | 工艺流程 (gōngyì liúchéng) | 改进工艺 (gǎijìn gōngyì),这种产品采用了先进的生产工艺。,Zhè zhǒng chǎnpǐn cǎiyòng le xiānjìn de shēngchǎn gōngyì.,این محصول با فرایند تولید پیشرفته‌ای ساخته می‌شه.,
410,工艺,gōngyì,HSK 5,名,2,制作手工艺品等所需的技术和技巧（名）,فن و هنر ساخت (اسم),名,اسم,传统工艺 (chuántǒng gōngyì) | 手工工艺 (shǒugōng gōngyì) | 工艺精湛 (gōngyì jīngzhàn) | 古老工艺 (gǔlǎo gōngyì),这种传统工艺已经有几百年历史了。,Zhè zhǒng chuántǒng gōngyì yǐjīng yǒu jǐ bǎi nián lìshǐ le.,این هنر سنتی چند صد سال قدمت داره.,
411,公寓,gōngyù,HSK 5,名,1,供人居住的成套房间，通常位于多层住宅楼中（名）,آپارتمان؛ واحد مسکونی (اسم),名,اسم,租公寓 (zū gōngyù) | 学生公寓 (xuésheng gōngyù) | 公寓楼 (gōngyù lóu) | 一套公寓 (yí tào gōngyù),她在公司附近租了一套公寓。,Tā zài gōngsī fùjìn zū le yí tào gōngyù.,او نزدیک شرکت یک آپارتمان اجاره کرده.,
412,构成,gòuchéng,HSK 5,动/名,1,由不同部分组成整体；形成某种事物或结果（动）,تشکیل‌دادن؛ به وجود آوردن (فعل),动,فعل,构成威胁 (gòuchéng wēixié) | 构成整体 (gòuchéng zhěngtǐ) | 构成主要原因 (gòuchéng zhǔyào yuányīn) | 由三部分构成 (yóu sān bùfen gòuchéng),这些因素构成了问题的主要原因。,Zhèxiē yīnsù gòuchéng le wèntí de zhǔyào yuányīn.,این عوامل علت اصلی مشکل رو تشکیل می‌دن.,
412,构成,gòuchéng,HSK 5,动/名,2,事物各部分的组成情况或结构（名）,ترکیب؛ ساختار تشکیل‌دهنده (اسم),名,اسم,人员构成 (rényuán gòuchéng) | 年龄构成 (niánlíng gòuchéng) | 构成复杂 (gòuchéng fùzá) | 分析构成 (fēnxī gòuchéng),这个团队的人员构成比较复杂。,Zhège tuánduì de rényuán gòuchéng bǐjiào fùzá.,ترکیب اعضای این تیم نسبتاً پیچیده‌ست.,
413,沟通,gōutōng,HSK 5,动/名,1,与别人交流信息、想法或感情，以增进理解（动）,ارتباط برقرارکردن؛ گفت‌وگوکردن (فعل),动,فعل,与客户沟通 (yǔ kèhù gōutōng) | 及时沟通 (jíshí gōutōng) | 沟通想法 (gōutōng xiǎngfǎ) | 主动沟通 (zhǔdòng gōutōng),我们需要及时和客户沟通。,Wǒmen xūyào jíshí hé kèhù gōutōng.,باید به‌موقع با مشتری‌ها در ارتباط باشیم.,
413,沟通,gōutōng,HSK 5,动/名,2,人与人之间的信息、想法或感情交流（名）,ارتباط؛ گفت‌وگو (اسم),名,اسم,加强沟通 (jiāqiáng gōutōng) | 有效沟通 (yǒuxiào gōutōng) | 缺乏沟通 (quēfá gōutōng) | 保持沟通 (bǎochí gōutōng),良好的沟通可以减少误会。,Liánghǎo de gōutōng kěyǐ jiǎnshǎo wùhuì.,ارتباط خوب می‌تونه سوءتفاهم‌ها رو کمتر کنه.,
414,古,Gǔ,HSK 5,名,1,姓氏（名）,نام خانوادگی گو (اسم),名,اسم,姓古 (xìng Gǔ) | 古先生 (Gǔ xiānsheng) | 古老师 (Gǔ lǎoshī),我们的新老师姓古。,Wǒmen de xīn lǎoshī xìng Gǔ.,نام خانوادگی معلم جدیدمون گوئه.,
415,鼓,gǔ,HSK 5,名/动,1,用手或鼓槌敲击发声的打击乐器（名）,طبل (اسم),名,اسم,打鼓 (dǎ gǔ) | 敲鼓 (qiāo gǔ) | 一面鼓 (yí miàn gǔ) | 大鼓和小鼓 (dà gǔ hé xiǎo gǔ),他正在台上打鼓。,Tā zhèngzài tái shàng dǎ gǔ.,اون روی صحنه داره طبل می‌زنه.,
415,鼓,gǔ,HSK 5,名/动,2,使物体膨胀、凸起；也指物体自行凸起（动）,بادکردن؛ برآمده یا پف‌کردن (فعل),动,فعل,风把帆鼓起来 (fēng bǎ fān gǔ qǐlai) | 鼓着腮帮子 (gǔ zhe sāibāngzi) | 口袋鼓起来了 (kǒudai gǔ qǐlai le),风把船帆鼓起来了。,Fēng bǎ chuánfān gǔ qǐlai le.,باد بادبان کشتی رو باد کرد.,
415,鼓,gǔ,HSK 5,名/动,3,振作或集中勇气、力量等，常与“起、足”连用（动）,جرئت یا نیرو را جمع‌کردن (فعل),动,فعل,鼓起勇气 (gǔ qǐ yǒngqì) | 鼓足勇气 (gǔ zú yǒngqì) | 鼓足干劲 (gǔ zú gànjìn),他终于鼓起勇气说出了真相。,Tā zhōngyú gǔ qǐ yǒngqì shuō chū le zhēnxiàng.,اون بالاخره جرئت پیدا کرد و حقیقت رو گفت.,
416,挂号,guàhào,HSK 5,动,1,在医院登记并取得就诊资格或号码（动）,برای ویزیت پزشک نوبت‌گرفتن (فعل),动,فعل,去医院挂号 (qù yīyuàn guàhào) | 提前挂号 (tíqián guàhào) | 在线挂号 (zàixiàn guàhào) | 挂专家号 (guà zhuānjiā hào),我先去挂号，然后再看医生。,"Wǒ xiān qù guàhào, ránhòu zài kàn yīshēng.",اول نوبت می‌گیرم و بعد می‌رم پیش دکتر.,
416,挂号,guàhào,HSK 5,动,2,登记邮件以便查询、追踪或确认送达（邮政）（动）,نامه یا مرسوله را سفارشی‌کردن (پستی) (فعل),动,فعل,挂号寄信 (guàhào jì xìn) | 挂号寄出 (guàhào jìchū) | 按挂号方式寄 (àn guàhào fāngshì jì),这封重要的信最好挂号寄。,Zhè fēng zhòngyào de xìn zuìhǎo guàhào jì.,بهتره این نامهٔ مهم رو سفارشی بفرستید.,
417,怪,guài,HSK 5,形/动/副,1,奇怪、不正常或与通常情况不同（形）,عجیب؛ غیرعادی (صفت),形,صفت,样子很怪 (yàngzi hěn guài) | 味道很怪 (wèidào hěn guài) | 声音很怪 (shēngyīn hěn guài) | 天气真怪 (tiānqì zhēn guài),今天的天气真怪。,Jīntiān de tiānqì zhēn guài.,هوای امروز واقعاً عجیبه.,
417,怪,guài,HSK 5,形/动/副,2,责备某人或认为某人有责任（动）,سرزنش یا مقصر دانستن (فعل),动,فعل,别怪我 (bié guài wǒ) | 怪自己 (guài zìjǐ) | 不能怪他 (bù néng guài tā) | 都怪天气 (dōu guài tiānqì),这件事不能怪他。,Zhè jiàn shì bù néng guài tā.,نمی‌شه اون رو بابت این موضوع مقصر دونست.,
417,怪,guài,HSK 5,形/动/副,3,表示程度较高，常用“怪＋形容词＋的”结构（口语）（副）,خیلی؛ عجب (محاوره‌ای) (قید),副,قید,怪好的 (guài hǎo de) | 怪可爱的 (guài kě'ài de) | 怪有意思的 (guài yǒuyìsi de),这个孩子怪可爱的。,Zhège háizi guài kě'ài de.,این بچه خیلی دوست‌داشتنیه.,
418,关闭,guānbì,HSK 5,动,1,使场所、设备、系统等停止开放或运行；也指自行停止（动）,بستن؛ تعطیل یا متوقف‌کردن و شدن (فعل),动,فعل,关闭窗口 (guānbì chuāngkǒu) | 关闭工厂 (guānbì gōngchǎng) | 关闭系统 (guānbì xìtǒng) | 暂时关闭 (zànshí guānbì),请关闭所有窗口。,Qǐng guānbì suǒyǒu chuāngkǒu.,لطفاً همهٔ پنجره‌ها رو ببندید.,
419,观察,guānchá,HSK 5,动,1,仔细察看事物的情况、特点或变化（动）,با دقت مشاهده و بررسی‌کردن (فعل),动,فعل,仔细观察 (zǐxì guānchá) | 观察情况 (guānchá qíngkuàng) | 观察变化 (guānchá biànhuà) | 继续观察 (jìxù guānchá),医生正在观察病人的情况。,Yīshēng zhèngzài guānchá bìngrén de qíngkuàng.,پزشک داره وضعیت بیمار رو بررسی می‌کنه.,
420,观点,guāndiǎn,HSK 5,名,1,对某个问题所持的看法或立场（名）,دیدگاه؛ نظر (اسم),名,اسم,个人观点 (gèrén guāndiǎn) | 表达观点 (biǎodá guāndiǎn) | 不同观点 (bùtóng guāndiǎn) | 支持某种观点 (zhīchí mǒu zhǒng guāndiǎn),我同意你的观点。,Wǒ tóngyì nǐ de guāndiǎn.,من با نظرت موافقم.,
421,广,guǎng,HSK 5,形,1,面积、范围或涉及的方面大（形）,وسیع؛ گسترده؛ پهناور (صفت),形,صفت,地域很广 (dìyù hěn guǎng) | 范围很广 (fànwéi hěn guǎng) | 知识面广 (zhīshi miàn guǎng) | 涉及面广 (shèjí miàn guǎng),中国地域很广。,Zhōngguó dìyù hěn guǎng.,چین سرزمین خیلی پهناوری داره.,
422,广场,guǎngchǎng,HSK 5,名,1,供人们集会、休闲或活动的宽阔公共场地（名）,میدان؛ فضای عمومی وسیع (اسم),名,اسم,城市广场 (chéngshì guǎngchǎng) | 中心广场 (zhōngxīn guǎngchǎng) | 在广场上 (zài guǎngchǎng shàng) | 广场中央 (guǎngchǎng zhōngyāng),晚上很多人在广场上散步。,Wǎnshang hěn duō rén zài guǎngchǎng shàng sànbù.,شب‌ها خیلی‌ها توی میدان قدم می‌زنن.,
423,广大,guǎngdà,HSK 5,形,1,面积或空间范围很大（形）,بسیار وسیع؛ پهناور (صفت),形,صفت,广大地区 (guǎngdà dìqū) | 广大农村 (guǎngdà nóngcūn) | 地域广大 (dìyù guǎngdà),这个国家地域广大。,Zhège guójiā dìyù guǎngdà.,این کشور وسعت زیادی داره.,
423,广大,guǎngdà,HSK 5,形,2,人数众多、范围很大的（形）,انبوه؛ شمار زیادی از (صفت),形,صفت,广大群众 (guǎngdà qúnzhòng) | 广大消费者 (guǎngdà xiāofèizhě) | 广大青年 (guǎngdà qīngnián) | 广大读者 (guǎngdà dúzhě),这个产品受到广大消费者的欢迎。,Zhège chǎnpǐn shòudào guǎngdà xiāofèizhě de huānyíng.,این محصول با استقبال خیلی از مصرف‌کننده‌ها روبه‌رو شده.,
424,广泛,guǎngfàn,HSK 5,形/副,1,涉及的范围或方面很大（形）,گسترده؛ فراگیر (صفت),形,صفت,内容广泛 (nèiróng guǎngfàn) | 影响广泛 (yǐngxiǎng guǎngfàn) | 兴趣广泛 (xìngqù guǎngfàn),他的兴趣非常广泛。,Tā de xìngqù fēicháng guǎngfàn.,علایقش خیلی گسترده‌ست.,
424,广泛,guǎngfàn,HSK 5,形/副,2,在很大范围或许多方面进行（副）,به‌طور گسترده (قید),副,قید,广泛应用 (guǎngfàn yìngyòng) | 广泛关注 (guǎngfàn guānzhù) | 广泛讨论 (guǎngfàn tǎolùn) | 广泛征求意见 (guǎngfàn zhēngqiú yìjiàn),这项技术已经得到广泛应用。,Zhè xiàng jìshù yǐjīng dédào guǎngfàn yìngyòng.,این فناوری به‌طور گسترده استفاده شده.,
425,光临,guānglín,HSK 5,动,1,对客人或顾客到来的敬称，多用于服务场所（敬语）（动）,تشریف‌آوردن؛ حضور مشتری یا مهمان (محترمانه) (فعل),动,فعل,欢迎光临 (huānyíng guānglín) | 感谢光临 (gǎnxiè guānglín) | 再次光临 (zàicì guānglín),欢迎光临本店！,Huānyíng guānglín běndiàn!,به فروشگاه ما خوش اومدید!,
426,光明,guāngmíng,HSK 5,名/形,1,明亮的光；明亮而没有黑暗的状态，多用于书面语（书面）（名/形）,روشنایی؛ روشن و نورانی (رسمی) (اسم/صفت),名/形,اسم/صفت,带来光明 (dàilái guāngmíng) | 重见光明 (chóngjiàn guāngmíng) | 走向光明 (zǒuxiàng guāngmíng),太阳给大地带来了光明。,Tàiyáng gěi dàdì dàilái le guāngmíng.,خورشید به زمین روشنایی آورد.,
426,光明,guāngmíng,HSK 5,名/形,2,有希望、有前途的（比喻）（形）,روشن و امیدوارکننده (استعاری) (صفت),形,صفت,光明的未来 (guāngmíng de wèilái) | 前途光明 (qiántú guāngmíng) | 光明的前景 (guāngmíng de qiánjǐng),我们相信未来是光明的。,Wǒmen xiāngxìn wèilái shì guāngmíng de.,باور داریم که آینده روشنه.,
427,光线,guāngxiàn,HSK 5,名,1,光传播的方向和路径；也指环境中的明暗程度（名）,پرتو نور؛ میزان روشنایی (اسم),名,اسم,光线充足 (guāngxiàn chōngzú) | 光线太暗 (guāngxiàn tài àn) | 自然光线 (zìrán guāngxiàn) | 光线柔和 (guāngxiàn róuhé),这个房间的光线很好。,Zhège fángjiān de guāngxiàn hěn hǎo.,نور این اتاق خیلی خوبه.,
428,冠军,guànjūn,HSK 5,名,1,在比赛中获得第一名的个人或集体（名）,قهرمان؛ برندهٔ مقام اول (اسم),名,اسم,世界冠军 (shìjiè guànjūn) | 获得冠军 (huòdé guànjūn) | 全国冠军 (quánguó guànjūn) | 夺得冠军 (duódé guànjūn),他们获得了全国冠军。,Tāmen huòdé le quánguó guànjūn.,اون‌ها قهرمان کشور شدن.,
429,观念,guānniàn,HSK 5,名,1,对事物形成的较稳定的认识、看法或思想（名）,طرز فکر؛ نگرش؛ باور ذهنی (اسم),名,اسم,传统观念 (chuántǒng guānniàn) | 改变观念 (gǎibiàn guānniàn) | 消费观念 (xiāofèi guānniàn) | 教育观念 (jiàoyù guānniàn),年轻人的消费观念正在发生变化。,Niánqīngrén de xiāofèi guānniàn zhèngzài fāshēng biànhuà.,نگرش جوان‌ها به مصرف داره تغییر می‌کنه.,
430,古代,gǔdài,HSK 5,名,1,距离现代较远的过去时代（名）,دوران باستان؛ دوران قدیم (اسم),名,اسم,中国古代 (Zhōngguó gǔdài) | 古代文化 (gǔdài wénhuà) | 古代社会 (gǔdài shèhuì) | 古代文明 (gǔdài wénmíng),中国古代有许多伟大的发明。,Zhōngguó gǔdài yǒu xǔduō wěidà de fāmíng.,در چین باستان اختراعات بزرگ زیادی وجود داشته.,
431,固定,gùdìng,HSK 5,形,1,不改变或不移动的；相对稳定的（形）,ثابت؛ معین؛ بدون تغییر یا جابه‌جایی (صفت),形,صفت,固定时间 (gùdìng shíjiān) | 固定收入 (gùdìng shōurù) | 固定位置 (gùdìng wèizhi),我们每周都有固定的会议时间。,Wǒmen měi zhōu dōu yǒu gùdìng de huìyì shíjiān.,ما هر هفته زمان ثابتی برای جلسه داریم.,
431,固定,gùdìng,HSK 5,动,2,使物体不移动；使位置、状态等确定下来（动）,محکم یا ثابت کردن؛ در وضعیت یا جای معینی نگه داشتن (فعل),动,فعل,固定设备 (gùdìng shèbèi) | 固定在墙上 (gùdìng zài qiáng shàng) | 用螺丝固定 (yòng luósī gùdìng),请把这个设备固定好。,Qǐng bǎ zhège shèbèi gùdìng hǎo.,لطفاً این دستگاه را خوب محکم کنید.,
432,规律,guīlǜ,HSK 5,名,1,事物发展变化中反复出现的内在联系或模式（名）,قانون؛ الگوی منظم حاکم بر تغییر و تحول پدیده‌ها (اسم),名,اسم,发展规律 (fāzhǎn guīlǜ) | 自然规律 (zìrán guīlǜ) | 掌握规律 (zhǎngwò guīlǜ),我们需要了解市场发展的规律。,Wǒmen xūyào liǎojiě shìchǎng fāzhǎn de guīlǜ.,ما باید الگوی تحول بازار را درک کنیم.,
432,规律,guīlǜ,HSK 5,形,2,有固定的次序或周期；有规则（形）,منظم؛ دارای نظم یا برنامه‌ای مشخص (صفت),形,صفت,生活规律 (shēnghuó guīlǜ) | 作息规律 (zuòxī guīlǜ) | 饮食规律 (yǐnshí guīlǜ),规律的生活对健康很重要。,Guīlǜ de shēnghuó duì jiànkāng hěn zhòngyào.,زندگی منظم برای سلامتی بسیار مهم است.,
433,规模,guīmó,HSK 5,名,1,事业、机构、工程、活动等所具有的范围或大小（名）,مقیاس؛ اندازه و گسترهٔ یک فعالیت، سازمان یا پروژه (اسم),名,اسم,扩大规模 (kuòdà guīmó) | 生产规模 (shēngchǎn guīmó) | 规模较大 (guīmó jiào dà),公司计划进一步扩大生产规模。,Gōngsī jìhuà jìnyíbù kuòdà shēngchǎn guīmó.,شرکت قصد دارد مقیاس تولید را بیش‌ازپیش گسترش دهد.,
434,贵姓,guìxìng,HSK 5,名,1,对对方姓氏的敬称，用于礼貌地询问姓氏（名，敬语）,فامیلی شریفتون؛ برای پرسیدن مؤدبانهٔ نام خانوادگی (اسم),名，敬语,اسم,您贵姓 (nín guìxìng) | 请问贵姓 (qǐngwèn guìxìng),请问您贵姓？,Qǐngwèn nín guìxìng?,ببخشید،فامیلی شریف شما چیست؟,
435,规则,guīzé,HSK 5,名,1,规定出来供大家共同遵守的制度或章程（名）,قانون؛ قاعده؛ مقرراتی که باید رعایت شود (اسم),名,اسم,遵守规则 (zūnshǒu guīzé) | 比赛规则 (bǐsài guīzé) | 制定规则 (zhìdìng guīzé),所有人都应该遵守比赛规则。,Suǒyǒu rén dōu yīnggāi zūnshǒu bǐsài guīzé.,همه باید قوانین مسابقه را رعایت کنند.,
436,柜子,guìzi,HSK 5,名,1,有门或抽屉、用来存放物品的家具（名）,کمد؛ کابینت؛ وسیله‌ای برای نگهداری اشیا (اسم),名,اسم,打开柜子 (dǎkāi guìzi) | 放进柜子 (fàng jìn guìzi) | 厨房里的柜子 (chúfáng lǐ de guìzi),文件都放在那个柜子里。,Wénjiàn dōu fàng zài nàge guìzi lǐ.,همهٔ اسناد در آن کمد قرار دارند.,
437,古老,gǔlǎo,HSK 5,形,1,经历了很长时间的；年代久远的（形）,کهن؛ بسیار قدیمی؛ دارای قدمت زیاد (صفت),形,صفت,古老文化 (gǔlǎo wénhuà) | 古老城市 (gǔlǎo chéngshì) | 古老传统 (gǔlǎo chuántǒng),这是一座非常古老的城市。,Zhè shì yí zuò fēicháng gǔlǎo de chéngshì.,این شهر بسیار کهن است.,
438,滚,gǔn,HSK 5,动,1,物体转动着移动；使物体转动着移动（动）,غلتیدن؛ غلتاندن؛ با چرخش حرکت کردن یا حرکت دادن (فعل),动,فعل,球往前滚 (qiú wǎng qián gǔn) | 从坡上滚下来 (cóng pō shàng gǔn xiàlai) | 把球滚过去 (bǎ qiú gǔn guòqu),球从山坡上滚了下来。,Qiú cóng shānpō shàng gǔn le xiàlai.,توپ از دامنهٔ تپه به پایین غلتید.,
438,滚,gǔn,HSK 5,动,2,粗鲁地叫人离开（动，粗鲁）,گم شدن؛ بیرون رفتن، با لحنی توهین‌آمیز (فعل),动，粗鲁,فعل,快滚 (kuài gǔn) | 给我滚 (gěi wǒ gǔn) | 滚出去 (gǔn chūqu),你给我滚出去！,Nǐ gěi wǒ gǔn chūqu!,از اینجا گم شو!,
439,锅,guō,HSK 5,名,1,用来煮、炒、煎等的炊具（名）,دیگ؛ قابلمه؛ ماهیتابه؛ ظرف پخت‌وپز (اسم),名,اسم,一口锅 (yì kǒu guō) | 买一口锅 (mǎi yì kǒu guō) | 锅里的汤 (guō lǐ de tāng),锅里的汤已经热了。,Guō lǐ de tāng yǐjīng rè le.,سوپ داخل قابلمه گرم شده است.,
440,过度,guòdù,HSK 5,形/副,1,超过适当的限度（形/副）,بیش از حد؛ افراطی؛ فراتر از اندازهٔ مناسب (صفت/قید),形/副,صفت/قید,过度消费 (guòdù xiāofèi) | 过度劳累 (guòdù láolèi) | 过度依赖 (guòdù yīlài),过度劳累会影响健康。,Guòdù láolèi huì yǐngxiǎng jiànkāng.,خستگی بیش از حد بر سلامتی تأثیر می‌گذارد.,
441,过分,guòfèn,HSK 5,形/副,1,超过适当的限度，常含批评或不满意味（形/副）,زیاده‌ازحد و نامناسب؛ معمولاً با بار انتقادی (صفت/قید),形/副,صفت/قید,太过分 (tài guòfèn) | 要求过分 (yāoqiú guòfèn) | 过分强调 (guòfèn qiángdiào),你这样说太过分了。,Nǐ zhèyàng shuō tài guòfèn le.,این‌طور حرف زدنت واقعاً زیاده‌روی است.,
442,国画,guóhuà,HSK 5,名,1,用中国传统工具、材料和技法创作的绘画（名）,نقاشی سنتی چینی (اسم),名,اسم,画国画 (huà guóhuà) | 学国画 (xué guóhuà) | 国画作品 (guóhuà zuòpǐn),她从小就喜欢画国画。,Tā cóngxiǎo jiù xǐhuan huà guóhuà.,او از کودکی به کشیدن نقاشی سنتی چینی علاقه داشته است.,
443,过敏,guòmǐn,HSK 5,动/形,1,身体接触或摄入某种物质后产生异常反应（动/形，医学）,حساسیت داشتن؛ دچار واکنش آلرژیک شدن (فعل/صفت، پزشکی),动/形，医学,فعل/صفت، پزشکی,对花粉过敏 (duì huāfěn guòmǐn) | 皮肤过敏 (pífū guòmǐn) | 过敏反应 (guòmǐn fǎnyìng),我对海鲜过敏。,Wǒ duì hǎixiān guòmǐn.,من به غذاهای دریایی حساسیت دارم.,
444,过期,guòqī,HSK 5,动/形,1,超过规定的期限或有效期（动/形）,منقضی شدن؛ از تاریخ اعتبار یا مصرف گذشته (فعل/صفت),动/形,فعل/صفت,食品过期 (shípǐn guòqī) | 过期产品 (guòqī chǎnpǐn) | 已经过期 (yǐjīng guòqī),这个药已经过期了，不能再吃。,"Zhège yào yǐjīng guòqī le, bù néng zài chī.",تاریخ این دارو گذشته است و دیگر نباید آن را مصرف کرد.,
445,国庆,guóqìng,HSK 5,名,1,国家建立或独立的纪念日；在中国通常指十月一日（名）,روز ملی؛ در چین معمولاً روز اول اکتبر (اسم),名,اسم,庆祝国庆 (qìngzhù guóqìng) | 国庆假期 (guóqìng jiàqī) | 欢度国庆 (huāndù guóqìng),国庆期间很多人出去旅游。,Guóqìng qījiān hěn duō rén chūqu lǚyóu.,در تعطیلات روز ملی افراد زیادی به سفر می‌روند.,
446,果然,guǒrán,HSK 5,副,1,事实与预料或所说的情况相符（副）,همان‌طور که انتظار می‌رفت؛ درست مطابق پیش‌بینی (قید),副,قید,果然如此 (guǒrán rúcǐ) | 果然没错 (guǒrán méi cuò) | 果然来了 (guǒrán lái le),天气预报说会下雨，下午果然下了。,"Tiānqì yùbào shuō huì xiàyǔ, xiàwǔ guǒrán xià le.",پیش‌بینی هوا گفته بود باران می‌بارد و بعدازظهر هم واقعاً بارید.,
447,果实,guǒshí,HSK 5,名,1,植物开花后形成的、通常含有种子的部分（名）,میوه؛ ثمر گیاه (اسم),名,اسم,结出果实 (jiēchū guǒshí) | 果实成熟 (guǒshí chéngshú) | 收获果实 (shōuhuò guǒshí),秋天是收获果实的季节。,Qiūtiān shì shōuhuò guǒshí de jìjié.,پاییز فصل برداشت میوه‌هاست.,
447,果实,guǒshí,HSK 5,名,2,经过努力或斗争取得的成果（名，比喻）,ثمره؛ دستاورد حاصل از تلاش یا مبارزه (اسم، مجازی),名，比喻,اسم، مجازی,劳动果实 (láodòng guǒshí) | 胜利果实 (shènglì guǒshí) | 分享果实 (fēnxiǎng guǒshí),这些成果是大家辛勤劳动的果实。,Zhèxiē chéngguǒ shì dàjiā xīnqín láodòng de guǒshí.,این دستاوردها ثمرهٔ تلاش سخت همه است.,
448,过于,guòyú,HSK 5,副,1,超过适当的程度或限度（副）,بیش از حد؛ زیادی (قید),副,قید,过于紧张 (guòyú jǐnzhāng) | 过于复杂 (guòyú fùzá) | 过于依赖 (guòyú yīlài),你不必过于担心。,Nǐ búbì guòyú dānxīn.,لازم نیست بیش از حد نگران باشی.,
449,故乡,gùxiāng,HSK 5,名,1,出生或长期生活过的地方；家乡（名，较书面）,زادگاه؛ موطن، نسبتاً ادبی (اسم),名，较书面,اسم,回到故乡 (huídào gùxiāng) | 思念故乡 (sīniàn gùxiāng) | 远离故乡 (yuǎnlí gùxiāng),多年以后，他终于回到了故乡。,"Duōnián yǐhòu, tā zhōngyú huídào le gùxiāng.",پس از سال‌ها، او سرانجام به زادگاهش بازگشت.,
450,鼓掌,gǔzhǎng,HSK 5,动,1,拍手表示欢迎、赞成或称赞（动）,دست زدن؛ با کف زدن تشویق یا استقبال کردن (فعل),动,فعل,热烈鼓掌 (rèliè gǔzhǎng) | 为他鼓掌 (wèi tā gǔzhǎng) | 鼓掌欢迎 (gǔzhǎng huānyíng),大家为他的精彩演讲热烈鼓掌。,Dàjiā wèi tā de jīngcǎi yǎnjiǎng rèliè gǔzhǎng.,همه برای سخنرانی عالی او با شور و شوق دست زدند.,
451,哈,hā,HSK 5,叹,1,表示笑声，也可表示高兴、得意或惊喜（叹）,ها؛ صدای خنده یا آوای شادی و غافلگیری (حرف ندا),叹,حرف ندا,哈哈大笑 (hāhā dàxiào) | 哈哈笑 (hāhā xiào) | 哈了一声 (hā le yì shēng),哈，你终于来了！,"Hā, nǐ zhōngyú lái le!",ها! بالاخره آمدی!,
452,海关,hǎiguān,HSK 5,名,1,监督进出口并办理检查、征税等事务的国家机构（名）,گمرک؛ سازمان مسئول نظارت بر ورود و خروج کالا (اسم),名,اسم,通过海关 (tōngguò hǎiguān) | 海关检查 (hǎiguān jiǎnchá) | 向海关申报 (xiàng hǎiguān shēnbào),这些货物正在等待海关检查。,Zhèxiē huòwù zhèngzài děngdài hǎiguān jiǎnchá.,این کالاها در انتظار بازرسی گمرک هستند.,
453,海外,hǎiwài,HSK 5,名,1,国外；本国以外的地区（名）,خارج از کشور؛ کشورهای خارجی (اسم),名,اسم,海外市场 (hǎiwài shìchǎng) | 海外投资 (hǎiwài tóuzī) | 远销海外 (yuǎnxiāo hǎiwài),公司正在积极开拓海外市场。,Gōngsī zhèngzài jījí kāituò hǎiwài shìchǎng.,شرکت فعالانه در حال گسترش بازارهای خارجی است.,
454,海鲜,hǎixiān,HSK 5,名,1,供食用的新鲜海洋动物，如鱼、虾、蟹等（名）,غذاهای دریایی؛ مانند ماهی، میگو و خرچنگ (اسم),名,اسم,吃海鲜 (chī hǎixiān) | 海鲜市场 (hǎixiān shìchǎng) | 新鲜的海鲜 (xīnxiān de hǎixiān),这家餐厅的海鲜很新鲜。,Zhè jiā cāntīng de hǎixiān hěn xīnxiān.,غذاهای دریایی این رستوران بسیار تازه‌اند.,
455,含,hán,HSK 5,动,1,把东西放在嘴里，不咽下也不吐出（动）,در دهان نگه داشتن، بدون بلعیدن یا بیرون آوردن (فعل),动,فعل,含在嘴里 (hán zài zuǐ lǐ) | 含一颗糖 (hán yì kē táng) | 嘴里含着药 (zuǐ lǐ hánzhe yào),她嘴里含着一颗糖。,Tā zuǐ lǐ hánzhe yì kē táng.,او یک آب‌نبات در دهانش نگه داشته است.,
455,含,hán,HSK 5,动,2,里面有某种成分、内容或意思（动）,حاوی بودن؛ دربرداشتن؛ شامل بودن (فعل),动,فعل,含糖 (hán táng) | 含大量水分 (hán dàliàng shuǐfèn) | 含特殊意义 (hán tèshū yìyì),这种饮料含大量糖分。,Zhè zhǒng yǐnliào hán dàliàng tángfèn.,این نوشیدنی حاوی مقدار زیادی قند است.,
456,行业,hángyè,HSK 5,名,1,按照工作、生产或经营性质划分的职业类别（名）,صنعت؛ صنف؛ حوزهٔ شغلی یا اقتصادی (اسم),名,اسم,汽车行业 (qìchē hángyè) | 服务行业 (fúwù hángyè) | 进入这个行业 (jìnrù zhège hángyè),他在汽车行业工作了十年。,Tā zài qìchē hángyè gōngzuò le shí nián.,او ده سال در صنعت خودرو کار کرده است.,
457,含量,hánliàng,HSK 5,名,1,某种成分在物质中所占的数量或比例；也可指某种因素所占的程度（名）,مقدار یا درصد یک ماده؛ میزان یک ویژگی (اسم),名,اسم,糖分含量 (tángfèn hánliàng) | 水分含量 (shuǐfèn hánliàng) | 技术含量 (jìshù hánliàng),这种食品的糖分含量很高。,Zhè zhǒng shípǐn de tángfèn hánliàng hěn gāo.,میزان قند این مادهٔ غذایی بسیار بالاست.,
458,汗水,hànshuǐ,HSK 5,名,1,人体皮肤因炎热、运动等排出的液体（名）,عرق؛ مایعی که بر اثر گرما یا فعالیت از پوست خارج می‌شود (اسم),名,اسم,满脸汗水 (mǎnliǎn hànshuǐ) | 擦去汗水 (cāqù hànshuǐ) | 汗水直流 (hànshuǐ zhí liú),他的脸上全是汗水。,Tā de liǎn shàng quán shì hànshuǐ.,صورتش کاملاً خیس عرق بود.,
458,汗水,hànshuǐ,HSK 5,名,2,辛苦劳动或努力的象征（名，比喻）,عرق و زحمت؛ نماد تلاش فراوان (اسم، مجازی),名，比喻,اسم، مجازی,付出汗水 (fùchū hànshuǐ) | 辛勤的汗水 (xīnqín de hànshuǐ) | 汗水换来的成果 (hànshuǐ huànlái de chéngguǒ),成功离不开辛勤的汗水。,Chénggōng líbukāi xīnqín de hànshuǐ.,موفقیت بدون عرق‌ریختن و تلاش فراوان به دست نمی‌آید.,
459,含有,hányǒu,HSK 5,动,1,内部具有或包括某种成分、内容等（动）,حاوی بودن؛ دربرداشتن؛ شامل بودن (فعل),动,فعل,含有维生素 (hányǒu wéishēngsù) | 含有水分 (hányǒu shuǐfèn) | 含有有害物质 (hányǒu yǒuhài wùzhì),这种水果含有丰富的维生素。,Zhè zhǒng shuǐguǒ hányǒu fēngfù de wéishēngsù.,این میوه سرشار از ویتامین است.,
460,好评,hǎopíng,HSK 5,名,1,肯定、赞扬性的评价（名）,نظر مثبت؛ ارزیابی یا بازخورد مثبت (اسم),名,اسم,获得好评 (huòdé hǎopíng) | 用户好评 (yònghù hǎopíng) | 广受好评 (guǎng shòu hǎopíng),这款产品获得了很多用户的好评。,Zhè kuǎn chǎnpǐn huòdé le hěn duō yònghù de hǎopíng.,این محصول نظر مثبت بسیاری از کاربران را جلب کرده است.,
461,好奇,hàoqí,HSK 5,形,1,对不了解的人或事物感兴趣，想进一步知道或探索（形）,کنجکاو؛ مشتاق دانستن یا کشف چیزهای ناشناخته (صفت),形,صفت,感到好奇 (gǎndào hàoqí) | 对新事物好奇 (duì xīn shìwù hàoqí) | 好奇地问 (hàoqí de wèn),孩子们对这台新机器很好奇。,Háizimen duì zhè tái xīn jīqì hěn hàoqí.,بچه‌ها دربارهٔ این دستگاه جدید بسیار کنجکاوند.,
462,好运,hǎoyùn,HSK 5,名,1,好的运气；幸运（名）,خوش‌شانسی؛ خوش‌اقبالی (اسم),名,اسم,祝你好运 (zhù nǐ hǎoyùn) | 带来好运 (dàilái hǎoyùn) | 交好运 (jiāo hǎoyùn),祝你好运，希望你明天考试顺利！,"Zhù nǐ hǎoyùn, xīwàng nǐ míngtiān kǎoshì shùnlì!",برایت آرزوی موفقیت می‌کنم؛ امیدوارم امتحان فردایت خوب پیش برود!,
463,好转,hǎozhuǎn,HSK 5,动,1,情况向好的方向变化（动）,بهتر شدن؛ رو به بهبود رفتن (فعل),动,فعل,病情好转 (bìngqíng hǎozhuǎn) | 情况好转 (qíngkuàng hǎozhuǎn) | 明显好转 (míngxiǎn hǎozhuǎn),经过治疗，他的病情已经明显好转。,"Jīngguò zhìliáo, tā de bìngqíng yǐjīng míngxiǎn hǎozhuǎn.",پس از درمان، وضعیت بیماری او به‌طور محسوسی بهتر شده است.,
464,合,hé,HSK 5,动,1,闭上；使张开的东西合拢（动）,بستن؛ روی هم آوردن بخش‌های بازِ چیزی (فعل),动,فعل,合上书 (héshàng shū) | 合上眼睛 (héshàng yǎnjing) | 把门合上 (bǎ mén héshàng),请把书合上。,Qǐng bǎ shū héshàng.,لطفاً کتاب را ببندید.,
464,合,hé,HSK 5,动,2,结合到一起；使分开的事物聚在一起（动）,به هم پیوستن؛ یکی کردن؛ کنار هم قرار دادن (فعل),动,فعل,合在一起 (hé zài yìqǐ) | 把手合起来 (bǎ shǒu hé qǐlai) | 合成一组 (hé chéng yì zǔ),请把两张桌子合在一起。,Qǐng bǎ liǎng zhāng zhuōzi hé zài yìqǐ.,لطفاً دو میز را کنار هم قرار دهید.,
464,合,hé,HSK 5,动,3,符合；适合（动）,مطابق یا مناسب بودن؛ جور درآمدن (فعل),动,فعل,合标准 (hé biāozhǔn) | 合要求 (hé yāoqiú) | 合心意 (hé xīnyì),这个尺寸不合要求。,Zhège chǐcùn bù hé yāoqiú.,این اندازه با الزامات مطابقت ندارد.,
465,合法,héfǎ,HSK 5,形,1,符合法律规定的（形）,قانونی؛ مطابق با قانون (صفت),形,صفت,合法经营 (héfǎ jīngyíng) | 合法权益 (héfǎ quányì) | 合法途径 (héfǎ tújìng),我们必须通过合法的方式解决问题。,Wǒmen bìxū tōngguò héfǎ de fāngshì jiějué wèntí.,ما باید مشکل را از راه قانونی حل کنیم.,
466,盒饭,héfàn,HSK 5,名,1,装在盒子里按份出售或供应的饭菜（名）,غذای آمادهٔ جعبه‌ای؛ یک وعده غذای بسته‌بندی‌شده (اسم),名,اسم,一份盒饭 (yí fèn héfàn) | 买盒饭 (mǎi héfàn) | 吃盒饭 (chī héfàn),中午我在公司吃了一份盒饭。,Zhōngwǔ wǒ zài gōngsī chī le yí fèn héfàn.,ظهر در شرکت یک وعده غذای جعبه‌ای خوردم.,
467,黑,hēi,HSK 5,形,1,像煤或墨一样的颜色（形）,سیاه؛ به رنگ زغال یا جوهر (صفت),形,صفت,黑头发 (hēi tóufa) | 黑外套 (hēi wàitào) | 又黑又亮 (yòu hēi yòu liàng),他穿着一件黑外套。,Tā chuānzhe yí jiàn hēi wàitào.,او یک کت سیاه پوشیده است.,
467,黑,hēi,HSK 5,形,2,光线很弱或没有光（形）,تاریک؛ کم‌نور یا بدون نور (صفت),形,صفت,天黑了 (tiān hēi le) | 屋里很黑 (wū lǐ hěn hēi) | 四周一片黑 (sìzhōu yí piàn hēi),天已经黑了，我们回家吧。,"Tiān yǐjīng hēi le, wǒmen huí jiā ba.",هوا تاریک شده است؛ به خانه برگردیم.,
467,黑,hēi,HSK 5,形,3,心狠、阴险或做事不公正（形，口语，比喻）,سنگدل؛ بدجنس؛ ناعادلانه و بی‌رحمانه (صفت، محاوره‌ای و مجازی),形，口语，比喻,صفت، محاوره‌ای و مجازی,心太黑 (xīn tài hēi) | 下手真黑 (xiàshǒu zhēn hēi) | 又狠又黑 (yòu hěn yòu hēi),他为了赚钱这样骗人，心太黑了。,"Tā wèile zhuànqián zhèyàng piàn rén, xīn tài hēi le.",او برای پول درآوردن این‌طور مردم را فریب می‌دهد؛ واقعاً سنگدل است.,
468,合理,hélǐ,HSK 5,形,1,合乎道理或实际情况的（形）,منطقی؛ معقول؛ متناسب با واقعیت (صفت),形,صفت,合理安排 (hélǐ ānpái) | 价格合理 (jiàgé hélǐ) | 合理要求 (hélǐ yāoqiú),这个价格比较合理。,Zhège jiàgé bǐjiào hélǐ.,این قیمت نسبتاً معقول است.,
469,河流,héliú,HSK 5,名,1,地表上自然形成并经常或间歇流动的水道（名）,رود؛ رودخانه؛ جریان طبیعی آب (اسم),名,اسم,保护河流 (bǎohù héliú) | 河流污染 (héliú wūrǎn) | 主要河流 (zhǔyào héliú),这条河流经过三个城市。,Zhè tiáo héliú jīngguò sān ge chéngshì.,این رودخانه از سه شهر عبور می‌کند.,
470,合同,hétong,HSK 5,名,1,双方或多方依法订立并共同遵守的协议（名，法律）,قرارداد؛ توافق قانونی و الزام‌آور میان دو یا چند طرف (اسم، حقوقی),名，法律,اسم، حقوقی,签订合同 (qiāndìng hétong) | 劳动合同 (láodòng hétong) | 合同条款 (hétong tiáokuǎn),双方已经正式签订了合同。,Shuāngfāng yǐjīng zhèngshì qiāndìng le hétong.,دو طرف قرارداد را رسماً امضا کرده‌اند.,
471,合影,héyǐng,HSK 5,动/名,1,两人或多人在一起照相（动）,با هم عکس گرفتن؛ عکس گروهی گرفتن (فعل),动,فعل,一起合影 (yìqǐ héyǐng) | 合影留念 (héyǐng liúniàn) | 和朋友合影 (hé péngyou héyǐng),会议结束后，大家一起合影留念。,"Huìyì jiéshù hòu, dàjiā yìqǐ héyǐng liúniàn.",پس از پایان جلسه، همه با هم عکس یادگاری گرفتند.,
471,合影,héyǐng,HSK 5,动/名,2,两人或多人一起拍成的照片（名）,عکس دسته‌جمعی؛ عکس مشترک چند نفر (اسم),名,اسم,一张合影 (yì zhāng héyǐng) | 毕业合影 (bìyè héyǐng) | 全家合影 (quánjiā héyǐng),这是我们毕业时的合影。,Zhè shì wǒmen bìyè shí de héyǐng.,این عکس دسته‌جمعی ما در زمان فارغ‌التحصیلی است.,
472,合作,hézuò,HSK 5,动/名,1,为了共同目的互相配合做事；共同进行的工作或关系（动/名）,همکاری کردن؛ همکاری برای رسیدن به هدفی مشترک (فعل/اسم),动/名,فعل/اسم,加强合作 (jiāqiáng hézuò) | 与对方合作 (yǔ duìfāng hézuò) | 长期合作 (chángqī hézuò),我们希望与贵公司长期合作。,Wǒmen xīwàng yǔ guì gōngsī chángqī hézuò.,امیدواریم همکاری بلندمدتی با شرکت شما داشته باشیم.,
473,红,hóng,HSK 5,形,1,像鲜血或火焰一样的颜色（形）,قرمز؛ سرخ (صفت),形,صفت,红衣服 (hóng yīfu) | 红裙子 (hóng qúnzi) | 又红又亮 (yòu hóng yòu liàng),她今天穿了一件红裙子。,Tā jīntiān chuān le yí jiàn hóng qúnzi.,او امروز یک دامن قرمز پوشیده است.,
473,红,hóng,HSK 5,形,2,受欢迎或很有名（形，口语）,محبوب؛ مشهور؛ پرطرفدار (صفت، محاوره‌ای),形，口语,صفت، محاوره‌ای,最近很红 (zuìjìn hěn hóng) | 一夜之间变红 (yí yè zhījiān biàn hóng) | 在网上很红 (zài wǎngshàng hěn hóng),这位演员最近很红。,Zhè wèi yǎnyuán zuìjìn hěn hóng.,این بازیگر اخیراً بسیار محبوب شده است.,
474,厚度,hòudù,HSK 5,名,1,物体两个相对表面之间的距离（名）,ضخامت؛ فاصلهٔ میان دو سطح مقابل یک جسم (اسم),名,اسم,测量厚度 (cèliáng hòudù) | 材料厚度 (cáiliào hòudù) | 增加厚度 (zēngjiā hòudù),这种钢板的厚度是两毫米。,Zhè zhǒng gāngbǎn de hòudù shì liǎng háomǐ.,ضخامت این ورق فولادی دو میلی‌متر است.,
475,后果,hòuguǒ,HSK 5,名,1,某种行为或事情造成的结果，通常指不好的结果（名）,پیامد؛ عاقبت، معمولاً نتیجه‌ای نامطلوب (اسم),名,اسم,严重后果 (yánzhòng hòuguǒ) | 承担后果 (chéngdān hòuguǒ) | 考虑后果 (kǎolǜ hòuguǒ),你必须考虑这样做的后果。,Nǐ bìxū kǎolǜ zhèyàng zuò de hòuguǒ.,باید پیامد چنین کاری را در نظر بگیری.,
476,猴子,hóuzi,HSK 5,名,1,身体灵活、善于攀爬的灵长类动物（名）,میمون (اسم),名,اسم,一只猴子 (yì zhī hóuzi) | 小猴子 (xiǎo hóuzi) | 猴子爬树 (hóuzi pá shù),猴子正在树上吃香蕉。,Hóuzi zhèngzài shù shàng chī xiāngjiāo.,میمون روی درخت در حال خوردن موز است.,
477,湖,hú,HSK 5,名,1,陆地上面积较大的积水区域（名）,دریاچه (اسم),名,اسم,一个湖 (yí ge hú) | 天然湖 (tiānrán hú) | 湖的对岸 (hú de duì'àn),这个湖的水非常清澈。,Zhège hú de shuǐ fēicháng qīngchè.,آب این دریاچه بسیار زلال است.,
478,滑,huá,HSK 5,形,1,表面光滑，摩擦力小，容易使人或物体滑动（形）,لیز؛ لغزنده (صفت),形,صفت,路很滑 (lù hěn huá) | 地面太滑 (dìmiàn tài huá) | 又湿又滑 (yòu shī yòu huá),下雨以后路很滑。,Xiàyǔ yǐhòu lù hěn huá.,بعد از باران جاده بسیار لغزنده است.,
478,滑,huá,HSK 5,动,2,在光滑的表面上移动；因站立不稳而溜动（动）,سر خوردن؛ لغزیدن (فعل),动,فعل,从坡上滑下来 (cóng pō shàng huá xiàlai) | 向前滑 (xiàng qián huá) | 滑了一跤 (huá le yì jiāo),他从坡上滑了下来。,Tā cóng pō shàng huá le xiàlai.,او از سراشیبی به پایین سر خورد.,
479,划,huà,HSK 5,动,1,用笔或其他工具画出线条、记号或界限（动）,خط یا علامت کشیدن؛ مرزبندی کردن (فعل),动,فعل,划一条线 (huà yì tiáo xiàn) | 划重点 (huà zhòngdiǎn) | 划出范围 (huàchū fànwéi),请在重要的句子下面划线。,Qǐng zài zhòngyào de jùzi xiàmiàn huà xiàn.,لطفاً زیر جمله‌های مهم خط بکشید.,
479,划,huá,HSK 5,动,2,用桨使船在水上前进（动）,پاروزدن؛ با پارو قایق را حرکت دادن (فعل),动,فعل,划船 (huá chuán) | 用桨划 (yòng jiǎng huá) | 划到岸边 (huá dào ànbiān),他们划着小船过了河。,Tāmen huázhe xiǎochuán guò le hé.,آن‌ها با پاروزدن از رودخانه عبور کردند.,
479,划,huá,HSK 5,动,3,用尖锐物体擦过表面，使其破损或留下痕迹（动）,خراشیدن؛ بریدن یا خراش ایجاد کردن (فعل),动,فعل,划破皮肤 (huápò pífū) | 划伤手臂 (huáshāng shǒubì) | 划火柴 (huá huǒchái),他的手被玻璃划破了。,Tā de shǒu bèi bōli huápò le.,دستش با شیشه بریده شد.,
480,化,huà,HSK 5,动,1,形态或性质发生变化；使某物发生变化（动）,تغییر حالت دادن یا تغییر حالت یافتن؛ تبدیل کردن یا شدن (فعل),动,فعل,冰化了 (bīng huà le) | 化成水 (huà chéng shuǐ) | 糖化开了 (táng huàkāi le),冰慢慢化成了水。,Bīng mànmàn huà chéng le shuǐ.,یخ کم‌کم به آب تبدیل شد.,
481,话费,huàfèi,HSK 5,名,1,使用电话或手机通信服务所支付的费用（名）,هزینهٔ خدمات تلفن؛ اعتبار سیم‌کارت (اسم),名,اسم,交话费 (jiāo huàfèi) | 充话费 (chōng huàfèi) | 查询话费 (cháxún huàfèi),我的手机快没话费了。,Wǒ de shǒujī kuài méi huàfèi le.,اعتبار سیم‌کارتم دارد تمام می‌شود.,
482,花费,huāfèi,HSK 5,动/名,1,为做某事使用金钱、时间或精力（动）,صرف کردن؛ هزینه کردن پول، زمان یا انرژی (فعل),动,فعل,花费时间 (huāfèi shíjiān) | 花费精力 (huāfèi jīnglì) | 花费很多钱 (huāfèi hěn duō qián),这个项目花费了我们很多时间。,Zhège xiàngmù huāfèi le wǒmen hěn duō shíjiān.,این پروژه زمان زیادی از ما گرفت.,
482,花费,huāfèi,HSK 5,动/名,2,为某事使用的金钱、时间或精力（名）,هزینه؛ پول، زمان یا انرژی صرف‌شده (اسم),名,اسم,减少花费 (jiǎnshǎo huāfèi) | 旅行花费 (lǚxíng huāfèi) | 总花费 (zǒng huāfèi),这次旅行的总花费不高。,Zhè cì lǚxíng de zǒng huāfèi bù gāo.,هزینهٔ کل این سفر زیاد نبود.,
483,画面,huàmiàn,HSK 5,名,1,出现在电影、电视、照片等中的图像或场景（名）,تصویر؛ نما یا صحنهٔ تصویری (اسم),名,اسم,电视画面 (diànshì huàmiàn) | 画面清晰 (huàmiàn qīngxī) | 温馨的画面 (wēnxīn de huàmiàn),这部电影的画面非常美。,Zhè bù diànyǐng de huàmiàn fēicháng měi.,تصاویر این فیلم بسیار زیبا هستند.,
484,黄瓜,huángguā,HSK 5,名,1,一种通常呈长条形、外皮绿色的蔬菜（名）,خیار (اسم),名,اسم,一根黄瓜 (yì gēn huángguā) | 新鲜黄瓜 (xīnxiān huángguā) | 买黄瓜 (mǎi huángguā),我买了两根新鲜的黄瓜。,Wǒ mǎi le liǎng gēn xīnxiān de huángguā.,من دو خیار تازه خریدم.,
485,黄金,huángjīn,HSK 5,名/形,1,金的通称，一种黄色的贵重金属（名）,طلا؛ فلز گران‌بهای زردرنگ (اسم),名,اسم,黄金价格 (huángjīn jiàgé) | 购买黄金 (gòumǎi huángjīn) | 黄金市场 (huángjīn shìchǎng),最近黄金价格上涨了。,Zuìjìn huángjīn jiàgé shàngzhǎng le.,قیمت طلا اخیراً افزایش یافته است.,
485,黄金,huángjīn,HSK 5,名/形,2,像黄金一样珍贵、重要或有利的（形，比喻）,طلایی؛ بسیار ارزشمند یا مناسب (صفت، مجازی),形，比喻,صفت، مجازی,黄金时期 (huángjīn shíqī) | 黄金时段 (huángjīn shíduàn) | 黄金地段 (huángjīn dìduàn),青少年时期是学习的黄金时期。,Qīngshàonián shíqī shì xuéxí de huángjīn shíqī.,دوران نوجوانی دوره‌ای طلایی برای یادگیری است.,
486,环节,huánjié,HSK 5,名,1,相互关联的过程或工作中的一个部分（名）,مرحله؛ بخش مشخص و مرتبطی از یک فرایند (اسم),名,اسم,重要环节 (zhòngyào huánjié) | 生产环节 (shēngchǎn huánjié) | 关键环节 (guānjiàn huánjié),质量检查是生产过程中的重要环节。,Zhìliàng jiǎnchá shì shēngchǎn guòchéng zhōng de zhòngyào huánjié.,بازرسی کیفیت یکی از مراحل مهم فرایند تولید است.,
487,缓解,huǎnjiě,HSK 5,动,1,减轻或使疼痛、压力、紧张状况等减轻（动）,کاهش یافتن یا کاهش دادن؛ تسکین یافتن یا دادن (فعل),动,فعل,缓解压力 (huǎnjiě yālì) | 缓解疼痛 (huǎnjiě téngtòng) | 症状有所缓解 (zhèngzhuàng yǒusuǒ huǎnjiě),运动可以帮助缓解压力。,Yùndòng kěyǐ bāngzhù huǎnjiě yālì.,ورزش می‌تواند به کاهش استرس کمک کند.,
488,缓慢,huǎnmàn,HSK 5,形,1,速度不快；进行得慢（形）,کند؛ آهسته؛ دارای سرعت پایین (صفت),形,صفت,发展缓慢 (fāzhǎn huǎnmàn) | 进展缓慢 (jìnzhǎn huǎnmàn) | 缓慢增长 (huǎnmàn zēngzhǎng),项目的进展比较缓慢。,Xiàngmù de jìnzhǎn bǐjiào huǎnmàn.,پیشرفت پروژه نسبتاً کند است.,
489,话题,huàtí,HSK 5,名,1,谈话或讨论的主题（名）,موضوع گفتگو یا بحث (اسم),名,اسم,热门话题 (rèmén huàtí) | 转换话题 (zhuǎnhuàn huàtí) | 共同话题 (gòngtóng huàtí),我们换一个话题吧。,Wǒmen huàn yí ge huàtí ba.,بیایید موضوع را عوض کنیم.,
490,化学,huàxué,HSK 5,名,1,研究物质的组成、结构、性质及其变化规律的学科（名）,شیمی؛ علم بررسی ساختار، ترکیب، خواص و تغییرات مواد (اسم),名,اسم,学习化学 (xuéxí huàxué) | 化学专业 (huàxué zhuānyè) | 对化学感兴趣 (duì huàxué gǎn xìngqù),他大学里学的是化学。,Tā dàxué lǐ xué de shì huàxué.,رشتهٔ او در دانشگاه شیمی بود.,
491,蝴蝶,húdié,HSK 5,名,1,有两对翅膀、通常颜色鲜艳的昆虫（名）,پروانه (اسم),名,اسم,一只蝴蝶 (yì zhī húdié) | 美丽的蝴蝶 (měilì de húdié) | 蝴蝶在花间飞 (húdié zài huājiān fēi),花园里有很多漂亮的蝴蝶。,Huāyuán lǐ yǒu hěn duō piàoliang de húdié.,در باغ پروانه‌های زیبای زیادی وجود دارد.,
492,互动,hùdòng,HSK 5,动/名,1,双方互相交流、联系或影响（动/名）,تعامل کردن؛ ارتباط و تأثیر متقابل (فعل/اسم),动/名,فعل/اسم,加强互动 (jiāqiáng hùdòng) | 积极互动 (jījí hùdòng) | 与观众互动 (yǔ guānzhòng hùdòng),老师经常在课堂上和学生互动。,Lǎoshī jīngcháng zài kètáng shàng hé xuésheng hùdòng.,معلم اغلب در کلاس با دانش‌آموزان تعامل می‌کند.,
493,灰,huī,HSK 5,名,1,物质燃烧后留下的粉末状东西（名）,خاکستر؛ پودر باقی‌مانده از سوختن چیزی (اسم),名,اسم,一堆灰 (yì duī huī) | 烧成灰 (shāo chéng huī) | 炉子里的灰 (lúzi lǐ de huī),木柴烧完后只剩下一堆灰。,Mùchái shāowán hòu zhǐ shèngxià yì duī huī.,پس از سوختن هیزم فقط توده‌ای خاکستر باقی ماند.,
493,灰,huī,HSK 5,形,2,介于黑色和白色之间的颜色（形）,خاکستری (صفت),形,صفت,灰外套 (huī wàitào) | 灰头发 (huī tóufa) | 灰墙 (huī qiáng),他穿着一件灰外套。,Tā chuānzhe yí jiàn huī wàitào.,او یک کت خاکستری پوشیده است.,
494,挥,huī,HSK 5,动,1,摆动手臂或手中拿着的东西（动）,تکان دادن دست یا چیزی که در دست است (فعل),动,فعل,挥了挥手 (huī le huī shǒu) | 挥着旗子 (huīzhe qízi) | 挥起拳头 (huīqǐ quántou),他向我们挥了挥手，然后转身离开了。,"Tā xiàng wǒmen huī le huī shǒu, ránhòu zhuǎnshēn líkāi le.",او برایمان دست تکان داد و بعد برگشت و رفت.,
495,恢复,huīfù,HSK 5,动,1,变回或使事物变回原来的正常状态（动）,به حالت عادی بازگشتن یا بازگرداندن؛ بهبود یافتن (فعل),动,فعل,恢复健康 (huīfù jiànkāng) | 恢复正常 (huīfù zhèngcháng) | 恢复体力 (huīfù tǐlì),他的身体正在慢慢恢复。,Tā de shēntǐ zhèngzài mànmàn huīfù.,وضعیت جسمی او کم‌کم در حال بهبود است.,
495,恢复,huīfù,HSK 5,动,2,使中断的活动、关系或秩序重新开始或建立（动）,ازسرگرفتن؛ دوباره برقرار یا فعال کردن (فعل),动,فعل,恢复生产 (huīfù shēngchǎn) | 恢复营业 (huīfù yíngyè) | 恢复联系 (huīfù liánxì),两家公司已经恢复了合作关系。,Liǎng jiā gōngsī yǐjīng huīfù le hézuò guānxì.,دو شرکت روابط همکاری خود را دوباره برقرار کرده‌اند.,
496,汇率,huìlǜ,HSK 5,名,1,一种货币兑换成另一种货币的比率（名，金融）,نرخ ارز؛ نسبت تبدیل یک واحد پول به واحد پول دیگر (اسم، مالی),名，金融,اسم، مالی,人民币汇率 (rénmínbì huìlǜ) | 汇率变化 (huìlǜ biànhuà) | 当前汇率 (dāngqián huìlǜ),最近美元汇率变化很大。,Zuìjìn měiyuán huìlǜ biànhuà hěn dà.,نرخ دلار اخیراً تغییرات زیادی داشته است.,
497,灰色,huīsè,HSK 5,名/形,1,介于黑色和白色之间的颜色；这种颜色的（名/形）,رنگ خاکستری؛ خاکستری‌رنگ (اسم/صفت),名/形,اسم/صفت,灰色西装 (huīsè xīzhuāng) | 深灰色 (shēn huīsè) | 浅灰色 (qiǎn huīsè),他买了一套灰色西装。,Tā mǎi le yí tào huīsè xīzhuāng.,او یک دست کت‌وشلوار خاکستری خرید.,
498,回收,huíshōu,HSK 5,动,1,收回废旧物品，经过处理后再次利用（动）,جمع‌آوری و بازیافت کردن مواد یا وسایل مصرف‌شده (فعل),动,فعل,回收塑料瓶 (huíshōu sùliào píng) | 回收旧电池 (huíshōu jiù diànchí) | 分类回收 (fēnlèi huíshōu),这些塑料瓶可以回收后再次利用。,Zhèxiē sùliào píng kěyǐ huíshōu hòu zàicì lìyòng.,این بطری‌های پلاستیکی را می‌توان بازیافت و دوباره استفاده کرد.,
498,回收,huíshōu,HSK 5,动,2,收回已经发出、出售、投入或借出的物品、产品或资金（动）,پس گرفتن یا بازپس‌گیری کالا، محصول یا سرمایه (فعل),动,فعل,回收产品 (huíshōu chǎnpǐn) | 回收资金 (huíshōu zījīn) | 回收旧设备 (huíshōu jiù shèbèi),公司决定回收这批有问题的产品。,Gōngsī juédìng huíshōu zhè pī yǒu wèntí de chǎnpǐn.,شرکت تصمیم گرفت این سری محصولات معیوب را جمع‌آوری کند.,
499,婚礼,hūnlǐ,HSK 5,名,1,结婚时举行的仪式或庆祝活动（名）,مراسم عروسی؛ جشن ازدواج (اسم),名,اسم,举行婚礼 (jǔxíng hūnlǐ) | 参加婚礼 (cānjiā hūnlǐ) | 婚礼现场 (hūnlǐ xiànchǎng),他们下个月举行婚礼。,Tāmen xià ge yuè jǔxíng hūnlǐ.,آن‌ها ماه آینده مراسم عروسی برگزار می‌کنند.,
500,伙,huǒ,HSK 5,名/量,1,一群共同活动的人；用于计算成群的人（名/量）,گروه یا دسته‌ای از افراد؛ واحد شمارش برای گروه‌های انسانی (اسم/واحد شمارش),名/量,اسم/واحد شمارش,一伙人 (yì huǒ rén) | 分成两伙 (fēn chéng liǎng huǒ) | 跟他们一伙 (gēn tāmen yì huǒ),门口站着一伙人。,Ménkǒu zhànzhe yì huǒ rén.,گروهی جلوی در ایستاده‌اند.,
501,伙伴,huǒbàn,HSK 5,名,1,一起生活、工作或参加某种活动的人（名）,همراه؛ همکار؛ کسی که در کار یا فعالیتی مشترک مشارکت دارد (اسم),名,اسم,儿时伙伴 (érshí huǒbàn) | 学习伙伴 (xuéxí huǒbàn) | 工作伙伴 (gōngzuò huǒbàn),他是我多年的工作伙伴。,Tā shì wǒ duōnián de gōngzuò huǒbàn.,او سال‌هاست همکار و همراه من است.,
502,火锅,huǒguō,HSK 5,名,1,把肉、蔬菜等放进锅里的汤中边煮边吃的一种食物（名）,هات‌پات؛ غذایی که مواد آن هنگام خوردن در قابلمهٔ جوشان پخته می‌شوند (اسم),名,اسم,吃火锅 (chī huǒguō) | 麻辣火锅 (málà huǒguō) | 一顿火锅 (yí dùn huǒguō),冬天我们常常一起吃火锅。,Dōngtiān wǒmen chángcháng yìqǐ chī huǒguō.,زمستان‌ها اغلب با هم هات‌پات می‌خوریم.,
503,或是,huòshì,HSK 5,连,1,表示选择，相当于“或者”（连）,یا؛ یا اینکه، برای بیان انتخاب (حرف ربط),连,حرف ربط,或是这样 (huòshì zhèyàng) | 喝茶或是咖啡 (hē chá huòshì kāfēi) | 今天或是明天 (jīntiān huòshì míngtiān),你可以坐地铁，或是坐公交车。,"Nǐ kěyǐ zuò dìtiě, huòshì zuò gōngjiāochē.",می‌توانی با مترو یا اتوبوس بروی.,
504,货物,huòwù,HSK 5,名,1,供出售、运输或储存的物品（名）,کالا؛ محموله؛ اجناس قابل فروش یا حمل (اسم),名,اسم,运输货物 (yùnshū huòwù) | 检查货物 (jiǎnchá huòwù) | 收到货物 (shōudào huòwù),这批货物已经运到港口了。,Zhè pī huòwù yǐjīng yùn dào gǎngkǒu le.,این محموله به بندر منتقل شده است.,
505,或许,huòxǔ,HSK 5,副,1,表示不确定的推测或可能性（副）,شاید؛ احتمالاً (قید),副,قید,或许可以 (huòxǔ kěyǐ) | 或许会来 (huòxǔ huì lái) | 或许是因为 (huòxǔ shì yīnwèi),他或许已经知道这件事了。,Tā huòxǔ yǐjīng zhīdào zhè jiàn shì le.,شاید او از قبل از این موضوع باخبر شده باشد.,
506,忽视,hūshì,HSK 5,动,1,没有注意到或没有给予应有的重视（动）,نادیده گرفتن؛ به‌اندازهٔ لازم اهمیت ندادن (فعل),动,فعل,忽视问题 (hūshì wèntí) | 忽视安全 (hūshì ānquán) | 不可忽视 (bùkě hūshì),我们不能忽视这个问题。,Wǒmen bù néng hūshì zhège wèntí.,ما نمی‌توانیم این مسئله را نادیده بگیریم.,
507,胡同,hútòng,HSK 5,名,1,城镇里的小街或窄巷，尤其常指北京的传统巷子（名）,کوچه؛ به‌ویژه کوچه‌های سنتی پکن (اسم),名,اسم,北京胡同 (Běijīng hútòng) | 老胡同 (lǎo hútòng) | 胡同文化 (hútòng wénhuà),北京有很多有名的老胡同。,Běijīng yǒu hěn duō yǒumíng de lǎo hútòng.,در پکن کوچه‌های قدیمی معروف زیادی وجود دارد.,
508,户外,hùwài,HSK 5,名/形,1,房屋等建筑物的外面；在露天场所进行的（名/形）,فضای باز؛ بیرون از ساختمان؛ مربوط به محیط باز (اسم/صفت),名/形,اسم/صفت,户外活动 (hùwài huódòng) | 户外运动 (hùwài yùndòng) | 户外广告 (hùwài guǎnggào),周末我们参加了一次户外活动。,Zhōumò wǒmen cānjiā le yí cì hùwài huódòng.,آخر هفته در یک فعالیت فضای باز شرکت کردیم.,
509,呼吸,hūxī,HSK 5,动/名,1,吸入空气并呼出体内气体（动）,نفس کشیدن؛ هوا را به درون کشیدن و بیرون دادن (فعل),动,فعل,呼吸新鲜空气 (hūxī xīnxiān kōngqì) | 均匀呼吸 (jūnyún hūxī) | 慢慢呼吸 (mànmàn hūxī),请慢慢呼吸，放松身体。,"Qǐng mànmàn hūxī, fàngsōng shēntǐ.",لطفاً آرام نفس بکش و بدنت را شل کن.,
509,呼吸,hūxī,HSK 5,动/名,2,吸气和呼气的过程或状态（名）,تنفس؛ فرایند یا حالت نفس کشیدن (اسم),名,اسم,呼吸平稳 (hūxī píngwěn) | 呼吸急促 (hūxī jícù) | 微弱的呼吸 (wēiruò de hūxī),他的呼吸越来越急促。,Tā de hūxī yuèláiyuè jícù.,تنفس او لحظه‌به‌لحظه تندتر می‌شد.,
510,及,jí,HSK 5,连,1,连接并列的名词或名词性成分，相当于“和”，多用于书面语（连，书面）,و؛ و نیز، بیشتر در زبان نوشتاری و رسمی (حرف ربط),连，书面,حرف ربط,中国及其他国家 (Zhōngguó jí qítā guójiā) | 产品及服务 (chǎnpǐn jí fúwù) | 领导及员工 (lǐngdǎo jí yuángōng),会议讨论了产品质量及售后服务。,Huìyì tǎolùn le chǎnpǐn zhìliàng jí shòuhòu fúwù.,در جلسه دربارهٔ کیفیت محصول و خدمات پس از فروش بحث شد.,
511,级,jí,HSK 5,量,1,用于表示等级、年级、台阶等（量）,واحد شمارش برای سطح، درجه، پایهٔ تحصیلی و پله (واحد شمارش),量,واحد شمارش,五级风 (wǔ jí fēng) | 钢琴十级 (gāngqín shí jí) | 一级台阶 (yì jí táijiē),他已经通过了钢琴十级考试。,Tā yǐjīng tōngguò le gāngqín shí jí kǎoshì.,او آزمون سطح دهم پیانو را با موفقیت گذرانده است.,
512,集,jí,HSK 5,动,1,把多种事物集中在一起，多用于书面语（动，较正式）,گردآوردن؛ چند چیز را در یک جا جمع کردن، نسبتاً رسمی (فعل),动，较正式,فعل,集多种功能于一体 (jí duō zhǒng gōngnéng yú yì tǐ) | 集大家的智慧 (jí dàjiā de zhìhuì) | 集各家之长 (jí gè jiā zhī cháng),这款设备集多种功能于一体。,Zhè kuǎn shèbèi jí duō zhǒng gōngnéng yú yì tǐ.,این دستگاه چندین قابلیت را در خود یکجا جمع کرده است.,
512,集,jí,HSK 5,名/量,2,影视剧、广播节目等的一个部分；用于计算这些部分（名/量）,قسمت؛ واحد شمارش برای قسمت‌های سریال و برنامه (اسم/واحد شمارش),名/量,اسم/واحد شمارش,第一集 (dì yī jí) | 最后一集 (zuìhòu yì jí) | 看一集 (kàn yì jí),我昨天看了两集电视剧。,Wǒ zuótiān kàn le liǎng jí diànshìjù.,دیروز دو قسمت سریال دیدم.,
513,系,xì,HSK 5,名,1,高等学校中按照专业设置的教学行政单位（名）,گروه آموزشی دانشگاه؛ بخش دانشگاهی مربوط به یک رشته (اسم),名,اسم,中文系 (Zhōngwén xì) | 法律系 (fǎlǜ xì) | 外语系 (wàiyǔ xì),她是中文系的学生。,Tā shì Zhōngwén xì de xuésheng.,او دانشجوی گروه زبان چینی است.,
513,系,jì,HSK 5,动,2,用绳、带子等打结或把物品拴住（动）,بستن؛ گره زدن یا با بند محکم کردن (فعل),动,فعل,系鞋带 (jì xiédài) | 系安全带 (jì ānquándài) | 系围裙 (jì wéiqún),上车以后请系好安全带。,Shàng chē yǐhòu qǐng jì hǎo ānquándài.,پس از سوارشدن لطفاً کمربند ایمنی خود را ببندید.,
514,挤,jǐ,HSK 5,动/形,1,用力压；在狭小空间或人群中用力移动（动）,فشردن؛ با فشار بیرون آوردن یا از میان جمعیت و فضای تنگ عبور کردن (فعل),动,فعل,挤牙膏 (jǐ yágāo) | 挤进去 (jǐ jìnqu) | 挤出一点时间 (jǐchū yìdiǎn shíjiān),人太多了，我好不容易才挤进去。,"Rén tài duō le, wǒ hǎo bù róngyì cái jǐ jìnqu.",جمعیت خیلی زیاد بود و به‌سختی توانستم خودم را به داخل برسانم.,
514,挤,jǐ,HSK 5,动/形,2,人或物很多，空间显得不够（形）,شلوغ و تنگ؛ پرجمعیت و کم‌جا (صفت),形,صفت,车里很挤 (chē lǐ hěn jǐ) | 房间太挤 (fángjiān tài jǐ) | 又小又挤 (yòu xiǎo yòu jǐ),这个房间住五个人太挤了。,Zhège fángjiān zhù wǔ ge rén tài jǐ le.,این اتاق برای زندگی پنج نفر خیلی تنگ است.,
515,架,jià,HSK 5,动,1,把物体放在或支撑在另一物体上（动）,قرار دادن یا تکیه دادن چیزی روی تکیه‌گاه (فعل),动,فعل,架起梯子 (jiàqǐ tīzi) | 架在墙边 (jià zài qiángbiān) | 架一口锅 (jià yì kǒu guō),工人把梯子架在墙边。,Gōngrén bǎ tīzi jià zài qiángbiān.,کارگر نردبان را به دیوار تکیه داد.,
515,架,jià,HSK 5,量,2,用于飞机、机器及某些有支架的物品（量）,واحد شمارش برای هواپیما، دستگاه و برخی وسایل دارای پایه (واحد شمارش),量,واحد شمارش,一架飞机 (yí jià fēijī) | 一架无人机 (yí jià wúrénjī) | 一架机器 (yí jià jīqì),一架飞机刚刚起飞。,Yí jià fēijī gānggāng qǐfēi.,یک هواپیما همین الان پرواز کرد.,
516,甲,jiǎ,HSK 5,名,1,天干的第一位，也用于表示排列第一或代指第一方（名）,نخستین مورد؛ «الف» یا طرف اول در دسته‌بندی‌ها (اسم),名,اسم,"甲组 (jiǎ zǔ) | 甲队 (jiǎ duì) | 甲、乙两类 (jiǎ, yǐ liǎng lèi)",参赛者被分为甲、乙两组。,"Cānsàizhě bèi fēn wéi jiǎ, yǐ liǎng zǔ.",شرکت‌کنندگان به دو گروه الف و ب تقسیم شدند.,
517,嘉宾,jiābīn,HSK 5,名,1,受到正式邀请参加节目、会议或活动的客人（名）,مهمان ویژه؛ مهمان دعوت‌شده به برنامه یا مراسم (اسم),名,اسم,特邀嘉宾 (tèyāo jiābīn) | 嘉宾名单 (jiābīn míngdān) | 邀请嘉宾 (yāoqǐng jiābīn),今天的嘉宾是一位著名演员。,Jīntiān de jiābīn shì yí wèi zhùmíng yǎnyuán.,مهمان ویژهٔ امروز یک بازیگر مشهور است.,
518,家电,jiādiàn,HSK 5,名,1,家庭中使用的各种电器（名）,لوازم برقی خانگی (اسم),名,اسم,购买家电 (gòumǎi jiādiàn) | 家电市场 (jiādiàn shìchǎng) | 家电价格 (jiādiàn jiàgé),这家商场主要销售家电。,Zhè jiā shāngchǎng zhǔyào xiāoshòu jiādiàn.,این فروشگاه عمدتاً لوازم برقی خانگی می‌فروشد.,
519,加工,jiāgōng,HSK 5,动/名,1,对原材料或半成品进行处理，使其成为产品；这种处理过程（动/名）,فرآوری کردن؛ پردازش مواد اولیه یا نیمه‌ساخته؛ فرایند فرآوری (فعل/اسم),动/名,فعل/اسم,加工零件 (jiāgōng língjiàn) | 食品加工 (shípǐn jiāgōng) | 进一步加工 (jìnyíbù jiāgōng),这些零件需要进一步加工。,Zhèxiē língjiàn xūyào jìnyíbù jiāgōng.,این قطعات به پردازش بیشتری نیاز دارند.,
520,建,jiàn,HSK 5,动,1,建造建筑物；成立或建立组织、事业等（动）,ساختن؛ احداث کردن؛ تأسیس یا ایجاد کردن (فعل),动,فعل,建房子 (jiàn fángzi) | 建工厂 (jiàn gōngchǎng) | 建学校 (jiàn xuéxiào),他们计划在这里建一座新工厂。,Tāmen jìhuà zài zhèlǐ jiàn yí zuò xīn gōngchǎng.,آن‌ها قصد دارند اینجا کارخانه‌ای جدید بسازند.,
521,键,jiàn,HSK 5,名,1,键盘、乐器或设备上用手按动的部分（名）,کلید یا دکمهٔ صفحه‌کلید، ساز یا دستگاه (اسم),名,اسم,按确认键 (àn quèrèn jiàn) | 回车键 (huíchē jiàn) | 钢琴上的键 (gāngqín shàng de jiàn),请按一下确认键。,Qǐng àn yíxià quèrèn jiàn.,لطفاً یک بار کلید تأیید را فشار دهید.,
522,捡,jiǎn,HSK 5,动,1,拾取掉在地上或被丢弃的东西；发现并拾起遗失物（动）,از روی زمین برداشتن؛ پیدا کردن و برداشتن چیز گمشده (فعل),动,فعل,捡起来 (jiǎn qǐlai) | 捡垃圾 (jiǎn lājī) | 捡到钱包 (jiǎn dào qiánbāo),我在路上捡到一个钱包。,Wǒ zài lùshang jiǎn dào yí ge qiánbāo.,من در راه یک کیف پول پیدا کردم.,
523,剪,jiǎn,HSK 5,动,1,用剪刀使物体断开、变短或形成一定形状（动）,با قیچی بریدن؛ کوتاه یا جدا کردن (فعل),动,فعل,剪头发 (jiǎn tóufa) | 剪一块布 (jiǎn yí kuài bù) | 剪下来 (jiǎn xiàlai),我想去剪头发。,Wǒ xiǎng qù jiǎn tóufa.,می‌خواهم بروم موهایم را کوتاه کنم.,
524,剪刀,jiǎndāo,HSK 5,名,1,用来剪断布、纸、头发等的工具（名）,قیچی (اسم),名,اسم,一把剪刀 (yì bǎ jiǎndāo) | 锋利的剪刀 (fēnglì de jiǎndāo) | 用剪刀剪布 (yòng jiǎndāo jiǎn bù),请把剪刀递给我。,Qǐng bǎ jiǎndāo dì gěi wǒ.,لطفاً قیچی را به من بده.,
525,减肥,jiǎnféi,HSK 5,动,1,通过控制饮食、运动等方式减轻体重（动）,وزن کم کردن؛ با رژیم یا ورزش لاغر شدن (فعل),动,فعل,减肥计划 (jiǎnféi jìhuà) | 运动减肥 (yùndòng jiǎnféi) | 减肥成功 (jiǎnféi chénggōng),她每天运动是为了减肥。,Tā měitiān yùndòng shì wèile jiǎnféi.,او هر روز برای کاهش وزن ورزش می‌کند.,
526,讲话,jiǎnghuà,HSK 5,动/名,1,说话；在公开场合发表意见（动）,صحبت کردن؛ در جمع سخن گفتن (فعل),动,فعل,大声讲话 (dàshēng jiǎnghuà) | 上台讲话 (shàngtái jiǎnghuà) | 跟大家讲话 (gēn dàjiā jiǎnghuà),请不要在会上大声讲话。,Qǐng bú yào zài huì shàng dàshēng jiǎnghuà.,لطفاً در جلسه با صدای بلند صحبت نکنید.,
526,讲话,jiǎnghuà,HSK 5,动/名,2,在会议或公开场合发表的正式言论（名）,سخنرانی؛ سخنان یا اظهارات رسمی (اسم),名,اسم,发表讲话 (fābiǎo jiǎnghuà) | 重要讲话 (zhòngyào jiǎnghuà) | 讲话内容 (jiǎnghuà nèiróng),领导发表了重要讲话。,Lǐngdǎo fābiǎo le zhòngyào jiǎnghuà.,مدیر سخنرانی مهمی ایراد کرد.,
527,将近,jiāngjìn,HSK 5,副,1,接近某个时间、数量或程度，但还没有达到（副）,نزدیک به؛ تقریباً، اما هنوز نرسیده به مقدار یا زمان مشخص (قید),副,قید,将近一年 (jiāngjìn yì nián) | 将近十点 (jiāngjìn shí diǎn) | 将近一百人 (jiāngjìn yìbǎi rén),会议开了将近三个小时。,Huìyì kāi le jiāngjìn sān ge xiǎoshí.,جلسه نزدیک به سه ساعت طول کشید.,
528,讲究,jiǎngjiu,HSK 5,动/形/名,1,重视并要求事物的质量、方法、礼节等（动）,به کیفیت، روش یا آداب چیزی اهمیت دادن (فعل),动,فعل,讲究质量 (jiǎngjiu zhìliàng) | 讲究方法 (jiǎngjiu fāngfǎ) | 讲究火候 (jiǎngjiu huǒhou),做这道菜很讲究火候。,Zuò zhè dào cài hěn jiǎngjiu huǒhou.,در پخت این غذا میزان حرارت خیلی مهم است.,
528,讲究,jiǎngjiu,HSK 5,动/形/名,2,精美、考究，质量或安排比较好（形）,شیک؛ نفیس؛ خوش‌ساخت و با دقت آماده‌شده (صفت),形,صفت,穿得讲究 (chuān de jiǎngjiu) | 装修得很讲究 (zhuāngxiū de hěn jiǎngjiu) | 做工讲究 (zuògōng jiǎngjiu),他的办公室装修得很讲究。,Tā de bàngōngshì zhuāngxiū de hěn jiǎngjiu.,دفتر او بسیار شیک و با دقت طراحی شده است.,
528,讲究,jiǎngjiu,HSK 5,动/形/名,3,需要注意的规矩、方法或细节（名）,قاعده؛ اصول و ظرافت‌های خاص یک کار (اسم),名,اسم,有很多讲究 (yǒu hěn duō jiǎngjiu) | 这里面有讲究 (zhè lǐmiàn yǒu jiǎngjiu) | 不懂其中的讲究 (bù dǒng qízhōng de jiǎngjiu),中国人喝茶有很多讲究。,Zhōngguórén hē chá yǒu hěn duō jiǎngjiu.,چای‌نوشیدن در فرهنگ چینی اصول و ظرافت‌های زیادی دارد.,
529,奖励,jiǎnglì,HSK 5,动/名,1,为了表扬或鼓励而给予荣誉、财物等（动）,پاداش دادن؛ با جایزه، پول یا افتخار تشویق کردن (فعل),动,فعل,奖励员工 (jiǎnglì yuángōng) | 奖励优秀学生 (jiǎnglì yōuxiù xuésheng) | 公开奖励 (gōngkāi jiǎnglì),公司奖励了表现优秀的员工。,Gōngsī jiǎnglì le biǎoxiàn yōuxiù de yuángōng.,شرکت به کارکنانی که عملکرد عالی داشتند پاداش داد.,
529,奖励,jiǎnglì,HSK 5,动/名,2,为了表扬或鼓励而给予的荣誉、财物等（名）,پاداش؛ جایزه یا امتیازی برای تشویق (اسم),名,اسم,获得奖励 (huòdé jiǎnglì) | 现金奖励 (xiànjīn jiǎnglì) | 一笔奖励 (yì bǐ jiǎnglì),他获得了一笔现金奖励。,Tā huòdé le yì bǐ xiànjīn jiǎnglì.,او یک پاداش نقدی دریافت کرد.,
530,讲述,jiǎngshù,HSK 5,动,1,把事情、经历或故事有条理地说出来（动）,روایت کردن؛ شرح یا بازگو کردن (فعل),动,فعل,讲述故事 (jiǎngshù gùshi) | 讲述经历 (jiǎngshù jīnglì) | 详细讲述 (xiángxì jiǎngshù),他向我们讲述了自己的经历。,Tā xiàng wǒmen jiǎngshù le zìjǐ de jīnglì.,او تجربه‌های خود را برای ما بازگو کرد.,
531,降水,jiàngshuǐ,HSK 5,名,1,雨、雪、冰雹等从大气中降落到地面的现象（名，气象）,بارش؛ فرودآمدن باران، برف یا تگرگ از جو (اسم، هواشناسی),名，气象,اسم، هواشناسی,出现降水 (chūxiàn jiàngshuǐ) | 降水较少 (jiàngshuǐ jiào shǎo) | 降水集中在夏季 (jiàngshuǐ jízhōng zài xiàjì),这个地区冬季降水很少。,Zhège dìqū dōngjì jiàngshuǐ hěn shǎo.,میزان بارش این منطقه در زمستان بسیار کم است.,
532,讲座,jiǎngzuò,HSK 5,名,1,围绕某个专题进行的讲演或课程（名）,سخنرانی یا جلسهٔ آموزشی دربارهٔ موضوعی مشخص (اسم),名,اسم,学术讲座 (xuéshù jiǎngzuò) | 举办讲座 (jǔbàn jiǎngzuò) | 参加讲座 (cānjiā jiǎngzuò),下午有一场关于人工智能的讲座。,Xiàwǔ yǒu yì chǎng guānyú réngōng zhìnéng de jiǎngzuò.,بعدازظهر یک سخنرانی دربارهٔ هوش مصنوعی برگزار می‌شود.,
533,渐渐,jiànjiàn,HSK 5,副,1,表示程度或情况逐步发生变化（副）,کم‌کم؛ به‌تدریج؛ رفته‌رفته (قید),副,قید,渐渐习惯 (jiànjiàn xíguàn) | 渐渐变冷 (jiànjiàn biàn lěng) | 渐渐消失 (jiànjiàn xiāoshī),天气渐渐变冷了。,Tiānqì jiànjiàn biàn lěng le.,هوا کم‌کم سرد شد.,
534,艰苦,jiānkǔ,HSK 5,形,1,条件差、困难多，需要付出很大努力（形）,سخت و طاقت‌فرسا؛ همراه با دشواری و مشقت (صفت),形,صفت,艰苦生活 (jiānkǔ shēnghuó) | 艰苦条件 (jiānkǔ tiáojiàn) | 工作艰苦 (gōngzuò jiānkǔ),他们在艰苦的条件下完成了任务。,Tāmen zài jiānkǔ de tiáojiàn xià wánchéng le rènwu.,آن‌ها در شرایط دشوار مأموریت را به پایان رساندند.,
535,建立,jiànlì,HSK 5,动,1,使组织、制度、关系、信任等从无到有（动）,ایجاد کردن؛ تأسیس یا برقرار کردن سازمان، نظام یا رابطه (فعل),动,فعل,建立关系 (jiànlì guānxì) | 建立制度 (jiànlì zhìdù) | 建立信任 (jiànlì xìnrèn),双方建立了长期合作关系。,Shuāngfāng jiànlì le chángqī hézuò guānxì.,دو طرف رابطهٔ همکاری بلندمدتی برقرار کردند.,
536,简历,jiǎnlì,HSK 5,名,1,简要说明个人教育、工作经历和技能等情况的材料（名）,رزومه؛ شرح مختصر سوابق تحصیلی، کاری و مهارت‌ها (اسم),名,اسم,个人简历 (gèrén jiǎnlì) | 投简历 (tóu jiǎnlì) | 修改简历 (xiūgǎi jiǎnlì),请把你的简历发给我。,Qǐng bǎ nǐ de jiǎnlì fā gěi wǒ.,لطفاً رزومه‌ات را برای من بفرست.,
537,键盘,jiànpán,HSK 5,名,1,由许多按键组成、用于输入文字或控制设备的装置（名）,صفحه‌کلید؛ وسیله‌ای دارای کلید برای تایپ یا کنترل دستگاه (اسم),名,اسم,电脑键盘 (diànnǎo jiànpán) | 无线键盘 (wúxiàn jiànpán) | 使用键盘 (shǐyòng jiànpán),这个键盘用起来很舒服。,Zhège jiànpán yòng qǐlai hěn shūfu.,کارکردن با این صفحه‌کلید خیلی راحت است.,
538,坚强,jiānqiáng,HSK 5,形,1,意志坚定，能够承受困难或打击（形）,قوی و مقاوم؛ دارای اراده‌ای محکم در برابر سختی‌ها (صفت),形,صفت,意志坚强 (yìzhì jiānqiáng) | 内心坚强 (nèixīn jiānqiáng) | 表现得很坚强 (biǎoxiàn de hěn jiānqiáng),她比我们想象的更坚强。,Tā bǐ wǒmen xiǎngxiàng de gèng jiānqiáng.,او از آنچه تصور می‌کردیم قوی‌تر است.,
539,建设,jiànshè,HSK 5,动/名,1,有计划地创建、发展国家、城市、事业或基础设施（动）,ساختن و توسعه دادن شهر، کشور، زیرساخت یا یک حوزه (فعل),动,فعل,建设城市 (jiànshè chéngshì) | 建设基础设施 (jiànshè jīchǔ shèshī) | 建设新农村 (jiànshè xīn nóngcūn),政府正在建设新的交通设施。,Zhèngfǔ zhèngzài jiànshè xīn de jiāotōng shèshī.,دولت در حال ساخت زیرساخت‌های حمل‌ونقل جدید است.,
539,建设,jiànshè,HSK 5,动/名,2,创建和发展国家、城市、事业或基础设施的工作（名）,ساخت‌وساز و توسعه؛ فعالیت ایجاد و گسترش زیرساخت یا یک حوزه (اسم),名,اسم,城市建设 (chéngshì jiànshè) | 经济建设 (jīngjì jiànshè) | 基础设施建设 (jīchǔ shèshī jiànshè),城市建设需要长期规划。,Chéngshì jiànshè xūyào chángqī guīhuà.,توسعه و ساخت‌وساز شهری به برنامه‌ریزی بلندمدت نیاز دارد.,
540,建造,jiànzào,HSK 5,动,1,修建房屋、桥梁、船舶等较大的具体事物（动）,ساختن؛ احداث کردن ساختمان، پل، کشتی و سازه‌های بزرگ (فعل),动,فعل,建造房屋 (jiànzào fángwū) | 建造大桥 (jiànzào dàqiáo) | 建造船舶 (jiànzào chuánbó),工人们用了五年时间建造这座桥。,Gōngrénmen yòng le wǔ nián shíjiān jiànzào zhè zuò qiáo.,کارگران پنج سال برای ساخت این پل زمان صرف کردند.,
541,简直,jiǎnzhí,HSK 5,副,1,表示情况完全如此或程度非常高，常带强烈的主观、夸张语气（副）,واقعاً؛ اصلاً؛ به‌راستی، برای تأکید شدید یا اغراق (قید),副,قید,简直不敢相信 (jiǎnzhí bù gǎn xiāngxìn) | 简直太好了 (jiǎnzhí tài hǎo le) | 简直无法理解 (jiǎnzhí wúfǎ lǐjiě),这个结果简直让人不敢相信。,Zhège jiéguǒ jiǎnzhí ràng rén bù gǎn xiāngxìn.,این نتیجه واقعاً باورکردنی نیست.,
542,建筑,jiànzhù,HSK 5,动/名,1,修建房屋、道路、桥梁等，多用于较正式的表达（动，较正式）,ساختن و احداث کردن بنا یا سازه، نسبتاً رسمی (فعل),动，较正式,فعل,建筑房屋 (jiànzhù fángwū) | 建筑桥梁 (jiànzhù qiáoliáng) | 建筑于十八世纪 (jiànzhù yú shíbā shìjì),这座宫殿建筑于十八世纪。,Zhè zuò gōngdiàn jiànzhù yú shíbā shìjì.,این کاخ در قرن هجدهم ساخته شده است.,
542,建筑,jiànzhù,HSK 5,动/名,2,人工建造的房屋或其他工程结构（名）,ساختمان؛ بنا؛ سازه (اسم),名,اسم,一座建筑 (yí zuò jiànzhù) | 高层建筑 (gāocéng jiànzhù) | 历史建筑 (lìshǐ jiànzhù),这座建筑有一百多年的历史。,Zhè zuò jiànzhù yǒu yìbǎi duō nián de lìshǐ.,این ساختمان بیش از صد سال قدمت دارد.,
542,建筑,jiànzhù,HSK 5,动/名,3,设计和建造房屋、工程等的技术、行业或学科（名）,معماری؛ صنعت یا دانش طراحی و ساخت بنا (اسم),名,اسم,学习建筑 (xuéxí jiànzhù) | 建筑专业 (jiànzhù zhuānyè) | 从事建筑 (cóngshì jiànzhù),她大学学的是建筑。,Tā dàxué xué de shì jiànzhù.,رشتهٔ او در دانشگاه معماری بود.,
543,较,jiào,HSK 5,副,1,表示具有一定程度，相当于“比较”，多用于书面语（副，书面）,نسبتاً؛ تا حدی، بیشتر در زبان نوشتاری (قید),副，书面,قید,较高 (jiào gāo) | 较大 (jiào dà) | 较为复杂 (jiàowéi fùzá),这个方案的成本较低。,Zhège fāng'àn de chéngběn jiào dī.,هزینهٔ این طرح نسبتاً پایین است.,
544,浇,jiāo,HSK 5,动,1,把水或其他液体倒在物体上；给植物浇水（动）,ریختن مایع روی چیزی؛ آب دادن به گیاه (فعل),动,فعل,浇水 (jiāo shuǐ) | 浇花 (jiāo huā) | 往地上浇水 (wǎng dìshang jiāo shuǐ),别忘了给花浇水。,Bié wàng le gěi huā jiāo shuǐ.,یادت نرود به گل‌ها آب بدهی.,
545,脚步,jiǎobù,HSK 5,名,1,走路时脚的动作或步伐（名）,قدم؛ گام؛ حرکت پا هنگام راه‌رفتن (اسم),名,اسم,加快脚步 (jiākuài jiǎobù) | 放慢脚步 (fàngmàn jiǎobù) | 停下脚步 (tíngxià jiǎobù),他加快脚步向车站走去。,Tā jiākuài jiǎobù xiàng chēzhàn zǒuqu.,او قدم‌هایش را تندتر کرد و به‌طرف ایستگاه رفت.,
545,脚步,jiǎobù,HSK 5,名,2,发展、前进的速度或进程（名，比喻）,روند یا آهنگ حرکت و پیشرفت (اسم، مجازی),名，比喻,اسم، مجازی,前进的脚步 (qiánjìn de jiǎobù) | 跟上时代的脚步 (gēnshàng shídài de jiǎobù) | 放慢发展的脚步 (fàngmàn fāzhǎn de jiǎobù),我们要跟上时代的脚步。,Wǒmen yào gēnshàng shídài de jiǎobù.,باید با روند پیشرفت زمانه همگام شویم.,
546,教材,jiàocái,HSK 5,名,1,教学中使用的书籍、资料等（名）,کتاب و مواد آموزشی مورد استفاده در تدریس (اسم),名,اسم,汉语教材 (Hànyǔ jiàocái) | 编写教材 (biānxiě jiàocái) | 教材内容 (jiàocái nèiróng),这套教材很适合初学者。,Zhè tào jiàocái hěn shìhé chūxuézhě.,این مجموعهٔ آموزشی برای مبتدیان بسیار مناسب است.,
547,角度,jiǎodù,HSK 5,名,1,两条相交的直线或两个平面之间形成的角的大小；观察物体的位置和方向（名）,زاویه؛ جهت و موقعیت نگاه یا قرارگیری یک چیز (اسم),名,اسم,测量角度 (cèliáng jiǎodù) | 调整角度 (tiáozhěng jiǎodù) | 拍摄角度 (pāishè jiǎodù),请调整一下摄像头的角度。,Qǐng tiáozhěng yíxià shèxiàngtóu de jiǎodù.,لطفاً زاویهٔ دوربین را کمی تنظیم کنید.,
547,角度,jiǎodù,HSK 5,名,2,观察、思考或分析问题的立场和出发点（名，比喻）,دیدگاه؛ زاویهٔ نگاه یا رویکرد به یک مسئله (اسم، مجازی),名，比喻,اسم، مجازی,从这个角度看 (cóng zhège jiǎodù kàn) | 从不同角度分析 (cóng bùtóng jiǎodù fēnxī) | 换个角度思考 (huàn ge jiǎodù sīkǎo),我们应该从不同角度分析这个问题。,Wǒmen yīnggāi cóng bùtóng jiǎodù fēnxī zhège wèntí.,باید این مسئله را از زوایای مختلف بررسی کنیم.,
548,交换,jiāohuàn,HSK 5,动,1,双方互相把自己的东西、信息或意见等给对方（动）,مبادله کردن؛ با یکدیگر ردوبدل کردن (فعل),动,فعل,交换意见 (jiāohuàn yìjiàn) | 交换信息 (jiāohuàn xìnxī) | 交换礼物 (jiāohuàn lǐwù),双方交换了意见。,Shuāngfāng jiāohuàn le yìjiàn.,دو طرف دیدگاه‌های خود را مبادله کردند.,
549,交往,jiāowǎng,HSK 5,动/名,1,人与人或团体之间互相来往、联系；这种来往和联系（动/名）,معاشرت و ارتباط داشتن؛ رفت‌وآمد و ارتباط متقابل (فعل/اسم),动/名,فعل/اسم,与人交往 (yǔ rén jiāowǎng) | 友好交往 (yǒuhǎo jiāowǎng) | 正常交往 (zhèngcháng jiāowǎng),他很善于与人交往。,Tā hěn shànyú yǔ rén jiāowǎng.,او در برقراری ارتباط با دیگران بسیار ماهر است.,
550,交易,jiāoyì,HSK 5,动/名,1,买卖商品、资产等；买卖双方达成的具体业务（动/名）,معامله کردن؛ معامله و دادوستد تجاری (فعل/اسم),动/名,فعل/اسم,进行交易 (jìnxíng jiāoyì) | 完成交易 (wánchéng jiāoyì) | 一笔交易 (yì bǐ jiāoyì),双方已经完成了这笔交易。,Shuāngfāng yǐjīng wánchéng le zhè bǐ jiāoyì.,دو طرف این معامله را تکمیل کرده‌اند.,
551,加热,jiārè,HSK 5,动,1,使物体的温度升高（动）,گرم کردن؛ حرارت دادن (فعل),动,فعل,加热食物 (jiārè shíwù) | 加热牛奶 (jiārè niúnǎi) | 重新加热 (chóngxīn jiārè),请把饭加热一下。,Qǐng bǎ fàn jiārè yíxià.,لطفاً غذا را کمی گرم کنید.,
552,假如,jiǎrú,HSK 5,连,1,表示假设的条件，相当于“如果”（连）,اگر؛ فرض کنیم که، برای بیان شرط یا فرض (حرف ربط),连,حرف ربط,假如有一天 (jiǎrú yǒu yì tiān) | 假如可以 (jiǎrú kěyǐ) | 假如没有 (jiǎrú méiyǒu),假如明天下雨，我们就不去了。,"Jiǎrú míngtiān xiàyǔ, wǒmen jiù bú qù le.",اگر فردا باران ببارد، دیگر نمی‌رویم.,
553,加深,jiāshēn,HSK 5,动,1,使程度变得更深；程度变得更深（动）,عمیق‌تر کردن یا عمیق‌تر شدن؛ افزایش یافتن شدت یا عمق (فعل),动,فعل,加深了解 (jiāshēn liǎojiě) | 加深印象 (jiāshēn yìnxiàng) | 颜色逐渐加深 (yánsè zhújiàn jiāshēn),这次访问加深了双方的了解。,Zhè cì fǎngwèn jiāshēn le shuāngfāng de liǎojiě.,این دیدار شناخت دو طرف از یکدیگر را عمیق‌تر کرد.,
554,驾驶,jiàshǐ,HSK 5,动,1,操纵汽车、船舶、飞机等交通工具使其行驶（动）,راندن و هدایت کردن خودرو، کشتی، هواپیما و مانند آن (فعل),动,فعل,驾驶汽车 (jiàshǐ qìchē) | 驾驶车辆 (jiàshǐ chēliàng) | 安全驾驶 (ānquán jiàshǐ),他已经驾驶这辆车很多年了。,Tā yǐjīng jiàshǐ zhè liàng chē hěn duō nián le.,او سال‌هاست این خودرو را می‌راند.,
555,加速,jiāsù,HSK 5,动,1,提高速度；使过程进行得更快（动）,سرعت یا شتاب گرفتن؛ سریع‌تر کردن یک فرایند (فعل),动,فعل,汽车加速 (qìchē jiāsù) | 加速发展 (jiāsù fāzhǎn) | 加速经济增长 (jiāsù jīngjì zēngzhǎng),汽车开始加速。,Qìchē kāishǐ jiāsù.,خودرو شروع به شتاب گرفتن کرد.,
556,家务,jiāwù,HSK 5,名,1,家庭日常生活中需要处理的事情，如做饭、打扫等（名）,کارهای خانه؛ مانند آشپزی، نظافت و شست‌وشو (اسم),名,اسم,做家务 (zuò jiāwù) | 分担家务 (fēndān jiāwù) | 繁重的家务 (fánzhòng de jiāwù),我们应该一起分担家务。,Wǒmen yīnggāi yìqǐ fēndān jiāwù.,ما باید کارهای خانه را با هم تقسیم کنیم.,
557,驾照,jiàzhào,HSK 5,名,1,驾驶证的口语简称，表示准许驾驶机动车的证件（名，口语）,گواهینامهٔ رانندگی، تعبیر رایج محاوره‌ای (اسم),名，口语,اسم,考驾照 (kǎo jiàzhào) | 拿到驾照 (nádào jiàzhào) | 驾照考试 (jiàzhào kǎoshì),我去年拿到了驾照。,Wǒ qùnián nádào le jiàzhào.,من سال گذشته گواهینامه گرفتم.,
558,价值,jiàzhí,HSK 5,名,1,商品或事物所具有的经济价值或价格（名）,ارزش اقتصادی یا مادی یک کالا یا دارایی (اسم),名,اسم,市场价值 (shìchǎng jiàzhí) | 商业价值 (shāngyè jiàzhí) | 价值百万 (jiàzhí bǎiwàn),这套设备具有很高的市场价值。,Zhè tào shèbèi jùyǒu hěn gāo de shìchǎng jiàzhí.,این تجهیزات ارزش بازار بالایی دارند.,
558,价值,jiàzhí,HSK 5,名,2,事物所具有的作用、意义或重要性（名）,ارزش؛ فایده، اهمیت یا معنای یک چیز (اسم),名,اسم,研究价值 (yánjiū jiàzhí) | 实用价值 (shíyòng jiàzhí) | 很有价值 (hěn yǒu jiàzhí),这项研究具有重要价值。,Zhè xiàng yánjiū jùyǒu zhòngyào jiàzhí.,این پژوهش ارزش زیادی دارد.,
559,疾病,jíbìng,HSK 5,名,1,身体或精神功能出现异常的状态，属于较正式或医学用语（名，较正式，医学）,بیماری؛ اختلال جسمی یا روانی، در کاربرد رسمی و پزشکی (اسم),名，较正式，医学,اسم,预防疾病 (yùfáng jíbìng) | 治疗疾病 (zhìliáo jíbìng) | 慢性疾病 (mànxìng jíbìng),坚持运动有助于预防疾病。,Jiānchí yùndòng yǒuzhùyú yùfáng jíbìng.,ورزش منظم به پیشگیری از بیماری کمک می‌کند.,
560,季度,jìdù,HSK 5,名,1,把一年分成四个部分后，每三个月为一个季度（名）,سه‌ماهه؛ یکی از چهار دورهٔ سه‌ماههٔ سال (اسم),名,اسم,第一季度 (dì yī jìdù) | 本季度 (běn jìdù) | 季度报告 (jìdù bàogào),公司第一季度的销售额增长了。,Gōngsī dì yī jìdù de xiāoshòu'é zēngzhǎng le.,فروش شرکت در سه‌ماههٔ اول افزایش یافت.,
561,结,jié,HSK 5,动,1,用绳、线等把两个或多个东西系在一起（动）,گره زدن؛ با نخ یا طناب به هم بستن (فعل),动,فعل,结在一起 (jié zài yìqǐ) | 把线结起来 (bǎ xiàn jié qǐlai) | 结得很紧 (jié de hěn jǐn),她把两根绳子结在了一起。,Tā bǎ liǎng gēn shéngzi jié zài le yìqǐ.,او دو طناب را به هم گره زد.,
561,结,jié,HSK 5,名,2,绳、线等打成的疙瘩（名）,گره (اسم),名,اسم,打一个结 (dǎ yí ge jié) | 解开这个结 (jiěkāi zhège jié) | 绳子上的结 (shéngzi shàng de jié),请在绳子上打个结。,Qǐng zài shéngzi shàng dǎ ge jié.,لطفاً روی طناب یک گره بزن.,
561,结,jié,HSK 5,动,3,建立或形成某种关系，多用于较正式的表达（动，较正式）,ایجاد یا برقرار کردن رابطه‌ای، نسبتاً رسمی (فعل),动，较正式,فعل,结为夫妻 (jié wéi fūqī) | 结下友谊 (jiéxià yǒuyì) | 结了深厚的情谊 (jié le shēnhòu de qíngyì),两人在相处多年后结为夫妻。,Liǎng rén zài xiāngchǔ duōnián hòu jié wéi fūqī.,آن دو پس از سال‌ها آشنایی با هم ازدواج کردند.,
561,结,jiē,HSK 5,动,4,植物开花后长出果实（动）,میوه دادن؛ پس از گل‌دادن میوه تولید کردن (فعل),动,فعل,结出果实 (jiēchū guǒshí) | 结了很多果子 (jiē le hěn duō guǒzi) | 今年不结 (jīnnián bù jiē),这棵树今年结了很多果子。,Zhè kē shù jīnnián jiē le hěn duō guǒzi.,این درخت امسال میوه‌های زیادی داده است.,
562,届,jiè,HSK 5,量,1,用于定期举行的会议、比赛、活动或任期（量）,واحد شمارش برای دورهٔ همایش، مسابقه، رویداد یا مسئولیت (واحد شمارش),量,واحد شمارش,第一届 (dì yī jiè) | 本届大会 (běn jiè dàhuì) | 上一届 (shàng yí jiè),这是第五届国际论坛。,Zhè shì dì wǔ jiè guójì lùntán.,این پنجمین دورهٔ همایش بین‌المللی است.,
563,接触,jiēchù,HSK 5,动,1,人或物体彼此碰到（动）,تماس پیدا کردن؛ برخورد فیزیکی داشتن (فعل),动,فعل,直接接触 (zhíjiē jiēchù) | 接触皮肤 (jiēchù pífū) | 避免接触 (bìmiǎn jiēchù),不要让这种液体接触皮肤。,Bú yào ràng zhè zhǒng yètǐ jiēchù pífū.,اجازه نده این مایع با پوست تماس پیدا کند.,
563,接触,jiēchù,HSK 5,动,2,与人、社会、领域等产生联系并有所了解（动）,با کسی یا حوزه‌ای ارتباط پیدا کردن؛ آشنا شدن و تعامل داشتن (فعل),动,فعل,接触客户 (jiēchù kèhù) | 接触社会 (jiēchù shèhuì) | 初次接触 (chūcì jiēchù),我第一次接触这个行业是在十年前。,Wǒ dì yī cì jiēchù zhège hángyè shì zài shí nián qián.,اولین بار ده سال پیش با این صنعت آشنا شدم.,
564,接待,jiēdài,HSK 5,动,1,迎接并安排来访的客人、顾客等（动）,استقبال و پذیرایی کردن از مهمان، مشتری یا مراجعه‌کننده (فعل),动,فعل,接待客户 (jiēdài kèhù) | 接待客人 (jiēdài kèrén) | 热情接待 (rèqíng jiēdài),公司安排专人接待外国客户。,Gōngsī ānpái zhuānrén jiēdài wàiguó kèhù.,شرکت فرد مشخصی را برای استقبال از مشتریان خارجی تعیین کرد.,
565,阶段,jiēduàn,HSK 5,名,1,事物发展或工作过程中相对独立的一段时期（名）,مرحله؛ دوره‌ای مشخص از روند توسعه یا انجام کار (اسم),名,اسم,发展阶段 (fāzhǎn jiēduàn) | 初级阶段 (chūjí jiēduàn) | 最后阶段 (zuìhòu jiēduàn),项目已经进入最后阶段。,Xiàngmù yǐjīng jìnrù zuìhòu jiēduàn.,پروژه وارد مرحلهٔ نهایی شده است.,
566,结构,jiégòu,HSK 5,名,1,一个整体中各组成部分的安排和相互关系（名）,ساختار؛ نحوهٔ چیدمان و ارتباط اجزای یک مجموعه (اسم),名,اسم,组织结构 (zǔzhī jiégòu) | 产品结构 (chǎnpǐn jiégòu) | 调整结构 (tiáozhěng jiégòu),我们需要调整公司的组织结构。,Wǒmen xūyào tiáozhěng gōngsī de zǔzhī jiégòu.,ما باید ساختار سازمانی شرکت را تغییر دهیم.,
567,结合,jiéhé,HSK 5,动,1,使两个或多个事物相互联系、配合或融为一体；相互结合（动）,ترکیب یا پیوند دادن؛ با هم ترکیب یا مرتبط شدن (فعل),动,فعل,结合实际 (jiéhé shíjì) | 与工作相结合 (yǔ gōngzuò xiāng jiéhé) | 结合起来 (jiéhé qǐlai),我们要把理论和实践结合起来。,Wǒmen yào bǎ lǐlùn hé shíjiàn jiéhé qǐlai.,باید نظریه و عمل را با هم ترکیب کنیم.,
568,接近,jiējìn,HSK 5,动/形,1,靠近或离人、地点、时间等不远（动/形）,نزدیک شدن یا نزدیک بودن به شخص، مکان یا زمان (فعل/صفت),动/形,فعل/صفت,接近目的地 (jiējìn mùdìdì) | 接近市中心 (jiējìn shì zhōngxīn) | 时间接近中午 (shíjiān jiējìn zhōngwǔ),我们已经接近目的地了。,Wǒmen yǐjīng jiējìn mùdìdì le.,ما به مقصد نزدیک شده‌ایم.,
568,接近,jiējìn,HSK 5,动/形,2,在数量、程度、水平或特征上相差很小（动/形）,از نظر مقدار، سطح یا ویژگی نزدیک و مشابه بودن (فعل/صفت),动/形,فعل/صفت,接近一百 (jiējìn yìbǎi) | 水平接近 (shuǐpíng jiējìn) | 年龄接近 (niánlíng jiējìn),两家公司的销售额很接近。,Liǎng jiā gōngsī de xiāoshòu'é hěn jiējìn.,میزان فروش دو شرکت بسیار به هم نزدیک است.,
569,结论,jiélùn,HSK 5,名,1,经过分析、推理或研究后得出的最终判断（名）,نتیجه‌گیری؛ نتیجهٔ نهایی حاصل از تحلیل یا پژوهش (اسم),名,اسم,得出结论 (déchū jiélùn) | 最终结论 (zuìzhōng jiélùn) | 研究结论 (yánjiū jiélùn),现在下结论还太早。,Xiànzài xià jiélùn hái tài zǎo.,هنوز برای نتیجه‌گیری خیلی زود است.,
570,节省,jiéshěng,HSK 5,动,1,减少不必要的消耗或花费（动）,صرفه‌جویی کردن؛ مصرف یا هزینهٔ غیرضروری را کاهش دادن (فعل),动,فعل,节省时间 (jiéshěng shíjiān) | 节省成本 (jiéshěng chéngběn) | 节省能源 (jiéshěng néngyuán),这个方法可以节省很多时间。,Zhège fāngfǎ kěyǐ jiéshěng hěn duō shíjiān.,این روش می‌تواند باعث صرفه‌جویی زیادی در وقت شود.,
571,接收,jiēshōu,HSK 5,动,1,收到信号、文件、物品等，或接纳人员；一般不用于意见、建议等（动）,دریافت یا تحویل گرفتن سیگنال، فایل، کالا یا افراد (فعل),动,فعل,接收信号 (jiēshōu xìnhào) | 接收文件 (jiēshōu wénjiàn) | 接收新成员 (jiēshōu xīn chéngyuán),手机无法接收信号。,Shǒujī wúfǎ jiēshōu xìnhào.,تلفن همراه نمی‌تواند سیگنال دریافت کند.,
572,及格,jígé,HSK 5,动/形,1,考试成绩达到规定的最低标准（动/形）,قبول شدن؛ رسیدن نمره به حداقل معیار قبولی (فعل/صفت),动/形,فعل/صفت,考试及格 (kǎoshì jígé) | 成绩及格 (chéngjì jígé) | 刚刚及格 (gānggāng jígé),他这次考试终于及格了。,Tā zhè cì kǎoshì zhōngyú jígé le.,او بالاخره در این امتحان قبول شد.,
573,机构,jīgòu,HSK 5,名,1,为实现某种职能而设立的组织或单位（名）,نهاد؛ مؤسسه؛ سازمان یا واحدی با وظیفه‌ای مشخص (اسم),名,اسم,政府机构 (zhèngfǔ jīgòu) | 金融机构 (jīnróng jīgòu) | 教育机构 (jiàoyù jīgòu),这是一家专业的研究机构。,Zhè shì yì jiā zhuānyè de yánjiū jīgòu.,این یک مؤسسهٔ پژوهشی تخصصی است.,
574,集合,jíhé,HSK 5,动/名,1,许多人按照要求在指定的时间和地点集中起来（动）,در زمان و مکان مشخصی جمع شدن؛ گرد هم آمدن (فعل),动,فعل,按时集合 (ànshí jíhé) | 在门口集合 (zài ménkǒu jíhé) | 全体集合 (quántǐ jíhé),请大家八点在门口集合。,Qǐng dàjiā bā diǎn zài ménkǒu jíhé.,لطفاً همه ساعت هشت جلوی در جمع شوید.,
574,集合,jíhé,HSK 5,动/名,2,由若干事物组成的整体；数学中由若干元素组成的整体（名）,مجموعه؛ به‌ویژه مجموعه‌ای از عناصر در ریاضیات (اسم),名,اسم,集合元素 (jíhé yuánsù) | 两个集合 (liǎng ge jíhé) | 空集合 (kōng jíhé),这个集合包含五个元素。,Zhège jíhé bāohán wǔ ge yuánsù.,این مجموعه شامل پنج عنصر است.,
575,即将,jíjiāng,HSK 5,副,1,很快就要发生或进入某种状态，多用于正式或书面表达（副，较正式）,به‌زودی؛ در آستانهٔ وقوع یا آغاز، نسبتاً رسمی (قید),副，较正式,قید,即将开始 (jíjiāng kāishǐ) | 即将到来 (jíjiāng dàolái) | 即将结束 (jíjiāng jiéshù),会议即将开始，请大家入场。,"Huìyì jíjiāng kāishǐ, qǐng dàjiā rùchǎng.",جلسه به‌زودی آغاز می‌شود؛ لطفاً وارد سالن شوید.,
576,激烈,jīliè,HSK 5,形,1,程度强烈，常形容竞争、争论、战斗等（形）,شدید؛ پرتنش؛ سخت و پررقابت (صفت),形,صفت,激烈竞争 (jīliè jìngzhēng) | 激烈讨论 (jīliè tǎolùn) | 比赛激烈 (bǐsài jīliè),市场竞争越来越激烈。,Shìchǎng jìngzhēng yuèláiyuè jīliè.,رقابت در بازار روزبه‌روز شدیدتر می‌شود.,
577,记录,jìlù,HSK 5,动/名,1,把信息、事件、数据等写下、拍摄或保存下来（动）,ثبت، ضبط یا یادداشت کردن اطلاعات و رویدادها (فعل),动,فعل,记录数据 (jìlù shùjù) | 记录过程 (jìlù guòchéng) | 详细记录 (xiángxì jìlù),请记录每天的销售数据。,Qǐng jìlù měitiān de xiāoshòu shùjù.,لطفاً داده‌های فروش روزانه را ثبت کنید.,
577,记录,jìlù,HSK 5,动/名,2,被记载或保存下来的信息、资料或内容（名）,سابقه؛ گزارش یا اطلاعات ثبت‌شده (اسم),名,اسم,历史记录 (lìshǐ jìlù) | 会议记录 (huìyì jìlù) | 通话记录 (tōnghuà jìlù),我查看了以前的聊天记录。,Wǒ chákàn le yǐqián de liáotiān jìlù.,سوابق گفت‌وگوهای قبلی را بررسی کردم.,
578,纪录,jìlù,HSK 5,名,1,在一定范围内达到的最高或最好成绩（名）,رکورد؛ بهترین یا بالاترین نتیجهٔ ثبت‌شده (اسم),名,اسم,世界纪录 (shìjiè jìlù) | 打破纪录 (dǎpò jìlù) | 保持纪录 (bǎochí jìlù),他打破了世界纪录。,Tā dǎpò le shìjiè jìlù.,او رکورد جهانی را شکست.,
579,纪录片,jìlùpiàn,HSK 5,名,1,以真实人物、事件或社会现象为内容的影视作品（名）,فیلم مستند؛ اثر تصویری دربارهٔ افراد و رویدادهای واقعی (اسم),名,اسم,拍纪录片 (pāi jìlùpiàn) | 历史纪录片 (lìshǐ jìlùpiàn) | 纪录片导演 (jìlùpiàn dǎoyǎn),我很喜欢看历史纪录片。,Wǒ hěn xǐhuan kàn lìshǐ jìlùpiàn.,من خیلی دوست دارم مستندهای تاریخی ببینم.,
580,急忙,jímáng,HSK 5,副,1,因为着急而迅速采取行动（副）,با عجله؛ شتاب‌زده و از روی اضطرار (قید),副,قید,急忙起身 (jímáng qǐshēn) | 急忙解释 (jímáng jiěshì) | 急忙离开 (jímáng líkāi),听到这个消息，他急忙赶回家。,"Tīngdào zhège xiāoxi, tā jímáng gǎn huí jiā.",با شنیدن این خبر، با عجله به خانه برگشت.,
581,紧,jǐn,HSK 5,形,1,物体固定得牢、不松；衣物等尺寸小、贴得太近（形）,سفت؛ محکم؛ تنگ و چسبان (صفت),形,صفت,绳子很紧 (shéngzi hěn jǐn) | 系得太紧 (jì de tài jǐn) | 鞋有点儿紧 (xié yǒudiǎnr jǐn),这双鞋有点儿紧。,Zhè shuāng xié yǒudiǎnr jǐn.,این کفش کمی تنگ است.,
581,紧,jǐn,HSK 5,形,2,时间少、任务急或安排密集（形）,وقت‌کم؛ فوری؛ فشرده از نظر زمان یا برنامه (صفت),形,صفت,时间很紧 (shíjiān hěn jǐn) | 日程很紧 (rìchéng hěn jǐn) | 工期很紧 (gōngqī hěn jǐn),时间很紧，我们得马上出发。,"Shíjiān hěn jǐn, wǒmen děi mǎshàng chūfā.",وقت خیلی کم است؛ باید فوراً حرکت کنیم.,
581,紧,jǐn,HSK 5,形,3,手边缺钱；经济上不宽裕（形，口语）,دست‌تنگ؛ دچار کمبود پول (صفت، محاوره‌ای),形，口语,صفت، محاوره‌ای,手头很紧 (shǒutóu hěn jǐn) | 最近手头紧 (zuìjìn shǒutóu jǐn),我最近手头有点儿紧。,Wǒ zuìjìn shǒutóu yǒudiǎnr jǐn.,این اواخر کمی دست‌تنگم.,
582,进步,jìnbù,HSK 5,动/名,1,比原来变得更好或达到更高的水平（动）,پیشرفت کردن؛ نسبت به گذشته بهتر شدن (فعل),动,فعل,进步很快 (jìnbù hěn kuài) | 不断进步 (búduàn jìnbù) | 明显进步 (míngxiǎn jìnbù),你的汉语进步得很快。,Nǐ de Hànyǔ jìnbù de hěn kuài.,زبان چینی‌ات خیلی سریع پیشرفت کرده است.,
582,进步,jìnbù,HSK 5,动/名,2,在学习、工作、社会等方面取得的改善或发展（名）,پیشرفت؛ بهبود یا رشد به‌دست‌آمده (اسم),名,اسم,取得进步 (qǔdé jìnbù) | 巨大进步 (jùdà jìnbù) | 明显的进步 (míngxiǎn de jìnbù),这个项目取得了很大进步。,Zhège xiàngmù qǔdé le hěn dà jìnbù.,این پروژه پیشرفت زیادی داشته است.,
583,近代,jìndài,HSK 5,名/形,1,距离现代较近的历史时期；在中国史中通常指鸦片战争至五四运动前后的时期（名/形，历史）,دورهٔ جدید تاریخ؛ در تاریخ چین معمولاً از جنگ تریاک تا حوالی جنبش چهارم مه (اسم/صفت، تاریخی),名/形，历史,اسم/صفت، تاریخی,中国近代史 (Zhōngguó jìndàishǐ) | 近代社会 (jìndài shèhuì) | 近代文学 (jìndài wénxué),他主要研究中国近代史。,Tā zhǔyào yánjiū Zhōngguó jìndàishǐ.,او عمدتاً تاریخ دورهٔ جدید چین را مطالعه می‌کند.,
584,技能,jìnéng,HSK 5,名,1,通过学习或训练掌握的做事能力和技术（名）,مهارت؛ توانایی عملی حاصل از آموزش یا تمرین (اسم),名,اسم,专业技能 (zhuānyè jìnéng) | 工作技能 (gōngzuò jìnéng) | 提高技能 (tígāo jìnéng),学习新技能可以提高工作效率。,Xuéxí xīn jìnéng kěyǐ tígāo gōngzuò xiàolǜ.,یادگیری مهارت‌های جدید می‌تواند بهره‌وری کاری را افزایش دهد.,
585,静,jìng,HSK 5,形,1,没有声音或声音很小；没有活动或动静（形）,ساکت؛ آرام؛ بی‌صدا و بدون حرکت (صفت),形,صفت,屋里很静 (wū lǐ hěn jìng) | 四周很静 (sìzhōu hěn jìng) | 静下来 (jìng xiàlai),教室里突然静了下来。,Jiàoshì lǐ tūrán jìng le xiàlai.,کلاس ناگهان ساکت شد.,
586,经典,jīngdiǎn,HSK 5,名/形,1,具有长久影响和典范价值的优秀作品（名）,اثر کلاسیک؛ اثری ماندگار و الگو (اسم),名,اسم,文学经典 (wénxué jīngdiǎn) | 世界经典 (shìjiè jīngdiǎn) | 阅读经典 (yuèdú jīngdiǎn),这部小说已经成为文学经典。,Zhè bù xiǎoshuō yǐjīng chéngwéi wénxué jīngdiǎn.,این رمان به اثری کلاسیک در ادبیات تبدیل شده است.,
586,经典,jīngdiǎn,HSK 5,名/形,2,具有代表性、长期受到认可的（形）,کلاسیک؛ ماندگار؛ شاخص و الگو (صفت),形,صفت,经典作品 (jīngdiǎn zuòpǐn) | 经典设计 (jīngdiǎn shèjì) | 经典款式 (jīngdiǎn kuǎnshì),这是一个非常经典的设计。,Zhè shì yí ge fēicháng jīngdiǎn de shèjì.,این طراحی بسیار کلاسیک و ماندگار است.,
1580,精力,jīnglì,HSK 5,名,1,从事学习、工作等活动所需的精神和体力（名）,انرژی و توان ذهنی و جسمی (اسم),名,اسم,精力充沛 (jīnglì chōngpèi) | 集中精力 (jízhōng jīnglì) | 投入精力 (tóurù jīnglì),我需要集中精力完成这个项目。,Wǒ xūyào jízhōng jīnglì wánchéng zhège xiàngmù.,باید تمام توان و تمرکزم را برای تکمیل این پروژه به کار بگیرم.,
588,精神,jīngshén,HSK 5,名,1,人的意识、思维及心理状态（名）,ذهن و روان؛ حالت‌ها و فعالیت‌های فکری و روانی (اسم),名,اسم,精神世界 (jīngshén shìjiè) | 精神压力 (jīngshén yālì) | 精神状态 (jīngshén zhuàngtài),长期工作给他带来了很大的精神压力。,Chángqī gōngzuò gěi tā dàilái le hěn dà de jīngshén yālì.,کار طولانی‌مدت فشار روانی زیادی به او وارد کرده است.,
588,精神,jīngshén,HSK 5,名,2,表现出来的态度、品质或核心意义（名）,روحیه، ویژگی اخلاقی یا پیام و مضمون اصلی (اسم),名,اسم,团队精神 (tuánduì jīngshén) | 奉献精神 (fèngxiàn jīngshén) | 会议精神 (huìyì jīngshén),这种团队精神值得我们学习。,Zhè zhǒng tuánduì jīngshén zhíde wǒmen xuéxí.,این روحیهٔ کار تیمی شایستهٔ الگوبرداری است.,
588,精神,jīngshen,HSK 5,名/形,3,有活力、状态好；人的活力和注意力（名/形）,سرحال و پرانرژی؛ توان و تمرکز ذهنی (اسم/صفت),名/形,اسم/صفت,很精神 (hěn jīngshen) | 精神不错 (jīngshen búcuò) | 打起精神 (dǎqǐ jīngshen),你今天看起来很精神。,Nǐ jīntiān kàn qǐlai hěn jīngshen.,امروز خیلی سرحال به نظر می‌رسی.,
589,惊喜,jīngxǐ,HSK 5,名/形,1,使人意外而高兴的事情（名）,غافلگیری خوشایند؛ سورپرایز (اسم),名,اسم,带来惊喜 (dàilái jīngxǐ) | 意外的惊喜 (yìwài de jīngxǐ) | 一个大惊喜 (yí ge dà jīngxǐ),这个消息给了我一个很大的惊喜。,Zhège xiāoxi gěi le wǒ yí ge hěn dà de jīngxǐ.,این خبر برایم غافلگیری بزرگی بود.,
589,惊喜,jīngxǐ,HSK 5,名/形,2,感到意外而高兴（形）,غافلگیر و خوشحال (صفت),形,صفت,感到惊喜 (gǎndào jīngxǐ) | 十分惊喜 (shífēn jīngxǐ) | 又惊喜又感动 (yòu jīngxǐ yòu gǎndòng),收到他的礼物，我既惊喜又感动。,"Shōudào tā de lǐwù, wǒ jì jīngxǐ yòu gǎndòng.",با دریافت هدیه‌اش هم غافلگیر شدم و هم تحت تأثیر قرار گرفتم.,
590,经营,jīngyíng,HSK 5,动,1,筹划并管理企业、商店或商业业务（动）,اداره و مدیریت کردن شرکت، فروشگاه یا فعالیت تجاری (فعل),动,فعل,经营公司 (jīngyíng gōngsī) | 经营业务 (jīngyíng yèwù) | 合法经营 (héfǎ jīngyíng),他在中国经营一家贸易公司。,Tā zài Zhōngguó jīngyíng yì jiā màoyì gōngsī.,او در چین یک شرکت بازرگانی را اداره می‌کند.,
590,经营,jīngyíng,HSK 5,动,2,用心规划、维护生活、关系、形象等（动，比喻）,با دقت ساختن و حفظ کردن زندگی، رابطه یا اعتبار (فعل، مجازی),动，比喻,فعل، مجازی,经营感情 (jīngyíng gǎnqíng) | 经营婚姻 (jīngyíng hūnyīn) | 经营个人形象 (jīngyíng gèrén xíngxiàng),婚姻需要双方共同经营。,Hūnyīn xūyào shuāngfāng gòngtóng jīngyíng.,زندگی مشترک به تلاش و مراقبت هر دو طرف نیاز دارد.,
591,纪念,jìniàn,HSK 5,动/名,1,用行动或某种方式表示怀念，使人或事件不被忘记（动）,گرامی داشتن؛ یاد شخص یا رویدادی را زنده نگه داشتن (فعل),动,فعل,纪念英雄 (jìniàn yīngxióng) | 纪念这一事件 (jìniàn zhè yí shìjiàn) | 值得纪念 (zhíde jìniàn),我们举行活动纪念这一重要事件。,Wǒmen jǔxíng huódòng jìniàn zhè yí zhòngyào shìjiàn.,ما برای گرامی‌داشت این رویداد مهم مراسمی برگزار کردیم.,
591,纪念,jìniàn,HSK 5,动/名,2,为保留记忆而留下的意义或念想（名）,یادبود؛ یادگار و خاطره‌ای برای زنده نگه داشتن گذشته (اسم),名,اسم,留作纪念 (liú zuò jìniàn) | 作为纪念 (zuòwéi jìniàn) | 很有纪念意义 (hěn yǒu jìniàn yìyì),这张照片送给你作纪念。,Zhè zhāng zhàopiàn sòng gěi nǐ zuò jìniàn.,این عکس را به‌عنوان یادگاری به تو می‌دهم.,
592,纪念日,jìniànrì,HSK 5,名,1,为纪念重要人物、事件或某种关系而确定的日子（名）,سالگرد؛ روز یادبود شخص، رویداد یا مناسبتی مهم (اسم),名,اسم,结婚纪念日 (jiéhūn jìniànrì) | 重要纪念日 (zhòngyào jìniànrì) | 设立纪念日 (shèlì jìniànrì),今天是我们的结婚纪念日。,Jīntiān shì wǒmen de jiéhūn jìniànrì.,امروز سالگرد ازدواج ماست.,
593,紧急,jǐnjí,HSK 5,形,1,事情严重、急迫，需要立即处理（形）,فوری؛ اضطراری؛ نیازمند رسیدگی بی‌درنگ (صفت),形,صفت,紧急情况 (jǐnjí qíngkuàng) | 紧急通知 (jǐnjí tōngzhī) | 紧急处理 (jǐnjí chǔlǐ),遇到紧急情况请立即报警。,Yùdào jǐnjí qíngkuàng qǐng lìjí bàojǐng.,در صورت بروز وضعیت اضطراری فوراً با پلیس تماس بگیرید.,
594,进口,jìnkǒu,HSK 5,动/名,1,从其他国家或地区购进商品、技术等（动）,از کشور یا منطقه‌ای دیگر وارد کردن (فعل),动,فعل,进口原材料 (jìnkǒu yuáncáiliào) | 进口一批设备 (jìnkǒu yì pī shèbèi) | 从国外进口 (cóng guówài jìnkǒu),这家公司从中国进口汽车零部件。,Zhè jiā gōngsī cóng Zhōngguó jìnkǒu qìchē língbùjiàn.,این شرکت قطعات خودرو را از چین وارد می‌کند.,
594,进口,jìnkǒu,HSK 5,动/名,2,从其他国家或地区购进商品、技术等的活动（名）,واردات؛ فعالیت وارد کردن کالا یا فناوری (اسم),名,اسم,扩大进口 (kuòdà jìnkǒu) | 减少进口 (jiǎnshǎo jìnkǒu) | 依赖进口 (yīlài jìnkǒu),今年我国的进口有所增长。,Jīnnián wǒguó de jìnkǒu yǒusuǒ zēngzhǎng.,واردات کشور ما امسال افزایش یافته است.,
595,尽快,jǐnkuài,HSK 5,副,1,尽可能快地；在最短时间内（副）,هرچه سریع‌تر؛ در اسرع وقت (قید),副,قید,尽快完成 (jǐnkuài wánchéng) | 尽快回复 (jǐnkuài huífù) | 尽快解决 (jǐnkuài jiějué),请尽快回复我的邮件。,Qǐng jǐnkuài huífù wǒ de yóujiàn.,لطفاً در اسرع وقت به ایمیل من پاسخ دهید.,
596,尽力,jìnlì,HSK 5,动/副,1,用尽自己的能力去做某事（动/副）,تمام تلاش خود را کردن؛ نهایت توان را به کار بردن (فعل/قید),动/副,فعل/قید,尽力而为 (jìnlì ér wéi) | 尽力帮助 (jìnlì bāngzhù) | 我会尽力 (wǒ huì jìnlì),我会尽力帮助你。,Wǒ huì jìnlì bāngzhù nǐ.,تمام تلاشم را می‌کنم تا به تو کمک کنم.,
597,尽量,jǐnliàng,HSK 5,副,1,在可能的范围内达到最大程度（副）,تا حد امکان؛ تا جای ممکن (قید),副,قید,尽量避免 (jǐnliàng bìmiǎn) | 尽量减少 (jǐnliàng jiǎnshǎo) | 尽量早点儿到 (jǐnliàng zǎodiǎnr dào),请尽量早点儿到。,Qǐng jǐnliàng zǎodiǎnr dào.,لطفاً تا حد امکان زودتر برسید.,
598,紧密,jǐnmì,HSK 5,形,1,连接得牢固、严密，彼此间空隙很小（形）,محکم و فشرده؛ دارای فاصلهٔ بسیار کم میان اجزا (صفت),形,صفت,结构紧密 (jiégòu jǐnmì) | 排列紧密 (páiliè jǐnmì) | 连接紧密 (liánjiē jǐnmì),这些零件连接得十分紧密。,Zhèxiē língjiàn liánjiē de shífēn jǐnmì.,این قطعات بسیار محکم و فشرده به هم متصل شده‌اند.,
598,紧密,jǐnmì,HSK 5,形,2,关系、联系或合作十分密切（形，比喻）,نزدیک و تنگاتنگ؛ دارای ارتباط یا همکاری قوی (صفت، مجازی),形，比喻,صفت، مجازی,紧密联系 (jǐnmì liánxì) | 紧密合作 (jǐnmì hézuò) | 关系紧密 (guānxi jǐnmì),两家公司保持着紧密的合作关系。,Liǎng jiā gōngsī bǎochízhe jǐnmì de hézuò guānxì.,دو شرکت روابط همکاری تنگاتنگی دارند.,
599,近年来,jìnniánlái,HSK 5,名/副,1,从过去几年到现在的一段时间内（名/副）,در سال‌های اخیر؛ طی چند سال گذشته تا امروز (اسم/قید),名/副,اسم/قید,近年来发展迅速 (jìnniánlái fāzhǎn xùnsù) | 近年来持续增长 (jìnniánlái chíxù zēngzhǎng) | 近年来的变化 (jìnniánlái de biànhuà),近年来，这个行业发展得很快。,"Jìnniánlái, zhège hángyè fāzhǎn de hěn kuài.",در سال‌های اخیر این صنعت به‌سرعت رشد کرده است.,
600,近期,jìnqī,HSK 5,名/副,1,距离现在不远的一段时间，可指最近的过去或不久的将来（名/副）,اخیراً یا در آیندهٔ نزدیک؛ بازه‌ای نزدیک به زمان حال (اسم/قید),名/副,اسم/قید,近期计划 (jìnqī jìhuà) | 近期情况 (jìnqī qíngkuàng) | 近期将公布 (jìnqī jiāng gōngbù),公司近期将发布新产品。,Gōngsī jìnqī jiāng fābù xīn chǎnpǐn.,شرکت در آیندهٔ نزدیک محصول جدیدی عرضه خواهد کرد.,
601,近日,jìnrì,HSK 5,名/副,1,最近几天；近来，多用于新闻或书面语（名/副，书面）,اخیراً؛ در چند روز اخیر، بیشتر در زبان خبری و نوشتاری (اسم/قید),名/副，书面,اسم/قید,近日公布 (jìnrì gōngbù) | 近日来 (jìnrì lái) | 近日发生 (jìnrì fāshēng),该公司近日公布了最新报告。,Gāi gōngsī jìnrì gōngbù le zuìxīn bàogào.,این شرکت اخیراً تازه‌ترین گزارش خود را منتشر کرد.,
602,今日,jīnrì,HSK 5,名/副,1,今天，多用于正式或书面表达（名/副，书面）,امروز، بیشتر در زبان رسمی و نوشتاری (اسم/قید),名/副，书面,اسم/قید,今日新闻 (jīnrì xīnwén) | 今日天气 (jīnrì tiānqì) | 今日举行 (jīnrì jǔxíng),今日比赛正式开始。,Jīnrì bǐsài zhèngshì kāishǐ.,مسابقهٔ امروز رسماً آغاز شد.,
603,谨慎,jǐnshèn,HSK 5,形,1,对言行或事情认真小心，以免发生问题（形）,محتاط؛ دقیق و بااحتیاط (صفت),形,صفت,谨慎处理 (jǐnshèn chǔlǐ) | 保持谨慎 (bǎochí jǐnshèn) | 谨慎选择 (jǐnshèn xuǎnzé),处理这个问题时要十分谨慎。,Chǔlǐ zhège wèntí shí yào shífēn jǐnshèn.,هنگام رسیدگی به این مسئله باید بسیار محتاط بود.,
604,进一步,jìnyíbù,HSK 5,副,1,在原有基础或程度上更进一层（副）,بیشتر؛ یک گام فراتر؛ در سطحی بالاتر (قید),副,قید,进一步发展 (jìnyíbù fāzhǎn) | 进一步了解 (jìnyíbù liǎojiě) | 进一步提高 (jìnyíbù tígāo),我们需要进一步了解市场情况。,Wǒmen xūyào jìnyíbù liǎojiě shìchǎng qíngkuàng.,ما باید شناخت بیشتری از وضعیت بازار به دست آوریم.,
605,极其,jíqí,HSK 5,副,1,程度非常高，语气比“非常”更强，多用于书面语（副，书面）,بسیار؛ به‌شدت؛ فوق‌العاده، با تأکید زیاد (قید),副，书面,قید,极其重要 (jíqí zhòngyào) | 极其复杂 (jíqí fùzá) | 极其困难 (jíqí kùnnan),这个问题极其重要。,Zhège wèntí jíqí zhòngyào.,این مسئله فوق‌العاده مهم است.,
606,机器,jīqì,HSK 5,名,1,由许多部件组成，能够运转并完成某种工作的装置（名）,ماشین؛ دستگاهی که کاری را به‌صورت مکانیکی انجام می‌دهد (اسم),名,اسم,操作机器 (cāozuò jīqì) | 维修机器 (wéixiū jīqì) | 机器发生故障 (jīqì fāshēng gùzhàng),这台机器已经停止运转了。,Zhè tái jīqì yǐjīng tíngzhǐ yùnzhuǎn le.,این دستگاه از کار ایستاده است.,
607,机器人,jīqìrén,HSK 5,名,1,能够按照程序自动执行任务的机器（名）,ربات؛ دستگاهی که وظایف را به‌صورت خودکار انجام می‌دهد (اسم),名,اسم,工业机器人 (gōngyè jīqìrén) | 智能机器人 (zhìnéng jīqìrén) | 使用机器人 (shǐyòng jīqìrén),这家工厂使用了很多工业机器人。,Zhè jiā gōngchǎng shǐyòng le hěn duō gōngyè jīqìrén.,این کارخانه از ربات‌های صنعتی زیادی استفاده می‌کند.,
608,肌肉,jīròu,HSK 5,名,1,人和动物体内能够收缩并使身体运动的组织（名）,عضله؛ ماهیچه (اسم),名,اسم,肌肉疼痛 (jīròu téngtòng) | 锻炼肌肉 (duànliàn jīròu) | 增强肌肉力量 (zēngqiáng jīròu lìliang),运动可以增强肌肉力量。,Yùndòng kěyǐ zēngqiáng jīròu lìliang.,ورزش می‌تواند قدرت عضلات را افزایش دهد.,
609,计算,jìsuàn,HSK 5,动,1,根据已知的数据用数学方法求出结果（动）,محاسبه کردن؛ با استفاده از داده‌ها نتیجه‌ای عددی به دست آوردن (فعل),动,فعل,计算成本 (jìsuàn chéngběn) | 计算时间 (jìsuàn shíjiān) | 准确计算 (zhǔnquè jìsuàn),我们需要计算项目的总成本。,Wǒmen xūyào jìsuàn xiàngmù de zǒng chéngběn.,ما باید هزینهٔ کل پروژه را محاسبه کنیم.,
610,计算机,jìsuànjī,HSK 5,名,1,能够按照程序处理数据和进行计算的电子设备（名）,رایانه؛ کامپیوتر (اسم),名,اسم,使用计算机 (shǐyòng jìsuànjī) | 计算机系统 (jìsuànjī xìtǒng) | 一台计算机 (yì tái jìsuànjī),这台计算机正在处理大量数据。,Zhè tái jìsuànjī zhèngzài chǔlǐ dàliàng shùjù.,این رایانه در حال پردازش حجم زیادی از داده‌هاست.,
611,集体,jítǐ,HSK 5,名/形,1,许多人组成的有组织的整体（名）,جمع؛ گروهی سازمان‌یافته از افراد (اسم),名,اسم,一个集体 (yí ge jítǐ) | 融入集体 (róngrù jítǐ) | 集体中的一员 (jítǐ zhōng de yì yuán),这是一个非常团结的集体。,Zhè shì yí ge fēicháng tuánjié de jítǐ.,این گروه بسیار متحد است.,
611,集体,jítǐ,HSK 5,名/形,2,属于或由许多人共同进行的（形）,جمعی؛ گروهی؛ متعلق به همهٔ اعضای یک گروه (صفت),形,صفت,集体活动 (jítǐ huódòng) | 集体生活 (jítǐ shēnghuó) | 集体利益 (jítǐ lìyì),我们参加了一次集体活动。,Wǒmen cānjiā le yí cì jítǐ huódòng.,ما در یک فعالیت گروهی شرکت کردیم.,
612,救,jiù,HSK 5,动,1,使人或事物脱离危险、灾难或困难（动）,نجات دادن؛ از خطر یا گرفتاری رهانیدن (فعل),动,فعل,救人 (jiù rén) | 救出伤员 (jiùchū shāngyuán) | 救被困者 (jiù bèikùnzhě),消防员救出了被困的人。,Xiāofángyuán jiùchū le bèikùn de rén.,آتش‌نشان فرد گرفتار را نجات داد.,
613,酒吧,jiǔbā,HSK 5,名,1,供应酒类饮料、供人休闲或社交的场所（名）,بار؛ محلی برای نوشیدن و معاشرت (اسم),名,اسم,去酒吧 (qù jiǔbā) | 酒吧老板 (jiǔbā lǎobǎn) | 在酒吧见面 (zài jiǔbā jiànmiàn),他们晚上去酒吧喝了一杯。,Tāmen wǎnshang qù jiǔbā hē le yì bēi.,آن‌ها شب برای نوشیدن به بار رفتند.,
614,救护车,jiùhùchē,HSK 5,名,1,运送并紧急救护病人或伤员的专用车辆（名）,آمبولانس؛ خودروی ویژهٔ انتقال و امدادرسانی به بیمار یا مجروح (اسم),名,اسم,叫救护车 (jiào jiùhùchē) | 等救护车 (děng jiùhùchē) | 救护车到达 (jiùhùchē dàodá),快叫救护车！,Kuài jiào jiùhùchē!,سریع آمبولانس خبر کنید!,
615,就业,jiùyè,HSK 5,动/名,1,获得职业并参加工作；参加工作的情况（动/名）,شاغل شدن؛ اشتغال و وضعیت دسترسی به کار (فعل/اسم),动/名,فعل/اسم,就业机会 (jiùyè jīhuì) | 就业市场 (jiùyè shìchǎng) | 促进就业 (cùjìn jiùyè),政府采取措施促进就业。,Zhèngfǔ cǎiqǔ cuòshī cùjìn jiùyè.,دولت اقداماتی برای افزایش اشتغال انجام داده است.,
616,久远,jiǔyuǎn,HSK 5,形,1,年代或时间距离现在很远（形）,دیرینه؛ متعلق به زمانی بسیار دور (صفت),形,صفت,历史久远 (lìshǐ jiǔyuǎn) | 年代久远 (niándài jiǔyuǎn) | 距今久远 (jùjīn jiǔyuǎn),这座城市的历史十分久远。,Zhè zuò chéngshì de lìshǐ shífēn jiǔyuǎn.,این شهر تاریخی بسیار دیرینه دارد.,
617,急需,jíxū,HSK 5,动,1,迫切需要；需要立即得到（动）,نیاز فوری داشتن؛ فوراً نیاز داشتن (فعل),动,فعل,急需解决 (jíxū jiějué) | 急需人才 (jíxū réncái) | 急需资金 (jíxū zījīn),这个项目急需更多资金。,Zhège xiàngmù jíxū gèng duō zījīn.,این پروژه فوراً به منابع مالی بیشتری نیاز دارد.,
618,记忆,jìyì,HSK 5,名,1,记住并保持信息、经历等的心理能力（名）,حافظه؛ توانایی به خاطر سپردن و نگهداری اطلاعات (اسم),名,اسم,失去记忆 (shīqù jìyì) | 恢复记忆 (huīfù jìyì) | 保留在记忆中 (bǎoliú zài jìyì zhōng),事故后，他失去了一部分记忆。,"Shìgù hòu, tā shīqù le yí bùfen jìyì.",او پس از حادثه بخشی از حافظه‌اش را از دست داد.,
618,记忆,jìyì,HSK 5,名,2,留在头脑中的人物、事情或经历的印象（名）,خاطره؛ تصویری از شخص یا رویدادی در ذهن (اسم),名,اسم,美好的记忆 (měihǎo de jìyì) | 童年的记忆 (tóngnián de jìyì) | 唤起记忆 (huànqǐ jìyì),这段经历成了我最美好的记忆。,Zhè duàn jīnglì chéng le wǒ zuì měihǎo de jìyì.,این تجربه به زیباترین خاطرهٔ من تبدیل شد.,
619,记载,jìzǎi,HSK 5,动/名,1,把事情、人物等写下来保存，多用于书面资料和历史文献（动，书面）,ثبت کردن و به نگارش درآوردن، بیشتر در منابع مکتوب و تاریخی (فعل),动，书面,فعل,详细记载 (xiángxì jìzǎi) | 书中记载 (shū zhōng jìzǎi) | 如实记载 (rúshí jìzǎi),这本书详细记载了当时的历史。,Zhè běn shū xiángxì jìzǎi le dāngshí de lìshǐ.,این کتاب تاریخ آن دوره را به‌تفصیل ثبت کرده است.,
619,记载,jìzǎi,HSK 5,动/名,2,书面记录下来的资料或内容（名，书面）,گزارش یا اطلاعات ثبت‌شده در منابع مکتوب (اسم),名，书面,اسم,历史记载 (lìshǐ jìzǎi) | 文献记载 (wénxiàn jìzǎi) | 根据记载 (gēnjù jìzǎi),根据文献记载，这座桥已有五百年历史。,"Gēnjù wénxiàn jìzǎi, zhè zuò qiáo yǐ yǒu wǔbǎi nián lìshǐ.",طبق اسناد مکتوب، این پل پانصد سال قدمت دارد.,
620,急诊,jízhěn,HSK 5,名,1,医院对病情紧急的病人进行的诊治，也指提供这种诊治的部门（名，医疗）,درمان اورژانسی؛ بخش اورژانس بیمارستان (اسم، پزشکی),名，医疗,اسم، پزشکی,看急诊 (kàn jízhěn) | 去急诊 (qù jízhěn) | 急诊医生 (jízhěn yīshēng),他半夜去医院看急诊。,Tā bànyè qù yīyuàn kàn jízhěn.,او نیمه‌شب برای درمان فوری به اورژانس بیمارستان رفت.,
621,集中,jízhōng,HSK 5,动/形,1,把分散的人、事物、力量或注意力聚集起来；聚集在一起（动/形）,متمرکز کردن یا شدن؛ در یک محل یا موضوع گرد آمدن (فعل/صفت),动/形,فعل/صفت,集中精力 (jízhōng jīnglì) | 集中注意力 (jízhōng zhùyìlì) | 人口集中 (rénkǒu jízhōng),请集中注意力听讲。,Qǐng jízhōng zhùyìlì tīngjiǎng.,لطفاً با تمرکز به توضیحات گوش دهید.,
622,据,jù,HSK 5,介,1,按照某种资料、消息或调查结果（介，较正式）,طبق؛ بر اساس، بیشتر در کاربرد رسمی (حرف اضافه),介，较正式,حرف اضافه,据报道 (jù bàodào) | 据统计 (jù tǒngjì) | 据调查 (jù diàochá),据报道，项目已经正式启动。,"Jù bàodào, xiàngmù yǐjīng zhèngshì qǐdòng.",طبق گزارش‌ها، پروژه رسماً آغاز شده است.,
623,距,jù,HSK 5,动,1,在时间或空间上离某一点有一定距离（动）,از نظر مکانی یا زمانی فاصله داشتن با (فعل),动,فعل,距今十年 (jùjīn shí nián) | 距北京五十公里 (jù Běijīng wǔshí gōnglǐ) | 距市中心不远 (jù shì zhōngxīn bù yuǎn),这里距市中心十公里。,Zhèlǐ jù shì zhōngxīn shí gōnglǐ.,اینجا ده کیلومتر با مرکز شهر فاصله دارد.,
624,捐,juān,HSK 5,动,1,无偿地把钱、物品等送给需要帮助的人或公共事业（动）,پول یا وسایل را بدون دریافت عوض اهدا کردن (فعل),动,فعل,捐钱 (juān qián) | 捐物资 (juān wùzī) | 捐了一批书 (juān le yì pī shū),他向灾区捐了一笔钱。,Tā xiàng zāiqū juān le yì bǐ qián.,او مبلغی به منطقهٔ آسیب‌دیده اهدا کرد.,
625,具备,jùbèi,HSK 5,动,1,具有某种必要的条件、能力、资格或特点（动）,دارا بودن؛ از شرایط، توانایی یا صلاحیت لازم برخوردار بودن (فعل),动,فعل,具备条件 (jùbèi tiáojiàn) | 具备能力 (jùbèi nénglì) | 具备资格 (jùbèi zīgé),他具备担任这个职位的能力。,Tā jùbèi dānrèn zhège zhíwèi de nénglì.,او توانایی لازم برای بر عهده گرفتن این سمت را دارد.,
626,剧场,jùchǎng,HSK 5,名,1,供戏剧、歌舞等舞台表演使用的场所（名）,سالن نمایش؛ محل اجرای تئاتر، رقص و برنامه‌های صحنه‌ای (اسم),名,اسم,走进剧场 (zǒujìn jùchǎng) | 小型剧场 (xiǎoxíng jùchǎng) | 在剧场演出 (zài jùchǎng yǎnchū),演出将在市中心的剧场举行。,Yǎnchū jiāng zài shì zhōngxīn de jùchǎng jǔxíng.,این اجرا در سالن نمایشی در مرکز شهر برگزار خواهد شد.,
627,巨大,jùdà,HSK 5,形,1,在体积、数量、程度或影响等方面非常大（形）,عظیم؛ بسیار بزرگ از نظر اندازه، مقدار یا تأثیر (صفت),形,صفت,巨大变化 (jùdà biànhuà) | 巨大影响 (jùdà yǐngxiǎng) | 巨大损失 (jùdà sǔnshī),这个项目带来了巨大的经济效益。,Zhège xiàngmù dàilái le jùdà de jīngjì xiàoyì.,این پروژه منافع اقتصادی عظیمی به همراه داشته است.,
628,绝对,juéduì,HSK 5,形/副,1,没有任何条件限制，不受其他因素影响的（形）,مطلق؛ بدون شرط یا محدودیت (صفت),形,صفت,绝对优势 (juéduì yōushì) | 绝对权力 (juéduì quánlì) | 绝对标准 (juéduì biāozhǔn),世界上没有绝对的公平。,Shìjiè shàng méiyǒu juéduì de gōngpíng.,در جهان عدالت مطلق وجود ندارد.,
628,绝对,juéduì,HSK 5,形/副,2,完全；肯定无疑（副）,قطعاً؛ حتماً؛ کاملاً (قید),副,قید,绝对不会 (juéduì bú huì) | 绝对正确 (juéduì zhèngquè) | 绝对不能 (juéduì bù néng),我绝对不会放弃。,Wǒ juéduì bú huì fàngqì.,من قطعاً تسلیم نخواهم شد.,
629,决赛,juésài,HSK 5,名,1,竞赛中决定最终名次或冠军的比赛（名）,مسابقهٔ نهایی؛ فینال (اسم),名,اسم,进入决赛 (jìnrù juésài) | 参加决赛 (cānjiā juésài) | 决赛阶段 (juésài jiēduàn),他们成功进入了决赛。,Tāmen chénggōng jìnrù le juésài.,آن‌ها با موفقیت به فینال راه یافتند.,
630,角色,juésè,HSK 5,名,1,演员在影视、戏剧等作品中扮演的人物（名）,شخصیت یا نقش در فیلم، نمایش و اثر داستانی (اسم),名,اسم,主要角色 (zhǔyào juésè) | 剧中的角色 (jù zhōng de juésè) | 扮演这个角色 (bànyǎn zhège juésè),她在电影中扮演一名医生的角色。,Tā zài diànyǐng zhōng bànyǎn yì míng yīshēng de juésè.,او در فیلم نقش یک پزشک را بازی می‌کند.,
630,角色,juésè,HSK 5,名,2,人在社会、组织或事件中的身份、作用或地位（名，比喻）,نقش و جایگاه فرد یا چیز در جامعه، گروه یا رویداد (اسم، مجازی),名，比喻,اسم، مجازی,重要角色 (zhòngyào juésè) | 社会角色 (shèhuì juésè) | 在团队中的角色 (zài tuánduì zhōng de juésè),他在项目中扮演着重要角色。,Tā zài xiàngmù zhōng bànyǎnzhe zhòngyào juésè.,او در این پروژه نقش مهمی ایفا می‌کند.,
631,决心,juéxīn,HSK 5,名/动,1,坚定不移地做某事的意志（名）,عزم؛ اراده و تصمیم راسخ (اسم),名,اسم,下定决心 (xiàdìng juéxīn) | 有决心 (yǒu juéxīn) | 坚定决心 (jiāndìng juéxīn),经过认真考虑，他终于下定了决心。,"Jīngguò rènzhēn kǎolǜ, tā zhōngyú xiàdìng le juéxīn.",او پس از بررسی دقیق سرانجام تصمیم قطعی خود را گرفت.,
631,决心,juéxīn,HSK 5,名/动,2,坚定地决定做某事（动）,قاطعانه تصمیم گرفتن؛ مصمم شدن (فعل),动,فعل,决心改变 (juéxīn gǎibiàn) | 决心完成任务 (juéxīn wánchéng rènwu) | 决心重新开始 (juéxīn chóngxīn kāishǐ),他决心改变自己的生活。,Tā juéxīn gǎibiàn zìjǐ de shēnghuó.,او مصمم شد زندگی خود را تغییر دهد.,
632,居民,jūmín,HSK 5,名,1,固定居住在某个地方的人（名）,ساکن؛ فردی که به‌طور ثابت در محلی زندگی می‌کند (اسم),名,اسم,当地居民 (dāngdì jūmín) | 城市居民 (chéngshì jūmín) | 附近居民 (fùjìn jūmín),当地居民支持这个项目。,Dāngdì jūmín zhīchí zhège xiàngmù.,ساکنان محلی از این پروژه حمایت می‌کنند.,
633,居然,jūrán,HSK 5,副,1,表示事情或结果出乎意料（副）,با کمال تعجب؛ برخلاف انتظار (قید),副,قید,居然不知道 (jūrán bù zhīdào) | 居然成功了 (jūrán chénggōng le) | 居然忘了 (jūrán wàng le),他居然忘了今天的会议。,Tā jūrán wàng le jīntiān de huìyì.,باورکردنی نیست که او جلسهٔ امروز را فراموش کرده باشد.,
634,据说,jùshuō,HSK 5,副,1,根据别人所说或流传的消息（副）,گفته می‌شود؛ بنا بر شنیده‌ها (قید),副,قید,据说是 (jùshuō shì) | 据说有 (jùshuō yǒu) | 据说已经 (jùshuō yǐjīng),据说这家公司准备进入中国市场。,Jùshuō zhè jiā gōngsī zhǔnbèi jìnrù Zhōngguó shìchǎng.,گفته می‌شود این شرکت قصد ورود به بازار چین را دارد.,
635,具体,jùtǐ,HSK 5,形,1,明确、详细，不笼统或不抽象（形）,مشخص؛ دقیق؛ عینی و غیرکلی (صفت),形,صفت,具体情况 (jùtǐ qíngkuàng) | 具体问题 (jùtǐ wèntí) | 具体措施 (jùtǐ cuòshī),请向我们说明具体情况。,Qǐng xiàng wǒmen shuōmíng jùtǐ qíngkuàng.,لطفاً جزئیات دقیق وضعیت را برای ما توضیح دهید.,
636,具有,jùyǒu,HSK 5,动,1,拥有某种性质、特点、能力或条件，多用于正式或书面表达（动，较正式）,دارا بودن؛ برخوردار بودن، بیشتر در کاربرد رسمی (فعل),动，较正式,فعل,具有优势 (jùyǒu yōushì) | 具有意义 (jùyǒu yìyì) | 具有价值 (jùyǒu jiàzhí),这项技术具有很大的发展潜力。,Zhè xiàng jìshù jùyǒu hěn dà de fāzhǎn qiánlì.,این فناوری ظرفیت رشد زیادی دارد.,
637,居住,jūzhù,HSK 5,动,1,较长时间地生活在某个地方（动）,ساکن بودن؛ برای مدتی نسبتاً طولانی در جایی زندگی کردن (فعل),动,فعل,长期居住 (chángqī jūzhù) | 居住环境 (jūzhù huánjìng) | 居住条件 (jūzhù tiáojiàn),他已经在上海居住五年了。,Tā yǐjīng zài Shànghǎi jūzhù wǔ nián le.,او پنج سال است که در شانگهای زندگی می‌کند.,
638,橘子,júzi,HSK 5,名,1,一种果皮橙黄色、通常容易剥开的柑橘类水果（名）,نارنگی؛ پرتقال ماندارین (اسم),名,اسم,吃橘子 (chī júzi) | 剥橘子 (bō júzi) | 一个橘子 (yí ge júzi),这个橘子很甜。,Zhège júzi hěn tián.,این نارنگی خیلی شیرین است.,
639,开发,kāifā,HSK 5,动,1,对土地、矿产、旅游资源等进行利用和建设（动）,بهره‌برداری و استفاده از زمین یا منابع طبیعی (فعل),动,فعل,开发资源 (kāifā zīyuán) | 开发土地 (kāifā tǔdì) | 开发矿产资源 (kāifā kuàngchǎn zīyuán),这个地区正在开发新的矿产资源。,Zhège dìqū zhèngzài kāifā xīn de kuàngchǎn zīyuán.,در این منطقه از منابع معدنی جدید بهره‌برداری می‌شود.,
639,开发,kāifā,HSK 5,动,2,通过研究和设计创造新产品、技术或软件（动）,توسعه و طراحی کردن محصول، فناوری یا نرم‌افزار جدید (فعل),动,فعل,开发产品 (kāifā chǎnpǐn) | 开发软件 (kāifā ruǎnjiàn) | 开发新技术 (kāifā xīn jìshù),公司正在开发一款新的手机应用。,Gōngsī zhèngzài kāifā yì kuǎn xīn de shǒujī yìngyòng.,شرکت در حال توسعهٔ یک برنامهٔ جدید تلفن همراه است.,
639,开发,kāifā,HSK 5,动,3,开拓并利用新的市场、业务或客户资源（动）,بازار، فعالیت تجاری یا مشتریان جدید را توسعه دادن (فعل),动,فعل,开发市场 (kāifā shìchǎng) | 开发客户 (kāifā kèhù) | 开发新业务 (kāifā xīn yèwù),公司正在开发新的海外市场。,Gōngsī zhèngzài kāifā xīn de hǎiwài shìchǎng.,شرکت در حال توسعهٔ بازارهای خارجی جدید است.,
640,开放,kāifàng,HSK 5,动/形,1,解除限制，允许进入、使用、参观或交流；处于可以进入或使用的状态（动/形）,باز کردن یا باز بودن؛ در دسترس عموم قرار دادن (فعل/صفت),动/形,فعل/صفت,向公众开放 (xiàng gōngzhòng kāifàng) | 免费开放 (miǎnfèi kāifàng) | 开放市场 (kāifàng shìchǎng),这个博物馆每天向公众开放。,Zhège bówùguǎn měitiān xiàng gōngzhòng kāifàng.,این موزه هر روز به روی عموم باز است.,
640,开放,kāifàng,HSK 5,形,2,思想、态度等不保守，愿意接受新事物（形）,روشن‌فکر و پذیرا؛ دارای نگرش باز و غیرمحافظه‌کارانه (صفت),形,صفت,思想开放 (sīxiǎng kāifàng) | 态度开放 (tàidu kāifàng) | 比较开放 (bǐjiào kāifàng),她的思想比较开放，愿意接受新观念。,"Tā de sīxiǎng bǐjiào kāifàng, yuànyì jiēshòu xīn guānniàn.",او نگرش نسبتاً بازی دارد و افکار جدید را می‌پذیرد.,
641,开幕,kāimù,HSK 5,动,1,会议、展览、比赛等正式开始（不及物动）,افتتاح شدن؛ رسماً آغاز شدن (فعل ناگذر),不及物动,فعل ناگذر,正式开幕 (zhèngshì kāimù) | 展览开幕 (zhǎnlǎn kāimù) | 会议开幕 (huìyì kāimù),国际展览会今天正式开幕。,Guójì zhǎnlǎnhuì jīntiān zhèngshì kāimù.,نمایشگاه بین‌المللی امروز رسماً افتتاح شد.,
642,开幕式,kāimùshì,HSK 5,名,1,活动正式开始时举行的仪式（名）,مراسم افتتاحیه (اسم),名,اسم,举行开幕式 (jǔxíng kāimùshì) | 参加开幕式 (cānjiā kāimùshì) | 开幕式现场 (kāimùshì xiànchǎng),开幕式将在上午九点举行。,Kāimùshì jiāng zài shàngwǔ jiǔ diǎn jǔxíng.,مراسم افتتاحیه ساعت نه صبح برگزار خواهد شد.,
643,开水,kāishuǐ,HSK 5,名,1,煮沸过的水，通常指热水（名）,آب جوشیده؛ معمولاً آب داغ (اسم),名,اسم,喝开水 (hē kāishuǐ) | 一杯开水 (yì bēi kāishuǐ) | 烧开水 (shāo kāishuǐ),请给我一杯开水。,Qǐng gěi wǒ yì bēi kāishuǐ.,لطفاً یک لیوان آب جوشیده به من بدهید.,
644,开通,kāitōng,HSK 5,动,1,使交通、通信线路等建成并开始运行；线路开始运行（动）,راه‌اندازی شدن یا کردنِ مسیر حمل‌ونقل یا خط ارتباطی (فعل),动,فعل,开通航线 (kāitōng hángxiàn) | 地铁开通 (dìtiě kāitōng) | 正式开通 (zhèngshì kāitōng),这条地铁线路已经正式开通。,Zhè tiáo dìtiě xiànlù yǐjīng zhèngshì kāitōng.,این خط مترو رسماً راه‌اندازی شده است.,
644,开通,kāitōng,HSK 5,动,2,办理手续后使账户、服务或功能可以使用（动）,فعال کردن حساب، خدمت یا قابلیت (فعل),动,فعل,开通账户 (kāitōng zhànghù) | 开通服务 (kāitōng fúwù) | 开通会员功能 (kāitōng huìyuán gōngnéng),我刚刚开通了网上银行服务。,Wǒ gānggāng kāitōng le wǎngshàng yínháng fúwù.,من همین الان خدمات بانکداری اینترنتی را فعال کردم.,
645,开业,kāiyè,HSK 5,动,1,商店、企业等正式开始营业（动）,افتتاح شدن و آغاز به کار کردنِ فروشگاه یا کسب‌وکار (فعل),动,فعل,正式开业 (zhèngshì kāiyè) | 即将开业 (jíjiāng kāiyè) | 开业活动 (kāiyè huódòng),这家商场下个月正式开业。,Zhè jiā shāngchǎng xià ge yuè zhèngshì kāiyè.,این مرکز خرید ماه آینده رسماً افتتاح می‌شود.,
646,开展,kāizhǎn,HSK 5,动,1,使工作、活动、调查等开始并持续进行（动）,آغاز و اجرا کردن؛ به جریان انداختن یک کار یا فعالیت (فعل),动,فعل,开展工作 (kāizhǎn gōngzuò) | 开展活动 (kāizhǎn huódòng) | 开展调查 (kāizhǎn diàochá),公司正在开展市场调查。,Gōngsī zhèngzài kāizhǎn shìchǎng diàochá.,شرکت در حال انجام تحقیقات بازار است.,
647,看望,kànwàng,HSK 5,动,1,到长辈、亲友或病人所在的地方问候他们（动）,به دیدن کسی رفتن؛ از نزدیکان دیدن یا از بیمار عیادت کردن (فعل),动,فعل,看望父母 (kànwàng fùmǔ) | 看望病人 (kànwàng bìngrén) | 去医院看望朋友 (qù yīyuàn kànwàng péngyou),周末我去医院看望朋友。,Zhōumò wǒ qù yīyuàn kànwàng péngyou.,آخر هفته برای عیادت دوستم به بیمارستان رفتم.,
648,看作,kànzuò,HSK 5,动,1,把某人或某事物认为是另一种身份、性质或用途（动）,به‌عنوان کسی یا چیزی در نظر گرفتن؛ تلقی کردن (فعل),动,فعل,看作朋友 (kànzuò péngyou) | 被看作榜样 (bèi kànzuò bǎngyàng) | 看作机会 (kànzuò jīhuì),我们把这次失败看作一次学习的机会。,Wǒmen bǎ zhè cì shībài kànzuò yí cì xuéxí de jīhuì.,ما این شکست را فرصتی برای یادگیری در نظر می‌گیریم.,
649,靠,kào,HSK 5,动/介,1,把身体或物体的一部分倚在别的人或物体上（动）,تکیه دادن یا تکیه کردن به کسی یا چیزی (فعل),动,فعل,靠着墙 (kàozhe qiáng) | 靠在椅背上 (kào zài yǐbèi shàng) | 背靠大树 (bèi kào dàshù),他靠在墙上休息了一会儿。,Tā kào zài qiáng shàng xiūxi le yíhuìr.,او مدتی به دیوار تکیه داد و استراحت کرد.,
649,靠,kào,HSK 5,动/介,2,接近或紧挨着某人、某物或某个地方（动/介）,نزدیک یا چسبیده به کسی، چیزی یا مکانی بودن (فعل/حرف اضافه),动/介,فعل/حرف اضافه,房子靠河 (fángzi kào hé) | 靠窗的位置 (kào chuāng de wèizhi) | 船靠岸 (chuán kào àn),我想坐在靠窗的位置。,Wǒ xiǎng zuò zài kào chuāng de wèizhi.,می‌خواهم در صندلی کنار پنجره بنشینم.,
649,靠,kào,HSK 5,动/介,3,依赖某人、某物或凭借某种条件达到目的（动/介）,متکی بودن به؛ با تکیه بر کسی یا چیزی کاری را انجام دادن (فعل/حرف اضافه),动/介,فعل/حرف اضافه,靠自己 (kào zìjǐ) | 靠努力成功 (kào nǔlì chénggōng) | 靠工资生活 (kào gōngzī shēnghuó),成功要靠自己的努力。,Chénggōng yào kào zìjǐ de nǔlì.,برای موفقیت باید به تلاش خود متکی بود.,
650,靠近,kàojìn,HSK 5,动,1,向某人或某地移动，使彼此距离变近；离得很近（动）,نزدیک شدن؛ در فاصلهٔ کمی از کسی یا چیزی قرار داشتن (فعل),动,فعل,靠近车站 (kàojìn chēzhàn) | 逐渐靠近 (zhújiàn kàojìn) | 不要靠近 (bú yào kàojìn),请不要靠近危险区域。,Qǐng bú yào kàojìn wēixiǎn qūyù.,لطفاً به منطقهٔ خطر نزدیک نشوید.,
651,颗,kē,HSK 5,量,1,用于较小的颗粒状、圆形物体，也用于牙齿、心、星星等（量）,واحد شمارش برای اشیای کوچک، دانه‌ای یا تقریباً گرد و نیز دندان، قلب و ستاره (واحد شمارش),量,واحد شمارش,一颗糖 (yì kē táng) | 一颗牙 (yì kē yá) | 一颗星星 (yì kē xīngxing),夜空中有一颗明亮的星星。,Yèkōng zhōng yǒu yì kē míngliàng de xīngxing.,در آسمان شب یک ستارهٔ درخشان دیده می‌شود.,
652,克服,kèfú,HSK 5,动,1,通过努力战胜或消除困难、缺点、恐惧等（动）,بر دشواری، ضعف یا ترس غلبه کردن (فعل),动,فعل,克服困难 (kèfú kùnnan) | 克服缺点 (kèfú quēdiǎn) | 克服恐惧 (kèfú kǒngjù),我们必须克服眼前的困难。,Wǒmen bìxū kèfú yǎnqián de kùnnan.,ما باید بر مشکلات پیش رو غلبه کنیم.,
653,客服,kèfú,HSK 5,名,1,“客户服务”的简称，指为客户提供咨询和帮助的服务或部门（名）,خدمات مشتریان؛ بخش ارائه‌دهندهٔ راهنمایی و پشتیبانی به مشتریان (اسم),名,اسم,客服部门 (kèfú bùmén) | 客服系统 (kèfú xìtǒng) | 提升客服质量 (tíshēng kèfú zhìliàng),这家公司的客服做得很好。,Zhè jiā gōngsī de kèfú zuò de hěn hǎo.,خدمات مشتریان این شرکت بسیار خوب است.,
653,客服,kèfú,HSK 5,名,2,客户服务人员的简称（名，口语）,کارشناس یا اپراتور خدمات مشتریان (اسم، محاوره‌ای),名，口语,اسم، محاوره‌ای,联系客服 (liánxì kèfú) | 咨询客服 (zīxún kèfú) | 客服回复 (kèfú huífù),客服很快解决了我的问题。,Kèfú hěn kuài jiějué le wǒ de wèntí.,کارشناس خدمات مشتریان خیلی زود مشکل مرا حل کرد.,
654,客观,kèguān,HSK 5,形,1,不受个人感情或偏见影响；实际存在而不依赖主观意识（形）,عینی؛ بی‌طرفانه و مبتنی بر واقعیت، مستقل از احساس یا نظر شخصی (صفت),形,صفت,客观事实 (kèguān shìshí) | 客观评价 (kèguān píngjià) | 客观分析 (kèguān fēnxī),我们应该客观地分析这个问题。,Wǒmen yīnggāi kèguān de fēnxī zhège wèntí.,ما باید این مسئله را به‌طور عینی تحلیل کنیم.,
655,客户,kèhù,HSK 5,名,1,购买商品、接受服务或与企业有业务关系的个人或单位（名）,مشتری؛ شخص یا سازمانی که کالا یا خدمات دریافت می‌کند (اسم),名,اسم,重要客户 (zhòngyào kèhù) | 客户需求 (kèhù xūqiú) | 服务客户 (fúwù kèhù),我们要认真了解客户的需求。,Wǒmen yào rènzhēn liǎojiě kèhù de xūqiú.,ما باید نیازهای مشتریان را به‌دقت بشناسیم.,
656,可见,kějiàn,HSK 5,连/动,1,表示根据前面的事实可以得出某种判断或结论（连）,از این رو روشن است که؛ برای نتیجه‌گیری از واقعیت قبلی (حرف ربط),连,حرف ربط,由此可见 (yóucǐ kějiàn) | 可见问题严重 (kějiàn wèntí yánzhòng) | 可见并不容易 (kějiàn bìng bù róngyì),他连续三年每天练习，可见他很有毅力。,"Tā liánxù sān nián měitiān liànxí, kějiàn tā hěn yǒu yìlì.",او سه سال پیاپی هر روز تمرین کرده است؛ پس روشن است که ارادهٔ زیادی دارد.,
656,可见,kějiàn,HSK 5,连/动,2,能够被看见（动）,قابل مشاهده بودن؛ بتوان آن را دید (فعل),动,فعل,清晰可见 (qīngxī kějiàn) | 肉眼可见 (ròuyǎn kějiàn) | 随处可见 (suíchù kějiàn),远处的山峰清晰可见。,Yuǎnchù de shānfēng qīngxī kějiàn.,قله‌های دوردست به‌وضوح قابل مشاهده‌اند.,
657,可靠,kěkào,HSK 5,形,1,值得信赖；稳定而不容易出问题（形）,قابل اعتماد؛ مطمئن و قابل اتکا (صفت),形,صفت,可靠的人 (kěkào de rén) | 可靠消息 (kěkào xiāoxi) | 安全可靠 (ānquán kěkào),这个消息的来源非常可靠。,Zhège xiāoxi de láiyuán fēicháng kěkào.,منبع این خبر بسیار قابل اعتماد است.,
658,可怕,kěpà,HSK 5,形,1,使人害怕，或严重得令人担忧（形）,ترسناک؛ هولناک؛ به‌شدت نگران‌کننده (صفت),形,صفت,可怕的事情 (kěpà de shìqing) | 非常可怕 (fēicháng kěpà) | 后果很可怕 (hòuguǒ hěn kěpà),昨晚的暴风雨非常可怕。,Zuówǎn de bàofēngyǔ fēicháng kěpà.,طوفان دیشب بسیار ترسناک بود.,
659,科研,kēyán,HSK 5,名,1,“科学研究”的简称（名）,پژوهش علمی؛ شکل کوتاه‌شدهٔ تحقیقات علمی (اسم),名,اسم,科研项目 (kēyán xiàngmù) | 科研人员 (kēyán rényuán) | 科研成果 (kēyán chéngguǒ),他一直从事人工智能方面的科研工作。,Tā yìzhí cóngshì réngōng zhìnéng fāngmiàn de kēyán gōngzuò.,او همواره در زمینهٔ هوش مصنوعی به کار پژوهشی مشغول بوده است.,
660,空间,kōngjiān,HSK 5,名,1,物体存在、活动或能够容纳事物的范围和场所（名）,فضا؛ محدوده‌ای برای قرارگرفتن یا حرکت اشیا و افراد (اسم),名,اسم,生活空间 (shēnghuó kōngjiān) | 活动空间 (huódòng kōngjiān) | 节省空间 (jiéshěng kōngjiān),这个房间的空间很大。,Zhège fángjiān de kōngjiān hěn dà.,فضای این اتاق بسیار بزرگ است.,
660,空间,kōngjiān,HSK 5,名,2,可以发展、提高、想象或发挥作用的范围（名，比喻）,ظرفیت و مجال رشد، پیشرفت یا فعالیت (اسم، مجازی),名，比喻,اسم، مجازی,发展空间 (fāzhǎn kōngjiān) | 上升空间 (shàngshēng kōngjiān) | 想象空间 (xiǎngxiàng kōngjiān),这个行业还有很大的发展空间。,Zhège hángyè hái yǒu hěn dà de fāzhǎn kōngjiān.,این صنعت هنوز ظرفیت زیادی برای توسعه دارد.,
661,控制,kòngzhì,HSK 5,动/名,1,掌握、支配或限制，使事物按照要求发展或不超出一定范围（动）,کنترل و مهار کردن؛ در محدودهٔ مشخص نگه داشتن (فعل),动,فعل,控制成本 (kòngzhì chéngběn) | 控制情绪 (kòngzhì qíngxù) | 控制局面 (kòngzhì júmiàn),公司必须严格控制生产成本。,Gōngsī bìxū yángé kòngzhì shēngchǎn chéngběn.,شرکت باید هزینه‌های تولید را به‌دقت کنترل کند.,
661,控制,kòngzhì,HSK 5,动/名,2,掌握、支配或限制事物的状态或能力（名）,کنترل؛ حالت یا توانایی مهارکردن چیزی (اسم),名,اسم,失去控制 (shīqù kòngzhì) | 得到控制 (dédào kòngzhì) | 处于控制之下 (chǔyú kòngzhì zhī xià),火势已经得到控制。,Huǒshì yǐjīng dédào kòngzhì.,آتش مهار شده است.,
662,空中,kōngzhōng,HSK 5,名,1,离开地面的空间；天空中（名）,هوا؛ فضای بالای سطح زمین؛ در آسمان (اسم),名,اسم,空中飞行 (kōngzhōng fēixíng) | 飞向空中 (fēi xiàng kōngzhōng) | 停在空中 (tíng zài kōngzhōng),一架飞机正在空中飞行。,Yí jià fēijī zhèngzài kōngzhōng fēixíng.,یک هواپیما در آسمان در حال پرواز است.,
663,口袋,kǒudài,HSK 5,名,1,缝在衣服上、用来装小件物品的袋状部分（名）,جیب؛ بخش کیسه‌مانند لباس برای نگهداری وسایل کوچک (اسم),名,اسم,衣服口袋 (yīfu kǒudài) | 放进口袋 (fàng jìn kǒudài) | 从口袋里拿出 (cóng kǒudài lǐ náchū),他把手机放进了口袋。,Tā bǎ shǒujī fàng jìn le kǒudài.,او تلفن همراهش را داخل جیب گذاشت.,
664,口味,kǒuwèi,HSK 5,名,1,食物的味道，常指味道的浓淡、咸辣等特点（名）,طعم و مزهٔ غذا؛ مانند ملایم، شور یا تند بودن (اسم),名,اسم,口味清淡 (kǒuwèi qīngdàn) | 口味很重 (kǒuwèi hěn zhòng) | 不同口味 (bùtóng kǒuwèi),这道菜的口味比较清淡。,Zhè dào cài de kǒuwèi bǐjiào qīngdàn.,طعم این غذا نسبتاً ملایم است.,
664,口味,kǒuwèi,HSK 5,名,2,个人对食物味道或事物风格的喜好（名）,ذائقه؛ سلیقه و ترجیح شخصی (اسم),名,اسم,符合口味 (fúhé kǒuwèi) | 个人口味 (gèrén kǒuwèi) | 合我的口味 (hé wǒ de kǒuwèi),这家餐厅的菜很符合我的口味。,Zhè jiā cāntīng de cài hěn fúhé wǒ de kǒuwèi.,غذاهای این رستوران کاملاً مطابق ذائقهٔ من است.,
665,库,kù,HSK 5,名,1,储存大量物品的建筑物或场所（名）,انبار؛ محل نگهداری مقدار زیادی کالا یا مواد (اسم),名,اسم,送进库里 (sòngjìn kù lǐ) | 库里存着货物 (kù lǐ cúnzhe huòwù) | 从库里取出 (cóng kù lǐ qǔchū),这些货物已经送进库里了。,Zhèxiē huòwù yǐjīng sòngjìn kù lǐ le.,این کالاها به انبار منتقل شده‌اند.,
666,宽,kuān,HSK 5,形,1,横向距离大，与窄相对（形）,پهن؛ عریض؛ دارای عرض زیاد (صفت),形,صفت,很宽 (hěn kuān) | 宽马路 (kuān mǎlù) | 又宽又长 (yòu kuān yòu cháng),这条马路非常宽。,Zhè tiáo mǎlù fēicháng kuān.,این خیابان بسیار عریض است.,
666,宽,kuān,HSK 5,形,2,条件、范围等限制较少，要求不严格（形）,سهل‌گیرانه؛ گسترده و دارای محدودیت کمتر (صفت),形,صفت,条件很宽 (tiáojiàn hěn kuān) | 政策较宽 (zhèngcè jiào kuān) | 管得太宽 (guǎn de tài kuān),这里的申请条件比较宽。,Zhèlǐ de shēnqǐng tiáojiàn bǐjiào kuān.,شرایط درخواست در اینجا نسبتاً آسان‌گیرانه است.,
667,宽度,kuāndù,HSK 5,名,1,物体横向两边之间的距离（名）,عرض؛ فاصلهٔ میان دو سوی یک جسم (اسم),名,اسم,测量宽度 (cèliáng kuāndù) | 道路宽度 (dàolù kuāndù) | 屏幕宽度 (píngmù kuāndù),请测量一下这张桌子的宽度。,Qǐng cèliáng yíxià zhè zhāng zhuōzi de kuāndù.,لطفاً عرض این میز را اندازه‌گیری کنید.,
668,亏,kuī,HSK 5,动,1,收入少于支出；损失钱财（动）,ضرر کردن؛ زیان مالی دیدن (فعل),动,فعل,亏了很多钱 (kuī le hěn duō qián) | 生意亏了 (shēngyi kuī le) | 越做越亏 (yuè zuò yuè kuī),他去年做生意亏了不少钱。,Tā qùnián zuò shēngyi kuī le bù shǎo qián.,او سال گذشته در تجارت پول زیادی ضرر کرد.,
668,亏,kuī,HSK 5,动,2,使别人受到损失或委屈；在某方面对不起别人（动，口语）,در حق کسی کوتاهی یا بی‌انصافی کردن (فعل، محاوره‌ای),动，口语,فعل، محاوره‌ای,不能亏了他 (bù néng kuī le tā) | 不会亏你 (bú huì kuī nǐ) | 亏了孩子 (kuī le háizi),我们不能亏了辛苦工作的员工。,Wǒmen bù néng kuī le xīnkǔ gōngzuò de yuángōng.,نباید در حق کارکنانی که سخت کار می‌کنند کوتاهی کنیم.,
668,亏,kuī,HSK 5,副,3,用反语表示责备、讽刺或难以相信（副，口语）,عجب که؛ چطور توانستی، برای سرزنش یا طعنه (قید، محاوره‌ای),副，口语,قید، محاوره‌ای,亏你想得出来 (kuī nǐ xiǎng de chūlai) | 亏你还记得 (kuī nǐ hái jìde) | 亏你好意思说 (kuī nǐ hǎoyìsi shuō),亏你还好意思说这种话！,Kuī nǐ hái hǎoyìsi shuō zhè zhǒng huà!,عجب رویی داری که چنین حرفی می‌زنی!,
669,昆虫,kūnchóng,HSK 5,名,1,身体通常分为头、胸、腹三部分，并有三对足的一类动物（名）,حشره؛ جانوری با بدن سه‌بخشی و سه جفت پا (اسم),名,اسم,昆虫种类 (kūnchóng zhǒnglèi) | 观察昆虫 (guānchá kūnchóng) | 研究昆虫 (yánjiū kūnchóng),蝴蝶是一种美丽的昆虫。,Húdié shì yì zhǒng měilì de kūnchóng.,پروانه نوعی حشرهٔ زیباست.,
670,扩大,kuòdà,HSK 5,动,1,使范围、规模、数量或影响等变大（动）,گسترش دادن؛ دامنه، مقیاس، مقدار یا تأثیر را افزایش دادن (فعل),动,فعل,扩大规模 (kuòdà guīmó) | 扩大市场 (kuòdà shìchǎng) | 扩大影响 (kuòdà yǐngxiǎng),公司计划进一步扩大海外市场。,Gōngsī jìhuà jìnyíbù kuòdà hǎiwài shìchǎng.,شرکت قصد دارد بازارهای خارجی خود را بیش‌ازپیش گسترش دهد.,
671,来源,láiyuán,HSK 5,名,1,事物产生、获得或来自的地方、途径或根源（名）,منبع؛ منشأ یا راهی که چیزی از آن به دست می‌آید (اسم),名,اسم,信息来源 (xìnxī láiyuán) | 收入来源 (shōurù láiyuán) | 主要来源 (zhǔyào láiyuán),我们必须确认这条消息的来源。,Wǒmen bìxū quèrèn zhè tiáo xiāoxi de láiyuán.,ما باید منبع این خبر را تأیید کنیم.,
672,老百姓,lǎobǎixìng,HSK 5,名,1,普通人民；一般民众（名，口语）,مردم عادی؛ عموم مردم، در زبان محاوره (اسم),名，口语,اسم,广大老百姓 (guǎngdà lǎobǎixìng) | 老百姓的生活 (lǎobǎixìng de shēnghuó) | 为老百姓服务 (wèi lǎobǎixìng fúwù),这个政策关系到老百姓的生活。,Zhège zhèngcè guānxì dào lǎobǎixìng de shēnghuó.,این سیاست با زندگی مردم عادی ارتباط دارد.,
673,老板,lǎobǎn,HSK 5,名,1,企业、商店等的所有者或经营者，也常用于称呼负责人（名，口语）,رئیس؛ صاحب یا گردانندهٔ شرکت، فروشگاه یا کسب‌وکار (اسم، محاوره‌ای),名，口语,اسم، محاوره‌ای,公司老板 (gōngsī lǎobǎn) | 当老板 (dāng lǎobǎn) | 找老板谈 (zhǎo lǎobǎn tán),老板正在和客户开会。,Lǎobǎn zhèngzài hé kèhù kāihuì.,رئیس در جلسه‌ای با مشتری است.,
674,劳动,láodòng,HSK 5,动/名,1,使用体力或脑力进行工作（动）,کار کردن؛ فعالیت جسمی یا ذهنی انجام دادن (فعل),动,فعل,一起劳动 (yìqǐ láodòng) | 劳动一天 (láodòng yì tiān) | 辛勤地劳动 (xīnqín de láodòng),大家一起劳动，很快就完成了任务。,"Dàjiā yìqǐ láodòng, hěn kuài jiù wánchéng le rènwu.",همه با هم کار کردند و خیلی زود کار را به پایان رساندند.,
674,劳动,láodòng,HSK 5,动/名,2,人类使用体力或脑力创造价值的活动（名）,کار؛ فعالیت جسمی یا ذهنی برای تولید و ایجاد ارزش (اسم),名,اسم,体力劳动 (tǐlì láodòng) | 脑力劳动 (nǎolì láodòng) | 劳动成果 (láodòng chéngguǒ),我们应该尊重每个人的劳动。,Wǒmen yīnggāi zūnzhòng měi ge rén de láodòng.,ما باید به کار هر فرد احترام بگذاریم.,
675,老公,lǎogōng,HSK 5,名,1,妻子对丈夫的日常称呼（名，口语）,شوهر؛ خطاب محاوره‌ای به همسر مرد (اسم),名，口语,اسم,我老公 (wǒ lǎogōng) | 她老公 (tā lǎogōng) | 和老公商量 (hé lǎogōng shāngliang),她和老公一起去旅行了。,Tā hé lǎogōng yìqǐ qù lǚxíng le.,او همراه شوهرش به سفر رفت.,
676,姥姥,lǎolao,HSK 5,名,1,母亲的母亲，主要用于北方口语（名）,مادربزرگ مادری؛ بیشتر در گفتار مناطق شمالی (اسم),名,اسم,看望姥姥 (kànwàng lǎolao) | 姥姥家 (lǎolao jiā) | 跟姥姥聊天 (gēn lǎolao liáotiān),小时候我常常住在姥姥家。,Xiǎoshíhou wǒ chángcháng zhù zài lǎolao jiā.,در کودکی اغلب در خانهٔ مادربزرگ مادری‌ام می‌ماندم.,
677,老婆,lǎopo,HSK 5,名,1,丈夫对妻子的日常称呼（名，口语）,زن؛ خطاب محاوره‌ای به همسر زن (اسم),名，口语,اسم,我老婆 (wǒ lǎopo) | 他老婆 (tā lǎopo) | 和老婆商量 (hé lǎopo shāngliang),他和老婆已经结婚十年了。,Tā hé lǎopo yǐjīng jiéhūn shí nián le.,او و همسرش ده سال است که ازدواج کرده‌اند.,
678,姥爷,lǎoye,HSK 5,名,1,母亲的父亲，主要用于北方口语（名）,پدربزرگ مادری؛ بیشتر در گفتار مناطق شمالی (اسم),名,اسم,看望姥爷 (kànwàng lǎoye) | 姥爷家 (lǎoye jiā) | 跟姥爷散步 (gēn lǎoye sànbù),我的姥爷今年八十岁了。,Wǒ de lǎoye jīnnián bāshí suì le.,پدربزرگ مادری من امسال هشتادساله است.,
679,乐观,lèguān,HSK 5,形,1,对未来或事情的发展充满信心和希望（形）,خوش‌بین؛ دارای نگرشی مثبت و امیدوارانه (صفت),形,صفت,保持乐观 (bǎochí lèguān) | 态度乐观 (tàidu lèguān) | 乐观地面对 (lèguān de miànduì),无论遇到什么困难，她都很乐观。,"Wúlùn yùdào shénme kùnnan, tā dōu hěn lèguān.",او در برابر هر مشکلی همچنان خوش‌بین می‌ماند.,
679,乐观,lèguān,HSK 5,形,2,情况或前景令人有信心和希望（形）,امیدوارکننده؛ دارای چشم‌انداز مثبت (صفت),形,صفت,前景乐观 (qiánjǐng lèguān) | 形势不容乐观 (xíngshì bù róng lèguān) | 结果比较乐观 (jiéguǒ bǐjiào lèguān),目前这个行业的前景比较乐观。,Mùqián zhège hángyè de qiánjǐng bǐjiào lèguān.,در حال حاضر چشم‌انداز این صنعت نسبتاً امیدوارکننده است.,
680,泪,lèi,HSK 5,名,1,眼睛因感情刺激或生理原因流出的液体，多用于书面语（名，书面）,اشک، بیشتر در زبان نوشتاری و ادبی (اسم),名，书面,اسم,眼中含泪 (yǎn zhōng hán lèi) | 流下泪来 (liúxià lèi lái) | 眼里有泪 (yǎn lǐ yǒu lèi),听到这个消息，她流下了泪。,"Tīngdào zhège xiāoxi, tā liúxià le lèi.",با شنیدن این خبر، اشک از چشمانش جاری شد.,
681,类,lèi,HSK 5,名/量,1,具有共同特征的人或事物所形成的类别；用于计算这些类别（名/量）,نوع؛ دسته؛ واحد شمارش برای انواع و دسته‌ها (اسم/واحد شمارش),名/量,اسم/واحد شمارش,属于这一类 (shǔyú zhè yí lèi) | 一类问题 (yí lèi wèntí) | 两类产品 (liǎng lèi chǎnpǐn),这些产品可以分为两类。,Zhèxiē chǎnpǐn kěyǐ fēn wéi liǎng lèi.,این محصولات را می‌توان به دو دسته تقسیم کرد.,
682,泪水,lèishuǐ,HSK 5,名,1,眼睛因感情刺激或生理原因流出的液体，常带较强的感情色彩（名）,اشک؛ معمولاً با بار عاطفی بیشتر (اسم),名,اسم,流下泪水 (liúxià lèishuǐ) | 擦去泪水 (cāqù lèishuǐ) | 眼中充满泪水 (yǎn zhōng chōngmǎn lèishuǐ),她激动得流下了泪水。,Tā jīdòng de liúxià le lèishuǐ.,او از شدت هیجان اشک ریخت.,
683,类似,lèisì,HSK 5,形,1,大致相像，但不完全相同（形）,مشابه؛ شبیه، اما نه کاملاً یکسان (صفت),形,صفت,类似情况 (lèisì qíngkuàng) | 类似问题 (lèisì wèntí) | 与这个类似 (yǔ zhège lèisì),我们以前遇到过类似的问题。,Wǒmen yǐqián yùdào guo lèisì de wèntí.,ما قبلاً با مسئله‌ای مشابه روبه‌رو شده‌ایم.,
684,类型,lèixíng,HSK 5,名,1,按照共同特征划分出的种类或形式（名）,نوع؛ دسته یا قالبی با ویژگی‌های مشترک (اسم),名,اسم,不同类型 (bùtóng lèixíng) | 产品类型 (chǎnpǐn lèixíng) | 类型多样 (lèixíng duōyàng),这种类型的汽车很受年轻人欢迎。,Zhè zhǒng lèixíng de qìchē hěn shòu niánqīngrén huānyíng.,این نوع خودرو در میان جوانان بسیار محبوب است.,
685,乐趣,lèqù,HSK 5,名,1,使人感到快乐的趣味或享受（名）,لذت؛ خوشی و جذابیتی که باعث شادی می‌شود (اسم),名,اسم,生活乐趣 (shēnghuó lèqù) | 学习的乐趣 (xuéxí de lèqù) | 寻找乐趣 (xúnzhǎo lèqù),阅读给我的生活带来了很多乐趣。,Yuèdú gěi wǒ de shēnghuó dàilái le hěn duō lèqù.,مطالعه لذت زیادی به زندگی‌ام بخشیده است.,
686,梨,lí,HSK 5,名,1,一种果肉多汁、味道通常甜或微酸的水果（名）,گلابی؛ میوه‌ای آبدار با طعم شیرین یا کمی ترش (اسم),名,اسم,一个梨 (yí ge lí) | 吃梨 (chī lí) | 新鲜的梨 (xīnxiān de lí),我买了几个新鲜的梨。,Wǒ mǎi le jǐ ge xīnxiān de lí.,من چند گلابی تازه خریدم.,
687,力,lì,HSK 5,名,1,人或物体所具有的力量；使物体运动或发生变化的作用（名）,نیرو؛ توان جسمی یا نیروی واردشده بر یک جسم (اسم),名,اسم,使很大的力 (shǐ hěn dà de lì) | 没使多少力 (méi shǐ duōshao lì) | 出一份力 (chū yí fèn lì),他使了很大的力才把门推开。,Tā shǐ le hěn dà de lì cái bǎ mén tuīkāi.,او با نیروی زیادی توانست در را باز کند.,
688,恋爱,liàn'ài,HSK 5,动/名,1,两个人互相爱慕并建立爱情关系；单独作动词时不如“谈恋爱”常见（动）,عاشق یکدیگر بودن؛ رابطهٔ عاشقانه داشتن (فعل),动,فعل,谈恋爱 (tán liàn'ài) | 恋爱三年 (liàn'ài sān nián) | 自由恋爱 (zìyóu liàn'ài),他们已经恋爱三年了。,Tāmen yǐjīng liàn'ài sān nián le.,آن‌ها سه سال است که با یکدیگر رابطهٔ عاشقانه دارند.,
688,恋爱,liàn'ài,HSK 5,动/名,2,两个人之间相爱的感情和关系（名）,عشق و رابطهٔ عاشقانه (اسم),名,اسم,恋爱经历 (liàn'ài jīnglì) | 恋爱生活 (liàn'ài shēnghuó) | 一段恋爱 (yí duàn liàn'ài),这是一段美好的恋爱。,Zhè shì yí duàn měihǎo de liàn'ài.,این رابطهٔ عاشقانه‌ای زیباست.,
689,良好,liánghǎo,HSK 5,形,1,令人满意或符合较高要求，多用于正式或书面表达（形，较正式）,خوب؛ مطلوب و رضایت‌بخش، بیشتر در کاربرد رسمی (صفت),形，较正式,صفت,良好关系 (liánghǎo guānxì) | 良好习惯 (liánghǎo xíguàn) | 状态良好 (zhuàngtài liánghǎo),双方保持着良好的合作关系。,Shuāngfāng bǎochízhe liánghǎo de hézuò guānxì.,دو طرف روابط همکاری خوبی را حفظ کرده‌اند.,
690,粮食,liángshi,HSK 5,名,1,供人食用的谷物、豆类和薯类等基本食粮，不泛指所有食物（名）,غلات و محصولات خوراکی اساسی؛ نه همهٔ انواع غذا (اسم),名,اسم,粮食生产 (liángshi shēngchǎn) | 节约粮食 (jiéyuē liángshi) | 粮食安全 (liángshi ānquán),我们应该珍惜粮食，避免浪费。,"Wǒmen yīnggāi zhēnxī liángshi, bìmiǎn làngfèi.",ما باید قدر مواد غذایی اساسی را بدانیم و از اسراف جلوگیری کنیم.,
691,联合,liánhé,HSK 5,动/形,1,两个或多个个人、组织等联系起来，共同行动或合作（动）,متحد یا همکار شدن؛ برای اقدامی مشترک به هم پیوستن (فعل),动,فعل,联合起来 (liánhé qǐlai) | 联合多个部门 (liánhé duō ge bùmén) | 与其他机构联合 (yǔ qítā jīgòu liánhé),多个机构联合起来开展了这次调查。,Duō ge jīgòu liánhé qǐlai kāizhǎn le zhè cì diàochá.,چند نهاد برای انجام این تحقیق با یکدیگر همکاری کردند.,
691,联合,liánhé,HSK 5,动/形,2,由两个或多个方面共同进行或形成的（形）,مشترک؛ حاصل همکاری یا اتحاد چند طرف (صفت),形,صفت,联合声明 (liánhé shēngmíng) | 联合会议 (liánhé huìyì) | 联合行动 (liánhé xíngdòng),双方发表了联合声明。,Shuāngfāng fābiǎo le liánhé shēngmíng.,دو طرف بیانیه‌ای مشترک منتشر کردند.,
692,连接,liánjiē,HSK 5,动,1,使两个或多个事物相接；彼此接在一起（动）,متصل کردن یا شدن؛ به هم پیوند دادن (فعل),动,فعل,连接设备 (liánjiē shèbèi) | 连接网络 (liánjiē wǎngluò) | 连接起来 (liánjiē qǐlai),请把电脑连接到网络。,Qǐng bǎ diànnǎo liánjiē dào wǎngluò.,لطفاً رایانه را به شبکه متصل کنید.,
693,连忙,liánmáng,HSK 5,副,1,遇到某种情况后立即采取行动，常用于已经发生的具体情境（副）,فوراً و با عجله؛ در واکنش به اتفاقی مشخص (قید),副,قید,连忙解释 (liánmáng jiěshì) | 连忙道歉 (liánmáng dàoqiàn) | 连忙回答 (liánmáng huídá),听到有人叫他，他连忙回头。,"Tīngdào yǒu rén jiào tā, tā liánmáng huítóu.",وقتی شنید کسی صدایش می‌زند، فوراً برگشت.,
694,脸色,liǎnsè,HSK 5,名,1,脸部皮肤的颜色，常能反映健康状况（名）,رنگ چهره؛ رنگ صورت از نظر وضعیت جسمانی (اسم),名,اسم,脸色苍白 (liǎnsè cāngbái) | 脸色不好 (liǎnsè bù hǎo) | 脸色红润 (liǎnsè hóngrùn),你脸色不太好，是不是不舒服？,"Nǐ liǎnsè bú tài hǎo, shì bu shì bù shūfu?",رنگ صورتت خوب نیست؛ حالت خوب نیست؟,
694,脸色,liǎnsè,HSK 5,名,2,脸上表现出来的情绪或态度（名）,حالت چهره؛ احساس یا نگرشی که در صورت نمایان است (اسم),名,اسم,脸色难看 (liǎnsè nánkàn) | 脸色一变 (liǎnsè yí biàn) | 变了脸色 (biàn le liǎnsè),听到这个消息后，他的脸色马上变了。,"Tīngdào zhège xiāoxi hòu, tā de liǎnsè mǎshàng biàn le.",پس از شنیدن این خبر، حالت چهره‌اش فوراً تغییر کرد.,
695,连续,liánxù,HSK 5,形/副,1,一个接一个，中间没有间断（形/副）,پیوسته؛ متوالی؛ بدون وقفه (صفت/قید),形/副,صفت/قید,连续工作 (liánxù gōngzuò) | 连续三天 (liánxù sān tiān) | 连续发生 (liánxù fāshēng),他连续工作了十个小时。,Tā liánxù gōngzuò le shí ge xiǎoshí.,او ده ساعت پیوسته کار کرد.,
696,了不起,liǎobuqǐ,HSK 5,形,1,非常优秀或出色，值得敬佩（形）,فوق‌العاده؛ برجسته و تحسین‌برانگیز (صفت),形,صفت,真了不起 (zhēn liǎobuqǐ) | 了不起的人 (liǎobuqǐ de rén) | 非常了不起 (fēicháng liǎobuqǐ),你一个人完成了这么多工作，真了不起！,"Nǐ yí ge rén wánchéng le zhème duō gōngzuò, zhēn liǎobuqǐ!",این‌همه کار را به‌تنهایی انجام دادی؛ واقعاً فوق‌العاده است!,
696,了不起,liǎobuqǐ,HSK 5,形,2,用于否定或反问，表示某事不值得特别重视或说话人不服气（形，口语）,چیز مهم یا شاهکار؛ در ساختار منفی و پرسشی برای کم‌اهمیت شمردن (صفت، محاوره‌ای),形，口语,صفت، محاوره‌ای,没什么了不起 (méi shénme liǎobuqǐ) | 有什么了不起 (yǒu shénme liǎobuqǐ) | 并不了不起 (bìng bù liǎobuqǐ),失败一次没什么了不起。,Shībài yí cì méi shénme liǎobuqǐ.,یک بار شکست خوردن چیز مهمی نیست.,
697,列车,lièchē,HSK 5,名,1,按照规定路线和时刻运行的一列铁路车辆，多用于正式表达（名，较正式）,قطار، بیشتر در اطلاعیه‌ها و زبان رسمی (اسم),名，较正式,اسم,高速列车 (gāosù lièchē) | 乘坐列车 (chéngzuò lièchē) | 列车到达 (lièchē dàodá),列车将在十分钟后到达。,Lièchē jiāng zài shí fēnzhōng hòu dàodá.,قطار ده دقیقهٔ دیگر خواهد رسید.,
698,离婚,líhūn,HSK 5,动,1,依法解除夫妻之间的婚姻关系（动）,طلاق گرفتن؛ به‌طور قانونی به ازدواج پایان دادن (فعل),动,فعل,办理离婚 (bànlǐ líhūn) | 决定离婚 (juédìng líhūn) | 离婚手续 (líhūn shǒuxù),他们结婚五年后离婚了。,Tāmen jiéhūn wǔ nián hòu líhūn le.,آن‌ها پس از پنج سال زندگی مشترک طلاق گرفتند.,
699,立即,lìjí,HSK 5,副,1,马上采取行动或发生，没有时间间隔，多用于正式表达（副，较正式）,فوراً؛ بلافاصله، بیشتر در کاربرد رسمی (قید),副，较正式,قید,立即行动 (lìjí xíngdòng) | 立即停止 (lìjí tíngzhǐ) | 立即处理 (lìjí chǔlǐ),发现问题后，我们立即采取了措施。,"Fāxiàn wèntí hòu, wǒmen lìjí cǎiqǔ le cuòshī.",پس از کشف مشکل، فوراً اقداماتی انجام دادیم.,
700,立刻,lìkè,HSK 5,副,1,马上；紧接着某个时间发生或行动，口语中较常用（副）,فوراً؛ بلافاصله؛ همان لحظه، رایج‌تر در گفتار (قید),副,قید,立刻出发 (lìkè chūfā) | 立刻回答 (lìkè huídá) | 立刻回来 (lìkè huílái),接到电话后，他立刻出发了。,"Jiēdào diànhuà hòu, tā lìkè chūfā le.",پس از دریافت تماس، او فوراً حرکت کرد.,
701,力量,lìliàng,HSK 5,名,1,人或物体具有的力气、能力或精神上的动力（名）,نیرو؛ توان؛ قدرت جسمی یا روحی (اسم),名,اسم,全身的力量 (quánshēn de lìliàng) | 增强力量 (zēngqiáng lìliàng) | 给人力量 (gěi rén lìliàng),他用尽全身的力量搬起了箱子。,Tā yòngjìn quánshēn de lìliàng bānqǐ le xiāngzi.,او با تمام نیروی بدنش جعبه را بلند کرد.,
701,力量,lìliàng,HSK 5,名,2,能够产生影响、推动变化的人、集体或事物（名）,نیروی اثرگذار؛ عامل یا گروهی دارای قدرت تأثیرگذاری (اسم),名,اسم,社会力量 (shèhuì lìliàng) | 重要力量 (zhòngyào lìliàng) | 团结的力量 (tuánjié de lìliàng),年轻人是推动社会发展的重要力量。,Niánqīngrén shì tuīdòng shèhuì fāzhǎn de zhòngyào lìliàng.,جوانان نیروی مهمی در پیشبرد جامعه هستند.,
702,理论,lǐlùn,HSK 5,名、动,1,由实践和研究概括形成的系统性知识或观点（名）,نظریه؛ مجموعه‌ای منظم از اصول و دیدگاه‌ها (اسم),名,اسم,理论研究 (lǐlùn yánjiū) | 基础理论 (jīchǔ lǐlùn) | 理论知识 (lǐlùn zhīshi),这个理论对现代科学产生了重要影响。,Zhège lǐlùn duì xiàndài kēxué chǎnshēng le zhòngyào yǐngxiǎng.,این نظریه تأثیر مهمی بر علم نوین گذاشته است.,
702,理论,lǐlùn,HSK 5,名、动,2,就事情的是非曲直与人争辩（口语，动）,برای اثبات حق یا روشن شدن درست و نادرست با کسی بحث کردن (فعل، محاوره‌ای),口语，动,فعل، محاوره‌ای,跟对方理论 (gēn duìfāng lǐlùn) | 找人理论 (zhǎo rén lǐlùn) | 当面理论 (dāngmiàn lǐlùn),他决定当面跟对方理论。,Tā juédìng dāngmiàn gēn duìfāng lǐlùn.,او تصمیم گرفت رودررو با طرف مقابل بحث کند.,
703,厘米,límǐ,HSK 5,量,1,长度单位，一厘米等于百分之一米（量）,سانتی‌متر؛ واحد طول برابر با یک‌صدم متر (واحد اندازه‌گیری),量,واحد اندازه‌گیری,十厘米长 (shí límǐ cháng) | 五厘米宽 (wǔ límǐ kuān) | 厚一厘米 (hòu yì límǐ),这张纸宽二十厘米。,Zhè zhāng zhǐ kuān èrshí límǐ.,عرض این کاغذ بیست سانتی‌متر است.,
704,铃,líng,HSK 5,名,1,能摇动或通电发出清脆声音的器物（名）,زنگ؛ وسیله‌ای که با حرکت یا برق صدا تولید می‌کند (اسم),名,اسم,铃响了 (líng xiǎng le) | 摇响铃 (yáoxiǎng líng) | 按一下铃 (àn yíxià líng),下课的铃响了，学生们走出了教室。,"Xiàkè de líng xiǎng le, xuéshengmen zǒuchū le jiàoshì.",زنگ پایان کلاس به صدا درآمد و دانش‌آموزان از کلاس بیرون رفتند.,
705,令,lìng,HSK 5,动,1,使；使得（书面，动）,باعث شدن؛ موجب شدن (فعل، نوشتاری),书面，动,فعل، نوشتاری,令人生气 (lìng rén shēngqì) | 令大家失望 (lìng dàjiā shīwàng) | 令我难忘 (lìng wǒ nánwàng),这个消息令大家非常兴奋。,Zhège xiāoxi lìng dàjiā fēicháng xīngfèn.,این خبر همه را بسیار هیجان‌زده کرد.,
706,领,lǐng,HSK 5,动,1,接受或取走发给自己的东西（动）,دریافت کردن؛ تحویل گرفتن (فعل),动,فعل,领工资 (lǐng gōngzī) | 领快递 (lǐng kuàidì) | 领一份材料 (lǐng yí fèn cáiliào),请到办公室领新的工作证。,Qǐng dào bàngōngshì lǐng xīn de gōngzuòzhèng.,لطفاً کارت کاری جدیدتان را از دفتر تحویل بگیرید.,
706,领,lǐng,HSK 5,动,2,带着人走；引导或率领（动）,همراه بردن؛ هدایت یا رهبری کردن (فعل),动,فعل,领着孩子走 (lǐngzhe háizi zǒu) | 领我们进去 (lǐng wǒmen jìnqu) | 由他领着 (yóu tā lǐngzhe),他领着我们参观了工厂。,Tā lǐngzhe wǒmen cānguān le gōngchǎng.,او ما را برای بازدید از کارخانه همراهی کرد.,
707,领带,lǐngdài,HSK 5,名,1,系在衬衫领口的带状服饰（名）,کراوات؛ پوشش نواری بسته‌شده دور یقهٔ پیراهن (اسم),名,اسم,系领带 (jì lǐngdài) | 一条领带 (yì tiáo lǐngdài) | 解开领带 (jiěkāi lǐngdài),参加正式会议时，他通常会系领带。,"Cānjiā zhèngshì huìyì shí, tā tōngcháng huì jì lǐngdài.",او معمولاً در جلسات رسمی کراوات می‌زند.,
708,领导,lǐngdǎo,HSK 5,动、名,1,率领并指导组织、集体或工作（动）,رهبری و هدایت کردن یک سازمان، گروه یا فعالیت (فعل),动,فعل,领导团队 (lǐngdǎo tuánduì) | 领导工作 (lǐngdǎo gōngzuò) | 领导企业 (lǐngdǎo qǐyè),他负责领导这个项目团队。,Tā fùzé lǐngdǎo zhège xiàngmù tuánduì.,او مسئول رهبری تیم این پروژه است.,
708,领导,lǐngdǎo,HSK 5,动、名,2,担任领导职务的人（名）,مدیر؛ مسئول یا فردی دارای سمت مدیریتی (اسم),名,اسم,公司领导 (gōngsī lǐngdǎo) | 主要领导 (zhǔyào lǐngdǎo) | 单位领导 (dānwèi lǐngdǎo),公司领导参加了今天的会议。,Gōngsī lǐngdǎo cānjiā le jīntiān de huìyì.,مدیران شرکت در جلسهٔ امروز شرکت کردند.,
709,灵活,línghuó,HSK 5,形,1,动作敏捷，身体或四肢活动自如（形）,چابک؛ دارای حرکات روان و آزاد (صفت),形,صفت,动作灵活 (dòngzuò línghuó) | 手脚灵活 (shǒujiǎo línghuó) | 身体灵活 (shēntǐ línghuó),他的动作非常灵活。,Tā de dòngzuò fēicháng línghuó.,حرکات او بسیار چابک است.,
709,灵活,línghuó,HSK 5,形,2,能根据情况变化作出适当改变；不拘泥（形）,انعطاف‌پذیر؛ سازگار با تغییر شرایط (صفت),形,صفت,灵活处理 (línghuó chǔlǐ) | 灵活运用 (línghuó yùnyòng) | 安排灵活 (ānpái línghuó),我们应该根据实际情况灵活处理。,Wǒmen yīnggāi gēnjù shíjì qíngkuàng línghuó chǔlǐ.,ما باید متناسب با شرایط واقعی، انعطاف‌پذیر عمل کنیم.,
710,领取,lǐngqǔ,HSK 5,动,1,按照规定或手续接受并取走发给自己的东西（较正式，动）,طبق مقررات یا مراحل مشخص دریافت و تحویل گرفتن (فعل، رسمی‌تر),较正式，动,فعل، رسمی‌تر,领取证件 (lǐngqǔ zhèngjiàn) | 领取奖金 (lǐngqǔ jiǎngjīn) | 凭证领取 (píngzhèng lǐngqǔ),请凭身份证领取您的证件。,Qǐng píng shēnfènzhèng lǐngqǔ nín de zhèngjiàn.,لطفاً با ارائهٔ کارت شناسایی، مدرک خود را تحویل بگیرید.,
711,领先,lǐngxiān,HSK 5,动、形,1,在比赛、竞争或共同前进中处于前面（动）,پیشتاز بودن؛ از دیگران جلو بودن (فعل),动,فعل,暂时领先 (zànshí lǐngxiān) | 领先两分 (lǐngxiān liǎng fēn) | 遥遥领先 (yáoyáo lǐngxiān),我们的队目前领先两分。,Wǒmen de duì mùqián lǐngxiān liǎng fēn.,تیم ما در حال حاضر دو امتیاز جلوتر است.,
711,领先,lǐngxiān,HSK 5,动、形,2,水平、技术等超过同类，处于前列（形）,پیشرو؛ جلوتر از نمونه‌های مشابه (صفت),形,صفت,技术领先 (jìshù lǐngxiān) | 达到领先水平 (dádào lǐngxiān shuǐpíng) | 处于领先地位 (chǔyú lǐngxiān dìwèi),这家公司拥有世界领先的技术。,Zhè jiā gōngsī yōngyǒu shìjiè lǐngxiān de jìshù.,این شرکت فناوری‌ای در سطح پیشرو جهان دارد.,
712,领域,lǐngyù,HSK 5,名,1,学术、思想、社会活动等所涉及的范围（名）,حوزه؛ زمینه؛ قلمرو فعالیت یا دانش (اسم),名,اسم,科技领域 (kējì lǐngyù) | 专业领域 (zhuānyè lǐngyù) | 研究领域 (yánjiū lǐngyù),人工智能正在改变许多专业领域。,Réngōng zhìnéng zhèngzài gǎibiàn xǔduō zhuānyè lǐngyù.,هوش مصنوعی در حال تغییر بسیاری از حوزه‌های تخصصی است.,
713,临时,línshí,HSK 5,形、副,1,只在短期内存在或使用；不是长期或固定安排的（形）,موقت؛ غیردائمی (صفت),形,صفت,临时工作 (línshí gōngzuò) | 临时住所 (línshí zhùsuǒ) | 临时措施 (línshí cuòshī),这只是一个临时的解决办法。,Zhè zhǐshì yí ge línshí de jiějué bànfǎ.,این فقط یک راه‌حل موقت است.,
713,临时,línshí,HSK 5,形、副,2,暂时地做某事，或到事情发生前才突然决定（副）,موقتاً؛ در آخرین لحظه و بدون برنامهٔ قبلی (قید),副,قید,临时住在这里 (línshí zhù zài zhèlǐ) | 临时改变计划 (línshí gǎibiàn jìhuà) | 临时决定取消 (línshí juédìng qǔxiāo),公司临时决定取消会议。,Gōngsī línshí juédìng qǔxiāo huìyì.,شرکت در آخرین لحظه تصمیم گرفت جلسه را لغو کند.,
714,利润,lìrùn,HSK 5,名,1,经营、生产或交易的收入扣除成本和费用后的收益（名）,سود؛ درآمد باقی‌مانده پس از کسر هزینه‌ها (اسم),名,اسم,获得利润 (huòdé lìrùn) | 增加利润 (zēngjiā lìrùn) | 利润增长 (lìrùn zēngzhǎng),公司今年的利润增长了百分之十。,Gōngsī jīnnián de lìrùn zēngzhǎng le bǎifēnzhī shí.,سود شرکت امسال ده درصد افزایش یافته است.,
715,里头,lǐtou,HSK 5,名,1,里面；内部（口语，名）,داخل؛ درون (اسم، محاوره‌ای),口语，名,اسم، محاوره‌ای,屋里头 (wū lǐtou) | 箱子里头 (xiāngzi lǐtou) | 这里头 (zhè lǐtou),箱子里头装的是什么？,Xiāngzi lǐtou zhuāng de shì shénme?,داخل جعبه چیست؟,
716,流传,liúchuán,HSK 5,动,1,故事、作品、消息等传下来或传播开来（动）,رواج یافتن؛ نسل‌به‌نسل یا میان مردم منتقل شدن (فعل),动,فعل,广泛流传 (guǎngfàn liúchuán) | 流传至今 (liúchuán zhìjīn) | 在民间流传 (zài mínjiān liúchuán),这个故事已经流传了几百年。,Zhège gùshi yǐjīng liúchuán le jǐ bǎi nián.,این داستان چند صد سال است که نسل‌به‌نسل منتقل می‌شود.,
717,流感,liúgǎn,HSK 5,名,1,流行性感冒的简称；由流感病毒引起的急性传染病（名）,آنفلوانزا؛ بیماری عفونی ناشی از ویروس آنفلوانزا (اسم),名,اسم,预防流感 (yùfáng liúgǎn) | 患上流感 (huànshàng liúgǎn) | 流感高发 (liúgǎn gāofā),冬天是流感高发的季节。,Dōngtiān shì liúgǎn gāofā de jìjié.,زمستان فصل شیوع آنفلوانزاست.,
718,浏览,liúlǎn,HSK 5,动,1,快速或大略地阅读、查看（动）,مرور کردن؛ سریع و کلی نگاه کردن یا خواندن (فعل),动,فعل,浏览网页 (liúlǎn wǎngyè) | 浏览新闻 (liúlǎn xīnwén) | 浏览商品信息 (liúlǎn shāngpǐn xìnxī),我每天早上都会浏览新闻。,Wǒ měitiān zǎoshang dōu huì liúlǎn xīnwén.,من هر روز صبح اخبار را مرور می‌کنم.,
719,留言,liúyán,HSK 5,动、名,1,把要说的话以书面、录音或网络等方式留下（动）,پیام گذاشتن؛ سخنی را به‌صورت نوشتاری، صوتی یا آنلاین باقی گذاشتن (فعل),动,فعل,给我留言 (gěi wǒ liúyán) | 在网上留言 (zài wǎngshàng liúyán) | 留言询问 (liúyán xúnwèn),如果我不在，请给我留言。,"Rúguǒ wǒ bú zài, qǐng gěi wǒ liúyán.",اگر نبودم، لطفاً برایم پیام بگذارید.,
719,留言,liúyán,HSK 5,动、名,2,留下的话或信息（名）,پیام؛ سخن یا نوشته‌ای باقی‌گذاشته‌شده (اسم),名,اسم,查看留言 (chákàn liúyán) | 用户留言 (yònghù liúyán) | 收到留言 (shōudào liúyán),我已经看到了你的留言。,Wǒ yǐjīng kàndào le nǐ de liúyán.,پیامت را دیده‌ام.,
720,利益,lìyì,HSK 5,名,1,对个人、集体或社会有利的好处（名）,منفعت؛ سود و فایدهٔ فردی یا جمعی (اسم),名,اسم,个人利益 (gèrén lìyì) | 共同利益 (gòngtóng lìyì) | 维护消费者利益 (wéihù xiāofèizhě lìyì),我们应该维护消费者的利益。,Wǒmen yīnggāi wéihù xiāofèizhě de lìyì.,ما باید از منافع مصرف‌کنندگان حمایت کنیم.,
721,利用,lìyòng,HSK 5,动,1,使事物或条件发挥作用以达到某种目的（动）,استفاده کردن؛ بهره گرفتن برای رسیدن به هدف (فعل),动,فعل,利用时间 (lìyòng shíjiān) | 利用资源 (lìyòng zīyuán) | 充分利用机会 (chōngfèn lìyòng jīhuì),我们应该充分利用有限的资源。,Wǒmen yīnggāi chōngfèn lìyòng yǒuxiàn de zīyuán.,ما باید از منابع محدود به‌خوبی استفاده کنیم.,
721,利用,lìyòng,HSK 5,动,2,用某种手段使别人或某种关系为自己服务，常含贬义（动）,سوءاستفاده کردن؛ کسی یا رابطه‌ای را در خدمت منافع خود گرفتن (فعل),动,فعل,利用别人 (lìyòng biérén) | 被人利用 (bèi rén lìyòng) | 利用职务之便 (lìyòng zhíwù zhī biàn),他不应该利用别人的信任。,Tā bù yīnggāi lìyòng biérén de xìnrèn.,او نباید از اعتماد دیگران سوءاستفاده کند.,
722,理由,lǐyóu,HSK 5,名,1,说明为什么这样做或为什么发生某事的原因或根据（名）,دلیل؛ علت یا مبنای انجام یا وقوع چیزی (اسم),名,اسم,说明理由 (shuōmíng lǐyóu) | 充分的理由 (chōngfèn de lǐyóu) | 没有理由拒绝 (méiyǒu lǐyóu jùjué),你能告诉我拒绝的理由吗？,Nǐ néng gàosu wǒ jùjué de lǐyóu ma?,می‌توانی دلیل رد کردن آن را به من بگویی؟,
723,离职,lízhí,HSK 5,动,1,离开原来的工作岗位，包括辞职、合同终止等情况（动）,ترک شغل یا سمت؛ جدا شدن از محل کار به هر دلیلی (فعل),动,فعل,申请离职 (shēnqǐng lízhí) | 办理离职手续 (bànlǐ lízhí shǒuxù) | 正式离职 (zhèngshì lízhí),他上个月正式离职了。,Tā shàng ge yuè zhèngshì lízhí le.,او ماه گذشته رسماً از شغلش جدا شد.,
724,龙,lóng,HSK 5,名,1,中国传统文化中的神话动物，常象征吉祥、权威和力量（名）,اژدهای چینی؛ نماد خوش‌یمنی، اقتدار و قدرت (اسم),名,اسم,一条龙 (yì tiáo lóng) | 龙的形象 (lóng de xíngxiàng) | 像龙一样 (xiàng lóng yíyàng),龙在中国传统文化中具有重要地位。,Lóng zài Zhōngguó chuántǒng wénhuà zhōng jùyǒu zhòngyào dìwèi.,اژدها در فرهنگ سنتی چین جایگاه مهمی دارد.,
724,龙,Lóng,HSK 5,名,2,姓氏（名）,لونگ؛ نام خانوادگی چینی (اسم خاص),名,اسم خاص,龙先生 (Lóng xiānsheng) | 龙女士 (Lóng nǚshì) | 姓龙 (xìng Lóng),我们的新老师姓龙。,Wǒmen de xīn lǎoshī xìng Lóng.,نام خانوادگی معلم جدید ما لونگ است.,
725,漏,lòu,HSK 5,动,1,液体、气体等从物体的孔隙中流出或渗出（动）,نشت کردن؛ از شکاف یا سوراخ بیرون آمدن (فعل),动,فعل,水管漏水 (shuǐguǎn lòu shuǐ) | 轮胎漏气 (lúntāi lòu qì) | 油箱在漏油 (yóuxiāng zài lòu yóu),这个水管一直在漏水。,Zhège shuǐguǎn yìzhí zài lòu shuǐ.,این لولهٔ آب مدام نشت می‌کند.,
725,漏,lòu,HSK 5,动,2,因疏忽而没有包括、看到、写出或做某事（动）,از قلم انداختن؛ ندیدن یا انجام ندادن از روی غفلت (فعل),动,فعل,漏掉一个字 (lòudiào yí ge zì) | 漏了一道题 (lòu le yí dào tí) | 一个名字也没漏 (yí ge míngzi yě méi lòu),你漏掉了一条重要信息。,Nǐ lòudiào le yì tiáo zhòngyào xìnxī.,تو یک مورد مهم را از قلم انداختی.,
725,漏,lòu,HSK 5,动,3,使不该让人知道的消息或秘密传出去（口语，动）,درز دادن؛ ناخواسته راز یا خبری را فاش کردن (فعل، محاوره‌ای),口语，动,فعل، محاوره‌ای,把消息漏出去 (bǎ xiāoxi lòu chūqu) | 一点儿也不能漏 (yìdiǎnr yě bù néng lòu) | 不小心漏了消息 (bù xiǎoxīn lòu le xiāoxi),这件事千万不能漏出去。,Zhè jiàn shì qiānwàn bù néng lòu chūqu.,این موضوع به‌هیچ‌وجه نباید به بیرون درز کند.,
726,录,lù,HSK 5,动,1,把声音、图像或节目等记录并保存下来（动）,ضبط کردن صدا، تصویر یا برنامه (فعل),动,فعل,录一段视频 (lù yí duàn shìpín) | 录电视节目 (lù diànshì jiémù) | 录下来保存 (lù xiàlai bǎocún),我们正在录一个新的节目。,Wǒmen zhèngzài lù yí ge xīn de jiémù.,ما در حال ضبط یک برنامهٔ جدید هستیم.,
726,录,lù,HSK 5,动,2,录取或录用某人（口语，动）,پذیرفتن در دانشگاه یا استخدام کردن (فعل، محاوره‌ای),口语，动,فعل، محاوره‌ای,学校录了五百人 (xuéxiào lù le wǔbǎi rén) | 公司只录两个人 (gōngsī zhǐ lù liǎng ge rén),这家公司今年只录了十名新员工。,Zhè jiā gōngsī jīnnián zhǐ lù le shí míng xīn yuángōng.,این شرکت امسال فقط ده نیروی جدید استخدام کرد.,
727,陆地,lùdì,HSK 5,名,1,地球表面未被海洋、河流和湖泊覆盖的部分（名）,خشکی؛ بخش غیرآبی سطح زمین (اسم),名,اسم,陆地面积 (lùdì miànjī) | 回到陆地 (huídào lùdì) | 陆地动物 (lùdì dòngwù),在海上工作几个月后，他们终于回到了陆地。,"Zài hǎishàng gōngzuò jǐ ge yuè hòu, tāmen zhōngyú huídào le lùdì.",پس از چند ماه کار در دریا، سرانجام به خشکی برگشتند.,
728,论文,lùnwén,HSK 5,名,1,研究或讨论某一问题的学术文章（名）,مقالهٔ علمی یا پژوهشی (اسم),名,اسم,学术论文 (xuéshù lùnwén) | 发表论文 (fābiǎo lùnwén) | 撰写论文 (zhuànxiě lùnwén),他在国际期刊上发表了一篇论文。,Tā zài guójì qīkān shàng fābiǎo le yì piān lùnwén.,او مقاله‌ای علمی در یک مجلهٔ بین‌المللی منتشر کرد.,
728,论文,lùnwén,HSK 5,名,2,为毕业或取得学位而撰写的研究性文章（名）,پایان‌نامه یا رسالهٔ دانشگاهی (اسم),名,اسم,毕业论文 (bìyè lùnwén) | 硕士论文 (shuòshì lùnwén) | 博士论文 (bóshì lùnwén),她正在撰写硕士论文。,Tā zhèngzài zhuànxiě shuòshì lùnwén.,او در حال نوشتن پایان‌نامهٔ کارشناسی ارشد است.,
729,逻辑,luójí,HSK 5,名,1,思考、推理或事物发展所遵循的规律和条理（名）,منطق؛ نظم و اصول حاکم بر استدلال یا روند امور (اسم),名,اسم,逻辑思维 (luójí sīwéi) | 符合逻辑 (fúhé luójí) | 逻辑清晰 (luójí qīngxī),他的分析很有逻辑。,Tā de fēnxī hěn yǒu luójí.,تحلیل او بسیار منطقی و منسجم است.,
730,录取,lùqǔ,HSK 5,动,1,经过考试或选拔后正式接收，多用于学校招生（动）,پذیرش رسمی پس از آزمون یا گزینش، بیشتر در مراکز آموزشی (فعل),动,فعل,被大学录取 (bèi dàxué lùqǔ) | 正式录取 (zhèngshì lùqǔ) | 录取新生 (lùqǔ xīnshēng),她被一所著名大学录取了。,Tā bèi yì suǒ zhùmíng dàxué lùqǔ le.,او در دانشگاهی مشهور پذیرفته شد.,
731,路人,lùrén,HSK 5,名,1,路上经过的人；也指与某人或某事没有关系的陌生人（名）,رهگذر؛ فرد غریبه یا بی‌ارتباط با موضوع (اسم),名,اسم,过往路人 (guòwǎng lùrén) | 向路人问路 (xiàng lùrén wènlù) | 引起路人注意 (yǐnqǐ lùrén zhùyì),我向一位路人问了路。,Wǒ xiàng yí wèi lùrén wèn le lù.,من از یک رهگذر آدرس پرسیدم.,
732,路线,lùxiàn,HSK 5,名,1,从一个地点到另一个地点所经过的道路或方向（名）,مسیر؛ راه رسیدن از مکانی به مکان دیگر (اسم),名,اسم,旅游路线 (lǚyóu lùxiàn) | 公交路线 (gōngjiāo lùxiàn) | 改变行驶路线 (gǎibiàn xíngshǐ lùxiàn),我们需要重新规划旅游路线。,Wǒmen xūyào chóngxīn guīhuà lǚyóu lùxiàn.,ما باید مسیر سفر را دوباره برنامه‌ریزی کنیم.,
732,路线,lùxiàn,HSK 5,名,2,在政治、工作或发展中遵循的方针、方法和途径（名）,خط‌مشی؛ مسیر یا رویکرد کلی برای پیشبرد کاری (اسم),名,اسم,发展路线 (fāzhǎn lùxiàn) | 技术路线 (jìshù lùxiàn) | 确定战略路线 (quèdìng zhànlüè lùxiàn),公司制定了新的技术路线。,Gōngsī zhìdìng le xīn de jìshù lùxiàn.,شرکت مسیر فنی جدیدی تعیین کرد.,
733,旅行社,lǚxíngshè,HSK 5,名,1,为旅游者安排交通、住宿和游览等服务的机构（名）,آژانس مسافرتی؛ مؤسسهٔ ارائه‌دهندهٔ خدمات سفر (اسم),名,اسم,联系旅行社 (liánxì lǚxíngshè) | 选择旅行社 (xuǎnzé lǚxíngshè) | 通过旅行社预订 (tōngguò lǚxíngshè yùdìng),我们通过旅行社预订了这次旅行。,Wǒmen tōngguò lǚxíngshè yùdìng le zhè cì lǚxíng.,ما این سفر را از طریق آژانس مسافرتی رزرو کردیم.,
734,陆续,lùxù,HSK 5,副,1,表示人或事物在一段时间内前后相继出现或发生，而不是同时进行（副）,یکی پس از دیگری؛ به‌تدریج و در زمان‌های متفاوت (قید),副,قید,陆续到达 (lùxù dàodá) | 陆续离开 (lùxù líkāi) | 陆续恢复营业 (lùxù huīfù yíngyè),客人们陆续到达了会场。,Kèrénmen lùxù dàodá le huìchǎng.,مهمانان یکی پس از دیگری به محل برگزاری رسیدند.,
735,录音,lùyīn,HSK 5,动、名,1,把声音记录并保存下来（动）,ضبط کردن صدا (فعل),动,فعل,开始录音 (kāishǐ lùyīn) | 正在录音 (zhèngzài lùyīn) | 用手机录音 (yòng shǒujī lùyīn),上课时可以录音吗？,Shàngkè shí kěyǐ lùyīn ma?,آیا می‌توان هنگام کلاس صدا ضبط کرد؟,
735,录音,lùyīn,HSK 5,动、名,2,记录下来的声音或音频资料（名）,صدای ضبط‌شده؛ فایل صوتی (اسم),名,اسم,听录音 (tīng lùyīn) | 保存录音 (bǎocún lùyīn) | 一段录音 (yí duàn lùyīn),请把会议录音发给我。,Qǐng bǎ huìyì lùyīn fā gěi wǒ.,لطفاً فایل صوتی جلسه را برایم بفرستید.,
736,骂,mà,HSK 5,动,1,用粗野、恶意或严厉责备的话侮辱、斥责别人（动）,فحش دادن؛ ناسزا گفتن یا با تندی سرزنش کردن (فعل),动,فعل,骂了他一顿 (mà le tā yí dùn) | 骂得很难听 (mà de hěn nántīng) | 不该骂孩子 (bù gāi mà háizi),不要因为一点儿小事就骂人。,Bú yào yīnwèi yìdiǎnr xiǎoshì jiù mà rén.,به‌خاطر مسئله‌ای کوچک به دیگران ناسزا نگو.,
737,买卖,mǎimai,HSK 5,名、动,1,生意；以买进和卖出商品为内容的商业活动（名）,خریدوفروش؛ تجارت یا کسب‌وکار (اسم),名,اسم,做买卖 (zuò mǎimai) | 一笔买卖 (yì bǐ mǎimai) | 买卖双方 (mǎimai shuāngfāng),他在国外做了很多年买卖。,Tā zài guówài zuò le hěn duō nián mǎimai.,او سال‌های زیادی در خارج از کشور به تجارت مشغول بود.,
737,买卖,mǎimài,HSK 5,名、动,2,买进和卖出商品；进行交易（动）,خریدوفروش یا معامله کردن (فعل),动,فعل,买卖商品 (mǎimài shāngpǐn) | 买卖房屋 (mǎimài fángwū) | 允许自由买卖 (yǔnxǔ zìyóu mǎimài),这种商品可以自由买卖。,Zhè zhǒng shāngpǐn kěyǐ zìyóu mǎimài.,این کالا را می‌توان آزادانه خریدوفروش کرد.,
738,忙碌,mánglù,HSK 5,形,1,事情多而没有空闲时间（形）,پرمشغله؛ گرفتار کارهای فراوان (صفت),形,صفت,工作忙碌 (gōngzuò mánglù) | 生活十分忙碌 (shēnghuó shífēn mánglù) | 忙碌的一天 (mánglù de yì tiān),他最近工作非常忙碌。,Tā zuìjìn gōngzuò fēicháng mánglù.,او اخیراً بسیار پرمشغله است.,
739,满足,mǎnzú,HSK 5,动、形,1,使需要、愿望、要求或条件得到实现（动）,برآورده یا تأمین کردن نیاز، خواسته یا شرط (فعل),动,فعل,满足要求 (mǎnzú yāoqiú) | 满足需要 (mǎnzú xūyào) | 满足基本条件 (mǎnzú jīběn tiáojiàn),这个产品能够满足客户的需要。,Zhège chǎnpǐn nénggòu mǎnzú kèhù de xūyào.,این محصول می‌تواند نیازهای مشتریان را برآورده کند.,
739,满足,mǎnzú,HSK 5,动、形,2,对已经得到的事物感到足够或满意（形/动）,راضی و خشنود بودن؛ احساس رضایت کردن (صفت/فعل),形/动,صفت/فعل,感到满足 (gǎndào mǎnzú) | 对生活很满足 (duì shēnghuó hěn mǎnzú) | 容易满足 (róngyì mǎnzú),我对现在的生活很满足。,Wǒ duì xiànzài de shēnghuó hěn mǎnzú.,من از زندگی کنونی‌ام بسیار راضی‌ام.,
740,毛笔,máobǐ,HSK 5,名,1,用动物毛等制成笔头的传统书写和绘画工具（名）,قلم‌موی سنتی چینی برای نوشتن و نقاشی (اسم),名,اسم,用毛笔写字 (yòng máobǐ xiězì) | 一支毛笔 (yì zhī máobǐ) | 拿起毛笔 (náqǐ máobǐ),爷爷喜欢用毛笔写字。,Yéye xǐhuan yòng máobǐ xiězì.,پدربزرگ دوست دارد با قلم‌موی چینی بنویسد.,
741,毛病,máobìng,HSK 5,名,1,身体上的疾病或不适，多指不太严重的病（口语，名）,بیماری یا ناراحتی جسمی، معمولاً نه‌چندان جدی (اسم، محاوره‌ای),口语，名,اسم، محاوره‌ای,身体有毛病 (shēntǐ yǒu máobìng) | 胃有点儿毛病 (wèi yǒudiǎnr máobìng) | 多年的老毛病 (duōnián de lǎo máobìng),他的胃一直有点儿毛病。,Tā de wèi yìzhí yǒudiǎnr máobìng.,معده‌اش مدت‌هاست کمی مشکل دارد.,
741,毛病,máobìng,HSK 5,名,2,机器、设备或事物出现的故障或问题（名）,ایراد؛ نقص یا خرابی وسیله و دستگاه (اسم),名,اسم,机器出毛病 (jīqì chū máobìng) | 检查有什么毛病 (jiǎnchá yǒu shénme máobìng) | 总是出毛病 (zǒngshì chū máobìng),这台机器又出毛病了。,Zhè tái jīqì yòu chū máobìng le.,این دستگاه دوباره خراب شده است.,
741,毛病,máobìng,HSK 5,名,3,人的缺点或不好的习惯（名）,عیب؛ نقطه‌ضعف یا عادت بد (اسم),名,اسم,改掉坏毛病 (gǎidiào huài máobìng) | 挑别人的毛病 (tiāo biérén de máobìng) | 爱迟到的毛病 (ài chídào de máobìng),他终于改掉了爱迟到的毛病。,Tā zhōngyú gǎidiào le ài chídào de máobìng.,او سرانجام عادت بد دیر رسیدن را ترک کرد.,
742,矛盾,máodùn,HSK 5,名、形,1,事物或人与人之间互相冲突、排斥的关系（名）,تضاد؛ تعارض یا اختلاف میان افراد یا امور (اسم),名,اسم,产生矛盾 (chǎnshēng máodùn) | 解决矛盾 (jiějué máodùn) | 社会矛盾 (shèhuì máodùn),双方之间出现了一些矛盾。,Shuāngfāng zhījiān chūxiàn le yìxiē máodùn.,میان دو طرف اختلاف‌هایی به وجود آمد.,
742,矛盾,máodùn,HSK 5,名、形,2,说法、行为或情况前后不一致、彼此冲突（形）,متناقض؛ ناسازگار با گفته، رفتار یا واقعیتی دیگر (صفت),形,صفت,互相矛盾 (hùxiāng máodùn) | 前后矛盾 (qiánhòu máodùn) | 与事实矛盾 (yǔ shìshí máodùn),他的说法前后矛盾。,Tā de shuōfǎ qiánhòu máodùn.,حرف‌های او با یکدیگر تناقض دارند.,
743,没法儿,méifǎr,HSK 5,固定短语,1,没有办法；因条件限制而不能做某事（口语，固定短语）,راهی نداشتن؛ به‌دلیل شرایط نتوانستن کاری را انجام داد (عبارت ثابت، محاوره‌ای),口语，固定短语,عبارت ثابت، محاوره‌ای,没法儿解决 (méifǎr jiějué) | 没法儿参加 (méifǎr cānjiā) | 实在没法儿答应 (shízài méifǎr dāying),今天太忙了，我没法儿去。,"Jīntiān tài máng le, wǒ méifǎr qù.",امروز خیلی سرم شلوغ است و نمی‌توانم بروم.,
744,玫瑰,méigui,HSK 5,名,1,一种有香味、枝上通常有刺的花（名）,گل رز؛ گلی معطر با ساقه‌ای معمولاً خاردار (اسم),名,اسم,红色的玫瑰 (hóngsè de méigui) | 种玫瑰 (zhòng méigui) | 送一束玫瑰 (sòng yí shù méigui),他送给她一束红玫瑰。,Tā sòng gěi tā yí shù hóng méigui.,او یک دسته گل رز قرمز به او هدیه داد.,
745,魅力,mèilì,HSK 5,名,1,能够强烈吸引人的力量或特点（名）,جذابیت؛ گیرایی و قدرت جذب دیگران (اسم),名,اسم,个人魅力 (gèrén mèilì) | 独特的魅力 (dútè de mèilì) | 充满魅力 (chōngmǎn mèilì),这座城市有着独特的魅力。,Zhè zuò chéngshì yǒuzhe dútè de mèilì.,این شهر جذابیت منحصربه‌فردی دارد.,
746,美术,měishù,HSK 5,名,1,绘画、雕塑等造型艺术的统称（名）,هنرهای تجسمی، مانند نقاشی و مجسمه‌سازی (اسم),名,اسم,美术作品 (měishù zuòpǐn) | 美术老师 (měishù lǎoshī) | 对美术感兴趣 (duì měishù gǎn xìngqù),她从小就对美术很感兴趣。,Tā cóngxiǎo jiù duì měishù hěn gǎn xìngqù.,او از کودکی به هنرهای تجسمی علاقه‌مند بوده است.,
747,媒体,méitǐ,HSK 5,名,1,传播信息的工具、平台或机构，如报纸、电视和网络等（名）,رسانه؛ ابزار، بستر یا نهاد انتشار اطلاعات (اسم),名,اسم,新闻媒体 (xīnwén méitǐ) | 社交媒体 (shèjiāo méitǐ) | 引起媒体关注 (yǐnqǐ méitǐ guānzhù),这件事引起了媒体的关注。,Zhè jiàn shì yǐnqǐ le méitǐ de guānzhù.,این موضوع توجه رسانه‌ها را جلب کرد.,
748,美味,měiwèi,HSK 5,形、名,1,食物味道很好（形）,خوشمزه؛ لذیذ (صفت),形,صفت,非常美味 (fēicháng měiwèi) | 看起来很美味 (kàn qǐlai hěn měiwèi) | 美味又健康 (měiwèi yòu jiànkāng),这道菜非常美味。,Zhè dào cài fēicháng měiwèi.,این غذا بسیار خوشمزه است.,
748,美味,měiwèi,HSK 5,形、名,2,味道很好的食物，多用于较正式或描写性的表达（名）,خوراک لذیذ؛ غذای خوشمزه (اسم، رسمی‌تر یا توصیفی),名,اسم، رسمی‌تر یا توصیفی,品尝美味 (pǐncháng měiwèi) | 人间美味 (rénjiān měiwèi) | 各地的美味 (gèdì de měiwèi),旅行时可以品尝到各地的美味。,Lǚxíng shí kěyǐ pǐncháng dào gèdì de měiwèi.,در سفر می‌توان خوراک‌های لذیذ مناطق مختلف را چشید.,
749,门诊,ménzhěn,HSK 5,名,1,医院为不住院的病人提供诊断和治疗的部门或医疗服务（名）,بخش یا خدمات درمان سرپایی (اسم),名,اسم,门诊时间 (ménzhěn shíjiān) | 去医院看门诊 (qù yīyuàn kàn ménzhěn) | 门诊患者 (ménzhěn huànzhě),我明天去医院看门诊。,Wǒ míngtiān qù yīyuàn kàn ménzhěn.,من فردا برای ویزیت سرپایی به بیمارستان می‌روم.,
750,迷,mí,HSK 5,动,1,分辨不清方向或道路（动）,راه را گم کردن؛ جهت را تشخیص ندادن (فعل),动,فعل,在山里迷了路 (zài shān lǐ mí le lù) | 迷了方向 (mí le fāngxiàng) | 差点儿迷路 (chàdiǎnr mílù),我们在森林里迷了路。,Wǒmen zài sēnlín lǐ mí le lù.,ما در جنگل راه را گم کردیم.,
750,迷,mí,HSK 5,动,2,对某种事物产生强烈兴趣并沉醉其中（动）,شیفته یا مجذوب چیزی شدن (فعل),动,فعل,迷上摄影 (míshàng shèyǐng) | 迷上这部小说 (míshàng zhè bù xiǎoshuō) | 深深地迷上 (shēnshēn de míshàng),他最近迷上了中国历史。,Tā zuìjìn míshàng le Zhōngguó lìshǐ.,او اخیراً شیفتهٔ تاریخ چین شده است.,
750,迷,mí,HSK 5,动,3,强烈吸引并使人沉醉（动）,مجذوب و شیفته کردن (فعل),动,فعل,把观众迷住 (bǎ guānzhòng mízhù) | 迷得入神 (mí de rùshén) | 深深地迷住他 (shēnshēn de mízhù tā),美丽的风景把游客都迷住了。,Měilì de fēngjǐng bǎ yóukè dōu mízhù le.,منظرهٔ زیبا همهٔ گردشگران را مجذوب کرد.,
751,面积,miànjī,HSK 5,名,1,平面或物体表面的大小（名）,مساحت؛ اندازهٔ یک سطح (اسم),名,اسم,土地面积 (tǔdì miànjī) | 建筑面积 (jiànzhù miànjī) | 面积不断扩大 (miànjī búduàn kuòdà),这个房间的面积是二十平方米。,Zhège fángjiān de miànjī shì èrshí píngfāngmǐ.,مساحت این اتاق بیست مترمربع است.,
752,面临,miànlín,HSK 5,动,1,面对某种形势、问题、困难或危险（动）,با وضعیت، مشکل، دشواری یا خطری روبه‌رو بودن (فعل),动,فعل,面临困难 (miànlín kùnnan) | 面临挑战 (miànlín tiǎozhàn) | 面临危机 (miànlín wēijī),公司目前面临很大的挑战。,Gōngsī mùqián miànlín hěn dà de tiǎozhàn.,شرکت در حال حاضر با چالش بزرگی روبه‌رو است.,
753,面向,miànxiàng,HSK 5,动,1,正面对着某个方向或地方（动）,رو به جهت یا مکانی بودن (فعل),动,فعل,面向大海 (miànxiàng dàhǎi) | 面向南方 (miànxiàng nánfāng) | 面向窗外 (miànxiàng chuāngwài),这座房子面向大海。,Zhè zuò fángzi miànxiàng dàhǎi.,این خانه رو به دریاست.,
753,面向,miànxiàng,HSK 5,动,2,以某类人、某个领域或某种需要为服务或行动对象（动）,برای یا خطاب به گروه، حوزه یا نیازی مشخص بودن (فعل),动,فعل,面向社会 (miànxiàng shèhuì) | 面向市场 (miànxiàng shìchǎng) | 面向公众开放 (miànxiàng gōngzhòng kāifàng),这个项目主要面向年轻人。,Zhège xiàngmù zhǔyào miànxiàng niánqīngrén.,این پروژه عمدتاً برای جوانان است.,
754,描述,miáoshù,HSK 5,动、名,1,用语言或文字说明事物的情况、特点或过程（动）,توصیف کردن؛ وضعیت، ویژگی یا روند چیزی را شرح دادن (فعل),动,فعل,描述情况 (miáoshù qíngkuàng) | 详细描述过程 (xiángxì miáoshù guòchéng) | 描述得很清楚 (miáoshù de hěn qīngchu),请详细描述一下事情的经过。,Qǐng xiángxì miáoshù yíxià shìqing de jīngguò.,لطفاً ماجرا را با جزئیات شرح دهید.,
754,描述,miáoshù,HSK 5,动、名,2,对事物情况、特点或过程所作的说明（名）,توصیف؛ شرح وضعیت، ویژگی یا روند چیزی (اسم),名,اسم,准确的描述 (zhǔnquè de miáoshù) | 文字描述 (wénzì miáoshù) | 符合实际的描述 (fúhé shíjì de miáoshù),他的描述非常准确。,Tā de miáoshù fēicháng zhǔnquè.,توصیف او بسیار دقیق است.,
755,迷路,mílù,HSK 5,动,1,弄不清方向，找不到应该走的路（动）,راه را گم کردن؛ نتوانستن مسیر درست را پیدا کرد (فعل),动,فعل,容易迷路 (róngyì mílù) | 在森林里迷路 (zài sēnlín lǐ mílù) | 差点儿迷路 (chàdiǎnr mílù),我们在森林里迷路了。,Wǒmen zài sēnlín lǐ mílù le.,ما در جنگل راه را گم کردیم.,
756,秘密,mìmì,HSK 5,名、形,1,不想或不能让别人知道的事情（名）,راز؛ موضوعی که نباید دیگران از آن آگاه شوند (اسم),名,اسم,保守秘密 (bǎoshǒu mìmì) | 发现一个秘密 (fāxiàn yí ge mìmì) | 告诉别人一个秘密 (gàosu biérén yí ge mìmì),这是我们两个人之间的秘密。,Zhè shì wǒmen liǎng ge rén zhījiān de mìmì.,این رازی میان ما دو نفر است.,
756,秘密,mìmì,HSK 5,名、形,2,隐蔽而不公开的（形）,مخفی؛ محرمانه و غیرعلنی (صفت),形,صفت,秘密行动 (mìmì xíngdòng) | 秘密会议 (mìmì huìyì) | 进行秘密调查 (jìnxíng mìmì diàochá),他们正在进行一项秘密调查。,Tāmen zhèngzài jìnxíng yí xiàng mìmì diàochá.,آن‌ها در حال انجام تحقیقی محرمانه هستند.,
757,命,mìng,HSK 5,名、动,1,生命；人或动物赖以生存的根本（名）,جان؛ حیات انسان یا حیوان (اسم),名,اسم,救了他的命 (jiù le tā de mìng) | 保住一条命 (bǎozhù yì tiáo mìng) | 差点儿丢了命 (chàdiǎnr diū le mìng),医生救了他的命。,Yīshēng jiù le tā de mìng.,پزشک جان او را نجات داد.,
757,命,mìng,HSK 5,名、动,2,命运；被认为是人生中注定的遭遇（名）,سرنوشت؛ تقدیر (اسم),名,اسم,命好 (mìng hǎo) | 命太苦 (mìng tài kǔ) | 不相信命 (bù xiāngxìn mìng),他总觉得自己的命不好。,Tā zǒng juéde zìjǐ de mìng bù hǎo.,او همیشه فکر می‌کند سرنوشت خوبی ندارد.,
757,命,mìng,HSK 5,名、动,3,命令；指示某人做某事（书面，动）,فرمان دادن؛ دستور انجام کاری را دادن (فعل، نوشتاری),书面，动,فعل، نوشتاری,命人调查 (mìng rén diàochá) | 命他立即返回 (mìng tā lìjí fǎnhuí) | 命手下停止行动 (mìng shǒuxià tíngzhǐ xíngdòng),将军命士兵立即出发。,Jiāngjūn mìng shìbīng lìjí chūfā.,فرمانده به سربازان دستور داد فوراً حرکت کنند.,
758,敏感,mǐngǎn,HSK 5,形,1,生理、心理或感觉上对外界变化反应快（形）,حساس؛ دارای واکنش سریع جسمی، روانی یا حسی (صفت),形,صفت,皮肤敏感 (pífū mǐngǎn) | 对声音敏感 (duì shēngyīn mǐngǎn) | 嗅觉很敏感 (xiùjué hěn mǐngǎn),她的皮肤对阳光很敏感。,Tā de pífū duì yángguāng hěn mǐngǎn.,پوست او به نور خورشید بسیار حساس است.,
758,敏感,mǐngǎn,HSK 5,形,2,容易引起复杂反应、争议或需要谨慎处理的（形）,حساس؛ بحث‌برانگیز یا نیازمند برخورد محتاطانه (صفت),形,صفت,敏感问题 (mǐngǎn wèntí) | 敏感话题 (mǐngǎn huàtí) | 敏感时期 (mǐngǎn shíqī),这是一个比较敏感的话题。,Zhè shì yí ge bǐjiào mǐngǎn de huàtí.,این موضوع نسبتاً حساسی است.,
759,名称,míngchēng,HSK 5,名,1,事物、机构或产品等的名字，多用于正式场合（名）,نام یا عنوان رسمی یک چیز، نهاد یا محصول (اسم),名,اسم,公司名称 (gōngsī míngchēng) | 产品名称 (chǎnpǐn míngchēng) | 填写正式名称 (tiánxiě zhèngshì míngchēng),请填写公司的正式名称。,Qǐng tiánxiě gōngsī de zhèngshì míngchēng.,لطفاً نام رسمی شرکت را وارد کنید.,
760,名牌,míngpái,HSK 5,名,1,知名度高的品牌；也指这种品牌的产品（名）,برند معروف؛ محصولی از یک برند شناخته‌شده (اسم),名,اسم,世界名牌 (shìjiè míngpái) | 穿名牌 (chuān míngpái) | 购买名牌产品 (gòumǎi míngpái chǎnpǐn),他不太在意是不是名牌。,Tā bú tài zàiyì shì bu shì míngpái.,برای او چندان مهم نیست که چیزی از برند معروفی باشد یا نه.,
760,名牌,míngpái,HSK 5,名,2,写有姓名、单位或职务等信息的小牌子（名）,کارت یا پلاک نام؛ نشان حاوی نام و سمت فرد (اسم),名,اسم,戴着名牌 (dàizhe míngpái) | 胸前的名牌 (xiōngqián de míngpái) | 桌上摆着名牌 (zhuō shàng bǎizhe míngpái),每位参会者胸前都戴着名牌。,Měi wèi cānhuìzhě xiōngqián dōu dàizhe míngpái.,هر شرکت‌کننده یک کارت نام روی سینه‌اش داشت.,
761,名片,míngpiàn,HSK 5,名,1,印有姓名、单位、职务和联系方式等信息的小卡片（名）,کارت ویزیت؛ کارت حاوی نام، سمت و اطلاعات تماس (اسم),名,اسم,交换名片 (jiāohuàn míngpiàn) | 递给对方一张名片 (dì gěi duìfāng yì zhāng míngpiàn) | 随身带着名片 (suíshēn dàizhe míngpiàn),我们第一次见面时交换了名片。,Wǒmen dì yī cì jiànmiàn shí jiāohuàn le míngpiàn.,ما در نخستین دیدار کارت ویزیت ردوبدل کردیم.,
762,明确,míngquè,HSK 5,形、动,1,清楚而确定，不含糊（形）,روشن؛ مشخص و بدون ابهام (صفت),形,صفت,目标明确 (mùbiāo míngquè) | 态度明确 (tàidu míngquè) | 规定得很明确 (guīdìng de hěn míngquè),我们的目标非常明确。,Wǒmen de mùbiāo fēicháng míngquè.,هدف ما بسیار روشن است.,
762,明确,míngquè,HSK 5,形、动,2,使某事清楚、确定（动）,مشخص کردن؛ به‌روشنی تعیین کردن (فعل),动,فعل,明确责任 (míngquè zérèn) | 明确目标 (míngquè mùbiāo) | 明确提出要求 (míngquè tíchū yāoqiú),我们需要进一步明确双方的责任。,Wǒmen xūyào jìnyíbù míngquè shuāngfāng de zérèn.,ما باید مسئولیت‌های دو طرف را دقیق‌تر مشخص کنیم.,
763,明显,míngxiǎn,HSK 5,形,1,清楚地显露出来，容易看出或感觉到（形）,آشکار؛ محسوس و به‌راحتی قابل تشخیص (صفت),形,صفت,明显变化 (míngxiǎn biànhuà) | 效果明显 (xiàoguǒ míngxiǎn) | 有明显提高 (yǒu míngxiǎn tígāo),他的汉语水平有了明显提高。,Tā de Hànyǔ shuǐpíng yǒu le míngxiǎn tígāo.,سطح زبان چینی او به‌طور محسوسی پیشرفت کرده است.,
764,明星,míngxīng,HSK 5,名,1,在影视、音乐、体育等领域知名度很高的人（名）,ستاره؛ فردی بسیار مشهور در هنر، موسیقی یا ورزش (اسم),名,اسم,电影明星 (diànyǐng míngxīng) | 体育明星 (tǐyù míngxīng) | 当红明星 (dānghóng míngxīng),他是一位很受欢迎的电影明星。,Tā shì yí wèi hěn shòu huānyíng de diànyǐng míngxīng.,او ستارهٔ سینمایی بسیار محبوبی است.,
765,命运,mìngyùn,HSK 5,名,1,人一生的经历和发展趋势；也指事物未来的发展变化（名）,سرنوشت؛ روند زندگی فرد یا آیندهٔ یک پدیده (اسم),名,اسم,改变命运 (gǎibiàn mìngyùn) | 掌握自己的命运 (zhǎngwò zìjǐ de mìngyùn) | 共同的命运 (gòngtóng de mìngyùn),知识可以改变一个人的命运。,Zhīshi kěyǐ gǎibiàn yí ge rén de mìngyùn.,دانش می‌تواند سرنوشت یک انسان را تغییر دهد.,
766,密切,mìqiè,HSK 5,形、动、副,1,关系或联系非常接近、紧密（形）,نزدیک؛ دارای رابطه یا ارتباط تنگاتنگ (صفت),形,صفت,关系密切 (guānxi mìqiè) | 联系十分密切 (liánxì shífēn mìqiè) | 密切的合作关系 (mìqiè de hézuò guānxì),两国之间保持着密切的合作关系。,Liǎng guó zhījiān bǎochízhe mìqiè de hézuò guānxì.,میان دو کشور روابط همکاری تنگاتنگی برقرار است.,
766,密切,mìqiè,HSK 5,形、动、副,2,使关系或联系更加紧密（动）,نزدیک‌تر و تنگاتنگ‌تر کردن رابطه یا ارتباط (فعل),动,فعل,密切双方关系 (mìqiè shuāngfāng guānxì) | 密切彼此联系 (mìqiè bǐcǐ liánxì) | 进一步密切关系 (jìnyíbù mìqiè guānxi),这次交流进一步密切了双方的关系。,Zhè cì jiāoliú jìnyíbù mìqiè le shuāngfāng de guānxi.,این گفت‌وگو روابط دو طرف را بیش از پیش نزدیک کرد.,
766,密切,mìqiè,HSK 5,形、动、副,3,仔细而持续地；紧密配合地（副）,از نزدیک و به‌دقت؛ با هماهنگی تنگاتنگ (قید),副,قید,密切关注 (mìqiè guānzhù) | 密切观察 (mìqiè guānchá) | 密切配合 (mìqiè pèihé),我们将密切关注市场的变化。,Wǒmen jiāng mìqiè guānzhù shìchǎng de biànhuà.,ما تغییرات بازار را از نزدیک دنبال خواهیم کرد.,
767,秘书,mìshū,HSK 5,名,1,协助领导或负责人处理文书、事务和日常工作的人员（名）,منشی؛ فردی که در امور اداری و روزمره به مدیر کمک می‌کند (اسم),名,اسم,私人秘书 (sīrén mìshū) | 公司秘书 (gōngsī mìshū) | 担任秘书 (dānrèn mìshū),秘书帮经理安排了明天的会议。,Mìshū bāng jīnglǐ ānpái le míngtiān de huìyì.,منشی جلسهٔ فردای مدیر را برنامه‌ریزی کرد.,
768,摸,mō,HSK 5,动,1,用手接触、按压或轻轻抚摩（动）,لمس کردن؛ دست کشیدن یا نوازش کردن (فعل),动,فعل,摸孩子的头 (mō háizi de tóu) | 用手摸一摸 (yòng shǒu mō yi mō) | 轻轻摸着猫 (qīngqīng mōzhe māo),她轻轻地摸了摸孩子的头。,Tā qīngqīng de mō le mō háizi de tóu.,او به‌آرامی سر کودک را نوازش کرد.,
768,摸,mō,HSK 5,动,2,用手在看不见或不方便看的地方寻找（动）,با دست جست‌وجو و پیدا کردن (فعل),动,فعل,伸手摸钥匙 (shēnshǒu mō yàoshi) | 在口袋里摸钱 (zài kǒudài lǐ mō qián) | 摸到门把手 (mōdào ménbǎshǒu),他在口袋里摸了半天，也没找到钥匙。,"Tā zài kǒudài lǐ mō le bàntiān, yě méi zhǎodào yàoshi.",او مدت زیادی جیبش را گشت، اما کلید را پیدا نکرد.,
768,摸,mō,HSK 5,动,3,通过调查、试探等方式了解情况或规律（动）,با بررسی یا آزمون‌وخطا از وضعیت یا قاعده‌ای آگاه شدن (فعل),动,فعل,摸清实际情况 (mōqīng shíjì qíngkuàng) | 摸准市场规律 (mōzhǔn shìchǎng guīlǜ) | 先摸一摸情况 (xiān mō yi mō qíngkuàng),开始工作前，我们要先摸一摸实际情况。,"Kāishǐ gōngzuò qián, wǒmen yào xiān mō yi mō shíjì qíngkuàng.",پیش از شروع کار باید ابتدا شرایط واقعی را بررسی کنیم.,
769,模糊,móhu,HSK 5,形、动,1,不清楚；不分明（形）,مبهم؛ تار یا نامشخص (صفت),形,صفت,印象模糊 (yìnxiàng móhu) | 视线模糊 (shìxiàn móhu) | 变得模糊不清 (biàn de móhu bù qīng),我对那件事的记忆已经很模糊了。,Wǒ duì nà jiàn shì de jìyì yǐjīng hěn móhu le.,خاطره‌ام از آن ماجرا دیگر بسیار مبهم شده است.,
769,模糊,móhu,HSK 5,形、动,2,使界限、概念或区别变得不清楚（动）,مبهم کردن؛ مرز، مفهوم یا تفاوتی را نامشخص ساختن (فعل),动,فعل,模糊概念 (móhu gàiniàn) | 模糊界限 (móhu jièxiàn) | 模糊两者的区别 (móhu liǎngzhě de qūbié),这种说法模糊了两者之间的区别。,Zhè zhǒng shuōfǎ móhu le liǎngzhě zhījiān de qūbié.,این بیان تفاوت میان آن دو را مبهم کرده است.,
770,陌生,mòshēng,HSK 5,形,1,以前没有接触过，或接触过但不熟悉（形）,ناآشنا؛ غریبه یا ناشناخته (صفت),形,صفت,陌生人 (mòshēngrén) | 陌生环境 (mòshēng huánjìng) | 对这里感到陌生 (duì zhèlǐ gǎndào mòshēng),刚到这个陌生的城市时，我很不习惯。,"Gāng dào zhège mòshēng de chéngshì shí, wǒ hěn bù xíguàn.",اوایل که به این شهر ناآشنا رسیدم، اصلاً به محیط عادت نداشتم.,
771,模式,móshì,HSK 5,名,1,事物运行、发展或处理问题的固定形式、方法或结构（名）,الگو؛ مدل یا شیوهٔ مشخص انجام و سازمان‌دهی کار (اسم),名,اسم,商业模式 (shāngyè móshì) | 管理模式 (guǎnlǐ móshì) | 改变发展模式 (gǎibiàn fāzhǎn móshì),这家公司采用了新的商业模式。,Zhè jiā gōngsī cǎiyòng le xīn de shāngyè móshì.,این شرکت مدل کسب‌وکار جدیدی را به کار گرفته است.,
772,某,mǒu,HSK 5,代,1,指没有明确说出、不知道或不便公开的人、事物、时间或地点（代）,فلان؛ شخص، چیز، زمان یا مکانی نامشخص یا نام‌برده‌نشده (ضمیر),代,ضمیر,某个人 (mǒu ge rén) | 某家公司 (mǒu jiā gōngsī) | 某一天 (mǒu yì tiān),某家公司正在招聘新员工。,Mǒu jiā gōngsī zhèngzài zhāopìn xīn yuángōng.,یک شرکت در حال استخدام نیروهای جدید است.,
773,目光,mùguāng,HSK 5,名,1,眼睛注视的方向；视线或眼神（名）,نگاه؛ جهت دید یا حالت چشم (اسم),名,اسم,目光坚定 (mùguāng jiāndìng) | 把目光转向窗外 (bǎ mùguāng zhuǎnxiàng chuāngwài) | 吸引大家的目光 (xīyǐn dàjiā de mùguāng),她把目光转向了窗外。,Tā bǎ mùguāng zhuǎnxiàng le chuāngwài.,او نگاهش را به بیرون پنجره برگرداند.,
773,目光,mùguāng,HSK 5,名,2,观察、认识和判断事物的能力或眼光（名）,دید؛ قدرت شناخت و ارزیابی امور (اسم),名,اسم,战略目光 (zhànlüè mùguāng) | 目光长远 (mùguāng chángyuǎn) | 缺乏长远目光 (quēfá chángyuǎn mùguāng),管理者应该有长远的目光。,Guǎnlǐzhě yīnggāi yǒu chángyuǎn de mùguāng.,مدیر باید دیدی بلندمدت داشته باشد.,
774,木头,mùtou,HSK 5,名,1,树木砍伐后可用于建筑或制造物品的材料（名）,چوب؛ مادهٔ به‌دست‌آمده از درخت (اسم),名,اسم,一块木头 (yí kuài mùtou) | 用木头制作 (yòng mùtou zhìzuò) | 木头做的桌子 (mùtou zuò de zhuōzi),这张桌子是用木头做的。,Zhè zhāng zhuōzi shì yòng mùtou zuò de.,این میز از چوب ساخته شده است.,
774,木头,mùtou,HSK 5,名,2,比喻反应迟钝、不懂感情或不善表达的人（口语，名）,آدم خشک، بی‌احساس یا کُندفهم (اسم، محاوره‌ای),口语，名,اسم، محاوره‌ای,像块木头 (xiàng kuài mùtou) | 真是个木头 (zhēnshi ge mùtou) | 站着不动像块木头 (zhànzhe bú dòng xiàng kuài mùtou),她都说得这么清楚了，你怎么还像块木头？,"Tā dōu shuō de zhème qīngchu le, nǐ zěnme hái xiàng kuài mùtou?",او این‌قدر واضح حرفش را زد؛ چرا هنوز مثل چوب خشک چیزی نمی‌فهمی؟,
775,难得,nándé,HSK 5,形、副,1,不容易得到、遇到或发生；少有（形）,نادر؛ کمیاب یا به‌سختی به‌دست‌آمدنی (صفت),形,صفت,难得的机会 (nándé de jīhuì) | 十分难得 (shífēn nándé) | 难得的人才 (nándé de réncái),这是一个非常难得的机会。,Zhè shì yí ge fēicháng nándé de jīhuì.,این فرصت بسیار نادری است.,
775,难得,nándé,HSK 5,形、副,2,表示某种情况很少发生或机会不常有（副）,به‌ندرت؛ در فرصتی که کم پیش می‌آید (قید),副,قید,难得见面 (nándé jiànmiàn) | 难得休息一天 (nándé xiūxi yì tiān) | 难得回来一次 (nándé huílái yí cì),我们难得见一次面。,Wǒmen nándé jiàn yí cì miàn.,به‌ندرت فرصت می‌کنیم یکدیگر را ببینیم.,
776,难度,nándù,HSK 5,名,1,完成某件事情的困难程度（名）,درجهٔ دشواری؛ میزان سختی انجام کاری (اسم),名,اسم,难度很大 (nándù hěn dà) | 增加难度 (zēngjiā nándù) | 降低考试难度 (jiàngdī kǎoshì nándù),这次考试的难度比较大。,Zhè cì kǎoshì de nándù bǐjiào dà.,درجهٔ دشواری این آزمون نسبتاً بالاست.,
777,难以,nányǐ,HSK 5,副,1,很难做到某事，后面通常接动词（较正式，副）,به‌سختی بتوان؛ دشوار بودن انجام کاری (قید، رسمی‌تر),较正式，副,قید، رسمی‌تر,难以理解 (nányǐ lǐjiě) | 难以接受 (nányǐ jiēshòu) | 难以在短期内解决 (nányǐ zài duǎnqī nèi jiějué),这个问题很复杂，难以在短期内解决。,"Zhège wèntí hěn fùzá, nányǐ zài duǎnqī nèi jiějué.",این مسئله بسیار پیچیده است و حل آن در کوتاه‌مدت دشوار است.,
778,男子,nánzǐ,HSK 5,名,1,成年男性，多用于新闻、书面语或体育语境（名）,مرد؛ فرد مذکر بالغ، بیشتر در زبان رسمی و خبری (اسم),名,اسم,年轻男子 (niánqīng nánzǐ) | 一名男子 (yì míng nánzǐ) | 男子比赛 (nánzǐ bǐsài),一名男子正在门口等候。,Yì míng nánzǐ zhèngzài ménkǒu děnghòu.,مردی جلوی در منتظر است.,
779,闹,nào,HSK 5,动、形,1,喧哗、不安静；吵闹或胡闹（动/形）,سروصدا یا شلوغ‌بازی کردن؛ پرسروصدا بودن (فعل/صفت),动/形,فعل/صفت,又吵又闹 (yòu chǎo yòu nào) | 别再闹了 (bié zài nào le) | 闹得大家无法休息 (nào de dàjiā wúfǎ xiūxi),孩子们在房间里又吵又闹。,Háizimen zài fángjiān lǐ yòu chǎo yòu nào.,بچه‌ها در اتاق سروصدا و شلوغ‌بازی می‌کنند.,
779,闹,nào,HSK 5,动、形,2,争吵、发生冲突，或因不满而纠缠、吵着提出要求（动）,دعوا یا کشمکش کردن؛ با جنجال خواسته‌ای را مطرح کردن (فعل),动,فعل,跟家里闹 (gēn jiālǐ nào) | 闹着要离开 (nàozhe yào líkāi) | 两个人闹矛盾 (liǎng ge rén nào máodùn),他们最近闹了点儿矛盾。,Tāmen zuìjìn nào le diǎnr máodùn.,آن‌ها اخیراً کمی با یکدیگر اختلاف پیدا کرده‌اند.,
779,闹,nào,HSK 5,动、形,3,发生疾病、灾害等不好的情况（动）,دچار بیماری یا حادثه و بلایی شدن (فعل),动,فعل,闹肚子 (nào dùzi) | 闹水灾 (nào shuǐzāi) | 闹虫灾 (nào chóngzāi),我可能吃坏了东西，今天一直闹肚子。,"Wǒ kěnéng chīhuài le dōngxi, jīntiān yìzhí nào dùzi.",احتمالاً غذای ناسالمی خورده‌ام و امروز مدام ناراحتی شکمی دارم.,
779,闹,nào,HSK 5,动、形,4,由于处理不当而引起笑话、误会或其他不好的结果（动）,باعث سوتفاهم، آبروریزی یا نتیجه‌ای نامطلوب شدن (فعل),动,فعل,闹笑话 (nào xiàohua) | 闹误会 (nào wùhuì) | 闹出大问题 (nàochū dà wèntí),因为语言不通，他闹了不少笑话。,"Yīnwèi yǔyán bù tōng, tā nào le bù shǎo xiàohua.",چون زبان را خوب نمی‌دانست، چند بار باعث خنده و آبروریزی شد.,
780,闹钟,nàozhōng,HSK 5,名,1,能在预定时间发出声音提醒人的钟或电子设备功能（名）,ساعت زنگ‌دار یا قابلیت هشدار دستگاه (اسم),名,اسم,设置闹钟 (shèzhì nàozhōng) | 闹钟响了 (nàozhōng xiǎng le) | 关掉闹钟 (guāndiào nàozhōng),我把闹钟定在每天早上六点。,Wǒ bǎ nàozhōng dìng zài měitiān zǎoshang liù diǎn.,من ساعت زنگ‌دار را برای هر روز صبح ساعت شش تنظیم کرده‌ام.,
781,哪怕,nǎpà,HSK 5,连,1,表示让步，即使某种情况发生也不影响后面的结果（连）,حتی اگر؛ ولو اینکه (حرف ربط),连,حرف ربط,哪怕下雨也要去 (nǎpà xiàyǔ yě yào qù) | 哪怕失败也不放弃 (nǎpà shībài yě bù fàngqì) | 哪怕只有一次机会 (nǎpà zhǐyǒu yí cì jīhuì),哪怕遇到困难，我们也不能放弃。,"Nǎpà yùdào kùnnan, wǒmen yě bù néng fàngqì.",حتی اگر با دشواری روبه‌رو شویم، نباید تسلیم شویم.,
782,内部,nèibù,HSK 5,名、形,1,某个事物、范围或组织的里面（名）,داخل؛ بخش درونی یک چیز یا سازمان (اسم),名,اسم,公司内部 (gōngsī nèibù) | 建筑内部 (jiànzhù nèibù) | 在内部解决 (zài nèibù jiějué),这个问题需要在公司内部解决。,Zhège wèntí xūyào zài gōngsī nèibù jiějué.,این مسئله باید در داخل شرکت حل شود.,
782,内部,nèibù,HSK 5,名、形,2,属于某个组织、范围或事物里面的（形）,داخلی؛ مربوط به درون یک سازمان یا مجموعه (صفت),形,صفت,内部会议 (nèibù huìyì) | 内部文件 (nèibù wénjiàn) | 内部管理制度 (nèibù guǎnlǐ zhìdù),这是一份内部文件。,Zhè shì yí fèn nèibù wénjiàn.,این یک سند داخلی است.,
783,能干,nénggàn,HSK 5,形,1,有能力，善于把事情办好（形）,توانمند؛ کاربلد و شایسته (صفت),形,صفت,非常能干 (fēicháng nénggàn) | 能干的人 (nénggàn de rén) | 聪明能干 (cōngming nénggàn),她是一位非常能干的经理。,Tā shì yí wèi fēicháng nénggàn de jīnglǐ.,او مدیر بسیار توانمندی است.,
784,念,niàn,HSK 5,动,1,出声读文字；说出字词的读音（动）,با صدای بلند خواندن؛ تلفظ کردن نوشته یا واژه (فعل),动,فعل,念一遍课文 (niàn yí biàn kèwén) | 念出名字 (niànchū míngzi) | 大声念出来 (dàshēng niàn chūlai),请把这段课文念一遍。,Qǐng bǎ zhè duàn kèwén niàn yí biàn.,لطفاً این بخش از متن را یک بار با صدای بلند بخوانید.,
784,念,niàn,HSK 5,动,2,在学校学习或攻读某个专业、课程（口语，动）,درس خواندن؛ در مدرسه، دانشگاه یا رشته‌ای تحصیل کردن (فعل، محاوره‌ای),口语，动,فعل، محاوره‌ای,在北京念大学 (zài Běijīng niàn dàxué) | 念了四年大学 (niàn le sì nián dàxué) | 念中文系 (niàn Zhōngwén xì),他正在北京念大学。,Tā zhèngzài Běijīng niàn dàxué.,او در پکن مشغول تحصیل در دانشگاه است.,
784,念,niàn,HSK 5,动,3,想念或牵挂某人、某地（动）,دلتنگ بودن؛ به یاد کسی یا جایی بودن (فعل),动,فعل,念着远方的家人 (niànzhe yuǎnfāng de jiārén) | 心里一直念着他 (xīnli yìzhí niànzhe tā) | 念着自己的家乡 (niànzhe zìjǐ de jiāxiāng),她一直念着远方的家人。,Tā yìzhí niànzhe yuǎnfāng de jiārén.,او همواره به یاد خانواده‌اش در دیار دور است.,
785,年初,niánchū,HSK 5,名,1,一年的开始阶段（名）,اوایل سال؛ آغاز سال (اسم),名,اسم,今年年初 (jīnnián niánchū) | 年初制定计划 (niánchū zhìdìng jìhuà) | 从年初以来 (cóng niánchū yǐlái),公司在今年年初推出了新产品。,Gōngsī zài jīnnián niánchū tuīchū le xīn chǎnpǐn.,شرکت در اوایل امسال محصول جدیدی عرضه کرد.,
786,年代,niándài,HSK 5,名,1,一个世纪中以十年为单位的时期；也指某个历史时期（名）,دهه؛ دوره یا عصر تاریخی (اسم),名,اسم,八十年代 (bāshí niándài) | 战争年代 (zhànzhēng niándài) | 生活在那个年代 (shēnghuó zài nàge niándài),这部电影讲的是上世纪八十年代的故事。,Zhè bù diànyǐng jiǎng de shì shàng shìjì bāshí niándài de gùshi.,این فیلم داستانی از دههٔ هشتاد قرن گذشته را روایت می‌کند.,
787,年纪,niánjì,HSK 5,名,1,人的年龄，多用于口语（名）,سن‌وسال شخص (اسم، محاوره‌ای),名,اسم، محاوره‌ای,年纪大 (niánjì dà) | 年纪还轻 (niánjì hái qīng) | 上了年纪 (shàng le niánjì),他虽然年纪大了，但是身体很好。,"Tā suīrán niánjì dà le, dànshì shēntǐ hěn hǎo.",با اینکه سنش بالا رفته، از سلامت خوبی برخوردار است.,
788,年夜饭,niányèfàn,HSK 5,名,1,农历除夕晚上全家团聚时吃的饭（名）,شام خانوادگی شب سال نوی چینی (اسم),名,اسم,吃年夜饭 (chī niányèfàn) | 准备年夜饭 (zhǔnbèi niányèfàn) | 一家人围坐着吃年夜饭 (yì jiā rén wéizuòzhe chī niányèfàn),除夕晚上，全家人一起吃年夜饭。,"Chúxī wǎnshang, quán jiārén yìqǐ chī niányèfàn.",شب سال نوی چینی، همهٔ اعضای خانواده با هم شام سال نو می‌خورند.,
789,牛仔裤,niúzǎikù,HSK 5,名,1,用牛仔布制成的裤子（名）,شلوار جین؛ شلوار ساخته‌شده از پارچهٔ دنیم (اسم),名,اسم,穿牛仔裤 (chuān niúzǎikù) | 一条牛仔裤 (yì tiáo niúzǎikù) | 蓝色牛仔裤 (lánsè niúzǎikù),我买了一条新的牛仔裤。,Wǒ mǎi le yì tiáo xīn de niúzǎikù.,من یک شلوار جین جدید خریدم.,
790,浓,nóng,HSK 5,形,1,液体所含成分多，或烟雾等密度大（形）,غلیظ؛ پرغلظت یا متراکم (صفت),形,صفت,浓茶 (nóngchá) | 太浓的咖啡 (tài nóng de kāfēi) | 烟很浓 (yān hěn nóng),我不喜欢喝太浓的咖啡。,Wǒ bù xǐhuan hē tài nóng de kāfēi.,من دوست ندارم قهوهٔ خیلی غلیظ بنوشم.,
790,浓,nóng,HSK 5,形,2,颜色深，或气味、感情、兴趣、气氛等程度强（形）,پررنگ؛ قوی یا شدید دربارهٔ بو، احساس، علاقه یا فضا (صفت),形,صفت,颜色很浓 (yánsè hěn nóng) | 香味很浓 (xiāngwèi hěn nóng) | 节日气氛很浓 (jiérì qìfēn hěn nóng),房间里有一股浓浓的花香。,Fángjiān lǐ yǒu yì gǔ nóngnóng de huāxiāng.,در اتاق عطر تند گل پیچیده است.,
791,农民,nóngmín,HSK 5,名,1,以农业生产为主要职业的人（名）,کشاورز؛ فردی که شغل اصلی‌اش تولیدات کشاورزی است (اسم),名,اسم,当地农民 (dāngdì nóngmín) | 农民收入 (nóngmín shōurù) | 提高农民生活水平 (tígāo nóngmín shēnghuó shuǐpíng),当地农民主要种植水稻。,Dāngdì nóngmín zhǔyào zhòngzhí shuǐdào.,کشاورزان محلی عمدتاً برنج کشت می‌کنند.,
792,农业,nóngyè,HSK 5,名,1,利用土地和动植物等进行生产的产业，包括种植业、畜牧业等（名）,کشاورزی؛ بخش تولیدی شامل زراعت، دامداری و فعالیت‌های وابسته (اسم),名,اسم,农业发展 (nóngyè fāzhǎn) | 农业生产 (nóngyè shēngchǎn) | 发展现代农业 (fāzhǎn xiàndài nóngyè),科技正在改变现代农业。,Kējì zhèngzài gǎibiàn xiàndài nóngyè.,فناوری در حال تغییر کشاورزی مدرن است.,
793,女子,nǚzǐ,HSK 5,名,1,女性，多用于新闻、书面语或体育语境（名）,زن؛ فرد مؤنث، بیشتر در زبان رسمی، خبری و ورزشی (اسم),名,اسم,年轻女子 (niánqīng nǚzǐ) | 一名女子 (yì míng nǚzǐ) | 女子比赛 (nǚzǐ bǐsài),一名年轻女子走进了办公室。,Yì míng niánqīng nǚzǐ zǒujìn le bàngōngshì.,زن جوانی وارد دفتر شد.,
794,哦,ó,HSK 5,叹、助,1,表示疑问、惊讶或对刚听到的事情感到意外（叹）,اوه؟؛ برای بیان پرسش یا تعجب (حرف ندا),叹,حرف ندا,"哦，是吗 (ó, shì ma) | 哦，你也来了 (ó, nǐ yě lái le) | 哦，怎么回事 (ó, zěnme huí shì)",哦？你怎么也来了？,Ó? Nǐ zěnme yě lái le?,اوه؟ تو چرا اینجا آمدی؟,
794,哦,ò,HSK 5,叹、助,2,表示明白、领会或突然想起某事（叹）,آهان؛ برای بیان فهمیدن یا به یاد آوردن (حرف ندا),叹,حرف ندا,"哦，我明白了 (ò, wǒ míngbai le) | 哦，原来如此 (ò, yuánlái rúcǐ) | 哦，我想起来了 (ò, wǒ xiǎng qǐlai le)",哦，原来你已经知道了。,"Ò, yuánlái nǐ yǐjīng zhīdào le.",آهان، پس تو از قبل می‌دانستی.,
794,哦,o,HSK 5,叹、助,3,用在句末，表示提醒、确认或使语气更亲切、缓和（助）,در پایان جمله برای یادآوری یا ملایم و صمیمی کردن لحن (حرف کمکی),助,حرف کمکی,别忘了哦 (bié wàng le o) | 早点儿来哦 (zǎodiǎnr lái o) | 要小心哦 (yào xiǎoxīn o),明天要早点儿来哦。,Míngtiān yào zǎodiǎnr lái o.,فردا یادت باشد کمی زودتر بیایی.,
795,偶然,ǒurán,HSK 5,形、副,1,事情的发生不是必然的，而是出于意外或巧合（形）,تصادفی؛ اتفاقی و غیرقابل‌پیش‌بینی (صفت),形,صفت,偶然现象 (ǒurán xiànxiàng) | 偶然事件 (ǒurán shìjiàn) | 并非偶然 (bìngfēi ǒurán),这次成功并不是偶然的。,Zhè cì chénggōng bìng bú shì ǒurán de.,این موفقیت تصادفی نبود.,
795,偶然,ǒurán,HSK 5,形、副,2,意外地；碰巧（副）,تصادفاً؛ به‌طور اتفاقی (قید),副,قید,偶然发现 (ǒurán fāxiàn) | 偶然遇到 (ǒurán yùdào) | 偶然听说 (ǒurán tīngshuō),我偶然在街上遇到了老同学。,Wǒ ǒurán zài jiēshàng yùdào le lǎo tóngxué.,من اتفاقی یکی از همکلاسی‌های قدیمی‌ام را در خیابان دیدم.,
796,欧洲,Ōuzhōu,HSK 5,名,1,世界七大洲之一，位于亚洲西部（名）,اروپا؛ یکی از قاره‌های جهان (اسم خاص),名,اسم خاص,欧洲国家 (Ōuzhōu guójiā) | 欧洲市场 (Ōuzhōu shìchǎng) | 前往欧洲 (qiánwǎng Ōuzhōu),他去年去欧洲旅行了。,Tā qùnián qù Ōuzhōu lǚxíng le.,او سال گذشته به اروپا سفر کرد.,
797,派,pài,HSK 5,动、名、量,1,安排或命令某人去某地或做某事（动）,فرستادن؛ کسی را برای انجام کاری مأمور کردن (فعل),动,فعل,派人调查 (pài rén diàochá) | 派代表参加会议 (pài dàibiǎo cānjiā huìyì) | 派他去上海 (pài tā qù Shànghǎi),公司派他去上海出差。,Gōngsī pài tā qù Shànghǎi chūchāi.,شرکت او را برای مأموریت کاری به شانگهای فرستاد.,
797,派,pài,HSK 5,动、名、量,2,主张、作风或特点相同的一类人；派别或流派（名）,جناح؛ گروه یا مکتبی با دیدگاه و سبک مشترک (اسم),名,اسم,分成两派 (fēnchéng liǎng pài) | 属于哪一派 (shǔyú nǎ yí pài) | 两派意见不同 (liǎng pài yìjiàn bùtóng),大家分成了意见不同的两派。,Dàjiā fēnchéng le yìjiàn bùtóng de liǎng pài.,افراد به دو گروه با دیدگاه‌های متفاوت تقسیم شدند.,
797,派,pài,HSK 5,动、名、量,3,用于景象、气氛、言论等，常与“一”连用（量）,واحد شمارش برای منظره، فضا یا سخن، معمولاً همراه با «یک» (واحد شمارش),量,واحد شمارش,一派欢乐景象 (yí pài huānlè jǐngxiàng) | 一派新气象 (yí pài xīn qìxiàng) | 一派胡言 (yí pài húyán),节日的街上一派欢乐景象。,Jiérì de jiē shàng yí pài huānlè jǐngxiàng.,خیابان در روز جشن حال‌وهوایی کاملاً شاد داشت.,
798,派出所,pàichūsuǒ,HSK 5,名,1,中国公安机关设在基层地区、负责当地治安等事务的机构（名）,کلانتری؛ واحد محلی پلیس در چین (اسم),名,اسم,当地派出所 (dāngdì pàichūsuǒ) | 去派出所报案 (qù pàichūsuǒ bào’àn) | 附近的派出所 (fùjìn de pàichūsuǒ),我去附近的派出所报了案。,Wǒ qù fùjìn de pàichūsuǒ bào le àn.,من برای ثبت گزارش به کلانتری نزدیک رفتم.,
799,排列,páiliè,HSK 5,动、名,1,按照一定的次序排放或安排人或事物（动）,مرتب کردن؛ بر اساس ترتیبی مشخص چیدن (فعل),动,فعل,按顺序排列 (àn shùnxù páiliè) | 排列整齐 (páiliè zhěngqí) | 重新排列数字 (chóngxīn páiliè shùzì),请把这些数字按从小到大的顺序排列。,Qǐng bǎ zhèxiē shùzì àn cóng xiǎo dào dà de shùnxù páiliè.,لطفاً این اعداد را به‌ترتیب از کوچک به بزرگ مرتب کنید.,
799,排列,páiliè,HSK 5,动、名,2,人或事物按照一定次序形成的布局或组合（名）,چیدمان؛ ترتیب یا آرایش قرارگیری (اسم),名,اسم,排列方式 (páiliè fāngshì) | 改变排列顺序 (gǎibiàn páiliè shùnxù) | 不同的排列 (bùtóng de páiliè),这些座位有不同的排列方式。,Zhèxiē zuòwèi yǒu bùtóng de páiliè fāngshì.,این صندلی‌ها شیوه‌های چیدمان متفاوتی دارند.,
800,拍摄,pāishè,HSK 5,动,1,用照相机、摄影机等记录照片或影像（动）,عکاسی یا فیلم‌برداری کردن؛ با دوربین تصویر ثبت کردن (فعل),动,فعل,拍摄电影 (pāishè diànyǐng) | 拍摄视频 (pāishè shìpín) | 拍摄照片 (pāishè zhàopiàn),这部电影是在北京拍摄的。,Zhè bù diànyǐng shì zài Běijīng pāishè de.,این فیلم در پکن فیلم‌برداری شده است.,
801,跑道,pǎodào,HSK 5,名,1,供跑步、赛跑或田径训练使用的专门道路（名）,پیست دو؛ مسیر مخصوص دویدن و مسابقه (اسم),名,اسم,田径跑道 (tiánjìng pǎodào) | 塑胶跑道 (sùjiāo pǎodào) | 在跑道上训练 (zài pǎodào shàng xùnliàn),运动员正在跑道上训练。,Yùndòngyuán zhèngzài pǎodào shàng xùnliàn.,ورزشکاران در پیست در حال تمرین‌اند.,
801,跑道,pǎodào,HSK 5,名,2,机场供飞机起飞和降落的道路（名）,باند فرودگاه؛ مسیر برخاستن و فرود هواپیما (اسم),名,اسم,机场跑道 (jīchǎng pǎodào) | 跑道暂时关闭 (pǎodào zànshí guānbì) | 飞机进入跑道 (fēijī jìnrù pǎodào),飞机已经进入跑道，准备起飞。,"Fēijī yǐjīng jìnrù pǎodào, zhǔnbèi qǐfēi.",هواپیما وارد باند شده و آمادهٔ برخاستن است.,
802,赔,péi,HSK 5,动,1,因给别人造成损失而用钱或物品进行补偿（动）,خسارت دادن؛ زیان کسی را با پول یا کالا جبران کردن (فعل),动,فعل,赔他五百元 (péi tā wǔbǎi yuán) | 赔一部新手机 (péi yí bù xīn shǒujī) | 按原价赔 (àn yuánjià péi),如果手机修不好，我会赔给你一部新的。,"Rúguǒ shǒujī xiū bu hǎo, wǒ huì péi gěi nǐ yí bù xīn de.",اگر گوشی تعمیر نشود، یک گوشی نو به تو می‌دهم تا خسارتت جبران شود.,
802,赔,péi,HSK 5,动,2,做生意、投资等发生亏损（口语，动）,در تجارت یا سرمایه‌گذاری ضرر کردن (فعل، محاوره‌ای),口语，动,فعل، محاوره‌ای,做生意赔了 (zuò shēngyi péi le) | 赔了不少钱 (péi le bù shǎo qián) | 不赚反赔 (bù zhuàn fǎn péi),他第一次做生意就赔了很多钱。,Tā dì yī cì zuò shēngyi jiù péi le hěn duō qián.,او همان بار اول که وارد تجارت شد، پول زیادی ضرر کرد.,
803,配,pèi,HSK 5,动,1,把有关的人或事物适当地搭配、组合在一起（动）,با هم هماهنگ یا ترکیب کردن (فعل),动,فعل,配颜色 (pèi yánsè) | 配一条裤子 (pèi yì tiáo kùzi) | 红色配黑色 (hóngsè pèi hēisè),这件上衣配这条裤子很好看。,Zhè jiàn shàngyī pèi zhè tiáo kùzi hěn hǎokàn.,این بالاپوش با این شلوار ترکیب زیبایی دارد.,
803,配,pèi,HSK 5,动,2,按照需要给人或事物安排、提供人员或设备（动）,اختصاص یا مجهز کردن؛ نیرو یا وسیله‌ای در اختیار کسی گذاشتن (فعل),动,فعل,给员工配电脑 (gěi yuángōng pèi diànnǎo) | 配一名助手 (pèi yì míng zhùshǒu) | 每个房间都配空调 (měi ge fángjiān dōu pèi kōngtiáo),公司给每位员工配了一台电脑。,Gōngsī gěi měi wèi yuángōng pèi le yì tái diànnǎo.,شرکت برای هر کارمند یک رایانه در نظر گرفته است.,
803,配,pèi,HSK 5,动,3,按照一定标准或比例调制药物、眼镜等（动）,طبق اندازه یا نسخه تهیه و تنظیم کردن (فعل),动,فعل,按处方配药 (àn chǔfāng pèi yào) | 配一副眼镜 (pèi yí fù yǎnjìng) | 去药店配药 (qù yàodiàn pèi yào),我想去配一副新眼镜。,Wǒ xiǎng qù pèi yí fù xīn yǎnjìng.,می‌خواهم بروم یک عینک جدید سفارش بدهم.,
803,配,pèi,HSK 5,动,4,具有相称的条件或资格；值得（动）,شایسته و درخور بودن (فعل),动,فعل,配得上这个职位 (pèi de shàng zhège zhíwèi) | 不配得到信任 (bú pèi dédào xìnrèn) | 配不上她 (pèi bu shàng tā),他的能力完全配得上这个职位。,Tā de nénglì wánquán pèi de shàng zhège zhíwèi.,توانایی او کاملاً درخور این سمت است.,
804,陪伴,péibàn,HSK 5,动、名,1,和某人在一起，给予陪同、照顾或精神上的支持（动）,همراهی کردن؛ در کنار کسی بودن و از او حمایت کردن (فعل),动,فعل,陪伴家人 (péibàn jiārén) | 陪伴孩子成长 (péibàn háizi chéngzhǎng) | 长期陪伴病人 (chángqī péibàn bìngrén),父母应该多陪伴孩子。,Fùmǔ yīnggāi duō péibàn háizi.,والدین باید زمان بیشتری را در کنار فرزندانشان بگذرانند.,
804,陪伴,péibàn,HSK 5,动、名,2,陪同在一起的行为或状态（名）,همراهی؛ حضور در کنار کسی (اسم),名,اسم,需要陪伴 (xūyào péibàn) | 家人的陪伴 (jiārén de péibàn) | 长久的陪伴 (chángjiǔ de péibàn),家人的陪伴对他非常重要。,Jiārén de péibàn duì tā fēicháng zhòngyào.,حضور خانواده در کنارش برای او بسیار مهم است.,
805,配合,pèihé,HSK 5,动,1,有关人员或方面共同协作，或按照要求协助完成某事（动）,همکاری کردن؛ با شخص، سازمان یا کاری همراهی کردن (فعل),动,فعل,积极配合 (jījí pèihé) | 配合调查 (pèihé diàochá) | 配合我们的工作 (pèihé wǒmen de gōngzuò),请大家积极配合我们的工作。,Qǐng dàjiā jījí pèihé wǒmen de gōngzuò.,لطفاً همه با ما در انجام این کار همکاری کنند.,
805,配合,pèihé,HSK 5,动,2,使不同事物相互协调或结合使用，以取得更好的效果（动）,هماهنگ یا ترکیب کردن؛ چند چیز را به‌صورت مکمل در کنار هم به کار بردن (فعل),动,فعل,配合使用 (pèihé shǐyòng) | 配合适当的运动 (pèihé shìdàng de yùndòng) | 两种方法相互配合 (liǎng zhǒng fāngfǎ xiānghù pèihé),这两种方法配合使用，效果会更好。,"Zhè liǎng zhǒng fāngfǎ pèihé shǐyòng, xiàoguǒ huì gèng hǎo.",اگر این دو روش در کنار هم به کار بروند، نتیجه بهتر خواهد بود.,
806,配送,pèisòng,HSK 5,动、名,1,按照要求把货物分配并送到指定地点（动）,توزیع و تحویل دادن کالا به محل تعیین‌شده (فعل),动,فعل,配送商品 (pèisòng shāngpǐn) | 免费配送到家 (miǎnfèi pèisòng dào jiā) | 按时配送货物 (ànshí pèisòng huòwù),我们可以免费配送到家。,Wǒmen kěyǐ miǎnfèi pèisòng dào jiā.,ما می‌توانیم کالا را رایگان در منزل تحویل دهیم.,
806,配送,pèisòng,HSK 5,动、名,2,分配和运送货物的服务或过程（名）,خدمات یا فرایند توزیع و تحویل کالا (اسم),名,اسم,物流配送 (wùliú pèisòng) | 配送服务 (pèisòng fúwù) | 提高配送效率 (tígāo pèisòng xiàolǜ),这家公司的配送速度很快。,Zhè jiā gōngsī de pèisòng sùdù hěn kuài.,این شرکت کالاها را بسیار سریع تحویل می‌دهد.,
807,培训,péixùn,HSK 5,动、名,1,通过有组织的教育和训练使人掌握知识或技能（动）,آموزش دادن؛ با آموزش منظم مهارتی را به کسی آموختن (فعل),动,فعل,培训员工 (péixùn yuángōng) | 培训专业人才 (péixùn zhuānyè réncái) | 定期培训新人 (dìngqī péixùn xīnrén),公司定期培训新员工。,Gōngsī dìngqī péixùn xīn yuángōng.,شرکت به‌طور منظم کارکنان جدید را آموزش می‌دهد.,
807,培训,péixùn,HSK 5,动、名,2,有组织的教育和技能训练活动（名）,دوره یا برنامهٔ آموزشی و مهارت‌آموزی (اسم),名,اسم,参加培训 (cānjiā péixùn) | 职业培训 (zhíyè péixùn) | 接受专业培训 (jiēshòu zhuānyè péixùn),我参加了一次专业培训。,Wǒ cānjiā le yí cì zhuānyè péixùn.,من در یک دورهٔ آموزشی تخصصی شرکت کردم.,
808,培养,péiyǎng,HSK 5,动,1,按照一定目标长期教育、训练或造就人才（动）,در بلندمدت آموزش و پرورش دادن افراد (فعل),动,فعل,培养人才 (péiyǎng réncái) | 培养年轻教师 (péiyǎng niánqīng jiàoshī) | 培养专业人员 (péiyǎng zhuānyè rényuán),学校为社会培养了许多优秀人才。,Xuéxiào wèi shèhuì péiyǎng le xǔduō yōuxiù réncái.,این مدرسه افراد توانمند زیادی را برای جامعه پرورش داده است.,
808,培养,péiyǎng,HSK 5,动,2,使能力、习惯、兴趣或感情等逐渐形成和发展（动）,توانایی، عادت، علاقه یا احساسی را به‌تدریج پرورش دادن (فعل),动,فعل,培养能力 (péiyǎng nénglì) | 培养良好习惯 (péiyǎng liánghǎo xíguàn) | 培养学习兴趣 (péiyǎng xuéxí xìngqù),学校应该培养学生独立思考的能力。,Xuéxiào yīnggāi péiyǎng xuésheng dúlì sīkǎo de nénglì.,مدرسه باید توانایی تفکر مستقل را در دانش‌آموزان پرورش دهد.,
809,盆,pén,HSK 5,名、量,1,口较大、底较小或较浅的容器，可用于盛水、洗东西或种花（名）,تشت؛ لگن یا ظرف دهانه‌باز، گاهی برای کاشت گل (اسم),名,اسم,一个木盆 (yí ge mùpén) | 盆里装满水 (pén lǐ zhuāngmǎn shuǐ) | 把衣服放进盆里 (bǎ yīfu fàng jìn pén lǐ),她把花种在盆里了。,Tā bǎ huā zhòng zài pén lǐ le.,او گل را در گلدان کاشت.,
809,盆,pén,HSK 5,名、量,2,用于装在盆里的东西或种在盆里的植物（量）,واحد شمارش برای محتویات تشت یا گیاهان گلدانی (واحد شمارش),量,واحد شمارش,一盆花 (yì pén huā) | 一盆水 (yì pén shuǐ) | 一盆热汤 (yì pén rè tāng),他买了一盆花。,Tā mǎi le yì pén huā.,او یک گلدان گل خرید.,
810,碰,pèng,HSK 5,动,1,接触、撞击或不小心触到人或物体（动）,لمس کردن یا به کسی یا چیزی برخورد کردن (فعل),动,فعل,头碰到门 (tóu pèngdào mén) | 别碰这些东西 (bié pèng zhèxiē dōngxi) | 不小心碰伤了手 (bù xiǎoxīn pèngshāng le shǒu),我的头不小心碰到门了。,Wǒ de tóu bù xiǎoxīn pèngdào mén le.,سرم تصادفی به در خورد.,
810,碰,pèng,HSK 5,动,2,偶然遇到某人、某事或某种机会（动）,اتفاقی با کسی، رویدادی یا فرصتی روبه‌رو شدن (فعل),动,فعل,在路上碰到朋友 (zài lùshang pèngdào péngyou) | 偶然碰到熟人 (ǒurán pèngdào shúrén) | 碰上好机会 (pèngshàng hǎo jīhuì),我昨天在街上碰到了一个老朋友。,Wǒ zuótiān zài jiēshàng pèngdào le yí ge lǎo péngyou.,دیروز در خیابان اتفاقی یکی از دوستان قدیمی‌ام را دیدم.,
811,碰见,pèngjiàn,HSK 5,动,1,偶然遇见某人（动）,اتفاقی کسی را دیدن؛ به کسی برخوردن (فعل),动,فعل,碰见老朋友 (pèngjiàn lǎo péngyou) | 偶然碰见同事 (ǒurán pèngjiàn tóngshì) | 在路上碰见他 (zài lùshang pèngjiàn tā),我在地铁站碰见了以前的同事。,Wǒ zài dìtiězhàn pèngjiàn le yǐqián de tóngshì.,در ایستگاه مترو اتفاقی همکار سابقم را دیدم.,
812,匹,pǐ,HSK 5,量,1,用于马、骡子等动物（量）,واحد شمارش برای اسب، قاطر و حیوانات مشابه (واحد شمارش),量,واحد شمارش,一匹马 (yì pǐ mǎ) | 两匹马 (liǎng pǐ mǎ) | 一匹白马 (yì pǐ báimǎ),草原上有几匹马。,Cǎoyuán shàng yǒu jǐ pǐ mǎ.,چند اسب در علفزار هستند.,
812,匹,pǐ,HSK 5,量,2,用于整卷的布或绸缎（量）,واحد شمارش برای طاقهٔ پارچه یا ابریشم (واحد شمارش),量,واحد شمارش,一匹布 (yì pǐ bù) | 两匹绸缎 (liǎng pǐ chóuduàn),商人运来了十匹布。,Shāngrén yùn lái le shí pǐ bù.,بازرگان ده طاقه پارچه آورد.,
813,批,pī,HSK 5,量、动,1,用于成批的人、货物或事物（量）,واحد شمارش برای دسته، گروه یا محموله (واحد شمارش),量,واحد شمارش,一批货物 (yì pī huòwù) | 一批学生 (yì pī xuésheng) | 第一批产品 (dì yī pī chǎnpǐn),公司收到了一批新设备。,Gōngsī shōudào le yì pī xīn shèbèi.,شرکت یک محموله تجهیزات جدید دریافت کرد.,
813,批,pī,HSK 5,量、动,2,指出并责备别人的错误或缺点（口语，动）,انتقاد یا سرزنش کردن (فعل، محاوره‌ای),口语，动,فعل، محاوره‌ای,被老师批了一顿 (bèi lǎoshī pī le yí dùn) | 当面批他 (dāngmiàn pī tā) | 因为迟到挨批 (yīnwèi chídào ái pī),他因为迟到被老师批了一顿。,Tā yīnwèi chídào bèi lǎoshī pī le yí dùn.,معلم او را به‌دلیل دیر رسیدن سرزنش کرد.,
813,批,pī,HSK 5,量、动,3,对文件、申请等作出批准或批示（动）,درخواست یا سندی را بررسی و تأیید کردن (فعل),动,فعل,批文件 (pī wénjiàn) | 批预算 (pī yùsuàn) | 批三天假 (pī sān tiān jià),经理已经批了我的请假申请。,Jīnglǐ yǐjīng pī le wǒ de qǐngjià shēnqǐng.,مدیر درخواست مرخصی مرا تأیید کرده است.,
814,骗,piàn,HSK 5,动,1,用谎话或不正当手段使人相信不真实的事情（动）,فریب دادن؛ گول زدن (فعل),动,فعل,别骗我 (bié piàn wǒ) | 骗了很多人 (piàn le hěn duō rén) | 用假话骗人 (yòng jiǎhuà piàn rén),他用同样的谎话骗了很多人。,Tā yòng tóngyàng de huǎnghuà piàn le hěn duō rén.,او با همان دروغ افراد زیادی را فریب داد.,
814,骗,piàn,HSK 5,动,2,用欺骗手段从别人那里取得钱财、信任等（动）,با فریب پول، اعتماد یا چیز دیگری را به دست آوردن (فعل),动,فعل,骗了他的钱 (piàn le tā de qián) | 骗走大量财物 (piànzǒu dàliàng cáiwù) | 骗到大家的信任 (piàndào dàjiā de xìnrèn),他骗走了那位老人的全部积蓄。,Tā piànzǒu le nà wèi lǎorén de quánbù jīxù.,او تمام پس‌انداز آن سالمند را با فریب از دستش گرفت.,
815,品,pǐn,HSK 5,动,1,仔细辨别食物或饮料的滋味；也指慢慢欣赏、体会（动）,با دقت چشیدن؛ با تأمل لذت بردن و درک کردن (فعل),动,فعل,慢慢品茶 (mànmàn pǐn chá) | 品一品这杯酒 (pǐn yi pǐn zhè bēi jiǔ) | 细细品其中的意思 (xìxì pǐn qízhōng de yìsi),我们一边品茶，一边聊天。,"Wǒmen yìbiān pǐn chá, yìbiān liáotiān.",ما درحالی‌که چای را مزه‌مزه می‌کردیم، گفت‌وگو می‌کردیم.,
816,拼,pīn,HSK 5,动,1,把零散的部分组合、连接在一起（动）,قطعات پراکنده را کنار هم گذاشتن یا سرهم کردن (فعل),动,فعل,拼在一起 (pīn zài yìqǐ) | 拼成一个图案 (pīnchéng yí ge tú’àn) | 把碎片拼起来 (bǎ suìpiàn pīn qǐlai),孩子把这些图片拼在了一起。,Háizi bǎ zhèxiē túpiàn pīn zài le yìqǐ.,کودک این تصاویر را کنار هم قرار داد.,
816,拼,pīn,HSK 5,动,2,按照字母或音节写出、读出一个词（动）,هجی کردن؛ واژه‌ای را با حروف یا هجاهایش بیان کردن (فعل),动,فعل,这个词怎么拼 (zhège cí zěnme pīn) | 拼错名字 (pīncuò míngzi) | 一个字母一个字母地拼 (yí ge zìmǔ yí ge zìmǔ de pīn),你的名字怎么拼？,Nǐ de míngzi zěnme pīn?,نامت چطور هجی می‌شود؟,
816,拼,pīn,HSK 5,动,3,不顾困难或风险，尽最大力量去做某事（口语，动）,با تمام توان تلاش کردن؛ خود را به آب‌وآتش زدن (فعل، محاوره‌ای),口语，动,فعل، محاوره‌ای,拼尽全力 (pīn jìn quánlì) | 再拼一次 (zài pīn yí cì) | 决定拼一把 (juédìng pīn yì bǎ),为了实现目标，他决定拼一把。,"Wèile shíxiàn mùbiāo, tā juédìng pīn yì bǎ.",برای رسیدن به هدف تصمیم گرفت تمام توانش را به کار بگیرد.,
817,平,píng,HSK 5,形、动,1,表面没有明显的高低、凹凸或倾斜（形）,صاف؛ هموار و بدون پستی‌وبلندی یا شیب (صفت),形,صفت,地面很平 (dìmiàn hěn píng) | 路修得很平 (lù xiū de hěn píng) | 又宽又平 (yòu kuān yòu píng),这条路很平。,Zhè tiáo lù hěn píng.,این جاده بسیار هموار است.,
817,平,píng,HSK 5,形、动,2,使不平的地面或物体变得平整（动）,سطح یا زمینی را صاف و هموار کردن (فعل),动,فعل,把这块地平一下 (bǎ zhè kuài dì píng yíxià) | 用机器平地 (yòng jīqì píng dì) | 先平院子里的地 (xiān píng yuànzi lǐ de dì),工人用机器把这块地平了。,Gōngrén yòng jīqì bǎ zhè kuài dì píng le.,کارگران این زمین را با دستگاه صاف کردند.,
817,平,píng,HSK 5,形、动,3,双方成绩、数量或水平相同，没有分出高低或胜负（形/动）,برابر یا مساوی بودن؛ بدون برنده و بازنده ماندن (صفت/فعل),形/动,صفت/فعل,比分打平 (bǐfēn dǎ píng) | 两队战平 (liǎng duì zhànpíng) | 销量与去年持平 (xiāoliàng yǔ qùnián chípíng),比赛结束时，双方比分打平了。,"Bǐsài jiéshù shí, shuāngfāng bǐfēn dǎ píng le.",در پایان مسابقه، امتیاز دو طرف مساوی شد.,
818,评,píng,HSK 5,动,1,评论、判断或说明人或事物的优劣、价值等（动）,نظر دادن؛ ارزیابی و داوری کردن (فعل),动,فعل,让大家评一评 (ràng dàjiā píng yi píng) | 评得很公正 (píng de hěn gōngzhèng) | 评作品的优缺点 (píng zuòpǐn de yōuquēdiǎn),这件事谁对谁错，让大家评一评。,"Zhè jiàn shì shéi duì shéi cuò, ràng dàjiā píng yi píng.",بگذارید همه داوری کنند که در این ماجرا حق با چه کسی است.,
818,评,píng,HSK 5,动,2,通过评定选出等级、成绩、称号或人选（动）,با ارزیابی نمره، رتبه، عنوان یا فردی را تعیین کردن (فعل),动,فعل,被评为优秀员工 (bèi píng wéi yōuxiù yuángōng) | 评职称 (píng zhíchēng) | 给作文评九十分 (gěi zuòwén píng jiǔshí fēn),她连续三年被评为优秀员工。,Tā liánxù sān nián bèi píng wéi yōuxiù yuángōng.,او سه سال پیاپی به‌عنوان کارمند برتر انتخاب شد.,
819,凭,píng,HSK 5,介,1,根据或依靠某种条件、证据、能力等（介）,بر اساس؛ با تکیه بر یا با ارائهٔ چیزی (حرف اضافه),介,حرف اضافه,凭经验判断 (píng jīngyàn pànduàn) | 凭能力获得机会 (píng nénglì huòdé jīhuì) | 凭身份证领取 (píng shēnfènzhèng lǐngqǔ),请凭身份证领取证件。,Qǐng píng shēnfènzhèng lǐngqǔ zhèngjiàn.,لطفاً با ارائهٔ کارت شناسایی، مدرک را تحویل بگیرید.,
819,凭,píng,HSK 5,介,2,用在疑问句中，表示根据什么或为什么（介）,بر چه اساسی؛ به چه دلیل (حرف اضافه),介,حرف اضافه,凭什么相信他 (píng shénme xiāngxìn tā) | 凭什么这样说 (píng shénme zhèyàng shuō) | 你凭什么不同意 (nǐ píng shénme bù tóngyì),你凭什么说这是我的错？,Nǐ píng shénme shuō zhè shì wǒ de cuò?,بر چه اساسی می‌گویی این تقصیر من است؟,
820,平安,píng’ān,HSK 5,形、名,1,没有发生事故或危险；安全无事（形）,سالم و امن؛ دور از خطر و حادثه (صفت),形,صفت,平安到达 (píng’ān dàodá) | 平安回家 (píng’ān huí jiā) | 一路平安 (yílù píng’ān),他们已经平安到达北京。,Tāmen yǐjīng píng’ān dàodá Běijīng.,آن‌ها سالم و بی‌خطر به پکن رسیده‌اند.,
820,平安,píng’ān,HSK 5,形、名,2,安全、健康而没有事故的状态（名）,سلامتی و امنیت؛ در امان بودن از خطر (اسم),名,اسم,向家人报平安 (xiàng jiārén bào píng’ān) | 祈求平安 (qíqiú píng’ān) | 保佑全家平安 (bǎoyòu quánjiā píng’ān),到了以后记得给家里报个平安。,Dào le yǐhòu jìde gěi jiālǐ bào ge píng’ān.,وقتی رسیدی، یادت باشد به خانواده خبر بدهی که سالم رسیده‌ای.,
821,平衡,pínghéng,HSK 5,动、名、形,1,使相对的各方面在数量、力量或利益等方面保持协调（动）,متعادل کردن؛ میان چند عامل توازن برقرار کردن (فعل),动,فعل,平衡工作和生活 (pínghéng gōngzuò hé shēnghuó) | 平衡各方利益 (pínghéng gèfāng lìyì) | 平衡收支 (pínghéng shōuzhī),我们需要平衡工作和生活。,Wǒmen xūyào pínghéng gōngzuò hé shēnghuó.,ما باید میان کار و زندگی تعادل برقرار کنیم.,
821,平衡,pínghéng,HSK 5,动、名、形,2,相对的各方面相等、相抵或保持稳定的状态（名）,تعادل؛ توازن و حالت پایدار میان چند عامل (اسم),名,اسم,保持平衡 (bǎochí pínghéng) | 失去平衡 (shīqù pínghéng) | 生态平衡 (shēngtài pínghéng),他失去了平衡，差点儿摔倒。,"Tā shīqù le pínghéng, chàdiǎnr shuāidǎo.",او تعادلش را از دست داد و نزدیک بود زمین بخورد.,
821,平衡,pínghéng,HSK 5,动、名、形,3,各方面协调、均衡，没有明显失调（形）,متعادل؛ هماهنگ و بدون نابرابری محسوس (صفت),形,صفت,发展比较平衡 (fāzhǎn bǐjiào pínghéng) | 营养平衡 (yíngyǎng pínghéng) | 收支平衡 (shōuzhī pínghéng),这个地区各行业的发展不太平衡。,Zhège dìqū gè hángyè de fāzhǎn bú tài pínghéng.,رشد صنایع مختلف این منطقه چندان متعادل نیست.,
822,评价,píngjià,HSK 5,动、名,1,衡量并判断人或事物的水平、价值、表现或优缺点（动）,ارزیابی کردن؛ ارزش، سطح یا عملکرد کسی یا چیزی را سنجیدن (فعل),动,فعل,客观评价表现 (kèguān píngjià biǎoxiàn) | 评价一部作品 (píngjià yí bù zuòpǐn) | 很难评价好坏 (hěn nán píngjià hǎohuài),专家客观地评价了这项研究的价值。,Zhuānjiā kèguān de píngjià le zhè xiàng yánjiū de jiàzhí.,کارشناس ارزش این پژوهش را به‌طور عینی ارزیابی کرد.,
822,评价,píngjià,HSK 5,动、名,2,对人或事物作出的判断、意见或评语（名）,ارزیابی؛ نظر یا قضاوت دربارهٔ کسی یا چیزی (اسم),名,اسم,得到很高的评价 (dédào hěn gāo de píngjià) | 用户评价 (yònghù píngjià) | 作出客观评价 (zuòchū kèguān píngjià),这家餐厅得到了顾客很高的评价。,Zhè jiā cāntīng dédào le gùkè hěn gāo de píngjià.,این رستوران ارزیابی بسیار مثبتی از مشتریان دریافت کرده است.,
823,凭借,píngjiè,HSK 5,介、动,1,依靠某种条件、能力、优势或事物达到目的（介/动）,با تکیه بر؛ به‌واسطهٔ توانایی، شرایط یا مزیتی (حرف اضافه/فعل),介/动,حرف اضافه/فعل,凭借经验解决问题 (píngjiè jīngyàn jiějué wèntí) | 凭借实力获胜 (píngjiè shílì huòshèng) | 凭借自身优势 (píngjiè zìshēn yōushì),他凭借丰富的经验获得了这份工作。,Tā píngjiè fēngfù de jīngyàn huòdé le zhè fèn gōngzuò.,او با تکیه بر تجربهٔ فراوانش این شغل را به دست آورد.,
824,平静,píngjìng,HSK 5,形,1,环境、局面或水面等安静，没有动荡或明显变化（形）,آرام؛ بی‌تلاطم یا بدون آشفتگی (صفت),形,صفت,生活很平静 (shēnghuó hěn píngjìng) | 平静的海面 (píngjìng de hǎimiàn) | 局势恢复平静 (júshì huīfù píngjìng),暴风雨过后，海面恢复了平静。,"Bàofēngyǔ guòhòu, hǎimiàn huīfù le píngjìng.",پس از طوفان، سطح دریا دوباره آرام شد.,
824,平静,píngjìng,HSK 5,形,2,心情安定，没有激动、紧张或不安（形）,آرام و خونسرد؛ بدون اضطراب یا هیجان (صفت),形,صفت,心情平静 (xīnqíng píngjìng) | 保持平静 (bǎochí píngjìng) | 渐渐平静下来 (jiànjiàn píngjìng xiàlai),听到这个消息后，她仍然很平静。,"Tīngdào zhège xiāoxi hòu, tā réngrán hěn píngjìng.",پس از شنیدن این خبر، او همچنان آرام بود.,
825,平均,píngjūn,HSK 5,动、形、副,1,把几个数的总和按数量计算出平均值（动）,میانگین گرفتن؛ مقدار متوسط چند عدد را محاسبه کردن (فعل),动,فعل,把成绩平均一下 (bǎ chéngjì píngjūn yíxià) | 平均这几个月的收入 (píngjūn zhè jǐ ge yuè de shōurù),请把这五次考试的成绩平均一下。,Qǐng bǎ zhè wǔ cì kǎoshì de chéngjì píngjūn yíxià.,لطفاً میانگین نمره‌های این پنج آزمون را حساب کنید.,
825,平均,píngjūn,HSK 5,动、形、副,2,由总数除以份数所得的；处于一般水平的（形）,میانگین؛ متوسط (صفت),形,صفت,平均水平 (píngjūn shuǐpíng) | 平均成绩 (píngjūn chéngjì) | 年平均温度 (nián píngjūn wēndù),这里的年平均温度是二十度。,Zhèlǐ de nián píngjūn wēndù shì èrshí dù.,میانگین دمای سالانهٔ اینجا بیست درجه است.,
825,平均,píngjūn,HSK 5,动、形、副,3,按照平均数或均匀的方式（副）,به‌طور متوسط یا مساوی (قید),副,قید,平均每天工作八小时 (píngjūn měitiān gōngzuò bā xiǎoshí) | 平均分给五个人 (píngjūn fēn gěi wǔ ge rén) | 平均每人两本 (píngjūn měi rén liǎng běn),我平均每天学习两个小时。,Wǒ píngjūn měitiān xuéxí liǎng ge xiǎoshí.,من به‌طور متوسط روزانه دو ساعت مطالعه می‌کنم.,
826,屏幕,píngmù,HSK 5,名,1,电子设备上显示文字、图像等信息的部分（名）,صفحه‌نمایش؛ بخش نمایش‌دهندهٔ متن و تصویر در دستگاه الکترونیکی (اسم),名,اسم,电脑屏幕 (diànnǎo píngmù) | 手机屏幕 (shǒujī píngmù) | 擦拭屏幕 (cāshì píngmù),请不要长时间盯着电脑屏幕。,Qǐng bú yào cháng shíjiān dīngzhe diànnǎo píngmù.,لطفاً مدت زیادی به صفحه‌نمایش رایانه خیره نشوید.,
827,平台,píngtái,HSK 5,名,1,供人活动、操作或工作使用的高出地面的平面设施（名）,سکو؛ سطح مرتفع برای فعالیت یا کار (اسم),名,اسم,工作平台 (gōngzuò píngtái) | 操作平台 (cāozuò píngtái) | 站在平台上 (zhàn zài píngtái shàng),工人站在平台上工作。,Gōngrén zhàn zài píngtái shàng gōngzuò.,کارگر روی سکو مشغول کار است.,
827,平台,píngtái,HSK 5,名,2,为交流、交易、服务或开展活动提供条件的系统或渠道（名）,پلتفرم؛ بستر یا سامانه‌ای برای ارتباط، معامله یا خدمات (اسم),名,اسم,网络平台 (wǎngluò píngtái) | 电商平台 (diànshāng píngtái) | 在线服务平台 (zàixiàn fúwù píngtái),这家公司建立了一个新的电商平台。,Zhè jiā gōngsī jiànlì le yí ge xīn de diànshāng píngtái.,این شرکت یک پلتفرم جدید تجارت الکترونیکی ایجاد کرده است.,
828,品牌,pǐnpái,HSK 5,名,1,用于区别不同生产者或经营者的产品、服务的名称、标志及其整体形象（名）,برند؛ نام، نشان و هویت تجاری محصول یا خدمات (اسم),名,اسم,知名品牌 (zhīmíng pǐnpái) | 国际品牌 (guójì pǐnpái) | 建立品牌形象 (jiànlì pǐnpái xíngxiàng),这个品牌在中国很受欢迎。,Zhège pǐnpái zài Zhōngguó hěn shòu huānyíng.,این برند در چین بسیار محبوب است.,
829,聘请,pìnqǐng,HSK 5,动,1,正式邀请并聘用某人担任工作或职务（较正式，动）,به‌طور رسمی استخدام یا برای پذیرفتن سمتی دعوت کردن (فعل، رسمی‌تر),较正式，动,فعل، رسمی‌تر,聘请专家 (pìnqǐng zhuānjiā) | 聘请律师 (pìnqǐng lǜshī) | 聘请他担任顾问 (pìnqǐng tā dānrèn gùwèn),公司聘请了一位法律顾问。,Gōngsī pìnqǐng le yí wèi fǎlǜ gùwèn.,شرکت یک مشاور حقوقی استخدام کرد.,
830,拼音,pīnyīn,HSK 5,名,1,用拉丁字母标注现代汉语普通话读音的系统（名）,پین‌یین؛ نظام آوانویسی چینی معیار با حروف لاتین (اسم),名,اسم,汉语拼音 (Hànyǔ Pīnyīn) | 拼音字母 (pīnyīn zìmǔ) | 掌握拼音 (zhǎngwò pīnyīn),学习汉语首先要掌握拼音。,Xuéxí Hànyǔ shǒuxiān yào zhǎngwò pīnyīn.,برای یادگیری زبان چینی ابتدا باید پین‌یین را یاد گرفت.,
831,品质,pǐnzhì,HSK 5,名,1,物品或产品的质量和性能（名）,کیفیت؛ سطح کیفی و عملکرد یک کالا یا محصول (اسم),名,اسم,产品品质 (chǎnpǐn pǐnzhì) | 保证品质 (bǎozhèng pǐnzhì) | 提高产品品质 (tígāo chǎnpǐn pǐnzhì),这家公司非常重视产品品质。,Zhè jiā gōngsī fēicháng zhòngshì chǎnpǐn pǐnzhì.,این شرکت به کیفیت محصولات اهمیت زیادی می‌دهد.,
831,品质,pǐnzhì,HSK 5,名,2,人在思想、行为和道德方面表现出的特点（名）,خصلت؛ ویژگی اخلاقی و رفتاری فرد (اسم),名,اسم,优秀品质 (yōuxiù pǐnzhì) | 高尚的品质 (gāoshàng de pǐnzhì) | 宝贵的品质 (bǎoguì de pǐnzhì),诚实是一种宝贵的品质。,Chéngshí shì yì zhǒng bǎoguì de pǐnzhì.,صداقت خصلتی ارزشمند است.,
832,品种,pǐnzhǒng,HSK 5,名,1,具有共同特征的生物种类，也指商品或产品的具体种类（名）,گونه؛ نژاد یا نوع مشخصی از گیاه، حیوان یا محصول (اسم),名,اسم,水果品种 (shuǐguǒ pǐnzhǒng) | 培育新品种 (péiyù xīn pǐnzhǒng) | 品种丰富 (pǐnzhǒng fēngfù),这里有很多不同品种的水果。,Zhèlǐ yǒu hěn duō bùtóng pǐnzhǒng de shuǐguǒ.,اینجا گونه‌های مختلفی از میوه وجود دارد.,
833,批准,pīzhǔn,HSK 5,动,1,上级机关或有权人员正式同意某项请求、计划或行动（动）,تصویب کردن؛ با درخواست، طرح یا اقدامی رسماً موافقت کردن (فعل),动,فعل,批准申请 (pīzhǔn shēnqǐng) | 正式批准项目 (zhèngshì pīzhǔn xiàngmù) | 等待批准 (děngdài pīzhǔn),政府已经批准了这个项目。,Zhèngfǔ yǐjīng pīzhǔn le zhège xiàngmù.,دولت این پروژه را تصویب کرده است.,
834,破坏,pòhuài,HSK 5,动,1,使物体、环境或设施受到损害、毁坏（动）,آسیب زدن؛ خراب یا تخریب کردن (فعل),动,فعل,破坏环境 (pòhuài huánjìng) | 破坏公共设施 (pòhuài gōnggòng shèshī) | 遭到严重破坏 (zāodào yánzhòng pòhuài),战争严重破坏了当地的基础设施。,Zhànzhēng yánzhòng pòhuài le dāngdì de jīchǔ shèshī.,جنگ به زیرساخت‌های محلی آسیب شدیدی وارد کرد.,
834,破坏,pòhuài,HSK 5,动,2,使制度、关系、秩序、和平等受到损害或失去正常状态（动）,برهم زدن؛ به نظم، رابطه، نظام یا صلح آسیب رساندن (فعل),动,فعل,破坏秩序 (pòhuài zhìxù) | 破坏合作关系 (pòhuài hézuò guānxì) | 破坏和平 (pòhuài hépíng),这种行为会破坏双方的合作关系。,Zhè zhǒng xíngwéi huì pòhuài shuāngfāng de hézuò guānxì.,این رفتار به روابط همکاری دو طرف آسیب می‌زند.,
835,普及,pǔjí,HSK 5,动、形,1,使知识、教育、技术等广泛传播并被大众掌握、使用（动）,همگانی و فراگیر کردن دانش، آموزش یا فناوری (فعل),动,فعل,普及教育 (pǔjí jiàoyù) | 普及安全知识 (pǔjí ānquán zhīshi) | 普及新技术 (pǔjí xīn jìshù),政府正在普及网络安全知识。,Zhèngfǔ zhèngzài pǔjí wǎngluò ānquán zhīshi.,دولت در حال همگانی کردن دانش امنیت اینترنتی است.,
835,普及,pǔjí,HSK 5,动、形,2,广泛存在并被大众掌握或使用（形）,رایج؛ فراگیر و مورد استفادهٔ عموم (صفت),形,صفت,已经非常普及 (yǐjīng fēicháng pǔjí) | 越来越普及 (yuèláiyuè pǔjí) | 在城市中十分普及 (zài chéngshì zhōng shífēn pǔjí),智能手机现在已经非常普及。,Zhìnéng shǒujī xiànzài yǐjīng fēicháng pǔjí.,گوشی‌های هوشمند اکنون بسیار فراگیر شده‌اند.,
836,齐,qí,HSK 5,形,1,排列整齐；高度、边缘或方向等一致（形）,مرتب؛ هم‌ردیف یا هم‌سطح (صفت),形,صفت,排得很齐 (pái de hěn qí) | 摆得很齐 (bǎi de hěn qí) | 长短不齐 (chángduǎn bù qí),这些桌子摆得很齐。,Zhèxiē zhuōzi bǎi de hěn qí.,این میزها بسیار مرتب چیده شده‌اند.,
836,齐,qí,HSK 5,形,2,应有的人或东西全都具备、到达或准备好（形）,کامل؛ حاضر یا فراهم بودن همهٔ افراد و چیزهای لازم (صفت),形,صفت,人都到齐了 (rén dōu dào qí le) | 东西准备齐了 (dōngxi zhǔnbèi qí le) | 材料还没齐 (cáiliào hái méi qí),参加会议的人都到齐了。,Cānjiā huìyì de rén dōu dào qí le.,همهٔ شرکت‌کنندگان جلسه حاضر شده‌اند.,
837,其,qí,HSK 5,代,1,表示他、她、它或他们的，多用于书面语并放在名词前（代）,او، آن یا آن‌ها؛ بیشتر برای بیان مالکیت در زبان نوشتاری (ضمیر),代,ضمیر,其原因 (qí yuányīn) | 其主要特点 (qí zhǔyào tèdiǎn) | 了解其影响 (liǎojiě qí yǐngxiǎng),这家公司及其产品都很有名。,Zhè jiā gōngsī jí qí chǎnpǐn dōu hěn yǒumíng.,این شرکت و محصولاتش هر دو بسیار معروف‌اند.,
838,欠,qiàn,HSK 5,动,1,应该归还给别人的钱或物品还没有归还（动）,بدهکار بودن؛ پول یا وسیله‌ای را هنوز پس نداده بودن (فعل),动,فعل,欠他一笔钱 (qiàn tā yì bǐ qián) | 欠银行的钱 (qiàn yínháng de qián) | 还欠一千元 (hái qiàn yìqiān yuán),我还欠他一千块钱。,Wǒ hái qiàn tā yìqiān kuài qián.,من هنوز هزار یوان به او بدهکارم.,
838,欠,qiàn,HSK 5,动,2,应该给予别人的人情、解释、道歉等还没有给予（动）,مدیون لطف کسی بودن؛ توضیح، عذرخواهی یا حقی را به کسی بدهکار بودن (فعل),动,فعل,欠你一个解释 (qiàn nǐ yí ge jiěshì) | 欠他一个道歉 (qiàn tā yí ge dàoqiàn) | 欠朋友一个人情 (qiàn péngyou yí ge rénqíng),这件事我还欠你一个解释。,Zhè jiàn shì wǒ hái qiàn nǐ yí ge jiěshì.,دربارهٔ این موضوع هنوز یک توضیح به تو بدهکارم.,
838,欠,qiàn,HSK 5,动,3,在某方面缺少、不足或不够（较正式，动）,در زمینه‌ای کمبود داشتن؛ کافی نبودن (فعل، رسمی‌تر),较正式，动,فعل، رسمی‌تر,欠考虑 (qiàn kǎolǜ) | 欠成熟 (qiàn chéngshú) | 经验尚欠丰富 (jīngyàn shàng qiàn fēngfù),这个计划还欠考虑。,Zhège jìhuà hái qiàn kǎolǜ.,این طرح هنوز به بررسی بیشتری نیاز دارد.,
839,浅,qiǎn,HSK 5,形,1,从表面到底部的距离小，与“深”相对（形）,کم‌عمق؛ کم‌ژرفا (صفت),形,صفت,水很浅 (shuǐ hěn qiǎn) | 河水太浅 (héshuǐ tài qiǎn) | 一条很浅的小河 (yì tiáo hěn qiǎn de xiǎohé),这条河很浅，可以走过去。,"Zhè tiáo hé hěn qiǎn, kěyǐ zǒu guòqu.",این رودخانه کم‌عمق است و می‌توان از آن عبور کرد.,
839,浅,qiǎn,HSK 5,形,2,颜色淡，不深（形）,روشن؛ کم‌رنگ (صفت),形,صفت,浅蓝色 (qiǎn lánsè) | 浅绿色 (qiǎn lǜsè) | 穿浅颜色的衣服 (chuān qiǎn yánsè de yīfu),我喜欢穿浅颜色的衣服。,Wǒ xǐhuan chuān qiǎn yánsè de yīfu.,من دوست دارم لباس‌هایی با رنگ روشن بپوشم.,
839,浅,qiǎn,HSK 5,形,3,程度不深；知识、认识、感情等不够深入（形）,سطحی یا اندک؛ نه‌چندان عمیق دربارهٔ شناخت، تجربه یا احساس (صفت),形,صفت,认识很浅 (rènshi hěn qiǎn) | 经验尚浅 (jīngyàn shàng qiǎn) | 对他的印象很浅 (duì tā de yìnxiàng hěn qiǎn),我对这个问题的认识还很浅。,Wǒ duì zhège wèntí de rènshi hái hěn qiǎn.,شناخت من از این مسئله هنوز سطحی است.,
840,签,qiān,HSK 5,动,1,在文件、单据等上写上姓名，表示同意、确认或承担责任（动）,امضا کردن؛ نام خود را برای تأیید یا قبول مسئولیت نوشتن (فعل),动,فعل,签合同 (qiān hétong) | 在文件上签字 (zài wénjiàn shàng qiān zì) | 签个名字 (qiān ge míngzi),请在这份文件上签一下。,Qǐng zài zhè fèn wénjiàn shàng qiān yíxià.,لطفاً این سند را امضا کنید.,
841,签订,qiāndìng,HSK 5,动,1,双方或多方正式在合同、协议、条约等文件上签字并使其成立（动）,قرارداد، توافق‌نامه یا پیمانی را رسماً امضا و منعقد کردن (فعل),动,فعل,签订合同 (qiāndìng hétong) | 签订合作协议 (qiāndìng hézuò xiéyì) | 正式签订条约 (zhèngshì qiāndìng tiáoyuē),双方正式签订了合作协议。,Shuāngfāng zhèngshì qiāndìng le hézuò xiéyì.,دو طرف رسماً توافق‌نامهٔ همکاری را امضا کردند.,
842,墙,qiáng,HSK 5,名,1,用砖、石、土等筑成，起分隔、围护或承重作用的建筑部分（名）,دیوار؛ سازه‌ای برای جداسازی، محصور کردن یا تحمل بار (اسم),名,اسم,一面墙 (yí miàn qiáng) | 一堵高墙 (yì dǔ gāo qiáng) | 墙上挂着地图 (qiáng shàng guàzhe dìtú),墙上挂着一张地图。,Qiáng shàng guàzhe yì zhāng dìtú.,یک نقشه روی دیوار آویزان است.,
843,抢,qiǎng,HSK 5,动,1,用强力突然夺走别人的东西（动）,قاپیدن؛ به‌زور از کسی گرفتن یا ربودن (فعل),动,فعل,抢别人的东西 (qiǎng biérén de dōngxi) | 抢走手机 (qiǎngzǒu shǒujī) | 钱包被抢了 (qiánbāo bèi qiǎng le),一个小偷抢走了他的手机。,Yí ge xiǎotōu qiǎngzǒu le tā de shǒujī.,دزدی تلفن همراهش را قاپید و برد.,
843,抢,qiǎng,HSK 5,动,2,争先获得机会、时间、位置或物品；赶在别人前面做某事（动）,برای به‌دست آوردن چیزی رقابت یا پیش‌دستی کردن (فعل),动,فعل,抢时间完成任务 (qiǎng shíjiān wánchéng rènwu) | 抢座位 (qiǎng zuòwèi) | 抢着买票 (qiǎngzhe mǎi piào),大家都在抢着买票。,Dàjiā dōu zài qiǎngzhe mǎi piào.,همه برای خرید بلیت از یکدیگر پیشی می‌گرفتند.,
844,强大,qiángdà,HSK 5,形、动,1,力量、实力或功能等非常强（形）,قدرتمند؛ نیرومند یا دارای توان زیاد (صفت),形,صفت,实力强大 (shílì qiángdà) | 强大的国家 (qiángdà de guójiā) | 功能强大 (gōngnéng qiángdà),这个国家拥有强大的经济实力。,Zhège guójiā yōngyǒu qiángdà de jīngjì shílì.,این کشور از قدرت اقتصادی بالایی برخوردار است.,
844,强大,qiángdà,HSK 5,形、动,2,使自己或某个组织的实力增强，多用于“强大自己”等表达（动）,خود یا مجموعه‌ای را قدرتمندتر کردن (فعل),动,فعل,不断强大自己 (búduàn qiángdà zìjǐ) | 努力强大自身 (nǔlì qiángdà zìshēn) | 让团队强大起来 (ràng tuánduì qiángdà qǐlai),我们必须不断学习，强大自己。,"Wǒmen bìxū búduàn xuéxí, qiángdà zìjǐ.",باید پیوسته یاد بگیریم و خودمان را قدرتمندتر کنیم.,
845,强调,qiángdiào,HSK 5,动,1,特别着重地提出某事，使其重要性更加突出（动）,تأکید کردن؛ اهمیت موضوعی را برجسته کردن (فعل),动,فعل,强调重要性 (qiángdiào zhòngyàoxìng) | 反复强调安全问题 (fǎnfù qiángdiào ānquán wèntí) | 特别强调一点 (tèbié qiángdiào yìdiǎn),老师强调了安全的重要性。,Lǎoshī qiángdiào le ānquán de zhòngyàoxìng.,معلم بر اهمیت ایمنی تأکید کرد.,
846,强度,qiángdù,HSK 5,名,1,工作、运动、光线、声音或作用力等的强弱程度（名）,شدت؛ میزان قدرت کار، ورزش، نور، صدا یا نیرو (اسم),名,اسم,工作强度 (gōngzuò qiángdù) | 训练强度 (xùnliàn qiángdù) | 降低劳动强度 (jiàngdī láodòng qiángdù),最近的工作强度很大。,Zuìjìn de gōngzuò qiángdù hěn dà.,شدت کار در این اواخر زیاد است.,
846,强度,qiángdù,HSK 5,名,2,材料抵抗外力破坏的能力（技术，名）,استحکام؛ مقاومت ماده در برابر نیروی خارجی (اسم، فنی),技术，名,اسم، فنی,材料强度 (cáiliào qiángdù) | 抗压强度 (kàngyā qiángdù) | 提高材料强度 (tígāo cáiliào qiángdù),这种材料的强度很高。,Zhè zhǒng cáiliào de qiángdù hěn gāo.,استحکام این ماده بسیار بالاست.,
847,抢救,qiǎngjiù,HSK 5,动,1,在紧急情况下迅速采取措施挽救生命、财产或重要资料（动）,در شرایط اضطراری برای نجات جان، اموال یا اطلاعات اقدام کردن (فعل),动,فعل,抢救病人 (qiǎngjiù bìngrén) | 紧急抢救伤员 (jǐnjí qiǎngjiù shāngyuán) | 抢救重要资料 (qiǎngjiù zhòngyào zīliào),医生正在抢救一名重伤患者。,Yīshēng zhèngzài qiǎngjiù yì míng zhòngshāng huànzhě.,پزشکان در حال نجات بیماری با جراحات شدید هستند.,
848,强烈,qiángliè,HSK 5,形,1,力量或程度很强，可形容反应、光线、感情、愿望、态度等（形）,شدید؛ قوی و پررنگ (صفت),形,صفت,强烈反应 (qiángliè fǎnyìng) | 阳光强烈 (yángguāng qiángliè) | 强烈反对 (qiángliè fǎnduì),这种药可能会引起强烈反应。,Zhè zhǒng yào kěnéng huì yǐnqǐ qiángliè fǎnyìng.,این دارو ممکن است واکنش شدیدی ایجاد کند.,
849,前进,qiánjìn,HSK 5,动,1,向前移动；也指事物向更好的方向发展（动）,به جلو حرکت کردن؛ پیش رفتن یا پیشرفت کردن (فعل),动,فعل,继续前进 (jìxù qiánjìn) | 朝目标前进 (cháo mùbiāo qiánjìn) | 前进的方向 (qiánjìn de fāngxiàng),队伍沿着这条路继续前进。,Duìwu yánzhe zhè tiáo lù jìxù qiánjìn.,گروه در امتداد این مسیر به حرکت رو به جلو ادامه داد.,
850,前来,qiánlái,HSK 5,动,1,从别处到说话人所在或所指的地方来（较正式，动）,از جایی دیگر به محل موردنظر آمدن (فعل، رسمی‌تر),较正式，动,فعل، رسمی‌تر,前来参加会议 (qiánlái cānjiā huìyì) | 前来参观 (qiánlái cānguān) | 前来咨询问题 (qiánlái zīxún wèntí),许多游客前来参观这个博物馆。,Xǔduō yóukè qiánlái cānguān zhège bówùguǎn.,گردشگران زیادی برای بازدید از این موزه آمدند.,
851,签名,qiānmíng,HSK 5,动、名,1,写上自己的姓名，表示确认、负责或留作纪念（动）,امضا کردن؛ نام خود را برای تأیید یا یادگاری نوشتن (فعل),动,فعل,签名确认 (qiānmíng quèrèn) | 请在这里签名 (qǐng zài zhèlǐ qiānmíng) | 给读者签名 (gěi dúzhě qiānmíng),请在这里签名。,Qǐng zài zhèlǐ qiānmíng.,لطفاً اینجا امضا کنید.,
851,签名,qiānmíng,HSK 5,动、名,2,本人亲手写下的姓名；也指名人留给别人的亲笔姓名（名）,امضا؛ نامی که شخص با دست خود نوشته است (اسم),名,اسم,亲笔签名 (qīnbǐ qiānmíng) | 作家的签名 (zuòjiā de qiānmíng) | 得到明星的签名 (dédào míngxīng de qiānmíng),我得到了这位作家的亲笔签名。,Wǒ dédào le zhè wèi zuòjiā de qīnbǐ qiānmíng.,من امضای دست‌نویس این نویسنده را گرفتم.,
852,前途,qiántú,HSK 5,名,1,将来的发展道路、成就或前景（名）,آینده؛ چشم‌انداز و مسیر پیشرفت (اسم),名,اسم,前途光明 (qiántú guāngmíng) | 很有前途 (hěn yǒu qiántú) | 没有发展前途 (méiyǒu fāzhǎn qiántú),这个行业很有发展前途。,Zhège hángyè hěn yǒu fāzhǎn qiántú.,این صنعت چشم‌انداز پیشرفت خوبی دارد.,
853,前往,qiánwǎng,HSK 5,动,1,到某个地方去（较正式，动）,عازم شدن؛ به مکانی رفتن (فعل، رسمی‌تر),较正式，动,فعل، رسمی‌تر,前往北京 (qiánwǎng Běijīng) | 前往机场 (qiánwǎng jīchǎng) | 立即前往目的地 (lìjí qiánwǎng mùdìdì),代表团明天将前往北京。,Dàibiǎotuán míngtiān jiāng qiánwǎng Běijīng.,هیئت نمایندگی فردا عازم پکن خواهد شد.,
854,签字,qiānzì,HSK 5,动,1,在文件、单据等上写上姓名，表示同意、确认或负责（动）,برای تأیید یا قبول مسئولیت، سندی را امضا کردن (فعل),动,فعل,签字确认 (qiānzì quèrèn) | 在合同上签字 (zài hétong shàng qiānzì) | 签字同意 (qiānzì tóngyì),请在合同最后一页签字。,Qǐng zài hétong zuìhòu yí yè qiānzì.,لطفاً صفحهٔ آخر قرارداد را امضا کنید.,
855,悄悄,qiāoqiāo,HSK 5,副,1,没有声音或声音很低地；不让别人知道或注意地（副）,بی‌سروصدا؛ یواشکی و بدون جلب توجه (قید),副,قید,悄悄离开 (qiāoqiāo líkāi) | 悄悄告诉他 (qiāoqiāo gàosu tā) | 悄悄走进房间 (qiāoqiāo zǒujìn fángjiān),他悄悄地离开了房间。,Tā qiāoqiāo de líkāi le fángjiān.,او بی‌سروصدا از اتاق خارج شد.,
856,期待,qīdài,HSK 5,动、名,1,对未来的事情或结果抱有希望并等待（动）,مشتاق و امیدوار وقوع چیزی بودن؛ انتظار کشیدن (فعل),动,فعل,期待未来 (qīdài wèilái) | 期待再次见面 (qīdài zàicì jiànmiàn) | 期待好消息 (qīdài hǎo xiāoxi),我很期待再次见到你。,Wǒ hěn qīdài zàicì jiàndào nǐ.,خیلی مشتاقم دوباره تو را ببینم.,
856,期待,qīdài,HSK 5,动、名,2,对未来事情或结果所抱有的希望（名）,انتظار امیدوارانه؛ اشتیاق به آینده (اسم),名,اسم,充满期待 (chōngmǎn qīdài) | 满怀期待 (mǎnhuái qīdài) | 对未来的期待 (duì wèilái de qīdài),孩子们对这次旅行充满期待。,Háizimen duì zhè cì lǚxíng chōngmǎn qīdài.,بچه‌ها برای این سفر بسیار هیجان‌زده و مشتاق‌اند.,
857,切,qiē,HSK 5,动,1,用刀等工具把物体分开、割开或切成若干部分（动）,بریدن؛ با چاقو یا ابزار مشابه قطعه‌قطعه کردن (فعل),动,فعل,切菜 (qiē cài) | 切水果 (qiē shuǐguǒ) | 切成小块 (qiē chéng xiǎokuài),请把苹果切成小块。,Qǐng bǎ píngguǒ qiē chéng xiǎokuài.,لطفاً سیب را به قطعات کوچک ببرید.,
858,奇迹,qíjì,HSK 5,名,1,极难做到或极少发生却最终实现、发生的非凡事情（名）,معجزه؛ رویداد یا دستاوردی خارق‌العاده و بسیار نادر (اسم),名,اسم,创造奇迹 (chuàngzào qíjì) | 奇迹发生了 (qíjì fāshēng le) | 医学奇迹 (yīxué qíjì),大家都认为这是一个奇迹。,Dàjiā dōu rènwéi zhè shì yí ge qíjì.,همه معتقدند این یک معجزه است.,
859,期间,qījiān,HSK 5,名,1,某一段时间以内；在某件事情进行的时间里（名）,دوره؛ در طول بازهٔ زمانی مشخصی (اسم),名,اسم,会议期间 (huìyì qījiān) | 工作期间 (gōngzuò qījiān) | 春节期间 (Chūnjié qījiān),会议期间请关闭手机。,Huìyì qījiān qǐng guānbì shǒujī.,لطفاً در طول جلسه تلفن همراه خود را خاموش کنید.,
860,亲,qīn,HSK 5,形、动、名,1,有直接血缘关系的；同父母所生的（形）,تنی؛ دارای رابطهٔ خونی مستقیم (صفت),形,صفت,亲兄弟 (qīn xiōngdì) | 亲姐妹 (qīn jiěmèi) | 亲姐姐 (qīn jiějie),他们是亲兄弟。,Tāmen shì qīn xiōngdì.,آن‌ها برادران تنی هستند.,
860,亲,qīn,HSK 5,形、动、名,2,关系密切、感情亲近（形）,نزدیک و صمیمی (صفت),形,صفت,跟妈妈很亲 (gēn māma hěn qīn) | 两个人越来越亲 (liǎng ge rén yuèláiyuè qīn) | 关系特别亲 (guānxi tèbié qīn),这个孩子从小就跟奶奶很亲。,Zhège háizi cóngxiǎo jiù gēn nǎinai hěn qīn.,این بچه از کودکی با مادربزرگش بسیار صمیمی بوده است.,
860,亲,qīn,HSK 5,形、动、名,3,用嘴唇接触人或物，表示喜爱、亲近等（动）,بوسیدن؛ برای ابراز محبت لب را به کسی یا چیزی زدن (فعل),动,فعل,亲一下孩子 (qīn yíxià háizi) | 亲他的脸 (qīn tā de liǎn) | 轻轻亲了一口 (qīngqīng qīn le yì kǒu),妈妈亲了孩子一下。,Māma qīn le háizi yíxià.,مادر کودک را بوسید.,
860,亲,qīn,HSK 5,形、动、名,4,网络购物或聊天中对顾客、网友的亲昵称呼（网络用语，名）,عزیز؛ خطاب صمیمانه به مشتری یا کاربر اینترنتی (اسم، اینترنتی),网络用语，名,اسم، اینترنتی,"亲，您好 (qīn, nín hǎo) | 亲，请稍等 (qīn, qǐng shāo děng) | 亲，订单已发货 (qīn, dìngdān yǐ fāhuò)",亲，您的订单已经发货了。,"Qīn, nín de dìngdān yǐjīng fāhuò le.",دوست عزیز، سفارش شما ارسال شده است.,
861,亲爱,qīn’ài,HSK 5,形,1,关系亲密、感情深厚，多用于对亲近之人的称呼（形）,عزیز؛ محبوب و نزدیک (صفت),形,صفت,亲爱的朋友 (qīn’ài de péngyou) | 亲爱的妈妈 (qīn’ài de māma) | 亲爱的同学们 (qīn’ài de tóngxuémen),亲爱的朋友，好久不见。,"Qīn’ài de péngyou, hǎojiǔ bú jiàn.",دوست عزیزم، مدت‌هاست ندیدمت.,
862,勤奋,qínfèn,HSK 5,形,1,努力而坚持不懈地学习或工作（形）,کوشا؛ سخت‌کوش و پرتلاش (صفت),形,صفت,学习勤奋 (xuéxí qínfèn) | 勤奋工作 (qínfèn gōngzuò) | 勤奋好学 (qínfèn hàoxué),她是一个非常勤奋的学生。,Tā shì yí ge fēicháng qínfèn de xuésheng.,او دانش‌آموزی بسیار سخت‌کوش است.,
863,青,qīng,HSK 5,形、名,1,介于蓝色和绿色之间的颜色，也可泛指绿色、蓝色或青黑色（形/名）,سبزآبی؛ گاهی سبز، آبی یا تیره، بسته به بافت (صفت/اسم),形/名,صفت/اسم,青山 (qīngshān) | 青草 (qīngcǎo) | 脸色发青 (liǎnsè fā qīng),远处是一片青山。,Yuǎnchù shì yí piàn qīngshān.,در دوردست کوه‌هایی سرسبز دیده می‌شود.,
864,情感,qínggǎn,HSK 5,名,1,人对人或外界事物产生的心理感受和态度（名）,احساس؛ عاطفهٔ انسان نسبت به افراد یا امور (اسم),名,اسم,表达情感 (biǎodá qínggǎn) | 情感交流 (qínggǎn jiāoliú) | 丰富的情感 (fēngfù de qínggǎn),音乐可以表达丰富的情感。,Yīnyuè kěyǐ biǎodá fēngfù de qínggǎn.,موسیقی می‌تواند احساسات گوناگونی را بیان کند.,
865,请教,qǐngjiào,HSK 5,动,1,礼貌、谦虚地请求别人指导或解答（动）,مؤدبانه راهنمایی خواستن یا سؤال کردن (فعل),动,فعل,向老师请教 (xiàng lǎoshī qǐngjiào) | 请教一个问题 (qǐngjiào yí ge wèntí) | 向专家请教经验 (xiàng zhuānjiā qǐngjiào jīngyàn),我想向您请教一个问题。,Wǒ xiǎng xiàng nín qǐngjiào yí ge wèntí.,می‌خواهم دربارهٔ مسئله‌ای از شما راهنمایی بگیرم.,
866,情景,qíngjǐng,HSK 5,名,1,某个具体场合中的景象、情况或场面（名）,صحنه؛ منظره و وضعیت یک موقعیت مشخص (اسم),名,اسم,当时的情景 (dāngshí de qíngjǐng) | 感人的情景 (gǎnrén de qíngjǐng) | 再现当年的情景 (zàixiàn dāngnián de qíngjǐng),我永远不会忘记当时的情景。,Wǒ yǒngyuǎn bú huì wàngjì dāngshí de qíngjǐng.,من هرگز صحنهٔ آن زمان را فراموش نخواهم کرد.,
867,请求,qǐngqiú,HSK 5,动、名,1,郑重或正式地提出要求，希望得到帮助、同意或满足（动）,درخواست کردن؛ رسماً تقاضای کمک یا موافقت کردن (فعل),动,فعل,请求帮助 (qǐngqiú bāngzhù) | 请求批准 (qǐngqiú pīzhǔn) | 请求大家支持 (qǐngqiú dàjiā zhīchí),他请求大家给他一次机会。,Tā qǐngqiú dàjiā gěi tā yí cì jīhuì.,او از همه درخواست کرد یک فرصت به او بدهند.,
867,请求,qǐngqiú,HSK 5,动、名,2,正式提出的要求或愿望（名）,درخواست؛ تقاضای رسمی (اسم),名,اسم,提出请求 (tíchū qǐngqiú) | 接受请求 (jiēshòu qǐngqiú) | 拒绝他的请求 (jùjué tā de qǐngqiú),公司接受了他的请求。,Gōngsī jiēshòu le tā de qǐngqiú.,شرکت درخواست او را پذیرفت.,
868,情绪,qíngxù,HSK 5,名,1,人受到外界影响后产生的心理和情感状态（名）,حالت روحی؛ وضعیت احساسی و خلقی (اسم),名,اسم,控制情绪 (kòngzhì qíngxù) | 情绪低落 (qíngxù dīluò) | 稳定自己的情绪 (wěndìng zìjǐ de qíngxù),你应该学会控制自己的情绪。,Nǐ yīnggāi xuéhuì kòngzhì zìjǐ de qíngxù.,باید یاد بگیری احساسات و حالت روحی خود را کنترل کنی.,
868,情绪,qíngxù,HSK 5,名,2,不愉快、不满或闹别扭的心理状态（口语，名）,دلخوری؛ نارضایتی یا بدخلقی (اسم، محاوره‌ای),口语，名,اسم، محاوره‌ای,对安排有情绪 (duì ānpái yǒu qíngxù) | 闹情绪 (nào qíngxù) | 带着情绪工作 (dàizhe qíngxù gōngzuò),他对公司的安排有些情绪。,Tā duì gōngsī de ānpái yǒuxiē qíngxù.,او از تصمیم شرکت کمی ناراضی و دلخور است.,
869,轻易,qīngyì,HSK 5,副,1,简单、容易或毫不费力地（副）,به‌آسانی؛ بدون زحمت یا دشواری زیاد (قید),副,قید,轻易完成任务 (qīngyì wánchéng rènwu) | 轻易通过考试 (qīngyì tōngguò kǎoshì) | 轻易战胜对手 (qīngyì zhànshèng duìshǒu),他轻易地通过了考试。,Tā qīngyì de tōngguò le kǎoshì.,او به‌آسانی در امتحان قبول شد.,
869,轻易,qīngyì,HSK 5,副,2,随便或不慎重地，多用于否定句（副）,نسنجیده و بدون ملاحظه؛ اغلب در جملهٔ منفی به معنی «به این راحتی» (قید),副,قید,不轻易放弃 (bù qīngyì fàngqì) | 不轻易相信别人 (bù qīngyì xiāngxìn biérén) | 不会轻易答应 (bú huì qīngyì dāying),我不会轻易放弃自己的目标。,Wǒ bú huì qīngyì fàngqì zìjǐ de mùbiāo.,من به این راحتی از هدفم دست نمی‌کشم.,
870,轻重,qīngzhòng,HSK 5,名,1,物体重量的大小；轻和重的程度（名）,سبکی و سنگینی؛ میزان وزن (اسم),名,اسم,掂一掂轻重 (diān yi diān qīngzhòng) | 轻重差不多 (qīngzhòng chàbuduō) | 比较两者的轻重 (bǐjiào liǎngzhě de qīngzhòng),这两个箱子的轻重差不多。,Zhè liǎng ge xiāngzi de qīngzhòng chàbuduō.,وزن این دو جعبه تقریباً یکسان است.,
870,轻重,qīngzhòng,HSK 5,名,2,事情的重要程度或言行应掌握的分寸（名）,میزان اهمیت؛ حد و اندازهٔ مناسب در گفتار و رفتار (اسم),名,اسم,分清事情的轻重 (fēnqīng shìqing de qīngzhòng) | 说话不知轻重 (shuōhuà bù zhī qīngzhòng) | 做事要有轻重 (zuòshì yào yǒu qīngzhòng),处理事情要分清轻重。,Chǔlǐ shìqing yào fēnqīng qīngzhòng.,در رسیدگی به کارها باید مهم و کم‌اهمیت را از هم تشخیص داد.,
871,亲朋好友,qīnpéng hǎoyǒu,HSK 5,名,1,亲戚和朋友的总称（名）,خویشاوندان و دوستان نزدیک (اسم),名,اسم,邀请亲朋好友 (yāoqǐng qīnpéng hǎoyǒu) | 和亲朋好友聚会 (hé qīnpéng hǎoyǒu jùhuì) | 告诉亲朋好友 (gàosu qīnpéng hǎoyǒu),婚礼上来了很多亲朋好友。,Hūnlǐ shàng lái le hěn duō qīnpéng hǎoyǒu.,خویشاوندان و دوستان زیادی به مراسم عروسی آمدند.,
872,亲切,qīnqiè,HSK 5,形,1,态度热情、友好，使人容易接近（形）,مهربان؛ گرم و صمیمی در برخورد (صفت),形,صفت,态度亲切 (tàidu qīnqiè) | 亲切地问候 (qīnqiè de wènhòu) | 笑容亲切 (xiàoróng qīnqiè),老师亲切地回答了我的问题。,Lǎoshī qīnqiè de huídá le wǒ de wèntí.,معلم با مهربانی و صمیمیت به پرسشم پاسخ داد.,
872,亲切,qīnqiè,HSK 5,形,2,因熟悉而使人感到亲近和温暖（形）,آشنا و دلنشین؛ ایجادکنندهٔ حس نزدیکی و گرمی (صفت),形,صفت,倍感亲切 (bèigǎn qīnqiè) | 听起来很亲切 (tīng qǐlai hěn qīnqiè) | 让人感到亲切 (ràng rén gǎndào qīnqiè),听到家乡话，我感到特别亲切。,"Tīngdào jiāxiānghuà, wǒ gǎndào tèbié qīnqiè.",با شنیدن گویش زادگاهم، حس نزدیکی و گرمی خاصی پیدا کردم.,
873,亲情,qīnqíng,HSK 5,名,1,亲属之间，尤其是家庭成员之间的感情（名）,محبت و پیوند عاطفی میان اعضای خانواده (اسم),名,اسم,珍惜亲情 (zhēnxī qīnqíng) | 浓浓的亲情 (nóngnóng de qīnqíng) | 感受家庭亲情 (gǎnshòu jiātíng qīnqíng),无论走多远，亲情都非常重要。,"Wúlùn zǒu duō yuǎn, qīnqíng dōu fēicháng zhòngyào.",هرقدر هم دور برویم، پیوند خانوادگی همچنان بسیار مهم است.,
874,亲人,qīnrén,HSK 5,名,1,家人或近亲，也可比喻关系亲密、像家人一样的人（名）,عضو خانواده یا خویشاوند نزدیک؛ همچنین فردی که مانند خانواده بسیار نزدیک است (اسم),名,اسم,思念亲人 (sīniàn qīnrén) | 和亲人团聚 (hé qīnrén tuánjù) | 把他当作亲人 (bǎ tā dàngzuò qīnrén),春节期间，很多人回家和亲人团聚。,"Chūnjié qījiān, hěn duō rén huí jiā hé qīnrén tuánjù.",در ایام عید بهار، خیلی‌ها برای دیدار و دورهمی با خانواده به خانه برمی‌گردند.,
875,亲自,qīnzì,HSK 5,副,1,本人直接做某事，不由别人代替（副）,شخصاً؛ بدون واگذار کردن کار به دیگری (قید),副,قید,亲自参加会议 (qīnzì cānjiā huìyì) | 亲自处理问题 (qīnzì chǔlǐ wèntí) | 亲自去一趟 (qīnzì qù yí tàng),经理亲自处理了这个问题。,Jīnglǐ qīnzì chǔlǐ le zhège wèntí.,مدیر شخصاً به این مسئله رسیدگی کرد.,
876,穷,qióng,HSK 5,形,1,缺少钱财，生活贫困（形）,فقیر؛ تنگدست و کم‌بضاعت (صفت),形,صفت,家里很穷 (jiālǐ hěn qióng) | 穷得没钱吃饭 (qióng de méi qián chīfàn) | 穷人家的孩子 (qióngrén jiā de háizi),他小时候家里很穷。,Tā xiǎoshíhou jiālǐ hěn qióng.,خانواده‌اش در دوران کودکی او بسیار فقیر بودند.,
877,气球,qìqiú,HSK 5,名,1,用橡胶等材料制成、充入空气或气体后会膨胀的球状物（名）,بادکنک؛ جسمی که با هوا یا گاز پر و باد می‌شود (اسم),名,اسم,吹气球 (chuī qìqiú) | 彩色气球 (cǎisè qìqiú) | 给气球充气 (gěi qìqiú chōngqì),孩子们在房间里挂了很多彩色气球。,Háizimen zài fángjiān lǐ guà le hěn duō cǎisè qìqiú.,بچه‌ها بادکنک‌های رنگی زیادی در اتاق آویزان کردند.,
878,企业,qǐyè,HSK 5,名,1,从事生产、贸易、运输或服务等经济活动的经营组织（名）,بنگاه؛ شرکت یا سازمان فعال در امور اقتصادی (اسم),名,اسم,大型企业 (dàxíng qǐyè) | 民营企业 (mínyíng qǐyè) | 企业发展战略 (qǐyè fāzhǎn zhànlüè),这家企业正在积极开拓海外市场。,Zhè jiā qǐyè zhèngzài jījí kāituò hǎiwài shìchǎng.,این شرکت فعالانه در حال گسترش بازارهای خارجی است.,
879,汽油,qìyóu,HSK 5,名,1,从石油中提炼、主要用作汽车等内燃机燃料的液体（名）,بنزین؛ سوخت مایع مورد استفاده در موتورهای درون‌سوز (اسم),名,اسم,汽油价格 (qìyóu jiàgé) | 给汽车加汽油 (gěi qìchē jiā qìyóu) | 汽油发动机 (qìyóu fādòngjī),最近汽油价格上涨了。,Zuìjìn qìyóu jiàgé shàngzhǎng le.,قیمت بنزین اخیراً افزایش یافته است.,
880,其余,qíyú,HSK 5,代,1,剩下的人或事物；其他的（代）,بقیه؛ سایر افراد یا چیزهای باقی‌مانده (ضمیر),代,ضمیر,其余的人 (qíyú de rén) | 其余部分 (qíyú bùfen) | 利用其余时间 (lìyòng qíyú shíjiān),两个人留下，其余的人先回去。,"Liǎng ge rén liúxià, qíyú de rén xiān huíqu.",دو نفر بمانند و بقیه زودتر برگردند.,
881,权,quán,HSK 5,名,1,支配、决定或依法做某事的力量和资格，多用于“有权、无权”等结构（名）,حق؛ قدرت یا اختیار انجام و تصمیم‌گیری دربارهٔ کاری (اسم),名,اسم,有权作出决定 (yǒu quán zuòchū juédìng) | 无权干涉 (wú quán gānshè) | 人人都有权表达意见 (rénrén dōu yǒu quán biǎodá yìjiàn),经理有权决定这件事。,Jīnglǐ yǒu quán juédìng zhè jiàn shì.,مدیر اختیار تصمیم‌گیری دربارهٔ این موضوع را دارد.,
882,劝,quàn,HSK 5,动,1,用道理说服别人接受意见、停止或采取某种行动（动）,نصیحت یا متقاعد کردن کسی به انجام یا ترک کاری (فعل),动,فعل,劝他休息 (quàn tā xiūxi) | 劝朋友接受建议 (quàn péngyou jiēshòu jiànyì) | 劝人戒烟 (quàn rén jièyān),我劝他不要放弃这个机会。,Wǒ quàn tā bú yào fàngqì zhège jīhuì.,من به او توصیه کردم این فرصت را از دست ندهد.,
883,权利,quánlì,HSK 5,名,1,个人或组织依法、依约享有的权益和可以实施某种行为的资格（名）,حق؛ امتیاز یا اختیاری که قانون یا توافق به فرد یا نهاد می‌دهد (اسم),名,اسم,合法权利 (héfǎ quánlì) | 享有受教育的权利 (xiǎngyǒu shòu jiàoyù de quánlì) | 维护自己的权利 (wéihù zìjǐ de quánlì),每个公民都有受教育的权利。,Měi ge gōngmín dōu yǒu shòu jiàoyù de quánlì.,هر شهروندی حق برخورداری از آموزش را دارد.,
884,全力,quánlì,HSK 5,名、副,1,全部的力量或精力（名）,تمام نیرو، توان یا انرژی (اسم),名,اسم,尽全力完成 (jìn quánlì wánchéng) | 用尽全力 (yòngjìn quánlì) | 使出全力 (shǐchū quánlì),为了完成任务，大家都尽了全力。,"Wèile wánchéng rènwu, dàjiā dōu jìn le quánlì.",همه برای انجام مأموریت تمام توانشان را به کار گرفتند.,
884,全力,quánlì,HSK 5,名、副,2,用全部力量或精力地（副）,با تمام توان (قید),副,قید,全力支持 (quánlì zhīchí) | 全力配合调查 (quánlì pèihé diàochá) | 全力解决问题 (quánlì jiějué wèntí),我们会全力支持这个项目。,Wǒmen huì quánlì zhīchí zhège xiàngmù.,ما با تمام توان از این پروژه حمایت خواهیم کرد.,
885,全面,quánmiàn,HSK 5,形、副,1,包括各个方面，完整而没有重要遗漏（形）,جامع؛ کامل و شامل تمام جنبه‌ها (صفت),形,صفت,内容十分全面 (nèiróng shífēn quánmiàn) | 全面的市场分析 (quánmiàn de shìchǎng fēnxī) | 考虑得很全面 (kǎolǜ de hěn quánmiàn),我们需要一份全面的市场分析报告。,Wǒmen xūyào yí fèn quánmiàn de shìchǎng fēnxī bàogào.,ما به گزارشی جامع از تحلیل بازار نیاز داریم.,
885,全面,quánmiàn,HSK 5,形、副,2,从各个方面或在所有范围内（副）,به‌طور همه‌جانبه؛ در تمام زمینه‌ها (قید),副,قید,全面提高质量 (quánmiàn tígāo zhìliàng) | 全面推进改革 (quánmiàn tuījìn gǎigé) | 全面实施计划 (quánmiàn shíshī jìhuà),公司正在全面提高服务质量。,Gōngsī zhèngzài quánmiàn tígāo fúwù zhìliàng.,شرکت در حال ارتقای همه‌جانبهٔ کیفیت خدمات است.,
886,全体,quántǐ,HSK 5,名,1,一个集体中的所有成员；各部分组成的整体（名）,تمام اعضا؛ کل یک گروه یا مجموعه (اسم),名,اسم,全体员工 (quántǐ yuángōng) | 全体成员 (quántǐ chéngyuán) | 面向全体学生 (miànxiàng quántǐ xuésheng),全体员工都参加了会议。,Quántǐ yuángōng dōu cānjiā le huìyì.,تمام کارکنان در جلسه شرکت کردند.,
887,全新,quánxīn,HSK 5,形,1,完全是新的；与原来的明显不同（形）,کاملاً نو؛ کاملاً متفاوت از گذشته (صفت),形,صفت,全新产品 (quánxīn chǎnpǐn) | 采用全新设计 (cǎiyòng quánxīn shèjì) | 带来全新体验 (dàilái quánxīn tǐyàn),公司推出了一款全新的产品。,Gōngsī tuīchū le yì kuǎn quánxīn de chǎnpǐn.,شرکت محصولی کاملاً جدید عرضه کرد.,
888,确保,quèbǎo,HSK 5,动,1,采取措施，保证某种情况、结果能够实现或保持（动）,تضمین کردن؛ از تحقق یا حفظ وضعیتی اطمینان حاصل کردن (فعل),动,فعل,确保安全 (quèbǎo ānquán) | 确保产品质量 (quèbǎo chǎnpǐn zhìliàng) | 确保任务按时完成 (quèbǎo rènwu ànshí wánchéng),我们必须确保产品质量。,Wǒmen bìxū quèbǎo chǎnpǐn zhìliàng.,ما باید کیفیت محصول را تضمین کنیم.,
889,确定,quèdìng,HSK 5,动、形,1,明确地决定、认定或查明（动）,تعیین کردن؛ مشخص یا قطعی کردن (فعل),动,فعل,确定会议时间 (quèdìng huìyì shíjiān) | 确定目标 (quèdìng mùbiāo) | 确定问题的原因 (quèdìng wèntí de yuányīn),我们已经确定了会议时间。,Wǒmen yǐjīng quèdìng le huìyì shíjiān.,ما زمان جلسه را تعیین کرده‌ایم.,
889,确定,quèdìng,HSK 5,动、形,2,明确而肯定，没有疑问（形）,قطعی و مشخص؛ مطمئن (صفت),形,صفت,确定的时间 (quèdìng de shíjiān) | 还不太确定 (hái bú tài quèdìng) | 确定无疑 (quèdìng wúyí),我还不确定他是否会来。,Wǒ hái bú quèdìng tā shìfǒu huì lái.,هنوز مطمئن نیستم که او خواهد آمد یا نه.,
890,缺乏,quēfá,HSK 5,动,1,没有或没有足够的某种事物、条件或能力（动）,فاقد بودن؛ به‌اندازهٔ کافی نداشتن (فعل),动,فعل,缺乏经验 (quēfá jīngyàn) | 缺乏资金 (quēfá zījīn) | 缺乏信心 (quēfá xìnxīn),他缺乏实际工作经验。,Tā quēfá shíjì gōngzuò jīngyàn.,او تجربهٔ عملی کافی برای کار ندارد.,
891,确认,quèrèn,HSK 5,动,1,经过核实后承认或确定某事真实、正确或有效（动）,تأیید کردن؛ پس از بررسی از صحت یا اعتبار چیزی مطمئن شدن (فعل),动,فعل,确认信息 (quèrèn xìnxī) | 确认身份 (quèrèn shēnfèn) | 再次确认时间 (zàicì quèrèn shíjiān),请确认一下您的订单信息。,Qǐng quèrèn yíxià nín de dìngdān xìnxī.,لطفاً اطلاعات سفارش خود را بررسی و تأیید کنید.,
892,群,qún,HSK 5,名、量,1,聚集在一起的一组人或动物（名）,گروه یا دسته‌ای از انسان‌ها و حیوانات (اسم),名,اسم,分成两群 (fēnchéng liǎng qún) | 跟着那群人 (gēnzhe nà qún rén) | 两群羊 (liǎng qún yáng),广场上的人渐渐分成了两群。,Guǎngchǎng shàng de rén jiànjiàn fēnchéng le liǎng qún.,مردم حاضر در میدان کم‌کم به دو گروه تقسیم شدند.,
892,群,qún,HSK 5,名、量,2,供多人在线聊天、交流的网络群组（口语，名）,گروه اینترنتی یا گفت‌وگوی گروهی (اسم، محاوره‌ای),口语，名,اسم، محاوره‌ای,建一个群 (jiàn yí ge qún) | 加入工作群 (jiārù gōngzuò qún) | 在群里发消息 (zài qún lǐ fā xiāoxi),我把你加到工作群里了。,Wǒ bǎ nǐ jiā dào gōngzuò qún lǐ le.,تو را به گروه کاری اضافه کردم.,
892,群,qún,HSK 5,名、量,3,用于成群的人或动物（量）,واحد شمارش برای گروهی از انسان‌ها یا حیوانات (واحد شمارش),量,واحد شمارش,一群学生 (yì qún xuésheng) | 一群鸟 (yì qún niǎo) | 一大群游客 (yí dà qún yóukè),天空中飞过一群鸟。,Tiānkōng zhōng fēiguò yì qún niǎo.,دسته‌ای پرنده از آسمان عبور کردند.,
893,群体,qúntǐ,HSK 5,名,1,由许多个体组成、具有某种共同特征的集体（名）,گروه یا جمعیتی از افراد دارای ویژگی مشترک (اسم),名,اسم,社会群体 (shèhuì qúntǐ) | 消费群体 (xiāofèi qúntǐ) | 特定群体 (tèdìng qúntǐ),年轻人是这个产品的主要消费群体。,Niánqīngrén shì zhège chǎnpǐn de zhǔyào xiāofèi qúntǐ.,جوانان گروه اصلی مصرف‌کنندگان این محصول هستند.,
894,去世,qùshì,HSK 5,动,1,人死亡的委婉、礼貌说法（动）,درگذشتن؛ بیان محترمانهٔ مردن دربارهٔ انسان (فعل),动,فعل,因病去世 (yīnbìng qùshì) | 不幸去世 (búxìng qùshì) | 已经去世多年 (yǐjīng qùshì duōnián),他的爷爷去年去世了。,Tā de yéye qùnián qùshì le.,پدربزرگ او سال گذشته درگذشت.,
895,趋势,qūshì,HSK 5,名,1,事物发展、变化的方向或倾向（名）,روند؛ جهت یا گرایش کلی تغییرات (اسم),名,اسم,发展趋势 (fāzhǎn qūshì) | 市场趋势 (shìchǎng qūshì) | 呈上升趋势 (chéng shàngshēng qūshì),我们需要分析未来的市场趋势。,Wǒmen xūyào fēnxī wèilái de shìchǎng qūshì.,ما باید روندهای آیندهٔ بازار را تحلیل کنیم.,
896,区域,qūyù,HSK 5,名,1,具有一定范围或界限的地区、空间（较正式，名）,منطقه؛ ناحیه یا محدوده‌ای با مرز مشخص (اسم، رسمی‌تر),较正式，名,اسم، رسمی‌تر,经济区域 (jīngjì qūyù) | 加强区域合作 (jiāqiáng qūyù hézuò) | 不同区域 (bùtóng qūyù),这个区域正在快速发展。,Zhège qūyù zhèngzài kuàisù fāzhǎn.,این منطقه به‌سرعت در حال توسعه است.,
897,燃烧,ránshāo,HSK 5,动,1,物质与氧发生反应并产生光和热（动）,سوختن؛ احتراق کردن و نور و گرما تولید کردن (فعل),动,فعل,充分燃烧 (chōngfèn ránshāo) | 在火中燃烧 (zài huǒ zhōng ránshāo) | 燃烧产生热量 (ránshāo chǎnshēng rèliàng),木头正在火中燃烧。,Mùtou zhèngzài huǒ zhōng ránshāo.,چوب در آتش در حال سوختن است.,
897,燃烧,ránshāo,HSK 5,动,2,比喻感情、热情或愿望非常强烈（比喻，动）,شعله‌ور بودن؛ بسیار شدید شدن احساس یا اشتیاق (فعل، مجازی),比喻，动,فعل، مجازی,激情燃烧 (jīqíng ránshāo) | 怒火在心中燃烧 (nùhuǒ zài xīnzhōng ránshāo) | 燃烧着希望 (ránshāozhe xīwàng),他的心中燃烧着对胜利的渴望。,Tā de xīnzhōng ránshāozhe duì shènglì de kěwàng.,اشتیاق پیروزی در دلش شعله‌ور بود.,
898,绕,rào,HSK 5,动,1,围着人或物体转动、行走（动）,دور کسی یا چیزی چرخیدن یا حرکت کردن (فعل),动,فعل,绕着湖走 (ràozhe hú zǒu) | 绕操场一圈 (rào cāochǎng yì quān) | 绕城一周 (rào chéng yì zhōu),我们绕着湖走了一圈。,Wǒmen ràozhe hú zǒu le yì quān.,ما یک دور پیرامون دریاچه قدم زدیم.,
898,绕,rào,HSK 5,动,2,把线、绳子等缠在物体上或盘成圈（动）,پیچیدن؛ نخ یا طناب را دور چیزی تاباندن (فعل),动,فعل,把绳子绕在柱子上 (bǎ shéngzi rào zài zhùzi shàng) | 电线绕成一圈 (diànxiàn rào chéng yì quān) | 围巾绕在脖子上 (wéijīn rào zài bózi shàng),他把绳子绕在了柱子上。,Tā bǎ shéngzi rào zài le zhùzi shàng.,او طناب را دور ستون پیچید.,
898,绕,rào,HSK 5,动,3,避开某人、某地或障碍，从旁边经过（动）,دور زدن؛ برای اجتناب از مانع از مسیر دیگری عبور کردن (فعل),动,فعل,绕开障碍 (ràokāi zhàng’ài) | 绕过施工地点 (ràoguò shīgōng dìdiǎn) | 从旁边绕过去 (cóng pángbiān rào guòqu),前面修路，我们得从旁边绕过去。,"Qiánmiàn xiūlù, wǒmen děi cóng pángbiān rào guòqu.",جلوتر جاده در دست تعمیر است و باید از مسیر کناری دور بزنیم.,
898,绕,rào,HSK 5,动,4,说话曲折、复杂，使人难以理解或感到糊涂（口语，动）,پیچیده و غیرمستقیم حرف زدن یا کسی را گیج کردن (فعل، محاوره‌ای),口语，动,فعل، محاوره‌ای,绕来绕去 (rào lái rào qù) | 把人绕糊涂 (bǎ rén rào hútu) | 别再绕了 (bié zài rào le),你说得太复杂，把我都绕糊涂了。,"Nǐ shuō de tài fùzá, bǎ wǒ dōu rào hútu le.",آن‌قدر پیچیده حرف زدی که کاملاً گیجم کردی.,
899,热爱,rè’ài,HSK 5,动,1,对人、生活、事业等怀有强烈而深厚的感情（动）,عمیقاً دوست داشتن؛ به کسی یا چیزی عشق و علاقهٔ شدید داشتن (فعل),动,فعل,热爱生活 (rè’ài shēnghuó) | 热爱自己的祖国 (rè’ài zìjǐ de zǔguó) | 热爱这份工作 (rè’ài zhè fèn gōngzuò),她非常热爱自己的工作。,Tā fēicháng rè’ài zìjǐ de gōngzuò.,او عمیقاً به کار خود علاقه دارد.,
900,热量,rèliàng,HSK 5,名,1,物体吸收、放出或传递的热的数量（名）,مقدار گرما؛ میزان انرژی گرمایی (اسم),名,اسم,产生热量 (chǎnshēng rèliàng) | 吸收热量 (xīshōu rèliàng) | 释放大量热量 (shìfàng dàliàng rèliàng),燃烧会产生大量热量。,Ránshāo huì chǎnshēng dàliàng rèliàng.,احتراق مقدار زیادی گرما تولید می‌کند.,
900,热量,rèliàng,HSK 5,名,2,食物能够为人体提供的能量（名）,کالری؛ انرژی تأمین‌شده توسط مواد غذایی (اسم),名,اسم,高热量食物 (gāo rèliàng shíwù) | 低热量食品 (dī rèliàng shípǐn) | 控制每日热量 (kòngzhì měirì rèliàng),这种食品的热量很高。,Zhè zhǒng shípǐn de rèliàng hěn gāo.,این مادهٔ غذایی کالری بالایی دارد.,
901,热烈,rèliè,HSK 5,形,1,情绪高昂，气氛活跃而充满热情（形）,پرشور؛ گرم و پرهیجان (صفت),形,صفت,热烈欢迎 (rèliè huānyíng) | 进行热烈讨论 (jìnxíng rèliè tǎolùn) | 掌声热烈 (zhǎngshēng rèliè),大家对这个问题进行了热烈的讨论。,Dàjiā duì zhège wèntí jìnxíng le rèliè de tǎolùn.,همه دربارهٔ این موضوع بحثی پرشور داشتند.,
902,认,rèn,HSK 5,动,1,辨认或认出见过、了解的人或事物（动）,شناختن؛ تشخیص دادن شخص یا چیزی (فعل),动,فعل,一眼就认出来 (yì yǎn jiù rèn chūlai) | 已经认不出他了 (yǐjīng rèn bu chū tā le) | 学会认字 (xuéhuì rèn zì),虽然多年没见，我还是一眼就认出了他。,"Suīrán duōnián méi jiàn, wǒ háishi yì yǎn jiù rènchū le tā.",با اینکه سال‌ها او را ندیده بودم، با یک نگاه شناختمش.,
902,认,rèn,HSK 5,动,2,承认或接受某个事实、错误、责任或结果（口语，动）,پذیرفتن یا اعتراف کردن به واقعیت، اشتباه یا مسئولیت (فعل، محاوره‌ای),口语，动,فعل، محاوره‌ای,做错了就要认 (zuòcuò le jiù yào rèn) | 不肯认错 (bù kěn rèncuò) | 这笔账我不认 (zhè bǐ zhàng wǒ bù rèn),这件事是我做错了，我认。,"Zhè jiàn shì shì wǒ zuòcuò le, wǒ rèn.",در این ماجرا من اشتباه کردم و قبولش دارم.,
903,忍,rěn,HSK 5,动,1,承受痛苦、困难或不愉快的事情（动）,تحمل کردن؛ درد یا سختی را تاب آوردن (فعل),动,فعل,忍着疼痛 (rěnzhe téngtòng) | 再忍几天 (zài rěn jǐ tiān) | 这种痛还能忍 (zhè zhǒng tòng hái néng rěn),他忍着疼痛继续工作。,Tā rěnzhe téngtòng jìxù gōngzuò.,او با تحمل درد به کار ادامه داد.,
903,忍,rěn,HSK 5,动,2,控制感情、反应或行为，不让其表现出来（动）,جلوی احساس یا واکنش خود را گرفتن (فعل),动,فعل,忍住眼泪 (rěnzhù yǎnlèi) | 忍不住笑 (rěn bu zhù xiào) | 强忍着不说 (qiáng rěnzhe bù shuō),听到这个笑话，我忍不住笑了。,"Tīngdào zhège xiàohua, wǒ rěn bu zhù xiào le.",با شنیدن این لطیفه نتوانستم جلوی خنده‌ام را بگیرم.,
904,人才,réncái,HSK 5,名,1,具有某种才能、知识或专业技能的人（名）,فرد بااستعداد یا نیروی متخصص (اسم),名,اسم,优秀人才 (yōuxiù réncái) | 专业人才 (zhuānyè réncái) | 培养技术人才 (péiyǎng jìshù réncái),公司正在招聘优秀人才。,Gōngsī zhèngzài zhāopìn yōuxiù réncái.,شرکت در حال استخدام نیروهای بااستعداد و متخصص است.,
905,人工,réngōng,HSK 5,形、名,1,由人直接操作或完成，不是由机器自动完成的（形）,دستی؛ انجام‌شده توسط انسان، نه به‌صورت خودکار (صفت),形,صفت,人工操作 (réngōng cāozuò) | 人工检查产品 (réngōng jiǎnchá chǎnpǐn) | 需要人工处理 (xūyào réngōng chǔlǐ),这项工作需要人工操作。,Zhè xiàng gōngzuò xūyào réngōng cāozuò.,این کار باید به‌صورت دستی انجام شود.,
905,人工,réngōng,HSK 5,形、名,2,由人制造、控制或干预形成的，不是自然形成的（形）,مصنوعی؛ ساخته یا ایجادشده به‌دست انسان (صفت),形,صفت,人工湖 (réngōng hú) | 人工降雨 (réngōng jiàngyǔ) | 人工呼吸 (réngōng hūxī),这个湖不是天然形成的，而是人工建造的。,"Zhège hú bú shì tiānrán xíngchéng de, érshì réngōng jiànzào de.",این دریاچه طبیعی نیست و به‌دست انسان ساخته شده است.,
905,人工,réngōng,HSK 5,形、名,3,人力或人的劳动（名）,نیروی انسانی؛ کار انسان (اسم),名,اسم,节省人工 (jiéshěng réngōng) | 用机器代替人工 (yòng jīqì dàitì réngōng) | 需要大量人工 (xūyào dàliàng réngōng),使用机器可以节省很多人工。,Shǐyòng jīqì kěyǐ jiéshěng hěn duō réngōng.,استفاده از ماشین‌آلات می‌تواند نیاز به نیروی انسانی را بسیار کاهش دهد.,
905,人工,réngōng,HSK 5,形、名,4,支付给劳动者的费用（口语，名）,اجرت؛ هزینهٔ نیروی کار (اسم، محاوره‌ای),口语，名,اسم، محاوره‌ای,人工太贵 (réngōng tài guì) | 算上人工 (suànshàng réngōng) | 支付人工 (zhīfù réngōng),材料不贵，但是人工很贵。,"Cáiliào bú guì, dànshì réngōng hěn guì.",مصالح گران نیست، اما اجرت کار بالاست.,
906,人际,rénjì,HSK 5,形,1,人与人之间的关系或交往方面的（形）,بین‌فردی؛ مربوط به روابط و تعامل میان افراد (صفت),形,صفت,人际关系 (rénjì guānxi) | 人际交往 (rénjì jiāowǎng) | 提高人际沟通能力 (tígāo rénjì gōutōng nénglì),良好的人际关系对工作很重要。,Liánghǎo de rénjì guānxi duì gōngzuò hěn zhòngyào.,روابط بین‌فردی خوب در محیط کار بسیار مهم است.,
907,人口,rénkǒu,HSK 5,名,1,居住在某个国家、地区或家庭中的人的总数（名）,جمعیت؛ شمار افراد ساکن در یک کشور، منطقه یا خانواده (اسم),名,اسم,人口数量 (rénkǒu shùliàng) | 人口增长 (rénkǒu zēngzhǎng) | 流动人口 (liúdòng rénkǒu),这个城市的人口超过了一千万。,Zhège chéngshì de rénkǒu chāoguò le yìqiān wàn.,جمعیت این شهر از ده میلیون نفر بیشتر است.,
908,人类,rénlèi,HSK 5,名,1,全体人的总称；作为一个物种的人（名）,بشر؛ همهٔ انسان‌ها به‌عنوان یک گونه (اسم),名,اسم,人类社会 (rénlèi shèhuì) | 人类文明 (rénlèi wénmíng) | 人类历史 (rénlèi lìshǐ),科技改变了人类的生活方式。,Kējì gǎibiàn le rénlèi de shēnghuó fāngshì.,فناوری شیوهٔ زندگی بشر را تغییر داده است.,
909,人力,rénlì,HSK 5,名,1,人的劳动力、力量或可用于工作的人员（名）,نیروی انسانی؛ توان و کار افراد (اسم),名,اسم,人力资源 (rénlì zīyuán) | 节省人力 (jiéshěng rénlì) | 投入大量人力 (tóurù dàliàng rénlì),这个项目需要投入大量人力。,Zhège xiàngmù xūyào tóurù dàliàng rénlì.,این پروژه به نیروی انسانی زیادی نیاز دارد.,
910,人民,rénmín,HSK 5,名,1,社会成员或一个国家民众的总称（名）,مردم؛ اعضای جامعه یا ملت به‌صورت جمعی (اسم),名,اسم,人民生活 (rénmín shēnghuó) | 人民的利益 (rénmín de lìyì) | 为人民服务 (wèi rénmín fúwù),政府应该为人民服务。,Zhèngfǔ yīnggāi wèi rénmín fúwù.,دولت باید به مردم خدمت کند.,
911,人民币,rénmínbì,HSK 5,名,1,中国的法定货币（名）,رنمینبی؛ واحد پول رسمی چین (اسم),名,اسم,人民币汇率 (rénmínbì huìlǜ) | 人民币结算 (rénmínbì jiésuàn) | 兑换人民币 (duìhuàn rénmínbì),这件衣服售价五百元人民币。,Zhè jiàn yīfu shòujià wǔbǎi yuán rénmínbì.,قیمت این لباس پانصد یوان چین است.,
912,人群,rénqún,HSK 5,名,1,聚集在一起的许多人（名）,جمعیت؛ گروه بزرگی از مردم که در جایی گرد آمده‌اند (اسم),名,اسم,拥挤的人群 (yōngjǐ de rénqún) | 走进人群 (zǒujìn rénqún) | 消失在人群中 (xiāoshī zài rénqún zhōng),他很快消失在人群中。,Tā hěn kuài xiāoshī zài rénqún zhōng.,او خیلی زود در میان جمعیت ناپدید شد.,
913,人体,réntǐ,HSK 5,名,1,人的身体（名）,بدن انسان (اسم),名,اسم,人体结构 (réntǐ jiégòu) | 人体健康 (réntǐ jiànkāng) | 对人体有害 (duì réntǐ yǒuhài),吸烟对人体健康有害。,Xīyān duì réntǐ jiànkāng yǒuhài.,سیگار کشیدن برای سلامت بدن انسان زیان‌آور است.,
914,人物,rénwù,HSK 5,名,1,在某方面有代表性、影响力或重要地位的人（名）,شخصیت؛ فرد برجسته یا تأثیرگذار در یک حوزه (اسم),名,اسم,重要人物 (zhòngyào rénwù) | 历史人物 (lìshǐ rénwù) | 公众人物 (gōngzhòng rénwù),他是中国历史上的重要人物。,Tā shì Zhōngguó lìshǐ shàng de zhòngyào rénwù.,او یکی از شخصیت‌های مهم تاریخ چین است.,
914,人物,rénwù,HSK 5,名,2,文学、影视等作品中描写或塑造的人（名）,شخصیت؛ فرد حاضر در داستان، فیلم یا اثر هنری (اسم),名,اسم,小说中的人物 (xiǎoshuō zhōng de rénwù) | 主要人物 (zhǔyào rénwù) | 塑造人物 (sùzào rénwù),这部小说中的主要人物很有特点。,Zhè bù xiǎoshuō zhōng de zhǔyào rénwù hěn yǒu tèdiǎn.,شخصیت اصلی این رمان ویژگی‌های متمایزی دارد.,
915,热心,rèxīn,HSK 5,形、动,1,热情而愿意主动帮助别人（形）,خون‌گرم و یاری‌رسان؛ مشتاق کمک به دیگران (صفت),形,صفت,待人热心 (dàirén rèxīn) | 热心帮助别人 (rèxīn bāngzhù biérén) | 热心的邻居 (rèxīn de línjū),她是一个非常热心的人。,Tā shì yí ge fēicháng rèxīn de rén.,او فردی بسیار خون‌گرم و یاری‌رسان است.,
915,热心,rèxīn,HSK 5,形、动,2,对某项事业或活动有兴趣并积极参与（较正式，动）,به کاری علاقه و اشتیاق داشتن و فعالانه در آن مشارکت کردن (فعل، رسمی‌تر),较正式，动,فعل، رسمی‌تر,热心公益事业 (rèxīn gōngyì shìyè) | 热心教育事业 (rèxīn jiàoyù shìyè) | 热心社会活动 (rèxīn shèhuì huódòng),他多年来一直热心公益事业。,Tā duō nián lái yìzhí rèxīn gōngyì shìyè.,او سال‌هاست با اشتیاق در فعالیت‌های عام‌المنفعه مشارکت می‌کند.,
916,日历,rìlì,HSK 5,名,1,按日记录年、月、日和星期等信息的用品（名）,تقویم؛ وسیله یا جدولی برای نمایش روز، ماه، سال و روزهای هفته (اسم),名,اسم,电子日历 (diànzǐ rìlì) | 查看日历 (chákàn rìlì) | 在日历上标记 (zài rìlì shàng biāojì),我在日历上标出了会议日期。,Wǒ zài rìlì shàng biāochū le huìyì rìqī.,من تاریخ جلسه را در تقویم علامت زدم.,
917,日用品,rìyòngpǐn,HSK 5,名,1,日常生活中经常使用的物品（名）,لوازم روزمره؛ وسایلی که در زندگی روزانه استفاده می‌شوند (اسم),名,اسم,购买日用品 (gòumǎi rìyòngpǐn) | 日用品商店 (rìyòngpǐn shāngdiàn) | 常用日用品 (chángyòng rìyòngpǐn),我去超市买一些日用品。,Wǒ qù chāoshì mǎi yìxiē rìyòngpǐn.,برای خرید چند وسیلهٔ روزمره به سوپرمارکت می‌روم.,
918,如,rú,HSK 5,动、连,1,像；与某种情况相同（书面，动）,مانند بودن؛ مطابق یا شبیه چیزی بودن (فعل، نوشتاری),书面，动,فعل، نوشتاری,如你所说 (rú nǐ suǒ shuō) | 正如预料的那样 (zhèng rú yùliào de nàyàng) | 不如以前 (bù rú yǐqián),情况正如你所说的那样。,Qíngkuàng zhèng rú nǐ suǒ shuō de nàyàng.,وضعیت درست همان‌گونه است که تو گفتی.,
918,如,rú,HSK 5,动、连,2,如果；假如（书面，连）,اگر؛ چنانچه (حرف ربط، نوشتاری),书面，连,حرف ربط، نوشتاری,如有问题 (rú yǒu wèntí) | 如有需要 (rú yǒu xūyào) | 如无特殊情况 (rú wú tèshū qíngkuàng),如有问题，请及时联系我们。,"Rú yǒu wèntí, qǐng jíshí liánxì wǒmen.",اگر مشکلی وجود داشت، لطفاً به‌موقع با ما تماس بگیرید.,
918,如,rú,HSK 5,动、连,3,用于举例，相当于“例如”（书面，动）,مانند؛ ازجمله؛ برای آوردن مثال (فعل، نوشتاری),书面，动,فعل، نوشتاری,大型城市如北京和上海 (dàxíng chéngshì rú Běijīng hé Shànghǎi) | 水果如苹果和梨 (shuǐguǒ rú píngguǒ hé lí) | 传统节日如春节 (chuántǒng jiérì rú Chūnjié),许多水果，如苹果和梨，都含有丰富的营养。,"Xǔduō shuǐguǒ, rú píngguǒ hé lí, dōu hányǒu fēngfù de yíngyǎng.",بسیاری از میوه‌ها، مانند سیب و گلابی، سرشار از مواد مغذی هستند.,
919,软,ruǎn,HSK 5,形,1,容易改变形状，与“硬”相对（形）,نرم؛ انعطاف‌پذیر، در برابر «سخت» (صفت),形,صفت,柔软的沙发 (róuruǎn de shāfā) | 又软又舒服 (yòu ruǎn yòu shūfu) | 面包很软 (miànbāo hěn ruǎn),这个沙发又大又软。,Zhège shāfā yòu dà yòu ruǎn.,این مبل هم بزرگ است و هم نرم.,
919,软,ruǎn,HSK 5,形,2,身体无力或肌肉缺乏力量（形）,سست؛ بی‌حال و فاقد نیروی جسمی (صفت),形,صفت,浑身发软 (húnshēn fāruǎn) | 两腿发软 (liǎng tuǐ fāruǎn) | 身子软了下来 (shēnzi ruǎn le xiàlái),听到这个消息后，他吓得两腿发软。,"Tīngdào zhège xiāoxi hòu, tā xià de liǎng tuǐ fāruǎn.",پس از شنیدن این خبر، از ترس پاهایش سست شد.,
919,软,ruǎn,HSK 5,形,3,态度、语气等不强硬（形）,ملایم؛ نرم و غیرقاطع در رفتار یا لحن (صفت),形,صفت,态度太软 (tàidu tài ruǎn) | 语气软下来 (yǔqì ruǎn xiàlái) | 说话很软 (shuōhuà hěn ruǎn),看到孩子哭，她的态度马上软了下来。,"Kàndào háizi kū, tā de tàidu mǎshàng ruǎn le xiàlái.",وقتی گریهٔ کودک را دید، فوراً نرم‌تر برخورد کرد.,
920,软件,ruǎnjiàn,HSK 5,名,1,计算机系统中程序、数据及相关资料的总称（名）,نرم‌افزار؛ مجموعهٔ برنامه‌ها و داده‌های رایانه‌ای (اسم),名,اسم,安装软件 (ānzhuāng ruǎnjiàn) | 软件开发 (ruǎnjiàn kāifā) | 应用软件 (yìngyòng ruǎnjiàn),请先安装这个软件。,Qǐng xiān ānzhuāng zhège ruǎnjiàn.,لطفاً ابتدا این نرم‌افزار را نصب کنید.,
921,如此,rúcǐ,HSK 5,代、副,1,这样；像这样（代）,چنین؛ این‌گونه؛ به این شکل (ضمیر),代,ضمیر,原来如此 (yuánlái rúcǐ) | 如此看来 (rúcǐ kànlái) | 如此一来 (rúcǐ yìlái),原来如此，我现在明白了。,"Yuánlái rúcǐ, wǒ xiànzài míngbai le.",پس قضیه این‌طور بوده؛ حالا فهمیدم.,
921,如此,rúcǐ,HSK 5,代、副,2,达到这样的程度；这么（副）,این‌قدر؛ تا این اندازه (قید),副,قید,如此重要 (rúcǐ zhòngyào) | 如此美丽 (rúcǐ měilì) | 如此困难 (rúcǐ kùnnan),我没想到问题会如此复杂。,Wǒ méi xiǎngdào wèntí huì rúcǐ fùzá.,فکر نمی‌کردم مسئله تا این اندازه پیچیده باشد.,
922,如何,rúhé,HSK 5,代,1,怎么样；怎样，用于询问方式、情况或意见（较正式，代）,چگونه؛ چطور؛ به چه صورت (ضمیر پرسشی، رسمی‌تر),较正式，代,ضمیر پرسشی، رسمی‌تر,如何解决 (rúhé jiějué) | 情况如何 (qíngkuàng rúhé) | 效果如何 (xiàoguǒ rúhé),我们应该如何解决这个问题？,Wǒmen yīnggāi rúhé jiějué zhège wèntí?,چطور باید این مشکل را حل کنیم؟,
923,如今,rújīn,HSK 5,名,1,现在；当前这个时期（较正式，时间名词）,امروزه؛ اکنون؛ در زمان حاضر (اسم زمان، رسمی‌تر),较正式，时间名词,اسم زمان، رسمی‌تر,如今的社会 (rújīn de shèhuì) | 时至如今 (shí zhì rújīn) | 如今看来 (rújīn kànlái),如今，越来越多的人使用手机支付。,"Rújīn, yuèláiyuè duō de rén shǐyòng shǒujī zhīfù.",امروزه افراد بیشتری از پرداخت با تلفن همراه استفاده می‌کنند.,
924,弱,ruò,HSK 5,形,1,力量小；能力或实力不强，与“强”相对（形）,ضعیف؛ کم‌توان؛ دارای توان یا قدرت کم (صفت),形,صفت,身体比较弱 (shēntǐ bǐjiào ruò) | 实力较弱 (shílì jiào ruò) | 力量很弱 (lìliàng hěn ruò),他的身体比较弱，需要多休息。,"Tā de shēntǐ bǐjiào ruò, xūyào duō xiūxi.",بدن او نسبتاً ضعیف است و به استراحت بیشتری نیاز دارد.,
924,弱,ruò,HSK 5,形,2,程度低；不强烈（形）,کم؛ ضعیف؛ دارای شدت پایین (صفت),形,صفت,光线很弱 (guāngxiàn hěn ruò) | 信号太弱 (xìnhào tài ruò) | 声音很弱 (shēngyīn hěn ruò),这里的手机信号很弱。,Zhèlǐ de shǒujī xìnhào hěn ruò.,آنتن تلفن همراه در اینجا بسیار ضعیف است.,
925,如同,rútóng,HSK 5,动,1,好像；像……一样（较正式，动）,همانند بودن؛ مانند؛ گویی (فعل، رسمی‌تر),较正式，动,فعل، رسمی‌تر,如同亲人 (rútóng qīnrén) | 如同往常一样 (rútóng wǎngcháng yíyàng) | 如同亲眼所见 (rútóng qīnyǎn suǒ jiàn),他待我如同亲人。,Tā dài wǒ rútóng qīnrén.,او با من مانند یکی از اعضای خانواده رفتار می‌کند.,
926,如下,rúxià,HSK 5,动,1,如同下面所叙述或列出的内容（书面，动）,به شرح زیر بودن؛ همان‌گونه که در ادامه آمده است (فعل، نوشتاری),书面，动,فعل، نوشتاری,内容如下 (nèiróng rúxià) | 具体安排如下 (jùtǐ ānpái rúxià) | 规定如下 (guīdìng rúxià),会议安排如下，请大家仔细阅读。,"Huìyì ānpái rúxià, qǐng dàjiā zǐxì yuèdú.",برنامهٔ جلسه به شرح زیر است؛ لطفاً آن را با دقت بخوانید.,
927,洒,sǎ,HSK 5,动,1,使水或其他液体分散地落下（动）,پاشیدن؛ مایعی را به‌صورت پراکنده ریختن (فعل),动,فعل,往地上洒水 (wǎng dìshang sǎ shuǐ) | 给花洒水 (gěi huā sǎ shuǐ) | 洒了一些水 (sǎ le yìxiē shuǐ),他在花园里洒了一些水。,Tā zài huāyuán lǐ sǎ le yìxiē shuǐ.,او در باغ مقداری آب پاشید.,
927,洒,sǎ,HSK 5,动,2,液体从容器中流出或散落（动）,ریختن؛ بیرون ریختن یا پخش شدن مایع (فعل),动,فعل,洒出来 (sǎ chūlái) | 洒了一地 (sǎ le yí dì) | 把咖啡洒了 (bǎ kāfēi sǎ le),小心，别把咖啡洒在桌子上。,"Xiǎoxīn, bié bǎ kāfēi sǎ zài zhuōzi shàng.",مراقب باش قهوه را روی میز نریزی.,
927,洒,sǎ,HSK 5,动,3,光线照射或落在某处（动）,تابیدن؛ پخش شدن نور بر جایی (فعل),动,فعل,阳光洒进房间 (yángguāng sǎ jìn fángjiān) | 月光洒在地上 (yuèguāng sǎ zài dìshang) | 阳光洒满大地 (yángguāng sǎmǎn dàdì),清晨的阳光洒进了房间。,Qīngchén de yángguāng sǎ jìn le fángjiān.,نور صبحگاهی به داخل اتاق تابید.,
928,赛场,sàichǎng,HSK 5,名,1,举行比赛的场地或比赛现场（名）,میدان مسابقه؛ محل برگزاری رقابت (اسم),名,اسم,进入赛场 (jìnrù sàichǎng) | 赛场上的表现 (sàichǎng shàng de biǎoxiàn) | 离开赛场 (líkāi sàichǎng),运动员们已经进入了赛场。,Yùndòngyuánmen yǐjīng jìnrù le sàichǎng.,ورزشکاران وارد میدان مسابقه شده‌اند.,
929,色彩,sècǎi,HSK 5,名,1,颜色及各种颜色形成的视觉效果（名）,رنگ؛ رنگ‌آمیزی؛ جلوهٔ حاصل از رنگ‌های مختلف (اسم),名,اسم,色彩鲜艳 (sècǎi xiānyàn) | 色彩丰富 (sècǎi fēngfù) | 色彩搭配 (sècǎi dāpèi),这幅画的色彩非常丰富。,Zhè fú huà de sècǎi fēicháng fēngfù.,رنگ‌های این نقاشی بسیار متنوع و غنی‌اند.,
929,色彩,sècǎi,HSK 5,名,2,比喻思想、感情、风格等方面的特点（比喻，名）,رنگ‌وبو؛ حال‌وهوا یا ویژگی خاص (اسم، مجازی),比喻，名,اسم، مجازی,政治色彩 (zhèngzhì sècǎi) | 感情色彩 (gǎnqíng sècǎi) | 地方色彩 (dìfāng sècǎi),这部作品具有浓厚的地方色彩。,Zhè bù zuòpǐn jùyǒu nónghòu de dìfāng sècǎi.,این اثر رنگ‌وبوی محلی پررنگی دارد.,
930,傻,shǎ,HSK 5,形,1,头脑不灵活；不聪明；言行不明智（口语，形）,احمق؛ کم‌فهم؛ نسنجیده (صفت، محاوره‌ای),口语，形,صفت، محاوره‌ای,做傻事 (zuò shǎshì) | 笑得很傻 (xiào de hěn shǎ) | 别犯傻 (bié fànshǎ),别傻了，他只是在开玩笑。,"Bié shǎ le, tā zhǐshì zài kāi wánxiào.",احمق نباش؛ او فقط دارد شوخی می‌کند.,
930,傻,shǎ,HSK 5,形,2,因惊吓、惊讶等而发愣，失去正常反应（口语，形）,مات و مبهوت؛ از شدت ترس یا تعجب بی‌واکنش (صفت، محاوره‌ای),口语，形,صفت، محاوره‌ای,吓傻了 (xià shǎ le) | 看傻了 (kàn shǎ le) | 当场傻了 (dāngchǎng shǎ le),听到这个消息，他一下子傻了。,"Tīngdào zhège xiāoxi, tā yíxiàzi shǎ le.",با شنیدن این خبر، یک‌دفعه ماتش برد.,
931,晒,shài,HSK 5,动,1,把东西放在阳光下，使其干燥或接受阳光照射（动）,در آفتاب گذاشتن؛ با نور خورشید خشک کردن (فعل),动,فعل,晒衣服 (shài yīfu) | 晒被子 (shài bèizi) | 把衣服晒干 (bǎ yīfu shàigān),妈妈把衣服拿到外面晒。,Māma bǎ yīfu ná dào wàimiàn shài.,مادرم لباس‌ها را برای خشک شدن زیر آفتاب بیرون برد.,
931,晒,shài,HSK 5,动,2,身体受到阳光照射；因日晒而发生变化（动）,آفتاب گرفتن؛ بر اثر تابش آفتاب تغییر کردن (فعل),动,فعل,晒太阳 (shài tàiyáng) | 晒黑了 (shài hēi le) | 皮肤晒红了 (pífū shài hóng le),她在海边晒了一下午太阳。,Tā zài hǎibiān shài le yí xiàwǔ tàiyáng.,او تمام بعدازظهر کنار دریا آفتاب گرفت.,
931,晒,shài,HSK 5,动,3,在网络上公开展示照片、经历、成绩等（网络用语，动）,در فضای مجازی منتشر کردن؛ به نمایش گذاشتن (فعل، کاربرد اینترنتی),网络用语，动,فعل، کاربرد اینترنتی,晒照片 (shài zhàopiàn) | 晒旅行经历 (shài lǚxíng jīnglì) | 晒成绩 (shài chéngjì),她在朋友圈晒了很多旅行照片。,Tā zài péngyouquān shài le hěn duō lǚxíng zhàopiàn.,او عکس‌های زیادی از سفرش را در صفحهٔ دوستانش منتشر کرد.,
932,沙漠,shāmò,HSK 5,名,1,降水很少、地面多沙、植物稀少的干旱地区（名）,بیابان؛ صحرا؛ منطقه‌ای خشک با پوشش گیاهی اندک (اسم),名,اسم,沙漠地区 (shāmò dìqū) | 穿越沙漠 (chuānyuè shāmò) | 广阔的沙漠 (guǎngkuò de shāmò),他们计划开车穿越沙漠。,Tāmen jìhuà kāichē chuānyuè shāmò.,آن‌ها قصد دارند با خودرو از بیابان عبور کنند.,
933,删,shān,HSK 5,动,1,去掉文字、内容、数据或联系人等（口语，动）,حذف کردن؛ پاک کردن متن، محتوا، داده یا مخاطب (فعل، محاوره‌ای),口语，动,فعل، محاوره‌ای,删掉一句话 (shāndiào yí jù huà) | 删照片 (shān zhàopiàn) | 删好友 (shān hǎoyǒu),请把这句话删掉。,Qǐng bǎ zhè jù huà shāndiào.,لطفاً این جمله را حذف کنید.,
934,扇,shàn,HSK 5,名、量、动,1,摇动生风的用具（名）,بادبزن؛ وسیله‌ای برای ایجاد باد (اسم),名,اسم,一把扇子 (yì bǎ shànzi) | 打开扇子 (dǎkāi shànzi) | 拿着扇子 (názhe shànzi),奶奶手里拿着一把扇子。,Nǎinai shǒu lǐ názhe yì bǎ shànzi.,مادربزرگ یک بادبزن در دست داشت.,
934,扇,shàn,HSK 5,名、量、动,2,用于门、窗等（量）,واحد شمارش برای در، پنجره و چیزهای مشابه (کلمهٔ شمارشی),量,کلمهٔ شمارشی,一扇门 (yí shàn mén) | 两扇窗户 (liǎng shàn chuānghu) | 打开一扇窗 (dǎkāi yí shàn chuāng),房间里有两扇窗户。,Fángjiān lǐ yǒu liǎng shàn chuānghu.,در اتاق دو پنجره وجود دارد.,
934,扇,shān,HSK 5,名、量、动,3,摇动扇子或其他东西使空气流动（动）,باد زدن؛ با حرکت دادن چیزی جریان هوا ایجاد کردن (فعل),动,فعل,扇扇子 (shān shànzi) | 扇风 (shān fēng) | 给孩子扇一扇 (gěi háizi shān yi shān),天气太热了，她拿扇子不停地扇。,"Tiānqì tài rè le, tā ná shànzi bù tíng de shān.",هوا خیلی گرم بود و او مدام خودش را باد می‌زد.,
934,扇,shān,HSK 5,名、量、动,4,用手掌打人的脸（口语，动）,سیلی زدن؛ با کف دست به صورت کسی زدن (فعل، محاوره‌ای),口语，动,فعل، محاوره‌ای,扇了一巴掌 (shān le yì bāzhang) | 扇他耳光 (shān tā ěrguāng) | 被人扇了 (bèi rén shān le),他生气地扇了对方一巴掌。,Tā shēngqì de shān le duìfāng yì bāzhang.,او با عصبانیت یک سیلی به طرف مقابل زد.,
935,擅长,shàncháng,HSK 5,动,1,在某方面有专长；特别善于做某事（动）,در کاری مهارت داشتن؛ در زمینه‌ای توانایی ویژه داشتن (فعل),动,فعل,擅长沟通 (shàncháng gōutōng) | 擅长管理 (shàncháng guǎnlǐ) | 擅长处理问题 (shàncháng chǔlǐ wèntí),她很擅长处理人际关系。,Tā hěn shàncháng chǔlǐ rénjì guānxì.,او در مدیریت روابط بین‌فردی بسیار ماهر است.,
936,删除,shānchú,HSK 5,动,1,去掉文字、数据、文件或其他内容（较正式，动）,حذف کردن؛ پاک کردن متن، داده، فایل یا محتوا (فعل، رسمی‌تر),较正式，动,فعل، رسمی‌تر,删除文件 (shānchú wénjiàn) | 删除记录 (shānchú jìlù) | 彻底删除 (chèdǐ shānchú),请删除不需要的文件。,Qǐng shānchú bù xūyào de wénjiàn.,لطفاً فایل‌های غیرضروری را حذف کنید.,
937,赏,shǎng,HSK 5,动,1,观看并欣赏美好的景色或事物（动）,تماشا کردن و لذت بردن؛ تحسین کردن زیبایی چیزی (فعل),动,فعل,赏花 (shǎng huā) | 赏月 (shǎng yuè) | 赏雪景 (shǎng xuějǐng),中秋节晚上，人们常常一起赏月。,"Zhōngqiū Jié wǎnshang, rénmen chángcháng yìqǐ shǎng yuè.",شب جشن نیمهٔ پاییز، مردم معمولاً با هم ماه را تماشا می‌کنند.,
937,赏,shǎng,HSK 5,动,2,把财物等作为奖励给予别人（书面或历史用语，动）,پاداش دادن؛ مالی را به‌عنوان جایزه بخشیدن (فعل، نوشتاری یا تاریخی),书面或历史用语，动,فعل، نوشتاری یا تاریخی,赏他一笔钱 (shǎng tā yì bǐ qián) | 赏给有功之人 (shǎng gěi yǒugōng zhī rén) | 重重地赏他 (zhòngzhòng de shǎng tā),国王赏给了他许多财物。,Guówáng shǎng gěi le tā xǔduō cáiwù.,پادشاه اموال زیادی به او پاداش داد.,
938,伤,shāng,HSK 5,名、动,1,身体受到损害后形成的创伤或受伤状态（名）,زخم؛ جراحت؛ آسیب جسمی (اسم),名,اسم,腿上的伤 (tuǐ shàng de shāng) | 伤得很重 (shāng de hěn zhòng) | 在家养伤 (zài jiā yǎngshāng),他的伤已经好多了。,Tā de shāng yǐjīng hǎo duō le.,جراحت او خیلی بهتر شده است.,
938,伤,shāng,HSK 5,名、动,2,使身体、感情、关系或其他事物受到损害（动）,آسیب زدن؛ زخمی کردن؛ رنجاندن (فعل),动,فعل,伤身体 (shāng shēntǐ) | 伤感情 (shāng gǎnqíng) | 伤了他的心 (shāng le tā de xīn),这样说话很容易伤感情。,Zhèyàng shuōhuà hěn róngyì shāng gǎnqíng.,این‌گونه حرف زدن به‌راحتی به احساسات و رابطه آسیب می‌زند.,
939,上传,shàngchuán,HSK 5,动,1,把本地设备中的文件或数据传送到网络服务器或远程系统（动）,آپلود کردن؛ فرستادن فایل یا داده از دستگاه به یک سامانهٔ اینترنتی (فعل),动,فعل,上传文件 (shàngchuán wénjiàn) | 上传照片 (shàngchuán zhàopiàn) | 上传视频 (shàngchuán shìpín),请把文件上传到系统。,Qǐng bǎ wénjiàn shàngchuán dào xìtǒng.,لطفاً فایل را در سامانه آپلود کنید.,
940,伤害,shānghài,HSK 5,动、名,1,使身体、感情或利益等受到损害（动）,آسیب زدن؛ صدمه زدن به جسم، احساسات یا منافع (فعل),动,فعل,伤害身体 (shānghài shēntǐ) | 伤害感情 (shānghài gǎnqíng) | 伤害别人 (shānghài biérén),我不想伤害你的感情。,Wǒ bù xiǎng shānghài nǐ de gǎnqíng.,نمی‌خواهم به احساسات تو آسیب بزنم.,
940,伤害,shānghài,HSK 5,动、名,2,身体、心理或利益等受到的损害（名）,آسیب؛ صدمه یا زیان واردشده (اسم),名,اسم,受到伤害 (shòudào shānghài) | 造成伤害 (zàochéng shānghài) | 心理伤害 (xīnlǐ shānghài),这件事给他造成了很大的心理伤害。,Zhè jiàn shì gěi tā zàochéng le hěn dà de xīnlǐ shānghài.,این ماجرا آسیب روانی زیادی به او وارد کرد.,
941,商家,shāngjiā,HSK 5,名,1,从事商品经营或提供商业服务的个人、店铺或企业（名）,فروشنده؛ عرضه‌کننده یا واحد تجاری (اسم),名,اسم,入驻商家 (rùzhù shāngjiā) | 当地商家 (dāngdì shāngjiā) | 商家提供优惠 (shāngjiā tígōng yōuhuì),很多商家在节日期间提供优惠。,Hěn duō shāngjiā zài jiérì qījiān tígōng yōuhuì.,بسیاری از فروشندگان در ایام تعطیلات تخفیف ارائه می‌کنند.,
942,商人,shāngrén,HSK 5,名,1,以买卖商品或从事商业活动为职业的人（名）,بازرگان؛ تاجر؛ فردی که به فعالیت تجاری اشتغال دارد (اسم),名,اسم,成功的商人 (chénggōng de shāngrén) | 外国商人 (wàiguó shāngrén) | 当地商人 (dāngdì shāngrén),他是一位成功的商人。,Tā shì yí wèi chénggōng de shāngrén.,او بازرگان موفقی است.,
943,上升,shàngshēng,HSK 5,动,1,由低处向高处移动（动）,بالا رفتن؛ از جایی پایین به سمت بالا حرکت کردن (فعل),动,فعل,缓缓上升 (huǎnhuǎn shàngshēng) | 上升到高空 (shàngshēng dào gāokōng) | 烟雾不断上升 (yānwù búduàn shàngshēng),热气球正在慢慢上升。,Rèqìqiú zhèngzài mànmàn shàngshēng.,بالن هوای گرم به‌آرامی در حال بالا رفتن است.,
943,上升,shàngshēng,HSK 5,动,2,数量、程度、水平或地位等提高（动）,افزایش یافتن؛ بالاتر رفتن مقدار، سطح، درجه یا جایگاه (فعل),动,فعل,气温上升 (qìwēn shàngshēng) | 水平不断上升 (shuǐpíng búduàn shàngshēng) | 地位上升 (dìwèi shàngshēng),最近气温明显上升了。,Zuìjìn qìwēn míngxiǎn shàngshēng le.,اخیراً دما به‌طور محسوسی افزایش یافته است.,
944,商务,shāngwù,HSK 5,名,1,与商业、贸易和经营活动有关的事务（名）,امور تجاری؛ فعالیت‌های مربوط به کسب‌وکار و تجارت (اسم),名,اسم,商务活动 (shāngwù huódòng) | 商务谈判 (shāngwù tánpàn) | 商务会议 (shāngwù huìyì),他去上海参加商务谈判。,Tā qù Shànghǎi cānjiā shāngwù tánpàn.,او برای شرکت در مذاکرات تجاری به شانگهای رفت.,
945,上下,shàngxià,HSK 5,名、副,1,上面和下面；从上到下或来回向上、向下（名/副）,بالا و پایین؛ از بالا تا پایین یا در هر دو جهت (اسم/قید),名/副,اسم/قید,上下移动 (shàngxià yídòng) | 上下打量 (shàngxià dǎliang) | 上下来回跑 (shàngxià láihuí pǎo),电梯正在上下运行。,Diàntī zhèngzài shàngxià yùnxíng.,آسانسور در حال حرکت به بالا و پایین است.,
945,上下,shàngxià,HSK 5,名、副,2,上级和下级；某个组织或范围内的所有人（名）,بالادستان و زیردستان؛ همهٔ افراد یک مجموعه (اسم),名,اسم,公司上下 (gōngsī shàngxià) | 全国上下 (quánguó shàngxià) | 全校上下 (quánxiào shàngxià),公司上下都非常重视这个项目。,Gōngsī shàngxià dōu fēicháng zhòngshì zhège xiàngmù.,همهٔ افراد شرکت، از مدیران تا کارکنان، به این پروژه اهمیت زیادی می‌دهند.,
945,上下,shàngxià,HSK 5,名、副,3,放在数量后面，表示大约（名）,حدود؛ تقریباً، پس از عدد یا مقدار (اسم),名,اسم,五十岁上下 (wǔshí suì shàngxià) | 一百人上下 (yìbǎi rén shàngxià) | 十万元上下 (shí wàn yuán shàngxià),他四十岁上下。,Tā sìshí suì shàngxià.,او حدود چهل سال دارد.,
946,商业,shāngyè,HSK 5,名、形,1,通过买卖商品、提供服务等获取经济利益的活动（名）,تجارت؛ فعالیت اقتصادی مبتنی بر خریدوفروش یا ارائهٔ خدمات (اسم),名,اسم,发展商业 (fāzhǎn shāngyè) | 商业繁荣 (shāngyè fánróng) | 当地商业 (dāngdì shāngyè),这个城市的商业非常发达。,Zhège chéngshì de shāngyè fēicháng fādá.,تجارت در این شهر بسیار توسعه‌یافته است.,
946,商业,shāngyè,HSK 5,名、形,2,与商业活动或经济利益有关的（形）,تجاری؛ مربوط به تجارت، کسب‌وکار یا سود اقتصادی (صفت),形,صفت,商业模式 (shāngyè móshì) | 商业价值 (shāngyè jiàzhí) | 商业中心 (shāngyè zhōngxīn),这个项目具有很高的商业价值。,Zhège xiàngmù jùyǒu hěn gāo de shāngyè jiàzhí.,این پروژه ارزش تجاری بالایی دارد.,
947,上涨,shàngzhǎng,HSK 5,动,1,价格、指数、水位、数量等升高（动）,بالا رفتن؛ افزایش یافتن قیمت، شاخص، سطح آب یا مقدار (فعل),动,فعل,价格上涨 (jiàgé shàngzhǎng) | 房价持续上涨 (fángjià chíxù shàngzhǎng) | 水位上涨 (shuǐwèi shàngzhǎng),最近汽油价格上涨了。,Zuìjìn qìyóu jiàgé shàngzhǎng le.,اخیراً قیمت بنزین افزایش یافته است.,
948,善良,shànliáng,HSK 5,形,1,心地纯洁，没有恶意，愿意善待或帮助别人（形）,مهربان؛ نیک‌دل؛ خیرخواه و بدون بدخواهی (صفت),形,صفت,心地善良 (xīndì shànliáng) | 善良的人 (shànliáng de rén) | 善良真诚 (shànliáng zhēnchéng),她是一个善良而热心的人。,Tā shì yí ge shànliáng ér rèxīn de rén.,او فردی مهربان و یاری‌رسان است.,
949,山区,shānqū,HSK 5,名,1,山地较多的地区（名）,منطقهٔ کوهستانی؛ ناحیه‌ای با کوه‌های فراوان (اسم),名,اسم,偏远山区 (piānyuǎn shānqū) | 山区生活 (shānqū shēnghuó) | 山区道路 (shānqū dàolù),这些孩子生活在偏远山区。,Zhèxiē háizi shēnghuó zài piānyuǎn shānqū.,این کودکان در منطقه‌ای کوهستانی و دورافتاده زندگی می‌کنند.,
950,善于,shànyú,HSK 5,动,1,在某方面有长处，能够很好地做某事（动）,در کاری خوب و توانا بودن؛ مهارت داشتن (فعل),动,فعل,善于沟通 (shànyú gōutōng) | 善于思考 (shànyú sīkǎo) | 善于发现问题 (shànyú fāxiàn wèntí),他很善于与别人沟通。,Tā hěn shànyú yǔ biérén gōutōng.,او در برقراری ارتباط با دیگران بسیار ماهر است.,
951,扇子,shànzi,HSK 5,名,1,摇动时可以生风的用具（名）,بادبزن؛ وسیله‌ای که با تکان دادن آن باد ایجاد می‌شود (اسم),名,اسم,一把扇子 (yì bǎ shànzi) | 打开扇子 (dǎkāi shànzi) | 扇扇子 (shān shànzi),天气太热了，我买了一把扇子。,"Tiānqì tài rè le, wǒ mǎi le yì bǎ shànzi.",هوا خیلی گرم بود؛ برای خودم یک بادبزن خریدم.,
952,烧,shāo,HSK 5,动、名,1,燃烧；使东西着火、毁坏或变成灰（动）,سوختن؛ سوزاندن؛ با آتش نابود کردن (فعل),动,فعل,烧木头 (shāo mùtou) | 烧成灰 (shāo chéng huī) | 房子烧了 (fángzi shāo le),这些木头很快就烧完了。,Zhèxiē mùtou hěn kuài jiù shāowán le.,این چوب‌ها خیلی زود کاملاً سوختند.,
952,烧,shāo,HSK 5,动、名,2,用火或热源加热东西（动）,گرم کردن؛ با حرارت چیزی را داغ یا جوشان کردن (فعل),动,فعل,烧水 (shāo shuǐ) | 烧开水 (shāo kāishuǐ) | 烧热了 (shāo rè le),我去烧点水泡茶。,Wǒ qù shāo diǎn shuǐ pào chá.,می‌روم کمی آب بجوشانم تا چای دم کنم.,
952,烧,shāo,HSK 5,动、名,3,用加热的方法把食物做熟，常指煮后再用文火入味（动）,پختن؛ به‌ویژه با سس یا آب و حرارت ملایم جا انداختن (فعل),动,فعل,烧菜 (shāo cài) | 烧鱼 (shāo yú) | 烧得很入味 (shāo de hěn rùwèi),妈妈正在厨房里烧鱼。,Māma zhèngzài chúfáng lǐ shāo yú.,مادرم در آشپزخانه مشغول پختن ماهی است.,
952,烧,shāo,HSK 5,动、名,4,体温高于正常水平；发烧的状态（口语，动/名）,تب داشتن؛ تب و بالا بودن دمای بدن (فعل/اسم، محاوره‌ای),口语，动/名,فعل/اسم، محاوره‌ای,烧得很厉害 (shāo de hěn lìhai) | 还在烧 (hái zài shāo) | 烧退了 (shāo tuì le),孩子还在烧，得去医院看看。,"Háizi hái zài shāo, děi qù yīyuàn kànkan.",کودک هنوز تب دارد؛ باید او را به بیمارستان ببریم.,
952,烧,shāo,HSK 5,动、名,5,大量耗费钱财（口语，动）,پول زیادی مصرف کردن؛ بسیار پرهزینه بودن (فعل، محاوره‌ای),口语，动,فعل، محاوره‌ای,这个项目很烧钱 (zhège xiàngmù hěn shāo qián) | 特别烧钱 (tèbié shāo qián) | 烧了不少钱 (shāo le bù shǎo qián),开发这种技术非常烧钱。,Kāifā zhè zhǒng jìshù fēicháng shāo qián.,توسعهٔ این فناوری بسیار پرهزینه است.,
953,烧烤,shāokǎo,HSK 5,动、名,1,把食物放在火上或热源附近烤熟（动）,کباب یا گریل کردن غذا با حرارت مستقیم (فعل),动,فعل,烧烤肉类 (shāokǎo ròulèi) | 在户外烧烤 (zài hùwài shāokǎo) | 一起烧烤 (yìqǐ shāokǎo),我们周末打算去户外烧烤。,Wǒmen zhōumò dǎsuàn qù hùwài shāokǎo.,قصد داریم آخر هفته برای باربیکیو به فضای باز برویم.,
953,烧烤,shāokǎo,HSK 5,动、名,2,烤制的食品或吃这类食品的饮食方式（名）,باربیکیو؛ کباب و غذاهای گریل‌شده (اسم),名,اسم,吃烧烤 (chī shāokǎo) | 烧烤店 (shāokǎo diàn) | 海鲜烧烤 (hǎixiān shāokǎo),这家烧烤店晚上特别热闹。,Zhè jiā shāokǎo diàn wǎnshang tèbié rènao.,این رستوران باربیکیو شب‌ها بسیار شلوغ و پرجنب‌وجوش است.,
954,沙子,shāzi,HSK 5,名,1,岩石风化形成的细小颗粒（名）,شن؛ ماسه؛ ذرات ریز حاصل از فرسایش سنگ‌ها (اسم),名,اسم,一堆沙子 (yì duī shāzi) | 玩沙子 (wán shāzi) | 细软的沙子 (xìruǎn de shāzi),孩子们在沙滩上玩沙子。,Háizimen zài shātān shàng wán shāzi.,بچه‌ها در ساحل با شن بازی می‌کنند.,
955,蛇,shé,HSK 5,名,1,身体细长、没有四肢的一类爬行动物（名）,مار؛ خزنده‌ای با بدن کشیده و بدون دست‌وپا (اسم),名,اسم,一条蛇 (yì tiáo shé) | 被蛇咬了 (bèi shé yǎo le) | 害怕蛇 (hàipà shé),草地上有一条蛇。,Cǎodì shàng yǒu yì tiáo shé.,یک مار روی چمن است.,
956,设备,shèbèi,HSK 5,名,1,用于生产、工作、生活等的机器、仪器或装置（名）,تجهیزات؛ دستگاه‌ها و وسایل مورد استفاده برای تولید، کار یا زندگی (اسم),名,اسم,生产设备 (shēngchǎn shèbèi) | 医疗设备 (yīliáo shèbèi) | 先进设备 (xiānjìn shèbèi),工厂引进了一批先进设备。,Gōngchǎng yǐnjìn le yì pī xiānjìn shèbèi.,کارخانه تعدادی تجهیزات پیشرفته وارد و به کار گرفت.,
957,舍不得,shěbude,HSK 5,动,1,因留恋而不愿意离开、放弃或失去（动）,دل نکندن؛ به‌دلیل دلبستگی مایل به ترک یا رها کردن نبودن (فعل),动,فعل,舍不得离开 (shěbude líkāi) | 舍不得孩子 (shěbude háizi) | 舍不得放弃 (shěbude fàngqì),我舍不得离开这座城市。,Wǒ shěbude líkāi zhè zuò chéngshì.,دلم نمی‌آید این شهر را ترک کنم.,
957,舍不得,shěbude,HSK 5,动,2,不愿意使用、花费或拿出某物（动）,دلش نیامدن چیزی را مصرف، خرج یا واگذار کند (فعل),动,فعل,舍不得花钱 (shěbude huā qián) | 舍不得买 (shěbude mǎi) | 舍不得用 (shěbude yòng),他舍不得花钱买新手机。,Tā shěbude huā qián mǎi xīn shǒujī.,دلش نمی‌آید برای خرید گوشی جدید پول خرج کند.,
958,舍得,shěde,HSK 5,动,1,愿意放弃、付出、使用或花费，不感到可惜（动）,حاضر بودن چیزی را رها، مصرف یا خرج کند؛ دریغ نکردن (فعل),动,فعل,舍得花钱 (shěde huā qián) | 舍得投入时间 (shěde tóurù shíjiān) | 舍得放弃 (shěde fàngqì),为了孩子的教育，他很舍得花钱。,"Wèile háizi de jiàoyù, tā hěn shěde huā qián.",او برای آموزش فرزندش از خرج کردن پول دریغ نمی‌کند.,
959,设计,shèjì,HSK 5,动、名,1,根据要求预先制定方案、图样、结构或方法（动）,طراحی کردن؛ از پیش طرح، نقشه، ساختار یا روشی تهیه کردن (فعل),动,فعل,设计产品 (shèjì chǎnpǐn) | 设计房屋 (shèjì fángwū) | 精心设计 (jīngxīn shèjì),工程师正在设计一种新产品。,Gōngchéngshī zhèngzài shèjì yì zhǒng xīn chǎnpǐn.,مهندس در حال طراحی یک محصول جدید است.,
959,设计,shèjì,HSK 5,动、名,2,设计出的方案、样式、结构或构思（名）,طراحی؛ طرح، ساختار یا ایده‌ای که طراحی شده است (اسم),名,اسم,产品设计 (chǎnpǐn shèjì) | 建筑设计 (jiànzhù shèjì) | 设计独特 (shèjì dútè),这座建筑的设计非常独特。,Zhè zuò jiànzhù de shèjì fēicháng dútè.,طراحی این ساختمان بسیار منحصربه‌فرد است.,
960,设立,shèlì,HSK 5,动,1,正式成立或设置组织、机构、职位、基金等（较正式，动）,تأسیس یا ایجاد کردن رسمی یک نهاد، سمت، صندوق و مانند آن (فعل، رسمی‌تر),较正式，动,فعل، رسمی‌تر,设立机构 (shèlì jīgòu) | 设立部门 (shèlì bùmén) | 设立基金 (shèlì jījīn),公司决定设立一个新的部门。,Gōngsī juédìng shèlì yí ge xīn de bùmén.,شرکت تصمیم گرفت بخش جدیدی تأسیس کند.,
961,伸,shēn,HSK 5,动,1,使身体的一部分或物体向外、向前或展开（动）,دراز یا باز کردن عضوی از بدن یا چیزی به سمت بیرون یا جلو (فعل),动,فعل,伸手去拿 (shēn shǒu qù ná) | 伸出双臂 (shēnchū shuāngbì) | 把腿伸直 (bǎ tuǐ shēnzhí),他伸出手来帮助我。,Tā shēnchū shǒu lái bāngzhù wǒ.,او دستش را دراز کرد تا به من کمک کند.,
962,身材,shēncái,HSK 5,名,1,人的身体外形，特别指高矮、胖瘦等（名）,اندام؛ فرم ظاهری بدن، به‌ویژه از نظر قد و چاقی یا لاغری (اسم),名,اسم,身材高大 (shēncái gāodà) | 保持身材 (bǎochí shēncái) | 身材苗条 (shēncái miáotiao),她经常运动，所以身材很好。,"Tā jīngcháng yùndòng, suǒyǐ shēncái hěn hǎo.",او مرتب ورزش می‌کند، بنابراین اندام خوبی دارد.,
963,深度,shēndù,HSK 5,名,1,从表面到底部的距离（名）,عمق؛ فاصلهٔ سطح تا پایین‌ترین بخش (اسم),名,اسم,测量深度 (cèliáng shēndù) | 水的深度 (shuǐ de shēndù) | 最大深度 (zuìdà shēndù),这个湖的最大深度超过一百米。,Zhège hú de zuìdà shēndù chāoguò yìbǎi mǐ.,حداکثر عمق این دریاچه بیش از صد متر است.,
963,深度,shēndù,HSK 5,名,2,思想、研究或认识等深入的程度（名）,ژرفا؛ میزان عمیق بودن اندیشه، پژوهش یا شناخت (اسم),名,اسم,研究深度 (yánjiū shēndù) | 思想深度 (sīxiǎng shēndù) | 很有深度 (hěn yǒu shēndù),这篇文章很有思想深度。,Zhè piān wénzhāng hěn yǒu sīxiǎng shēndù.,این مقاله از ژرفای فکری زیادی برخوردار است.,
964,身份,shēnfèn,HSK 5,名,1,能够表明一个人是谁的信息或特征（名）,هویت؛ اطلاعات یا ویژگی‌هایی که مشخص می‌کند فرد چه کسی است (اسم),名,اسم,确认身份 (quèrèn shēnfèn) | 隐瞒身份 (yǐnmán shēnfèn) | 真实身份 (zhēnshí shēnfèn),警察需要确认他的身份。,Jǐngchá xūyào quèrèn tā de shēnfèn.,پلیس باید هویت او را تأیید کند.,
964,身份,shēnfèn,HSK 5,名,2,人在社会、法律或某种关系中的地位、角色或资格（名）,جایگاه؛ نقش یا وضعیت اجتماعی و قانونی فرد (اسم),名,اسم,以专家身份参加 (yǐ zhuānjiā shēnfèn cānjiā) | 合法身份 (héfǎ shēnfèn) | 特殊身份 (tèshū shēnfèn),他以专家身份参加了这次会议。,Tā yǐ zhuānjiā shēnfèn cānjiā le zhè cì huìyì.,او به‌عنوان کارشناس در این جلسه شرکت کرد.,
965,胜,shèng,HSK 5,动,1,在比赛、竞争或斗争中获胜或打败对方（动）,پیروز شدن؛ در رقابت یا مبارزه حریف را شکست دادن (فعل),动,فعل,胜了对手 (shèng le duìshǒu) | 大胜对方 (dà shèng duìfāng) | 以三比二获胜 (yǐ sān bǐ èr huòshèng),我们队最终以三比二胜了对手。,Wǒmen duì zuìzhōng yǐ sān bǐ èr shèng le duìshǒu.,تیم ما در نهایت با نتیجهٔ سه بر دو حریف را شکست داد.,
965,胜,shèng,HSK 5,动,2,超过；比另一个人或事物更好（书面，动）,برتر بودن؛ از کسی یا چیزی بهتر بودن (فعل، نوشتاری),书面，动,فعل، نوشتاری,质量胜于数量 (zhìliàng shèngyú shùliàng) | 胜过从前 (shèngguò cóngqián) | 效果胜过预期 (xiàoguǒ shèngguò yùqī),这里的风景胜过我去过的许多地方。,Zhèlǐ de fēngjǐng shèngguò wǒ qùguo de xǔduō dìfāng.,مناظر اینجا از بسیاری از جاهایی که دیده‌ام زیباتر است.,
965,胜,shèng,HSK 5,动,3,能够承受或承担，只用于否定形式（书面，动）,تاب آوردن؛ تحمل کردن، فقط در ساختار منفی (فعل، نوشتاری),书面，动,فعل، نوشتاری,不胜感激 (bú shèng gǎnjī) | 不胜荣幸 (bú shèng róngxìng) | 不胜其烦 (bú shèng qí fán),您能亲自前来，我们不胜荣幸。,"Nín néng qīnzì qiánlái, wǒmen bú shèng róngxìng.",اینکه شخصاً تشریف آوردید، برای ما افتخار بزرگی است.,
966,升,shēng,HSK 5,动、名、量,1,由低处向高处移动（动）,بالا رفتن؛ از جایی پایین به سمت بالا حرکت کردن (فعل),动,فعل,缓缓升起 (huǎnhuǎn shēngqǐ) | 升到空中 (shēng dào kōngzhōng) | 越升越高 (yuè shēng yuè gāo),太阳从东方慢慢升起来。,Tàiyáng cóng dōngfāng mànmàn shēng qǐlái.,خورشید به‌آرامی از شرق طلوع کرد.,
966,升,shēng,HSK 5,动、名、量,2,等级、职位、数量、价格等提高（动）,افزایش یافتن؛ از نظر رتبه، مقام، مقدار یا قیمت بالاتر رفتن (فعل),动,فعل,升为经理 (shēng wéi jīnglǐ) | 升了一级 (shēng le yì jí) | 油价又升了 (yóujià yòu shēng le),他去年升为部门经理了。,Tā qùnián shēng wéi bùmén jīnglǐ le.,او سال گذشته به سمت مدیر بخش ارتقا یافت.,
966,升,shēng,HSK 5,动、名、量,3,容量单位，一升等于一千毫升（名/量）,لیتر؛ واحد حجم برابر با هزار میلی‌لیتر (اسم/واحد اندازه‌گیری),名/量,اسم/واحد اندازه‌گیری,一升水 (yì shēng shuǐ) | 两升汽油 (liǎng shēng qìyóu) | 容量五升 (róngliàng wǔ shēng),这个瓶子可以装两升水。,Zhège píngzi kěyǐ zhuāng liǎng shēng shuǐ.,این بطری دو لیتر آب گنجایش دارد.,
967,生产,shēngchǎn,HSK 5,动、名,1,利用劳动、工具和技术制造产品（动）,تولید کردن؛ با استفاده از نیروی کار، ابزار و فناوری محصول ساختن (فعل),动,فعل,生产汽车 (shēngchǎn qìchē) | 生产零部件 (shēngchǎn língbùjiàn) | 大量生产 (dàliàng shēngchǎn),这家工厂主要生产汽车零部件。,Zhè jiā gōngchǎng zhǔyào shēngchǎn qìchē língbùjiàn.,این کارخانه عمدتاً قطعات خودرو تولید می‌کند.,
967,生产,shēngchǎn,HSK 5,动、名,2,制造产品的活动或过程（名）,تولید؛ فعالیت یا فرایند ساخت کالا (اسم),名,اسم,安全生产 (ānquán shēngchǎn) | 恢复生产 (huīfù shēngchǎn) | 正常生产 (zhèngcháng shēngchǎn),工厂已经恢复正常生产。,Gōngchǎng yǐjīng huīfù zhèngcháng shēngchǎn.,کارخانه تولید عادی خود را از سر گرفته است.,
967,生产,shēngchǎn,HSK 5,动、名,3,生孩子；分娩（医疗或较正式，动）,زایمان کردن؛ فرزند به دنیا آوردن (فعل، پزشکی یا رسمی),医疗或较正式，动,فعل، پزشکی یا رسمی,即将生产 (jíjiāng shēngchǎn) | 等待生产 (děngdài shēngchǎn) | 生产过程顺利 (shēngchǎn guòchéng shùnlì),医生说她可能会提前生产。,Yīshēng shuō tā kěnéng huì tíqián shēngchǎn.,پزشک گفت ممکن است او زودتر از موعد زایمان کند.,
968,生存,shēngcún,HSK 5,动,1,保存生命或继续存在（动）,زنده ماندن؛ به حیات یا موجودیت خود ادامه دادن (فعل),动,فعل,努力生存 (nǔlì shēngcún) | 生存下去 (shēngcún xiàqù) | 难以生存 (nányǐ shēngcún),动物需要适应环境才能生存。,Dòngwù xūyào shìyìng huánjì cáinéng shēngcún.,حیوانات برای زنده ماندن باید با محیط سازگار شوند.,
969,生动,shēngdòng,HSK 5,形,1,形象具体、有活力，能给人鲜明的感受（形）,زنده و گیرا؛ ملموس و تأثیرگذار (صفت),形,صفت,生动形象 (shēngdòng xíngxiàng) | 生动有趣 (shēngdòng yǒuqù) | 描写得很生动 (miáoxiě de hěn shēngdòng),老师用生动的例子解释了这个问题。,Lǎoshī yòng shēngdòng de lìzi jiěshì le zhège wèntí.,معلم با مثال‌هایی زنده و گیرا این مسئله را توضیح داد.,
970,省份,shěngfèn,HSK 5,名,1,国家行政区划中的省级地区（名）,استان؛ منطقه‌ای در سطح تقسیمات اداری استان (اسم),名,اسم,不同省份 (bùtóng shěngfèn) | 来自多个省份 (láizì duō ge shěngfèn) | 省份众多 (shěngfèn zhòngduō),中国不同省份的饮食习惯各不相同。,Zhōngguó bùtóng shěngfèn de yǐnshí xíguàn gè bù xiāngtóng.,عادات غذایی در استان‌های مختلف چین با یکدیگر متفاوت است.,
971,省会,shěnghuì,HSK 5,名,1,一个省的行政中心所在的城市（名）,مرکز استان؛ شهری که مرکز اداری یک استان است (اسم),名,اسم,省会城市 (shěnghuì chéngshì) | 住在省会 (zhù zài shěnghuì) | 前往省会 (qiánwǎng shěnghuì),杭州是浙江省的省会。,Hángzhōu shì Zhèjiāng Shěng de shěnghuì.,هانگژو مرکز استان ژجیانگ است.,
972,升级,shēngjí,HSK 5,动,1,从较低的等级、阶段或版本提高到较高的等级、阶段或版本（动）,ارتقا یافتن یا ارتقا دادن؛ به سطح، مرحله یا نسخهٔ بالاتر رفتن (فعل),动,فعل,系统升级 (xìtǒng shēngjí) | 升级到最新版本 (shēngjí dào zuìxīn bǎnběn) | 设备全面升级 (shèbèi quánmiàn shēngjí),这个软件需要升级到最新版本。,Zhège ruǎnjiàn xūyào shēngjí dào zuìxīn bǎnběn.,این نرم‌افزار باید به جدیدترین نسخه ارتقا یابد.,
973,胜利,shènglì,HSK 5,动、名、副,1,在斗争、比赛或竞争中取得成功（动）,پیروز شدن؛ در مبارزه، مسابقه یا رقابت موفق شدن (فعل),动,فعل,最终胜利 (zuìzhōng shènglì) | 一定会胜利 (yídìng huì shènglì) | 革命胜利了 (gémìng shènglì le),我们相信最后一定会胜利。,Wǒmen xiāngxìn zuìhòu yídìng huì shènglì.,ما باور داریم که در نهایت حتماً پیروز خواهیم شد.,
973,胜利,shènglì,HSK 5,动、名、副,2,斗争、比赛或竞争中取得的成功（名）,پیروزی؛ موفقیت به‌دست‌آمده در مبارزه یا رقابت (اسم),名,اسم,取得胜利 (qǔdé shènglì) | 赢得胜利 (yíngdé shènglì) | 最终的胜利 (zuìzhōng de shènglì),我们终于取得了胜利。,Wǒmen zhōngyú qǔdé le shènglì.,ما سرانجام به پیروزی رسیدیم.,
973,胜利,shènglì,HSK 5,动、名、副,3,成功地，多用于政治、历史报道或正式宣传语（副）,با موفقیت، بیشتر در گزارش‌های سیاسی، تاریخی یا زبان تبلیغاتی رسمی (قید),副,قید,胜利完成任务 (shènglì wánchéng rènwu) | 胜利召开大会 (shènglì zhàokāi dàhuì) | 胜利闭幕 (shènglì bìmù),大会胜利闭幕。,Dàhuì shènglì bìmù.,همایش با موفقیت به پایان رسید.,
974,升温,shēngwēn,HSK 5,动,1,温度升高（动）,گرم‌تر شدن؛ بالا رفتن دما (فعل),动,فعل,开始升温 (kāishǐ shēngwēn) | 快速升温 (kuàisù shēngwēn) | 持续升温 (chíxù shēngwēn),天气开始迅速升温。,Tiānqì kāishǐ xùnsù shēngwēn.,هوا به‌سرعت رو به گرم شدن گذاشت.,
974,升温,shēngwēn,HSK 5,动,2,关系、感情、局势等变得更热烈或紧张（比喻，动）,گرم‌تر یا شدیدتر شدن روابط، احساسات یا وضعیت (فعل، مجازی),比喻，动,فعل، مجازی,关系不断升温 (guānxì búduàn shēngwēn) | 感情逐渐升温 (gǎnqíng zhújiàn shēngwēn) | 局势迅速升温 (júshì xùnsù shēngwēn),两国之间的合作关系不断升温。,Liǎng guó zhījiān de hézuò guānxì búduàn shēngwēn.,روابط همکاری میان دو کشور پیوسته گرم‌تر می‌شود.,
975,生物,shēngwù,HSK 5,名,1,有生命的物体，包括动物、植物、微生物等（名）,موجود زنده؛ ازجمله حیوانات، گیاهان و ریزاندامگان (اسم),名,اسم,海洋生物 (hǎiyáng shēngwù) | 多种生物 (duō zhǒng shēngwù) | 研究生物 (yánjiū shēngwù),海洋里生活着许多种生物。,Hǎiyáng lǐ shēnghuózhe xǔduō zhǒng shēngwù.,گونه‌های بسیاری از موجودات زنده در اقیانوس زندگی می‌کنند.,
975,生物,shēngwù,HSK 5,名,2,学校中研究生命现象和生物体的学科或课程（口语，名）,زیست‌شناسی؛ درس مربوط به موجودات زنده (اسم، محاوره‌ای),口语，名,اسم، محاوره‌ای,学习生物 (xuéxí shēngwù) | 生物老师 (shēngwù lǎoshī) | 生物考试 (shēngwù kǎoshì),我高中时最喜欢的科目是生物。,Wǒ gāozhōng shí zuì xǐhuan de kēmù shì shēngwù.,درس موردعلاقهٔ من در دبیرستان زیست‌شناسی بود.,
976,生肖,shēngxiào,HSK 5,名,1,用十二种动物表示出生年份的中国传统属相（名）,حیوان سال تولد؛ نشان حیوانی سال تولد در گاه‌شماری سنتی چین (اسم),名,اسم,属什么生肖 (shǔ shénme shēngxiào) | 生肖是龙 (shēngxiào shì lóng) | 不同的生肖 (bùtóng de shēngxiào),你的生肖是什么？,Nǐ de shēngxiào shì shénme?,حیوان سال تولد تو چیست؟,
977,生长,shēngzhǎng,HSK 5,动,1,生物体长大或发育（动）,رشد کردن؛ بزرگ شدن و نمو یافتن موجود زنده (فعل),动,فعل,生长得很快 (shēngzhǎng de hěn kuài) | 健康生长 (jiànkāng shēngzhǎng) | 适合生长 (shìhé shēngzhǎng),这种植物适合在温暖的地方生长。,Zhè zhǒng zhíwù shìhé zài wēnnuǎn de dìfang shēngzhǎng.,این گیاه برای رشد در مناطق گرم مناسب است.,
978,深厚,shēnhòu,HSK 5,形,1,感情、基础、功底或文化积累等很深、很强（形）,عمیق و استوار؛ دارای پیوند، پایه یا پشتوانهٔ قوی (صفت),形,صفت,感情深厚 (gǎnqíng shēnhòu) | 功底深厚 (gōngdǐ shēnhòu) | 文化底蕴深厚 (wénhuà dǐyùn shēnhòu),他们之间有着深厚的友谊。,Tāmen zhījiān yǒuzhe shēnhòu de yǒuyì.,میان آن‌ها دوستی عمیقی وجود دارد.,
979,神话,shénhuà,HSK 5,名,1,关于神、英雄或自然现象的古代幻想性故事（名）,اسطوره؛ داستانی کهن دربارهٔ خدایان، قهرمانان یا پدیده‌های طبیعی (اسم),名,اسم,古代神话 (gǔdài shénhuà) | 中国神话 (Zhōngguó shénhuà) | 神话中的人物 (shénhuà zhōng de rénwù),这是一个著名的中国古代神话。,Zhè shì yí ge zhùmíng de Zhōngguó gǔdài shénhuà.,این یکی از اسطوره‌های مشهور چین باستان است.,
979,神话,shénhuà,HSK 5,名,2,被过分美化但不符合事实的观念或说法（比喻，名）,باور یا ادعای غیرواقعی؛ افسانه‌ای دور از واقعیت (اسم، مجازی),比喻，名,اسم، مجازی,只是一个神话 (zhǐshì yí ge shénhuà) | 打破神话 (dǎpò shénhuà) | 相信这个神话 (xiāngxìn zhège shénhuà),所谓零风险投资只是一个神话。,Suǒwèi líng fēngxiǎn tóuzī zhǐshì yí ge shénhuà.,سرمایه‌گذاریِ به‌اصطلاح بدون ریسک فقط یک تصور غیرواقعی است.,
979,神话,shénhuà,HSK 5,名,3,令人难以置信的非凡成就或成功（比喻，名）,موفقیت افسانه‌ای؛ دستاوردی خارق‌العاده و باورنکردنی (اسم، مجازی),比喻，名,اسم، مجازی,创造商业神话 (chuàngzào shāngyè shénhuà) | 创造夺冠神话 (chuàngzào duóguàn shénhuà) | 成为行业神话 (chéngwéi hángyè shénhuà),这支球队创造了夺冠神话。,Zhè zhī qiúduì chuàngzào le duóguàn shénhuà.,این تیم با قهرمانی خود موفقیتی افسانه‌ای رقم زد.,
980,深刻,shēnkè,HSK 5,形,1,达到事物本质或内在的较深层次（形）,عمیق؛ ژرف و رسیده به ماهیت یا لایه‌های درونی موضوع (صفت),形,صفت,深刻理解 (shēnkè lǐjiě) | 深刻分析 (shēnkè fēnxī) | 认识得很深刻 (rènshi de hěn shēnkè),他对这个问题有深刻的理解。,Tā duì zhège wèntí yǒu shēnkè de lǐjiě.,او درک عمیقی از این مسئله دارد.,
980,深刻,shēnkè,HSK 5,形,2,给人的印象、感受或影响很深（形）,عمیق و ماندگار؛ دارای تأثیر یا احساس قوی (صفت),形,صفت,印象深刻 (yìnxiàng shēnkè) | 影响深刻 (yǐngxiǎng shēnkè) | 深刻的教训 (shēnkè de jiàoxun),这次经历给我留下了深刻的印象。,Zhè cì jīnglì gěi wǒ liúxià le shēnkè de yìnxiàng.,این تجربه تأثیری عمیق و ماندگار بر من گذاشت.,
981,神秘,shénmì,HSK 5,形,1,难以了解或无法知道真实情况，使人感到不可思议（形）,مرموز؛ اسرارآمیز؛ ناشناخته و دشوار برای درک (صفت),形,صفت,神秘人物 (shénmì rénwù) | 神秘力量 (shénmì lìliàng) | 充满神秘色彩 (chōngmǎn shénmì sècǎi),这个地方充满了神秘色彩。,Zhège dìfang chōngmǎn le shénmì sècǎi.,این مکان حال‌وهوایی اسرارآمیز دارد.,
982,深入,shēnrù,HSK 5,动、形,1,进入事物的内部、深处或实际环境（动）,وارد عمق یا فضای واقعی چیزی شدن (فعل),动,فعل,深入基层 (shēnrù jīcéng) | 深入现场 (shēnrù xiànchǎng) | 深入群众 (shēnrù qúnzhòng),记者深入现场了解情况。,Jìzhě shēnrù xiànchǎng liǎojiě qíngkuàng.,خبرنگار برای بررسی وضعیت وارد محل حادثه شد.,
982,深入,shēnrù,HSK 5,动、形,2,研究、思考或理解等达到较深的程度（形）,عمیق و دقیق؛ فراتر از بررسی سطحی (صفت),形,صفت,深入研究 (shēnrù yánjiū) | 深入分析 (shēnrù fēnxī) | 深入了解 (shēnrù liǎojiě),我们需要对这个问题进行深入研究。,Wǒmen xūyào duì zhège wèntí jìnxíng shēnrù yánjiū.,ما باید این مسئله را به‌طور عمیق بررسی کنیم.,
983,深远,shēnyuǎn,HSK 5,形,1,影响或意义等深刻而长久（形）,عمیق و ماندگار؛ دارای تأثیر یا اهمیتی بلندمدت (صفت),形,صفت,影响深远 (yǐngxiǎng shēnyuǎn) | 意义深远 (yìyì shēnyuǎn) | 产生深远影响 (chǎnshēng shēnyuǎn yǐngxiǎng),这项改革产生了深远的影响。,Zhè xiàng gǎigé chǎnshēng le shēnyuǎn de yǐngxiǎng.,این اصلاحات تأثیری عمیق و ماندگار بر جای گذاشت.,
984,社区,shèqū,HSK 5,名,1,具有共同生活环境和公共服务的居民区域（名）,محله؛ محدوده‌ای مسکونی با محیط و خدمات عمومی مشترک (اسم),名,اسم,社区服务 (shèqū fúwù) | 社区居民 (shèqū jūmín) | 社区活动 (shèqū huódòng),社区为老年人提供了很多服务。,Shèqū wèi lǎoniánrén tígōng le hěn duō fúwù.,این محله خدمات زیادی به سالمندان ارائه می‌دهد.,
984,社区,shèqū,HSK 5,名,2,由具有共同兴趣、职业或联系的人组成的群体，常指网络群体（名）,جامعه؛ اجتماع افرادی با علاقه، حرفه یا ارتباطی مشترک، به‌ویژه در اینترنت (اسم),名,اسم,网络社区 (wǎngluò shèqū) | 开发者社区 (kāifāzhě shèqū) | 用户社区 (yònghù shèqū),这个网络社区有很多活跃用户。,Zhège wǎngluò shèqū yǒu hěn duō huóyuè yònghù.,این جامعهٔ آنلاین کاربران فعال زیادی دارد.,
985,设施,shèshī,HSK 5,名,1,为满足工作、生活或其他需要而设置的建筑、设备等（名）,تأسیسات و امکانات؛ سازه‌ها و تجهیزاتی که برای نیازی مشخص ایجاد شده‌اند (اسم),名,اسم,基础设施 (jīchǔ shèshī) | 公共设施 (gōnggòng shèshī) | 服务设施 (fúwù shèshī),这个城市的基础设施非常完善。,Zhège chéngshì de jīchǔ shèshī fēicháng wánshàn.,زیرساخت‌های این شهر بسیار توسعه‌یافته‌اند.,
986,摄影,shèyǐng,HSK 5,动、名,1,使用照相机或摄影机拍摄照片、影像（动）,عکاسی یا فیلم‌برداری کردن؛ ثبت تصویر با دوربین (فعل),动,فعل,外出摄影 (wàichū shèyǐng) | 到野外摄影 (dào yěwài shèyǐng) | 为杂志摄影 (wèi zázhì shèyǐng),他喜欢到世界各地摄影。,Tā xǐhuan dào shìjiè gèdì shèyǐng.,او دوست دارد در نقاط مختلف جهان عکاسی کند.,
986,摄影,shèyǐng,HSK 5,动、名,2,拍摄照片或影像的技术和艺术（名）,عکاسی و فیلم‌برداری؛ هنر و فن ثبت تصویر (اسم),名,اسم,摄影艺术 (shèyǐng yìshù) | 摄影技术 (shèyǐng jìshù) | 学习摄影 (xuéxí shèyǐng),摄影是他的主要爱好。,Shèyǐng shì tā de zhǔyào àihào.,عکاسی سرگرمی اصلی اوست.,
987,设置,shèzhì,HSK 5,动、名,1,设立、安装或安排机构、设施、障碍等（动）,ایجاد، نصب یا قرار دادن یک نهاد، تأسیسات یا مانع (فعل),动,فعل,设置机构 (shèzhì jīgòu) | 设置路障 (shèzhì lùzhàng) | 设置服务点 (shèzhì fúwùdiǎn),有关部门在路口设置了检查点。,Yǒuguān bùmén zài lùkǒu shèzhì le jiǎnchádiǎn.,نهادهای مربوط در تقاطع یک ایست بازرسی ایجاد کردند.,
987,设置,shèzhì,HSK 5,动、名,2,设定设备、软件的功能、参数或选项（动）,تنظیم کردن قابلیت، پارامتر یا گزینه‌ای در دستگاه یا نرم‌افزار (فعل),动,فعل,设置密码 (shèzhì mìmǎ) | 设置语言 (shèzhì yǔyán) | 设置提醒时间 (shèzhì tíxǐng shíjiān),请先设置一个新的密码。,Qǐng xiān shèzhì yí ge xīn de mìmǎ.,لطفاً ابتدا یک رمز عبور جدید تنظیم کنید.,
987,设置,shèzhì,HSK 5,动、名,3,设备或软件中的配置和选项（名）,تنظیمات؛ گزینه‌ها و پیکربندی یک دستگاه یا نرم‌افزار (اسم),名,اسم,系统设置 (xìtǒng shèzhì) | 隐私设置 (yǐnsī shèzhì) | 默认设置 (mòrèn shèzhì),你可以在系统设置里修改语言。,Nǐ kěyǐ zài xìtǒng shèzhì lǐ xiūgǎi yǔyán.,می‌توانی زبان را در تنظیمات سیستم تغییر دهی.,
989,诗,shī,HSK 5,名,1,用有节奏或富有想象力的语言表达思想感情的文学体裁或作品（名）,شعر؛ اثر ادبی آهنگین یا خیال‌انگیز برای بیان اندیشه و احساس (اسم),名,اسم,一首诗 (yì shǒu shī) | 写诗 (xiě shī) | 朗读诗 (lǎngdú shī),他给我们读了一首诗。,Tā gěi wǒmen dú le yì shǒu shī.,او شعری برای ما خواند.,
990,湿,shī,HSK 5,形,1,含有较多水分或沾有水，与“干”相对（形）,خیس؛ مرطوب؛ دارای رطوبت، در برابر «خشک» (صفت),形,صفت,衣服湿了 (yīfu shī le) | 头发还是湿的 (tóufa háishi shī de) | 又冷又湿 (yòu lěng yòu shī),我的衣服被雨淋湿了。,Wǒ de yīfu bèi yǔ línshī le.,لباسم زیر باران خیس شد.,
991,时差,shíchā,HSK 5,名,1,不同地区因所在时区不同而产生的时间差（名）,اختلاف زمانی؛ تفاوت ساعت میان مناطق زمانی مختلف (اسم),名,اسم,有很大时差 (yǒu hěn dà shíchā) | 适应时差 (shìyìng shíchā) | 倒时差 (dǎo shíchā),中国和美国之间有很大的时差。,Zhōngguó hé Měiguó zhījiān yǒu hěn dà de shíchā.,میان چین و آمریکا اختلاف زمانی زیادی وجود دارد.,
992,时常,shícháng,HSK 5,副,1,常常；不时地，多用于稍正式的表达（副）,اغلب؛ گاه‌به‌گاه و به‌دفعات، کمی رسمی‌تر از «常常» (قید),副,قید,时常想起 (shícháng xiǎngqǐ) | 时常联系 (shícháng liánxì) | 时常发生 (shícháng fāshēng),我时常想起小时候的生活。,Wǒ shícháng xiǎngqǐ xiǎoshíhou de shēnghuó.,من اغلب یاد دوران کودکی‌ام می‌افتم.,
993,时代,shídài,HSK 5,名,1,具有一定政治、经济、社会或文化特点的历史时期（名）,عصر؛ دوره‌ای تاریخی با ویژگی‌های سیاسی، اقتصادی، اجتماعی یا فرهنگی مشخص (اسم),名,اسم,信息时代 (xìnxī shídài) | 时代背景 (shídài bèijǐng) | 时代变化 (shídài biànhuà),我们生活在一个快速变化的时代。,Wǒmen shēnghuó zài yí ge kuàisù biànhuà de shídài.,ما در عصری با تغییرات سریع زندگی می‌کنیم.,
994,适当,shìdàng,HSK 5,形、副,1,合适；符合实际需要或具体情况（形）,مناسب؛ متناسب با نیاز یا شرایط موجود (صفت),形,صفت,适当的方法 (shìdàng de fāngfǎ) | 选择适当时机 (xuǎnzé shìdàng shíjī) | 安排得很适当 (ānpái de hěn shìdàng),我们应该选择适当的方法解决问题。,Wǒmen yīnggāi xuǎnzé shìdàng de fāngfǎ jiějué wèntí.,ما باید روش مناسبی برای حل مسئله انتخاب کنیم.,
994,适当,shìdàng,HSK 5,形、副,2,在程度或数量上不过多也不过少（副）,به‌اندازه؛ در حد مناسب (قید),副,قید,适当增加 (shìdàng zēngjiā) | 适当减少 (shìdàng jiǎnshǎo) | 适当调整 (shìdàng tiáozhěng),你应该适当增加运动量。,Nǐ yīnggāi shìdàng zēngjiā yùndòngliàng.,باید میزان ورزش خود را کمی و به‌اندازهٔ مناسب افزایش دهی.,
995,似的,shìde,HSK 5,助,1,用在名词、代词或动词性成分后，表示相似、比喻或推测（助）,مانند؛ مثل؛ گویی، برای بیان شباهت یا حالت ظاهری (حرف کمکی),助,حرف کمکی,像梦似的 (xiàng mèng shìde) | 飞似的跑开 (fēi shìde pǎokāi) | 什么也不知道似的 (shénme yě bù zhīdào shìde),他像什么也没听见似的继续工作。,Tā xiàng shénme yě méi tīngjiàn shìde jìxù gōngzuò.,او طوری به کارش ادامه داد که انگار چیزی نشنیده است.,
996,使得,shǐde,HSK 5,动,1,引起某种结果；让某种情况发生（动）,باعث شدن؛ موجب پدید آمدن وضعیت یا نتیجه‌ای شدن (فعل),动,فعل,使得成本降低 (shǐde chéngběn jiàngdī) | 使得问题更加复杂 (shǐde wèntí gèngjiā fùzá) | 使得效率提高 (shǐde xiàolǜ tígāo),新技术使得生产效率大大提高。,Xīn jìshù shǐde shēngchǎn xiàolǜ dàdà tígāo.,فناوری جدید باعث شده است بهره‌وری تولید به میزان زیادی افزایش یابد.,
997,事故,shìgù,HSK 5,名,1,意外发生并造成损失、伤亡或其他不良后果的事件（名）,حادثه؛ رویدادی ناخواسته که موجب خسارت، آسیب یا پیامدی منفی می‌شود (اسم),名,اسم,交通事故 (jiāotōng shìgù) | 发生事故 (fāshēng shìgù) | 一起严重事故 (yì qǐ yánzhòng shìgù),昨天这里发生了一起交通事故。,Zuótiān zhèlǐ fāshēng le yì qǐ jiāotōng shìgù.,دیروز در اینجا یک حادثهٔ رانندگی رخ داد.,
998,实践,shíjiàn,HSK 5,动、名,1,把理论、知识、理想等用于实际行动（动）,در عمل به کار بستن؛ نظریه، دانش یا آرمانی را عملی کردن (فعل),动,فعل,实践自己的理念 (shíjiàn zìjǐ de lǐniàn) | 在工作中实践 (zài gōngzuò zhōng shíjiàn) | 亲自实践 (qīnzì shíjiàn),这种方法需要在工作中不断实践。,Zhè zhǒng fāngfǎ xūyào zài gōngzuò zhōng búduàn shíjiàn.,این روش باید پیوسته در محیط کار به‌صورت عملی آزموده و اجرا شود.,
998,实践,shíjiàn,HSK 5,动、名,2,为实现某种目的而进行的实际活动，也指由此获得的经验（名）,عمل؛ فعالیت یا تجربهٔ عملی (اسم),名,اسم,社会实践 (shèhuì shíjiàn) | 实践经验 (shíjiàn jīngyàn) | 理论与实践 (lǐlùn yǔ shíjiàn),理论必须与实践相结合。,Lǐlùn bìxū yǔ shíjiàn xiāng jiéhé.,نظریه باید با عمل ترکیب شود.,
999,事件,shìjiàn,HSK 5,名,1,社会上或历史上发生的具有一定影响的事情（名）,رویداد؛ واقعه‌ای اجتماعی یا تاریخی با تأثیری مشخص (اسم),名,اسم,重大事件 (zhòngdà shìjiàn) | 历史事件 (lìshǐ shìjiàn) | 突发事件 (tūfā shìjiàn),这次事件引起了社会的广泛关注。,Zhè cì shìjiàn yǐnqǐ le shèhuì de guǎngfàn guānzhù.,این رویداد توجه گستردهٔ جامعه را جلب کرد.,
1000,试卷,shìjuàn,HSK 5,名,1,考试时印有试题、供考生作答的纸张或电子文件（名）,برگهٔ امتحان؛ برگه یا فایل حاوی پرسش‌های آزمون (اسم),名,اسم,一份试卷 (yí fèn shìjuàn) | 发试卷 (fā shìjuàn) | 批改试卷 (pīgǎi shìjuàn),考试结束后，请把试卷交给老师。,"Kǎoshì jiéshù hòu, qǐng bǎ shìjuàn jiāo gěi lǎoshī.",پس از پایان امتحان، لطفاً برگهٔ امتحان را به معلم تحویل دهید.,
1001,时刻,shíkè,HSK 5,名、副,1,时间中的某一点；某个具体时候（名）,لحظه؛ زمان مشخص (اسم),名,اسم,重要时刻（zhòngyào shíkè）|关键时刻（guānjiàn shíkè）|幸福时刻（xìngfú shíkè）,这是我人生中最重要的时刻之一。,Zhè shì wǒ rénshēng zhōng zuì zhòngyào de shíkè zhī yī.,این یکی از مهم‌ترین لحظه‌های زندگی من است.,
1001,时刻,shíkè,HSK 5,名、副,2,每时每刻；一直保持某种状态（副）,همواره؛ همیشه؛ در هر لحظه (قید),副,قید,时刻准备着（shíkè zhǔnbèizhe）|时刻注意（shíkè zhùyì）|时刻保持警惕（shíkè bǎochí jǐngtì）,我们要时刻注意安全。,Wǒmen yào shíkè zhùyì ānquán.,باید همیشه مراقب ایمنی باشیم.,
1002,实力,shílì,HSK 5,名,1,实际具有的力量或能力（名）,قدرت؛ توان؛ بنیهٔ واقعی (اسم),名,اسم,经济实力（jīngjì shílì）|综合实力（zōnghé shílì）|增强实力（zēngqiáng shílì）,这家公司实力很强。,Zhè jiā gōngsī shílì hěn qiáng.,این شرکت توان بسیار بالایی دارد.,
1003,失恋,shīliàn,HSK 5,动,1,恋爱关系结束而失去恋爱对象（动）,شکست عشقی خوردن؛ معشوق خود را از دست دادن (فعل),动,فعل,刚刚失恋（gānggāng shīliàn）|失恋以后（shīliàn yǐhòu）|因为失恋（yīnwèi shīliàn）,他失恋以后一直很难过。,Tā shīliàn yǐhòu yìzhí hěn nánguò.,او بعد از شکست عشقی مدت زیادی ناراحت بود.,
1004,失眠,shīmián,HSK 5,动,1,难以入睡或无法正常睡眠（动）,دچار بی‌خوابی شدن؛ خواب‌نبردن (فعل),动,فعل,长期失眠（chángqī shīmián）|严重失眠（yánzhòng shīmián）|经常失眠（jīngcháng shīmián）,最近我经常失眠。,Zuìjìn wǒ jīngcháng shīmián.,تازگی‌ها خیلی وقت‌ها خوابم نمی‌برد.,
1005,市民,shìmín,HSK 5,名,1,城市中的居民（名）,شهروند؛ ساکن شهر (اسم),名,اسم,普通市民（pǔtōng shìmín）|市民生活（shìmín shēnghuó）|市民权益（shìmín quányì）,很多市民参加了这次活动。,Hěn duō shìmín cānjiā le zhè cì huódòng.,شهروندان زیادی در این برنامه شرکت کردند.,
1006,时期,shíqī,HSK 5,名,1,具有某种特征的一段时间（名）,دوره؛ مقطع زمانی (اسم),名,اسم,发展时期（fāzhǎn shíqī）|战争时期（zhànzhēng shíqī）|青年时期（qīngnián shíqī）,这是国家发展的重要时期。,Zhè shì guójiā fāzhǎn de zhòngyào shíqī.,این دورهٔ مهمی در توسعهٔ کشور است.,
1007,诗人,shīrén,HSK 5,名,1,创作诗歌的人（名）,شاعر (اسم),名,اسم,著名诗人（zhùmíng shīrén）|唐代诗人（Tángdài shīrén）|当代诗人（dāngdài shīrén）,他是一位著名的诗人。,Tā shì yí wèi zhùmíng de shīrén.,او شاعر مشهوری است.,
1008,实施,shíshī,HSK 5,动,1,使计划、政策、措施等付诸实行（动）,اجرا کردن؛ به اجرا گذاشتن (فعل),动,فعل,实施计划（shíshī jìhuà）|实施政策（shíshī zhèngcè）|实施改革（shíshī gǎigé）,政府开始实施这项新政策。,Zhèngfǔ kāishǐ shíshī zhè xiàng xīn zhèngcè.,دولت اجرای این سیاست جدید را آغاز کرد.,
1009,事实,shìshí,HSK 5,名,1,客观存在的真实情况（名）,واقعیت؛ امر واقعی (اسم),名,اسم,客观事实（kèguān shìshí）|尊重事实（zūnzhòng shìshí）|根据事实（gēnjù shìshí）,事实证明他说得对。,Shìshí zhèngmíng tā shuō de duì.,واقعیت نشان داد که حرفش درست بود.,
1010,石头,shítou,HSK 5,名,1,大小不一的石块（名）,سنگ؛ تکه‌سنگ (اسم),名,اسم,一块石头（yí kuài shítou）|搬石头（bān shítou）|捡石头（jiǎn shítou）,路上有很多石头。,Lù shàng yǒu hěn duō shítou.,در جاده سنگ‌های زیادی هست.,
1011,视为,shìwéi,HSK 5,动,1,看作；认为是（较正式）（动）,به شمار آوردن؛ تلقی کردن (رسمی‌تر) (فعل),动,فعل,视为朋友（shìwéi péngyou）|视为重点（shìwéi zhòngdiǎn）|被视为典范（bèi shìwéi diǎnfàn）,他被视为公司的核心人物。,Tā bèi shìwéi gōngsī de héxīn rénwù.,او یکی از افراد کلیدی شرکت تلقی می‌شود.,
1012,事物,shìwù,HSK 5,名,1,客观存在的各种事情和物体（名）,پدیده‌ها، امور و چیزهای موجود (اسم),名,اسم,新事物（xīn shìwù）|客观事物（kèguān shìwù）|认识事物（rènshi shìwù）,新事物总会慢慢被人们接受。,Xīn shìwù zǒng huì mànmàn bèi rénmen jiēshòu.,پدیده‌های تازه کم‌کم مورد پذیرش مردم قرار می‌گیرند.,
1013,失误,shīwù,HSK 5,名、动,1,因疏忽、判断不当等造成的错误（名）,اشتباه؛ خطای ناشی از بی‌دقتی یا قضاوت نادرست (اسم),名,اسم,工作失误（gōngzuò shīwù）|严重失误（yánzhòng shīwù）|出现失误（chūxiàn shīwù）,这次失误影响了整个项目。,Zhè cì shīwù yǐngxiǎng le zhěnggè xiàngmù.,این اشتباه بر کل پروژه تأثیر گذاشت.,
1013,失误,shīwù,HSK 5,名、动,2,因疏忽或判断不当而出错（动）,اشتباه کردن؛ دچار خطا شدن (فعل),动,فعل,操作失误（cāozuò shīwù）|判断失误（pànduàn shīwù）|连续失误（liánxù shīwù）,他在比赛中连续失误。,Tā zài bǐsài zhōng liánxù shīwù.,او در مسابقه چند بار پیاپی اشتباه کرد.,
1014,实习,shíxí,HSK 5,动、名,1,在实际工作中学习和接受训练（动）,کارآموزی کردن؛ ضمن کار آموزش دیدن (فعل),动,فعل,到医院实习（dào yīyuàn shíxí）|在公司实习（zài gōngsī shíxí）|实习一年（shíxí yì nián）,我正在一家医院实习。,Wǒ zhèngzài yì jiā yīyuàn shíxí.,من در یک بیمارستان کارآموزی می‌کنم.,
1014,实习,shíxí,HSK 5,动、名,2,在实际工作中学习和训练的过程或阶段（名）,کارآموزی؛ دورهٔ کارآموزی (اسم),名,اسم,毕业实习（bìyè shíxí）|实习机会（shíxí jīhuì）|参加实习（cānjiā shíxí）,毕业实习对学生很重要。,Bìyè shíxí duì xuésheng hěn zhòngyào.,کارآموزی پایان تحصیل برای دانشجویان بسیار مهم است.,
1015,实现,shíxiàn,HSK 5,动,1,使理想、目标、愿望等成为现实（动）,محقق کردن؛ تحقق بخشیدن (فعل),动,فعل,实现目标（shíxiàn mùbiāo）|实现梦想（shíxiàn mèngxiǎng）|实现愿望（shíxiàn yuànwàng）,他终于实现了自己的梦想。,Tā zhōngyú shíxiàn le zìjǐ de mèngxiǎng.,او سرانجام رؤیای خود را محقق کرد.,
1016,事先,shìxiān,HSK 5,副,1,在事情发生或进行以前（副）,از پیش؛ از قبل (قید),副,قید,事先通知（shìxiān tōngzhī）|事先准备（shìxiān zhǔnbèi）|事先安排（shìxiān ānpái）,如果你不能来，请事先告诉我。,"Rúguǒ nǐ bù néng lái, qǐng shìxiān gàosu wǒ.",اگر نمی‌توانی بیایی، لطفاً از قبل به من بگو.,
1017,实行,shíxíng,HSK 5,动,1,按照某种制度、政策、办法等去做（动）,اجرا کردن؛ به کار بستن (فعل),动,فعل,实行新制度（shíxíng xīn zhìdù）|实行改革（shíxíng gǎigé）|实行新办法（shíxíng xīn bànfǎ）,学校开始实行新的管理制度。,Xuéxiào kāishǐ shíxíng xīn de guǎnlǐ zhìdù.,مدرسه اجرای نظام مدیریتی جدیدی را آغاز کرده است.,
1018,实验,shíyàn,HSK 5,名、动,1,为验证科学理论或假设而进行的操作或活动（名）,آزمایش علمی (اسم),名,اسم,科学实验（kēxué shíyàn）|做实验（zuò shíyàn）|实验结果（shíyàn jiéguǒ）,这次实验取得了成功。,Zhè cì shíyàn qǔdé le chénggōng.,این آزمایش موفقیت‌آمیز بود.,
1018,实验,shíyàn,HSK 5,名、动,2,为验证科学理论或假设而进行操作（动）,آزمایش علمی انجام دادن (فعل),动,فعل,反复实验（fǎnfù shíyàn）|亲自实验（qīnzì shíyàn）|实验多次（shíyàn duō cì）,科学家反复实验，终于证实了这个假设。,"Kēxuéjiā fǎnfù shíyàn, zhōngyú zhèngshí le zhège jiǎshè.",دانشمندان با آزمایش‌های مکرر سرانجام این فرضیه را تأیید کردند.,
1019,试验,shìyàn,HSK 5,名、动,1,为检验性能、效果或可行性而进行的测试或尝试（名）,آزمایش؛ آزمون عملی (اسم),名,اسم,进行试验（jìnxíng shìyàn）|试验成功（shìyàn chénggōng）|试验结果（shìyàn jiéguǒ）,这项试验取得了成功。,Zhè xiàng shìyàn qǔdé le chénggōng.,این آزمایش موفقیت‌آمیز بود.,
1019,试验,shìyàn,HSK 5,名、动,2,通过实际操作检验性能、效果或可行性（动）,آزمودن؛ آزمایش کردن (فعل),动,فعل,试验新产品（shìyàn xīn chǎnpǐn）|试验新设备（shìyàn xīn shèbèi）|试验新方法（shìyàn xīn fāngfǎ）,公司正在试验一种新设备。,Gōngsī zhèngzài shìyàn yì zhǒng xīn shèbèi.,شرکت در حال آزمایش نوعی تجهیزات جدید است.,
1020,实验室,shíyànshì,HSK 5,名,1,进行科学实验、研究或检测的场所（名）,آزمایشگاه (اسم),名,اسم,化学实验室（huàxué shíyànshì）|实验室设备（shíyànshì shèbèi）|进入实验室（jìnrù shíyànshì）,学生们正在实验室里做实验。,Xuéshengmen zhèngzài shíyànshì li zuò shíyàn.,دانشجویان در آزمایشگاه مشغول انجام آزمایش‌اند.,
1021,事业,shìyè,HSK 5,名,1,个人长期从事并努力发展的工作（名）,حرفه؛ فعالیت و مسیر کاری (اسم),名,اسم,发展事业（fāzhǎn shìyè）|事业有成（shìyè yǒuchéng）|追求事业（zhuīqiú shìyè）,她希望自己的事业发展得越来越好。,Tā xīwàng zìjǐ de shìyè fāzhǎn de yuèláiyuè hǎo.,او امیدوار است مسیر کاری‌اش روزبه‌روز بهتر پیش برود.,
1021,事业,shìyè,HSK 5,名,2,为社会公共利益而从事的长期工作或活动（名）,فعالیت یا امر اجتماعی و عمومی (اسم),名,اسم,教育事业（jiàoyù shìyè）|公益事业（gōngyì shìyè）|科学事业（kēxué shìyè）,他为教育事业贡献了一生。,Tā wèi jiàoyù shìyè gòngxiàn le yìshēng.,او تمام عمرش را وقف آموزش کرد.,
1022,失业,shīyè,HSK 5,动,1,有劳动能力并愿意工作的人失去工作（动）,بیکار شدن؛ شغل خود را از دست دادن (فعل),动,فعل,长期失业（chángqī shīyè）|面临失业（miànlín shīyè）|失业在家（shīyè zài jiā）,他去年失业了。,Tā qùnián shīyè le.,او سال گذشته بیکار شد.,
1023,实用,shíyòng,HSK 5,形,1,有实际使用价值（形）,کاربردی؛ دارای فایدهٔ عملی (صفت),形,صفت,实用技术（shíyòng jìshù）|非常实用（fēicháng shíyòng）|实用价值（shíyòng jiàzhí）,这本书很实用。,Zhè běn shū hěn shíyòng.,این کتاب بسیار کاربردی است.,
1024,食用,shíyòng,HSK 5,动,1,把某种东西作为食物吃或饮用（较正式）（动）,به‌عنوان خوراک خوردن یا نوشیدن (رسمی‌تر) (فعل),动,فعل,可以食用（kěyǐ shíyòng）|禁止食用（jìnzhǐ shíyòng）|直接食用（zhíjiē shíyòng）,这种野生植物不能食用。,Zhè zhǒng yěshēng zhíwù bù néng shíyòng.,این گیاه وحشی را نمی‌توان خورد.,
1024,食用,shíyòng,HSK 5,动,2,供人食用或用于食品的，多作定语（较正式）（动）,خوراکی؛ مخصوص مصرف غذایی (رسمی‌تر) (فعل),动,فعل,食用油（shíyòng yóu）|食用盐（shíyòng yán）|食用色素（shíyòng sèsù）,购买时要分清食用盐和工业盐。,Gòumǎi shí yào fēnqīng shíyòng yán hé gōngyè yán.,هنگام خرید باید نمک خوراکی را از نمک صنعتی تشخیص داد.,
1025,试用,shìyòng,HSK 5,动,1,正式使用前先使用，以了解效果或是否合适（动）,پیش از استفادهٔ رسمی امتحان کردن؛ آزمایشی استفاده کردن (فعل),动,فعل,免费试用（miǎnfèi shìyòng）|申请试用（shēnqǐng shìyòng）|试用一个月（shìyòng yí ge yuè）,这个软件可以免费试用一个月。,Zhège ruǎnjiàn kěyǐ miǎnfèi shìyòng yí ge yuè.,می‌توانی این نرم‌افزار را یک ماه رایگان امتحان کنی.,
1026,适用,shìyòng,HSK 5,动,1,适合用于某种对象、范围或情况（动）,برای مورد یا شرایطی مناسب و قابل‌استفاده بودن (فعل),动,فعل,适用于所有人（shìyòng yú suǒyǒu rén）|适用范围（shìyòng fànwéi）|同样适用（tóngyàng shìyòng）,本规定适用于所有员工。,Běn guīdìng shìyòng yú suǒyǒu yuángōng.,این مقررات دربارهٔ همهٔ کارکنان کاربرد دارد.,
1027,始终,shǐzhōng,HSK 5,副,1,从开始到最后一直不变（副）,از ابتدا تا انتها؛ همواره (قید),副,قید,始终坚持（shǐzhōng jiānchí）|始终保持冷静（shǐzhōng bǎochí lěngjìng）|始终相信（shǐzhōng xiāngxìn）,他始终没有放弃。,Tā shǐzhōng méiyǒu fàngqì.,او تا آخر دست از تلاش نکشید.,
1028,守,shǒu,HSK 5,动,1,看护、保卫某人或某处（动）,مراقبت یا نگهبانی کردن؛ دفاع کردن (فعل),动,فعل,守着大门（shǒuzhe dàmén）|守在门口（shǒu zài ménkǒu）|守住阵地（shǒuzhù zhèndì）,士兵们日夜守着大门。,Shìbīngmen rìyè shǒuzhe dàmén.,سربازان شبانه‌روز از دروازه نگهبانی می‌دهند.,
1028,守,shǒu,HSK 5,动,2,遵守规定、原则、承诺等（动）,رعایت کردن؛ به قانون، اصل یا قولی پایبند بودن (فعل),动,فعل,守规矩（shǒu guīju）|守信用（shǒu xìnyòng）|守承诺（shǒu chéngnuò）,做人一定要守信用。,Zuòrén yídìng yào shǒu xìnyòng.,آدم باید حتماً به قول و اعتبارش پایبند باشد.,
1028,守,shǒu,HSK 5,动,3,留在某人身边陪伴或照料（动）,کنار کسی ماندن و از او مراقبت کردن (فعل),动,فعل,守在床边（shǒu zài chuángbiān）|守着病人（shǒuzhe bìngrén）|整夜守着（zhěngyè shǒuzhe）,母亲整夜守在孩子的床边。,Mǔqīn zhěngyè shǒu zài háizi de chuángbiān.,مادر تمام شب کنار تخت بچه ماند.,
1029,首次,shǒucì,HSK 5,副,1,第一次；头一回（多用于正式场合或书面语）（副）,برای نخستین بار (بیشتر رسمی یا نوشتاری) (قید),副,قید,首次公开（shǒucì gōngkāi）|首次亮相（shǒucì liàngxiàng）|首次发布（shǒucì fābù）,他首次访问了中国。,Tā shǒucì fǎngwèn le Zhōngguó.,او برای نخستین بار به چین سفر کرد.,
1030,手段,shǒuduàn,HSK 5,名,1,为达到某种目的而采取的方法或措施（名）,روش؛ وسیله؛ راه رسیدن به هدف (اسم),名,اسم,技术手段（jìshù shǒuduàn）|采取有效手段（cǎiqǔ yǒuxiào shǒuduàn）|不正当手段（bù zhèngdàng shǒuduàn）,我们要采取有效手段解决这个问题。,Wǒmen yào cǎiqǔ yǒuxiào shǒuduàn jiějué zhège wèntí.,باید برای حل این مشکل راهکارهای مؤثری به کار بگیریم.,
1031,手工,shǒugōng,HSK 5,名,1,用手而不用机器完成的工作、技艺或制作方式（名）,کار یا هنر دستی؛ روش ساخت با دست (اسم),名,اسم,做手工（zuò shǒugōng）|传统手工（chuántǒng shǒugōng）|手工制作（shǒugōng zhìzuò）,这些装饰品都是手工制作的。,Zhèxiē zhuāngshìpǐn dōu shì shǒugōng zhìzuò de.,همهٔ این وسایل تزئینی دست‌سازند.,
1031,手工,shǒugōng,HSK 5,名,2,用手制作的或以手工方式完成的，多作定语或状语（名）,دستی؛ دست‌ساز؛ با دست (اسم در نقش صفت یا قید),名,اسم در نقش صفت یا قید,手工家具（shǒugōng jiājù）|手工填写（shǒugōng tiánxiě）|手工操作（shǒugōng cāozuò）,请手工填写这张表。,Qǐng shǒugōng tiánxiě zhè zhāng biǎo.,لطفاً این فرم را با دست پر کنید.,
1032,收获,shōuhuò,HSK 5,动、名,1,收取成熟的农作物（动）,محصول کشاورزی را برداشت کردن (فعل),动,فعل,收获水稻（shōuhuò shuǐdào）|收获小麦（shōuhuò xiǎomài）|秋季收获（qiūjì shōuhuò）,农民们正在收获水稻。,Nóngmínmen zhèngzài shōuhuò shuǐdào.,کشاورزان در حال برداشت برنج‌اند.,
1032,收获,shōuhuò,HSK 5,动、名,2,通过学习、工作或经历得到成果、经验等（比喻）（动）,به دست آوردن؛ کسب کردن (مجازی) (فعل),动,فعل,收获经验（shōuhuò jīngyàn）|收获成功（shōuhuò chénggōng）|收获友谊（shōuhuò yǒuyì）,我从这次旅行中收获了很多。,Wǒ cóng zhè cì lǚxíng zhōng shōuhuò le hěn duō.,از این سفر چیزهای زیادی به دست آوردم.,
1032,收获,shōuhuò,HSK 5,动、名,3,收取的农产品或农作物的产量（名）,محصول برداشت‌شده؛ میزان محصول (اسم),名,اسم,今年的收获（jīnnián de shōuhuò）|收获丰富（shōuhuò fēngfù）|收获不错（shōuhuò búcuò）,今年地里的收获不错。,Jīnnián dìli de shōuhuò búcuò.,محصول زمین امسال بد نبوده است.,
1032,收获,shōuhuò,HSK 5,动、名,4,通过学习、工作或经历得到的成果、经验等（比喻）（名）,دستاورد؛ حاصل؛ آموخته (مجازی) (اسم),名,اسم,学习收获（xuéxí shōuhuò）|很有收获（hěn yǒu shōuhuò）|最大的收获（zuì dà de shōuhuò）,这次培训让我很有收获。,Zhè cì péixùn ràng wǒ hěn yǒu shōuhuò.,این دورهٔ آموزشی برایم بسیار پربار بود.,
1033,收集,shōují,HSK 5,动,1,把分散的东西搜集并集中起来（动）,گردآوری کردن؛ جمع‌آوری کردن (فعل),动,فعل,收集资料（shōují zīliào）|收集信息（shōují xìnxī）|收集数据（shōují shùjù）,我们正在收集相关数据。,Wǒmen zhèngzài shōují xiāngguān shùjù.,ما در حال جمع‌آوری داده‌های مرتبط هستیم.,
1034,售价,shòujià,HSK 5,名,1,商品出售时所定的价格（名）,قیمت فروش (اسم),名,اسم,市场售价（shìchǎng shòujià）|官方售价（guānfāng shòujià）|提高售价（tígāo shòujià）,这款手机的售价很高。,Zhè kuǎn shǒujī de shòujià hěn gāo.,قیمت فروش این گوشی بسیار بالاست.,
1035,收看,shōukàn,HSK 5,动,1,观看电视或网络播出的视频节目（动）,برنامهٔ تلویزیونی یا اینترنتی را تماشا کردن (فعل),动,فعل,收看新闻（shōukàn xīnwén）|收看节目（shōukàn jiémù）|收看直播（shōukàn zhíbō）,晚上我喜欢收看新闻节目。,Wǎnshang wǒ xǐhuan shōukàn xīnwén jiémù.,شب‌ها دوست دارم برنامه‌های خبری تماشا کنم.,
1036,手术,shǒushù,HSK 5,名,1,医生使用医疗器械对患者身体进行治疗的操作（医疗）（名）,عمل جراحی (پزشکی) (اسم),名,اسم,做手术（zuò shǒushù）|接受手术（jiēshòu shǒushù）|外科手术（wàikē shǒushù）,医生马上要给病人做手术。,Yīshēng mǎshàng yào gěi bìngrén zuò shǒushù.,پزشک به‌زودی بیمار را جراحی می‌کند.,
1037,手套,shǒutào,HSK 5,名,1,套在手上用于保暖、防护或装饰的用品（名）,دستکش (اسم),名,اسم,一副手套（yí fù shǒutào）|戴手套（dài shǒutào）|橡胶手套（xiàngjiāo shǒutào）,天气冷，出门要戴手套。,"Tiānqì lěng, chūmén yào dài shǒutào.",هوا سرد است؛ موقع بیرون‌رفتن باید دستکش بپوشی.,
1038,手续,shǒuxù,HSK 5,名,1,办理某件事情时必须经过的程序（名）,تشریفات؛ مراحل و روال اداری (اسم),名,اسم,办理手续（bànlǐ shǒuxù）|入学手续（rùxué shǒuxù）|出院手续（chūyuàn shǒuxù）,请先办理相关手续。,Qǐng xiān bànlǐ xiāngguān shǒuxù.,لطفاً ابتدا مراحل اداری مربوط را انجام دهید.,
1039,手指,shǒuzhǐ,HSK 5,名,1,手掌前端的五个分支（名）,انگشت دست (اسم),名,اسم,五根手指（wǔ gēn shǒuzhǐ）|手指受伤（shǒuzhǐ shòushāng）|手指疼（shǒuzhǐ téng）,他的一根手指受伤了。,Tā de yì gēn shǒuzhǐ shòushāng le.,یکی از انگشت‌های دستش آسیب دیده است.,
1040,束,shù,HSK 5,量,1,用于捆在一起的东西或聚集成束的光线等（量）,دسته؛ واحد شمارش دسته‌گل، پرتو و چیزهای دسته‌شده (واحد شمارش),量,واحد شمارش,一束花（yí shù huā）|一束光（yí shù guāng）|一束头发（yí shù tóufa）,她收到了一束花。,Tā shōudào le yí shù huā.,او یک دسته‌گل دریافت کرد.,
1041,摔,shuāi,HSK 5,动,1,身体失去平衡而倒下（动）,زمین خوردن؛ افتادن (فعل),动,فعل,摔了一跤（shuāi le yì jiāo）|摔在地上（shuāi zài dìshang）|从楼梯上摔下来（cóng lóutī shàng shuāi xiàlai）,孩子跑得太快，摔了一跤。,"Háizi pǎo de tài kuài, shuāi le yì jiāo.",بچه خیلی تند دوید و زمین خورد.,
1041,摔,shuāi,HSK 5,动,2,用力扔或使人、物猛烈撞击（动）,محکم پرت کردن؛ کوبیدن (فعل),动,فعل,摔东西（shuāi dōngxi）|摔在桌上（shuāi zài zhuōshang）|把人摔倒（bǎ rén shuāidǎo）,他一生气就把手机摔在了桌上。,Tā yì shēngqì jiù bǎ shǒujī shuāi zài le zhuōshang.,او عصبانی که شد، گوشی را محکم روی میز کوبید.,
1041,摔,shuāi,HSK 5,动,3,使物品因掉落或撞击而损坏（动）,با انداختن یا ضربه‌زدن شکستن و خراب کردن (فعل),动,فعل,摔碎杯子（shuāisuì bēizi）|摔坏手机（shuāihuài shǒujī）|把碗摔破（bǎ wǎn shuāipò）,我不小心把杯子摔碎了。,Wǒ bù xiǎoxīn bǎ bēizi shuāisuì le.,حواسم نبود و لیوان را انداختم و شکستم.,
1042,双方,shuāngfāng,HSK 5,名,1,相互有关联的两个方面或两方（名）,دو طرف؛ طرفین (اسم),名,اسم,双方合作（shuāngfāng hézuò）|双方同意（shuāngfāng tóngyì）|双方代表（shuāngfāng dàibiǎo）,双方已经达成了协议。,Shuāngfāng yǐjīng dáchéng le xiéyì.,دو طرف به توافق رسیده‌اند.,
1043,鼠标,shǔbiāo,HSK 5,名,1,用于控制计算机屏幕光标的输入设备（名）,ماوس رایانه (اسم),名,اسم,无线鼠标（wúxiàn shǔbiāo）|移动鼠标（yídòng shǔbiāo）|点击鼠标右键（diǎnjī shǔbiāo yòujiàn）,请点击鼠标左键。,Qǐng diǎnjī shǔbiāo zuǒjiàn.,لطفاً دکمهٔ چپ ماوس را کلیک کنید.,
1044,蔬菜,shūcài,HSK 5,名,1,可以做菜食用的植物（名）,سبزیجات (اسم),名,اسم,新鲜蔬菜（xīnxiān shūcài）|多吃蔬菜（duō chī shūcài）|种植蔬菜（zhòngzhí shūcài）,我们应该多吃新鲜蔬菜。,Wǒmen yīnggāi duō chī xīnxiān shūcài.,باید سبزیجات تازهٔ بیشتری بخوریم.,
1045,书法,shūfǎ,HSK 5,名,1,以汉字书写为基础的艺术（名）,هنر خوشنویسی چینی (اسم),名,اسم,书法作品（shūfǎ zuòpǐn）|学习书法（xuéxí shūfǎ）|练习书法（liànxí shūfǎ）,他从小就开始学习书法。,Tā cóngxiǎo jiù kāishǐ xuéxí shūfǎ.,او از کودکی یادگیری خوشنویسی چینی را آغاز کرده است.,
1046,书房,shūfáng,HSK 5,名,1,供人读书、写作或工作的房间（名）,اتاق مطالعه؛ اتاق کار خانگی (اسم),名,اسم,在书房里（zài shūfáng li）|走进书房（zǒujìn shūfáng）|整理书房（zhěnglǐ shūfáng）,爸爸正在书房里看书。,Bàba zhèngzài shūfáng li kàn shū.,پدر در اتاق مطالعه مشغول کتاب‌خواندن است.,
1047,税,shuì,HSK 5,名,1,国家依法向个人或单位征收的钱（名）,مالیات (اسم),名,اسم,依法交税（yīfǎ jiāo shuì）|征收税款（zhēngshōu shuìkuǎn）|免交税款（miǎnjiāo shuìkuǎn）,公司必须依法交税。,Gōngsī bìxū yīfǎ jiāo shuì.,شرکت باید طبق قانون مالیات بپردازد.,
1048,水分,shuǐfèn,HSK 5,名,1,物体中所含的水（名）,آب یا رطوبت موجود در چیزی (اسم),名,اسم,水分含量（shuǐfèn hánliàng）|补充水分（bǔchōng shuǐfèn）|保持水分（bǎochí shuǐfèn）,水果中含有很多水分。,Shuǐguǒ zhōng hányǒu hěn duō shuǐfèn.,میوه مقدار زیادی آب دارد.,
1048,水分,shuǐfèn,HSK 5,名,2,不真实或被夸大的成分（比喻）（名）,بخش غیرواقعی یا اغراق‌شده (مجازی) (اسم),名,اسم,数据有水分（shùjù yǒu shuǐfèn）|水分很大（shuǐfèn hěn dà）|去掉水分（qùdiào shuǐfèn）,这份报告的数据有不少水分。,Zhè fèn bàogào de shùjù yǒu bù shǎo shuǐfèn.,داده‌های این گزارش تا حد زیادی غیرواقعی یا اغراق‌شده‌اند.,
1049,睡眠,shuìmián,HSK 5,名,1,睡觉时的生理状态和过程（名）,خواب؛ فرایند خوابیدن (اسم),名,اسم,睡眠质量（shuìmián zhìliàng）|睡眠不足（shuìmián bùzú）|改善睡眠（gǎishàn shuìmián）,充足的睡眠对健康很重要。,Chōngzú de shuìmián duì jiànkāng hěn zhòngyào.,خواب کافی برای سلامتی بسیار مهم است.,
1050,书架,shūjià,HSK 5,名,1,用来摆放书籍的架子（名）,قفسهٔ کتاب (اسم),名,اسم,书架上（shūjià shàng）|一排书架（yì pái shūjià）|整理书架（zhěnglǐ shūjià）,书架上摆着很多书。,Shūjià shàng bǎizhe hěn duō shū.,کتاب‌های زیادی در قفسه چیده شده‌اند.,
1051,数据,shùjù,HSK 5,名,1,用于统计、计算、研究或分析的信息和数值（名）,داده؛ اطلاعات قابل پردازش یا تحلیل (اسم),名,اسم,统计数据（tǒngjì shùjù）|分析数据（fēnxī shùjù）|收集数据（shōují shùjù）,这些数据对研究非常重要。,Zhèxiē shùjù duì yánjiū fēicháng zhòngyào.,این داده‌ها برای پژوهش بسیار مهم‌اند.,
1052,熟练,shúliàn,HSK 5,形,1,因经常练习而技术纯熟或操作自如（形）,ماهر؛ مسلط؛ ورزیده (صفت),形,صفت,技术熟练（jìshù shúliàn）|操作熟练（cāozuò shúliàn）|熟练使用（shúliàn shǐyòng）,她能熟练地使用汉语交流。,Tā néng shúliàn de shǐyòng Hànyǔ jiāoliú.,او می‌تواند با مهارت به زبان چینی ارتباط برقرار کند.,
1053,树木,shùmù,HSK 5,名,1,各种树的总称（名）,درختان؛ مجموعهٔ درخت‌ها (اسم),名,اسم,树木茂盛（shùmù màoshèng）|保护树木（bǎohù shùmù）|种植树木（zhòngzhí shùmù）,这里种植了很多树木。,Zhèlǐ zhòngzhí le hěn duō shùmù.,در اینجا درختان زیادی کاشته شده‌اند.,
1054,顺,shùn,HSK 5,形、动、介,1,没有阻碍或困难；事情进展顺利（形）,روان؛ بی‌دردسر؛ روبه‌راه (صفت),形,صفت,事情很顺（shìqing hěn shùn）|进展得很顺（jìnzhǎn de hěn shùn）|一切都顺（yíqiè dōu shùn）,今天一切都很顺。,Jīntiān yíqiè dōu hěn shùn.,امروز همه‌چیز روبه‌راه بود.,
1054,顺,shùn,HSK 5,形、动、介,2,沿着同一个方向或路线（介）,در امتداد؛ در جهت (حرف اضافه),介,حرف اضافه,顺着路走（shùnzhe lù zǒu）|顺河而行（shùn hé ér xíng）|顺楼梯下去（shùn lóutī xiàqu）,顺着这条路一直走。,Shùnzhe zhè tiáo lù yìzhí zǒu.,در امتداد این جاده مستقیم برو.,
1054,顺,shùn,HSK 5,形、动、介,3,依从或迁就某人的意愿（动）,مطابق میل کسی رفتار کردن؛ با کسی راه‌آمدن (فعل),动,فعل,什么都顺着他（shénme dōu shùnzhe tā）|顺着孩子（shùnzhe háizi）|顺他的意（shùn tā de yì）,你不能什么事都顺着孩子。,Nǐ bù néng shénme shì dōu shùnzhe háizi.,نباید در هر کاری مطابق میل بچه رفتار کنی.,
1054,顺,shùn,HSK 5,形、动、介,4,整理，使有条理或不打结（动）,مرتب یا باز کردن؛ گره و درهم‌رفتگی را گرفتن (فعل),动,فعل,顺一顺头发（shùn yí shùn tóufa）|把线顺开（bǎ xiàn shùnkāi）|顺清思路（shùnqīng sīlù）,她用手顺了顺头发。,Tā yòng shǒu shùn le shùn tóufa.,او با دست موهایش را مرتب کرد.,
1055,说不定,shuōbudìng,HSK 5,副,1,表示有发生某种情况的可能（口语）（副）,شاید؛ ممکن است (محاوره‌ای) (قید),副,قید,说不定会来（shuōbudìng huì lái）|说不定有用（shuōbudìng yǒuyòng）|说不定能成功（shuōbudìng néng chénggōng）,他明天说不定会来。,Tā míngtiān shuōbudìng huì lái.,شاید او فردا بیاید.,
1056,说服,shuōfú,HSK 5,动,1,用充分的理由使别人接受某种意见或做法（动）,متقاعد کردن؛ قانع کردن (فعل),动,فعل,说服别人（shuōfú biérén）|说服父母（shuōfú fùmǔ）|成功说服对方（chénggōng shuōfú duìfāng）,他终于说服了大家。,Tā zhōngyú shuōfú le dàjiā.,او سرانجام همه را متقاعد کرد.,
1057,熟人,shúrén,HSK 5,名,1,彼此认识并有一定交往的人（名）,آشنا؛ کسی که با او آشنایی داریم (اسم),名,اسم,一个熟人（yí ge shúrén）|遇到熟人（yùdào shúrén）|熟人介绍（shúrén jièshào）,昨天我碰到了一个熟人。,Zuótiān wǒ pèngdào le yí ge shúrén.,دیروز یکی از آشنایانم را دیدم.,
1058,输入,shūrù,HSK 5,动、名,1,把文字、数据、信号等送入计算机或其他设备（动）,متن، داده یا سیگنال را وارد دستگاه کردن (فعل),动,فعل,输入密码（shūrù mìmǎ）|输入数据（shūrù shùjù）|输入文字（shūrù wénzì）,请输入用户名和密码。,Qǐng shūrù yònghùmíng hé mìmǎ.,لطفاً نام کاربری و رمز عبور را وارد کنید.,
1058,输入,shūrù,HSK 5,动、名,2,信息、数据或信号进入系统的过程或内容（名）,ورودی؛ فرایند یا محتوای واردشده (اسم),名,اسم,数据输入（shùjù shūrù）|信号输入（xìnhào shūrù）|输入与输出（shūrù yǔ shūchū）,系统没有检测到任何信号输入。,Xìtǒng méiyǒu jiǎncè dào rènhé xìnhào shūrù.,سامانه هیچ سیگنال ورودی‌ای شناسایی نکرد.,
1059,舒适,shūshì,HSK 5,形,1,感觉舒服、安逸，没有不适（形）,راحت؛ آسوده؛ دلپذیر (صفت),形,صفت,环境舒适（huánjìng shūshì）|生活舒适（shēnghuó shūshì）|舒适的座椅（shūshì de zuòyǐ）,这里的环境很舒适。,Zhèlǐ de huánjìng hěn shūshì.,محیط اینجا بسیار راحت و دلپذیر است.,
1060,属于,shǔyú,HSK 5,动,1,在所有权或支配关系上归某人或某组织（动）,متعلق به کسی یا سازمانی بودن (فعل),动,فعل,属于个人（shǔyú gèrén）|属于公司（shǔyú gōngsī）|属于国家（shǔyú guójiā）,这本书属于图书馆。,Zhè běn shū shǔyú túshūguǎn.,این کتاب متعلق به کتابخانه است.,
1060,属于,shǔyú,HSK 5,动,2,归入某一类别或范围（动）,جزو دسته یا محدوده‌ای بودن (فعل),动,فعل,属于同一类（shǔyú tóng yí lèi）|属于正常现象（shǔyú zhèngcháng xiànxiàng）|属于这个范围（shǔyú zhège fànwéi）,这种动物属于猫科。,Zhè zhǒng dòngwù shǔyú māokē.,این حیوان جزو خانوادهٔ گربه‌سانان است.,
1061,四处,sìchù,HSK 5,副,1,向各个地方；在周围各处（副）,همه‌جا؛ به هر سو؛ در اطراف (قید),副,قید,四处寻找（sìchù xúnzhǎo）|四处看看（sìchù kànkan）|四处打听（sìchù dǎting）,他四处寻找自己的手机。,Tā sìchù xúnzhǎo zìjǐ de shǒujī.,او همه‌جا دنبال گوشی‌اش گشت.,
1062,似乎,sìhū,HSK 5,副,1,表示根据某种情况作出不完全肯定的判断（副）,ظاهراً؛ گویا؛ به نظر می‌رسد (قید),副,قید,似乎知道（sìhū zhīdào）|似乎没有（sìhū méiyǒu）|似乎可以（sìhū kěyǐ）,他似乎不太高兴。,Tā sìhū bú tài gāoxìng.,به نظر می‌رسد چندان خوشحال نیست.,
1063,思考,sīkǎo,HSK 5,动、名,1,对问题进行分析、推理或考虑（动）,اندیشیدن؛ دربارهٔ چیزی فکر کردن (فعل),动,فعل,认真思考（rènzhēn sīkǎo）|独立思考（dúlì sīkǎo）|深入思考（shēnrù sīkǎo）,这个问题值得认真思考。,Zhège wèntí zhídé rènzhēn sīkǎo.,این مسئله ارزش جدی فکرکردن دارد.,
1063,思考,sīkǎo,HSK 5,动、名,2,分析、推理或考虑问题的思维活动（名）,تفکر؛ اندیشه و تأمل (اسم),名,اسم,引发思考（yǐnfā sīkǎo）|经过思考（jīngguò sīkǎo）|思考方式（sīkǎo fāngshì）,这篇文章引发了我对这个问题的思考。,Zhè piān wénzhāng yǐnfā le wǒ duì zhège wèntí de sīkǎo.,این مقاله مرا به فکرکردن دربارهٔ این مسئله واداشت.,
1064,私人,sīrén,HSK 5,名、形,1,属于个人而非国家、集体或公众的（形）,شخصی؛ خصوصی (صفت),形,صفت,私人财产（sīrén cáichǎn）|私人空间（sīrén kōngjiān）|私人住宅（sīrén zhùzhái）,这是我的私人空间，请不要随便进来。,"Zhè shì wǒ de sīrén kōngjiān, qǐng bú yào suíbiàn jìnlai.",این فضای شخصی من است؛ لطفاً بدون اجازه وارد نشوید.,
1064,私人,sīrén,HSK 5,名、形,2,个人；非国家、集体或公共机构的一方（名）,شخص حقیقی؛ فرد یا بخش غیردولتی (اسم),名,اسم,归私人所有（guī sīrén suǒyǒu）|由私人经营（yóu sīrén jīngyíng）|向私人借款（xiàng sīrén jièkuǎn）,这家博物馆归私人所有。,Zhè jiā bówùguǎn guī sīrén suǒyǒu.,این موزه در مالکیت یک شخص حقیقی است.,
1065,思维,sīwéi,HSK 5,名,1,认识、分析和判断事物的过程、能力或方式（名）,تفکر؛ فرایند، توانایی یا شیوهٔ اندیشیدن (اسم),名,اسم,逻辑思维（luójí sīwéi）|创新思维（chuàngxīn sīwéi）|思维能力（sīwéi nénglì）,我们要培养学生的创新思维。,Wǒmen yào péiyǎng xuésheng de chuàngxīn sīwéi.,باید تفکر نوآورانه را در دانش‌آموزان پرورش دهیم.,
1066,思想,sīxiǎng,HSK 5,名,1,对事物形成的认识、看法、观念或主张（名）,اندیشه؛ افکار؛ دیدگاه و عقیده (اسم),名,اسم,思想开放（sīxiǎng kāifàng）|思想保守（sīxiǎng bǎoshǒu）|表达思想（biǎodá sīxiǎng）,他的思想比较开放。,Tā de sīxiǎng bǐjiào kāifàng.,طرز فکر او نسبتاً باز است.,
1067,四周,sìzhōu,HSK 5,名,1,某个地方周围的各个方向或区域（名）,اطراف؛ پیرامون (اسم),名,اسم,看看四周（kànkan sìzhōu）|四周无人（sìzhōu wúrén）|四周的环境（sìzhōu de huánjìng）,他停下来，看了看四周。,"Tā tíng xiàlai, kàn le kan sìzhōu.",او ایستاد و نگاهی به اطراف انداخت.,
1068,搜,sōu,HSK 5,动,1,仔细检查人、地方或物品，寻找藏着的东西（动）,کسی یا جایی را بازرسی و تفتیش کردن (فعل),动,فعل,搜房间（sōu fángjiān）|搜口袋（sōu kǒudai）|搜遍全身（sōubiàn quánshēn）,警察把整个房间都搜了一遍。,Jǐngchá bǎ zhěnggè fángjiān dōu sōu le yí biàn.,پلیس تمام اتاق را یک بار کامل بازرسی کرد.,
1068,搜,sōu,HSK 5,动,2,通过网络或电子设备查找信息（口语）（动）,در اینترنت یا دستگاه الکترونیکی جست‌وجو کردن (محاوره‌ای) (فعل),动,فعل,上网搜一下（shàngwǎng sōu yíxià）|搜关键词（sōu guānjiàncí）|搜相关信息（sōu xiāngguān xìnxī）,你可以上网搜一下这个词。,Nǐ kěyǐ shàngwǎng sōu yíxià zhège cí.,می‌توانی این واژه را در اینترنت جست‌وجو کنی.,
1069,搜索,sōusuǒ,HSK 5,动,1,仔细寻找人员、目标、物品或信息（动）,جست‌وجو کردن؛ به‌دقت دنبال کسی یا چیزی گشتن (فعل),动,فعل,搜索信息（sōusuǒ xìnxī）|搜索目标（sōusuǒ mùbiāo）|展开搜索（zhǎnkāi sōusuǒ）,救援人员正在搜索失踪者。,Jiùyuán rényuán zhèngzài sōusuǒ shīzōngzhě.,نیروهای امداد در جست‌وجوی فرد گمشده‌اند.,
1070,酸甜苦辣,suāntiánkǔlà,HSK 5,名,1,酸、甜、苦、辣等各种味道（名）,مزه‌های ترش، شیرین، تلخ و تند (اسم),名,اسم,尝遍酸甜苦辣（chángbiàn suāntiánkǔlà）|分辨酸甜苦辣（fēnbiàn suāntiánkǔlà）|酸甜苦辣各种味道（suāntiánkǔlà gè zhǒng wèidào）,孩子慢慢学会了分辨酸甜苦辣。,Háizi mànmàn xuéhuì le fēnbiàn suāntiánkǔlà.,بچه کم‌کم یاد گرفت مزه‌های ترش، شیرین، تلخ و تند را تشخیص دهد.,
1070,酸甜苦辣,suāntiánkǔlà,HSK 5,名,2,人生中的幸福、痛苦等各种经历和感受（比喻）（名）,تلخی و شیرینی و فرازونشیب‌های زندگی (مجازی) (اسم),名,اسم,人生的酸甜苦辣（rénshēng de suāntiánkǔlà）|尝尽酸甜苦辣（chángjìn suāntiánkǔlà）|经历酸甜苦辣（jīnglì suāntiánkǔlà）,这些年，他尝尽了生活的酸甜苦辣。,"Zhèxiē nián, tā chángjìn le shēnghuó de suāntiánkǔlà.",او در این سال‌ها همهٔ تلخی‌ها و شیرینی‌های زندگی را تجربه کرده است.,
1071,随,suí,HSK 5,动、介,1,跟着或陪同某人、某物一起行动（动）,دنبال یا همراه کسی یا چیزی رفتن (فعل),动,فعل,随父母前往（suí fùmǔ qiánwǎng）|随队出发（suí duì chūfā）|随风飘动（suí fēng piāodòng）,孩子随父母去了北京。,Háizi suí fùmǔ qù le Běijīng.,بچه همراه والدینش به پکن رفت.,
1071,随,suí,HSK 5,动、介,2,随着某种情况而变化或按照某种情况（介）,همراه با؛ متناسب یا مطابق با (حرف اضافه),介,حرف اضافه,随年龄增长（suí niánlíng zēngzhǎng）|随情况变化（suí qíngkuàng biànhuà）|随季节改变（suí jìjié gǎibiàn）,随年龄增长，他的想法也发生了变化。,"Suí niánlíng zēngzhǎng, tā de xiǎngfǎ yě fāshēng le biànhuà.",با افزایش سن، طرز فکر او هم تغییر کرد.,
1071,随,suí,HSK 5,动、介,3,任凭；由着某人决定或行动（动）,به اختیار کسی گذاشتن؛ مطابق میل کسی عمل کردن (فعل),动,فعل,随你决定（suí nǐ juédìng）|随你选择（suí nǐ xuǎnzé）|一切随你（yíqiè suí nǐ）,去不去随你决定。,Qù bu qù suí nǐ juédìng.,اینکه بروی یا نه، تصمیمش با خودت است.,
1072,碎,suì,HSK 5,形,1,完整的东西破裂成小块或零片（形）,خرد؛ شکسته؛ تکه‌تکه (صفت),形,صفت,杯子碎了（bēizi suì le）|玻璃碎了一地（bōli suì le yí dì）|碎成小块（suì chéng xiǎokuài）,杯子掉在地上，碎了。,"Bēizi diào zài dìshang, suì le.",لیوان روی زمین افتاد و شکست.,
1073,随后,suíhòu,HSK 5,副,1,紧接在某件事以后（副）,پس از آن؛ سپس؛ متعاقباً (قید),副,قید,随后进行（suíhòu jìnxíng）|随后宣布（suíhòu xuānbù）|随后离开（suíhòu líkāi）,会议结束了，他随后离开了会场。,"Huìyì jiéshù le, tā suíhòu líkāi le huìchǎng.",جلسه تمام شد و او پس از آن سالن را ترک کرد.,
1074,随时,suíshí,HSK 5,副,1,在任何时候；有需要时立即（副）,هر زمان؛ هر وقت؛ در هر لحظه (قید),副,قید,随时联系（suíshí liánxì）|随时准备（suíshí zhǔnbèi）|随时可能发生（suíshí kěnéng fāshēng）,有问题可以随时给我打电话。,Yǒu wèntí kěyǐ suíshí gěi wǒ dǎ diànhuà.,اگر مشکلی داشتی، هر وقت خواستی می‌توانی به من زنگ بزنی.,
1075,随手,suíshǒu,HSK 5,副,1,顺便利用手边的动作做某事（副）,در ضمن کار و بی‌زحمت کاری را انجام دادن (قید),副,قید,随手关门（suíshǒu guānmén）|随手关灯（suíshǒu guāndēng）|随手带走（suíshǒu dàizǒu）,离开房间时请随手关灯。,Líkāi fángjiān shí qǐng suíshǒu guāndēng.,هنگام بیرون‌رفتن از اتاق، لطفاً چراغ را هم خاموش کنید.,
1075,随手,suíshǒu,HSK 5,副,2,没有特意选择或认真考虑，顺便用手做某个动作（副）,بی‌آنکه انتخاب یا فکر خاصی کند؛ همین‌طور دم‌دستی (قید),副,قید,随手拿起 (suíshǒu náqǐ) | 随手一扔 (suíshǒu yì rēng) | 随手写下 (suíshǒu xiěxià),他随手拿起了桌上的一本书。,Tā suíshǒu náqǐ le zhuōshang de yì běn shū.,او بدون انتخاب خاصی یکی از کتاب‌های روی میز را برداشت.,
1076,随意,suíyì,HSK 5,形、副,1,按照自己的意愿，不受限制地（副）,به‌دلخواه؛ آزادانه (قید),副,قید,随意选择（suíyì xuǎnzé）|随意发言（suíyì fāyán）|随意参观（suíyì cānguān）,你可以随意选择自己喜欢的座位。,Nǐ kěyǐ suíyì xuǎnzé zìjǐ xǐhuan de zuòwèi.,می‌توانی آزادانه صندلی دلخواهت را انتخاب کنی.,
1076,随意,suíyì,HSK 5,形、副,2,自然、不拘束或不正式（形）,راحت؛ بی‌تکلف؛ غیررسمی (صفت),形,صفت,穿着随意（chuānzhuó suíyì）|态度随意（tàidu suíyì）|风格很随意（fēnggé hěn suíyì）,这是一次随意的聊天，不用紧张。,"Zhè shì yí cì suíyì de liáotiān, bú yòng jǐnzhāng.",این فقط یک گفت‌وگوی خودمانی است؛ لازم نیست مضطرب باشی.,
1076,随意,suíyì,HSK 5,形、副,3,不认真考虑后果而任意行动（副）,خودسرانه؛ نسنجیده؛ بدون ملاحظه (قید),副,قید,随意改变计划（suíyì gǎibiàn jìhuà）|随意下结论（suíyì xià jiélùn）|不能随意使用（bù néng suíyì shǐyòng）,没有证据，不能随意下结论。,"Méiyǒu zhèngjù, bù néng suíyì xià jiélùn.",بدون مدرک نباید نسنجیده نتیجه‌گیری کرد.,
1077,损害,sǔnhài,HSK 5,动、名,1,使利益、健康、名誉等受到伤害或损失（动）,به منافع، سلامت یا اعتبار آسیب زدن (فعل),动,فعل,损害健康（sǔnhài jiànkāng）|损害利益（sǔnhài lìyì）|损害形象（sǔnhài xíngxiàng）,吸烟会损害健康。,Xīyān huì sǔnhài jiànkāng.,سیگارکشیدن به سلامتی آسیب می‌زند.,
1077,损害,sǔnhài,HSK 5,动、名,2,受到的伤害或不利影响（名）,آسیب؛ زیان (اسم),名,اسم,造成损害（zàochéng sǔnhài）|严重损害（yánzhòng sǔnhài）|损害赔偿（sǔnhài péicháng）,这种行为对环境造成了严重损害。,Zhè zhǒng xíngwéi duì huánjìng zàochéng le yánzhòng sǔnhài.,این رفتار آسیب شدیدی به محیط‌زیست وارد کرد.,
1078,损失,sǔnshī,HSK 5,名、动,1,失去或减少财物、利益、人员等（动）,مال، منفعت یا نیرویی را از دست دادن (فعل),动,فعل,损失资金（sǔnshī zījīn）|损失惨重（sǔnshī cǎnzhòng）|损失大量客户（sǔnshī dàliàng kèhù）,公司因此损失了很多客户。,Gōngsī yīncǐ sǔnshī le hěn duō kèhù.,شرکت به همین دلیل مشتریان زیادی را از دست داد.,
1078,损失,sǔnshī,HSK 5,名、动,2,失去或减少的财物、利益、人员等（名）,زیان؛ خسارت؛ تلفات (اسم),名,اسم,遭受损失（zāoshòu sǔnshī）|经济损失（jīngjì sǔnshī）|减少损失（jiǎnshǎo sǔnshī）,这次事故造成了很大的损失。,Zhè cì shìgù zàochéng le hěn dà de sǔnshī.,این حادثه خسارت زیادی به بار آورد.,
1079,所,suǒ,HSK 5,量、助,1,用于学校、医院、住宅或某些机构（量）,واحد شمارش مدرسه، بیمارستان، خانه و برخی مؤسسه‌ها (واحد شمارش),量,واحد شمارش,一所学校（yì suǒ xuéxiào）|一所医院（yì suǒ yīyuàn）|一所大学（yì suǒ dàxué）,这是一所著名的大学。,Zhè shì yì suǒ zhùmíng de dàxué.,این دانشگاه مشهوری است.,
1079,所,suǒ,HSK 5,量、助,2,用在动词前，与“的”组成名词性结构，指动作涉及的人或事物（助）,پیش از فعل برای اشاره به شخص یا چیزی که عمل به آن مربوط است (حرف دستوری),助,حرف دستوری,我所说的（wǒ suǒ shuō de）|所需要的材料（suǒ xūyào de cáiliào）|大家所关心的问题（dàjiā suǒ guānxīn de wèntí）,这就是我们所需要的材料。,Zhè jiù shì wǒmen suǒ xūyào de cáiliào.,این دقیقاً همان موادی است که نیاز داریم.,
1079,所,suǒ,HSK 5,量、助,3,用在“被、为”等后面和动词前，构成较正式的被动结构（较正式）（助）,در ساخت مجهول رسمی‌تر، پیش از فعل می‌آید (رسمی‌تر) (حرف دستوری),助,حرف دستوری,被大家所接受（bèi dàjiā suǒ jiēshòu）|为人所知（wéi rén suǒ zhī）|为法律所禁止（wéi fǎlǜ suǒ jìnzhǐ）,这种做法已经被大家所接受。,Zhè zhǒng zuòfǎ yǐjīng bèi dàjiā suǒ jiēshòu.,این روش دیگر مورد پذیرش همه قرار گرفته است.,
1080,锁,suǒ,HSK 5,名、动,1,装在门、箱子、车辆等上面，用来封闭或固定的器具（名）,قفل (اسم),名,اسم,一把锁（yì bǎ suǒ）|打开锁（dǎkāi suǒ）|门上的锁（mén shàng de suǒ）,门上的锁坏了。,Mén shàng de suǒ huài le.,قفل در خراب شده است.,
1080,锁,suǒ,HSK 5,名、动,2,用锁封闭或固定（动）,قفل کردن (فعل),动,فعل,锁门（suǒ mén）|锁车（suǒ chē）|锁好窗户（suǒhǎo chuānghu）,出门前请把门锁好。,Chūmén qián qǐng bǎ mén suǒhǎo.,لطفاً پیش از بیرون‌رفتن در را خوب قفل کن.,
1081,缩短,suōduǎn,HSK 5,动,1,使长度、距离或时间变短（动）,کوتاه‌تر کردن؛ کاهش دادن (فعل),动,فعل,缩短时间（suōduǎn shíjiān）|缩短距离（suōduǎn jùlí）|缩短工期（suōduǎn gōngqī）,我们缩短了会议时间。,Wǒmen suōduǎn le huìyì shíjiān.,ما مدت جلسه را کوتاه‌تر کردیم.,
1081,缩短,suōduǎn,HSK 5,动,2,长度、距离或时间变短（动）,کوتاه‌تر شدن؛ کاهش یافتن (فعل),动,فعل,工期缩短（gōngqī suōduǎn）|距离逐渐缩短（jùlí zhújiàn suōduǎn）|时间大大缩短（shíjiān dàdà suōduǎn）,新技术使生产时间大大缩短了。,Xīn jìshù shǐ shēngchǎn shíjiān dàdà suōduǎn le.,فناوری جدید باعث شد زمان تولید بسیار کوتاه‌تر شود.,
1082,缩小,suōxiǎo,HSK 5,动,1,使范围、规模、差距等变小（动）,کوچک‌تر یا محدودتر کردن؛ کاهش دادن (فعل),动,فعل,缩小差距（suōxiǎo chājù）|缩小范围（suōxiǎo fànwéi）|缩小规模（suōxiǎo guīmó）,双方逐渐缩小了意见上的差距。,Shuāngfāng zhújiàn suōxiǎo le yìjiàn shàng de chājù.,دو طرف به‌تدریج اختلاف‌نظرشان را کمتر کردند.,
1082,缩小,suōxiǎo,HSK 5,动,2,范围、规模、差距等变小（动）,کوچک‌تر یا محدودتر شدن؛ کاهش یافتن (فعل),动,فعل,范围缩小（fànwéi suōxiǎo）|差距不断缩小（chājù búduàn suōxiǎo）|规模逐渐缩小（guīmó zhújiàn suōxiǎo）,两国之间的差距正在缩小。,Liǎng guó zhījiān de chājù zhèngzài suōxiǎo.,فاصلهٔ میان دو کشور در حال کاهش است.,
1083,宿舍,sùshè,HSK 5,名,1,供学生、员工等集体居住的房屋（名）,خوابگاه؛ محل اقامت گروهی دانشجویان یا کارکنان (اسم),名,اسم,学生宿舍（xuésheng sùshè）|员工宿舍（yuángōng sùshè）|住集体宿舍（zhù jítǐ sùshè）,我住在学生宿舍。,Wǒ zhù zài xuésheng sùshè.,من در خوابگاه دانشجویی زندگی می‌کنم.,
1084,台灯,táidēng,HSK 5,名,1,放在桌子上使用的灯（名）,چراغ رومیزی؛ چراغ مطالعه (اسم),名,اسم,打开台灯（dǎkāi táidēng）|关掉台灯（guāndiào táidēng）|一盏台灯（yì zhǎn táidēng）,光线太暗了，请打开台灯。,"Guāngxiàn tài àn le, qǐng dǎkāi táidēng.",نور خیلی کم است؛ لطفاً چراغ رومیزی را روشن کن.,
1085,台阶,táijiē,HSK 5,名,1,供人上下的一级一级的阶梯（名）,پله؛ پلکان (اسم),名,اسم,走上台阶（zǒushàng táijiē）|走下台阶（zǒuxià táijiē）|石头台阶（shítou táijiē）,下雨后台阶很滑，要小心。,"Xiàyǔ hòu táijiē hěn huá, yào xiǎoxīn.",بعد از باران پله‌ها لیزند؛ مراقب باش.,
1085,台阶,táijiē,HSK 5,名,2,事物发展或提高到的阶段、水平（比喻）（名）,مرحله یا سطح بالاتر (مجازی) (اسم),名,اسم,迈上新台阶（màishàng xīn táijiē）|提高一个台阶（tígāo yí ge táijiē）|上一个新台阶（shàng yí ge xīn táijiē）,公司的管理水平迈上了一个新台阶。,Gōngsī de guǎnlǐ shuǐpíng màishàng le yí ge xīn táijiē.,سطح مدیریت شرکت یک مرحله بالاتر رفت.,
1085,台阶,táijiē,HSK 5,名,3,使人摆脱尴尬局面的机会或办法（比喻）（名）,راه حفظ آبرو و بیرون‌آمدن از موقعیت خجالت‌آور (مجازی) (اسم),名,اسم,给个台阶（gěi ge táijiē）|找个台阶下（zhǎo ge táijiē xià）|给他台阶下（gěi tā táijiē xià）,你还是给他一个台阶下吧。,Nǐ háishi gěi tā yí ge táijiē xià ba.,بهتر است راهی بگذاری که بدون آبروریزی از این وضعیت بیرون بیاید.,
1086,太太,tàitai,HSK 5,名,1,对自己或他人妻子的称呼（名）,همسر؛ زنِ کسی (اسم),名,اسم,我太太（wǒ tàitai）|他太太（tā tàitai）|带太太出席（dài tàitai chūxí）,这是我太太。,Zhè shì wǒ tàitai.,این همسر من است.,
1086,太太,tàitai,HSK 5,名,2,对已婚女性的称呼，常放在姓氏后（名）,خانم؛ عنوان خطاب زن متأهل (اسم),名,اسم,王太太（Wáng tàitai）|李太太（Lǐ tàitai）|张太太（Zhāng tàitai）,王太太，请进。,"Wáng tàitai, qǐng jìn.",خانم وانگ، بفرمایید داخل.,
1087,谈话,tánhuà,HSK 5,名、动,1,两个人或多人互相交谈（动）,گفت‌وگو کردن؛ صحبت کردن (فعل),动,فعل,和老师谈话（hé lǎoshī tánhuà）|当面谈话（dāngmiàn tánhuà）|单独谈话（dāndú tánhuà）,老师正在和学生谈话。,Lǎoshī zhèngzài hé xuésheng tánhuà.,معلم در حال گفت‌وگو با دانش‌آموز است.,
1087,谈话,tánhuà,HSK 5,名、动,2,两个人或多人之间的交谈及其内容（名）,گفت‌وگو؛ محتوای گفت‌وگو (اسم),名,اسم,进行谈话（jìnxíng tánhuà）|一次正式谈话（yí cì zhèngshì tánhuà）|谈话内容（tánhuà nèiróng）,我们进行了一次深入的谈话。,Wǒmen jìnxíng le yí cì shēnrù de tánhuà.,ما گفت‌وگویی عمیق داشتیم.,
1088,桃,táo,HSK 5,名,1,桃树结的果实，果肉多汁，通常味甜（名）,هلو (اسم),名,اسم,一个桃（yí ge táo）|新鲜的桃（xīnxiān de táo）|摘桃（zhāi táo）,这个桃又甜又多汁。,Zhège táo yòu tián yòu duōzhī.,این هلو هم شیرین است و هم آبدار.,
1089,套,tào,HSK 5,量、动,1,用于成组、成套的事物（量）,دست؛ ست؛ مجموعه (واحد شمارش),量,واحد شمارش,一套衣服（yí tào yīfu）|一套家具（yí tào jiājù）|一套办法（yí tào bànfǎ）,我们买了一套新家具。,Wǒmen mǎi le yí tào xīn jiājù.,ما یک دست مبلمان جدید خریدیم.,
1089,套,tào,HSK 5,量、动,2,把环状、袋状或有外层的东西罩在物体外面（动）,روی چیزی کشیدن؛ داخل پوشش یا حلقه‌ای قرار دادن (فعل),动,فعل,套上外套（tàoshàng wàitào）|套在手上（tào zài shǒu shàng）|给椅子套上罩子（gěi yǐzi tàoshàng zhàozi）,天冷了，快套上一件外套吧。,"Tiān lěng le, kuài tàoshàng yí jiàn wàitào ba.",هوا سرد شده؛ زود یک کت روی لباست بپوش.,
1089,套,tào,HSK 5,量、动,3,用话试探或诱使别人说出实情（动）,با پرسش و زیرکی حرفی را از کسی بیرون کشیدن (فعل),动,فعل,套他的话（tào tā de huà）|套出真话（tàochū zhēnhuà）|从他嘴里套出来（cóng tā zuǐli tàochūlai）,记者想从他嘴里套出更多消息。,Jìzhě xiǎng cóng tā zuǐli tàochū gèng duō xiāoxi.,خبرنگار می‌خواست اطلاعات بیشتری از زیر زبانش بیرون بکشد.,
1090,他人,tārén,HSK 5,代,1,别人；自己以外的人（较正式）（代）,دیگران؛ اشخاص دیگر (رسمی‌تر) (ضمیر),代,ضمیر,帮助他人（bāngzhù tārén）|关心他人（guānxīn tārén）|尊重他人（zūnzhòng tārén）,我们应该尊重他人。,Wǒmen yīnggāi zūnzhòng tārén.,ما باید به دیگران احترام بگذاریم.,
1091,特产,tèchǎn,HSK 5,名,1,某个地方有代表性或特别著名的产品（名）,محصول محلیِ ویژه؛ سوغات معروف یک منطقه (اسم),名,اسم,地方特产（dìfāng tèchǎn）|家乡特产（jiāxiāng tèchǎn）|购买特产（gòumǎi tèchǎn）,这种茶是当地的特产。,Zhè zhǒng chá shì dāngdì de tèchǎn.,این نوع چای از محصولات ویژهٔ این منطقه است.,
1092,疼痛,téngtòng,HSK 5,名、动,1,身体因疾病或受伤而产生的痛苦感觉（名）,درد؛ احساس درد (اسم),名,اسم,剧烈疼痛（jùliè téngtòng）|感到疼痛（gǎndào téngtòng）|减轻疼痛（jiǎnqīng téngtòng）,他的腿还有些疼痛。,Tā de tuǐ hái yǒuxiē téngtòng.,پایش هنوز کمی درد دارد.,
1092,疼痛,téngtòng,HSK 5,名、动,2,身体某个部位感到痛（较正式）（动）,دردکردن (رسمی‌تر) (فعل),动,فعل,头部疼痛（tóubù téngtòng）|持续疼痛（chíxù téngtòng）|疼痛难忍（téngtòng nánrěn）,手术后，他的伤口仍然疼痛。,"Shǒushù hòu, tā de shāngkǒu réngrán téngtòng.",بعد از عمل، زخمش همچنان درد می‌کرد.,
1093,特色,tèsè,HSK 5,名,1,某人或某事物独有的特点、风格（名）,ویژگی یا سبک متمایز (اسم),名,اسم,地方特色（dìfāng tèsè）|民族特色（mínzú tèsè）|突出特色（tūchū tèsè）,这个城市的建筑很有特色。,Zhège chéngshì de jiànzhù hěn yǒu tèsè.,معماری این شهر بسیار متمایز است.,
1094,特殊,tèshū,HSK 5,形,1,不同于一般情况或普通事物（形）,خاص؛ ویژه؛ غیرعادی (صفت),形,صفت,特殊情况（tèshū qíngkuàng）|特殊原因（tèshū yuányīn）|特殊待遇（tèshū dàiyù）,因为情况特殊，我们改变了计划。,"Yīnwèi qíngkuàng tèshū, wǒmen gǎibiàn le jìhuà.",چون شرایط خاص بود، برنامه را تغییر دادیم.,
1095,特有,tèyǒu,HSK 5,动,1,某人、某地或某事物独有，其他方面没有（动）,مختص کسی یا چیزی بودن؛ منحصربه‌فرد بودن (فعل),动,فعل,中国特有（Zhōngguó tèyǒu）|本地特有（běndì tèyǒu）|这种植物所特有（zhè zhǒng zhíwù suǒ tèyǒu）,这是中国特有的文化现象。,Zhè shì Zhōngguó tèyǒu de wénhuà xiànxiàng.,این پدیدهٔ فرهنگی مختص چین است.,
1096,特征,tèzhēng,HSK 5,名,1,可以用来识别或区别人、事物的特点（名）,ویژگی؛ مشخصهٔ قابل تشخیص (اسم),名,اسم,主要特征（zhǔyào tèzhēng）|明显特征（míngxiǎn tèzhēng）|共同特征（gòngtóng tèzhēng）,这种动物最明显的特征是尾巴很长。,Zhè zhǒng dòngwù zuì míngxiǎn de tèzhēng shì wěiba hěn cháng.,بارزترین ویژگی این حیوان دم بلندش است.,
1097,替,tì,HSK 5,动、介,1,代替某人做某事或承担某种任务（动）,جای کسی را گرفتن؛ جانشین کسی شدن (فعل),动,فعل,让我替你（ràng wǒ tì nǐ）|暂时替他（zànshí tì tā）|找人来替（zhǎo rén lái tì）,你休息一会儿，我来替你。,"Nǐ xiūxi yíhuìr, wǒ lái tì nǐ.",کمی استراحت کن؛ من جایت را می‌گیرم.,
1097,替,tì,HSK 5,动、介,2,为某人做某事；代表某人（介）,برای کسی؛ از طرف یا به‌جای کسی (حرف اضافه),介,حرف اضافه,替别人着想（tì biérén zhuóxiǎng）|替父母分担（tì fùmǔ fēndān）|替公司发言（tì gōngsī fāyán）,谢谢你替我考虑得这么周到。,Xièxie nǐ tì wǒ kǎolǜ de zhème zhōudào.,ممنون که این‌قدر با ملاحظه به فکر من بودی.,
1098,填,tián,HSK 5,动,1,把空处补满或把东西放入空缺处（动）,پر کردن؛ جای خالی را پُرکردن (فعل),动,فعل,填满箱子（tiánmǎn xiāngzi）|把坑填平（bǎ kēng tiánpíng）|往缝里填东西（wǎng fèng li tián dōngxi）,工人们正在用土把坑填平。,Gōngrénmen zhèngzài yòng tǔ bǎ kēng tiánpíng.,کارگران در حال پُرکردن گودال با خاک‌اند.,
1098,填,tián,HSK 5,动,2,在表格、空格等处写入文字或数字（动）,اطلاعات یا پاسخ را در فرم و جای خالی نوشتن (فعل),动,فعل,填表（tián biǎo）|填空（tián kòng）|填上姓名（tiánshàng xìngmíng）,请在这里填上你的姓名。,Qǐng zài zhèli tiánshàng nǐ de xìngmíng.,لطفاً نامت را اینجا بنویس.,
1099,天空,tiānkōng,HSK 5,名,1,地面以上广阔的空间（名）,آسمان (اسم),名,اسم,蔚蓝的天空（wèilán de tiānkōng）|仰望天空（yǎngwàng tiānkōng）|飞向天空（fēixiàng tiānkōng）,雨后的天空特别蓝。,Yǔ hòu de tiānkōng tèbié lán.,آسمان بعد از باران به‌طرز خاصی آبی است.,
1100,甜品,tiánpǐn,HSK 5,名,1,味道甜的点心或饭后食品（名）,دسر؛ خوراکی شیرین (اسم),名,اسم,饭后甜品（fànhòu tiánpǐn）|中式甜品（Zhōngshì tiánpǐn）|制作甜品（zhìzuò tiánpǐn）,这家店的甜品很好吃。,Zhè jiā diàn de tiánpǐn hěn hǎochī.,دسرهای این مغازه خیلی خوشمزه‌اند.,
1111,铁路,tiělù,HSK 5,名,1,铺设轨道供火车行驶的交通线路或交通系统（名）,راه‌آهن؛ شبکهٔ حمل‌ونقل ریلی (اسم),名,اسم,铁路运输（tiělù yùnshū）|高速铁路（gāosù tiělù）|铁路网（tiělùwǎng）,中国的高速铁路很发达。,Zhōngguó de gāosù tiělù hěn fādá.,راه‌آهن پرسرعت چین بسیار توسعه‌یافته است.,
1112,体会,tǐhuì,HSK 5,名、动,1,通过亲身经历感受并理解（动）,از راه تجربه درک یا احساس کردن (فعل),动,فعل,认真体会（rènzhēn tǐhuì）|慢慢体会（mànmàn tǐhuì）|体会到困难（tǐhuì dào kùnnan）,亲自做过以后，你就能体会到其中的困难。,"Qīnzì zuò guo yǐhòu, nǐ jiù néng tǐhuì dào qízhōng de kùnnan.",وقتی خودت انجامش بدهی، دشواری‌هایش را درک خواهی کرد.,
1112,体会,tǐhuì,HSK 5,名、动,2,亲身经历后产生的认识或感受（名）,برداشت یا دریافتی حاصل از تجربه (اسم),名,اسم,个人体会（gèrén tǐhuì）|深刻体会（shēnkè tǐhuì）|交流体会（jiāoliú tǐhuì）,请谈谈你参加这次活动后的体会。,Qǐng tántan nǐ cānjiā zhè cì huódòng hòu de tǐhuì.,لطفاً از برداشتی که پس از شرکت در این برنامه داشتی بگو.,
1113,提交,tíjiāo,HSK 5,动,1,把文件、申请、材料等交给有关人员或机构（动）,مدرک، درخواست یا گزارشی را ارائه یا تحویل دادن (فعل),动,فعل,提交申请（tíjiāo shēnqǐng）|提交报告（tíjiāo bàogào）|提交材料（tíjiāo cáiliào）,请按时提交报告。,Qǐng ànshí tíjiāo bàogào.,لطفاً گزارش را به‌موقع تحویل دهید.,
1114,体力,tǐlì,HSK 5,名,1,人体活动时能够发挥的力量（名）,توان و نیروی جسمانی (اسم),名,اسم,消耗体力（xiāohào tǐlì）|恢复体力（huīfù tǐlì）|节省体力（jiéshěng tǐlì）,这项工作非常消耗体力。,Zhè xiàng gōngzuò fēicháng xiāohào tǐlì.,این کار نیروی جسمانی زیادی می‌طلبد.,
1115,题目,tímù,HSK 5,名,1,文章、作品、演讲等的名称或主题（名）,عنوان یا موضوع نوشته، اثر یا سخنرانی (اسم),名,اسم,文章题目（wénzhāng tímù）|作文题目（zuòwén tímù）|演讲题目（yǎnjiǎng tímù）,这篇文章的题目很吸引人。,Zhè piān wénzhāng de tímù hěn xīyǐn rén.,عنوان این مقاله بسیار جذاب است.,
1115,题目,tímù,HSK 5,名,2,考试或练习中要求回答的问题（名）,سؤال یا تمرین درسی و امتحانی (اسم),名,اسم,考试题目（kǎoshì tímù）|数学题目（shùxué tímù）|回答题目（huídá tímù）,这道数学题目很难。,Zhè dào shùxué tímù hěn nán.,این سؤال ریاضی خیلی سخت است.,
1116,停留,tíngliú,HSK 5,动,1,暂时停止前进并留在某处（动）,توقف‌کردن و مدتی در جایی ماندن (فعل),动,فعل,停留一天（tíngliú yì tiān）|短暂停留（duǎnzàn tíngliú）|在此停留（zài cǐ tíngliú）,我们在那里停留了两天。,Wǒmen zài nàli tíngliú le liǎng tiān.,ما دو روز آنجا ماندیم.,
1116,停留,tíngliú,HSK 5,动,2,保持在某种状态、阶段或表面而没有继续发展（比喻）（动）,در سطح، مرحله یا وضعیتی باقی ماندن (مجازی) (فعل),动,فعل,停留在表面（tíngliú zài biǎomiàn）|停留在理论阶段（tíngliú zài lǐlùn jiēduàn）|不能只停留在口头上（bù néng zhǐ tíngliú zài kǒutóu shàng）,我们的讨论不能只停留在表面。,Wǒmen de tǎolùn bù néng zhǐ tíngliú zài biǎomiàn.,بحث ما نباید فقط در سطح باقی بماند.,
1117,提起,tíqǐ,HSK 5,动,1,把物体向上拿起或拉起（动）,بلند کردن؛ بالا کشیدن (فعل),动,فعل,提起箱子（tíqǐ xiāngzi）|提起行李（tíqǐ xíngli）|把袋子提起来（bǎ dàizi tí qilai）,他提起箱子就走了。,Tā tíqǐ xiāngzi jiù zǒu le.,او چمدان را برداشت و رفت.,
1117,提起,tíqǐ,HSK 5,动,2,在谈话中说到某人或某事（动）,از کسی یا چیزی نام‌بردن؛ مطرح‌کردن (فعل),动,فعل,提起这件事（tíqǐ zhè jiàn shì）|再次提起（zàicì tíqǐ）|很少提起（hěn shǎo tíqǐ）,他突然提起了这件事。,Tā tūrán tíqǐ le zhè jiàn shì.,او ناگهان این موضوع را مطرح کرد.,
1117,提起,tíqǐ,HSK 5,动,3,正式提出诉讼、公诉等（法律）（动）,اقامه یا مطرح‌کردن دعوا و پیگرد قضایی (حقوقی) (فعل),动,فعل,提起诉讼（tíqǐ sùsòng）|提起公诉（tíqǐ gōngsù）|依法提起诉讼（yīfǎ tíqǐ sùsòng）,他们决定向法院提起诉讼。,Tāmen juédìng xiàng fǎyuàn tíqǐ sùsòng.,آن‌ها تصمیم گرفتند در دادگاه اقامهٔ دعوا کنند.,
1118,提升,tíshēng,HSK 5,动,1,使能力、质量、效率或水平等提高（动）,توانایی، کیفیت یا سطح را ارتقا دادن (فعل),动,فعل,提升能力（tíshēng nénglì）|提升质量（tíshēng zhìliàng）|提升效率（tíshēng xiàolǜ）,我们要不断提升服务质量。,Wǒmen yào búduàn tíshēng fúwù zhìliàng.,باید پیوسته کیفیت خدمات را ارتقا دهیم.,
1118,提升,tíshēng,HSK 5,动,2,能力、质量、效率或水平等得到提高（动）,ارتقا یافتن؛ بهتر یا بیشتر شدن (فعل),动,فعل,能力不断提升（nénglì búduàn tíshēng）|质量明显提升（zhìliàng míngxiǎn tíshēng）|效率得到提升（xiàolǜ dédào tíshēng）,经过培训，他的工作能力明显提升了。,"Jīngguò péixùn, tā de gōngzuò nénglì míngxiǎn tíshēng le.",پس از دورهٔ آموزشی، توانایی کاری او به‌وضوح بهتر شد.,
1118,提升,tíshēng,HSK 5,动,3,提高某人的职位或等级（动）,کسی را ترفیع‌دادن؛ رتبهٔ کسی را بالابردن (فعل),动,فعل,提升为经理（tíshēng wéi jīnglǐ）|提升职位（tíshēng zhíwèi）|得到提升（dédào tíshēng）,他被提升为部门经理。,Tā bèi tíshēng wéi bùmén jīnglǐ.,او به سمت مدیر بخش ارتقا یافت.,
1119,提问,tíwèn,HSK 5,动,1,提出问题，要求别人回答（动）,سؤال پرسیدن؛ پرسشی را مطرح‌کردن (فعل),动,فعل,积极提问（jījí tíwèn）|向老师提问（xiàng lǎoshī tíwèn）|举手提问（jǔshǒu tíwèn）,有问题可以随时提问。,Yǒu wèntí kěyǐ suíshí tíwèn.,اگر سؤالی دارید، هر زمان می‌توانید بپرسید.,
1120,体现,tǐxiàn,HSK 5,动,1,通过具体的人或事物表现出某种特点、精神、价值等（动）,ویژگی، روحیه یا ارزشی را نشان‌دادن و منعکس‌کردن (فعل),动,فعل,体现价值（tǐxiàn jiàzhí）|体现精神（tǐxiàn jīngshén）|充分体现（chōngfèn tǐxiàn）,他的行动体现了团队合作精神。,Tā de xíngdòng tǐxiàn le tuánduì hézuò jīngshén.,رفتار او روحیهٔ همکاری گروهی را نشان داد.,
1120,体现,tǐxiàn,HSK 5,动,2,某种特点、精神或价值具体表现在某处（动）,در کسی یا چیزی نمود یافتن؛ متجلی‌شدن (فعل),动,فعل,体现在细节中（tǐxiàn zài xìjié zhōng）|体现在行动上（tǐxiàn zài xíngdòng shàng）|主要体现在（zhǔyào tǐxiàn zài）,这种变化主要体现在服务质量上。,Zhè zhǒng biànhuà zhǔyào tǐxiàn zài fúwù zhìliàng shàng.,این تغییر بیشتر در کیفیت خدمات نمود پیدا کرده است.,
1121,体验,tǐyàn,HSK 5,名、动,1,亲身经历某种生活、活动或感受（动）,شخصاً تجربه کردن (فعل),动,فعل,亲身体验（qīnshēn tǐyàn）|体验生活（tǐyàn shēnghuó）|体验当地文化（tǐyàn dāngdì wénhuà）,欢迎大家亲自来体验当地生活。,Huānyíng dàjiā qīnshēn lái tǐyàn dāngdì shēnghuó.,از همه دعوت می‌کنیم زندگی محلی را از نزدیک تجربه کنند.,
1121,体验,tǐyàn,HSK 5,名、动,2,亲身经历的事情或由此产生的感受（名）,تجربه؛ احساس حاصل از تجربه (اسم),名,اسم,用户体验（yònghù tǐyàn）|生活体验（shēnghuó tǐyàn）|难忘的体验（nánwàng de tǐyàn）,这次旅行是一次难忘的体验。,Zhè cì lǚxíng shì yí cì nánwàng de tǐyàn.,این سفر تجربه‌ای فراموش‌نشدنی بود.,
1122,同,tóng,HSK 5,形、介,1,相同的；同一个（形）,همان؛ یکسان (صفت),形,صفت,同一天（tóng yì tiān）|同一个地方（tóng yí ge dìfāng）|同一种方法（tóng yì zhǒng fāngfǎ）,我们来自同一个城市。,Wǒmen láizì tóng yí ge chéngshì.,ما اهل یک شهر هستیم.,
1122,同,tóng,HSK 5,形、介,2,引出一起做事的对象，相当于“跟、和”（较正式）（介）,با؛ همراهِ (رسمی‌تر) (حرف اضافه),介,حرف اضافه,同朋友聊天（tóng péngyou liáotiān）|同大家商量（tóng dàjiā shāngliáng）|同家人一起生活（tóng jiārén yìqǐ shēnghuó）,我想同你商量一下这件事。,Wǒ xiǎng tóng nǐ shāngliáng yíxià zhè jiàn shì.,می‌خواهم دربارهٔ این موضوع با تو مشورت کنم.,
1123,通常,tōngcháng,HSK 5,形、副,1,在一般情况下；大多数时候（副）,معمولاً؛ در حالت عادی (قید),副,قید,通常会发生（tōngcháng huì fāshēng）|通常都在家（tōngcháng dōu zài jiā）|通常七点起床（tōngcháng qī diǎn qǐchuáng）,他通常七点起床。,Tā tōngcháng qī diǎn qǐchuáng.,او معمولاً ساعت هفت از خواب بیدار می‌شود.,
1123,通常,tōngcháng,HSK 5,形、副,2,一般而平常的（形）,معمول؛ عادی (صفت),形,صفت,通常情况（tōngcháng qíngkuàng）|通常做法（tōngcháng zuòfǎ）|通常的标准（tōngcháng de biāozhǔn）,在通常情况下，这项工作一天就能完成。,"Zài tōngcháng qíngkuàng xià, zhè xiàng gōngzuò yì tiān jiù néng wánchéng.",در شرایط عادی، این کار در یک روز تمام می‌شود.,
1124,统计,tǒngjì,HSK 5,名、动,1,收集、整理并计算有关的数据（动）,داده‌ها را گردآوری و محاسبه کردن؛ آمارگیری کردن (فعل),动,فعل,统计数据（tǒngjì shùjù）|统计人数（tǒngjì rénshù）|统计数量（tǒngjì shùliàng）,请统计一下参加活动的人数。,Qǐng tǒngjì yíxià cānjiā huódòng de rénshù.,لطفاً تعداد شرکت‌کنندگان در برنامه را محاسبه کنید.,
1124,统计,tǒngjì,HSK 5,名、动,2,对数据进行收集、整理和计算的工作或所得结果（名）,آمارگیری؛ آمار و نتایج آماری (اسم),名,اسم,人口统计（rénkǒu tǒngjì）|官方统计（guānfāng tǒngjì）|统计结果（tǒngjì jiéguǒ）,据统计，今年的游客数量增加了很多。,"Jù tǒngjì, jīnnián de yóukè shùliàng zēngjiā le hěn duō.",طبق آمار، تعداد گردشگران امسال بسیار افزایش یافته است.,
1125,痛苦,tòngkǔ,HSK 5,名、形,1,身体或精神上感到非常难受（形）,رنج‌کشیده؛ دردمند؛ بسیار ناراحت (صفت),形,صفت,感到痛苦（gǎndào tòngkǔ）|内心痛苦（nèixīn tòngkǔ）|非常痛苦（fēicháng tòngkǔ）,失去亲人让他感到非常痛苦。,Shīqù qīnrén ràng tā gǎndào fēicháng tòngkǔ.,ازدست‌دادن یکی از نزدیکانش او را به‌شدت رنجاند.,
1125,痛苦,tòngkǔ,HSK 5,名、形,2,身体或精神上受到的折磨和苦楚（名）,رنج؛ درد و عذاب جسمی یا روحی (اسم),名,اسم,减轻痛苦（jiǎnqīng tòngkǔ）|摆脱痛苦（bǎituō tòngkǔ）|带来痛苦（dàilái tòngkǔ）,战争给人民带来了巨大的痛苦。,Zhànzhēng gěi rénmín dàilái le jùdà de tòngkǔ.,جنگ رنج بزرگی برای مردم به همراه آورد.,
1126,同情,tóngqíng,HSK 5,名、动,1,对遭遇不幸或困难的人产生关心和怜悯（动）,با کسی همدردی کردن؛ برای کسی دل‌سوزاندن (فعل),动,فعل,同情别人（tóngqíng biérén）|值得同情（zhídé tóngqíng）|非常同情他（fēicháng tóngqíng tā）,大家都很同情他。,Dàjiā dōu hěn tóngqíng tā.,همه با او همدردی می‌کنند.,
1126,同情,tóngqíng,HSK 5,名、动,2,对不幸者产生的关心和怜悯（名）,همدردی؛ دل‌سوزی (اسم),名,اسم,表示同情（biǎoshì tóngqíng）|得到同情（dédào tóngqíng）|获得同情（huòdé tóngqíng）,她得到了大家的同情。,Tā dédào le dàjiā de tóngqíng.,او همدردی همه را به دست آورد.,
1127,通行,tōngxíng,HSK 5,动、形,1,行人、车辆等从某处通过（动）,عبورکردن؛ رفت‌وآمدکردن (فعل),动,فعل,禁止通行（jìnzhǐ tōngxíng）|车辆通行（chēliàng tōngxíng）|恢复通行（huīfù tōngxíng）,道路已经恢复正常通行。,Dàolù yǐjīng huīfù zhèngcháng tōngxíng.,رفت‌وآمد عادی در جاده از سر گرفته شده است.,
1127,通行,tōngxíng,HSK 5,动、形,2,在较大范围内普遍采用或使用的（形）,رایج و پذیرفته‌شده در سطح گسترده (صفت),形,صفت,国际通行标准（guójì tōngxíng biāozhǔn）|通行做法（tōngxíng zuòfǎ）|通行版本（tōngxíng bǎnběn）,这是国际上通行的做法。,Zhè shì guójì shàng tōngxíng de zuòfǎ.,این روشی رایج و پذیرفته‌شده در سطح بین‌المللی است.,
1128,同一,tóngyī,HSK 5,形,1,同一个；没有区别的（形）,همان؛ واحد و یکسان (صفت),形,صفت,同一时间（tóng yì shíjiān）|同一地点（tóng yí dìdiǎn）|同一标准（tóng yì biāozhǔn）,我们在同一家公司工作。,Wǒmen zài tóng yì jiā gōngsī gōngzuò.,ما در یک شرکت کار می‌کنیم.,
1129,统一,tǒngyī,HSK 5,名、动、形,1,使分散的部分成为一个整体，或使彼此一致（动）,یکپارچه، متحد یا هماهنگ کردن (فعل),动,فعل,统一标准（tǒngyī biāozhǔn）|统一管理（tǒngyī guǎnlǐ）|统一意见（tǒngyī yìjiàn）,公司统一了各部门的工作流程。,Gōngsī tǒngyī le gè bùmén de gōngzuò liúchéng.,شرکت فرایند کاری بخش‌های مختلف را یکپارچه کرد.,
1129,统一,tǒngyī,HSK 5,名、动、形,2,整体一致，没有分歧或差别（形）,یکپارچه؛ هماهنگ؛ یکسان (صفت),形,صفت,意见统一（yìjiàn tǒngyī）|统一的标准（tǒngyī de biāozhǔn）|服装统一（fúzhuāng tǒngyī）,大家的意见已经统一了。,Dàjiā de yìjiàn yǐjīng tǒngyī le.,نظر همه هماهنگ شده است.,
1129,统一,tǒngyī,HSK 5,名、动、形,3,分散的部分联合为整体的状态或过程（名）,وحدت؛ یکپارچگی؛ فرایند متحدشدن (اسم),名,اسم,国家统一（guójiā tǒngyī）|实现统一（shíxiàn tǒngyī）|维护统一（wéihù tǒngyī）,国家的统一符合人民的共同愿望。,Guójiā de tǒngyī fúhé rénmín de gòngtóng yuànwàng.,وحدت کشور با خواست مشترک مردم سازگار است.,
1130,投,tóu,HSK 5,动,1,用手把东西向某处扔出（动）,پرت‌کردن؛ انداختن (فعل),动,فعل,把球投进篮筐（bǎ qiú tóu jìn lánkuāng）|投向目标（tóu xiàng mùbiāo）|用力投出（yònglì tóuchū）,他把球投进了篮筐。,Tā bǎ qiú tóu jìn le lánkuāng.,او توپ را داخل سبد انداخت.,
1130,投,tóu,HSK 5,动,2,在选举或表决中表示自己的选择（动）,رأی‌دادن (فعل),动,فعل,投赞成票（tóu zànchéngpiào）|投反对票（tóu fǎnduìpiào）|投他一票（tóu tā yí piào）,大家都投了赞成票。,Dàjiā dōu tóu le zànchéngpiào.,همه رأی موافق دادند.,
1130,投,tóu,HSK 5,动,3,把稿件、简历、信件等送交有关人员或机构（动）,نوشته، رزومه یا نامه‌ای را ارسال و ارائه‌کردن (فعل),动,فعل,投简历（tóu jiǎnlì）|投一篇稿子（tóu yì piān gǎozi）|往邮箱里投信（wǎng yóuxiāng li tóu xìn）,我已经给这家公司投了简历。,Wǒ yǐjīng gěi zhè jiā gōngsī tóu le jiǎnlì.,من رزومه‌ام را برای این شرکت فرستاده‌ام.,
1130,投,tóu,HSK 5,动,4,投入资金，以获得收益或支持某个项目（动）,سرمایه‌گذاری یا تزریق پول کردن (فعل),动,فعل,投了一笔钱（tóu le yì bǐ qián）|往项目里投钱（wǎng xiàngmù li tóu qián）|继续投资金（jìxù tóu zījīn）,公司决定在这个项目上再投一笔钱。,Gōngsī juédìng zài zhège xiàngmù shàng zài tóu yì bǐ qián.,شرکت تصمیم گرفت مبلغ دیگری در این پروژه سرمایه‌گذاری کند.,
1131,投入,tóurù,HSK 5,动、形,1,把物品投进或放进某个地方（动）,داخل چیزی انداختن یا قرار دادن (فعل),动,فعل,投入水中（tóurù shuǐ zhōng）|投入箱内（tóurù xiāng nèi）|投入垃圾桶（tóurù lājītǒng）,请把废纸投入垃圾桶。,Qǐng bǎ fèizhǐ tóurù lājītǒng.,لطفاً کاغذ باطله را داخل سطل زباله بیندازید.,
1131,投入,tóurù,HSK 5,动、形,2,为某件事提供资金、时间、精力等（动）,پول، زمان یا انرژی اختصاص دادن (فعل),动,فعل,投入资金（tóurù zījīn）|投入时间（tóurù shíjiān）|投入大量精力（tóurù dàliàng jīnglì）,公司为这个项目投入了大量资金。,Gōngsī wèi zhège xiàngmù tóurù le dàliàng zījīn.,شرکت سرمایهٔ زیادی به این پروژه اختصاص داد.,
1131,投入,tóurù,HSK 5,动、形,3,开始参加某种活动、工作或进入使用状态（动）,وارد فعالیت یا کار شدن؛ به کار گرفته‌شدن (فعل),动,فعل,投入工作（tóurù gōngzuò）|投入生产（tóurù shēngchǎn）|投入使用（tóurù shǐyòng）,新设备已经投入使用。,Xīn shèbèi yǐjīng tóurù shǐyòng.,تجهیزات جدید به بهره‌برداری رسیده است.,
1131,投入,tóurù,HSK 5,动、形,4,注意力高度集中，感情充分进入某种活动（形）,غرق و متمرکز در کاری (صفت),形,صفت,工作很投入（gōngzuò hěn tóurù）|表演得很投入（biǎoyǎn de hěn tóurù）|非常投入（fēicháng tóurù）,他工作时非常投入。,Tā gōngzuò shí fēicháng tóurù.,او هنگام کار کاملاً غرق کارش می‌شود.,
1132,团,tuán,HSK 5,名、量,1,为共同目的组成的集体（名）,گروه؛ دسته؛ هیئت (اسم),名,اسم,一个旅行团（yí ge lǚxíngtuán）|跟团旅行（gēn tuán lǚxíng）|接待团（jiēdài tuán）,我们跟着一个旅行团去了西安。,Wǒmen gēnzhe yí ge lǚxíngtuán qù le Xī’ān.,ما همراه یک گروه گردشگری به شی‌آن رفتیم.,
1132,团,tuán,HSK 5,名、量,2,军队的一级编制，通常下辖若干营（军事）（名）,هنگ؛ یگانی شامل چند گردان (نظامی) (اسم),名,اسم,一个团（yí ge tuán）|团的指挥官（tuán de zhǐhuīguān）|调到团里（diào dào tuán li）,他曾经在这个团服役。,Tā céngjīng zài zhège tuán fúyì.,او پیش‌تر در این هنگ خدمت کرده بود.,
1132,团,tuán,HSK 5,名、量,3,中国共产主义青年团的简称（名）,مخفف اتحادیهٔ جوانان کمونیست چین (اسم),名,اسم,加入团（jiārù tuán）|团的活动（tuán de huódòng）|党团组织（dǎng-tuán zǔzhī）,他中学时加入了团。,Tā zhōngxué shí jiārù le tuán.,او در دورهٔ دبیرستان به اتحادیهٔ جوانان پیوست.,
1132,团,tuán,HSK 5,名、量,4,用于成团、成球或聚集在一起的东西（量）,توده؛ گلوله؛ کلاف (واحد شمارش),量,واحد شمارش,一团纸（yì tuán zhǐ）|一团火（yì tuán huǒ）|一团线（yì tuán xiàn）,地上有一团揉皱的纸。,Dìshang yǒu yì tuán róuzhòu de zhǐ.,روی زمین یک گلوله کاغذ مچاله‌شده بود.,
1133,团队,tuánduì,HSK 5,名,1,为共同目标协作的一群人（名）,تیم؛ گروه کاری (اسم),名,اسم,团队合作（tuánduì hézuò）|团队精神（tuánduì jīngshén）|管理团队（guǎnlǐ tuánduì）,我们的团队合作得很好。,Wǒmen de tuánduì hézuò de hěn hǎo.,اعضای تیم ما همکاری بسیار خوبی دارند.,
1134,突出,tūchū,HSK 5,动、形,1,从周围表面向外伸出或鼓起（动）,بیرون‌زدن؛ برآمده‌بودن (فعل),动,فعل,突出墙面（tūchū qiángmiàn）|向外突出（xiàng wài tūchū）|明显突出（míngxiǎn tūchū）,这块石头从墙面突出了一部分。,Zhè kuài shítou cóng qiángmiàn tūchū le yí bùfen.,بخشی از این سنگ از سطح دیوار بیرون زده است.,
1134,突出,tūchū,HSK 5,动、形,2,特别强调，使某方面更加明显（动）,برجسته‌کردن؛ بر چیزی تأکیدکردن (فعل),动,فعل,突出重点（tūchū zhòngdiǎn）|突出优势（tūchū yōushì）|突出主题（tūchū zhǔtí）,这份报告突出了问题的重点。,Zhè fèn bàogào tūchū le wèntí de zhòngdiǎn.,این گزارش نکتهٔ اصلی مسئله را برجسته کرده است.,
1134,突出,tūchū,HSK 5,动、形,3,明显超过一般水平；特别出色（形）,برجسته؛ ممتاز؛ چشمگیر (صفت),形,صفت,成绩突出（chéngjì tūchū）|表现突出（biǎoxiàn tūchū）|贡献突出（gòngxiàn tūchū）,她在比赛中的表现非常突出。,Tā zài bǐsài zhōng de biǎoxiàn fēicháng tūchū.,عملکرد او در مسابقه بسیار چشمگیر بود.,
1135,土地,tǔdì,HSK 5,名,1,可供耕种、建设或利用的地面和土壤（名）,زمین؛ خاک و اراضی قابل‌استفاده (اسم),名,اسم,土地资源（tǔdì zīyuán）|利用土地（lìyòng tǔdì）|肥沃的土地（féiwò de tǔdì）,这里的土地很肥沃，适合种庄稼。,"Zhèli de tǔdì hěn féiwò, shìhé zhòng zhuāngjia.",زمین اینجا بسیار حاصلخیز و برای کشاورزی مناسب است.,
1135,土地,tǔdì,HSK 5,名,2,属于某个国家、地区或个人的地域（名）,سرزمین؛ قلمرو؛ اراضی تحت مالکیت (اسم),名,اسم,国家土地（guójiā tǔdì）|私人土地（sīrén tǔdì）|保护土地（bǎohù tǔdì）,这片土地属于当地居民。,Zhè piàn tǔdì shǔyú dāngdì jūmín.,این قطعه زمین متعلق به ساکنان محلی است.,
1136,土豆,tǔdòu,HSK 5,名,1,马铃薯的通俗名称（名）,سیب‌زمینی (اسم),名,اسم,土豆丝（tǔdòusī）|烤土豆（kǎo tǔdòu）|土豆泥（tǔdòuní）,我喜欢吃烤土豆。,Wǒ xǐhuan chī kǎo tǔdòu.,من سیب‌زمینی تنوری دوست دارم.,
1137,图画,túhuà,HSK 5,名,1,用线条、色彩等绘成的形象或画面（名）,نقاشی؛ تصویر ترسیم‌شده (اسم),名,اسم,一幅图画（yì fú túhuà）|欣赏图画（xīnshǎng túhuà）|画图画（huà túhuà）,墙上挂着一幅漂亮的图画。,Qiáng shàng guàzhe yì fú piàoliang de túhuà.,تصویر زیبایی روی دیوار آویزان است.,
1138,退,tuì,HSK 5,动,1,向后移动（动）,عقب‌رفتن (فعل),动,فعل,往后退（wǎng hòu tuì）|退一步（tuì yí bù）|连退几步（lián tuì jǐ bù）,他听到声音后退了一步。,Tā tīngdào shēngyīn hòu tuì le yí bù.,او با شنیدن صدا یک قدم عقب رفت.,
1138,退,tuì,HSK 5,动,2,退出某个组织、活动或原来的位置（动）,کناره‌گیری‌کردن؛ کناررفتن (فعل),动,فعل,主动退下来（zhǔdòng tuì xiàlai）|从队里退出来（cóng duì li tuì chūlai）|想退也来不及（xiǎng tuì yě láibují）,如果你不想参加，现在还可以退。,"Rúguǒ nǐ bù xiǎng cānjiā, xiànzài hái kěyǐ tuì.",اگر نمی‌خواهی شرکت کنی، هنوز می‌توانی کنار بکشی.,
1138,退,tuì,HSK 5,动,3,把购买的物品退还，或把收取的钱退给对方（动）,کالا را پس‌دادن؛ پول را بازگرداندن (فعل),动,فعل,退衣服（tuì yīfu）|退钱（tuì qián）|把票退了（bǎ piào tuì le）,这件衣服不合适，我想退了。,"Zhè jiàn yīfu bù héshì, wǒ xiǎng tuì le.",این لباس مناسب نیست؛ می‌خواهم پسش بدهم.,
1138,退,tuì,HSK 5,动,4,水位、热度、颜色等逐渐降低或消失（动）,فروکش‌کردن؛ پایین‌آمدن یا محوشدن (فعل),动,فعل,潮水退了（cháoshuǐ tuì le）|烧已经退了（shāo yǐjīng tuì le）|颜色退了（yánsè tuì le）,孩子的烧已经退了。,Háizi de shāo yǐjīng tuì le.,تب بچه پایین آمده است.,
1139,退出,tuìchū,HSK 5,动,1,离开原来参加的组织、活动、市场或系统（动）,خارج‌شدن؛ کناره‌گیری‌کردن (فعل),动,فعل,退出比赛（tuìchū bǐsài）|退出市场（tuìchū shìchǎng）|退出系统（tuìchū xìtǒng）,他因伤退出了比赛。,Tā yīn shāng tuìchū le bǐsài.,او به‌دلیل مصدومیت از مسابقه کنار کشید.,
1140,推动,tuīdòng,HSK 5,动,1,用力使物体向前或向某个方向移动（动）,هل‌دادن و به حرکت درآوردن (فعل),动,فعل,推动小车（tuīdòng xiǎochē）|用力推动（yònglì tuīdòng）|向前推动（xiàng qián tuīdòng）,他用力推动那辆坏了的小车。,Tā yònglì tuīdòng nà liàng huài le de xiǎochē.,او گاری خراب را با قدرت هل داد.,
1140,推动,tuīdòng,HSK 5,动,2,使事业、工作、关系等向前发展（比喻）（动）,پیش‌بردن؛ موجب توسعه یا پیشرفت‌شدن (مجازی) (فعل),动,فعل,推动发展（tuīdòng fāzhǎn）|推动改革（tuīdòng gǎigé）|推动合作（tuīdòng hézuò）,科技进步推动了社会发展。,Kējì jìnbù tuīdòng le shèhuì fāzhǎn.,پیشرفت فناوری موجب توسعهٔ جامعه شده است.,
1141,推广,tuīguǎng,HSK 5,动,1,扩大某种产品、技术、经验或做法的应用范围和影响（动）,ترویج‌کردن؛ رواج و گسترش‌دادن (فعل),动,فعل,推广产品（tuīguǎng chǎnpǐn）|推广经验（tuīguǎng jīngyàn）|推广普通话（tuīguǎng Pǔtōnghuà）,公司正在全国推广这款新产品。,Gōngsī zhèngzài quánguó tuīguǎng zhè kuǎn xīn chǎnpǐn.,شرکت در حال عرضه و ترویج این محصول جدید در سراسر کشور است.,
1142,退还,tuìhuán,HSK 5,动,1,把原来收下、借用或占有的钱物还给原主（动）,پول یا چیزی را به صاحبش پس‌دادن (فعل),动,فعل,退还押金（tuìhuán yājīn）|退还费用（tuìhuán fèiyòng）|退还物品（tuìhuán wùpǐn）,请按时退还所借图书。,Qǐng ànshí tuìhuán suǒ jiè túshū.,لطفاً کتاب‌های امانت‌گرفته‌شده را به‌موقع پس بدهید.,
1143,推荐,tuījiàn,HSK 5,动,1,把认为合适或优秀的人、事物介绍给别人（动）,توصیه‌کردن؛ شخص یا چیزی مناسب را معرفی‌کردن (فعل),动,فعل,推荐一本书（tuījiàn yì běn shū）|推荐合适人选（tuījiàn héshì rénxuǎn）|向朋友推荐（xiàng péngyou tuījiàn）,朋友给我推荐了一家餐厅。,Péngyou gěi wǒ tuījiàn le yì jiā cāntīng.,دوستم رستورانی را به من معرفی کرد.,
1144,推进,tuījìn,HSK 5,动,1,使物体、队伍等向前移动（动）,به جلو راندن؛ پیشروی‌کردن (فعل),动,فعل,向前推进（xiàng qián tuījìn）|继续推进（jìxù tuījìn）|部队推进（bùduì tuījìn）,救援队正在向山区推进。,Jiùyuánduì zhèngzài xiàng shānqū tuījìn.,گروه امداد در حال پیشروی به‌سوی منطقهٔ کوهستانی است.,
1144,推进,tuījìn,HSK 5,动,2,使工作、计划、改革等向前发展（比喻）（动）,کار، برنامه یا اصلاحات را پیش‌بردن (مجازی) (فعل),动,فعل,推进改革（tuījìn gǎigé）|推进项目（tuījìn xiàngmù）|推进工作（tuījìn gōngzuò）,政府正在稳步推进改革。,Zhèngfǔ zhèngzài wěnbù tuījìn gǎigé.,دولت در حال پیشبرد تدریجی اصلاحات است.,
1145,退休,tuìxiū,HSK 5,动,1,达到规定年龄或符合有关条件后离开工作岗位（动）,بازنشسته‌شدن (فعل),动,فعل,正式退休（zhèngshì tuìxiū）|退休以后（tuìxiū yǐhòu）|提前退休（tíqián tuìxiū）,他去年从公司退休了。,Tā qùnián cóng gōngsī tuìxiū le.,او سال گذشته از شرکت بازنشسته شد.,
1146,拖鞋,tuōxié,HSK 5,名,1,没有完整鞋帮、穿脱方便的鞋（名）,دمپایی (اسم),名,اسم,穿拖鞋（chuān tuōxié）|一双拖鞋（yì shuāng tuōxié）|换上拖鞋（huànshàng tuōxié）,进屋以后请换上拖鞋。,Jìn wū yǐhòu qǐng huànshàng tuōxié.,لطفاً پس از ورود به خانه دمپایی بپوشید.,
1147,图书,túshū,HSK 5,名,1,书籍，多用于出版、教育、收藏等正式语境（较正式）（名）,کتاب؛ مجموعهٔ کتاب‌ها (رسمی‌تر) (اسم),名,اسم,儿童图书（értóng túshū）|购买图书（gòumǎi túshū）|借阅图书（jièyuè túshū）,这里收藏了大量珍贵图书。,Zhèli shōucáng le dàliàng zhēnguì túshū.,کتاب‌های ارزشمند فراوانی در اینجا نگهداری می‌شود.,
1148,兔子,tùzi,HSK 5,名,1,耳朵长、后腿发达、善于跳跃的哺乳动物（名）,خرگوش (اسم),名,اسم,一只兔子（yì zhī tùzi）|养兔子（yǎng tùzi）|可爱的小兔子（kě’ài de xiǎo tùzi）,孩子们正在给兔子喂食。,Háizimen zhèngzài gěi tùzi wèishí.,بچه‌ها در حال غذا‌دادن به خرگوش‌اند.,
1149,外部,wàibù,HSK 5,名,1,某个事物、组织或范围以外的部分或方面，也可作定语（名）,بخش بیرونی؛ خارج از یک مجموعه یا سازمان (اسم),名,اسم,外部环境（wàibù huánjìng）|外部因素（wàibù yīnsù）|来自外部（láizì wàibù）,公司需要获得外部的支持。,Gōngsī xūyào huòdé wàibù de zhīchí.,شرکت باید از بیرون حمایت دریافت کند.,
1150,外公,wàigōng,HSK 5,名,1,母亲的父亲（名）,پدربزرگ مادری (اسم),名,اسم,我的外公（wǒ de wàigōng）|去看外公（qù kàn wàigōng）|外公家（wàigōng jiā）,我外公今年八十岁。,Wǒ wàigōng jīnnián bāshí suì.,پدربزرگ مادری‌ام امسال هشتادساله است.,
1151,外观,wàiguān,HSK 5,名,1,人或物从外面看起来的整体样子（名）,ظاهر؛ نمای کلی بیرونی (اسم),名,اسم,外观设计（wàiguān shèjì）|产品外观（chǎnpǐn wàiguān）|改善外观（gǎishàn wàiguān）,这辆车的外观很漂亮。,Zhè liàng chē de wàiguān hěn piàoliang.,ظاهر این خودرو بسیار زیباست.,
1152,外婆,wàipó,HSK 5,名,1,母亲的母亲（名）,مادربزرگ مادری (اسم),名,اسم,我的外婆（wǒ de wàipó）|去看外婆（qù kàn wàipó）|外婆家（wàipó jiā）,我小时候和外婆一起生活。,Wǒ xiǎoshíhou hé wàipó yìqǐ shēnghuó.,من در کودکی با مادربزرگ مادری‌ام زندگی می‌کردم.,
1153,外形,wàixíng,HSK 5,名,1,人或物外部的形状、轮廓（名）,شکل و فرم ظاهری (اسم),名,اسم,外形设计（wàixíng shèjì）|外形美观（wàixíng měiguān）|外形相似（wàixíng xiāngsì）,这两台机器的外形很相似。,Zhè liǎng tái jīqì de wàixíng hěn xiāngsì.,شکل ظاهری این دو دستگاه بسیار شبیه است.,
1154,弯,wān,HSK 5,名、动、形,1,使身体或物体弯曲（动）,بدن یا چیزی را خم‌کردن (فعل),动,فعل,弯下腰（wānxià yāo）|弯膝盖（wān xīgài）|把铁丝弯一下（bǎ tiěsī wān yíxià）,请把膝盖弯一点。,Qǐng bǎ xīgài wān yìdiǎn.,لطفاً زانویتان را کمی خم کنید.,
1154,弯,wān,HSK 5,名、动、形,2,不直；弯曲的（形）,خمیده؛ منحنی؛ پرپیچ‌وخم (صفت),形,صفت,路很弯（lù hěn wān）|弯弯的眉毛（wānwān de méimao）|又窄又弯（yòu zhǎi yòu wān）,这条山路又窄又弯。,Zhè tiáo shānlù yòu zhǎi yòu wān.,این جادهٔ کوهستانی هم باریک است و هم پرپیچ‌وخم.,
1154,弯,wān,HSK 5,名、动、形,3,道路、河流等弯曲的地方（名）,پیچ؛ قسمت خمیدهٔ راه یا رودخانه (اسم),名,اسم,一个急弯（yí ge jíwān）|转过这个弯（zhuǎnguò zhège wān）|前面有个弯（qiánmiàn yǒu ge wān）,前面有个急弯，开慢一点。,"Qiánmiàn yǒu ge jíwān, kāi màn yìdiǎn.",جلوتر یک پیچ تند است؛ کمی آهسته‌تر بران.,
1155,往返,wǎngfǎn,HSK 5,动,1,在两个地方之间来回；也可在名词前表示双向行程（动）,میان دو مکان رفت‌وآمدکردن؛ رفت‌وبرگشت (فعل),动,فعل,往返两地（wǎngfǎn liǎng dì）|往返于两座城市之间（wǎngfǎn yú liǎng zuò chéngshì zhījiān）|往返机票（wǎngfǎn jīpiào）,他每天往返于公司和家之间。,Tā měitiān wǎngfǎn yú gōngsī hé jiā zhījiān.,او هر روز میان خانه و شرکت رفت‌وآمد می‌کند.,
1156,网络,wǎngluò,HSK 5,名,1,由相互联系的事物、组织或线路形成的系统（名）,شبکه‌ای از اجزا، سازمان‌ها یا مسیرهای مرتبط (اسم),名,اسم,交通网络（jiāotōng wǎngluò）|销售网络（xiāoshòu wǎngluò）|关系网络（guānxi wǎngluò）,这家公司建立了覆盖全国的销售网络。,Zhè jiā gōngsī jiànlì le fùgài quánguó de xiāoshòu wǎngluò.,این شرکت شبکهٔ فروشی ایجاد کرده که سراسر کشور را پوشش می‌دهد.,
1156,网络,wǎngluò,HSK 5,名,2,由计算机和通信设备连接形成的系统，也常指互联网（名）,شبکهٔ رایانه‌ای؛ اینترنت (اسم),名,اسم,网络安全（wǎngluò ānquán）|连接网络（liánjiē wǎngluò）|通过网络（tōngguò wǎngluò）,网络改变了我们的生活方式。,Wǎngluò gǎibiàn le wǒmen de shēnghuó fāngshì.,اینترنت شیوهٔ زندگی ما را تغییر داده است.,
1157,玩具,wánjù,HSK 5,名,1,供人特别是儿童玩耍的物品（名）,اسباب‌بازی (اسم),名,اسم,儿童玩具（értóng wánjù）|毛绒玩具（máoróng wánjù）|收拾玩具（shōushi wánjù）,孩子收到了很多新玩具。,Háizi shōudào le hěn duō xīn wánjù.,بچه اسباب‌بازی‌های جدید زیادی هدیه گرفت.,
1158,完美,wánměi,HSK 5,形,1,完整美好，没有明显缺点（形）,کامل و بی‌نقص؛ عالی (صفت),形,صفت,完美表现（wánměi biǎoxiàn）|完美结果（wánměi jiéguǒ）|近乎完美（jìnhū wánměi）,她在比赛中的表现近乎完美。,Tā zài bǐsài zhōng de biǎoxiàn jìnhū wánměi.,عملکرد او در مسابقه تقریباً بی‌نقص بود.,
1159,完善,wánshàn,HSK 5,动、形,1,使事物更加完整、合理或有效（动）,تکمیل و بهترکردن؛ بهبوددادن (فعل),动,فعل,完善制度（wánshàn zhìdù）|完善机制（wánshàn jīzhì）|完善服务（wánshàn fúwù）,公司不断完善管理制度。,Gōngsī búduàn wánshàn guǎnlǐ zhìdù.,شرکت پیوسته نظام مدیریتی خود را بهبود می‌دهد.,
1159,完善,wánshàn,HSK 5,动、形,2,完整、合理而且功能齐全（形）,کامل، جامع و کارآمد (صفت),形,صفت,制度完善（zhìdù wánshàn）|设施完善（shèshī wánshàn）|体系比较完善（tǐxì bǐjiào wánshàn）,这里的公共设施非常完善。,Zhèli de gōnggòng shèshī fēicháng wánshàn.,امکانات عمومی اینجا بسیار کامل و مناسب است.,
1160,万一,wànyī,HSK 5,连、名,1,表示可能性很小的假设，常引出不希望发生的情况（连）,اگر احیاناً؛ اگر اتفاقاً (حرف ربط),连,حرف ربط,万一下雨（wànyī xiàyǔ）|万一发生意外（wànyī fāshēng yìwài）|万一来不及（wànyī láibují）,万一下雨，我们就取消活动。,"Wànyī xiàyǔ, wǒmen jiù qǔxiāo huódòng.",اگر احیاناً باران ببارد، برنامه را لغو می‌کنیم.,
1160,万一,wànyī,HSK 5,连、名,2,可能性很小但需要防备的意外情况（名）,پیشامد احتمالی و غیرمنتظره (اسم),名,اسم,以防万一（yǐ fáng wànyī）|防备万一（fángbèi wànyī）|考虑到万一（kǎolǜ dào wànyī）,带把伞吧，以防万一。,"Dài bǎ sǎn ba, yǐ fáng wànyī.",برای احتیاط یک چتر همراهت ببر.,
1161,完整,wánzhěng,HSK 5,形,1,各部分齐全，没有缺少或残缺（形）,کامل؛ بی‌کم‌وکاست؛ بدون بخش مفقود (صفت),形,صفت,完整的资料（wánzhěng de zīliào）|完整版本（wánzhěng bǎnběn）|内容完整（nèiróng wánzhěng）,请提供完整的信息。,Qǐng tígōng wánzhěng de xìnxī.,لطفاً اطلاعات کامل را ارائه دهید.,
1162,围,wéi,HSK 5,动,1,从四周包围、环绕或聚集在某人、某物周围（动）,احاطه یا محاصره‌کردن؛ دور کسی یا چیزی جمع‌شدن (فعل),动,فعل,围着桌子坐（wéizhe zhuōzi zuò）|把房子围住（bǎ fángzi wéizhù）|围成一圈（wéi chéng yì quān）,大家围着桌子坐了下来。,Dàjiā wéizhe zhuōzi zuò le xiàlai.,همه دور میز نشستند.,
1163,胃,wèi,HSK 5,名,1,消化食物的囊状器官（名）,معده (اسم),名,اسم,胃不舒服（wèi bù shūfu）|保护胃（bǎohù wèi）|胃里难受（wèi li nánshòu）,我的胃有点儿疼。,Wǒ de wèi yǒudiǎnr téng.,معده‌ام کمی درد می‌کند.,
1164,尾巴,wěiba,HSK 5,名,1,动物身体末端向外突出的部分（名）,دم حیوان (اسم),名,اسم,摇尾巴（yáo wěiba）|长尾巴（cháng wěiba）|夹着尾巴（jiāzhe wěiba）,狗一直摇着尾巴。,Gǒu yìzhí yáozhe wěiba.,سگ مدام دمش را تکان می‌داد.,
1164,尾巴,wěiba,HSK 5,名,2,事物或队伍最后面的部分（口语）（名）,انتها یا بخش عقبی چیزی و صف (محاوره‌ای) (اسم),名,اسم,队伍的尾巴（duìwu de wěiba）|文章的尾巴（wénzhāng de wěiba）|走在尾巴上（zǒu zài wěiba shàng）,他走在队伍的尾巴上。,Tā zǒu zài duìwu de wěiba shàng.,او در انتهای صف حرکت می‌کرد.,
1165,维持,wéichí,HSK 5,动,1,使某种状态、秩序、关系或生活继续保持下去（动）,حفظ و برقرار نگه‌داشتن؛ ادامه‌دادن (فعل),动,فعل,维持秩序（wéichí zhìxù）|维持生活（wéichí shēnghuó）|维持关系（wéichí guānxi）,请大家维持现场秩序。,Qǐng dàjiā wéichí xiànchǎng zhìxù.,لطفاً نظم محل را حفظ کنید.,
1166,伟大,wěidà,HSK 5,形,1,品格、成就或影响远远超过一般水平，值得尊敬（形）,بزرگ؛ والامقام؛ دارای دستاورد یا تأثیر عظیم (صفت),形,صفت,伟大事业（wěidà shìyè）|伟大人物（wěidà rénwù）|伟大精神（wěidà jīngshén）,他是一位伟大的科学家。,Tā shì yí wèi wěidà de kēxuéjiā.,او دانشمند بزرگی است.,
1167,违法,wéifǎ,HSK 5,动,1,违反法律或法规（动）,قانون را نقض‌کردن؛ غیرقانونی‌بودن (فعل),动,فعل,违法经营（wéifǎ jīngyíng）|严重违法（yánzhòng wéifǎ）|涉嫌违法（shèxián wéifǎ）,酒后开车是违法的。,Jiǔhòu kāichē shì wéifǎ de.,رانندگی پس از نوشیدن الکل غیرقانونی است.,
1168,违反,wéifǎn,HSK 5,动,1,不遵守或违背法律、规定、原则、合同等（动）,قانون، مقررات، اصل یا قرارداد را نقض‌کردن (فعل),动,فعل,违反规定（wéifǎn guīdìng）|违反法律（wéifǎn fǎlǜ）|违反合同（wéifǎn hétong）,他违反了公司的规定。,Tā wéifǎn le gōngsī de guīdìng.,او مقررات شرکت را نقض کرد.,
1169,危害,wēihài,HSK 5,名、动,1,使人、社会、环境等受到损害（动）,به شخص، جامعه یا محیط‌زیست آسیب‌رساندن (فعل),动,فعل,危害健康（wēihài jiànkāng）|危害社会（wēihài shèhuì）|危害环境（wēihài huánjìng）,吸烟会严重危害健康。,Xīyān huì yánzhòng wēihài jiànkāng.,سیگارکشیدن به‌شدت به سلامتی آسیب می‌رساند.,
1169,危害,wēihài,HSK 5,名、动,2,可能造成或已经造成的损害和危险（名）,زیان؛ آسیب و خطر ناشی از چیزی (اسم),名,اسم,造成危害（zàochéng wēihài）|严重危害（yánzhòng wēihài）|危害很大（wēihài hěn dà）,这种污染对环境的危害很大。,Zhè zhǒng wūrǎn duì huánjìng de wēihài hěn dà.,این نوع آلودگی آسیب زیادی به محیط‌زیست می‌زند.,
1170,围巾,wéijīn,HSK 5,名,1,围在脖子上用于保暖或装饰的长条形用品（名）,شال‌گردن (اسم),名,اسم,戴围巾（dài wéijīn）|一条围巾（yì tiáo wéijīn）|系好围巾（jìhǎo wéijīn）,冬天出门要戴围巾。,Dōngtiān chūmén yào dài wéijīn.,زمستان هنگام بیرون‌رفتن باید شال‌گردن بپوشی.,
1171,未来,wèilái,HSK 5,名,1,从现在以后的一段时间（名）,آینده (اسم),名,اسم,未来发展（wèilái fāzhǎn）|未来计划（wèilái jìhuà）|展望未来（zhǎnwàng wèilái）,未来充满希望。,Wèilái chōngmǎn xīwàng.,آینده سرشار از امید است.,
1172,围绕,wéirào,HSK 5,动、介,1,在某人或某物的四周环绕（动）,دور کسی یا چیزی را فراگرفتن؛ احاطه‌کردن (فعل),动,فعل,群山围绕（qúnshān wéirào）|围绕着小岛（wéiràozhe xiǎodǎo）|被树木围绕（bèi shùmù wéirào）,村庄四周围绕着高山。,Cūnzhuāng sìzhōu wéiràozhe gāoshān.,روستا از چهار طرف با کوه‌های بلند احاطه شده است.,
1172,围绕,wéirào,HSK 5,动、介,2,引出讨论、活动等所依据的中心或主题（介）,حول؛ دربارهٔ؛ با محوریت (حرف اضافه),介,حرف اضافه,围绕主题讨论（wéirào zhǔtí tǎolùn）|围绕问题展开（wéirào wèntí zhǎnkāi）|围绕目标开展工作（wéirào mùbiāo kāizhǎn gōngzuò）,大家围绕这个问题进行了讨论。,Dàjiā wéirào zhège wèntí jìnxíng le tǎolùn.,همه دربارهٔ این مسئله بحث کردند.,
1173,微笑,wēixiào,HSK 5,名、动,1,不出声地轻轻发笑（动）,لبخندزدن (فعل),动,فعل,对他微笑（duì tā wēixiào）|微笑着回答（wēixiàozhe huídá）|微笑着点头（wēixiàozhe diǎntóu）,她微笑着点了点头。,Tā wēixiàozhe diǎn le dian tóu.,او لبخندی زد و سرش را تکان داد.,
1173,微笑,wēixiào,HSK 5,名、动,2,不出声的轻微笑容（名）,لبخند (اسم),名,اسم,露出微笑（lùchū wēixiào）|面带微笑（miàndài wēixiào）|温暖的微笑（wēnnuǎn de wēixiào）,她的脸上露出了温暖的微笑。,Tā de liǎn shàng lùchū le wēnnuǎn de wēixiào.,لبخندی گرم روی صورتش نقش بست.,
1174,威胁,wēixié,HSK 5,名、动,1,用可能造成伤害的手段逼迫或恐吓某人（动）,کسی را تهدید یا وادارکردن (فعل),动,فعل,威胁别人（wēixié biérén）|受到威胁（shòudào wēixié）|用武力威胁（yòng wǔlì wēixié）,他威胁我不要把这件事说出去。,Tā wēixié wǒ bú yào bǎ zhè jiàn shì shuō chūqu.,او تهدیدم کرد که این موضوع را به کسی نگویم.,
1174,威胁,wēixié,HSK 5,名、动,2,对生命、安全、环境等构成危险（动）,سلامت، امنیت یا موجودیت چیزی را به خطر انداختن (فعل),动,فعل,威胁生命（wēixié shēngmìng）|威胁安全（wēixié ānquán）|威胁生态环境（wēixié shēngtài huánjìng）,这种污染正在威胁当地居民的健康。,Zhè zhǒng wūrǎn zhèngzài wēixié dāngdì jūmín de jiànkāng.,این آلودگی سلامت ساکنان محلی را به خطر انداخته است.,
1174,威胁,wēixié,HSK 5,名、动,3,可能造成伤害、损失或危险的人或事物（名）,تهدید؛ عامل خطر (اسم),名,اسم,严重威胁（yánzhòng wēixié）|潜在威胁（qiánzài wēixié）|构成威胁（gòuchéng wēixié）,气候变化对人类构成了严重威胁。,Qìhòu biànhuà duì rénlèi gòuchéng le yánzhòng wēixié.,تغییرات اقلیمی تهدیدی جدی برای بشر ایجاد کرده است.,
1175,维修,wéixiū,HSK 5,动,1,对机器、车辆、建筑等进行维护和修理（动）,تعمیر و نگهداری‌کردن (فعل),动,فعل,维修设备（wéixiū shèbèi）|维修汽车（wéixiū qìchē）|定期维修（dìngqī wéixiū）,工程师正在维修机器。,Gōngchéngshī zhèngzài wéixiū jīqì.,مهندس در حال تعمیر دستگاه است.,
1176,唯一,wéiyī,HSK 5,形,1,只有一个，没有其他相同或可替代的（形）,تنها؛ یگانه (صفت),形,صفت,唯一办法（wéiyī bànfǎ）|唯一机会（wéiyī jīhuì）|唯一选择（wéiyī xuǎnzé）,这是解决问题的唯一办法。,Zhè shì jiějué wèntí de wéiyī bànfǎ.,این تنها راه حل مسئله است.,
1177,位于,wèiyú,HSK 5,动,1,处在或坐落在某个位置（较正式）（动）,واقع‌شدن؛ قرارداشتن (رسمی‌تر) (فعل),动,فعل,位于市中心（wèiyú shì zhōngxīn）|位于北方（wèiyú běifāng）|位于两国之间（wèiyú liǎng guó zhījiān）,学校位于市中心。,Xuéxiào wèiyú shì zhōngxīn.,مدرسه در مرکز شهر قرار دارد.,
1178,位置,wèizhi,HSK 5,名,1,人或事物所在的地方（名）,مکان؛ موقعیت مکانی؛ محل قرارگیری (اسم),名,اسم,地理位置（dìlǐ wèizhi）|确定位置（quèdìng wèizhi）|改变位置（gǎibiàn wèizhi）,请把你现在的位置发给我。,Qǐng bǎ nǐ xiànzài de wèizhi fā gěi wǒ.,لطفاً موقعیت فعلی‌ات را برایم بفرست.,
1178,位置,wèizhi,HSK 5,名,2,人或事物在社会、组织或整体中所处的地位或重要程度（名）,جایگاه؛ موقعیت و میزان اهمیت (اسم),名,اسم,重要位置（zhòngyào wèizhi）|领导位置（lǐngdǎo wèizhi）|摆在首要位置（bǎi zài shǒuyào wèizhi）,公司把产品质量摆在首要位置。,Gōngsī bǎ chǎnpǐn zhìliàng bǎi zài shǒuyào wèizhi.,شرکت کیفیت محصول را در اولویت نخست قرار داده است.,
1179,稳定,wěndìng,HSK 5,形、动,1,平稳、固定，没有明显变化或波动（形）,پایدار؛ باثبات؛ بدون نوسان (صفت),形,صفت,工作稳定（gōngzuò wěndìng）|收入稳定（shōurù wěndìng）|情绪稳定（qíngxù wěndìng）,他的工作和收入都很稳定。,Tā de gōngzuò hé shōurù dōu hěn wěndìng.,شغل و درآمد او هر دو باثبات‌اند.,
1179,稳定,wěndìng,HSK 5,形、动,2,使局势、价格、情绪等保持平稳（动）,ثابت و آرام نگه‌داشتن؛ تثبیت‌کردن (فعل),动,فعل,稳定市场（wěndìng shìchǎng）|稳定物价（wěndìng wùjià）|稳定情绪（wěndìng qíngxù）,政府采取措施稳定市场。,Zhèngfǔ cǎiqǔ cuòshī wěndìng shìchǎng.,دولت برای تثبیت بازار اقداماتی انجام داد.,
1180,问卷,wènjuàn,HSK 5,名,1,为调查而设计的一组书面问题（名）,پرسش‌نامه (اسم),名,اسم,调查问卷（diàochá wènjuàn）|填写问卷（tiánxiě wènjuàn）|发放问卷（fāfàng wènjuàn）,请认真填写这份问卷。,Qǐng rènzhēn tiánxiě zhè fèn wènjuàn.,لطفاً این پرسش‌نامه را با دقت تکمیل کنید.,
1181,温暖,wēnnuǎn,HSK 5,形、动,1,气候、环境或物体的温度使人感到暖和（形）,گرم؛ دارای گرمای مطبوع (صفت),形,صفت,天气温暖（tiānqì wēnnuǎn）|温暖的阳光（wēnnuǎn de yángguāng）|房间很温暖（fángjiān hěn wēnnuǎn）,今天阳光很好，天气很温暖。,"Jīntiān yángguāng hěn hǎo, tiānqì hěn wēnnuǎn.",امروز هوا آفتابی و گرم است.,
1181,温暖,wēnnuǎn,HSK 5,形、动,2,使人内心感到亲切、关爱或安慰（比喻）（形）,گرم، صمیمی و دلگرم‌کننده (مجازی) (صفت),形,صفت,温暖的家庭（wēnnuǎn de jiātíng）|温暖的笑容（wēnnuǎn de xiàoróng）|内心温暖（nèixīn wēnnuǎn）,她的笑容让人感到很温暖。,Tā de xiàoróng ràng rén gǎndào hěn wēnnuǎn.,لبخندش به آدم احساس گرمی و صمیمیت می‌دهد.,
1181,温暖,wēnnuǎn,HSK 5,形、动,3,使身体或内心感到暖和、安慰（较正式）（动）,گرم یا دلگرم‌کردن (رسمی‌تر) (فعل),动,فعل,温暖人心（wēnnuǎn rénxīn）|温暖着大地（wēnnuǎnzhe dàdì）|温暖每个人（wēnnuǎn měi ge rén）,她的话温暖了大家的心。,Tā de huà wēnnuǎn le dàjiā de xīn.,حرف‌های او دل همه را گرم کرد.,
1182,文学,wénxué,HSK 5,名,1,以语言文字塑造形象、表达思想和感情的艺术（名）,ادبیات؛ هنر بیان اندیشه و احساس با زبان (اسم),名,اسم,文学作品（wénxué zuòpǐn）|文学创作（wénxué chuàngzuò）|研究文学（yánjiū wénxué）,我很喜欢中国现代文学。,Wǒ hěn xǐhuan Zhōngguó xiàndài wénxué.,من ادبیات معاصر چین را خیلی دوست دارم.,
1183,握,wò,HSK 5,动,1,用手指合拢抓住或拿住（动）,گرفتن؛ در دست نگه‌داشتن (فعل),动,فعل,握住他的手（wòzhù tā de shǒu）|紧握拳头（jǐn wò quántou）|手里握着笔（shǒu li wòzhe bǐ）,他紧紧握住了我的手。,Tā jǐnjǐn wòzhù le wǒ de shǒu.,او دستم را محکم گرفت.,
1183,握,wò,HSK 5,动,2,掌握或控制权力、机会等（较正式）（动）,قدرت، اختیار یا فرصتی را در دست داشتن (رسمی‌تر) (فعل),动,فعل,手握重权（shǒu wò zhòngquán）|大权在握（dàquán zài wò）|胜券在握（shèngquàn zài wò）,他手握公司的最终决定权。,Tā shǒu wò gōngsī de zuìzhōng juédìngquán.,اختیار تصمیم‌گیری نهایی شرکت در دست اوست.,
1184,卧室,wòshì,HSK 5,名,1,供人睡觉、休息的房间（名）,اتاق‌خواب (اسم),名,اسم,主卧室（zhǔ wòshì）|卧室家具（wòshì jiājù）|整理卧室（zhěnglǐ wòshì）,我的卧室很安静。,Wǒ de wòshì hěn ānjìng.,اتاق‌خواب من بسیار آرام است.,
1185,握手,wòshǒu,HSK 5,动,1,双方互相握住对方的手，表示礼貌、欢迎、祝贺等（动）,دست‌دادن (فعل),动,فعل,互相握手（hùxiāng wòshǒu）|握手告别（wòshǒu gàobié）|和客人握手（hé kèrén wòshǒu）,他们见面时热情地握了手。,Tāmen jiànmiàn shí rèqíng de wò le shǒu.,آن‌ها هنگام دیدار با گرمی دست دادند.,
1186,雾,wù,HSK 5,名,1,接近地面的空气中悬浮的大量微小水滴（名）,مه (اسم),名,اسم,一场大雾（yì cháng dà wù）|起雾（qǐ wù）|浓雾（nóngwù）,今天早上有一场大雾。,Jīntiān zǎoshang yǒu yì cháng dà wù.,امروز صبح مه غلیظی بود.,
1187,舞蹈,wǔdǎo,HSK 5,名,1,以有节奏的身体动作为主要表现手段的艺术（名）,رقص؛ هنر رقص (اسم),名,اسم,民族舞蹈（mínzú wǔdǎo）|现代舞蹈（xiàndài wǔdǎo）|学习舞蹈（xuéxí wǔdǎo）,她学习舞蹈很多年了。,Tā xuéxí wǔdǎo hěn duō nián le.,او سال‌هاست رقص می‌آموزد.,
1188,无关,wúguān,HSK 5,形,1,没有关系或联系（形）,بی‌ارتباط؛ نامربوط (صفت),形,صفت,与我无关（yǔ wǒ wúguān）|与此无关（yǔ cǐ wúguān）|看似无关（kànsì wúguān）,这件事与我无关。,Zhè jiàn shì yǔ wǒ wúguān.,این موضوع به من ارتباطی ندارد.,
1189,物价,wùjià,HSK 5,名,1,市场上各种商品和服务价格的总体水平（名）,سطح عمومی قیمت کالاها و خدمات (اسم),名,اسم,物价上涨（wùjià shàngzhǎng）|物价水平（wùjià shuǐpíng）|稳定物价（wěndìng wùjià）,最近当地物价上涨了不少。,Zuìjìn dāngdì wùjià shàngzhǎng le bù shǎo.,اخیراً سطح قیمت‌ها در این منطقه بسیار بالا رفته است.,
1190,物理,wùlǐ,HSK 5,名,1,研究物质、能量及其运动规律的自然科学（名）,فیزیک (اسم),名,اسم,物理老师（wùlǐ lǎoshī）|物理实验（wùlǐ shíyàn）|学习物理（xuéxí wùlǐ）,在所有科目中，他最喜欢物理。,"Zài suǒyǒu kēmù zhōng, tā zuì xǐhuan wùlǐ.",از میان همهٔ درس‌ها، او فیزیک را بیشتر از همه دوست دارد.,
1191,无奈,wúnài,HSK 5,形、名、连,1,没有办法，不知道该怎么处理（形）,ناچار؛ درمانده؛ بی‌چاره (صفت),形,صفت,感到无奈（gǎndào wúnài）|十分无奈（shífēn wúnài）|对此很无奈（duì cǐ hěn wúnài）,面对这种情况，我也很无奈。,"Miànduì zhè zhǒng qíngkuàng, wǒ yě hěn wúnài.",من هم در برابر چنین وضعیتی درمانده‌ام.,
1191,无奈,wúnài,HSK 5,形、名、连,2,因没有办法而产生的心情（名）,درماندگی؛ استیصال؛ ناچاری (اسم),名,اسم,满脸无奈（mǎnliǎn wúnài）|一脸无奈（yì liǎn wúnài）|心中的无奈（xīnzhōng de wúnài）,他的脸上充满了无奈。,Tā de liǎn shàng chōngmǎn le wúnài.,چهره‌اش پر از درماندگی بود.,
1191,无奈,wúnài,HSK 5,形、名、连,3,表示因受到某种条件限制而没有办法，只能接受结果（较书面）（连）,اما چون چاره‌ای نبود؛ از سر ناچاری (نوشتاری) (حرف ربط),连,حرف ربط,无奈时间不够（wúnài shíjiān bú gòu）|无奈条件有限（wúnài tiáojiàn yǒuxiàn）|无奈只好放弃（wúnài zhǐhǎo fàngqì）,无奈时间不够，我们只好提前结束。,"Wúnài shíjiān bú gòu, wǒmen zhǐhǎo tíqián jiéshù.",اما چون وقت کافی نبود، ناچار شدیم زودتر تمام کنیم.,
1192,物品,wùpǐn,HSK 5,名,1,日常使用、携带或保存的各种具体东西（名）,اشیا؛ وسایل (اسم),名,اسم,贵重物品（guìzhòng wùpǐn）|个人物品（gèrén wùpǐn）|随身物品（suíshēn wùpǐn）,请保管好自己的贵重物品。,Qǐng bǎoguǎn hǎo zìjǐ de guìzhòng wùpǐn.,لطفاً از وسایل قیمتی خود به‌خوبی نگهداری کنید.,
1193,无数,wúshù,HSK 5,数,1,数量极多，无法计算（数）,بی‌شمار؛ بسیار زیاد (عدد),数,عدد,无数次（wúshù cì）|无数人（wúshù rén）|无数事实（wúshù shìshí）,他帮助过无数人。,Tā bāngzhù guo wúshù rén.,او به افراد بی‌شماری کمک کرده است.,
1194,武术,wǔshù,HSK 5,名,1,以攻防动作和身体训练为主要内容的中国传统体育活动（名）,هنرهای رزمی چینی (اسم),名,اسم,中国武术（Zhōngguó wǔshù）|学习武术（xuéxí wǔshù）|武术比赛（wǔshù bǐsài）,他从小就开始学习武术。,Tā cóngxiǎo jiù kāishǐ xuéxí wǔshù.,او از کودکی یادگیری هنرهای رزمی چینی را آغاز کرده است.,
1195,舞台,wǔtái,HSK 5,名,1,供演员表演的高于地面的场所（名）,صحنهٔ نمایش؛ سن (اسم),名,اسم,舞台表演（wǔtái biǎoyǎn）|走上舞台（zǒushàng wǔtái）|离开舞台（líkāi wǔtái）,演员们走上了舞台。,Yǎnyuánmen zǒushàng le wǔtái.,بازیگران روی صحنه رفتند.,
1195,舞台,wǔtái,HSK 5,名,2,展示能力、发挥作用或开展活动的环境（比喻）（名）,عرصهٔ فعالیت و نمایش توانایی (مجازی) (اسم),名,اسم,国际舞台（guójì wǔtái）|展示才能的舞台（zhǎnshì cáinéng de wǔtái）|提供更大舞台（tígōng gèng dà wǔtái）,公司为年轻人提供了展示才能的舞台。,Gōngsī wèi niánqīngrén tígōng le zhǎnshì cáinéng de wǔtái.,شرکت عرصه‌ای برای نمایش توانایی جوانان فراهم کرده است.,
1196,无限,wúxiàn,HSK 5,形,1,数量、范围、程度或时间没有限制（形）,بی‌نهایت؛ نامحدود؛ بی‌پایان (صفت),形,صفت,无限可能（wúxiàn kěnéng）|无限空间（wúxiàn kōngjiān）|无限希望（wúxiàn xīwàng）,未来有无限可能。,Wèilái yǒu wúxiàn kěnéng.,آینده امکان‌های بی‌شماری دارد.,
1197,无效,wúxiào,HSK 5,形,1,没有产生预期的作用或效果（形）,بی‌اثر؛ بی‌نتیجه (صفت),形,صفت,治疗无效（zhìliáo wúxiào）|劝说无效（quànshuō wúxiào）|操作无效（cāozuò wúxiào）,经过多次尝试，这种方法仍然无效。,"Jīngguò duō cì chángshì, zhè zhǒng fāngfǎ réngrán wúxiào.",پس از چند بار تلاش، این روش همچنان بی‌اثر بود.,
1197,无效,wúxiào,HSK 5,形,2,不具有法律、行政或正式效力（形）,باطل؛ فاقد اعتبار قانونی یا رسمی (صفت),形,صفت,合同无效（hétong wúxiào）|证件无效（zhèngjiàn wúxiào）|宣布无效（xuānbù wúxiào）,这份合同已经被法院判定为无效。,Zhè fèn hétong yǐjīng bèi fǎyuàn pàndìng wéi wúxiào.,دادگاه این قرارداد را فاقد اعتبار اعلام کرده است.,
1198,五颜六色,wǔyánliùsè,HSK 5,形,1,颜色繁多而且鲜艳（成语，形）,رنگارنگ؛ دارای رنگ‌های گوناگون و درخشان (اصطلاح، صفت),成语，形,اصطلاح، صفت,五颜六色的花（wǔyánliùsè de huā）|五颜六色的气球（wǔyánliùsè de qìqiú）|打扮得五颜六色（dǎban de wǔyánliùsè）,花园里开满了五颜六色的花。,Huāyuán li kāimǎn le wǔyánliùsè de huā.,باغ پر از گل‌های رنگارنگ است.,
1199,物业,wùyè,HSK 5,名,1,住宅区、办公楼等的管理单位或其提供的服务（口语）（名）,مدیریت ساختمان یا خدمات مجتمع (محاوره‌ای) (اسم),名,اسم,联系物业（liánxì wùyè）|小区物业（xiǎoqū wùyè）|物业服务（wùyè fúwù）,这个小区的物业服务很好。,Zhège xiǎoqū de wùyè fúwù hěn hǎo.,خدمات مدیریت این مجتمع بسیار خوب است.,
1199,物业,wùyè,HSK 5,名,2,房屋、建筑物及其附属设施等不动产（名）,ملک و مستغلات (اسم),名,اسم,商业物业（shāngyè wùyè）|出售物业（chūshòu wùyè）|名下物业（míngxià wùyè）,他在这座城市拥有多处物业。,Tā zài zhè zuò chéngshì yǒngyǒu duō chù wùyè.,او در این شهر چندین ملک دارد.,
1200,物质,wùzhì,HSK 5,名,1,构成客观世界并独立于人的意识而存在的东西（名）,ماده؛ واقعیت مادی (اسم),名,اسم,物质世界（wùzhì shìjiè）|物质结构（wùzhì jiégòu）|一种物质（yì zhǒng wùzhì）,水是由多种元素组成的一种物质。,Shuǐ shì yóu duō zhǒng yuánsù zǔchéng de yì zhǒng wùzhì.,آب ماده‌ای است که از چند عنصر تشکیل شده است.,
1200,物质,wùzhì,HSK 5,名,2,生活所需的钱财、用品、条件等（名）,مادیات؛ امکانات و شرایط مادی (اسم),名,اسم,物质条件（wùzhì tiáojiàn）|物质生活（wùzhì shēnghuó）|物质奖励（wùzhì jiǎnglì）,提高生活质量不能只依靠物质条件。,Tígāo shēnghuó zhìliàng bù néng zhǐ yīkào wùzhì tiáojiàn.,بهبود کیفیت زندگی نباید فقط به امکانات مادی وابسته باشد.,
1201,戏,xì,HSK 5,名,1,戏剧、戏曲等舞台表演或具体的一场演出（名）,نمایش؛ تئاتر یا اپرای سنتی چینی (اسم),名,اسم,看戏（kàn xì）|一场戏（yì chǎng xì）|这出戏（zhè chū xì）,我们晚上一起去看戏。,Wǒmen wǎnshang yìqǐ qù kàn xì.,امشب با هم برای دیدن نمایش می‌رویم.,
1201,戏,xì,HSK 5,名,2,成功或实现的可能性，常用于“有戏、没戏”（口语）（名）,امکان موفقیت یا عملی‌شدن (محاوره‌ای) (اسم),名,اسم,这事有戏（zhè shì yǒu xì）|看来没戏（kànlai méi xì）|还有戏（hái yǒu xì）,只要他愿意帮忙，这件事就有戏。,"Zhǐyào tā yuànyì bāngmáng, zhè jiàn shì jiù yǒu xì.",اگر او حاضر باشد کمک کند، این کار شانس موفقیت دارد.,
1202,闲,xián,HSK 5,形,1,没有事情做；时间空闲（形）,آزاد؛ بی‌کار؛ فارغ (صفت),形,صفت,今天很闲（jīntiān hěn xián）|闲着没事（xiánzhe méishì）|最近比较闲（zuìjìn bǐjiào xián）,我今天下午比较闲。,Wǒ jīntiān xiàwǔ bǐjiào xián.,امروز بعدازظهر نسبتاً آزادم.,
1202,闲,xián,HSK 5,形,2,没有被使用或没有发挥作用（形）,بی‌استفاده؛ بلااستفاده‌مانده (صفت),形,صفت,房间闲着（fángjiān xiánzhe）|机器不能闲着（jīqì bù néng xiánzhe）|让土地闲着（ràng tǔdì xiánzhe）,别让这些设备一直闲着。,Bié ràng zhèxiē shèbèi yìzhí xiánzhe.,نگذار این تجهیزات همین‌طور بلااستفاده بمانند.,
1203,县,xiàn,HSK 5,名,1,中国行政区划单位，通常属于省、自治区或地级市（名）,شهرستان؛ یکی از تقسیمات اداری چین (اسم),名,اسم,一个县（yí ge xiàn）|全县范围（quán xiàn fànwéi）|县里工作（xiàn li gōngzuò）,这个县有五十多万人口。,Zhège xiàn yǒu wǔshí duō wàn rénkǒu.,این شهرستان بیش از پانصدهزار نفر جمعیت دارد.,
1204,现场,xiànchǎng,HSK 5,名,1,事情发生或活动、表演正在进行的地方（名）,محل وقوع رویداد؛ محل برگزاری یا اجرا (اسم),名,اسم,事故现场（shìgù xiànchǎng）|赶到现场（gǎndào xiànchǎng）|现场气氛（xiànchǎng qìfēn）,警察很快赶到了事故现场。,Jǐngchá hěn kuài gǎndào le shìgù xiànchǎng.,پلیس خیلی زود به محل حادثه رسید.,
1205,现代,xiàndài,HSK 5,名、形,1,距离现在较近的历史时期（名）,دوران معاصر؛ عصر جدید (اسم),名,اسم,进入现代（jìnrù xiàndài）|现代以来（xiàndài yǐlái）|现代初期（xiàndài chūqī）,进入现代以后，社会发生了巨大变化。,"Jìnrù xiàndài yǐhòu, shèhuì fāshēng le jùdà biànhuà.",پس از ورود به دوران معاصر، جامعه دستخوش تغییرات بزرگی شد.,
1205,现代,xiàndài,HSK 5,名、形,2,具有当今时代特点的；符合现代社会需要的（形）,مدرن؛ امروزی (صفت),形,صفت,现代社会（xiàndài shèhuì）|现代科技（xiàndài kējì）|现代城市（xiàndài chéngshì）,这是一座充满活力的现代城市。,Zhè shì yí zuò chōngmǎn huólì de xiàndài chéngshì.,این شهری مدرن و پرجنب‌وجوش است.,
1206,现代化,xiàndàihuà,HSK 5,名、动,1,达到现代社会先进水平的过程或状态（名）,مدرن‌سازی؛ نوسازی (اسم),名,اسم,实现现代化（shíxiàn xiàndàihuà）|推进现代化（tuījìn xiàndàihuà）|农业现代化（nóngyè xiàndàihuà）,国家正在推进农业现代化。,Guójiā zhèngzài tuījìn nóngyè xiàndàihuà.,کشور در حال پیشبرد نوسازی کشاورزی است.,
1206,现代化,xiàndàihuà,HSK 5,名、动,2,使事物达到现代先进水平或具有现代特点（动）,مدرن یا به‌روزکردن؛ نوسازی‌کردن (فعل),动,فعل,使设备现代化（shǐ shèbèi xiàndàihuà）|管理方式现代化（guǎnlǐ fāngshì xiàndàihuà）|逐步现代化（zhúbù xiàndàihuà）,工厂正在使生产设备现代化。,Gōngchǎng zhèngzài shǐ shēngchǎn shèbèi xiàndàihuà.,کارخانه در حال نوسازی تجهیزات تولید است.,
1207,显得,xiǎnde,HSK 5,动,1,表现出某种样子或状态，后面常接形容词（动）,به نظر رسیدن؛ جلوه‌کردن (فعل),动,فعل,显得很紧张（xiǎnde hěn jǐnzhāng）|显得年轻（xiǎnde niánqīng）|显得不自然（xiǎnde bù zìrán）,他今天显得有些紧张。,Tā jīntiān xiǎnde yǒuxiē jǐnzhāng.,او امروز کمی مضطرب به نظر می‌رسد.,
1208,乡,xiāng,HSK 5,名,1,中国县以下的农村基层行政区域（名）,بخش روستایی؛ واحد اداری روستایی زیرمجموعهٔ شهرستان در چین (اسم),名,اسم,一个乡（yí ge xiāng）|乡里工作（xiāng li gōngzuò）|全乡人口（quán xiāng rénkǒu）,这个乡有十几个村。,Zhège xiāng yǒu shí jǐ ge cūn.,این بخش روستایی بیش از ده روستا دارد.,
1208,乡,xiāng,HSK 5,名,2,农村地区，与城市相对（较书面）（名）,ناحیهٔ روستایی؛ روستا در برابر شهر (نوشتاری) (اسم),名,اسم,从乡到城（cóng xiāng dào chéng）|送服务下乡（sòng fúwù xià xiāng）|乡与城（xiāng yǔ chéng）,越来越多的公共服务从城里延伸到了乡里。,Yuèláiyuè duō de gōnggòng fúwù cóng chéng li yánshēn dào le xiāng li.,خدمات عمومی بیشتری از شهرها به مناطق روستایی گسترش یافته است.,
1209,相册,xiàngcè,HSK 5,名,1,保存、整理照片的册子或电子照片集合（名）,آلبوم عکس چاپی یا دیجیتال (اسم),名,اسم,一本相册（yì běn xiàngcè）|电子相册（diànzǐ xiàngcè）|翻看相册（fānkàn xiàngcè）,这本相册里保存着很多童年照片。,Zhè běn xiàngcè li bǎocúnzhe hěn duō tóngnián zhàopiàn.,در این آلبوم عکس‌های زیادی از دوران کودکی نگهداری می‌شود.,
1210,相处,xiāngchǔ,HSK 5,动,1,共同生活、工作或交往（动）,با کسی معاشرت‌کردن؛ با هم زندگی یا کارکردن (فعل),动,فعل,相处得很好（xiāngchǔ de hěn hǎo）|和同事相处（hé tóngshì xiāngchǔ）|长期相处（chángqī xiāngchǔ）,我和新同事相处得很好。,Wǒ hé xīn tóngshì xiāngchǔ de hěn hǎo.,من با همکار جدیدم خیلی خوب کنار می‌آیم.,
1211,乡村,xiāngcūn,HSK 5,名,1,以农业为主、人口相对较少的农村地区或村庄（名）,روستا؛ منطقهٔ روستایی (اسم),名,اسم,乡村生活（xiāngcūn shēnghuó）|乡村风景（xiāngcūn fēngjǐng）|美丽乡村（měilì xiāngcūn）,我很喜欢安静的乡村生活。,Wǒ hěn xǐhuan ānjìng de xiāngcūn shēnghuó.,من زندگی آرام روستایی را خیلی دوست دارم.,
1212,相当,xiāngdāng,HSK 5,副、形、动,1,表示程度较高，相当于“很、颇”（副）,نسبتاً زیاد؛ بسیار؛ تا حد چشمگیری (قید),副,قید,相当不错（xiāngdāng búcuò）|相当重要（xiāngdāng zhòngyào）|相当困难（xiāngdāng kùnnan）,这部电影相当不错。,Zhè bù diànyǐng xiāngdāng búcuò.,این فیلم واقعاً خوب است.,
1212,相当,xiāngdāng,HSK 5,副、形、动,2,双方的数量、水平、能力等差不多（形）,برابر؛ هم‌سطح؛ تقریباً یکسان (صفت),形,صفت,实力相当（shílì xiāngdāng）|水平相当（shuǐpíng xiāngdāng）|年龄相当（niánlíng xiāngdāng）,两个人的实力相当。,Liǎng ge rén de shílì xiāngdāng.,توانایی این دو نفر تقریباً برابر است.,
1212,相当,xiāngdāng,HSK 5,副、形、动,3,在作用、价值、数量等方面等同，常用“相当于”（动）,معادل یا برابر چیزی بودن (فعل),动,فعل,相当于两倍（xiāngdāng yú liǎng bèi）|相当于免费（xiāngdāng yú miǎnfèi）|大致相当于（dàzhì xiāngdāng yú）,一公里大约相当于两里。,Yì gōnglǐ dàyuē xiāngdāng yú liǎng lǐ.,یک کیلومتر تقریباً معادل دو لی است.,
1213,相对,xiāngduì,HSK 5,形、副、动,1,依一定条件而存在或变化的，与“绝对”相反（形）,نسبی؛ در برابر مطلق (صفت),形,صفت,相对概念（xiāngduì gàiniàn）|相对价值（xiāngduì jiàzhí）|相对关系（xiāngduì guānxi）,事物的好坏有时是相对的。,Shìwù de hǎohuài yǒushí shì xiāngduì de.,خوب یا بدبودن چیزها گاهی نسبی است.,
1213,相对,xiāngduì,HSK 5,形、副、动,2,同其他人或事物比较而言（副）,نسبتاً؛ در مقایسه با دیگران (قید),副,قید,相对稳定（xiāngduì wěndìng）|相对简单（xiāngduì jiǎndān）|相对较低（xiāngduì jiào dī）,这里的生活成本相对较低。,Zhèli de shēnghuó chéngběn xiāngduì jiào dī.,هزینهٔ زندگی در اینجا نسبتاً پایین‌تر است.,
1213,相对,xiāngduì,HSK 5,形、副、动,3,面对面；朝着对方（动）,روبه‌روی یکدیگر قرارگرفتن (فعل),动,فعل,相对而坐（xiāngduì ér zuò）|两岸相对（liǎng’àn xiāngduì）|隔桌相对（gé zhuō xiāngduì）,两个人隔着桌子相对而坐。,Liǎng ge rén gézhe zhuōzi xiāngduì ér zuò.,آن دو روبه‌روی یکدیگر در دو سوی میز نشستند.,
1214,相关,xiāngguān,HSK 5,形,1,彼此存在关系或与某件事有关系（形）,مرتبط؛ مربوط (صفت),形,صفت,相关信息（xiāngguān xìnxī）|相关规定（xiāngguān guīdìng）|与此相关（yǔ cǐ xiāngguān）,请提供与此事相关的信息。,Qǐng tígōng yǔ cǐ shì xiāngguān de xìnxī.,لطفاً اطلاعات مرتبط با این موضوع را ارائه کنید.,
1215,项目,xiàngmù,HSK 5,名,1,有明确目标、内容和计划的工作或活动（名）,پروژه؛ طرح یا برنامهٔ مشخص (اسم),名,اسم,科研项目（kēyán xiàngmù）|完成项目（wánchéng xiàngmù）|负责项目（fùzé xiàngmù）,这个科研项目已经顺利完成。,Zhège kēyán xiàngmù yǐjīng shùnlì wánchéng.,این پروژهٔ پژوهشی با موفقیت تکمیل شده است.,
1215,项目,xiàngmù,HSK 5,名,2,按一定标准划分出来的事项或类别（名）,مورد؛ بخش یا رشته‌ای از یک دسته‌بندی (اسم),名,اسم,检查项目（jiǎnchá xiàngmù）|比赛项目（bǐsài xiàngmù）|服务项目（fúwù xiàngmù）,跳高是田径比赛的一个项目。,Tiàogāo shì tiánjìng bǐsài de yí ge xiàngmù.,پرش ارتفاع یکی از رشته‌های مسابقات دوومیدانی است.,
1216,想念,xiǎngniàn,HSK 5,动,1,因长时间不见而希望见到某人或某地（动）,دل‌تنگ کسی یا جایی بودن؛ در آرزوی دیدارش بودن (فعل),动,فعل,想念家人（xiǎngniàn jiārén）|非常想念（fēicháng xiǎngniàn）|想念家乡（xiǎngniàn jiāxiāng）,离开家以后，我很想念家人。,"Líkāi jiā yǐhòu, wǒ hěn xiǎngniàn jiārén.",بعد از دورشدن از خانه، خیلی دلم برای خانواده‌ام تنگ شده است.,
1217,橡皮,xiàngpí,HSK 5,名,1,用来擦掉铅笔字迹的文具（名）,پاک‌کن (اسم),名,اسم,一块橡皮（yí kuài xiàngpí）|借橡皮（jiè xiàngpí）|用橡皮擦掉（yòng xiàngpí cādiào）,我可以借一下你的橡皮吗？,Wǒ kěyǐ jiè yíxià nǐ de xiàngpí ma?,می‌توانم پاک‌کنت را کمی قرض بگیرم؟,
1218,向上,xiàngshàng,HSK 5,副、形,1,朝上面的方向或从低处向高处（副）,به‌سمت بالا (قید),副,قید,向上看（xiàngshàng kàn）|向上移动（xiàngshàng yídòng）|向上伸手（xiàngshàng shēnshǒu）,大家一起向上看。,Dàjiā yìqǐ xiàngshàng kàn.,همه با هم به بالا نگاه کردند.,
1218,向上,xiàngshàng,HSK 5,副、形,2,积极进取，努力取得进步（形）,مثبت، کوشا و پیشرفت‌طلب (صفت),形,صفت,积极向上（jījí xiàngshàng）|乐观向上（lèguān xiàngshàng）|向上的态度（xiàngshàng de tàidu）,她一直保持着积极向上的态度。,Tā yìzhí bǎochízhe jījí xiàngshàng de tàidu.,او همیشه نگرشی مثبت و پیشرفت‌طلب دارد.,
1219,响声,xiǎngshēng,HSK 5,名,1,物体振动、碰撞或活动时发出的声音（名）,صدا؛ صدای ایجادشده بر اثر حرکت یا برخورد (اسم),名,اسم,发出响声 (fāchū xiǎngshēng) | 听到响声 (tīngdào xiǎngshēng) | 巨大的响声 (jùdà de xiǎngshēng),外面突然传来一阵很大的响声。,Wàimiàn tūrán chuánlái yí zhèn hěn dà de xiǎngshēng.,ناگهان صدای بلندی از بیرون آمد.,
1220,享受,xiǎngshòu,HSK 5,名、动,1,从生活、活动或美好事物中获得乐趣（动）,از چیزی لذت‌بردن (فعل),动,فعل,享受生活（xiǎngshòu shēnghuó）|享受阳光（xiǎngshòu yángguāng）|享受过程（xiǎngshòu guòchéng）,我们应该学会享受生活。,Wǒmen yīnggāi xuéhuì xiǎngshòu shēnghuó.,باید یاد بگیریم از زندگی لذت ببریم.,
1220,享受,xiǎngshòu,HSK 5,名、动,2,依法或按规定得到权利、待遇、服务等（动）,از حق، مزایا یا خدماتی برخوردارشدن (فعل),动,فعل,享受待遇（xiǎngshòu dàiyù）|享受医疗保险（xiǎngshòu yīliáo bǎoxiǎn）|享受优惠（xiǎngshòu yōuhuì）,员工可以享受医疗保险。,Yuángōng kěyǐ xiǎngshòu yīliáo bǎoxiǎn.,کارکنان می‌توانند از بیمهٔ درمانی برخوردار شوند.,
1220,享受,xiǎngshòu,HSK 5,名、动,3,使人感到愉快、舒适的经历或事物（名）,لذت؛ تجربه‌ای خوشایند و دل‌پذیر (اسم),名,اسم,一种享受（yì zhǒng xiǎngshòu）|真正的享受（zhēnzhèng de xiǎngshòu）|最大的享受（zuì dà de xiǎngshòu）,安静地读书对我来说是一种享受。,Ānjìng de dú shū duì wǒ lái shuō shì yì zhǒng xiǎngshòu.,برای من، کتاب‌خواندن در آرامش نوعی لذت است.,
1221,相似,xiāngsì,HSK 5,形,1,两个人或事物在某些方面相像但不完全相同（形）,مشابه؛ شبیه ولی نه کاملاً یکسان (صفت),形,صفت,非常相似（fēicháng xiāngsì）|彼此相似（bǐcǐ xiāngsì）|与原作相似（yǔ yuánzuò xiāngsì）,这两张照片非常相似。,Zhè liǎng zhāng zhàopiàn fēicháng xiāngsì.,این دو عکس بسیار شبیه یکدیگرند.,
1222,想象,xiǎngxiàng,HSK 5,名、动,1,在头脑中形成现实中没有或尚未出现的形象、情景等（动）,در ذهن تصور یا مجسم‌کردن (فعل),动,فعل,无法想象（wúfǎ xiǎngxiàng）|很难想象（hěn nán xiǎngxiàng）|想象未来（xiǎngxiàng wèilái）,我无法想象那种生活。,Wǒ wúfǎ xiǎngxiàng nà zhǒng shēnghuó.,نمی‌توانم آن نوع زندگی را تصور کنم.,
1222,想象,xiǎngxiàng,HSK 5,名、动,2,在头脑中创造形象、情景的能力或形成的内容（名）,تخیل؛ تصور ذهنی (اسم),名,اسم,超出想象（chāochū xiǎngxiàng）|发挥想象（fāhuī xiǎngxiàng）|丰富的想象（fēngfù de xiǎngxiàng）,实际情况完全超出了我们的想象。,Shíjì qíngkuàng wánquán chāochū le wǒmen de xiǎngxiàng.,وضعیت واقعی کاملاً فراتر از تصور ما بود.,
1223,象征,xiàngzhēng,HSK 5,名、动,1,用具体的人或事物表示某种意义、精神或概念（动）,نماد چیزی بودن؛ بر معنا یا مفهومی دلالت‌کردن (فعل),动,فعل,象征和平（xiàngzhēng hépíng）|象征自由（xiàngzhēng zìyóu）|象征着希望（xiàngzhēngzhe xīwàng）,白鸽象征着和平。,Báigē xiàngzhēngzhe hépíng.,کبوتر سفید نماد صلح است.,
1223,象征,xiàngzhēng,HSK 5,名、动,2,代表某种意义、精神或概念的人或事物（名）,نماد؛ سمبل (اسم),名,اسم,和平的象征（hépíng de xiàngzhēng）|权力的象征（quánlì de xiàngzhēng）|国家的象征（guójiā de xiàngzhēng）,长城是中华民族的重要象征。,Chángchéng shì Zhōnghuá mínzú de zhòngyào xiàngzhēng.,دیوار بزرگ یکی از نمادهای مهم ملت چین است.,
1224,先后,xiānhòu,HSK 5,名、副,1,表示一个接一个地发生或进行（副）,یکی پس از دیگری؛ به‌ترتیب (قید),副,قید,先后到达（xiānhòu dàodá）|先后发言（xiānhòu fāyán）|先后离开（xiānhòu líkāi）,代表们先后发言。,Dàibiǎomen xiānhòu fāyán.,نمایندگان یکی پس از دیگری سخن گفتند.,
1224,先后,xiānhòu,HSK 5,名、副,2,时间上或次序上的前后关系（名）,ترتیب زمانی؛ تقدم و تأخر (اسم),名,اسم,不分先后（bù fēn xiānhòu）|分清先后（fēnqīng xiānhòu）|按照先后安排（ànzhào xiānhòu ānpái）,我们按照报名的先后安排座位。,Wǒmen ànzhào bàomíng de xiānhòu ānpái zuòwèi.,صندلی‌ها را بر اساس ترتیب ثبت‌نام تعیین می‌کنیم.,
1225,先进,xiānjìn,HSK 5,形、名,1,发展水平较高，走在前面（形）,پیشرفته؛ پیشرو (صفت),形,صفت,先进技术（xiānjìn jìshù）|先进设备（xiānjìn shèbèi）|先进经验（xiānjìn jīngyàn）,这家公司拥有先进的生产技术。,Zhè jiā gōngsī yǒngyǒu xiānjìn de shēngchǎn jìshù.,این شرکت از فناوری تولید پیشرفته‌ای برخوردار است.,
1225,先进,xiānjìn,HSK 5,形、名,2,思想、表现或成绩优秀，值得学习的人或集体（较正式）（名）,فرد یا گروه پیشرو و شایستهٔ الگوبرداری (رسمی‌تر) (اسم),名,اسم,学习先进（xuéxí xiānjìn）|表彰先进（biǎozhāng xiānjìn）|争当先进（zhēngdāng xiānjìn）,大会表彰了一批先进。,Dàhuì biǎozhāng le yì pī xiānjìn.,در همایش از گروهی از افراد و واحدهای پیشرو تقدیر شد.,
1226,线路,xiànlù,HSK 5,名,1,公共交通工具行驶的路线（名）,مسیر یا خط حمل‌ونقل (اسم),名,اسم,公交线路（gōngjiāo xiànlù）|地铁线路（dìtiě xiànlù）|调整线路（tiáozhěng xiànlù）,这条公交线路经过火车站。,Zhè tiáo gōngjiāo xiànlù jīngguò huǒchēzhàn.,این خط اتوبوس از ایستگاه راه‌آهن می‌گذرد.,
1226,线路,xiànlù,HSK 5,名,2,电流、信号等传输时经过的路线或连接系统（名）,مدار؛ خط انتقال برق یا سیگنال (اسم),名,اسم,电力线路（diànlì xiànlù）|通信线路（tōngxìn xiànlù）|检查线路（jiǎnchá xiànlù）,技术人员正在检查电路线路。,Jìshù rényuán zhèngzài jiǎnchá diànlù xiànlù.,کارشناس فنی در حال بررسی مدارهای برق است.,
1227,显然,xiǎnrán,HSK 5,形、副,1,情况很明显，容易看出（形）,آشکار؛ واضح (صفت),形,صفت,事实显然（shìshí xiǎnrán）|显然的错误（xiǎnrán de cuòwù）|道理很显然（dàoli hěn xiǎnrán）,事实已经很显然了。,Shìshí yǐjīng hěn xiǎnrán le.,واقعیت دیگر کاملاً آشکار است.,
1227,显然,xiǎnrán,HSK 5,形、副,2,明显可以看出某种情况（副）,آشکارا؛ به‌وضوح (قید),副,قید,显然不同（xiǎnrán bùtóng）|显然知道（xiǎnrán zhīdào）|显然不合理（xiǎnrán bù hélǐ）,他显然已经知道了这件事。,Tā xiǎnrán yǐjīng zhīdào le zhè jiàn shì.,واضح است که او قبلاً از این موضوع باخبر شده بود.,
1228,现实,xiànshí,HSK 5,名、形,1,客观存在的实际情况（名）,واقعیت؛ وضعیت واقعی (اسم),名,اسم,面对现实（miànduì xiànshí）|脱离现实（tuōlí xiànshí）|现实生活（xiànshí shēnghuó）,我们必须勇敢地面对现实。,Wǒmen bìxū yǒnggǎn de miànduì xiànshí.,باید شجاعانه با واقعیت روبه‌رو شویم.,
1228,现实,xiànshí,HSK 5,名、形,2,符合客观情况或实际条件，能够实行（形）,واقع‌بینانه؛ عملی و شدنی (صفت),形,صفت,现实的目标（xiànshí de mùbiāo）|比较现实（bǐjiào xiànshí）|方案很现实（fāng’àn hěn xiànshí）,我们需要制定一个更加现实的计划。,Wǒmen xūyào zhìdìng yí ge gèngjiā xiànshí de jìhuà.,باید برنامه‌ای واقع‌بینانه‌تر تنظیم کنیم.,
1228,现实,xiànshí,HSK 5,名、形,3,过分重视眼前利益和实际条件，较少考虑感情或理想（常含贬义）（形）,مصلحت‌اندیش و منفعت‌محور؛ بیش از حد واقع‌گرا (اغلب منفی) (صفت),形,صفت,这个人很现实（zhège rén hěn xiànshí）|变得越来越现实（biàn de yuèláiyuè xiànshí）|现实得让人失望（xiànshí de ràng rén shīwàng）,他做什么都先考虑利益，太现实了。,"Tā zuò shénme dōu xiān kǎolǜ lìyì, tài xiànshí le.",او در هر کاری اول به منفعت فکر می‌کند؛ بیش از حد مصلحت‌اندیش است.,
1229,显示,xiǎnshì,HSK 5,动,1,通过现象、数据、设备等表现或展示出信息、情况（动）,نشان‌دادن؛ نمایش‌دادن؛ آشکارکردن (فعل),动,فعل,显示结果（xiǎnshì jiéguǒ）|数据显示（shùjù xiǎnshì）|显示错误信息（xiǎnshì cuòwù xìnxī）,电脑屏幕显示了一条错误信息。,Diànnǎo píngmù xiǎnshì le yì tiáo cuòwù xìnxī.,صفحهٔ رایانه یک پیام خطا نمایش داد.,
1230,现象,xiànxiàng,HSK 5,名,1,能够被观察到的事物或情况（名）,پدیده؛ وضعیت قابل‌مشاهده (اسم),名,اسم,自然现象（zìrán xiànxiàng）|社会现象（shèhuì xiànxiàng）|普遍现象（pǔbiàn xiànxiàng）,这种现象在年轻人中很普遍。,Zhè zhǒng xiànxiàng zài niánqīngrén zhōng hěn pǔbiàn.,این پدیده میان جوانان بسیار رایج است.,
1231,限制,xiànzhì,HSK 5,名、动,1,规定范围或条件，不允许超过（动）,محدودکردن؛ حد و مرز تعیین‌کردن (فعل),动,فعل,限制速度（xiànzhì sùdù）|限制人数（xiànzhì rénshù）|限制使用时间（xiànzhì shǐyòng shíjiān）,这里限制车辆行驶速度。,Zhèli xiànzhì chēliàng xíngshǐ sùdù.,در اینجا سرعت حرکت خودروها محدود شده است.,
1231,限制,xiànzhì,HSK 5,名、动,2,规定的范围、条件或不允许超过的界限（名）,محدودیت؛ حد تعیین‌شده (اسم),名,اسم,时间限制（shíjiān xiànzhì）|年龄限制（niánlíng xiànzhì）|受到限制（shòudào xiànzhì）,参加这项活动没有年龄限制。,Cānjiā zhè xiàng huódòng méiyǒu niánlíng xiànzhì.,شرکت در این برنامه محدودیت سنی ندارد.,
1232,现状,xiànzhuàng,HSK 5,名,1,目前存在的状况（名）,وضعیت کنونی؛ وضع موجود (اسم),名,اسم,改变现状（gǎibiàn xiànzhuàng）|维持现状（wéichí xiànzhuàng）|了解现状（liǎojiě xiànzhuàng）,我们不能满足于现状。,Wǒmen bù néng mǎnzú yú xiànzhuàng.,نباید به وضعیت موجود راضی باشیم.,
1233,消费,xiāofèi,HSK 5,名、动,1,为满足生活需要而购买、使用商品或服务（动）,برای کالا یا خدمات هزینه و مصرف‌کردن (فعل),动,فعل,理性消费（lǐxìng xiāofèi）|网上消费（wǎngshàng xiāofèi）|消费大量商品（xiāofèi dàliàng shāngpǐn）,越来越多的人选择在网上消费。,Yuèláiyuè duō de rén xuǎnzé zài wǎngshàng xiāofèi.,افراد بیشتری خرید و هزینه‌کردن آنلاین را انتخاب می‌کنند.,
1233,消费,xiāofèi,HSK 5,名、动,2,购买和使用商品、服务的行为或支出（名）,مصرف؛ هزینه‌کرد برای کالا و خدمات (اسم),名,اسم,扩大消费（kuòdà xiāofèi）|消费增长（xiāofèi zēngzhǎng）|居民消费（jūmín xiāofèi）,今年居民消费明显增长。,Jīnnián jūmín xiāofèi míngxiǎn zēngzhǎng.,مصرف خانوارها امسال به‌وضوح افزایش یافته است.,
1234,消费者,xiāofèizhě,HSK 5,名,1,购买或使用商品、接受服务的人（名）,مصرف‌کننده (اسم),名,اسم,保护消费者权益（bǎohù xiāofèizhě quányì）|吸引消费者（xīyǐn xiāofèizhě）|消费者需求（xiāofèizhě xūqiú）,消费者越来越重视产品质量。,Xiāofèizhě yuèláiyuè zhòngshì chǎnpǐn zhìliàng.,مصرف‌کنندگان بیش‌ازپیش به کیفیت محصولات اهمیت می‌دهند.,
1235,消化,xiāohuà,HSK 5,动,1,身体把食物分解并吸收其中的营养（动）,هضم‌کردن (فعل),动,فعل,消化食物（xiāohuà shíwù）|容易消化（róngyì xiāohuà）|帮助消化（bāngzhù xiāohuà）,这种食物很容易消化。,Zhè zhǒng shíwù hěn róngyì xiāohuà.,این غذا به‌راحتی هضم می‌شود.,
1235,消化,xiāohuà,HSK 5,动,2,理解、吸收并掌握知识、信息等（比喻）（动）,مطالب و اطلاعات را درک و جذب‌کردن (مجازی) (فعل),动,فعل,消化知识（xiāohuà zhīshi）|消化新信息（xiāohuà xīn xìnxī）|慢慢消化（mànmàn xiāohuà）,给我一点时间消化这些内容。,Gěi wǒ yìdiǎn shíjiān xiāohuà zhèxiē nèiróng.,کمی وقت بده تا این مطالب را هضم و درک کنم.,
1236,消极,xiāojí,HSK 5,形,1,情绪低落，对事情缺乏信心或抱有否定态度（形）,منفی؛ بدبین؛ ناامید (صفت),形,صفت,态度消极（tàidu xiāojí）|情绪消极（qíngxù xiāojí）|变得消极（biàn de xiāojí）,遇到困难时不要太消极。,Yùdào kùnnan shí bú yào tài xiāojí.,هنگام روبه‌روشدن با مشکل بیش از حد منفی نباش.,
1236,消极,xiāojí,HSK 5,形,2,不主动采取行动；缺乏积极性（形）,منفعل؛ بی‌ابتکار؛ فاقد اقدام فعال (صفت),形,صفت,消极等待（xiāojí děngdài）|消极应付（xiāojí yìngfu）|工作消极（gōngzuò xiāojí）,我们不能只是消极等待。,Wǒmen bù néng zhǐshì xiāojí děngdài.,نباید فقط منفعلانه منتظر بمانیم.,
1237,小姐,xiǎojiě,HSK 5,名,1,对未婚或较年轻女性的称呼，也常放在姓氏后；在中国大陆单独称呼陌生女性时有时会引起误解（名）,دوشیزه؛ خانم جوان؛ عنوانی پس از نام خانوادگی (اسم),名,اسم,王小姐（Wáng xiǎojiě）|李小姐（Lǐ xiǎojiě）|这位小姐（zhè wèi xiǎojiě）,王小姐，您好，请这边走。,"Wáng xiǎojiě, nín hǎo, qǐng zhè biān zǒu.",خانم وانگ، سلام؛ لطفاً از این طرف بفرمایید.,
1237,小姐,xiǎojiě,HSK 5,名,2,在中国大陆某些语境中指从事色情服务的女性，单独用来称呼女性可能带有冒犯性（口语，贬义）（名）,زن ارائه‌دهندهٔ خدمات جنسی؛ کاربردی محاوره‌ای و توهین‌آمیز (اسم),名,اسم,叫人小姐（jiào rén xiǎojiě）|被误认为小姐（bèi wùrènwéi xiǎojiě）,在有些场合，直接叫陌生女性“小姐”可能不礼貌。,"Zài yǒuxiē chǎnghé, zhíjiē jiào mòshēng nǚxìng “xiǎojiě” kěnéng bù lǐmào.",در بعضی موقعیت‌ها خطاب‌کردن زن غریبه با این عنوان ممکن است بی‌ادبانه تلقی شود.,
1238,销量,xiāoliàng,HSK 5,名,1,商品在一定时间内销售出去的数量（名）,حجم یا تعداد فروش (اسم),名,اسم,提高销量（tígāo xiāoliàng）|销量增长（xiāoliàng zēngzhǎng）|月销量（yuè xiāoliàng）,今年汽车销量明显增长。,Jīnnián qìchē xiāoliàng míngxiǎn zēngzhǎng.,میزان فروش خودرو امسال به‌وضوح افزایش یافته است.,
1239,效率,xiàolǜ,HSK 5,名,1,在一定时间或资源条件下完成工作的效果和能力（名）,کارایی؛ بهره‌وری (اسم),名,اسم,提高效率（tígāo xiàolǜ）|工作效率（gōngzuò xiàolǜ）|办事效率（bànshì xiàolǜ）,这种方法可以大大提高工作效率。,Zhè zhǒng fāngfǎ kěyǐ dàdà tígāo gōngzuò xiàolǜ.,این روش می‌تواند بهره‌وری کار را تا حد زیادی افزایش دهد.,
1240,消失,xiāoshī,HSK 5,动,1,不再出现、存在或被看见（动）,ناپدیدشدن؛ ازبین‌رفتن (فعل),动,فعل,突然消失（tūrán xiāoshī）|逐渐消失（zhújiàn xiāoshī）|从视线中消失（cóng shìxiàn zhōng xiāoshī）,那个人很快从我的视线中消失了。,Nàge rén hěn kuài cóng wǒ de shìxiàn zhōng xiāoshī le.,آن شخص خیلی زود از میدان دیدم ناپدید شد.,
1241,销售,xiāoshòu,HSK 5,名、动,1,向顾客出售商品或服务（动）,کالا یا خدمات را فروختن (فعل),动,فعل,销售产品（xiāoshòu chǎnpǐn）|销售商品（xiāoshòu shāngpǐn）|向海外销售（xiàng hǎiwài xiāoshòu）,公司向海外销售电子产品。,Gōngsī xiàng hǎiwài xiāoshòu diànzǐ chǎnpǐn.,شرکت محصولات الکترونیکی را به خارج از کشور می‌فروشد.,
1241,销售,xiāoshòu,HSK 5,名、动,2,出售商品或服务的工作、活动（名）,فروش؛ فعالیت فروش (اسم),名,اسم,从事销售（cóngshì xiāoshòu）|销售情况（xiāoshòu qíngkuàng）|销售人员（xiāoshòu rényuán）,今年的销售情况比去年好。,Jīnnián de xiāoshòu qíngkuàng bǐ qùnián hǎo.,وضعیت فروش امسال از سال گذشته بهتر است.,
1242,小型,xiǎoxíng,HSK 5,形,1,规模、体积或型号较小的（形）,کوچک؛ کوچک‌مقیاس (صفت),形,صفت,小型企业（xiǎoxíng qǐyè）|小型汽车（xiǎoxíng qìchē）|小型设备（xiǎoxíng shèbèi）,这是一家小型科技企业。,Zhè shì yì jiā xiǎoxíng kējì qǐyè.,این یک شرکت کوچک فناوری است.,
1243,小于,xiǎoyú,HSK 5,动,1,一个数值比另一个数值小（数学）（动）,کمتر از عدد یا مقداری بودن (ریاضی) (فعل),动,فعل,小于十（xiǎoyú shí）|小于平均值（xiǎoyú píngjūnzhí）|不小于五（bù xiǎoyú wǔ）,五小于十。,Wǔ xiǎoyú shí.,پنج از ده کوچک‌تر است.,
1244,下载,xiàzǎi,HSK 5,动,1,把网络或其他设备中的数据、文件传送到本地设备（动）,داده یا فایل را دانلودکردن (فعل),动,فعل,下载软件（xiàzǎi ruǎnjiàn）|下载文件（xiàzǎi wénjiàn）|免费下载（miǎnfèi xiàzǎi）,请先下载并安装这个软件。,Qǐng xiān xiàzǎi bìng ānzhuāng zhège ruǎnjiàn.,لطفاً ابتدا این نرم‌افزار را دانلود و نصب کنید.,
1245,西餐,xīcān,HSK 5,名,1,西方国家风格的饭菜或饮食方式（名）,غذای غربی؛ سبک غذای غربی (اسم),名,اسم,吃西餐（chī xīcān）|西餐餐厅（xīcān cāntīng）|学习做西餐（xuéxí zuò xīcān）,这家餐厅主要提供西餐。,Zhè jiā cāntīng zhǔyào tígōng xīcān.,این رستوران بیشتر غذای غربی سرو می‌کند.,
1246,斜,xié,HSK 5,形、动,1,不正，与水平、垂直或规定方向形成角度（形）,کج؛ مایل؛ مورب (صفت),形,صفت,这条线很斜（zhè tiáo xiàn hěn xié）|屋顶是斜的（wūdǐng shì xié de）|又高又斜（yòu gāo yòu xié）,这棵树已经有点斜了。,Zhè kē shù yǐjīng yǒudiǎn xié le.,این درخت کمی کج شده است.,
1246,斜,xié,HSK 5,形、动,2,身体或物体向一边倾斜；使其倾斜（动）,به یک طرف خم یا مایل‌شدن؛ مایل‌کردن (فعل),动,فعل,身子向前斜（shēnzi xiàng qián xié）|把伞斜一点（bǎ sǎn xié yìdiǎn）|斜向一边（xié xiàng yìbiān）,雨太大了，把伞往前斜一点。,"Yǔ tài dà le, bǎ sǎn wǎng qián xié yìdiǎn.",باران خیلی شدید است؛ چتر را کمی به جلو مایل کن.,
1246,斜,xié,HSK 5,形、动,3,斜着眼睛看，常表示不满、怀疑等（较书面）（动）,از گوشهٔ چشم و معمولاً با نارضایتی یا تردید نگاه‌کردن (نوشتاری) (فعل),动,فعل,斜了他一眼（xié le tā yì yǎn）|斜着眼看（xiézhe yǎn kàn）,她不满地斜了我一眼。,Tā bùmǎn de xié le wǒ yì yǎn.,او با نارضایتی از گوشهٔ چشم نگاهی به من انداخت.,
1247,协议,xiéyì,HSK 5,名,1,双方或多方经过协商达成的共同约定（较正式）（名）,توافق؛ توافق‌نامه (رسمی‌تر) (اسم),名,اسم,签订协议（qiāndìng xiéyì）|达成协议（dáchéng xiéyì）|履行协议（lǚxíng xiéyì）,双方已经签订了合作协议。,Shuāngfāng yǐjīng qiāndìng le hézuò xiéyì.,دو طرف توافق‌نامهٔ همکاری را امضا کرده‌اند.,
1247,协议,xiéyì,HSK 5,名,2,计算机或通信设备交换数据时共同遵守的规则（技术）（名）,پروتکل تبادل داده (فنی) (اسم),名,اسم,网络协议（wǎngluò xiéyì）|通信协议（tōngxìn xiéyì）|支持多种协议（zhīchí duō zhǒng xiéyì）,这两个设备使用不同的通信协议。,Zhè liǎng ge shèbèi shǐyòng bùtóng de tōngxìn xiéyì.,این دو دستگاه از پروتکل‌های ارتباطی متفاوتی استفاده می‌کنند.,
1248,写作,xiězuò,HSK 5,名、动,1,写文章、作品等（动）,نوشتن؛ نگارش‌کردن (فعل),动,فعل,坚持写作（jiānchí xiězuò）|开始写作（kāishǐ xiězuò）|为报纸写作（wèi bàozhǐ xiězuò）,他每天早上都会写作两个小时。,Tā měitiān zǎoshang dōu huì xiězuò liǎng ge xiǎoshí.,او هر روز صبح دو ساعت می‌نویسد.,
1248,写作,xiězuò,HSK 5,名、动,2,创作文章或文学作品的活动、能力（名）,نگارش؛ نویسندگی (اسم),名,اسم,文学写作（wénxué xiězuò）|写作能力（xiězuò nénglì）|写作练习（xiězuò liànxí）,写作需要长期练习。,Xiězuò xūyào chángqī liànxí.,نگارش به تمرین طولانی‌مدت نیاز دارد.,
1249,吸管,xīguǎn,HSK 5,名,1,吸取饮料等液体用的细管（名）,نی نوشیدنی (اسم),名,اسم,一根吸管（yì gēn xīguǎn）|塑料吸管（sùliào xīguǎn）|使用吸管（shǐyòng xīguǎn）,请给我一根吸管。,Qǐng gěi wǒ yì gēn xīguǎn.,لطفاً یک نی به من بدهید.,
1250,细节,xìjié,HSK 5,名,1,事情、作品等细小而具体的部分（名）,جزئیات؛ بخش‌های ریز و مشخص (اسم),名,اسم,注意细节（zhùyì xìjié）|忽略细节（hūlüè xìjié）|讨论细节（tǎolùn xìjié）,我们还需要讨论一些具体细节。,Wǒmen hái xūyào tǎolùn yìxiē jùtǐ xìjié.,هنوز باید دربارهٔ چند جزئیات مشخص گفت‌وگو کنیم.,
1251,戏剧,xìjù,HSK 5,名,1,由演员在舞台上通过动作、语言等表现故事的艺术（名）,هنر نمایش؛ تئاتر (اسم),名,اسم,戏剧表演（xìjù biǎoyǎn）|戏剧艺术（xìjù yìshù）|学习戏剧（xuéxí xìjù）,她从小就对戏剧艺术感兴趣。,Tā cóngxiǎo jiù duì xìjù yìshù gǎn xìngqù.,او از کودکی به هنر تئاتر علاقه داشته است.,
1251,戏剧,xìjù,HSK 5,名,2,供舞台表演的文学作品或具体的戏剧作品（名）,نمایشنامه؛ اثر نمایشی (اسم),名,اسم,一部戏剧（yí bù xìjù）|创作戏剧（chuàngzuò xìjù）|经典戏剧（jīngdiǎn xìjù）,这部戏剧讲述了一个真实的故事。,Zhè bù xìjù jiǎngshù le yí ge zhēnshí de gùshi.,این نمایشنامه داستانی واقعی را روایت می‌کند.,
1252,信封,xìnfēng,HSK 5,名,1,装信件或文件的纸袋（名）,پاکت نامه (اسم),名,اسم,一个信封（yí ge xìnfēng）|拆开信封（chāikāi xìnfēng）|在信封上写地址（zài xìnfēng shàng xiě dìzhǐ）,请把信放进信封里。,Qǐng bǎ xìn fàngjìn xìnfēng li.,لطفاً نامه را داخل پاکت بگذار.,
1253,行程,xíngchéng,HSK 5,名,1,旅行或出行的路线、路程（名）,مسیر یا مسافت سفر (اسم),名,اسم,行程很远（xíngchéng hěn yuǎn）|一天的行程（yì tiān de xíngchéng）|结束行程（jiéshù xíngchéng）,我们今天的行程有三百公里。,Wǒmen jīntiān de xíngchéng yǒu sānbǎi gōnglǐ.,مسافت سفر امروز ما سیصد کیلومتر است.,
1253,行程,xíngchéng,HSK 5,名,2,旅行或出行的时间、活动安排（名）,برنامه و زمان‌بندی سفر (اسم),名,اسم,安排行程（ānpái xíngchéng）|更改行程（gēnggǎi xíngchéng）|行程很满（xíngchéng hěn mǎn）,明天的行程安排得很满。,Míngtiān de xíngchéng ānpái de hěn mǎn.,برنامهٔ سفر فردا بسیار فشرده تنظیم شده است.,
1254,形成,xíngchéng,HSK 5,动,1,事物逐渐产生并具有比较稳定的状态或特点（动）,به‌تدریج شکل‌گرفتن یا پدیدآمدن (فعل),动,فعل,逐渐形成（zhújiàn xíngchéng）|习惯已经形成（xíguàn yǐjīng xíngchéng）|形成于古代（xíngchéng yú gǔdài）,这种习惯是在童年时期形成的。,Zhè zhǒng xíguàn shì zài tóngnián shíqī xíngchéng de.,این عادت در دوران کودکی شکل گرفته است.,
1254,形成,xíngchéng,HSK 5,动,2,组成、产生或造成某种事物、状态（动）,چیزی را تشکیل‌دادن یا به وجود آوردن (فعل),动,فعل,形成共识（xíngchéng gòngshí）|形成鲜明对比（xíngchéng xiānmíng duìbǐ）|形成巨大压力（xíngchéng jùdà yālì）,双方经过讨论形成了共识。,Shuāngfāng jīngguò tǎolùn xíngchéng le gòngshí.,دو طرف پس از گفت‌وگو به توافق نظر رسیدند.,
1255,行动,xíngdòng,HSK 5,名、动,1,为达到某种目的而进行的活动或采取的行为（名）,اقدام؛ عمل؛ عملیات (اسم),名,اسم,采取行动（cǎiqǔ xíngdòng）|救援行动（jiùyuán xíngdòng）|集体行动（jítǐ xíngdòng）,这次救援行动取得了成功。,Zhè cì jiùyuán xíngdòng qǔdé le chénggōng.,این عملیات امداد با موفقیت انجام شد.,
1255,行动,xíngdòng,HSK 5,名、动,2,开始做某事或按照计划采取实际措施（动）,دست‌به‌کارشدن؛ اقدام‌کردن (فعل),动,فعل,立即行动（lìjí xíngdòng）|马上行动（mǎshàng xíngdòng）|按计划行动（àn jìhuà xíngdòng）,时间不多了，我们马上行动吧。,"Shíjiān bù duō le, wǒmen mǎshàng xíngdòng ba.",وقت زیادی نمانده؛ بیایید همین حالا دست‌به‌کار شویم.,
1256,行人,xíngrén,HSK 5,名,1,在道路上步行的人（名）,عابر پیاده (اسم),名,اسم,过往行人（guòwǎng xíngrén）|行人过街（xíngrén guò jiē）|注意行人（zhùyì xíngrén）,开车时要注意路上的行人。,Kāichē shí yào zhùyì lù shàng de xíngrén.,هنگام رانندگی باید مراقب عابران پیاده باشید.,
1257,形容,xíngróng,HSK 5,动,1,用语言描写人或事物的特点、状态等（动）,توصیف‌کردن؛ شرح‌دادن (فعل),动,فعل,难以形容（nányǐ xíngróng）|形容感受（xíngróng gǎnshòu）|形容得很准确（xíngróng de hěn zhǔnquè）,这种感觉很难用语言形容。,Zhè zhǒng gǎnjué hěn nán yòng yǔyán xíngróng.,توصیف این احساس با کلمات بسیار دشوار است.,
1258,形式,xíngshì,HSK 5,名,1,事物的外在结构、样式，与内容相对（名）,شکل؛ قالب و ساختار ظاهری (اسم),名,اسم,形式与内容（xíngshì yǔ nèiróng）|只重形式（zhǐ zhòng xíngshì）|形式发生变化（xíngshì fāshēng biànhuà）,我们不能只重形式，不看内容。,"Wǒmen bù néng zhǐ zhòng xíngshì, bù kàn nèiróng.",نباید فقط به قالب اهمیت بدهیم و محتوا را نادیده بگیریم.,
1258,形式,xíngshì,HSK 5,名,2,进行活动、表达内容或组织事物的具体方式（名）,شیوه؛ صورت؛ روش ارائه یا اجرا (اسم),名,اسم,以书面形式（yǐ shūmiàn xíngshì）|采用多种形式（cǎiyòng duō zhǒng xíngshì）|活动形式（huódòng xíngshì）,申请必须以书面形式提交。,Shēnqǐng bìxū yǐ shūmiàn xíngshì tíjiāo.,درخواست باید به‌صورت کتبی ارائه شود.,
1259,形势,xíngshì,HSK 5,名,1,某一时期政治、经济、军事等方面的发展状况和趋势（名）,اوضاع؛ شرایط و روند کلی (اسم),名,اسم,国际形势（guójì xíngshì）|经济形势（jīngjì xíngshì）|分析形势（fēnxī xíngshì）,当前国际形势正在发生深刻变化。,Dāngqián guójì xíngshì zhèngzài fāshēng shēnkè biànhuà.,اوضاع کنونی جهان در حال دگرگونی‌های عمیقی است.,
1260,行驶,xíngshǐ,HSK 5,动,1,车辆、船只等在道路或水面上运行（动）,حرکت‌کردن و در مسیر رفتنِ وسیلهٔ نقلیه (فعل),动,فعل,安全行驶（ānquán xíngshǐ）|正常行驶（zhèngcháng xíngshǐ）|在高速公路上行驶（zài gāosù gōnglù shàng xíngshǐ）,汽车正在高速公路上行驶。,Qìchē zhèngzài gāosù gōnglù shàng xíngshǐ.,خودرو در بزرگراه در حال حرکت است.,
1261,行为,xíngwéi,HSK 5,名,1,人在一定思想支配下表现出来的活动或举动（名）,رفتار؛ کردار؛ عمل (اسم),名,اسم,违法行为（wéifǎ xíngwéi）|个人行为（gèrén xíngwéi）|不当行为（bùdàng xíngwéi）,这种行为是不对的。,Zhè zhǒng xíngwéi shì bú duì de.,این رفتار درست نیست.,
1262,形象,xíngxiàng,HSK 5,名,1,文学、艺术作品中塑造的人物或事物的具体样子、特点（名）,تصویر یا شخصیت خلق‌شده در اثر ادبی و هنری (اسم),名,اسم,人物形象（rénwù xíngxiàng）|艺术形象（yìshù xíngxiàng）|塑造形象（sùzào xíngxiàng）,小说塑造了一个勇敢的女性形象。,Xiǎoshuō sùzào le yí ge yǒnggǎn de nǚxìng xíngxiàng.,رمان شخصیت زنی شجاع را خلق کرده است.,
1262,形象,xíngxiàng,HSK 5,名,2,个人、组织等给别人留下的外在印象和总体评价（名）,تصویر عمومی؛ وجهه؛ برداشت دیگران (اسم),名,اسم,企业形象（qǐyè xíngxiàng）|个人形象（gèrén xíngxiàng）|维护形象（wéihù xíngxiàng）,公司非常重视自己的企业形象。,Gōngsī fēicháng zhòngshì zìjǐ de qǐyè xíngxiàng.,شرکت به وجههٔ عمومی خود اهمیت زیادی می‌دهد.,
1263,幸运,xìngyùn,HSK 5,名、形,1,运气好，遇到了有利或令人高兴的事情（形）,خوش‌شانس؛ خوش‌اقبال (صفت),形,صفت,非常幸运（fēicháng xìngyùn）|幸运的人（xìngyùn de rén）|感到幸运（gǎndào xìngyùn）,你能得到这个机会，真幸运！,"Nǐ néng dédào zhège jīhuì, zhēn xìngyùn!",واقعاً خوش‌شانسی که این فرصت را به دست آوردی!,
1263,幸运,xìngyùn,HSK 5,名、形,2,好运气或值得庆幸的事情（名）,خوش‌شانسی؛ اقبال خوب (اسم),名,اسم,一种幸运（yì zhǒng xìngyùn）|最大的幸运（zuì dà de xìngyùn）|带来幸运（dàilái xìngyùn）,能认识你是我的幸运。,Néng rènshi nǐ shì wǒ de xìngyùn.,آشنایی با تو برای من خوش‌شانسی است.,
1264,性质,xìngzhì,HSK 5,名,1,一种事物区别于其他事物的根本属性、特点或类别（名）,ماهیت؛ ویژگی بنیادی؛ نوع (اسم),名,اسم,问题的性质（wèntí de xìngzhì）|工作性质（gōngzuò xìngzhì）|物理性质（wùlǐ xìngzhì）,这两件事的性质完全不同。,Zhè liǎng jiàn shì de xìngzhì wánquán bùtóng.,ماهیت این دو موضوع کاملاً متفاوت است.,
1265,形状,xíngzhuàng,HSK 5,名,1,物体外部的样子和轮廓（名）,شکل؛ فرم و خطوط بیرونی (اسم),名,اسم,不同形状（bùtóng xíngzhuàng）|改变形状（gǎibiàn xíngzhuàng）|形状规则（xíngzhuàng guīzé）,这些叶子的形状各不相同。,Zhèxiē yèzi de xíngzhuàng gè bù xiāngtóng.,شکل این برگ‌ها با یکدیگر متفاوت است.,
1266,行走,xíngzǒu,HSK 5,动,1,步行或来回走动（较正式）（动）,راه‌رفتن؛ حرکت‌کردن با پا (رسمی‌تر) (فعل),动,فعل,独立行走（dúlì xíngzǒu）|正常行走（zhèngcháng xíngzǒu）|行走困难（xíngzǒu kùnnan）,老人腿脚不便，行走比较困难。,"Lǎorén tuǐjiǎo bú biàn, xíngzǒu bǐjiào kùnnan.",راه‌رفتن برای این سالمند به‌دلیل مشکل پا نسبتاً دشوار است.,
1267,新郎,xīnláng,HSK 5,名,1,举行婚礼的男子（名）,داماد در مراسم ازدواج (اسم),名,اسم,新郎入场（xīnláng rùchǎng）|新郎致辞（xīnláng zhìcí）|新郎的家人（xīnláng de jiārén）,新郎穿着一套黑色西装。,Xīnláng chuānzhe yí tào hēisè xīzhuāng.,داماد کت‌وشلواری مشکی پوشیده است.,
1268,心理,xīnlǐ,HSK 5,名,1,人的思想、感情等内心活动或状态（名）,روان؛ حالت و فرایند ذهنی و عاطفی (اسم),名,اسم,心理健康（xīnlǐ jiànkāng）|心理压力（xīnlǐ yālì）|顾客心理（gùkè xīnlǐ）,保持心理健康非常重要。,Bǎochí xīnlǐ jiànkāng fēicháng zhòngyào.,حفظ سلامت روان بسیار مهم است.,
1269,新娘,xīnniáng,HSK 5,名,1,举行婚礼的女子（名）,عروس در مراسم ازدواج (اسم),名,اسم,新娘入场（xīnniáng rùchǎng）|美丽的新娘（měilì de xīnniáng）|新娘手捧鲜花（xīnniáng shǒu pěng xiānhuā）,新娘穿着白色的婚纱。,Xīnniáng chuānzhe báisè de hūnshā.,عروس لباس عروس سفیدی پوشیده است.,
1270,信任,xìnrèn,HSK 5,名、动,1,相信某人诚实、可靠或有能力（动）,به کسی اعتمادداشتن (فعل),动,فعل,互相信任（hùxiāng xìnrèn）|完全信任（wánquán xìnrèn）|值得信任（zhídé xìnrèn）,我们应该互相信任。,Wǒmen yīnggāi hùxiāng xìnrèn.,ما باید به یکدیگر اعتماد داشته باشیم.,
1270,信任,xìnrèn,HSK 5,名、动,2,对某人诚实、可靠或有能力的相信（名）,اعتماد؛ اطمینان به کسی (اسم),名,اسم,建立信任（jiànlì xìnrèn）|获得信任（huòdé xìnrèn）|失去信任（shīqù xìnrèn）,建立信任需要很长时间。,Jiànlì xìnrèn xūyào hěn cháng shíjiān.,ایجاد اعتماد به زمان زیادی نیاز دارد.,
1271,新人,xīnrén,HSK 5,名,1,刚进入某个单位、行业或环境的人（名）,تازه‌وارد؛ عضو جدید (اسم),名,اسم,公司新人（gōngsī xīnrén）|职场新人（zhíchǎng xīnrén）|帮助新人（bāngzhù xīnrén）,他刚入职，是公司的新人。,"Tā gāng rùzhí, shì gōngsī de xīnrén.",او تازه استخدام شده و از تازه‌واردهای شرکت است.,
1271,新人,xīnrén,HSK 5,名,2,刚结婚的一对男女（名）,عروس و داماد؛ زوج تازه‌ازدواج‌کرده (اسم),名,اسم,一对新人（yí duì xīnrén）|祝福新人（zhùfú xīnrén）|新人入场（xīnrén rùchǎng）,大家一起祝福这对新人。,Dàjiā yìqǐ zhùfú zhè duì xīnrén.,همه برای این عروس و داماد آرزوی خوشبختی کردند.,
1272,欣赏,xīnshǎng,HSK 5,动,1,以愉快的心情观看、聆听或感受美好的事物（动）,از دیدن یا شنیدن چیزی لذت‌بردن؛ تحسین‌کردن (فعل),动,فعل,欣赏音乐（xīnshǎng yīnyuè）|欣赏风景（xīnshǎng fēngjǐng）|欣赏艺术作品（xīnshǎng yìshù zuòpǐn）,我很喜欢欣赏中国传统音乐。,Wǒ hěn xǐhuan xīnshǎng Zhōngguó chuántǒng yīnyuè.,من از شنیدن موسیقی سنتی چین بسیار لذت می‌برم.,
1272,欣赏,xīnshǎng,HSK 5,动,2,认为某人或其能力、做法等很好而赞赏（动）,برای کسی یا توانایی و رفتارش ارزش قائل‌شدن؛ تحسین‌کردن (فعل),动,فعل,欣赏他的才华（xīnshǎng tā de cáihuá）|非常欣赏她（fēicháng xīnshǎng tā）|欣赏这种态度（xīnshǎng zhè zhǒng tàidu）,我很欣赏他认真负责的态度。,Wǒ hěn xīnshǎng tā rènzhēn fùzé de tàidu.,من نگرش جدی و مسئولانهٔ او را بسیار تحسین می‌کنم.,
1273,心态,xīntài,HSK 5,名,1,面对事物时所持有的心理状态和态度（名）,نگرش و حالت ذهنی (اسم),名,اسم,积极心态（jījí xīntài）|调整心态（tiáozhěng xīntài）|保持良好心态（bǎochí liánghǎo xīntài）,遇到困难时，保持良好的心态很重要。,"Yùdào kùnnan shí, bǎochí liánghǎo de xīntài hěn zhòngyào.",هنگام روبه‌روشدن با مشکلات، حفظ نگرش مناسب بسیار مهم است.,
1274,新型,xīnxíng,HSK 5,形,1,类型、结构或设计较新，区别于原有类型的（形）,از نوع جدید؛ نوین (صفت),形,صفت,新型产品（xīnxíng chǎnpǐn）|新型材料（xīnxíng cáiliào）|新型设备（xīnxíng shèbèi）,公司推出了一款新型产品。,Gōngsī tuīchū le yì kuǎn xīnxíng chǎnpǐn.,شرکت نوع جدیدی از محصول را عرضه کرد.,
1275,信用,xìnyòng,HSK 5,名,1,能够履行承诺并取得别人信任的品质和信誉（名）,اعتبار؛ خوش‌قولی و قابل‌اعتمادبودن (اسم),名,اسم,讲信用（jiǎng xìnyòng）|失去信用（shīqù xìnyòng）|个人信用（gèrén xìnyòng）,做生意一定要讲信用。,Zuò shēngyi yídìng yào jiǎng xìnyòng.,در تجارت باید حتماً خوش‌قول و قابل‌اعتماد بود.,
1275,信用,xìnyòng,HSK 5,名,2,金融机构根据偿还能力提供的借款或延期付款资格（金融）（名）,اعتبار مالی؛ امکان وام یا پرداخت مدت‌دار (مالی) (اسم),名,اسم,信用贷款（xìnyòng dàikuǎn）|信用额度（xìnyòng édù）|信用记录（xìnyòng jìlù）,良好的信用记录有助于申请贷款。,Liánghǎo de xìnyòng jìlù yǒuzhù yú shēnqǐng dàikuǎn.,سابقهٔ اعتباری خوب به دریافت وام کمک می‌کند.,
1276,吸收,xīshōu,HSK 5,动,1,把液体、气体、光线、营养等吸进内部（动）,مایع، گاز، نور یا مادهٔ غذایی را جذب‌کردن (فعل),动,فعل,吸收水分（xīshōu shuǐfèn）|吸收营养（xīshōu yíngyǎng）|吸收热量（xīshōu rèliàng）,植物通过根部吸收水分和养分。,Zhíwù tōngguò gēnbù xīshōu shuǐfèn hé yǎngfèn.,گیاهان آب و مواد غذایی را از طریق ریشه جذب می‌کنند.,
1276,吸收,xīshōu,HSK 5,动,2,理解并接受知识、经验、文化等（比喻）（动）,دانش، تجربه یا فرهنگ را فراگرفتن و جذب‌کردن (مجازی) (فعل),动,فعل,吸收经验（xīshōu jīngyàn）|吸收知识（xīshōu zhīshi）|吸收外来文化（xīshōu wàilái wénhuà）,我们应该吸收别人的成功经验。,Wǒmen yīnggāi xīshōu biérén de chénggōng jīngyàn.,باید از تجربه‌های موفق دیگران بهره بگیریم.,
1276,吸收,xīshōu,HSK 5,动,3,接收某人加入组织或参加活动（动）,کسی را به عضویت سازمان یا فعالیتی پذیرفتن (فعل),动,فعل,吸收新成员（xīshōu xīn chéngyuán）|吸收优秀人才（xīshōu yōuxiù réncái）|吸收他入会（xīshōu tā rùhuì）,协会今年吸收了许多新成员。,Xiéhuì jīnnián xīshōu le xǔduō xīn chéngyuán.,انجمن امسال اعضای جدید زیادی پذیرفت.,
1277,系统,xìtǒng,HSK 5,名、形,1,由相互联系、共同发挥作用的多个部分组成的整体（名）,سامانه؛ مجموعه‌ای از اجزای مرتبط (اسم),名,اسم,操作系统（cāozuò xìtǒng）|管理系统（guǎnlǐ xìtǒng）|系统运行（xìtǒng yùnxíng）,这个管理系统运行得很稳定。,Zhège guǎnlǐ xìtǒng yùnxíng de hěn wěndìng.,این سامانهٔ مدیریتی بسیار پایدار کار می‌کند.,
1277,系统,xìtǒng,HSK 5,名、形,2,有条理、完整而成体系的（形）,منظم، جامع و نظام‌مند (صفت),形,صفت,系统学习（xìtǒng xuéxí）|系统分析（xìtǒng fēnxī）|讲解得很系统（jiǎngjiě de hěn xìtǒng）,我想系统地学习中国历史。,Wǒ xiǎng xìtǒng de xuéxí Zhōngguó lìshǐ.,می‌خواهم تاریخ چین را به‌صورت منظم و جامع مطالعه کنم.,
1278,修改,xiūgǎi,HSK 5,动,1,对文章、计划、意见等进行改动，使其更加正确或合适（动）,ویرایش، اصلاح یا بازنگری‌کردن (فعل),动,فعل,修改文件（xiūgǎi wénjiàn）|修改计划（xiūgǎi jìhuà）|反复修改（fǎnfù xiūgǎi）,请根据这些意见修改报告。,Qǐng gēnjù zhèxiē yìjiàn xiūgǎi bàogào.,لطفاً گزارش را بر اساس این نظرها اصلاح کنید.,
1279,修建,xiūjiàn,HSK 5,动,1,施工建造道路、桥梁、建筑物等（动）,ساختن؛ احداث‌کردن (فعل),动,فعل,修建公路（xiūjiàn gōnglù）|修建桥梁（xiūjiàn qiáoliáng）|修建住宅（xiūjiàn zhùzhái）,政府计划修建一条新公路。,Zhèngfǔ jìhuà xiūjiàn yì tiáo xīn gōnglù.,دولت قصد دارد جادهٔ جدیدی احداث کند.,
1280,休闲,xiūxián,HSK 5,名、动、形,1,工作、学习以外用于放松身心的时间或活动（名）,اوقات و فعالیت‌های فراغتی (اسم),名,اسم,休闲活动（xiūxián huódòng）|休闲时间（xiūxián shíjiān）|享受休闲（xiǎngshòu xiūxián）,适当的休闲有助于减轻压力。,Shìdàng de xiūxián yǒuzhù yú jiǎnqīng yālì.,استراحت و تفریح مناسب به کاهش فشار کمک می‌کند.,
1280,休闲,xiūxián,HSK 5,名、动、形,2,在空闲时间放松、娱乐（动）,در وقت آزاد استراحت یا تفریح‌کردن (فعل),动,فعل,到郊外休闲（dào jiāowài xiūxián）|周末休闲（zhōumò xiūxián）|休闲放松（xiūxián fàngsōng）,周末我们常去郊外休闲。,Zhōumò wǒmen cháng qù jiāowài xiūxián.,آخر هفته‌ها اغلب برای استراحت و تفریح به حومهٔ شهر می‌رویم.,
1280,休闲,xiūxián,HSK 5,名、动、形,3,适合放松、娱乐或非正式场合的（形）,تفریحی؛ راحت و غیررسمی (صفت),形,صفت,休闲服装（xiūxián fúzhuāng）|休闲场所（xiūxián chǎngsuǒ）|休闲方式（xiūxián fāngshì）,他今天穿得比较休闲。,Tā jīntiān chuān de bǐjiào xiūxián.,او امروز لباس نسبتاً راحت و غیررسمی پوشیده است.,
1281,西装,xīzhuāng,HSK 5,名,1,西式的正式上衣，或由上衣和裤子组成的一套正式服装（名）,کت رسمی غربی؛ کت‌وشلوار (اسم),名,اسم,穿西装（chuān xīzhuāng）|一套西装（yí tào xīzhuāng）|黑色西装（hēisè xīzhuāng）,他穿着一套黑色西装。,Tā chuānzhe yí tào hēisè xīzhuāng.,او یک دست کت‌وشلوار مشکی پوشیده است.,
1282,需,xū,HSK 5,动,1,需要；应当有或必须做，多用于书面语（较书面）（动）,نیازداشتن؛ لازم‌بودن (نوشتاری) (فعل),动,فعل,需提供材料（xū tígōng cáiliào）|仍需改进（réng xū gǎijìn）|需两天时间（xū liǎng tiān shíjiān）,完成这项工作需两天时间。,Wánchéng zhè xiàng gōngzuò xū liǎng tiān shíjiān.,انجام این کار به دو روز زمان نیاز دارد.,
1283,宣布,xuānbù,HSK 5,动,1,正式公开地告诉大家某个决定、结果或消息（动）,به‌طور رسمی اعلام‌کردن (فعل),动,فعل,宣布决定（xuānbù juédìng）|宣布结果（xuānbù jiéguǒ）|正式宣布（zhèngshì xuānbù）,公司宣布了新的管理政策。,Gōngsī xuānbù le xīn de guǎnlǐ zhèngcè.,شرکت سیاست مدیریتی جدیدی را اعلام کرد.,
1284,宣传,xuānchuán,HSK 5,名、动,1,向公众传播信息、主张或产品内容，使更多人了解、接受（动）,اطلاع‌رسانی، تبلیغ یا ترویج‌کردن (فعل),动,فعل,宣传政策（xuānchuán zhèngcè）|宣传产品（xuānchuán chǎnpǐn）|大力宣传（dàlì xuānchuán）,他们正在通过网络宣传新产品。,Tāmen zhèngzài tōngguò wǎngluò xuānchuán xīn chǎnpǐn.,آن‌ها از طریق اینترنت در حال تبلیغ محصول جدیدند.,
1284,宣传,xuānchuán,HSK 5,名、动,2,向公众传播信息、主张或产品内容的活动（名）,اطلاع‌رسانی؛ تبلیغات؛ فعالیت ترویجی (اسم),名,اسم,加强宣传（jiāqiáng xuānchuán）|做好宣传（zuòhǎo xuānchuán）|宣传效果（xuānchuán xiàoguǒ）,这次活动的宣传效果很好。,Zhè cì huódòng de xuānchuán xiàoguǒ hěn hǎo.,تبلیغات این برنامه نتیجهٔ خوبی داشته است.,
1285,选手,xuǎnshǒu,HSK 5,名,1,被选中参加比赛的人（名）,شرکت‌کننده یا ورزشکارِ مسابقه (اسم),名,اسم,参赛选手（cānsài xuǎnshǒu）|优秀选手（yōuxiù xuǎnshǒu）|年轻选手（niánqīng xuǎnshǒu）,这位年轻选手表现得非常出色。,Zhè wèi niánqīng xuǎnshǒu biǎoxiàn de fēicháng chūsè.,این شرکت‌کنندهٔ جوان عملکرد بسیار درخشانی داشت.,
1286,学分,xuéfēn,HSK 5,名,1,高等教育中计算课程学习量和完成程度的单位（名）,واحد درسی (اسم),名,اسم,获得学分（huòdé xuéfēn）|修满学分（xiūmǎn xuéfēn）|学分不够（xuéfēn bú gòu）,毕业前必须修满规定的学分。,Bìyè qián bìxū xiūmǎn guīdìng de xuéfēn.,پیش از فارغ‌التحصیلی باید واحدهای درسی تعیین‌شده را کامل کرد.,
1287,雪糕,xuěgāo,HSK 5,名,1,以奶、糖等制成的冷冻甜食（名）,بستنی؛ خوراکی شیرین یخ‌زده (اسم),名,اسم,吃雪糕（chī xuěgāo）|一支雪糕（yì zhī xuěgāo）|巧克力雪糕（qiǎokèlì xuěgāo）,夏天我喜欢吃巧克力雪糕。,Xiàtiān wǒ xǐhuan chī qiǎokèlì xuěgāo.,تابستان‌ها بستنی شکلاتی دوست دارم.,
1288,学科,xuékē,HSK 5,名,1,按照研究对象和知识体系划分的学术领域（名）,رشته یا شاخهٔ علمی (اسم),名,اسم,重点学科（zhòngdiǎn xuékē）|学科发展（xuékē fāzhǎn）|跨学科研究（kuà xuékē yánjiū）,语言学是一门重要的学科。,Yǔyánxué shì yì mén zhòngyào de xuékē.,زبان‌شناسی رشتهٔ علمی مهمی است.,
1288,学科,xuékē,HSK 5,名,2,学校教学中的科目（名）,درس؛ مادهٔ درسی (اسم),名,اسم,基础学科（jīchǔ xuékē）|主要学科（zhǔyào xuékē）|学科成绩（xuékē chéngjì）,数学是学校里的一门重要学科。,Shùxué shì xuéxiào li de yì mén zhòngyào xuékē.,ریاضی یکی از درس‌های مهم مدرسه است.,
1289,学历,xuélì,HSK 5,名,1,在学校学习并毕业后获得的教育层次和经历（名）,سطح و سابقهٔ تحصیلات رسمی (اسم),名,اسم,本科学历（běnkē xuélì）|学历要求（xuélì yāoqiú）|提高学历（tígāo xuélì）,这份工作要求本科以上学历。,Zhè fèn gōngzuò yāoqiú běnkē yǐshàng xuélì.,این شغل به تحصیلات دانشگاهی در سطح کارشناسی یا بالاتر نیاز دارد.,
1290,学年,xuénián,HSK 5,名,1,学校规定的一个教学年度（名）,سال تحصیلی (اسم),名,اسم,新学年（xīn xuénián）|本学年（běn xuénián）|学年结束（xuénián jiéshù）,新学年将在九月开始。,Xīn xuénián jiāng zài jiǔ yuè kāishǐ.,سال تحصیلی جدید در ماه سپتامبر آغاز خواهد شد.,
1291,学术,xuéshù,HSK 5,名,1,有系统、较专门的学问和研究活动（名）,دانش و پژوهش تخصصی؛ فعالیت دانشگاهی (اسم),名,اسم,学术交流（xuéshù jiāoliú）|学术研究（xuéshù yánjiū）|学术会议（xuéshù huìyì）,他参加了一次国际学术会议。,Tā cānjiā le yí cì guójì xuéshù huìyì.,او در یک همایش علمی بین‌المللی شرکت کرد.,
1292,学者,xuézhě,HSK 5,名,1,在某一学术领域有较深研究和成就的人（名）,دانشور؛ پژوهشگر برجستهٔ یک حوزهٔ علمی (اسم),名,اسم,著名学者（zhùmíng xuézhě）|青年学者（qīngnián xuézhě）|访问学者（fǎngwèn xuézhě）,他是一位研究中国历史的著名学者。,Tā shì yí wèi yánjiū Zhōngguó lìshǐ de zhùmíng xuézhě.,او پژوهشگر مشهوری در زمینهٔ تاریخ چین است.,
1293,训练,xùnliàn,HSK 5,名、动,1,通过有计划的练习使人掌握技能、提高能力（动）,تمرین‌دادن؛ آموزش‌دادن؛ پرورش‌دادن مهارت (فعل),动,فعل,训练队员（xùnliàn duìyuán）|训练新人（xùnliàn xīnrén）|严格训练（yángé xùnliàn）,教练每天训练队员。,Jiàoliàn měitiān xùnliàn duìyuán.,مربی هر روز بازیکنان را تمرین می‌دهد.,
1293,训练,xùnliàn,HSK 5,名、动,2,为掌握技能、提高能力而进行的有计划练习（名）,تمرین؛ دورهٔ آموزش عملی (اسم),名,اسم,加强训练（jiāqiáng xùnliàn）|专业训练（zhuānyè xùnliàn）|参加训练（cānjiā xùnliàn）,今天的训练非常辛苦。,Jīntiān de xùnliàn fēicháng xīnkǔ.,تمرین امروز بسیار سخت بود.,
1294,迅速,xùnsù,HSK 5,形,1,速度快，完成或变化所用的时间很短（形）,سریع؛ با سرعت زیاد (صفت),形,صفت,行动迅速（xíngdòng xùnsù）|迅速发展（xùnsù fāzhǎn）|迅速完成（xùnsù wánchéng）,工作人员迅速解决了这个问题。,Gōngzuò rényuán xùnsù jiějué le zhège wèntí.,کارکنان این مشکل را به‌سرعت حل کردند.,
1295,询问,xúnwèn,HSK 5,动,1,向别人打听情况或提出问题（较正式）（动）,پرس‌وجوکردن؛ از کسی سؤال‌کردن (رسمی‌تر) (فعل),动,فعل,询问情况（xúnwèn qíngkuàng）|询问原因（xúnwèn yuányīn）|向工作人员询问（xiàng gōngzuò rényuán xúnwèn）,如有问题，请向工作人员询问。,"Rú yǒu wèntí, qǐng xiàng gōngzuò rényuán xúnwèn.",اگر سؤالی دارید، لطفاً از کارکنان بپرسید.,
1296,寻找,xúnzhǎo,HSK 5,动,1,为了找到人、事物或机会等而进行查找（动）,دنبال کسی یا چیزی گشتن؛ جست‌وجوکردن (فعل),动,فعل,寻找工作（xúnzhǎo gōngzuò）|寻找机会（xúnzhǎo jīhuì）|寻找失踪者（xúnzhǎo shīzōngzhě）,我正在寻找一份新的工作。,Wǒ zhèngzài xúnzhǎo yí fèn xīn de gōngzuò.,من در جست‌وجوی شغل جدیدی هستم.,
1297,需求,xūqiú,HSK 5,名,1,对某种事物、服务或条件的需要，经济领域也指有购买能力的需要（名）,نیاز؛ تقاضا، به‌ویژه در بازار (اسم),名,اسم,市场需求（shìchǎng xūqiú）|满足需求（mǎnzú xūqiú）|实际需求（shíjì xūqiú）,市场对这种产品的需求不断增加。,Shìchǎng duì zhè zhǒng chǎnpǐn de xūqiú búduàn zēngjiā.,تقاضای بازار برای این محصول پیوسته در حال افزایش است.,
1298,虚心,xūxīn,HSK 5,形,1,不自满，愿意听取意见并向别人学习（形）,فروتن؛ پذیرا و آمادهٔ یادگیری از دیگران (صفت),形,صفت,态度虚心（tàidu xūxīn）|虚心学习（xūxīn xuéxí）|虚心请教（xūxīn qǐngjiào）,我们应该虚心听取别人的意见。,Wǒmen yīnggāi xūxīn tīngqǔ biérén de yìjiàn.,باید با فروتنی به نظرهای دیگران گوش دهیم.,
1299,呀,yā,HSK 5,叹、助,1,表示惊讶、意外等感情（叹）,آه؛ وای؛ برای بیان تعجب یا غافلگیری (حرف ندا),叹,حرف ندا,"呀，下雪了（yā, xià xuě le）|呀，你也来了（yā, nǐ yě lái le）",呀，外面下雪了！,"Yā, wàimiàn xià xuě le!",وای، بیرون برف می‌آید!,
1299,呀,ya,HSK 5,叹、助,2,用在句末，表示疑问、感叹、提醒或使语气缓和（口语）（助）,ادات پایانی برای پرسش، تأکید، یادآوری یا نرم‌کردن لحن (محاوره‌ای) (حرف دستوری),助,حرف دستوری,你去哪儿呀（nǐ qù nǎr ya）|快来呀（kuài lái ya）|真漂亮呀（zhēn piàoliang ya）,你今天怎么来得这么晚呀？,Nǐ jīntiān zěnme lái de zhème wǎn ya?,چرا امروز این‌قدر دیر آمدی؟,
1300,牙齿,yáchǐ,HSK 5,名,1,人和动物口腔中用于咬、切、磨食物的坚硬器官（名）,دندان (اسم),名,اسم,保护牙齿（bǎohù yáchǐ）|牙齿整齐（yáchǐ zhěngqí）|牙齿疼（yáchǐ téng）,每天认真清洁牙齿很重要。,Měitiān rènzhēn qīngjié yáchǐ hěn zhòngyào.,تمیزکردن دقیق دندان‌ها در هر روز بسیار مهم است.,
1311,研制,yánzhì,HSK 5,动,1,通过研究、设计和试验制造出新产品、设备或药物等（动）,محصول، دستگاه یا داروی جدیدی را پژوهش، طراحی و تولیدکردن (فعل),动,فعل,研制新设备（yánzhì xīn shèbèi）|研制新药（yánzhì xīn yào）|成功研制（chénggōng yánzhì）,他们成功研制出了一种新型设备。,Tāmen chénggōng yánzhìchū le yì zhǒng xīnxíng shèbèi.,آن‌ها با موفقیت نوعی دستگاه جدید تولید کردند.,
1312,摇,yáo,HSK 5,动,1,使物体或身体来回摆动（动）,تکان‌دادن؛ به‌طرفین حرکت‌دادن (فعل),动,فعل,摇头（yáo tóu）|摇尾巴（yáo wěiba）|摇一摇瓶子（yáo yi yao píngzi）,他听完以后不停地摇头。,Tā tīngwán yǐhòu bù tíng de yáo tóu.,او پس از شنیدن حرف‌ها مدام سرش را تکان می‌داد.,
1312,摇,yáo,HSK 5,动,2,物体或身体来回摆动（动）,تکان‌خوردن؛ تاب‌خوردن (فعل),动,فعل,树枝在摇（shùzhī zài yáo）|左右摇（zuǒyòu yáo）|轻轻地摇（qīngqīng de yáo）,风一吹，树枝就不停地摇。,"Fēng yì chuī, shùzhī jiù bù tíng de yáo.",با وزیدن باد، شاخه‌ها مدام تکان می‌خورند.,
1313,咬,yǎo,HSK 5,动,1,上下牙齿用力夹住或切断东西（动）,گازگرفتن؛ با دندان گرفتن یا بریدن (فعل),动,فعل,咬一口苹果（yǎo yì kǒu píngguǒ）|被狗咬（bèi gǒu yǎo）|咬住不放（yǎozhù bù fàng）,那只狗突然咬了我一口。,Nà zhī gǒu tūrán yǎo le wǒ yì kǒu.,آن سگ ناگهان مرا گاز گرفت.,
1313,咬,yǎo,HSK 5,动,2,昆虫等用口器刺伤人或动物（动）,نیش‌زدن یا گزیدنِ حشره (فعل),动,فعل,被蚊子咬（bèi wénzi yǎo）|咬了好几处（yǎo le hǎo jǐ chù）|虫子咬的包（chóngzi yǎo de bāo）,我的腿被蚊子咬了好几处。,Wǒ de tuǐ bèi wénzi yǎo le hǎo jǐ chù.,پشه چند جای پایم را نیش زده است.,
1314,腰,yāo,HSK 5,名,1,人体躯干中部、胸部以下和臀部以上的部位（名）,کمر (اسم),名,اسم,弯腰（wān yāo）|腰有点疼（yāo yǒudiǎn téng）|扶着腰（fúzhe yāo）,我的腰有点儿疼。,Wǒ de yāo yǒudiǎnr téng.,کمرم کمی درد می‌کند.,
1315,要不然,yàobùrán,HSK 5,连,1,表示如果不采取前面所说的做法，就会出现后面的结果（口语）（连）,وگرنه؛ در غیر این صورت (محاوره‌ای) (حرف ربط),连,حرف ربط,"快点，要不然会迟到（kuài diǎn, yàobùrán huì chídào）|带上伞，要不然会淋湿（dàishàng sǎn, yàobùrán huì línshī）|赶紧走，要不然来不及了（gǎnjǐn zǒu, yàobùrán láibují le）",我们得快点儿，要不然就要迟到了。,"Wǒmen děi kuài diǎnr, yàobùrán jiù yào chídào le.",باید عجله کنیم، وگرنه دیر می‌رسیم.,
1316,要不是,yàobúshì,HSK 5,连,1,表示某种结果是在假设条件不存在时才会发生，常与“就”呼应（口语）（连）,اگر نبود؛ اگر به‌خاطرِ چیزی یا کسی نبود (محاوره‌ای) (حرف ربط),连,حرف ربط,要不是你帮忙（yàobúshì nǐ bāngmáng）|要不是天气不好（yàobúshì tiānqì bù hǎo）|要不是他提醒我（yàobúshì tā tíxǐng wǒ）,要不是你帮忙，我就不能按时完成了。,"Yàobúshì nǐ bāngmáng, wǒ jiù bù néng ànshí wánchéng le.",اگر کمک تو نبود، نمی‌توانستم کار را به‌موقع تمام کنم.,
1317,药品,yàopǐn,HSK 5,名,1,用于预防、诊断或治疗疾病的制成品，多用于管理、生产、销售等正式语境（医疗）（名）,دارو و فرآوردهٔ دارویی، به‌ویژه به‌عنوان محصول (پزشکی) (اسم),名,اسم,药品安全（yàopǐn ānquán）|购买药品（gòumǎi yàopǐn）|药品已经过期（yàopǐn yǐjīng guòqī）,这些药品已经过期，不能再使用了。,"Zhèxiē yàopǐn yǐjīng guòqī, bù néng zài shǐyòng le.",تاریخ مصرف این داروها گذشته و دیگر نباید از آن‌ها استفاده کرد.,
1318,药物,yàowù,HSK 5,名,1,用于预防或治疗疾病的物质，常用于医疗和科学语境（医疗）（名）,مادهٔ دارویی؛ دارو، به‌ویژه در بافت پزشکی و علمی (پزشکی) (اسم),名,اسم,药物治疗（yàowù zhìliáo）|使用药物（shǐyòng yàowù）|药物反应（yàowù fǎnyìng）,这种药物可能会产生不良反应。,Zhè zhǒng yàowù kěnéng huì chǎnshēng bùliáng fǎnyìng.,این دارو ممکن است عوارض نامطلوبی ایجاد کند.,
1319,压岁钱,yāsuìqián,HSK 5,名,1,春节期间长辈送给晚辈、表示祝福的钱（文化）（名）,پول عیدیِ سال نوی چینی که بزرگ‌ترها به کوچک‌ترها می‌دهند (فرهنگی) (اسم),名,اسم,给压岁钱（gěi yāsuìqián）|收到压岁钱（shōudào yāsuìqián）|压岁钱红包（yāsuìqián hóngbāo）,春节时，孩子们收到了很多压岁钱。,"Chūnjié shí, háizimen shōudào le hěn duō yāsuìqián.",بچه‌ها هنگام جشن بهار عیدی زیادی گرفتند.,
1320,鸭子,yāzi,HSK 5,名,1,嘴扁、脚有蹼、善于游水的家禽或野生水鸟（名）,اردک (اسم),名,اسم,一只鸭子（yì zhī yāzi）|养鸭子（yǎng yāzi）|鸭子在水里游（yāzi zài shuǐ li yóu）,湖里有很多鸭子在游水。,Hú li yǒu hěn duō yāzi zài yóushuǐ.,اردک‌های زیادی در دریاچه شنا می‌کنند.,
1321,夜间,yèjiān,HSK 5,名,1,从天黑到天亮的一段时间（较正式）（名）,شب؛ هنگام شب (رسمی‌تر) (اسم),名,اسم,夜间工作（yèjiān gōngzuò）|夜间气温（yèjiān qìwēn）|禁止夜间施工（jìnzhǐ yèjiān shīgōng）,这里昼夜温差很大，夜间气温很低。,"Zhèli zhòuyè wēnchā hěn dà, yèjiān qìwēn hěn dī.",اختلاف دمای شب و روز اینجا زیاد است و دمای شب بسیار پایین است.,
1322,夜市,yèshì,HSK 5,名,1,主要在夜晚营业的市场（名）,بازار شبانه (اسم),名,اسم,逛夜市（guàng yèshì）|热闹的夜市（rènao de yèshì）|夜市小吃（yèshì xiǎochī）,我们晚上一起去逛夜市。,Wǒmen wǎnshang yìqǐ qù guàng yèshì.,شب با هم برای گشت‌وگذار به بازار شبانه رفتیم.,
1323,业务,yèwù,HSK 5,名,1,个人或机构所从事的专业工作（名）,کار و امور تخصصیِ شخص یا سازمان (اسم),名,اسم,熟悉业务（shúxī yèwù）|提高业务能力（tígāo yèwù nénglì）|业务水平（yèwù shuǐpíng）,他工作认真，业务能力也很强。,"Tā gōngzuò rènzhēn, yèwù nénglì yě hěn qiáng.",او در کارش جدی است و توانایی حرفه‌ای بالایی هم دارد.,
1323,业务,yèwù,HSK 5,名,2,企业经营的商业活动或范围（名）,فعالیت یا حوزهٔ تجاری شرکت (اسم),名,اسم,拓展业务（tuòzhǎn yèwù）|业务范围（yèwù fànwéi）|业务不断扩大（yèwù búduàn kuòdà）,公司的海外业务正在不断扩大。,Gōngsī de hǎiwài yèwù zhèngzài búduàn kuòdà.,فعالیت‌های تجاری خارجی شرکت پیوسته در حال گسترش است.,
1323,业务,yèwù,HSK 5,名,3,银行、通信等机构为客户办理的具体服务（名）,خدمت یا کار اداریِ قابل‌انجام برای مشتری (اسم),名,اسم,办理业务（bànlǐ yèwù）|银行业务（yínháng yèwù）|查询业务（cháxún yèwù）,这项业务可以在网上办理。,Zhè xiàng yèwù kěyǐ zài wǎngshàng bànlǐ.,این کار را می‌توان به‌صورت آنلاین انجام داد.,
1324,业余,yèyú,HSK 5,形,1,工作或学习规定时间以外的（形）,مربوط به اوقات فراغت (صفت),形,صفت,业余时间（yèyú shíjiān）|业余生活（yèyú shēnghuó）|业余活动（yèyú huódòng）,我利用业余时间学习汉语。,Wǒ lìyòng yèyú shíjiān xuéxí Hànyǔ.,من در اوقات فراغتم زبان چینی می‌خوانم.,
1324,业余,yèyú,HSK 5,形,2,不是以某种工作为职业的；非专业的（形）,آماتور؛ غیرحرفه‌ای (صفت),形,صفت,业余摄影师（yèyú shèyǐngshī）|业余运动员（yèyú yùndòngyuán）|业余水平（yèyú shuǐpíng）,他虽然是业余摄影师，但作品非常专业。,"Tā suīrán shì yèyú shèyǐngshī, dàn zuòpǐn fēicháng zhuānyè.",با اینکه عکاسی آماتور است، آثارش بسیار حرفه‌ای‌اند.,
1325,移,yí,HSK 5,动,1,改变人或物原来的位置（动）,جابه‌جاکردن؛ به جای دیگری منتقل‌کردن (فعل),动,فعل,把桌子移开（bǎ zhuōzi yíkāi）|往旁边移（wǎng pángbiān yí）|向前移一点（xiàng qián yí yìdiǎn）,请把桌子往旁边移一下。,Qǐng bǎ zhuōzi wǎng pángbiān yí yíxià.,لطفاً میز را کمی به کنار جابه‌جا کنید.,
1325,移,yí,HSK 5,动,2,人或物改变原来的位置（动）,جابه‌جاشدن؛ به جای دیگری رفتن (فعل),动,فعل,向左移（xiàng zuǒ yí）|往后移一点（wǎng hòu yí yìdiǎn）|慢慢移过去（mànmàn yí guòqu）,你往左边移一点，我就能坐下了。,"Nǐ wǎng zuǒbian yí yìdiǎn, wǒ jiù néng zuòxia le.",کمی به سمت چپ برو تا من هم بتوانم بنشینم.,
1326,亿,yì,HSK 5,数,1,数目，一万万，即一百个一百万（数）,صد میلیون (عدد),数,عدد,一亿人口（yí yì rénkǒu）|十亿元（shí yì yuán）|超过一亿（chāoguò yí yì）,这个国家有一亿多人口。,Zhège guójiā yǒu yí yì duō rénkǒu.,این کشور بیش از صد میلیون نفر جمعیت دارد.,
1327,乙,yǐ,HSK 5,名,1,天干的第二位，也常用于表示顺序、等级或分类中的第二项（名）,دومین ساقهٔ آسمانی؛ «ب» یا مورد دوم در ترتیب و دسته‌بندی (اسم),名,اسم,乙等 (yǐděng) | 乙组 (yǐ zǔ) | 甲乙两类 (jiǎ-yǐ liǎng lèi),参赛者被分为甲、乙两组。,Cānsàizhě bèi fēnwéi jiǎ、yǐ liǎng zǔ.,شرکت‌کنندگان به دو گروه الف و ب تقسیم شدند.,
1327,乙,yǐ,HSK 5,名,2,合同或协议中用来指第二方（名）,طرف دوم قرارداد؛ طرف ب (اسم),名,اسم,乙方 (yǐfāng) | 甲乙双方 (jiǎ-yǐ shuāngfāng) | 由乙方负责 (yóu yǐfāng fùzé),合同由甲乙双方共同签订。,Hétong yóu jiǎ-yǐ shuāngfāng gòngtóng qiāndìng.,قرارداد به‌طور مشترک به امضای طرف‌های الف و ب رسید.,
1328,以,yǐ,HSK 5,介,1,表示使用的工具、方式、身份或资格（较书面）（介）,با؛ به‌وسیلهٔ؛ در مقامِ (نوشتاری) (حرف اضافه),介,حرف اضافه,以书面形式（yǐ shūmiàn xíngshì）|以个人身份参加（yǐ gèrén shēnfèn cānjiā）|以事实说明（yǐ shìshí shuōmíng）,申请必须以书面形式提交。,Shēnqǐng bìxū yǐ shūmiàn xíngshì tíjiāo.,درخواست باید به‌صورت کتبی ارائه شود.,
1328,以,yǐ,HSK 5,介,2,表示依据、标准或界限（较书面）（介）,بر اساس؛ مطابق؛ با معیارِ (نوشتاری) (حرف اضافه),介,حرف اضافه,以法律为依据（yǐ fǎlǜ wéi yījù）|以成绩为标准（yǐ chéngjì wéi biāozhǔn）|以实际情况为准（yǐ shíjì qíngkuàng wéi zhǔn）,处理这个问题要以事实为依据。,Chǔlǐ zhège wèntí yào yǐ shìshí wéi yījù.,برای رسیدگی به این مسئله باید واقعیت‌ها را مبنا قرار داد.,
1329,一次性,yícìxìng,HSK 5,形,1,只使用一次就不再使用的（形）,یک‌بارمصرف (صفت),形,صفت,一次性用品（yícìxìng yòngpǐn）|一次性手套（yícìxìng shǒutào）|一次性餐具（yícìxìng cānjù）,这种杯子是一次性的，用完就扔掉。,"Zhè zhǒng bēizi shì yícìxìng de, yòngwán jiù rēngdiào.",این نوع لیوان یک‌بارمصرف است و پس از استفاده دور انداخته می‌شود.,
1329,一次性,yícìxìng,HSK 5,形,2,一次完成、支付或给予，不分多次进行的（形）,یک‌جا؛ یک‌باره؛ غیرتکرارشونده (صفت),形,صفت,一次性支付（yícìxìng zhīfù）|一次性完成（yícìxìng wánchéng）|一次性补偿（yícìxìng bǔcháng）,这笔费用需要一次性支付。,Zhè bǐ fèiyòng xūyào yícìxìng zhīfù.,این مبلغ باید یک‌جا پرداخت شود.,
1330,一代,yídài,HSK 5,名,1,在年龄、成长时期或亲属关系上大致相同的一群人（名）,نسل (اسم),名,اسم,年轻一代（niánqīng yídài）|新一代人（xīn yí dài rén）|影响一代人（yǐngxiǎng yí dài rén）,年轻一代充满了活力。,Niánqīng yídài chōngmǎn le huólì.,نسل جوان سرشار از انرژی است.,
1330,一代,yídài,HSK 5,名,2,产品、技术等发展过程中的一个阶段或版本（名）,یک نسل یا نسخه از محصول و فناوری (اسم),名,اسم,新一代产品（xīn yí dài chǎnpǐn）|第一代手机（dì yī dài shǒujī）|更新一代（gēngxīn yí dài）,新一代产品的性能有了明显提升。,Xīn yí dài chǎnpǐn de xìngnéng yǒu le míngxiǎn tíshēng.,عملکرد نسل جدید محصول به‌طور محسوسی بهتر شده است.,
1331,一旦,yídàn,HSK 5,连,1,表示某种情况一经发生，就会产生后面的结果（连）,به‌محض اینکه؛ همین که (حرف ربط),连,حرف ربط,一旦开始（yídàn kāishǐ）|一旦发现问题（yídàn fāxiàn wèntí）|一旦作出决定（yídàn zuòchū juédìng）,一旦作出决定，就不要轻易放弃。,"Yídàn zuòchū juédìng, jiù bú yào qīngyì fàngqì.",همین که تصمیمی گرفتی، دیگر به‌راحتی از آن دست نکش.,
1331,一旦,yídàn,HSK 5,连,2,表示可能性较小但需要考虑的假设，相当于“如果有一天”（连）,اگر روزی؛ اگر احیاناً (حرف ربط),连,حرف ربط,一旦发生意外（yídàn fāshēng yìwài）|一旦失败（yídàn shībài）|一旦失去机会（yídàn shīqù jīhuì）,一旦发生意外，请立即联系我们。,"Yídàn fāshēng yìwài, qǐng lìjí liánxì wǒmen.",اگر احیاناً اتفاقی افتاد، فوراً با ما تماس بگیرید.,
1332,移动,yídòng,HSK 5,动,1,改变人或物的位置（动）,کسی یا چیزی را جابه‌جاکردن (فعل),动,فعل,移动桌子（yídòng zhuōzi）|移动设备（yídòng shèbèi）|移动位置（yídòng wèizhi）,请不要随意移动这些设备。,Qǐng bú yào suíyì yídòng zhèxiē shèbèi.,لطفاً این تجهیزات را خودسرانه جابه‌جا نکنید.,
1332,移动,yídòng,HSK 5,动,2,人或物改变位置（动）,حرکت‌کردن؛ جابه‌جاشدن (فعل),动,فعل,缓慢移动（huǎnmàn yídòng）|向前移动（xiàng qián yídòng）|不断移动（búduàn yídòng）,屏幕上的图标正在缓慢移动。,Píngmù shàng de túbiāo zhèngzài huǎnmàn yídòng.,نماد روی صفحه به‌آرامی در حال حرکت است.,
1333,遗憾,yíhàn,HSK 5,名、形,1,因事情不如意或未能实现愿望而感到惋惜（形）,متأسف؛ افسوس‌خورده (صفت),形,صفت,感到遗憾（gǎndào yíhàn）|非常遗憾（fēicháng yíhàn）|令人遗憾（lìng rén yíhàn）,很遗憾，我不能参加这次活动。,"Hěn yíhàn, wǒ bù néng cānjiā zhè cì huódòng.",متأسفم که نمی‌توانم در این برنامه شرکت کنم.,
1333,遗憾,yíhàn,HSK 5,名、形,2,因事情不如意或愿望未实现而产生的惋惜；令人惋惜的事情（名）,تأسف؛ حسرت؛ امر تأسف‌برانگیز (اسم),名,اسم,留下遗憾（liúxià yíhàn）|最大的遗憾（zuì dà de yíhàn）|弥补遗憾（míbǔ yíhàn）,没能见他最后一面，是我最大的遗憾。,"Méi néng jiàn tā zuìhòu yí miàn, shì wǒ zuì dà de yíhàn.",اینکه نتوانستم برای آخرین بار او را ببینم، بزرگ‌ترین حسرت من است.,
1334,以及,yǐjí,HSK 5,连,1,连接并列的词语或短语，常把最后一项连接起来（较书面）（连）,و؛ و همچنین، معمولاً پیش از آخرین مورد (نوشتاری) (حرف ربط),连,حرف ربط,经济、文化以及教育（jīngjì、wénhuà yǐjí jiàoyù）|老师以及全体学生（lǎoshī yǐjí quántǐ xuésheng）|产品的设计以及质量（chǎnpǐn de shèjì yǐjí zhìliàng）,会议讨论了经济、文化以及教育问题。,Huìyì tǎolùn le jīngjì、wénhuà yǐjí jiàoyù wèntí.,در جلسه دربارهٔ مسائل اقتصادی، فرهنگی و آموزشی گفت‌وگو شد.,
1335,依据,yījù,HSK 5,名、介,1,作为判断、行动或处理事情基础的事实、原则或材料（名）,مبنا؛ دلیل؛ مستند (اسم),名,اسم,法律依据（fǎlǜ yījù）|提供依据（tígōng yījù）|缺乏依据（quēfá yījù）,这个结论缺乏足够的事实依据。,Zhège jiélùn quēfá zúgòu de shìshí yījù.,این نتیجه‌گیری مبنای واقعی کافی ندارد.,
1335,依据,yījù,HSK 5,名、介,2,引出判断或行动所根据的事物，相当于“根据”（较书面）（介）,بر اساس؛ مطابقِ (نوشتاری) (حرف اضافه),介,حرف اضافه,依据法律处理（yījù fǎlǜ chǔlǐ）|依据规定办理（yījù guīdìng bànlǐ）|依据事实判断（yījù shìshí pànduàn）,有关部门将依据法律处理此事。,Yǒuguān bùmén jiāng yījù fǎlǜ chǔlǐ cǐ shì.,نهادهای مربوط این موضوع را بر اساس قانون رسیدگی خواهند کرد.,
1336,依靠,yīkào,HSK 5,动,1,凭借某人或某种力量、条件等获得帮助或达到目的（动）,متکی بودن؛ تکیه کردن؛ اتکا کردن (فعل),动,فعل,依靠自己 (yīkào zìjǐ) | 依靠群众 (yīkào qúnzhòng) | 依靠科技发展 (yīkào kējì fāzhǎn),解决这个问题不能只依靠别人。,Jiějué zhège wèntí bù néng zhǐ yīkào biérén.,برای حل این مشکل نباید فقط به دیگران متکی بود.,
1336,依靠,yīkào,HSK 5,动,2,身体靠在某人或某物上（动）,بدن را به کسی یا چیزی تکیه دادن (فعل),动,فعل,依靠着墙 (yīkàozhe qiáng) | 依靠在椅背上 (yīkào zài yǐbèi shàng) | 依靠在栏杆旁 (yīkào zài lángān páng),他疲惫地依靠在墙上。,Tā píbèi de yīkào zài qiáng shàng.,او خسته به دیوار تکیه داده بود.,
1337,以来,yǐlái,HSK 5,方,1,表示从过去某个时间开始一直到现在（方）,از زمانِ؛ از آن هنگام تاکنون (واژهٔ مکانی‌ـ‌زمانی),方,واژهٔ مکانی‌ـ‌زمانی,今年以来（jīnnián yǐlái）|改革开放以来（gǎigé kāifàng yǐlái）|三年以来（sān nián yǐlái）,今年以来，公司的业务发展得很快。,"Jīnnián yǐlái, gōngsī de yèwù fāzhǎn de hěn kuài.",از ابتدای امسال، فعالیت‌های شرکت به‌سرعت گسترش یافته است.,
1338,医疗,yīliáo,HSK 5,名,1,对疾病进行诊断、治疗和护理的活动（名）,تشخیص، درمان و مراقبت پزشکی؛ خدمات درمانی (اسم),名,اسم,医疗服务（yīliáo fúwù）|医疗条件（yīliáo tiáojiàn）|接受医疗（jiēshòu yīliáo）,当地的医疗条件正在不断改善。,Dāngdì de yīliáo tiáojiàn zhèngzài búduàn gǎishàn.,امکانات و شرایط درمانی این منطقه پیوسته در حال بهبود است.,
1339,一路,yílù,HSK 5,副,1,在整个路途中；沿途一直（副）,در تمام مسیر؛ در طول راه (قید),副,قید,一路聊天（yílù liáotiān）|一路走来（yílù zǒu lái）|一路都很顺利（yílù dōu hěn shùnlì）,我们一路聊着天，很快就到了。,"Wǒmen yílù liáozhe tiān, hěn kuài jiù dào le.",در تمام مسیر با هم حرف زدیم و خیلی زود رسیدیم.,
1340,一路顺风,yílùshùnfēng,HSK 5,熟语,1,祝愿别人旅途平安、顺利的用语（熟语）,سفر به‌خیر؛ آرزوی سفری امن و راحت (اصطلاح),熟语,اصطلاح,"祝你一路顺风（zhù nǐ yílùshùnfēng）|一路顺风，平安到达（yílùshùnfēng, píng’ān dàodá）",祝你一路顺风，到了以后给我打电话。,"Zhù nǐ yílùshùnfēng, dào le yǐhòu gěi wǒ dǎ diànhuà.",سفر به‌خیر؛ وقتی رسیدی به من زنگ بزن.,
1341,因而,yīn’ér,HSK 5,连,1,表示前面的情况是后面结果的原因，相当于“因此”（较书面）（连）,بنابراین؛ ازاین‌رو (نوشتاری) (حرف ربط),连,حرف ربط,因而无法参加（yīn’ér wúfǎ cānjiā）|因而受到影响（yīn’ér shòudào yǐngxiǎng）|因而决定取消（yīn’ér juédìng qǔxiāo）,天气情况很差，活动因而被取消了。,"Tiānqì qíngkuàng hěn chà, huódòng yīn’ér bèi qǔxiāo le.",وضعیت هوا بسیار بد بود و به همین دلیل برنامه لغو شد.,
1342,迎,yíng,HSK 5,动,1,迎接到来的人或即将到来的事物（动）,به پیشواز رفتن؛ استقبال کردن (فعل),动,فعل,出门迎客 (chūmén yíng kè) | 迎贵宾 (yíng guìbīn) | 迎新年 (yíng xīnnián),听说客人到了，他马上出门去迎。,"Tīngshuō kèrén dào le, tā mǎshàng chūmén qù yíng.",وقتی شنید مهمان رسیده، فوراً برای استقبال از او بیرون رفت.,
1342,迎,yíng,HSK 5,动,2,朝着迎面而来的方向、力量或事物前进或面对（动）,رو به چیزی پیش رفتن؛ از روبه‌رو با چیزی مواجه شدن (فعل),动,فعل,迎着风走 (yíngzhe fēng zǒu) | 迎着阳光 (yíngzhe yángguāng) | 迎着大雨前进 (yíngzhe dàyǔ qiánjìn),我们迎着风继续向前走。,Wǒmen yíngzhe fēng jìxù xiàng qián zǒu.,ما برخلاف جهت باد به حرکت خود ادامه دادیم.,
1343,硬,yìng,HSK 5,形、副,1,物体不容易被压缩、弯曲、变形或破坏（形）,سخت؛ سفت (صفت),形,صفت,石头很硬 (shítou hěn yìng) | 木头很硬 (mùtou hěn yìng) | 又干又硬 (yòu gān yòu yìng),这个面包放久了，已经变硬了。,"Zhège miànbāo fàng jiǔ le, yǐjīng biàn yìng le.",این نان مدت زیادی مانده و سفت شده است.,
1343,硬,yìng,HSK 5,形、副,2,态度坚决、强横，不肯让步或改变（形）,سرسخت؛ سازش‌ناپذیر؛ تند و قاطع (صفت),形,صفت,态度很硬 (tàidu hěn yìng) | 口气很硬 (kǒuqì hěn yìng) | 话说得很硬 (huà shuō de hěn yìng),他的态度太硬，大家很难跟他商量。,"Tā de tàidu tài yìng, dàjiā hěn nán gēn tā shāngliáng.",رفتارش بیش از حد سرسختانه است و به‌سختی می‌توان با او به توافق رسید.,
1343,硬,yìng,HSK 5,形、副,3,能力、技术或质量等强而可靠，经得起考验（形）,قوی و قابل‌اعتماد؛ سطح‌بالا (صفت),形,صفت,技术过硬 (jìshù guòyìng) | 本领过硬 (běnlǐng guòyìng) | 质量过硬 (zhìliàng guòyìng),这支队伍技术过硬，经验也很丰富。,"Zhè zhī duìwu jìshù guòyìng, jīngyàn yě hěn fēngfù.",این گروه از مهارت فنی بالایی برخوردار است و تجربهٔ زیادی هم دارد.,
1343,硬,yìng,HSK 5,形、副,4,不顾客观条件或别人的意愿，强行或执意做某事（副）,به‌زور؛ با اصرار؛ به هر قیمتی (قید),副,قید,硬要参加 (yìng yào cānjiā) | 硬说自己没错 (yìng shuō zìjǐ méi cuò) | 硬拉别人去 (yìng lā biérén qù),大家都劝他别去，可他硬要去。,"Dàjiā dōu quàn tā bié qù, kě tā yìng yào qù.",همه به او گفتند نرود، اما او به اصرار خودش می‌خواست برود.,
1344,应当,yīngdāng,HSK 5,助,1,表示从道理、责任或规定上看应该这样做（较正式）（助）,باید؛ شایسته یا لازم است (رسمی‌تر) (فعل کمکی),助,فعل کمکی,应当遵守法律（yīngdāng zūnshǒu fǎlǜ）|应当承担责任（yīngdāng chéngdān zérèn）|应当受到保护（yīngdāng shòudào bǎohù）,每个人都应当遵守法律。,Měi ge rén dōu yīngdāng zūnshǒu fǎlǜ.,همه باید از قانون پیروی کنند.,
1345,应对,yìngduì,HSK 5,动,1,针对情况、问题或挑战采取措施处理（动）,با وضعیت، مشکل یا چالشی مقابله و برخوردکردن (فعل),动,فعل,应对挑战（yìngduì tiǎozhàn）|应对危机（yìngduì wēijī）|积极应对变化（jījí yìngduì biànhuà）,我们必须积极应对当前的困难。,Wǒmen bìxū jījí yìngduì dāngqián de kùnnan.,باید فعالانه با مشکلات کنونی مقابله کنیم.,
1346,硬件,yìngjiàn,HSK 5,名,1,计算机及其他电子设备中可以看见、触摸的物理组成部分（技术）（名）,سخت‌افزار رایانه و دستگاه‌های الکترونیکی (فنی) (اسم),名,اسم,计算机硬件（jìsuànjī yìngjiàn）|硬件配置（yìngjiàn pèizhì）|升级硬件（shēngjí yìngjiàn）,这台电脑的硬件需要升级。,Zhè tái diànnǎo de yìngjiàn xūyào shēngjí.,سخت‌افزار این رایانه به ارتقا نیاز دارد.,
1346,硬件,yìngjiàn,HSK 5,名,2,完成某项工作所需的设备、设施等物质条件（比喻）（名）,تجهیزات، امکانات و زیرساخت‌های مادی (مجازی) (اسم),名,اسم,改善硬件条件（gǎishàn yìngjiàn tiáojiàn）|学校硬件设施（xuéxiào yìngjiàn shèshī）|硬件投入（yìngjiàn tóurù）,学校近几年改善了教学硬件设施。,Xuéxiào jìn jǐ nián gǎishàn le jiàoxué yìngjiàn shèshī.,مدرسه در سال‌های اخیر امکانات فیزیکی آموزشی را بهبود داده است.,
1347,迎接,yíngjiē,HSK 5,动,1,到某处接待即将到来的人（动）,به پیشواز کسی رفتن؛ از کسی استقبال کردن (فعل),动,فعل,迎接客人 (yíngjiē kèrén) | 到机场迎接 (dào jīchǎng yíngjiē) | 热情迎接 (rèqíng yíngjiē),我们到机场迎接远道而来的客人。,Wǒmen dào jīchǎng yíngjiē yuǎndào ér lái de kèrén.,برای استقبال از مهمانانی که از راه دور آمده بودند به فرودگاه رفتیم.,
1347,迎接,yíngjiē,HSK 5,动,2,面对或等待即将到来的事情、阶段或情况（动）,به استقبال چیزی رفتن؛ با چیزی که در پیش است روبه‌رو شدن (فعل),动,فعل,迎接挑战 (yíngjiē tiǎozhàn) | 迎接新生活 (yíngjiē xīn shēnghuó) | 迎接新学年 (yíngjiē xīn xuénián),我们已经做好准备迎接新的挑战。,Wǒmen yǐjīng zuòhǎo zhǔnbèi yíngjiē xīn de tiǎozhàn.,ما برای روبه‌روشدن با چالش‌های جدید کاملاً آماده شده‌ایم.,
1348,影片,yǐngpiàn,HSK 5,名,1,供影院、电视或网络播放的电影作品（名）,فیلم؛ اثر سینمایی (اسم),名,اسم,观看影片（guānkàn yǐngpiàn）|一部影片（yí bù yǐngpiàn）|纪录影片（jìlù yǐngpiàn）,这部影片讲述了一个真实的故事。,Zhè bù yǐngpiàn jiǎngshù le yí ge zhēnshí de gùshi.,این فیلم داستانی واقعی را روایت می‌کند.,
1349,影视,yǐngshì,HSK 5,名,1,电影和电视艺术、作品及相关行业的合称（名）,سینما و تلویزیون؛ آثار و صنعت دیداری (اسم),名,اسم,影视作品（yǐngshì zuòpǐn）|影视行业（yǐngshì hángyè）|影视制作（yǐngshì zhìzuò）,她在大学学习影视制作。,Tā zài dàxué xuéxí yǐngshì zhìzuò.,او در دانشگاه تولید آثار سینمایی و تلویزیونی می‌خواند.,
1350,营养,yíngyǎng,HSK 5,名,1,食物中供身体生长、活动和维持健康所需的成分（名）,مواد مغذی؛ ارزش غذایی (اسم),名,اسم,营养丰富（yíngyǎng fēngfù）|补充营养（bǔchōng yíngyǎng）|缺乏营养（quēfá yíngyǎng）,这种食物营养丰富，很适合儿童。,"Zhè zhǒng shíwù yíngyǎng fēngfù, hěn shìhé értóng.",این غذا ارزش غذایی بالایی دارد و برای کودکان بسیار مناسب است.,
1350,营养,yíngyǎng,HSK 5,名,2,对思想、知识或精神成长有帮助的内容（比喻）（名）,محتوای سودمند و پرمایه برای ذهن (مجازی) (اسم),名,اسم,内容很有营养（nèiróng hěn yǒu yíngyǎng）|没有多少营养（méiyǒu duōshao yíngyǎng）|从书中吸收营养（cóng shū zhōng xīshōu yíngyǎng）,这篇文章内容丰富，很有营养。,"Zhè piān wénzhāng nèiróng fēngfù, hěn yǒu yíngyǎng.",این مقاله محتوایی غنی و بسیار سودمند دارد.,
1351,营业,yíngyè,HSK 5,动,1,商店、公司等对外经营或提供服务（动）,فعالیت تجاری‌داشتن؛ برای مشتریان باز و مشغول کاربودن (فعل),动,فعل,开始营业（kāishǐ yíngyè）|正常营业（zhèngcháng yíngyè）|停止营业（tíngzhǐ yíngyè）,这家商店每天几点开始营业？,Zhè jiā shāngdiàn měitiān jǐ diǎn kāishǐ yíngyè?,این فروشگاه هر روز چه ساعتی شروع به کار می‌کند؟,
1352,应用,yìngyòng,HSK 5,名、动,1,把知识、技术、方法等用于实际事物（动）,دانش، فناوری یا روشی را در عمل به‌کاربردن (فعل),动,فعل,应用新技术（yìngyòng xīn jìshù）|应用于生产（yìngyòng yú shēngchǎn）|广泛应用（guǎngfàn yìngyòng）,这种技术已经广泛应用于农业生产。,Zhè zhǒng jìshù yǐjīng guǎngfàn yìngyòng yú nóngyè shēngchǎn.,این فناوری به‌طور گسترده در تولیدات کشاورزی به کار گرفته شده است.,
1352,应用,yìngyòng,HSK 5,名、动,2,知识、技术、方法等在实际中的使用（名）,کاربرد عملی؛ به‌کارگیری (اسم),名,اسم,实际应用（shíjì yìngyòng）|应用范围（yìngyòng fànwéi）|得到广泛应用（dédào guǎngfàn yìngyòng）,这项技术在医疗领域有广泛的应用。,Zhè xiàng jìshù zài yīliáo lǐngyù yǒu guǎngfàn de yìngyòng.,این فناوری در حوزهٔ پزشکی کاربرد گسترده‌ای دارد.,
1352,应用,yìngyòng,HSK 5,名、动,3,安装在手机、计算机等设备上完成特定功能的软件（技术）（名）,برنامهٔ کاربردی؛ اپلیکیشن (فنی) (اسم),名,اسم,手机应用（shǒujī yìngyòng）|下载应用（xiàzǎi yìngyòng）|打开应用（dǎkāi yìngyòng）,你可以通过手机应用办理这项业务。,Nǐ kěyǐ tōngguò shǒujī yìngyòng bànlǐ zhè xiàng yèwù.,می‌توانی این کار را از طریق اپلیکیشن موبایل انجام دهی.,
1353,引进,yǐnjìn,HSK 5,动,1,从外部或国外引入技术、设备、资金、人才等（动）,فناوری، تجهیزات، سرمایه یا نیروی انسانی را از بیرون واردکردن (فعل),动,فعل,引进技术（yǐnjìn jìshù）|引进先进设备（yǐnjìn xiānjìn shèbèi）|引进专业人才（yǐnjìn zhuānyè réncái）,公司从国外引进了一批先进设备。,Gōngsī cóng guówài yǐnjìn le yì pī xiānjìn shèbèi.,شرکت مجموعه‌ای از تجهیزات پیشرفته را از خارج وارد کرد.,
1354,音量,yīnliàng,HSK 5,名,1,声音的强弱程度（名）,بلندی صدا (اسم),名,اسم,调整音量（tiáozhěng yīnliàng）|降低音量（jiàngdī yīnliàng）|音量太大（yīnliàng tài dà）,请把电视的音量调小一点。,Qǐng bǎ diànshì de yīnliàng tiáo xiǎo yìdiǎn.,لطفاً صدای تلویزیون را کمی کم کنید.,
1355,饮食,yǐnshí,HSK 5,名,1,日常所吃、所喝的食物以及相关习惯（名）,خوراک و تغذیه؛ عادت‌های خوردن و نوشیدن (اسم),名,اسم,健康饮食（jiànkāng yǐnshí）|饮食习惯（yǐnshí xíguàn）|注意饮食（zhùyì yǐnshí）,健康的饮食习惯对身体很重要。,Jiànkāng de yǐnshí xíguàn duì shēntǐ hěn zhòngyào.,عادت‌های غذایی سالم برای بدن بسیار مهم‌اند.,
1356,印刷,yìnshuā,HSK 5,名、动,1,用机器或其他方法把文字、图画等印在纸张或其他材料上（动）,متن یا تصویر را روی کاغذ یا ماده‌ای دیگر چاپ‌کردن (فعل),动,فعل,印刷书籍（yìnshuā shūjí）|印刷文件（yìnshuā wénjiàn）|正在印刷（zhèngzài yìnshuā）,这批书正在印刷，很快就会出版。,"Zhè pī shū zhèngzài yìnshuā, hěn kuài jiù huì chūbǎn.",این مجموعه کتاب در حال چاپ است و به‌زودی منتشر می‌شود.,
1356,印刷,yìnshuā,HSK 5,名、动,2,复制文字、图画等的技术、工艺或行业（名）,چاپ؛ فناوری، فرایند یا صنعت چاپ (اسم),名,اسم,印刷技术（yìnshuā jìshù）|印刷行业（yìnshuā hángyè）|印刷质量（yìnshuā zhìliàng）,现代印刷技术提高了出版效率。,Xiàndài yìnshuā jìshù tígāo le chūbǎn xiàolǜ.,فناوری نوین چاپ، کارایی انتشار را افزایش داده است.,
1357,因素,yīnsù,HSK 5,名,1,构成事物或影响事物发展、变化的原因或条件（较正式）（名）,عامل؛ علت یا شرط اثرگذار (رسمی‌تر) (اسم),名,اسم,重要因素（zhòngyào yīnsù）|影响因素（yǐngxiǎng yīnsù）|考虑各种因素（kǎolǜ gè zhǒng yīnsù）,价格是影响消费者选择的重要因素之一。,Jiàgé shì yǐngxiǎng xiāofèizhě xuǎnzé de zhòngyào yīnsù zhī yī.,قیمت یکی از عوامل مهم مؤثر بر انتخاب مصرف‌کنندگان است.,
1358,依然,yīrán,HSK 5,副,1,情况继续保持不变，相当于“仍然”（副）,همچنان؛ هنوز (قید),副,قید,依然存在（yīrán cúnzài）|依然有效（yīrán yǒuxiào）|依然坚持（yīrán jiānchí）,多年过去了，他依然坚持自己的理想。,"Duō nián guòqu le, tā yīrán jiānchí zìjǐ de lǐxiǎng.",سال‌های زیادی گذشته، اما او همچنان به آرمانش پایبند است.,
1359,意识,yìshí,HSK 5,名、动,1,人清醒时对自身和周围事物的感知能力（名）,هوشیاری؛ آگاهی از خود و محیط (اسم),名,اسم,失去意识（shīqù yìshí）|恢复意识（huīfù yìshí）|意识清醒（yìshí qīngxǐng）,伤者已经恢复了意识。,Shāngzhě yǐjīng huīfù le yìshí.,فرد آسیب‌دیده هوشیاری خود را بازیافته است.,
1359,意识,yìshí,HSK 5,名、动,2,对某种事物的重要性、意义等形成的认识和观念（名）,آگاهی؛ شناخت و نگرش (اسم),名,اسم,安全意识（ānquán yìshí）|环保意识（huánbǎo yìshí）|提高意识（tígāo yìshí）,这次培训提高了大家的安全意识。,Zhè cì péixùn tígāo le dàjiā de ānquán yìshí.,این دورهٔ آموزشی آگاهی همه را دربارهٔ ایمنی افزایش داد.,
1359,意识,yìshí,HSK 5,名、动,3,察觉到或认识到某种情况，常用“意识到”（动）,متوجه یا آگاه‌شدن؛ پی‌بردن (فعل),动,فعل,意识到问题（yìshí dào wèntí）|逐渐意识到（zhújiàn yìshí dào）|意识到自己的错误（yìshí dào zìjǐ de cuòwù）,我终于意识到了自己的错误。,Wǒ zhōngyú yìshí dào le zìjǐ de cuòwù.,سرانجام به اشتباه خود پی بردم.,
1360,意外,yìwài,HSK 5,名、形,1,没有预料到的事故或不幸事件（名）,حادثه یا پیشامد ناگهانی و پیش‌بینی‌نشده (اسم),名,اسم,发生意外（fāshēng yìwài）|避免意外（bìmiǎn yìwài）|交通意外（jiāotōng yìwài）,他在回家的路上发生了意外。,Tā zài huí jiā de lù shàng fāshēng le yìwài.,او در راه بازگشت به خانه دچار حادثه شد.,
1360,意外,yìwài,HSK 5,名、形,2,没有预料到；出乎意料（形）,غیرمنتظره؛ دور از انتظار (صفت),形,صفت,意外的结果（yìwài de jiéguǒ）|感到意外（gǎndào yìwài）|令人意外（lìng rén yìwài）,比赛的结果让所有人都感到意外。,Bǐsài de jiéguǒ ràng suǒyǒu rén dōu gǎndào yìwài.,نتیجهٔ مسابقه همه را غافلگیر کرد.,
1361,意味着,yìwèizhe,HSK 5,动,1,表示某种含义、结果或影响（动）,به‌معنای چیزی بودن؛ نشان‌دهندهٔ نتیجه یا پیامدی بودن (فعل),动,فعل,意味着成功（yìwèizhe chénggōng）|意味着新的开始（yìwèizhe xīn de kāishǐ）|并不意味着结束（bìng bù yìwèizhe jiéshù）,这次变化意味着我们将有新的机会。,Zhè cì biànhuà yìwèizhe wǒmen jiāng yǒu xīn de jīhuì.,این تغییر یعنی فرصت‌های تازه‌ای خواهیم داشت.,
1362,疑问,yíwèn,HSK 5,名,1,因不明白而需要解答的问题（名）,سؤال؛ پرسش نیازمند پاسخ (اسم),名,اسم,提出疑问（tíchū yíwèn）|回答疑问（huídá yíwèn）|心中有疑问（xīnzhōng yǒu yíwèn）,如果有任何疑问，请随时提出来。,"Rúguǒ yǒu rènhé yíwèn, qǐng suíshí tí chūlai.",اگر سؤالی دارید، هر زمان خواستید مطرح کنید.,
1362,疑问,yíwèn,HSK 5,名,2,对事情是否真实、正确而产生的不确定或怀疑（名）,تردید؛ شک (اسم),名,اسم,产生疑问（chǎnshēng yíwèn）|毫无疑问（háo wú yíwèn）|对此表示疑问（duì cǐ biǎoshì yíwèn）,他的说法让大家产生了疑问。,Tā de shuōfǎ ràng dàjiā chǎnshēng le yíwèn.,حرف‌های او باعث شد همه دچار تردید شوند.,
1363,义务,yìwù,HSK 5,名、形,1,法律、道德或社会关系上应当承担的责任（名）,وظیفه؛ مسئولیت قانونی، اخلاقی یا اجتماعی (اسم),名,اسم,履行义务（lǚxíng yìwù）|承担义务（chéngdān yìwù）|公民义务（gōngmín yìwù）,公民有保护环境的义务。,Gōngmín yǒu bǎohù huánjìng de yìwù.,شهروندان وظیفه دارند از محیط‌زیست محافظت کنند.,
1363,义务,yìwù,HSK 5,名、形,2,按责任或自愿去做，不领取报酬的，多作定语（形）,داوطلبانه و بدون دریافت دستمزد (صفت),形,صفت,义务劳动（yìwù láodòng）|义务服务（yìwù fúwù）|义务为大家讲解（yìwù wèi dàjiā jiǎngjiě）,医生们定期到社区义务服务。,Yīshēngmen dìngqī dào shèqū yìwù fúwù.,پزشکان به‌طور منظم در محله خدمات داوطلبانه و رایگان ارائه می‌دهند.,
1364,医学,yīxué,HSK 5,名,1,研究人体健康、疾病预防、诊断和治疗的科学（名）,پزشکی؛ علم شناخت، پیشگیری و درمان بیماری‌ها (اسم),名,اسم,医学研究（yīxué yánjiū）|现代医学（xiàndài yīxué）|学习医学（xuéxí yīxué）,她在大学学习医学。,Tā zài dàxué xuéxí yīxué.,او در دانشگاه پزشکی می‌خواند.,
1365,意义,yìyì,HSK 5,名,1,语言、动作、符号等所表达的意思（名）,معنا؛ مفهوم (اسم),名,اسم,词语的意义（cíyǔ de yìyì）|象征意义（xiàngzhēng yìyì）|理解其中的意义（lǐjiě qízhōng de yìyì）,这个符号在不同文化中有不同的意义。,Zhège fúhào zài bùtóng wénhuà zhōng yǒu bùtóng de yìyì.,این نماد در فرهنگ‌های مختلف معناهای متفاوتی دارد.,
1365,意义,yìyì,HSK 5,名,2,事物所具有的价值、作用或重要性（名）,اهمیت؛ ارزش و فایده (اسم),名,اسم,具有重要意义（jùyǒu zhòngyào yìyì）|现实意义（xiànshí yìyì）|失去意义（shīqù yìyì）,这项研究对医学发展具有重要意义。,Zhè xiàng yánjiū duì yīxué fāzhǎn jùyǒu zhòngyào yìyì.,این پژوهش برای پیشرفت پزشکی اهمیت زیادی دارد.,
1366,一致,yízhì,HSK 5,形,1,彼此相同或互相符合，没有分歧或矛盾（形）,یکسان؛ هماهنگ؛ هم‌نظر (صفت),形,صفت,意见一致（yìjiàn yízhì）|保持一致（bǎochí yízhì）|与事实一致（yǔ shìshí yízhì）,大家的意见基本一致。,Dàjiā de yìjiàn jīběn yízhì.,نظر همه تقریباً یکسان است.,
1367,拥抱,yōngbào,HSK 5,名、动,1,用双臂抱住对方，表示亲近、欢迎、安慰等（动）,کسی را در آغوش‌گرفتن (فعل),动,فعل,拥抱朋友（yōngbào péngyou）|紧紧拥抱（jǐnjǐn yōngbào）|互相拥抱（hùxiāng yōngbào）,他们见面后热情地拥抱了对方。,Tāmen jiànmiàn hòu rèqíng de yōngbào le duìfāng.,آن‌ها پس از دیدار با گرمی یکدیگر را در آغوش گرفتند.,
1367,拥抱,yōngbào,HSK 5,名、动,2,用双臂抱住对方的动作（名）,آغوش؛ درآغوش‌گرفتن (اسم),名,اسم,一个温暖的拥抱（yí ge wēnnuǎn de yōngbào）|给他一个拥抱（gěi tā yí ge yōngbào）|深情的拥抱（shēnqíng de yōngbào）,临别时，她给了母亲一个温暖的拥抱。,"Línbié shí, tā gěi le mǔqīn yí ge wēnnuǎn de yōngbào.",هنگام خداحافظی، مادرش را گرم در آغوش گرفت.,
1368,用法,yòngfǎ,HSK 5,名,1,词语、工具、药物等的使用方法（名）,نحوهٔ استفاده؛ شیوهٔ کاربرد (اسم),名,اسم,词语用法（cíyǔ yòngfǎ）|正确用法（zhèngquè yòngfǎ）|说明用法（shuōmíng yòngfǎ）,这个词有几种不同的用法。,Zhège cí yǒu jǐ zhǒng bùtóng de yòngfǎ.,این واژه چند کاربرد متفاوت دارد.,
1369,用户,yònghù,HSK 5,名,1,使用某种产品、设备、系统或服务的人或单位（名）,کاربر؛ استفاده‌کنندهٔ محصول، سامانه یا خدمات (اسم),名,اسم,用户需求（yònghù xūqiú）|用户体验（yònghù tǐyàn）|吸引新用户（xīyǐn xīn yònghù）,公司非常重视用户的实际需求。,Gōngsī fēicháng zhòngshì yònghù de shíjì xūqiú.,شرکت به نیازهای واقعی کاربران اهمیت زیادی می‌دهد.,
1370,用力,yònglì,HSK 5,动,1,使用或加大身体的力量（动）,نیرو واردکردن؛ زورزدن (فعل),动,فعل,用力推门（yònglì tuī mén）|用力拉（yònglì lā）|用力过猛（yònglì guòměng）,这个箱子很重，得用力搬。,"Zhège xiāngzi hěn zhòng, děi yònglì bān.",این جعبه سنگین است و باید با زور بلندش کرد.,
1371,用品,yòngpǐn,HSK 5,名,1,为某种生活、工作或活动需要而使用的物品（名）,لوازم؛ وسایل موردنیاز برای کاری مشخص (اسم),名,اسم,生活用品（shēnghuó yòngpǐn）|办公用品（bàngōng yòngpǐn）|体育用品（tǐyù yòngpǐn）,这家商店出售各种生活用品。,Zhè jiā shāngdiàn chūshòu gè zhǒng shēnghuó yòngpǐn.,این فروشگاه انواع لوازم روزمره را می‌فروشد.,
1372,勇气,yǒngqì,HSK 5,名,1,面对困难、危险或压力时敢于行动的精神力量（名）,شجاعت؛ جرئت (اسم),名,اسم,鼓起勇气（gǔqǐ yǒngqì）|需要勇气（xūyào yǒngqì）|失去勇气（shīqù yǒngqì）,他终于鼓起勇气承认了自己的错误。,Tā zhōngyú gǔqǐ yǒngqì chéngrèn le zìjǐ de cuòwù.,او سرانجام جرئت پیدا کرد اشتباهش را بپذیرد.,
1373,用途,yòngtú,HSK 5,名,1,人或物可以发挥作用的方面或使用目的（名）,کاربرد؛ مورد یا هدف استفاده (اسم),名,اسم,主要用途（zhǔyào yòngtú）|用途广泛（yòngtú guǎngfàn）|说明用途（shuōmíng yòngtú）,这种材料用途广泛，可以用于建筑和工业。,"Zhè zhǒng cáiliào yòngtú guǎngfàn, kěyǐ yòng yú jiànzhù hé gōngyè.",این ماده کاربرد گسترده‌ای دارد و می‌توان از آن در ساختمان‌سازی و صنعت استفاده کرد.,
1374,拥有,yōngyǒu,HSK 5,动,1,具有或持有某种事物、权利、条件、能力等（动）,داشتن؛ مالک یا برخوردار از چیزی بودن (فعل),动,فعل,拥有财产（yōngyǒu cáichǎn）|拥有权利（yōngyǒu quánlì）|拥有丰富经验（yōngyǒu fēngfù jīngyàn）,她拥有丰富的管理经验。,Tā yōngyǒu fēngfù de guǎnlǐ jīngyàn.,او تجربهٔ مدیریتی فراوانی دارد.,
1375,由此,yóucǐ,HSK 5,副,1,从这里或从这一点开始（较书面）（副）,از اینجا؛ از این نقطه (نوشتاری) (قید),副,قید,由此进入（yóucǐ jìnrù）|由此开始（yóucǐ kāishǐ）|由此向北（yóucǐ xiàng běi）,由此向前走，就能看到车站。,"Yóucǐ xiàng qián zǒu, jiù néng kàndào chēzhàn.",از اینجا به‌سمت جلو بروی، ایستگاه را خواهی دید.,
1375,由此,yóucǐ,HSK 5,副,2,根据前面的事实、情况或原因得出后面的结果（较书面）（副）,ازاین‌رو؛ بر این اساس (نوشتاری) (قید),副,قید,由此可见（yóucǐ kějiàn）|由此可以判断（yóucǐ kěyǐ pànduàn）|由此得出结论（yóucǐ déchū jiélùn）,由此可以看出，这个问题非常严重。,"Yóucǐ kěyǐ kànchū, zhège wèntí fēicháng yánzhòng.",از این موضوع می‌توان فهمید که مشکل بسیار جدی است.,
1376,有害,yǒuhài,HSK 5,形,1,会对人、事物或环境造成伤害或不良影响（形）,مضر؛ زیان‌آور (صفت),形,صفت,对健康有害（duì jiànkāng yǒuhài）|有害物质（yǒuhài wùzhì）|有害气体（yǒuhài qìtǐ）,吸烟对自己和他人的健康都有害。,Xīyān duì zìjǐ hé tārén de jiànkāng dōu yǒuhài.,سیگارکشیدن هم برای سلامت خود فرد و هم دیگران مضر است.,
1377,幼儿园,yòu’éryuán,HSK 5,名,1,对学龄前儿童进行保育和教育的机构（名）,مهدکودک؛ مرکز نگهداری و آموزش کودکان پیش‌دبستانی (اسم),名,اسم,上幼儿园（shàng yòu’éryuán）|公立幼儿园（gōnglì yòu’éryuán）|送孩子去幼儿园（sòng háizi qù yòu’éryuán）,孩子三岁时开始上幼儿园。,Háizi sān suì shí kāishǐ shàng yòu’éryuán.,بچه از سه‌سالگی به مهدکودک رفت.,
1378,优惠,yōuhuì,HSK 5,名、形,1,价格、费用或待遇方面给予的减免或好处（名）,تخفیف؛ امتیاز و شرایط ویژه (اسم),名,اسم,享受优惠（xiǎngshòu yōuhuì）|提供优惠（tígōng yōuhuì）|获得更多优惠（huòdé gèng duō yōuhuì）,学生购买车票可以享受优惠。,Xuésheng gòumǎi chēpiào kěyǐ xiǎngshòu yōuhuì.,دانش‌آموزان و دانشجویان می‌توانند برای خرید بلیت از تخفیف برخوردار شوند.,
1378,优惠,yōuhuì,HSK 5,名、形,2,价格较低或条件比一般情况更有利的（形）,تخفیفی؛ ترجیحی؛ دارای شرایط بهتر (صفت),形,صفت,优惠价格（yōuhuì jiàgé）|优惠政策（yōuhuì zhèngcè）|优惠条件（yōuhuì tiáojiàn）,商店最近推出了多项优惠活动。,Shāngdiàn zuìjìn tuīchū le duō xiàng yōuhuì huódòng.,فروشگاه به‌تازگی چند برنامهٔ تخفیفی ارائه کرده است.,
1379,邮寄,yóujì,HSK 5,动,1,通过邮政或快递把信件、文件、物品等寄到别处（动）,نامه، مدرک یا بسته‌ای را پست و ارسال‌کردن (فعل),动,فعل,邮寄文件（yóujì wénjiàn）|邮寄包裹（yóujì bāoguǒ）|邮寄到国外（yóujì dào guówài）,我昨天把申请材料邮寄给了学校。,Wǒ zuótiān bǎ shēnqǐng cáiliào yóujì gěi le xuéxiào.,دیروز مدارک درخواست را برای دانشگاه پست کردم.,
1380,悠久,yōujiǔ,HSK 5,形,1,历史、传统或文化存在的时间很长（形）,دیرینه؛ دارای پیشینه‌ای طولانی (صفت),形,صفت,历史悠久（lìshǐ yōujiǔ）|悠久的传统（yōujiǔ de chuántǒng）|文化悠久（wénhuà yōujiǔ）,这座城市有着悠久的历史。,Zhè zuò chéngshì yǒuzhe yōujiǔ de lìshǐ.,این شهر تاریخی دیرینه دارد.,
1381,邮局,yóujú,HSK 5,名,1,办理寄信、寄包裹等邮政业务的机构或场所（名）,ادارهٔ پست (اسم),名,اسم,去邮局（qù yóujú）|邮局寄件（yóujú jìjiàn）|附近的邮局（fùjìn de yóujú）,我准备去邮局寄一个包裹。,Wǒ zhǔnbèi qù yóujú jì yí ge bāoguǒ.,می‌خواهم برای ارسال یک بسته به ادارهٔ پست بروم.,
1382,游览,yóulǎn,HSK 5,动,1,从容地参观、观赏名胜、风景等（动）,از مکان‌های دیدنی بازدید و گردش‌کردن (فعل),动,فعل,游览景点（yóulǎn jǐngdiǎn）|游览名胜古迹（yóulǎn míngshèng gǔjì）|乘船游览（chéng chuán yóulǎn）,游客们正在游览当地的名胜古迹。,Yóukèmen zhèngzài yóulǎn dāngdì de míngshèng gǔjì.,گردشگران در حال بازدید از مکان‌های تاریخی و دیدنی منطقه‌اند.,
1383,有力,yǒulì,HSK 5,形,1,身体或动作具有较大的力量（形）,نیرومند؛ پرقدرت (صفت),形,صفت,双手有力（shuāngshǒu yǒulì）|脚步有力（jiǎobù yǒulì）|心跳有力（xīntiào yǒulì）,他的脚步稳定而有力。,Tā de jiǎobù wěndìng ér yǒulì.,گام‌های او استوار و پرقدرت بود.,
1383,有力,yǒulì,HSK 5,形,2,能够产生明显作用或有较强说服力（形）,مؤثر؛ محکم و قانع‌کننده (صفت),形,صفت,有力支持（yǒulì zhīchí）|有力证据（yǒulì zhèngjù）|采取有力措施（cǎiqǔ yǒulì cuòshī）,警方掌握了有力的证据。,Jǐngfāng zhǎngwò le yǒulì de zhèngjù.,پلیس مدارک محکم و قانع‌کننده‌ای در اختیار دارد.,
1384,有利,yǒulì,HSK 5,形,1,对人或事物有帮助、有好处（形）,مفید؛ سودمند؛ مساعد (صفت),形,صفت,有利条件（yǒulì tiáojiàn）|有利因素（yǒulì yīnsù）|对健康有利（duì jiànkāng yǒulì）,安静的环境有利于集中注意力。,Ānjìng de huánjìng yǒulì yú jízhōng zhùyìlì.,محیط آرام برای تمرکز حواس مساعد است.,
1385,优良,yōuliáng,HSK 5,形,1,品质、性能、作风等很好（形）,عالی؛ مرغوب؛ دارای کیفیت بالا (صفت),形,صفت,品质优良（pǐnzhì yōuliáng）|性能优良（xìngnéng yōuliáng）|优良传统（yōuliáng chuántǒng）,这种产品性能优良，而且价格合理。,"Zhè zhǒng chǎnpǐn xìngnéng yōuliáng, érqiě jiàgé hélǐ.",این محصول عملکرد بسیار خوبی دارد و قیمتش نیز مناسب است.,
1386,优美,yōuměi,HSK 5,形,1,景色、声音、姿态或语言等美好而雅致（形）,زیبا، دل‌نشین و ظریف (صفت),形,صفت,环境优美（huánjìng yōuměi）|旋律优美（xuánlǜ yōuměi）|文字优美（wénzì yōuměi）,这里环境优美，空气也很清新。,"Zhèli huánjìng yōuměi, kōngqì yě hěn qīngxīn.",محیط اینجا زیبا و هوایش نیز بسیار تازه است.,
1387,邮票,yóupiào,HSK 5,名,1,由邮政部门发行、贴在邮件上证明邮资已付的票证（名）,تمبر پستی (اسم),名,اسم,一枚邮票（yì méi yóupiào）|贴邮票（tiē yóupiào）|收集邮票（shōují yóupiào）,寄这封信需要贴几枚邮票？,Jì zhè fēng xìn xūyào tiē jǐ méi yóupiào?,برای فرستادن این نامه باید چند تمبر چسباند؟,
1388,优势,yōushì,HSK 5,名,1,在力量、条件或竞争中比对方更有利的方面或地位（名）,مزیت؛ نقطهٔ قوت؛ برتری (اسم),名,اسم,竞争优势（jìngzhēng yōushì）|技术优势（jìshù yōushì）|发挥优势（fāhuī yōushì）,这家公司在技术方面具有明显优势。,Zhè jiā gōngsī zài jìshù fāngmiàn jùyǒu míngxiǎn yōushì.,این شرکت از نظر فنی مزیت آشکاری دارد.,
1389,油条,yóutiáo,HSK 5,名,1,把长条形面团放入油中炸成的传统食品（名）,یوتیائو؛ خمیر نواریِ سرخ‌شدهٔ چینی (اسم),名,اسم,一根油条（yì gēn yóutiáo）|炸油条（zhá yóutiáo）|豆浆配油条（dòujiāng pèi yóutiáo）,很多人早餐喜欢吃油条、喝豆浆。,Hěn duō rén zǎocān xǐhuan chī yóutiáo、hē dòujiāng.,خیلی‌ها برای صبحانه یوتیائو می‌خورند و شیر سویا می‌نوشند.,
1390,有限,yǒuxiàn,HSK 5,形,1,数量、范围、程度或时间有一定界限，不是无限的（形）,محدود؛ دارای حد مشخص (صفت),形,صفت,资源有限（zīyuán yǒuxiàn）|时间有限（shíjiān yǒuxiàn）|能力有限（nénglì yǒuxiàn）,我们的时间有限，必须提高效率。,"Wǒmen de shíjiān yǒuxiàn, bìxū tígāo xiàolǜ.",وقت ما محدود است و باید کارایی را افزایش دهیم.,
1391,有益,yǒuyì,HSK 5,形,1,对人或事物的发展、健康等有好处（较正式）（形）,مفید؛ سودمند (رسمی‌تر) (صفت),形,صفت,对健康有益（duì jiànkāng yǒuyì）|有益身心（yǒuyì shēnxīn）|有益的经验（yǒuyì de jīngyàn）,经常运动对身心健康有益。,Jīngcháng yùndòng duì shēnxīn jiànkāng yǒuyì.,ورزش منظم برای سلامت جسم و روان مفید است.,
1392,犹豫,yóuyù,HSK 5,动,1,因难以作出选择或决定而迟疑不定（动）,تردیدکردن؛ دودل‌بودن (فعل),动,فعل,犹豫不决（yóuyù bùjué）|犹豫很久（yóuyù hěn jiǔ）|毫不犹豫（háo bù yóuyù）,他犹豫了很久，最后还是拒绝了。,"Tā yóuyù le hěn jiǔ, zuìhòu háishi jùjué le.",او مدت زیادی دودل بود، اما در نهایت قبول نکرد.,
1393,优质,yōuzhì,HSK 5,形,1,质量好或服务水平高的（形）,باکیفیت؛ مرغوب (صفت),形,صفت,优质产品（yōuzhì chǎnpǐn）|优质服务（yōuzhì fúwù）|优质材料（yōuzhì cáiliào）,这家公司为顾客提供优质服务。,Zhè jiā gōngsī wèi gùkè tígōng yōuzhì fúwù.,این شرکت خدمات باکیفیتی به مشتریان ارائه می‌دهد.,
1394,有助于,yǒuzhùyú,HSK 5,动,1,对某件事产生帮助或促进作用（动）,به چیزی کمک‌کردن؛ برای چیزی سودمندبودن (فعل),动,فعل,有助于提高效率（yǒuzhùyú tígāo xiàolǜ）|有助于解决问题（yǒuzhùyú jiějué wèntí）|有助于身体恢复（yǒuzhùyú shēntǐ huīfù）,坚持阅读有助于提高语言能力。,Jiānchí yuèdú yǒuzhùyú tígāo yǔyán nénglì.,مطالعهٔ مداوم به تقویت توانایی زبانی کمک می‌کند.,
1395,原,yuán,HSK 5,形,1,原来的；起初的，多用在名词前（形）,اصلی؛ اولیه؛ پیشین (صفت),形,صفت,原计划（yuán jìhuà）|原地址（yuán dìzhǐ）|原单位（yuán dānwèi）,由于天气原因，我们改变了原计划。,"Yóuyú tiānqì yuányīn, wǒmen gǎibiàn le yuán jìhuà.",به‌دلیل وضعیت هوا، برنامهٔ اولیه را تغییر دادیم.,
1396,圆,yuán,HSK 5,名、形、动,1,形状像圆形或球形的（形）,گرد؛ دایره‌ای یا کروی (صفت),形,صفت,桌子是圆的 (zhuōzi shì yuán de) | 圆脸 (yuán liǎn) | 又大又圆 (yòu dà yòu yuán),这张桌子是圆的，可以坐六个人。,"Zhè zhāng zhuōzi shì yuán de, kěyǐ zuò liù ge rén.",این میز گرد است و شش نفر می‌توانند دور آن بنشینند.,
1396,圆,yuán,HSK 5,名、形、动,2,平面上到一个固定点距离相等的点所组成的图形（数学）（名）,دایره (اسم، ریاضی),名,اسم، ریاضی,画一个圆 (huà yí ge yuán) | 圆的中心 (yuán de zhōngxīn) | 圆的半径 (yuán de bànjìng),请在纸上画一个圆。,Qǐng zài zhǐ shàng huà yí ge yuán.,لطفاً روی کاغذ یک دایره بکشید.,
1396,圆,yuán,HSK 5,名、形、动,3,使愿望、梦想等实现（较书面）（动）,برآورده کردن؛ محقق کردن (رسمی‌تر) (فعل),动,فعل,圆心愿 (yuán xīnyuàn) | 圆了多年的梦 (yuán le duōnián de mèng) | 帮他圆梦 (bāng tā yuán mèng),这次旅行终于圆了他多年的心愿。,Zhè cì lǚxíng zhōngyú yuán le tā duōnián de xīnyuàn.,این سفر سرانجام آرزوی دیرینهٔ او را برآورده کرد.,
1396,圆,yuán,HSK 5,名、形、动,4,周全完整，没有漏洞或让人挑不出毛病（形）,کامل و بی‌نقص؛ سنجیده و بدون خلل (صفت),形,صفت,话说得很圆 (huà shuō de hěn yuán) | 事情办得很圆 (shìqing bàn de hěn yuán) | 说得不够圆 (shuō de bú gòu yuán),他这番话说得很圆，让人挑不出毛病。,"Tā zhè fān huà shuō de hěn yuán, ràng rén tiāo bu chū máobing.",حرف‌هایش آن‌قدر سنجیده بود که نمی‌شد ایرادی از آن گرفت.,
1396,圆,yuán,HSK 5,名、形、动,5,货币单位，同“元”，常用于正式票据或货币文字中（名）,یوآن؛ واحد پول، صورت رسمی «元» (اسم),名,اسم,人民币壹佰圆 (rénmínbì yìbǎi yuán) | 面值十圆 (miànzhí shí yuán) | 五圆纸币 (wǔ yuán zhǐbì),纸币上印着“壹佰圆”三个字。,Zhǐbì shàng yìnzhe “yìbǎi yuán” sān ge zì.,روی اسکناس عبارت «یکصد یوآن» چاپ شده است.,
1397,愿,yuàn,HSK 5,动,1,愿意做某事，表示接受或乐意去做，多用于较正式或书面语（动）,مایل بودن؛ حاضر بودن (رسمی‌تر) (فعل),动,فعل,愿为大家服务 (yuàn wèi dàjiā fúwù) | 愿接受安排 (yuàn jiēshòu ānpái) | 愿承担责任 (yuàn chéngdān zérèn),我愿尽自己的力量帮助大家。,Wǒ yuàn jìn zìjǐ de lìliang bāngzhù dàjiā.,مایلم تا حد توانم به همه کمک کنم.,
1397,愿,yuàn,HSK 5,动,2,希望某种情况发生，常用于表达祝愿（较书面）（动）,آرزو کردن؛ امیدوار بودن (نوشتاری) (فعل),动,فعل,愿你平安 (yuàn nǐ píng'ān) | 愿一切顺利 (yuàn yíqiè shùnlì) | 愿梦想成真 (yuàn mèngxiǎng chéngzhēn),愿你今后的生活平安幸福。,Yuàn nǐ jīnhòu de shēnghuó píng'ān xìngfú.,آرزو می‌کنم زندگی آینده‌ات سرشار از آرامش و خوشبختی باشد.,
1398,原有,yuányǒu,HSK 5,动,1,原来已经存在或拥有（动）,از قبل موجودبودن یا وجودداشتن (فعل),动,فعل,原有设备（yuányǒu shèbèi）|原有基础（yuányǒu jīchǔ）|保持原有状态（bǎochí yuányǒu zhuàngtài）,这里原有一座木桥，后来被拆除了。,"Zhèli yuányǒu yí zuò mùqiáo, hòulái bèi chāichú le.",قبلاً در اینجا پلی چوبی وجود داشت که بعداً تخریب شد.,
1399,元旦,yuándàn,HSK 5,名,1,公历一月一日，即新年的第一天（名）,روز اول ژانویه؛ آغاز سال نو میلادی (اسم),名,اسم,元旦假期（Yuándàn jiàqī）|庆祝元旦（qìngzhù Yuándàn）|元旦放假（Yuándàn fàngjià）,元旦期间我们放假三天。,Yuándàn qījiān wǒmen fàngjià sān tiān.,در تعطیلات سال نو میلادی سه روز تعطیل هستیم.,
1400,员工,yuángōng,HSK 5,名,1,在企业、机构或组织中工作的人员（名）,کارمند؛ کارکنان یک شرکت یا سازمان (اسم),名,اسم,公司员工（gōngsī yuángōng）|全体员工（quántǐ yuángōng）|招聘员工（zhāopìn yuángōng）,这家公司有两百多名员工。,Zhè jiā gōngsī yǒu liǎngbǎi duō míng yuángōng.,این شرکت بیش از دویست کارمند دارد.,
1401,愿望,yuànwàng,HSK 5,名,1,希望将来能够实现的事情或达到的目标（名）,آرزو؛ خواسته‌ای که شخص امید دارد محقق شود (اسم),名,اسم,实现愿望（shíxiàn yuànwàng）|美好愿望（měihǎo yuànwàng）|表达愿望（biǎodá yuànwàng）,她终于实现了多年的愿望。,Tā zhōngyú shíxiàn le duō nián de yuànwàng.,او سرانجام آرزوی چندین‌ساله‌اش را محقق کرد.,
1402,原则,yuánzé,HSK 5,名,1,观察、处理问题或采取行动时遵守的基本准则（较正式）（名）,اصل؛ قاعده و معیار بنیادی (رسمی‌تر) (اسم),名,اسم,基本原则（jīběn yuánzé）|坚持原则（jiānchí yuánzé）|违反原则（wéifǎn yuánzé）,无论遇到什么情况，我们都必须坚持原则。,"Wúlùn yùdào shénme qíngkuàng, wǒmen dōu bìxū jiānchí yuánzé.",در هر شرایطی باید به اصول پایبند بمانیم.,
1403,预报,yùbào,HSK 5,名、动,1,根据有关资料提前报告未来可能出现的情况（动）,وضعیت آینده را از قبل پیش‌بینی و اعلام‌کردن (فعل),动,فعل,预报天气（yùbào tiānqì）|预报气温（yùbào qìwēn）|预报台风路径（yùbào táifēng lùjìng）,气象部门预报明天有大雨。,Qìxiàng bùmén yùbào míngtiān yǒu dà yǔ.,سازمان هواشناسی برای فردا باران شدیدی پیش‌بینی کرده است.,
1403,预报,yùbào,HSK 5,名、动,2,对未来天气、灾害等情况所作的提前报告（名）,پیش‌بینی و گزارش وضعیت آینده (اسم),名,اسم,天气预报（tiānqì yùbào）|气象预报（qìxiàng yùbào）|收听预报（shōutīng yùbào）,天气预报说明天会降温。,Tiānqì yùbào shuō míngtiān huì jiàngwēn.,پیش‌بینی هوا می‌گوید فردا دما کاهش می‌یابد.,
1404,预测,yùcè,HSK 5,名、动,1,根据已有资料和规律推测未来的发展或结果（动）,بر اساس داده‌ها، روند یا نتیجهٔ آینده را پیش‌بینی‌کردن (فعل),动,فعل,预测市场变化（yùcè shìchǎng biànhuà）|预测发展趋势（yùcè fāzhǎn qūshì）|准确预测（zhǔnquè yùcè）,专家预测市场需求将继续增长。,Zhuānjiā yùcè shìchǎng xūqiú jiāng jìxù zēngzhǎng.,کارشناسان پیش‌بینی می‌کنند تقاضای بازار همچنان افزایش یابد.,
1404,预测,yùcè,HSK 5,名、动,2,根据资料和规律对未来作出的推测或判断（名）,پیش‌بینی؛ برآورد آینده (اسم),名,اسم,作出预测（zuòchū yùcè）|预测结果（yùcè jiéguǒ）|市场预测（shìchǎng yùcè）,事实证明，他的预测基本准确。,"Shìshí zhèngmíng, tā de yùcè jīběn zhǔnquè.",واقعیت نشان داد که پیش‌بینی او تا حد زیادی درست بوده است.,
1405,预订,yùdìng,HSK 5,动,1,提前订购商品或保留房间、座位、票等（动）,از قبل رزرو یا سفارش‌دادن (فعل),动,فعل,预订房间（yùdìng fángjiān）|预订机票（yùdìng jīpiào）|提前预订（tíqián yùdìng）,我已经在网上预订了酒店房间。,Wǒ yǐjīng zài wǎngshàng yùdìng le jiǔdiàn fángjiān.,من اتاق هتل را از طریق اینترنت رزرو کرده‌ام.,
1406,约定,yuēdìng,HSK 5,名、动,1,双方或多方商量并确定时间、地点、条件等（动）,قرارگذاشتن؛ با یکدیگر توافق‌کردن (فعل),动,فعل,约定见面时间（yuēdìng jiànmiàn shíjiān）|事先约定（shìxiān yuēdìng）|约定明天出发（yuēdìng míngtiān chūfā）,我们约定明天上午在车站见面。,Wǒmen yuēdìng míngtiān shàngwǔ zài chēzhàn jiànmiàn.,قرار گذاشتیم فردا صبح در ایستگاه همدیگر را ببینیم.,
1406,约定,yuēdìng,HSK 5,名、动,2,双方或多方共同确定并同意遵守的事项（名）,قرار؛ توافق میان دو یا چند طرف (اسم),名,اسم,遵守约定（zūnshǒu yuēdìng）|按照约定（ànzhào yuēdìng）|共同的约定（gòngtóng de yuēdìng）,我会按照约定按时把书还给你。,Wǒ huì ànzhào yuēdìng ànshí bǎ shū huán gěi nǐ.,طبق قرار، کتاب را به‌موقع به تو پس می‌دهم.,
1407,预防,yùfáng,HSK 5,动,1,事先采取措施，防止疾病、事故或不良情况发生（动）,از بیماری، حادثه یا وضعیت نامطلوب پیشگیری‌کردن (فعل),动,فعل,预防疾病（yùfáng jíbìng）|预防事故（yùfáng shìgù）|预防感染（yùfáng gǎnrǎn）,经常洗手可以有效预防感染。,Jīngcháng xǐshǒu kěyǐ yǒuxiào yùfáng gǎnrǎn.,شستن مرتب دست‌ها می‌تواند به‌طور مؤثر از عفونت پیشگیری کند.,
1408,预计,yùjì,HSK 5,动,1,预先估计未来的数量、时间、情况或结果（动）,مقدار، زمان یا وضعیت آینده را برآورد و پیش‌بینی‌کردن (فعل),动,فعل,预计时间（yùjì shíjiān）|预计费用（yùjì fèiyòng）|预计明年完成（yùjì míngnián wánchéng）,公司预计今年的销售额将有所增加。,Gōngsī yùjì jīnnián de xiāoshòu’é jiāng yǒusuǒ zēngjiā.,شرکت پیش‌بینی می‌کند درآمد فروش امسال تا اندازه‌ای افزایش یابد.,
1409,娱乐,yúlè,HSK 5,名、动,1,使自己或别人放松、愉快（动）,خود یا دیگران را سرگرم‌کردن (فعل),动,فعل,娱乐大众（yúlè dàzhòng）|自我娱乐（zìwǒ yúlè）|娱乐观众（yúlè guānzhòng）,这个节目既能传播知识，也能娱乐观众。,"Zhège jiémù jì néng chuánbō zhīshi, yě néng yúlè guānzhòng.",این برنامه هم دانش منتقل می‌کند و هم بینندگان را سرگرم می‌کند.,
1409,娱乐,yúlè,HSK 5,名、动,2,使人放松、愉快的活动（名）,سرگرمی؛ تفریح (اسم),名,اسم,娱乐活动（yúlè huódòng）|休闲娱乐（xiūxián yúlè）|娱乐方式（yúlè fāngshì）,看电影是许多人喜欢的娱乐方式。,Kàn diànyǐng shì xǔduō rén xǐhuan de yúlè fāngshì.,فیلم‌دیدن یکی از سرگرمی‌های موردعلاقهٔ بسیاری از مردم است.,
1410,玉米,yùmǐ,HSK 5,名,1,籽粒通常为黄色、可作为粮食或饲料的一种农作物（名）,ذرت (اسم),名,اسم,种植玉米（zhòngzhí yùmǐ）|一根玉米（yì gēn yùmǐ）|煮玉米（zhǔ yùmǐ）,农民们正在地里种植玉米。,Nóngmínmen zhèngzài dì li zhòngzhí yùmǐ.,کشاورزان در زمین مشغول کاشت ذرت‌اند.,
1411,运,yùn,HSK 5,动,1,把人或物从一个地方送到另一个地方（动）,حمل‌کردن؛ به جایی انتقال‌دادن (فعل),动,فعل,运货物（yùn huòwù）|运到仓库（yùn dào cāngkù）|把设备运走（bǎ shèbèi yùnzǒu）,工人们正在把货物运到仓库。,Gōngrénmen zhèngzài bǎ huòwù yùn dào cāngkù.,کارگران در حال انتقال کالاها به انبارند.,
1412,运费,yùnfèi,HSK 5,名,1,运输货物、行李等所需的费用（名）,هزینهٔ حمل‌ونقل؛ کرایهٔ ارسال بار (اسم),名,اسم,支付运费（zhīfù yùnfèi）|国际运费（guójì yùnfèi）|免运费（miǎn yùnfèi）,商品的运费由买方承担。,Shāngpǐn de yùnfèi yóu mǎifāng chéngdān.,هزینهٔ حمل کالا بر عهدهٔ خریدار است.,
1413,运气,yùnqi,HSK 5,名,1,偶然遇到好事或坏事的情况和机会（名）,شانس؛ اقبال (اسم),名,اسم,运气很好（yùnqi hěn hǎo）|运气不好（yùnqi bù hǎo）|碰运气（pèng yùnqi）,他的运气不错，第一次就成功了。,"Tā de yùnqi búcuò, dì yī cì jiù chénggōng le.",او خوش‌شانس بود و همان بار اول موفق شد.,
1414,运输,yùnshū,HSK 5,名、动,1,用交通工具把人员或物资从一个地方运到另一个地方（动）,افراد یا کالاها را با وسیلهٔ نقلیه حمل‌کردن (فعل),动,فعل,运输货物（yùnshū huòwù）|运输旅客（yùnshū lǚkè）|运输到国外（yùnshū dào guówài）,这家公司负责把货物运输到全国各地。,Zhè jiā gōngsī fùzé bǎ huòwù yùnshū dào quánguó gèdì.,این شرکت مسئول حمل کالاها به نقاط مختلف کشور است.,
1414,运输,yùnshū,HSK 5,名、动,2,运送人员或物资的活动和行业（名）,حمل‌ونقل؛ فعالیت یا صنعت جابه‌جایی افراد و کالا (اسم),名,اسم,铁路运输（tiělù yùnshū）|运输行业（yùnshū hángyè）|交通运输（jiāotōng yùnshū）,现代物流促进了运输行业的发展。,Xiàndài wùliú cùjìn le yùnshū hángyè de fāzhǎn.,لجستیک نوین به توسعهٔ صنعت حمل‌ونقل کمک کرده است.,
1415,运用,yùnyòng,HSK 5,动,1,根据需要灵活地使用知识、方法、技术等（动）,دانش، روش یا فناوری را متناسب با نیاز به‌کاربردن (فعل),动,فعل,运用知识（yùnyòng zhīshi）|运用新方法（yùnyòng xīn fāngfǎ）|灵活运用（línghuó yùnyòng）,我们应该把学到的知识运用到实际工作中。,Wǒmen yīnggāi bǎ xuédào de zhīshi yùnyòng dào shíjì gōngzuò zhōng.,باید دانشی را که آموخته‌ایم در کار عملی به کار ببریم.,
1416,语气,yǔqì,HSK 5,名,1,说话时表现出来的态度、感情和表达方式（名）,لحن؛ حالت و احساس موجود در بیان (اسم),名,اسم,语气温和（yǔqì wēnhé）|严肃的语气（yánsù de yǔqì）|改变语气（gǎibiàn yǔqì）,他说话的语气一直很温和。,Tā shuōhuà de yǔqì yìzhí hěn wēnhé.,لحن صحبتش همیشه بسیار ملایم است.,
1417,雨水,yǔshuǐ,HSK 5,名,1,由降雨形成的水（名）,آب باران (اسم),名,اسم,收集雨水（shōují yǔshuǐ）|雨水充足（yǔshuǐ chōngzú）|利用雨水（lìyòng yǔshuǐ）,这里雨水充足，适合种植水稻。,"Zhèli yǔshuǐ chōngzú, shìhé zhòngzhí shuǐdào.",بارندگی اینجا فراوان و برای کاشت برنج مناسب است.,
1417,雨水,Yǔshuǐ,HSK 5,名,2,二十四节气之一，通常在公历二月十八日至二十日之间（文化）（名）,«آب باران»؛ یکی از بیست‌وچهار موعد فصلی چین در نیمهٔ دوم فوریه (فرهنگی) (اسم),名,اسم,雨水节气（Yǔshuǐ jiéqì）|进入雨水（jìnrù Yǔshuǐ）|雨水前后（Yǔshuǐ qiánhòu）,雨水过后，天气通常会逐渐变暖。,"Yǔshuǐ guòhòu, tiānqì tōngcháng huì zhújiàn biàn nuǎn.",پس از موعد فصلی «آب باران»، هوا معمولاً کم‌کم گرم‌تر می‌شود.,
1418,语文,yǔwén,HSK 5,名,1,中国学校中学习汉语、阅读、写作和文学的课程（名）,درس زبان، نگارش و ادبیات چینی در مدارس چین (اسم),名,اسم,语文课（yǔwén kè）|语文老师（yǔwén lǎoshī）|语文成绩（yǔwén chéngjì）,在所有课程中，我最喜欢语文。,"Zài suǒyǒu kèchéng zhōng, wǒ zuì xǐhuan yǔwén.",از میان همهٔ درس‌ها، درس زبان و ادبیات چینی را بیشتر دوست دارم.,
1419,语音,yǔyīn,HSK 5,名,1,语言的声音系统或具体的发音（语言学）（名）,آواهای گفتار؛ نظام آوایی یا تلفظ زبان (زبان‌شناسی) (اسم),名,اسم,语音系统（yǔyīn xìtǒng）|语音标准（yǔyīn biāozhǔn）|纠正语音（jiūzhèng yǔyīn）,他的汉语语音比较标准。,Tā de Hànyǔ yǔyīn bǐjiào biāozhǔn.,تلفظ چینی او نسبتاً معیار است.,
1419,语音,yǔyīn,HSK 5,名,2,通过通信软件发送的录音消息（口语）（名）,پیام صوتی (محاوره‌ای) (اسم),名,اسم,发语音（fā yǔyīn）|听语音（tīng yǔyīn）|一条语音（yì tiáo yǔyīn）,我不方便打字，给你发一条语音吧。,"Wǒ bù fāngbiàn dǎzì, gěi nǐ fā yì tiáo yǔyīn ba.",نمی‌توانم راحت تایپ کنم؛ بگذار یک پیام صوتی برایت بفرستم.,
1420,预约,yùyuē,HSK 5,名、动,1,提前约定接受服务、见面或办理事情的时间（动）,از قبل وقت‌گرفتن یا رزروکردن (فعل),动,فعل,预约医生（yùyuē yīshēng）|预约时间（yùyuē shíjiān）|提前预约（tíqián yùyuē）,我已经预约了明天下午的医生。,Wǒ yǐjīng yùyuē le míngtiān xiàwǔ de yīshēng.,برای فردا بعدازظهر از پزشک وقت گرفته‌ام.,
1420,预约,yùyuē,HSK 5,名、动,2,提前作出的见面、服务或办理事项的安排（名）,وقت یا رزرو ازپیش‌تعیین‌شده (اسم),名,اسم,取消预约（qǔxiāo yùyuē）|确认预约（quèrèn yùyuē）|有预约（yǒu yùyuē）,如果不能按时来，请提前取消预约。,"Rúguǒ bù néng ànshí lái, qǐng tíqián qǔxiāo yùyuē.",اگر نمی‌توانید به‌موقع بیایید، لطفاً وقت خود را از قبل لغو کنید.,
1421,在场,zàichǎng,HSK 5,动,1,亲自在事情发生或活动进行的地方（动）,در محل حاضر بودن؛ حضورداشتن (فعل),动,فعل,当时在场（dāngshí zàichǎng）|所有人都在场（suǒyǒu rén dōu zàichǎng）|不在场（bú zàichǎng）,事故发生时，有很多人在场。,"Shìgù fāshēng shí, yǒu hěn duō rén zàichǎng.",هنگام وقوع حادثه افراد زیادی در محل حضور داشتند.,
1422,在乎,zàihu,HSK 5,动,1,重视或关心某人、某事（动）,به کسی یا چیزی اهمیت‌دادن (فعل),动,فعل,在乎别人的意见（zàihu biérén de yìjiàn）|在乎家人（zàihu jiārén）|只在乎结果（zhǐ zàihu jiéguǒ）,我很在乎你对这件事的看法。,Wǒ hěn zàihu nǐ duì zhè jiàn shì de kànfǎ.,نظر تو دربارهٔ این موضوع برایم بسیار مهم است.,
1422,在乎,zàihu,HSK 5,动,2,把不愉快的事情放在心上；介意（动）,از چیزی ناراحت یا دلگیرشدن؛ به دل‌گرفتن (فعل),动,فعل,别太在乎（bié tài zàihu）|不在乎别人的批评（bù zàihu biérén de pīpíng）|在乎他说的话（zàihu tā shuō de huà）,他只是随便说说，你别太在乎。,"Tā zhǐshì suíbiàn shuōshuo, nǐ bié tài zàihu.",او همین‌طوری حرفی زد؛ زیاد به دل نگیر.,
1423,在内,zàinèi,HSK 5,方,1,在一定范围之中；被包括在其中（方）,در محدوده بودن؛ جزو چیزی محسوب‌شدن (واژهٔ مکانی),方,واژهٔ مکانی,包括费用在内（bāokuò fèiyòng zàinèi）|包括我在内（bāokuò wǒ zàinèi）|所有人员在内（suǒyǒu rényuán zàinèi）,价格包括税费和运费在内。,Jiàgé bāokuò shuìfèi hé yùnfèi zàinèi.,قیمت شامل مالیات و هزینهٔ حمل‌ونقل است.,
1424,在线,zàixiàn,HSK 5,形,1,连接着互联网或通信系统；通过网络提供或完成的（形）,آنلاین؛ متصل یا انجام‌شونده از طریق اینترنت (صفت),形,صفت,保持在线（bǎochí zàixiàn）|在线服务（zàixiàn fúwù）|在线咨询（zàixiàn zīxún）,我们每天提供二十四小时在线咨询服务。,Wǒmen měitiān tígōng èrshísì xiǎoshí zàixiàn zīxún fúwù.,ما هر روز خدمات مشاورهٔ آنلاین شبانه‌روزی ارائه می‌دهیم.,
1425,在于,zàiyú,HSK 5,动,1,指出事物的原因、目的、特点或关键所在（动）,در چیزی نهفته‌بودن؛ علت یا نکتهٔ اصلی چیزی بودن (فعل),动,فعل,关键在于行动（guānjiàn zàiyú xíngdòng）|问题在于方法不对（wèntí zàiyú fāngfǎ bú duì）|成功在于坚持（chénggōng zàiyú jiānchí）,成功的关键在于长期坚持。,Chénggōng de guānjiàn zàiyú chángqī jiānchí.,رمز موفقیت در پشتکار طولانی‌مدت است.,
1426,赞成,zànchéng,HSK 5,动,1,同意并支持某种意见、主张或做法（动）,با نظر یا روشی موافق‌بودن؛ حمایت‌کردن (فعل),动,فعل,赞成这个建议（zànchéng zhège jiànyì）|表示赞成（biǎoshì zànchéng）|投赞成票（tóu zànchéngpiào）,大多数人都赞成这个解决办法。,Dàduōshù rén dōu zànchéng zhège jiějué bànfǎ.,بیشتر مردم با این راه‌حل موافق‌اند.,
1427,造,zào,HSK 5,动,1,制作或建造物品、建筑、交通工具等（动）,ساختن؛ تولید یا بناکردن (فعل),动,فعل,造房子（zào fángzi）|造汽车（zào qìchē）|造一座桥（zào yí zuò qiáo）,他们计划在河上造一座新桥。,Tāmen jìhuà zài hé shàng zào yí zuò xīn qiáo.,آن‌ها قصد دارند پلی جدید روی رودخانه بسازند.,
1428,糟,zāo,HSK 5,名、形,1,（口语）情况、质量、表现或感受等很不好（形）,بد؛ خراب؛ افتضاح (صفت),形,صفت,情况很糟 (qíngkuàng hěn zāo) | 心情很糟 (xīnqíng hěn zāo) | 表现太糟 (biǎoxiàn tài zāo),今天的天气很糟，我们取消了旅行。,"Jīntiān de tiānqì hěn zāo, wǒmen qǔxiāo le lǚxíng.",هوای امروز خیلی بد است و سفرمان را لغو کردیم.,
1428,糟,zāo,HSK 5,名、形,2,木材等因腐烂而变得松软、不结实（形）,پوسیده؛ پوک و سست (صفت),形,صفت,木头糟了 (mùtou zāo le) | 木板已经糟了 (mùbǎn yǐjīng zāo le) | 受潮后变糟 (shòucháo hòu biàn zāo),这块木头受潮以后已经糟了。,Zhè kuài mùtou shòucháo yǐhòu yǐjīng zāo le.,این تکه چوب بر اثر رطوبت پوسیده و پوک شده است.,
1428,糟,zāo,HSK 5,名、形,3,酿酒后剩下的渣滓，也可用来给食物调味或腌制食物（名）,تفالهٔ غلات تخمیرشده (اسم),名,اسم,用糟腌鱼 (yòng zāo yān yú) | 剩下的糟 (shèngxià de zāo) | 糟的香味 (zāo de xiāngwèi),酿酒剩下的糟也可以用来腌制食物。,Niàngjiǔ shèngxià de zāo yě kěyǐ yònglái yānzhì shíwù.,از تفالهٔ باقی‌مانده از تهیهٔ شراب می‌توان برای مزه‌دار کردن مواد غذایی نیز استفاده کرد.,
1429,造成,zàochéng,HSK 5,动,1,引起或导致某种结果，多指不良结果（动）,باعث یا موجب نتیجه‌ای، معمولاً نامطلوب، شدن (فعل),动,فعل,造成损失（zàochéng sǔnshī）|造成伤害（zàochéng shānghài）|造成严重后果（zàochéng yánzhòng hòuguǒ）,这次事故造成了严重的经济损失。,Zhè cì shìgù zàochéng le yánzhòng de jīngjì sǔnshī.,این حادثه خسارت اقتصادی سنگینی به بار آورد.,
1430,糟糕,zāogāo,HSK 5,形,1,情况、质量、表现或感受等非常不好（口语）（形）,بسیار بد؛ افتضاح (محاوره‌ای) (صفت),形,صفت,情况很糟糕（qíngkuàng hěn zāogāo）|糟糕的结果（zāogāo de jiéguǒ）|表现得太糟糕（biǎoxiàn de tài zāogāo）,这次服务体验实在太糟糕了。,Zhè cì fúwù tǐyàn shízài tài zāogāo le.,تجربهٔ این خدمات واقعاً افتضاح بود.,
1431,早期,zǎoqī,HSK 5,名,1,某个发展过程或历史阶段中较早的一段时期（名）,دوره یا مرحلهٔ آغازین (اسم),名,اسم,项目早期（xiàngmù zǎoqī）|发展早期（fāzhǎn zǎoqī）|早期阶段（zǎoqī jiēduàn）,这个项目目前还处于早期阶段。,Zhège xiàngmù mùqián hái chǔyú zǎoqī jiēduàn.,این پروژه در حال حاضر هنوز در مرحلهٔ آغازین است.,
1432,早晚,zǎowǎn,HSK 5,名、副,1,早晨和晚上（名）,صبح و شب (اسم),名,اسم,每天早晚（měitiān zǎowǎn）|早晚温差大（zǎowǎn wēnchā dà）|早晚各一次（zǎowǎn gè yí cì）,这里早晚比较凉，出门要多穿一点。,"Zhèli zǎowǎn bǐjiào liáng, chūmén yào duō chuān yìdiǎn.",صبح‌ها و شب‌های اینجا نسبتاً خنک است؛ هنگام بیرون‌رفتن لباس گرم‌تری بپوش.,
1432,早晚,zǎowǎn,HSK 5,名、副,2,表示某件事迟早一定会发生（口语）（副）,دیر یا زود؛ بالاخره (محاوره‌ای) (قید),副,قید,早晚会明白（zǎowǎn huì míngbai）|早晚要面对（zǎowǎn yào miànduì）|早晚有一天（zǎowǎn yǒu yì tiān）,只要坚持下去，你早晚会成功。,"Zhǐyào jiānchí xiàqu, nǐ zǎowǎn huì chénggōng.",اگر ادامه بدهی، دیر یا زود موفق خواهی شد.,
1433,早已,zǎoyǐ,HSK 5,副,1,在很早以前就已经（副）,مدت‌ها پیش؛ از خیلی قبل (قید),副,قید,早已知道（zǎoyǐ zhīdào）|早已离开（zǎoyǐ líkāi）|早已习惯（zǎoyǐ xíguàn）,我早已知道这个消息，只是没有告诉你。,"Wǒ zǎoyǐ zhīdào zhège xiāoxi, zhǐshì méiyǒu gàosu nǐ.",مدت‌ها بود این خبر را می‌دانستم، اما به تو نگفته بودم.,
1434,赠,zèng,HSK 5,动,1,把物品无偿送给别人，多用于书面语（较书面）（动）,به کسی هدیه‌دادن؛ بخشیدن (نوشتاری) (فعل),动,فعل,赠给朋友（zèng gěi péngyou）|赠人玫瑰（zèng rén méigui）|以书相赠（yǐ shū xiāng zèng）,作者亲自赠给我一本签名书。,Zuòzhě qīnzì zèng gěi wǒ yì běn qiānmíng shū.,نویسنده شخصاً یک کتاب امضاشده به من هدیه داد.,
1435,增,zēng,HSK 5,动,1,添加或使数量、程度等增加，多用于较正式语境（较正式）（动）,افزودن؛ افزایش‌دادن (رسمی‌تر) (فعل),动,فعل,增派人员（zēngpài rényuán）|增设岗位（zēngshè gǎngwèi）|增一倍（zēng yí bèi）,公司决定增设两个服务岗位。,Gōngsī juédìng zēngshè liǎng ge fúwù gǎngwèi.,شرکت تصمیم گرفت دو جایگاه خدماتی دیگر ایجاد کند.,
1435,增,zēng,HSK 5,动,2,数量、程度等增加，多用于较正式语境（较正式）（动）,افزایش‌یافتن؛ بیشترشدن (رسمی‌تر) (فعل),动,فعل,增至一百人（zēng zhì yìbǎi rén）|有增无减（yǒu zēng wú jiǎn）|比去年增一倍（bǐ qùnián zēng yí bèi）,参加人数已增至一百人。,Cānjiā rénshù yǐ zēng zhì yìbǎi rén.,تعداد شرکت‌کنندگان به صد نفر افزایش یافته است.,
1436,增进,zēngjìn,HSK 5,动,1,使感情、关系、了解等进一步加深或提高（动）,شناخت، رابطه یا احساسی را تقویت و عمیق‌ترکردن (فعل),动,فعل,增进了解（zēngjìn liǎojiě）|增进友谊（zēngjìn yǒuyì）|增进相互信任（zēngjìn xiānghù xìnrèn）,面对面的交流有助于增进彼此的了解。,Miànduìmiàn de jiāoliú yǒuzhùyú zēngjìn bǐcǐ de liǎojiě.,گفت‌وگوی حضوری به شناخت بهتر دو طرف از یکدیگر کمک می‌کند.,
1437,增强,zēngqiáng,HSK 5,动,1,使力量、能力、信心、效果等变强（动）,قدرت، توانایی یا اثری را تقویت‌کردن (فعل),动,فعل,增强能力（zēngqiáng nénglì）|增强信心（zēngqiáng xìnxīn）|增强竞争力（zēngqiáng jìngzhēnglì）,新技术增强了公司的竞争力。,Xīn jìshù zēngqiáng le gōngsī de jìngzhēnglì.,فناوری جدید توان رقابتی شرکت را تقویت کرده است.,
1437,增强,zēngqiáng,HSK 5,动,2,力量、能力、信心、效果等变强（动）,قوی‌ترشدن؛ افزایش‌یافتن (فعل),动,فعل,信心明显增强（xìnxīn míngxiǎn zēngqiáng）|实力不断增强（shílì búduàn zēngqiáng）|能力逐渐增强（nénglì zhújiàn zēngqiáng）,经过训练，他的体力明显增强了。,"Jīngguò xùnliàn, tā de tǐlì míngxiǎn zēngqiáng le.",پس از تمرین، توان جسمانی او به‌وضوح بیشتر شد.,
1438,赠送,zèngsòng,HSK 5,动,1,把物品无偿送给别人或随商品免费提供（动）,هدیه‌دادن؛ چیزی را رایگان ارائه‌کردن (فعل),动,فعل,赠送礼品（zèngsòng lǐpǐn）|免费赠送（miǎnfèi zèngsòng）|赠送给顾客（zèngsòng gěi gùkè）,购买这款产品可以获赠一份小礼品。,Gòumǎi zhè kuǎn chǎnpǐn kěyǐ huòzèng yí fèn xiǎo lǐpǐn.,با خرید این محصول، هدیهٔ کوچکی نیز رایگان دریافت می‌کنید.,
1439,炸,zhà,HSK 5,动,1,物体突然爆裂或爆炸（动）,منفجرشدن؛ ترکیدن (فعل),动,فعل,气球炸了（qìqiú zhà le）|轮胎炸了（lúntāi zhà le）|突然炸开（tūrán zhàkāi）,气球突然炸了，把孩子吓了一跳。,"Qìqiú tūrán zhà le, bǎ háizi xià le yí tiào.",بادکنک ناگهان ترکید و بچه را ترساند.,
1439,炸,zhà,HSK 5,动,2,用炸药、炸弹等使物体爆破或毁坏（动）,با مواد منفجره چیزی را منفجرکردن (فعل),动,فعل,炸开大门（zhàkāi dàmén）|炸毁桥梁（zhàhuǐ qiáoliáng）|把岩石炸碎（bǎ yánshí zhàsuì）,工人们用炸药把岩石炸开了。,Gōngrénmen yòng zhàyào bǎ yánshí zhàkāi le.,کارگران سنگ را با مواد منفجره شکافتند.,
1439,炸,zhá,HSK 5,动,3,把食物放在热油中加热至熟（动）,در روغن داغ سرخ‌کردن (فعل),动,فعل,炸鸡块（zhá jīkuài）|炸鱼（zhá yú）|炸得金黄（zhá de jīnhuáng）,她正在厨房里炸鱼。,Tā zhèngzài chúfáng li zhá yú.,او در آشپزخانه در حال سرخ‌کردن ماهی است.,
1440,窄,zhǎi,HSK 5,形,1,横向距离小；宽度不足（形）,باریک؛ تنگ (صفت),形,صفت,道路很窄（dàolù hěn zhǎi）|又窄又长（yòu zhǎi yòu cháng）|门太窄（mén tài zhǎi）,这条路太窄，两辆车不能同时通过。,"Zhè tiáo lù tài zhǎi, liǎng liàng chē bù néng tóngshí tōngguò.",این جاده خیلی باریک است و دو خودرو نمی‌توانند هم‌زمان از آن عبور کنند.,
1440,窄,zhǎi,HSK 5,形,2,范围、选择、知识面等不广（比喻）（形）,محدود؛ کم‌دامنه (مجازی) (صفت),形,صفت,范围太窄（fànwéi tài zhǎi）|知识面窄（zhīshi miàn zhǎi）|选择面较窄（xuǎnzé miàn jiào zhǎi）,他的研究范围比较窄。,Tā de yánjiū fànwéi bǐjiào zhǎi.,دامنهٔ پژوهش او نسبتاً محدود است.,
1441,摘,zhāi,HSK 5,动,1,从植物上取下花、果实、叶子等（动）,گل، میوه یا برگ را از گیاه چیدن (فعل),动,فعل,摘花（zhāi huā）|摘苹果（zhāi píngguǒ）|摘下一片叶子（zhāixià yí piàn yèzi）,公园里的花不能随便摘。,Gōngyuán li de huā bù néng suíbiàn zhāi.,گل‌های پارک را نباید خودسرانه چید.,
1441,摘,zhāi,HSK 5,动,2,把戴着、挂着或装着的东西取下来（动）,چیزی را که پوشیده، آویخته یا نصب شده برداشتن (فعل),动,فعل,摘帽子（zhāi màozi）|摘眼镜（zhāi yǎnjìng）|把口罩摘下来（bǎ kǒuzhào zhāi xiàlai）,回到家后，他摘下了帽子和眼镜。,"Huídào jiā hòu, tā zhāixià le màozi hé yǎnjìng.",او پس از رسیدن به خانه کلاه و عینکش را برداشت.,
1442,占,zhàn,HSK 5,动,1,占据某个地方、时间、位置或有利条件（动）,مکان، زمان، جایگاه یا موقعیتی را اشغال‌کردن (فعل),动,فعل,占座位（zhàn zuòwèi）|占用时间（zhànyòng shíjiān）|占优势（zhàn yōushì）,这个箱子太大，占了很多地方。,"Zhège xiāngzi tài dà, zhàn le hěn duō dìfang.",این جعبه خیلی بزرگ است و فضای زیادی اشغال کرده است.,
1442,占,zhàn,HSK 5,动,2,在总数或整体中具有一定的数量或比例（动）,بخشی یا درصدی از کل را تشکیل‌دادن (فعل),动,فعل,占一半（zhàn yí bàn）|占总数的百分之十（zhàn zǒngshù de bǎifēnzhī shí）|占较大比例（zhàn jiào dà bǐlì）,女性员工占公司总人数的一半。,Nǚxìng yuángōng zhàn gōngsī zǒng rénshù de yí bàn.,کارکنان زن نیمی از کل کارکنان شرکت را تشکیل می‌دهند.,
1443,展出,zhǎnchū,HSK 5,动,1,把作品、文物、产品等公开陈列给人观看（动）,اثر، شیء یا محصولی را در معرض نمایش عموم گذاشتن (فعل),动,فعل,展出作品（zhǎnchū zuòpǐn）|公开展出（gōngkāi zhǎnchū）|在博物馆展出（zài bówùguǎn zhǎnchū）,博物馆正在展出多件珍贵文物。,Bówùguǎn zhèngzài zhǎnchū duō jiàn zhēnguì wénwù.,موزه چندین اثر تاریخی ارزشمند را به نمایش گذاشته است.,
1444,涨,zhǎng,HSK 5,动,1,水位升高（动）,بالاآمدن سطح آب (فعل),动,فعل,河水上涨（héshuǐ shàngzhǎng）|水涨了（shuǐ zhǎng le）|涨到警戒线（zhǎng dào jǐngjièxiàn）,连续下雨以后，河水涨了很多。,"Liánxù xiàyǔ yǐhòu, héshuǐ zhǎng le hěn duō.",پس از بارندگی مداوم، سطح آب رودخانه بسیار بالا آمد.,
1444,涨,zhǎng,HSK 5,动,2,价格、数量或程度等提高（动）,قیمت، مقدار یا میزان چیزی بالارفتن (فعل),动,فعل,油价涨了（yóujià zhǎng le）|工资上涨（gōngzī shàngzhǎng）|涨了百分之十（zhǎng le bǎifēnzhī shí）,最近汽油价格又涨了。,Zuìjìn qìyóu jiàgé yòu zhǎng le.,اخیراً قیمت بنزین دوباره افزایش یافته است.,
1444,涨,zhàng,HSK 5,动,3,物体吸收液体后体积增大（动）,بر اثر جذب مایع بادکردن و حجیم‌ترشدن (فعل),动,فعل,豆子泡涨了（dòuzi pào zhàng le）|木头遇水发涨（mùtou yù shuǐ fāzhàng）|涨得很大（zhàng de hěn dà）,这些豆子在水里泡了一夜，已经涨了很多。,"Zhèxiē dòuzi zài shuǐ li pào le yí yè, yǐjīng zhàng le hěn duō.",این دانه‌ها یک شب در آب مانده‌اند و بسیار حجیم شده‌اند.,
1444,涨,zhàng,HSK 5,动,4,头部发胀或脸因激动、用力等变红（动）,احساس سنگینی و تورم در سر داشتن؛ صورت از فشار یا هیجان سرخ‌شدن (فعل),动,فعل,头昏脑涨（tóuhūn nǎozhàng）|脸涨得通红（liǎn zhàng de tōnghóng）|头疼发涨（tóuténg fāzhàng）,他急得脸涨得通红。,Tā jí de liǎn zhàng de tōnghóng.,او از شدت اضطراب صورتش کاملاً سرخ شد.,
1445,账号,zhànghào,HSK 5,名,1,用于识别并登录网络、通信或其他系统账户的名称或编号（名）,نام یا شناسهٔ حساب کاربری (اسم),名,اسم,注册账号（zhùcè zhànghào）|登录账号（dēnglù zhànghào）|账号密码（zhànghào mìmǎ）,请输入你的账号和密码。,Qǐng shūrù nǐ de zhànghào hé mìmǎ.,لطفاً شناسهٔ حساب و رمز عبورتان را وارد کنید.,
1446,账户,zhànghù,HSK 5,名,1,银行、金融机构或信息系统中记录个人、单位资金或相关信息的户头（名）,حساب بانکی، مالی یا سامانه‌ای (اسم),名,اسم,银行账户（yínháng zhànghù）|开设账户（kāishè zhànghù）|转入账户（zhuǎnrù zhànghù）,这笔钱已经转入你的银行账户。,Zhè bǐ qián yǐjīng zhuǎnrù nǐ de yínháng zhànghù.,این مبلغ به حساب بانکی شما منتقل شده است.,
1447,涨价,zhǎngjià,HSK 5,动,1,商品或服务的价格提高（动）,گران‌شدن؛ افزایش‌یافتن قیمت (فعل),动,فعل,商品涨价（shāngpǐn zhǎngjià）|突然涨价（tūrán zhǎngjià）|又涨价了（yòu zhǎngjià le）,最近不少生活用品都涨价了。,Zuìjìn bù shǎo shēnghuó yòngpǐn dōu zhǎngjià le.,اخیراً قیمت بسیاری از لوازم روزمره افزایش یافته است.,
1448,掌声,zhǎngshēng,HSK 5,名,1,鼓掌时发出的声音，表示欢迎、赞成或赞赏（名）,صدای دست‌زدن؛ تشویق (اسم),名,اسم,热烈的掌声（rèliè de zhǎngshēng）|响起掌声（xiǎngqǐ zhǎngshēng）|赢得掌声（yíngdé zhǎngshēng）,演讲结束后，现场响起了热烈的掌声。,"Yǎnjiǎng jiéshù hòu, xiànchǎng xiǎngqǐ le rèliè de zhǎngshēng.",پس از پایان سخنرانی، حاضران به‌شدت تشویق کردند.,
1449,掌握,zhǎngwò,HSK 5,动,1,充分理解并能熟练运用知识、技能、方法等（动）,دانش، مهارت یا روشی را آموختن و بر آن مسلط‌شدن (فعل),动,فعل,掌握知识（zhǎngwò zhīshi）|掌握技术（zhǎngwò jìshù）|熟练掌握（shúliàn zhǎngwò）,他已经掌握了这项技术。,Tā yǐjīng zhǎngwò le zhè xiàng jìshù.,او بر این فناوری تسلط پیدا کرده است.,
1449,掌握,zhǎngwò,HSK 5,动,2,了解并控制情况、信息、权力等（动）,اطلاعات یا اوضاع را در اختیار و تحت کنترل داشتن (فعل),动,فعل,掌握情况（zhǎngwò qíngkuàng）|掌握证据（zhǎngwò zhèngjù）|掌握主动权（zhǎngwò zhǔdòngquán）,警方已经掌握了重要证据。,Jǐngfāng yǐjīng zhǎngwò le zhòngyào zhèngjù.,پلیس مدارک مهمی در اختیار دارد.,
1450,展开,zhǎnkāi,HSK 5,动,1,把卷着、折叠着或合拢的东西打开、铺开（动）,چیز پیچیده یا تاشده‌ای را باز و پهن‌کردن (فعل),动,فعل,展开地图（zhǎnkāi dìtú）|展开翅膀（zhǎnkāi chìbǎng）|把纸展开（bǎ zhǐ zhǎnkāi）,他把地图展开，放在桌子上。,"Tā bǎ dìtú zhǎnkāi, fàng zài zhuōzi shàng.",او نقشه را باز کرد و روی میز گذاشت.,
1450,展开,zhǎnkāi,HSK 5,动,2,大规模地开始并进行工作、调查、讨论、竞争等（动）,کار، بررسی، بحث یا رقابتی را آغاز و دنبال‌کردن (فعل),动,فعل,展开调查（zhǎnkāi diàochá）|展开讨论（zhǎnkāi tǎolùn）|展开竞争（zhǎnkāi jìngzhēng）,有关部门已经对此事展开调查。,Yǒuguān bùmén yǐjīng duì cǐ shì zhǎnkāi diàochá.,نهادهای مربوط بررسی این موضوع را آغاز کرده‌اند.,
1451,展览,zhǎnlǎn,HSK 5,名、动,1,公开陈列物品供人参观的活动（名）,نمایشگاه؛ نمایش عمومی آثار یا اشیا (اسم),名,اسم,举办展览 (jǔbàn zhǎnlǎn) | 参观展览 (cānguān zhǎnlǎn) | 艺术展览 (yìshù zhǎnlǎn),博物馆举办了一次艺术展览。,Bówùguǎn jǔbàn le yí cì yìshù zhǎnlǎn.,موزه یک نمایشگاه هنری برگزار کرد.,
1451,展览,zhǎnlǎn,HSK 5,名、动,2,公开陈列物品供人观看（动）,به نمایش گذاشتن؛ در معرض دید عموم قرار دادن (فعل),动,فعل,展览作品 (zhǎnlǎn zuòpǐn) | 展览文物 (zhǎnlǎn wénwù) | 公开展览 (gōngkāi zhǎnlǎn),这些作品将在博物馆展览。,Zhèxiē zuòpǐn jiāng zài bówùguǎn zhǎnlǎn.,این آثار در موزه به نمایش گذاشته خواهند شد.,
1452,展示,zhǎnshì,HSK 5,动,1,把事物、能力或成果等表现出来供人了解（动）,نشان دادن؛ به نمایش گذاشتن؛ ارائه کردن (فعل),动,فعل,展示能力 (zhǎnshì nénglì) | 展示成果 (zhǎnshì chéngguǒ) | 展示产品 (zhǎnshì chǎnpǐn),他展示了自己的专业能力。,Tā zhǎnshì le zìjǐ de zhuānyè nénglì.,او توانایی حرفه‌ای خود را نشان داد.,
1453,站台,zhàntái,HSK 5,名、动,1,车站内供乘客上下车的平台（名）,سکوی ایستگاه؛ محل سوار و پیاده شدن مسافران (اسم),名,اسم,火车站台 (huǒchē zhàntái) | 站台上 (zhàntái shàng) | 离开站台 (líkāi zhàntái),我们在站台上等火车。,Wǒmen zài zhàntái shàng děng huǒchē.,ما روی سکو منتظر قطار هستیم.,
1453,站台,zhàntái,HSK 5,名、动,2,（口语）公开出面支持某人或某事（动）,علناً از کسی یا چیزی حمایت کردن (محاوره‌ای) (فعل),动,فعل,为朋友站台 (wèi péngyou zhàntái) | 公开站台 (gōngkāi zhàntái) | 为品牌站台 (wèi pǐnpái zhàntái),不少明星来为这个品牌站台。,Bù shǎo míngxīng lái wèi zhège pǐnpái zhàntái.,چهره‌های مشهور زیادی برای حمایت از این برند آمدند.,
1454,占线,zhànxiàn,HSK 5,动,1,电话线路正在使用而无法接通（动）,اشغال بودن خط تلفن (فعل),动,فعل,电话占线 (diànhuà zhànxiàn) | 一直占线 (yìzhí zhànxiàn) | 遇到占线 (yùdào zhànxiàn),我刚才打了好几次，电话一直占线。,"Wǒ gāngcái dǎ le hǎo jǐ cì, diànhuà yìzhí zhànxiàn.",همین چند لحظه پیش چند بار تماس گرفتم، اما خط مدام اشغال بود.,
1455,展现,zhǎnxiàn,HSK 5,动,1,清楚地表现出某种特点、形象或景象（动）,نشان دادن؛ آشکار ساختن؛ نمایان شدن (فعل),动,فعل,展现实力 (zhǎnxiàn shílì) | 展现风采 (zhǎnxiàn fēngcǎi) | 展现魅力 (zhǎnxiàn mèilì),这场比赛充分展现了他的实力。,Zhè chǎng bǐsài chōngfèn zhǎnxiàn le tā de shílì.,این مسابقه توانایی او را به‌خوبی نشان داد.,
1456,召开,zhàokāi,HSK 5,动,1,召集有关人员举行会议等正式活动（动）,تشکیل دادن؛ برگزار کردن جلسه یا گردهمایی رسمی (فعل),动,فعل,召开会议 (zhàokāi huìyì) | 召开大会 (zhàokāi dàhuì) | 正式召开 (zhèngshì zhàokāi),公司决定明天召开一次会议。,Gōngsī juédìng míngtiān zhàokāi yí cì huìyì.,شرکت تصمیم گرفت فردا جلسه‌ای برگزار کند.,
1457,着凉,zháoliáng,HSK 5,动,1,身体受冷而感到不适或生病（动）,سرما خوردن؛ بر اثر سرما ناخوش شدن (فعل),动,فعل,小心着凉 (xiǎoxīn zháoliáng) | 容易着凉 (róngyì zháoliáng) | 着凉感冒 (zháoliáng gǎnmào),晚上天气冷，小心别着凉。,"Wǎnshang tiānqì lěng, xiǎoxīn bié zháoliáng.",شب هوا سرد است؛ مراقب باش سرما نخوری.,
1458,折扣,zhékòu,HSK 5,名,1,按原价减去一定比例后形成的价格优惠（名）,تخفیف؛ کاهش درصدی قیمت (اسم),名,اسم,提供折扣 (tígōng zhékòu) | 享受折扣 (xiǎngshòu zhékòu) | 很大折扣 (hěn dà zhékòu),会员购买这些商品可以享受折扣。,Huìyuán gòumǎi zhèxiē shāngpǐn kěyǐ xiǎngshòu zhékòu.,اعضا هنگام خرید این کالاها می‌توانند از تخفیف برخوردار شوند.,
1458,折扣,zhékòu,HSK 5,名,2,（比喻）原有的程度、效果或质量有所降低（名）,کاهش یافتن میزان، اثر یا کیفیت (مجازی) (اسم),名,اسم,质量打折扣 (zhìliàng dǎ zhékòu) | 效果打折扣 (xiàoguǒ dǎ zhékòu) | 执行打折扣 (zhíxíng dǎ zhékòu),如果准备不足，活动的效果就会打折扣。,"Rúguǒ zhǔnbèi bùzú, huódòng de xiàoguǒ jiù huì dǎ zhékòu.",اگر آمادگی کافی نباشد، تأثیر برنامه کاهش پیدا می‌کند.,
1459,阵,zhèn,HSK 5,量,1,用于持续时间较短的风、雨、声音、气味或感觉等（量）,واحد شمارش برای وزش، بارش، صدا، بو یا احساس کوتاه و پی‌درپی (واحد شمارش),量,واحد شمارش,一阵风 (yí zhèn fēng) | 一阵雨 (yí zhèn yǔ) | 一阵笑声 (yí zhèn xiàoshēng) | 一阵疼痛 (yí zhèn téngtòng),外面突然刮来一阵风。,Wàimiàn tūrán guā lái yí zhèn fēng.,ناگهان از بیرون تندبادی وزید.,
1460,真诚,zhēnchéng,HSK 5,形,1,态度真实诚恳，没有虚假（形）,صادق؛ صمیمی؛ بی‌ریا (صفت),形,صفت,真诚的态度 (zhēnchéng de tàidu) | 真诚待人 (zhēnchéng dàirén) | 真诚道歉 (zhēnchéng dàoqiàn),他真诚地向大家道了歉。,Tā zhēnchéng de xiàng dàjiā dào le qiàn.,او صمیمانه از همه عذرخواهی کرد.,
1461,诊断,zhěnduàn,HSK 5,动、名,1,医生根据症状和检查结果判断疾病（动）,تشخیص دادن بیماری (فعل),动,فعل,诊断疾病 (zhěnduàn jíbìng) | 诊断病情 (zhěnduàn bìngqíng) | 正确诊断 (zhèngquè zhěnduàn),医生诊断他得了肺炎。,Yīshēng zhěnduàn tā dé le fèiyán.,پزشک تشخیص داد که او به ذات‌الریه مبتلا شده است.,
1461,诊断,zhěnduàn,HSK 5,动、名,2,对疾病作出的判断结果（名）,تشخیص پزشکی؛ نتیجهٔ تشخیص (اسم),名,اسم,初步诊断 (chūbù zhěnduàn) | 明确诊断 (míngquè zhěnduàn) | 诊断结果 (zhěnduàn jiéguǒ),医生已经作出了初步诊断。,Yīshēng yǐjīng zuòchū le chūbù zhěnduàn.,پزشک تشخیص اولیه را اعلام کرده است.,
1462,针对,zhēnduì,HSK 5,动、介,1,把某人、某事或某个问题作为对象（动）,کسی یا چیزی را هدف قرار دادن؛ متوجهِ آن بودن (فعل),动,فعل,针对个人 (zhēnduì gèrén) | 针对弱点 (zhēnduì ruòdiǎn) | 针对特定群体 (zhēnduì tèdìng qúntǐ),他的批评并不是针对你。,Tā de pīpíng bìng bú shì zhēnduì nǐ.,انتقاد او متوجه تو نبود.,
1462,针对,zhēnduì,HSK 5,动、介,2,根据特定情况或问题，引出所采取的行动（介）,در رابطه با؛ برای رسیدگی به؛ با توجه به (حرف اضافه),介,حرف اضافه,针对问题 (zhēnduì wèntí) | 针对需求 (zhēnduì xūqiú) | 针对这种情况 (zhēnduì zhè zhǒng qíngkuàng),我们针对市场需求制定了新的计划。,Wǒmen zhēnduì shìchǎng xūqiú zhìdìng le xīn de jìhuà.,ما با توجه به نیاز بازار برنامهٔ جدیدی تدوین کردیم.,
1463,挣,zhèng,HSK 5,动,1,通过劳动或经营获得钱财（动）,پول درآوردن؛ درآمد کسب کردن (فعل),动,فعل,挣工资 (zhèng gōngzī) | 挣钱养家 (zhèng qián yǎngjiā) | 挣得不多 (zhèng de bù duō),他努力工作挣钱养家。,Tā nǔlì gōngzuò zhèng qián yǎngjiā.,او سخت کار می‌کند تا برای خانواده‌اش پول دربیاورد.,
1463,挣,zhèng,HSK 5,动,2,用力摆脱束缚或控制（动）,با تقلا خود را رها کردن؛ از بند چیزی بیرون آمدن (فعل),动,فعل,挣开双手 (zhèngkāi shuāngshǒu) | 挣脱控制 (zhèngtuō kòngzhì) | 挣出怀抱 (zhèngchū huáibào),孩子挣开妈妈的手跑了出去。,Háizi zhèngkāi māma de shǒu pǎo le chūqu.,کودک دستش را از دست مادرش بیرون کشید و دوید بیرون.,
1464,争,zhēng,HSK 5,动,1,为了得到某物或取得优势而互相竞争（动）,رقابت کردن؛ برای به دست آوردن چیزی با دیگران درافتادن (فعل),动,فعل,争第一 (zhēng dì-yī) | 争名额 (zhēng míng'é) | 争个高低 (zhēng ge gāodī),几支队伍都在争第一。,Jǐ zhī duìwu dōu zài zhēng dì-yī.,چند تیم برای مقام اول رقابت می‌کنند.,
1464,争,zhēng,HSK 5,动,2,因意见不同而争辩或争吵（动）,بحث و جر‌وبحث کردن؛ دعوا کردن (فعل),动,فعل,争个不停 (zhēng ge bù tíng) | 不要再争 (búyào zài zhēng) | 为小事争 (wèi xiǎoshì zhēng),别为这点小事争了。,Bié wèi zhè diǎn xiǎoshì zhēng le.,سر این موضوع کوچک جر‌وبحث نکنید.,
1465,政府,zhèngfǔ,HSK 5,名,1,依法管理国家或地区公共事务的行政机关（名）,دولت؛ دستگاه اجرایی کشور یا منطقه (اسم),名,اسم,中央政府 (zhōngyāng zhèngfǔ) | 地方政府 (dìfāng zhèngfǔ) | 政府部门 (zhèngfǔ bùmén),政府正在制定新的经济政策。,Zhèngfǔ zhèngzài zhìdìng xīn de jīngjì zhèngcè.,دولت در حال تدوین سیاست اقتصادی جدیدی است.,
1466,证据,zhèngjù,HSK 5,名,1,能够证明事实真相的材料或根据（名）,مدرک؛ شواهد؛ دلیل اثبات‌کننده (اسم),名,اسم,提供证据 (tígōng zhèngjù) | 收集证据 (shōují zhèngjù) | 有力证据 (yǒulì zhèngjù),警方找到了重要证据。,Jǐngfāng zhǎodào le zhòngyào zhèngjù.,پلیس شواهد مهمی پیدا کرد.,
1467,整齐,zhěngqí,HSK 5,形,1,排列有次序，外表干净利落而不杂乱（形）,مرتب؛ منظم؛ آراسته (صفت),形,صفت,排列整齐 (páiliè zhěngqí) | 穿戴整齐 (chuāndài zhěngqí) | 收拾整齐 (shōushi zhěngqí),书架上的书摆得很整齐。,Shūjià shàng de shū bǎi de hěn zhěngqí.,کتاب‌های روی قفسه بسیار مرتب چیده شده‌اند.,
1468,争取,zhēngqǔ,HSK 5,动,1,努力获得或实现有利的事物或目标（动）,برای به دست آوردن یا تحقق چیزی تلاش کردن (فعل),动,فعل,争取机会 (zhēngqǔ jīhuì) | 争取时间 (zhēngqǔ shíjiān) | 争取成功 (zhēngqǔ chénggōng),我们要争取按时完成任务。,Wǒmen yào zhēngqǔ ànshí wánchéng rènwu.,باید تلاش کنیم کار را به‌موقع به پایان برسانیم.,
1468,争取,zhēngqǔ,HSK 5,动,2,努力使某人支持自己或加入自己一方（动）,برای جلب حمایت یا همراهی کسی تلاش کردن (فعل),动,فعل,争取支持 (zhēngqǔ zhīchí) | 争取选民 (zhēngqǔ xuǎnmín) | 争取更多人参加 (zhēngqǔ gèng duō rén cānjiā),我们需要争取更多人的支持。,Wǒmen xūyào zhēngqǔ gèng duō rén de zhīchí.,باید حمایت افراد بیشتری را جلب کنیم.,
1469,正如,zhèngrú,HSK 5,动,1,（书面）正像某人所说或某种情况所表明的那样（动）,درست همان‌طور که؛ چنان‌که (نوشتاری) (فعل),动,فعل,正如所说 (zhèngrú suǒ shuō) | 正如预料的那样 (zhèngrú yùliào de nàyàng) | 正如大家看到的 (zhèngrú dàjiā kàndào de),正如你所说，这个问题很复杂。,"Zhèngrú nǐ suǒ shuō, zhège wèntí hěn fùzá.",درست همان‌طور که گفتی، این مسئله پیچیده است.,
1470,证书,zhèngshū,HSK 5,名,1,证明资格、身份、成绩或某种事实的正式文件（名）,گواهی‌نامه؛ مدرک رسمی (اسم),名,اسم,毕业证书 (bìyè zhèngshū) | 资格证书 (zīgé zhèngshū) | 获得证书 (huòdé zhèngshū),他获得了专业技能证书。,Tā huòdé le zhuānyè jìnéng zhèngshū.,او گواهی‌نامهٔ مهارت حرفه‌ای دریافت کرد.,
1481,止,zhǐ,HSK 5,动,1,（较正式）停止；不再继续（动）,متوقف شدن؛ پایان یافتن (رسمی‌تر) (فعل),动,فعل,疼痛不止 (téngtòng bù zhǐ) | 到此为止 (dào cǐ wéi zhǐ) | 适可而止 (shì kě ér zhǐ),雨下个不停，直到半夜才止。,"Yǔ xià ge bù tíng, zhídào bànyè cái zhǐ.",باران بی‌وقفه می‌بارید و تازه نیمه‌شب بند آمد.,
1481,止,zhǐ,HSK 5,动,2,（较正式）使某种动作、状态或症状停止（动）,متوقف کردن؛ بند آوردن (رسمی‌تر) (فعل),动,فعل,止疼 (zhǐ téng) | 止血 (zhǐ xuè) | 止咳 (zhǐ ké),这种药可以止疼。,Zhè zhǒng yào kěyǐ zhǐ téng.,این دارو می‌تواند درد را تسکین دهد.,
1481,止,zhǐ,HSK 5,动,3,（较正式）使某种动作、状态或症状停止（动）,متوقف کردن؛ بند آوردن؛ تسکین دادن (رسمی‌تر) (فعل),动,فعل,止疼 (zhǐ téng) | 止血 (zhǐ xuè) | 止咳 (zhǐ ké),这种药可以止疼。,Zhè zhǒng yào kěyǐ zhǐ téng.,این دارو می‌تواند درد را تسکین دهد.,
1482,支,zhī,HSK 5,动、量,1,撑住或架起物体（动）,تکیه دادن؛ نگه داشتن؛ برپا کردن (فعل),动,فعل,支帐篷 (zhī zhàngpeng) | 支起架子 (zhīqǐ jiàzi) | 用手支着头 (yòng shǒu zhīzhe tóu),他用手支着头想事情。,Tā yòng shǒu zhīzhe tóu xiǎng shìqing.,او سرش را با دست نگه داشته بود و فکر می‌کرد.,
1482,支,zhī,HSK 5,动、量,2,用于笔、枪、箭、蜡烛等细长的物品（量）,واحد شمارش برای اشیای باریک و بلند مانند قلم، تفنگ و شمع (واحد شمارش),量,واحد شمارش,一支笔 (yì zhī bǐ) | 一支枪 (yì zhī qiāng) | 一支蜡烛 (yì zhī làzhú),我买了一支新钢笔。,Wǒ mǎi le yì zhī xīn gāngbǐ.,من یک خودنویس نو خریدم.,
1482,支,zhī,HSK 5,动、量,3,用于歌曲、乐曲或队伍等（量）,واحد شمارش برای ترانه، قطعهٔ موسیقی یا گروه (واحد شمارش),量,واحد شمارش,一支歌 (yì zhī gē) | 一支乐曲 (yì zhī yuèqǔ) | 一支队伍 (yì zhī duìwu),他们组成了一支年轻的团队。,Tāmen zǔchéng le yì zhī niánqīng de tuánduì.,آن‌ها یک تیم جوان تشکیل دادند.,
1483,直播,zhíbō,HSK 5,动、名,1,通过电视、广播或网络实时播出节目或现场内容（动）,به‌صورت زنده پخش کردن (فعل),动,فعل,直播比赛 (zhíbō bǐsài) | 直播演出 (zhíbō yǎnchū) | 在线直播 (zàixiàn zhíbō),电视台将直播这场比赛。,Diànshìtái jiāng zhíbō zhè chǎng bǐsài.,شبکهٔ تلویزیونی این مسابقه را زنده پخش خواهد کرد.,
1483,直播,zhíbō,HSK 5,动、名,2,实时播出的节目、内容或活动（名）,پخش زنده؛ برنامهٔ زنده (اسم),名,اسم,观看直播 (guānkàn zhíbō) | 网络直播 (wǎngluò zhíbō) | 直播平台 (zhíbō píngtái),很多公司利用直播销售产品。,Hěn duō gōngsī lìyòng zhíbō xiāoshòu chǎnpǐn.,شرکت‌های زیادی برای فروش محصولات از پخش زنده استفاده می‌کنند.,
1484,职场,zhíchǎng,HSK 5,名,1,工作以及职业活动所涉及的环境和领域（名）,محیط کار؛ دنیای حرفه‌ای (اسم),名,اسم,职场经验 (zhíchǎng jīngyàn) | 职场竞争 (zhíchǎng jìngzhēng) | 进入职场 (jìnrù zhíchǎng),年轻人需要积累更多职场经验。,Niánqīngrén xūyào jīlěi gèng duō zhíchǎng jīngyàn.,جوانان باید تجربهٔ کاری بیشتری کسب کنند.,
1485,指导,zhǐdǎo,HSK 5,动、名,1,指明方向、原则或方法，帮助别人开展工作或学习（动）,راهنمایی کردن؛ هدایت کردن (فعل),动,فعل,指导学生 (zhǐdǎo xuésheng) | 指导工作 (zhǐdǎo gōngzuò) | 具体指导 (jùtǐ zhǐdǎo),老师指导学生完成研究项目。,Lǎoshī zhǐdǎo xuésheng wánchéng yánjiū xiàngmù.,استاد دانشجویان را برای تکمیل پروژهٔ پژوهشی راهنمایی کرد.,
1485,指导,zhǐdǎo,HSK 5,动、名,2,在方向、原则或方法上给予的帮助（名）,راهنمایی؛ هدایت (اسم),名,اسم,技术指导 (jìshù zhǐdǎo) | 专业指导 (zhuānyè zhǐdǎo) | 接受指导 (jiēshòu zhǐdǎo),这项工作是在专家的指导下完成的。,Zhè xiàng gōngzuò shì zài zhuānjiā de zhǐdǎo xià wánchéng de.,این کار با راهنمایی متخصصان انجام شده است.,
1486,制订,zhìdìng,HSK 5,动,1,经过研究和商议拟定计划、方案等（动）,تنظیم و تدوین کردن برنامه یا طرح (فعل),动,فعل,制订计划 (zhìdìng jìhuà) | 制订方案 (zhìdìng fāng'àn) | 制订发展目标 (zhìdìng fāzhǎn mùbiāo),公司正在制订新的发展计划。,Gōngsī zhèngzài zhìdìng xīn de fāzhǎn jìhuà.,شرکت در حال تدوین برنامهٔ توسعهٔ جدیدی است.,
1487,制定,zhìdìng,HSK 5,动,1,经过一定程序确定法律、政策、制度或标准等（动）,وضع یا تدوین کردن قانون، سیاست، مقررات یا استاندارد (فعل),动,فعل,制定政策 (zhìdìng zhèngcè) | 制定标准 (zhìdìng biāozhǔn) | 制定法律 (zhìdìng fǎlǜ),政府制定了新的行业标准。,Zhèngfǔ zhìdìng le xīn de hángyè biāozhǔn.,دولت استانداردهای جدیدی برای این صنعت تدوین کرد.,
1488,制度,zhìdù,HSK 5,名,1,在一定社会或组织中形成的根本规则和组织体系（名）,نظام؛ ساختار سازمان‌یافتهٔ اجتماعی یا اداری (اسم),名,اسم,社会制度 (shèhuì zhìdù) | 法律制度 (fǎlǜ zhìdù) | 教育制度 (jiàoyù zhìdù),不同国家的教育制度有所不同。,Bùtóng guójiā de jiàoyù zhìdù yǒusuǒ bùtóng.,نظام آموزشی کشورها با یکدیگر تفاوت دارد.,
1488,制度,zhìdù,HSK 5,名,2,要求有关人员共同遵守的办事规则（名）,مقررات؛ آیین‌نامه؛ روال رسمی (اسم),名,اسم,管理制度 (guǎnlǐ zhìdù) | 考勤制度 (kǎoqín zhìdù) | 建立制度 (jiànlì zhìdù),企业需要建立完善的管理制度。,Qǐyè xūyào jiànlì wánshàn de guǎnlǐ zhìdù.,شرکت‌ها باید مقررات مدیریتی جامعی برقرار کنند.,
1489,职工,zhígōng,HSK 5,名,1,（较正式）在企业、机关或事业单位工作的人员，多用于集体称呼（名）,کارکنان یک مؤسسه یا سازمان (رسمی‌تر) (اسم),名,اسم,全体职工 (quántǐ zhígōng) | 职工福利 (zhígōng fúlì) | 职工培训 (zhígōng péixùn),公司为职工提供了培训机会。,Gōngsī wèi zhígōng tígōng le péixùn jīhuì.,شرکت برای کارکنان فرصت آموزشی فراهم کرد.,
1490,智慧,zhìhuì,HSK 5,名、形,1,辨别、判断、理解和解决问题的能力（名）,خرد؛ دانایی؛ قدرت تشخیص (اسم),名,اسم,充满智慧 (chōngmǎn zhìhuì) | 人类智慧 (rénlèi zhìhuì) | 智慧的结晶 (zhìhuì de jiéjīng),解决这个问题需要经验和智慧。,Jiějué zhège wèntí xūyào jīngyàn hé zhìhuì.,حل این مشکل به تجربه و خرد نیاز دارد.,
1490,智慧,zhìhuì,HSK 5,名、形,2,利用信息技术实现智能化管理或服务的（形）,هوشمند؛ مبتنی بر فناوری‌های هوشمند (صفت),形,صفت,智慧城市 (zhìhuì chéngshì) | 智慧医疗 (zhìhuì yīliáo) | 智慧交通 (zhìhuì jiāotōng),智慧城市的发展需要先进技术的支持。,Zhìhuì chéngshì de fāzhǎn xūyào xiānjìn jìshù de zhīchí.,توسعهٔ شهر هوشمند به پشتیبانی فناوری پیشرفته نیاز دارد.,
1491,至今,zhìjīn,HSK 5,副,1,从过去某个时候一直到现在（副）,تاکنون؛ تا امروز؛ تا این لحظه (قید),副,قید,至今仍然 (zhìjīn réngrán) | 至今未变 (zhìjīn wèi biàn) | 至今没有消息 (zhìjīn méiyǒu xiāoxi),这个传统至今仍然保留着。,Zhège chuántǒng zhìjīn réngrán bǎoliúzhe.,این سنت تا امروز همچنان حفظ شده است.,
1492,治疗,zhìliáo,HSK 5,动,1,用药物、手术等方法消除疾病或减轻伤痛（动）,درمان کردن؛ معالجه کردن (فعل),动,فعل,治疗疾病 (zhìliáo jíbìng) | 接受治疗 (jiēshòu zhìliáo) | 治疗效果 (zhìliáo xiàoguǒ),这种疾病需要及时治疗。,Zhè zhǒng jíbìng xūyào jíshí zhìliáo.,این بیماری باید به‌موقع درمان شود.,
1493,知名,zhīmíng,HSK 5,形,1,有名并被很多人知道的（形）,مشهور؛ شناخته‌شده؛ نام‌آشنا (صفت),形,صفت,知名企业 (zhīmíng qǐyè) | 知名品牌 (zhīmíng pǐnpái) | 知名专家 (zhīmíng zhuānjiā),这家公司是国际知名的汽车制造商。,Zhè jiā gōngsī shì guójì zhīmíng de qìchē zhìzàoshāng.,این شرکت خودروسازی مشهور در سطح بین‌المللی است.,
1494,智能,zhìnéng,HSK 5,名、形,1,认识、理解、判断和解决问题的能力（名）,هوش؛ توانایی درک و حل مسئله (اسم),名,اسم,发展智能 (fāzhǎn zhìnéng) | 人类智能 (rénlèi zhìnéng) | 智能水平 (zhìnéng shuǐpíng),这种动物具有较高的智能。,Zhè zhǒng dòngwù jùyǒu jiào gāo de zhìnéng.,این جانور از هوش نسبتاً بالایی برخوردار است.,
1494,智能,zhìnéng,HSK 5,名、形,2,能够自动分析信息、作出判断或完成任务的（形）,هوشمند؛ دارای قابلیت پردازش و تصمیم‌گیری خودکار (صفت),形,صفت,智能设备 (zhìnéng shèbèi) | 智能系统 (zhìnéng xìtǒng) | 智能汽车 (zhìnéng qìchē),越来越多的家庭开始使用智能设备。,Yuèláiyuè duō de jiātíng kāishǐ shǐyòng zhìnéng shèbèi.,خانواده‌های بیشتری به استفاده از دستگاه‌های هوشمند روی آورده‌اند.,
1495,执行,zhíxíng,HSK 5,动,1,按照命令、计划、政策或规定采取实际行动，也指完成任务或公务（动）,اجرا کردن؛ انجام دادن (فعل),动,فعل,执行计划 (zhíxíng jìhuà) | 执行命令 (zhíxíng mìnglìng) | 执行任务 (zhíxíng rènwu),双方必须严格执行合同中的规定。,Shuāngfāng bìxū yángé zhíxíng hétóng zhōng de guīdìng.,دو طرف باید مفاد قرارداد را دقیقاً اجرا کنند.,
1495,执行,zhíxíng,HSK 5,动,2,（法律）使已经生效的判决、裁定或刑罚得到实施（动）,حکم، رأی یا مجازات قضایی را به اجرا گذاشتن (فعل، حقوق),动,فعل، حقوق,执行判决 (zhíxíng pànjué) | 强制执行 (qiángzhì zhíxíng) | 执行死刑 (zhíxíng sǐxíng),法院将依法执行已经生效的判决。,Fǎyuàn jiāng yīfǎ zhíxíng yǐjīng shēngxiào de pànjué.,دادگاه حکم قطعی‌شده را طبق قانون به اجرا خواهد گذاشت.,
1495,执行,zhíxíng,HSK 5,动,3,按照命令、计划、规定或合同等实际去做（动）,اجرا کردن؛ به اجرا درآوردن (فعل),动,فعل,执行计划 (zhíxíng jìhuà) | 执行命令 (zhíxíng mìnglìng) | 执行合同 (zhíxíng hétóng),双方必须严格执行合同中的规定。,Shuāngfāng bìxū yángé zhíxíng hétóng zhōng de guīdìng.,دو طرف باید مفاد قرارداد را دقیقاً اجرا کنند.,
1495,执行,zhíxíng,HSK 5,动,4,承担并完成任务或公务（动）,انجام دادن مأموریت یا وظیفه (فعل),动,فعل,执行任务 (zhíxíng rènwu) | 执行公务 (zhíxíng gōngwù) | 执行飞行任务 (zhíxíng fēixíng rènwu),他们正在执行一项重要任务。,Tāmen zhèngzài zhíxíng yí xiàng zhòngyào rènwu.,آن‌ها در حال انجام مأموریتی مهم هستند.,
1495,执行,zhíxíng,HSK 5,动,5,（法律）使判决或裁定的内容得到实施（动）,حکم یا رأی قضایی را اجرا کردن (حقوقی) (فعل),动,فعل,执行判决 (zhíxíng pànjué) | 强制执行 (qiángzhì zhíxíng) | 暂停执行 (zàntíng zhíxíng),法院决定强制执行这项判决。,Fǎyuàn juédìng qiángzhì zhíxíng zhè xiàng pànjué.,دادگاه تصمیم گرفت این حکم را به‌اجبار اجرا کند.,
1496,志愿者,zhìyuànzhě,HSK 5,名,1,自愿无偿或以公益为目的提供服务的人（名）,داوطلب؛ فردی که داوطلبانه خدمت می‌کند (اسم),名,اسم,招募志愿者 (zhāomù zhìyuànzhě) | 青年志愿者 (qīngnián zhìyuànzhě) | 成为志愿者 (chéngwéi zhìyuànzhě),许多志愿者参加了这次公益活动。,Xǔduō zhìyuànzhě cānjiā le zhè cì gōngyì huódòng.,داوطلبان زیادی در این فعالیت عام‌المنفعه شرکت کردند.,
1497,制造,zhìzào,HSK 5,动,1,使用原材料、设备或技术生产物品（动）,ساختن؛ تولید صنعتی کردن (فعل),动,فعل,制造汽车 (zhìzào qìchē) | 制造设备 (zhìzào shèbèi) | 制造零件 (zhìzào língjiàn),这家工厂主要制造汽车零件。,Zhè jiā gōngchǎng zhǔyào zhìzào qìchē língjiàn.,این کارخانه عمدتاً قطعات خودرو تولید می‌کند.,
1497,制造,zhìzào,HSK 5,动,2,人为地造成某种不良情况或虚假事物（动）,عمداً ایجاد یا جعل کردن چیزی نامطلوب یا دروغین (فعل),动,فعل,制造麻烦 (zhìzào máfan) | 制造谣言 (zhìzào yáoyán) | 制造混乱 (zhìzào hùnluàn),不要故意制造麻烦。,Búyào gùyì zhìzào máfan.,عمداً دردسر درست نکن.,
1498,制作,zhìzuò,HSK 5,动,1,用材料加工或配制成某种物品或食品（动）,ساختن؛ تهیه کردن (فعل),动,فعل,制作家具 (zhìzuò jiājù) | 制作模型 (zhìzuò móxíng) | 制作蛋糕 (zhìzuò dàngāo),她正在学习制作蛋糕。,Tā zhèngzài xuéxí zhìzuò dàngāo.,او در حال یادگیری تهیهٔ کیک است.,
1498,制作,zhìzuò,HSK 5,动,2,创作并完成影视、音频、网页等作品（动）,تولید و آماده‌سازی کردن اثر یا محتوای رسانه‌ای (فعل),动,فعل,制作视频 (zhìzuò shìpín) | 制作节目 (zhìzuò jiémù) | 制作宣传片 (zhìzuò xuānchuánpiàn),他们正在制作新的产品宣传片。,Tāmen zhèngzài zhìzuò xīn de chǎnpǐn xuānchuánpiàn.,آن‌ها در حال ساخت ویدئوی تبلیغاتی جدیدی برای محصول هستند.,
1499,重大,zhòngdà,HSK 5,形,1,（较正式）非常重要并且影响很大（形）,بسیار مهم؛ عمده؛ دارای تأثیر گسترده (رسمی‌تر) (صفت),形,صفت,重大意义 (zhòngdà yìyì) | 重大决定 (zhòngdà juédìng) | 重大变化 (zhòngdà biànhuà),这项研究取得了重大进展。,Zhè xiàng yánjiū qǔdé le zhòngdà jìnzhǎn.,این پژوهش پیشرفت چشمگیری داشته است.,
1499,重大,zhòngdà,HSK 5,形,2,（较正式）情况严重，可能造成很大影响或损失（形）,جدی؛ وخیم؛ سنگین (رسمی‌تر) (صفت),形,صفت,重大事故 (zhòngdà shìgù) | 重大损失 (zhòngdà sǔnshī) | 重大风险 (zhòngdà fēngxiǎn),这次事故造成了重大损失。,Zhè cì shìgù zàochéng le zhòngdà sǔnshī.,این حادثه خسارت سنگینی به بار آورد.,
1500,众多,zhòngduō,HSK 5,形,1,（较正式）数量很多的（形）,بسیار؛ پرشمار؛ فراوان (رسمی‌تر) (صفت),形,صفت,众多客户 (zhòngduō kèhù) | 众多企业 (zhòngduō qǐyè) | 众多游客 (zhòngduō yóukè),该品牌吸引了众多消费者。,Gāi pǐnpái xīyǐn le zhòngduō xiāofèizhě.,این برند مصرف‌کنندگان بسیاری را جذب کرده است.,
1500,众多,zhòngduō,HSK 5,形,2,（较正式）数量很多的（形）,پرشمار؛ فراوان؛ بسیار زیاد (رسمی‌تر) (صفت),形,صفت,众多客户 (zhòngduō kèhù) | 众多企业 (zhòngduō qǐyè) | 众多游客 (zhòngduō yóukè),该品牌吸引了众多消费者。,Gāi pǐnpái xīyǐn le zhòngduō xiāofèizhě.,این برند مصرف‌کنندگان بسیاری را جذب کرده است.,
1501,中华,zhōnghuá,HSK 5,名,1,（正式）中国、中国民族或中国文明的统称（名）,چین؛ ملت یا تمدن چین (رسمی) (اسم),名,اسم,中华文化 (Zhōnghuá wénhuà) | 中华文明 (Zhōnghuá wénmíng) | 振兴中华 (zhènxīng Zhōnghuá),中华文化有着悠久的历史。,Zhōnghuá wénhuà yǒuzhe yōujiǔ de lìshǐ.,فرهنگ چین تاریخی دیرینه دارد.,
1502,中华民族,zhōnghuá mínzú,HSK 5,名,1,（正式）由中国各民族共同构成的民族共同体（名）,ملت چین؛ جامعهٔ متشکل از اقوام چین (رسمی) (اسم),名,اسم,中华民族精神 (Zhōnghuá mínzú jīngshén) | 中华民族共同体 (Zhōnghuá mínzú gòngtóngtǐ) | 中华民族历史 (Zhōnghuá mínzú lìshǐ),中华民族有着悠久的历史。,Zhōnghuá mínzú yǒuzhe yōujiǔ de lìshǐ.,ملت چین تاریخی دیرینه دارد.,
1503,中级,zhōngjí,HSK 5,名、形,1,介于初级和高级之间的等级（名）,سطح متوسط؛ مرحلهٔ میانی (اسم),名,اسم,达到中级 (dádào zhōngjí) | 汉语中级 (Hànyǔ zhōngjí) | 从中级开始 (cóng zhōngjí kāishǐ),学完这本书，你就能达到中级。,"Xuéwán zhè běn shū, nǐ jiù néng dádào zhōngjí.",با تمام کردن این کتاب می‌توانی به سطح متوسط برسی.,
1503,中级,zhōngjí,HSK 5,名、形,2,等级介于初级和高级之间的（形）,متوسط؛ میان‌رده (صفت),形,صفت,中级课程 (zhōngjí kèchéng) | 中级水平 (zhōngjí shuǐpíng) | 中级职称 (zhōngjí zhíchēng),他正在学习中级汉语课程。,Tā zhèngzài xuéxí zhōngjí Hànyǔ kèchéng.,او در حال گذراندن دورهٔ متوسط زبان چینی است.,
1504,中介,zhōngjiè,HSK 5,名,1,在双方之间提供联系、介绍或交易服务的人或机构（名）,واسطه؛ کارگزار؛ بنگاه واسطه‌گری (اسم),名,اسم,房产中介 (fángchǎn zhōngjiè) | 找中介 (zhǎo zhōngjiè) | 通过中介 (tōngguò zhōngjiè),他通过中介找到了一套合适的房子。,Tā tōngguò zhōngjiè zhǎodào le yí tào héshì de fángzi.,او از طریق یک بنگاه، خانهٔ مناسبی پیدا کرد.,
1504,中介,zhōngjiè,HSK 5,名,2,在不同的人、事物或环节之间起联系或传递作用的事物（名）,واسطه؛ عامل ارتباط یا انتقال (اسم),名,اسم,作为中介 (zuòwéi zhōngjiè) | 以语言为中介 (yǐ yǔyán wéi zhōngjiè) | 重要的中介 (zhòngyào de zhōngjiè),语言是人与人交流的重要中介。,Yǔyán shì rén yǔ rén jiāoliú de zhòngyào zhōngjiè.,زبان یکی از واسطه‌های مهم ارتباط میان انسان‌هاست.,
1504,中介,zhōngjiè,HSK 5,名,3,在双方之间提供联系、介绍或交易服务的人或机构（名）,واسطه؛ دلال؛ مؤسسهٔ واسطه (اسم),名,اسم,房产中介 (fángchǎn zhōngjiè) | 找中介 (zhǎo zhōngjiè) | 通过中介 (tōngguò zhōngjiè),他通过中介找到了一套合适的房子。,Tā tōngguò zhōngjiè zhǎodào le yí tào héshì de fángzi.,او از طریق یک بنگاه خانهٔ مناسبی پیدا کرد.,
1504,中介,zhōngjiè,HSK 5,名,4,在不同事物之间起联系或传递作用的事物（名）,واسطه؛ عامل ارتباط یا انتقال (اسم),名,اسم,中介作用 (zhōngjiè zuòyòng) | 中介环节 (zhōngjiè huánjié) | 作为中介 (zuòwéi zhōngjiè),语言是人与人交流的重要中介。,Yǔyán shì rén yǔ rén jiāoliú de zhòngyào zhōngjiè.,زبان واسطه‌ای مهم برای ارتباط میان انسان‌هاست.,
1505,种类,zhǒnglèi,HSK 5,名,1,根据性质或特点划分出的类别（名）,نوع؛ گونه؛ دسته (اسم),名,اسم,种类繁多 (zhǒnglèi fánduō) | 产品种类 (chǎnpǐn zhǒnglèi) | 增加种类 (zēngjiā zhǒnglèi),市场上的新能源汽车种类很多。,Shìchǎng shàng de xīn néngyuán qìchē zhǒnglèi hěn duō.,خودروهای انرژی نو در بازار انواع زیادی دارند.,
1506,重量,zhòngliàng,HSK 5,名,1,物体轻重的程度（名）,وزن؛ میزان سنگینی (اسم),名,اسم,总重量 (zǒng zhòngliàng) | 减轻重量 (jiǎnqīng zhòngliàng) | 重量限制 (zhòngliàng xiànzhì),这个箱子的重量不能超过二十公斤。,Zhège xiāngzi de zhòngliàng bù néng chāoguò èrshí gōngjīn.,وزن این چمدان نباید از بیست کیلوگرم بیشتر باشد.,
1507,中期,zhōngqī,HSK 5,名、形,1,某一过程或时期的中间阶段（名）,دورهٔ میانی؛ مرحلهٔ میانی (اسم),名,اسم,比赛中期 (bǐsài zhōngqī) | 怀孕中期 (huáiyùn zhōngqī) | 项目中期 (xiàngmù zhōngqī),项目进入中期后，进展明显加快了。,"Xiàngmù jìnrù zhōngqī hòu, jìnzhǎn míngxiǎn jiākuài le.",پس از ورود پروژه به مرحلهٔ میانی، روند پیشرفت آن آشکارا سریع‌تر شد.,
1507,中期,zhōngqī,HSK 5,名、形,2,涉及一段中等长度时期的（形）,میان‌مدت (صفت),形,صفت,中期计划 (zhōngqī jìhuà) | 中期目标 (zhōngqī mùbiāo) | 中期预测 (zhōngqī yùcè),公司已经制订了未来三年的中期计划。,Gōngsī yǐjīng zhìdìng le wèilái sān nián de zhōngqī jìhuà.,شرکت برنامهٔ میان‌مدت سه سال آینده را تدوین کرده است.,
1508,中外,zhōngwài,HSK 5,名,1,（较正式）中国和外国；中国国内和国外（名）,چین و کشورهای خارجی؛ داخل و خارج چین (رسمی‌تر) (اسم),名,اسم,中外合作 (Zhōngwài hézuò) | 中外游客 (Zhōngwài yóukè) | 驰名中外 (chímíng Zhōngwài),这次展览吸引了许多中外游客。,Zhè cì zhǎnlǎn xīyǐn le xǔduō Zhōngwài yóukè.,این نمایشگاه گردشگران زیادی از چین و کشورهای دیگر جذب کرد.,
1509,中心,zhōngxīn,HSK 5,名,1,与四周距离大致相等的位置；中央（名）,مرکز؛ نقطهٔ میانی (اسم),名,اسم,市中心 (shì zhōngxīn) | 广场中心 (guǎngchǎng zhōngxīn) | 位于中心 (wèiyú zhōngxīn),广场中心有一座喷泉。,Guǎngchǎng zhōngxīn yǒu yí zuò pēnquán.,در مرکز میدان یک فواره قرار دارد.,
1509,中心,zhōngxīn,HSK 5,名,2,事物最重要、最核心的部分或方面（名）,هسته؛ کانون؛ بخش اصلی (اسم),名,اسم,经济中心 (jīngjì zhōngxīn) | 工作中心 (gōngzuò zhōngxīn) | 成为中心 (chéngwéi zhōngxīn),上海是中国重要的经济中心之一。,Shànghǎi shì Zhōngguó zhòngyào de jīngjì zhōngxīn zhī yī.,شانگهای یکی از مراکز مهم اقتصادی چین است.,
1509,中心,zhōngxīn,HSK 5,名,3,集中开展某种工作或提供某种服务的机构或场所（名）,مرکز خدماتی یا تخصصی؛ مؤسسهٔ مرکزی (اسم),名,اسم,研究中心 (yánjiū zhōngxīn) | 服务中心 (fúwù zhōngxīn) | 培训中心 (péixùn zhōngxīn),你可以去服务中心办理手续。,Nǐ kěyǐ qù fúwù zhōngxīn bànlǐ shǒuxù.,می‌توانی برای انجام مراحل اداری به مرکز خدمات مراجعه کنی.,
1510,中药,zhōngyào,HSK 5,名,1,中医使用的药物，包括植物、动物和矿物等来源的药材及其制剂（名）,داروی طب سنتی چین (اسم),名,اسم,服用中药 (fúyòng zhōngyào) | 中药配方 (zhōngyào pèifāng) | 中药疗法 (zhōngyào liáofǎ),医生建议他服用一段时间的中药。,Yīshēng jiànyì tā fúyòng yí duàn shíjiān de zhōngyào.,پزشک به او توصیه کرد مدتی داروی طب سنتی چین مصرف کند.,
1471,整体,zhěngtǐ,HSK 5,名、形,1,由各个部分组成的全部（名）,کل؛ مجموعهٔ یکپارچه (اسم),名,اسم,形成整体 (xíngchéng zhěngtǐ) | 看作整体 (kànzuò zhěngtǐ) | 整体与部分 (zhěngtǐ yǔ bùfen),这些部分共同构成了一个整体。,Zhèxiē bùfen gòngtóng gòuchéng le yí ge zhěngtǐ.,این بخش‌ها در کنار هم یک کل را تشکیل می‌دهند.,
1471,整体,zhěngtǐ,HSK 5,名、形,2,涉及全部而不是某一部分的（形）,کلی؛ مربوط به تمام اجزا (صفت),形,صفت,整体结构 (zhěngtǐ jiégòu) | 整体规划 (zhěngtǐ guīhuà) | 整体水平 (zhěngtǐ shuǐpíng),这个方案的整体效果不错。,Zhège fāng'àn de zhěngtǐ xiàoguǒ búcuò.,تأثیر کلی این طرح خوب است.,
1472,珍贵,zhēnguì,HSK 5,形,1,价值很高或十分难得，值得珍惜（形）,ارزشمند؛ گران‌بها؛ کمیاب (صفت),形,صفت,珍贵资料 (zhēnguì zīliào) | 珍贵文物 (zhēnguì wénwù) | 珍贵经验 (zhēnguì jīngyàn),这是一份非常珍贵的历史资料。,Zhè shì yí fèn fēicháng zhēnguì de lìshǐ zīliào.,این سند تاریخی بسیار ارزشمند است.,
1473,整整,zhěngzhěng,HSK 5,副,1,强调数量或时间达到完整的数目（副）,تمامِ؛ به‌مدت کاملِ (قید),副,قید,整整一年 (zhěngzhěng yì nián) | 整整三天 (zhěngzhěng sān tiān) | 整整十个人 (zhěngzhěng shí ge rén),他在国外生活了整整五年。,Tā zài guówài shēnghuó le zhěngzhěng wǔ nián.,او پنج سال تمام در خارج از کشور زندگی کرد.,
1474,政治,zhèngzhì,HSK 5,名,1,与国家政权、社会治理和公共事务有关的活动（名）,سیاست؛ امور سیاسی (اسم),名,اسم,国际政治 (guójì zhèngzhì) | 政治制度 (zhèngzhì zhìdù) | 参与政治 (cānyù zhèngzhì),他对国际政治很感兴趣。,Tā duì guójì zhèngzhì hěn gǎn xìngqù.,او به سیاست بین‌الملل بسیار علاقه‌مند است.,
1475,真实,zhēnshí,HSK 5,形,1,与客观事实相符，不虚假（形）,واقعی؛ حقیقی؛ مطابق با واقعیت (صفت),形,صفت,真实情况 (zhēnshí qíngkuàng) | 真实身份 (zhēnshí shēnfèn) | 真实感受 (zhēnshí gǎnshòu),我们需要了解事情的真实情况。,Wǒmen xūyào liǎojiě shìqing de zhēnshí qíngkuàng.,باید از واقعیت ماجرا آگاه شویم.,
1476,珍惜,zhēnxī,HSK 5,动,1,重视并爱护有价值或来之不易的人或事物（动）,قدر دانستن؛ گرامی داشتن؛ ارزش چیزی را دانستن (فعل),动,فعل,珍惜时间 (zhēnxī shíjiān) | 珍惜机会 (zhēnxī jīhuì) | 珍惜友谊 (zhēnxī yǒuyì),我们应该珍惜现在拥有的一切。,Wǒmen yīnggāi zhēnxī xiànzài yǒngyǒu de yíqiè.,باید قدر هرچه اکنون داریم را بدانیم.,
1477,哲学,zhéxué,HSK 5,名,1,研究世界、认识和思维等根本问题的学科（名）,فلسفه (اسم),名,اسم,中国哲学 (Zhōngguó zhéxué) | 哲学思想 (zhéxué sīxiǎng) | 研究哲学 (yánjiū zhéxué),他对中国古代哲学很感兴趣。,Tā duì Zhōngguó gǔdài zhéxué hěn gǎn xìngqù.,او به فلسفهٔ چین باستان بسیار علاقه‌مند است.,
1478,直,zhí,HSK 5,形、副,1,不弯曲，方向不改变（形）,صاف؛ مستقیم؛ بدون انحنا (صفت),形,صفت,路很直 (lù hěn zhí) | 画得很直 (huà de hěn zhí) | 又长又直 (yòu cháng yòu zhí),这条路又长又直。,Zhè tiáo lù yòu cháng yòu zhí.,این جاده طولانی و صاف است.,
1478,直,zhí,HSK 5,形、副,2,性格或说话坦率，不拐弯抹角（形）,رک؛ صریح؛ بی‌پرده (صفت),形,صفت,性格很直 (xìnggé hěn zhí) | 说话太直 (shuōhuà tài zhí) | 心直口快 (xīn zhí kǒu kuài),他说话很直，但没有恶意。,"Tā shuōhuà hěn zhí, dàn méiyǒu èyì.",او خیلی رک حرف می‌زند، اما نیت بدی ندارد.,
1478,直,zhí,HSK 5,形、副,3,沿着某一方向不转弯地（副）,مستقیم؛ بدون تغییر مسیر (قید),副,قید,直往前走 (zhí wǎng qián zǒu) | 直奔机场 (zhí bēn jīchǎng) | 直向北走 (zhí xiàng běi zǒu),出了车站直往前走。,Chū le chēzhàn zhí wǎng qián zǒu.,پس از خروج از ایستگاه، مستقیم به جلو برو.,
1478,直,zhí,HSK 5,形、副,4,（口语）表示动作连续不断（副）,پیوسته؛ مدام؛ یک‌ریز (محاوره‌ای) (قید),副,قید,直摇头 (zhí yáotóu) | 直掉眼泪 (zhí diào yǎnlèi) | 疼得直哭 (téng de zhí kū),孩子疼得直哭。,Háizi téng de zhí kū.,کودک از شدت درد یک‌ریز گریه می‌کرد.,
1479,至,zhì,HSK 5,动、介,1,（书面）到达某个地方、时间或程度（动）,رسیدن به مکان، زمان یا حدی (نوشتاری) (فعل),动,فعل,至深夜 (zhì shēnyè) | 至此结束 (zhì cǐ jiéshù) | 至最高点 (zhì zuìgāo diǎn),会议一直持续至深夜。,Huìyì yìzhí chíxù zhì shēnyè.,جلسه تا پاسی از شب ادامه یافت.,
1479,至,zhì,HSK 5,动、介,2,（书面）表示时间、地点或数量范围的终点（介）,تا؛ الی (نوشتاری) (حرف اضافه),介,حرف اضافه,周一至周五 (Zhōuyī zhì Zhōuwǔ) | 北京至上海 (Běijīng zhì Shànghǎi) | 十至十五人 (shí zhì shíwǔ rén),图书馆周一至周五开放。,Túshūguǎn Zhōuyī zhì Zhōuwǔ kāifàng.,کتابخانه از دوشنبه تا جمعه باز است.,
1480,治,zhì,HSK 5,动,1,用药物、手术等方法消除疾病或减轻伤痛（动）,درمان کردن بیماری یا آسیب (فعل),动,فعل,治感冒 (zhì gǎnmào) | 治牙疼 (zhì yáténg) | 治不好 (zhì bu hǎo),这种病能治好吗？,Zhè zhǒng bìng néng zhì hǎo ma?,آیا این بیماری درمان‌شدنی است؟,
1480,治,zhì,HSK 5,动,2,管理国家、地区或社会，使其安定有序（动）,اداره کردن؛ حکومت کردن؛ سامان دادن (فعل),动,فعل,治国 (zhìguó) | 依法治国 (yīfǎ zhìguó) | 治国理政 (zhìguó lǐzhèng),治国需要智慧和责任心。,Zhìguó xūyào zhìhuì hé zérènxīn.,ادارهٔ کشور به خرد و احساس مسئولیت نیاز دارد.,
1480,治,zhì,HSK 5,动,3,整治或处理某种问题，使其得到控制（动）,مهار کردن؛ سامان دادن؛ برطرف کردن (فعل),动,فعل,治污染 (zhì wūrǎn) | 治沙 (zhì shā) | 治水 (zhì shuǐ),当地采取了多种措施治污染。,Dāngdì cǎiqǔ le duō zhǒng cuòshī zhì wūrǎn.,مسئولان محلی برای مهار آلودگی اقدامات گوناگونی انجام دادند.,
1511,中医,zhōngyī,HSK 5,名,1,中国传统医学的理论、诊断和治疗体系（名）,طب سنتی چین (اسم),名,اسم,学习中医 (xuéxí zhōngyī) | 中医理论 (zhōngyī lǐlùn) | 中医治疗 (zhōngyī zhìliáo),他学习中医已经很多年了。,Tā xuéxí zhōngyī yǐjīng hěn duō nián le.,او سال‌هاست طب سنتی چین می‌آموزد.,
1511,中医,zhōngyī,HSK 5,名,2,从事中医诊断和治疗的医生（名）,پزشک طب سنتی چین (اسم),名,اسم,一位中医 (yí wèi zhōngyī) | 看中医 (kàn zhōngyī) | 找中医看病 (zhǎo zhōngyī kànbìng),我想找一位中医看看。,Wǒ xiǎng zhǎo yí wèi zhōngyī kànkan.,می‌خواهم به یک پزشک طب سنتی چین مراجعه کنم.,
1512,种植,zhòngzhí,HSK 5,动,1,把植物的种子或幼苗种在土里并加以培育（动）,کاشتن؛ کشت و پرورش دادن (فعل),动,فعل,种植水稻 (zhòngzhí shuǐdào) | 大面积种植 (dà miànjī zhòngzhí) | 种植蔬菜 (zhòngzhí shūcài),当地农民主要种植水稻。,Dāngdì nóngmín zhǔyào zhòngzhí shuǐdào.,کشاورزان محلی عمدتاً برنج کشت می‌کنند.,
1513,种子,zhǒngzi,HSK 5,名,1,种子植物的繁殖器官，在适当条件下能长成新的植物（名）,دانه؛ بذر (اسم),名,اسم,播下种子 (bōxià zhǒngzi) | 优良种子 (yōuliáng zhǒngzi) | 种子发芽 (zhǒngzi fāyá),春天到了，农民开始播种种子。,"Chūntiān dào le, nóngmín kāishǐ bōzhǒng zhǒngzi.",با فرارسیدن بهار، کشاورزان کاشت بذر را آغاز کردند.,
1513,种子,zhǒngzi,HSK 5,名,2,（比喻）能够产生某种思想、感情或变化的根源（名）,بذر؛ سرچشمهٔ پیدایش یک اندیشه یا احساس (مجازی) (اسم),名,اسم,希望的种子 (xīwàng de zhǒngzi) | 爱的种子 (ài de zhǒngzi) | 播下友谊的种子 (bōxià yǒuyì de zhǒngzi),这次交流在孩子们心中播下了友谊的种子。,Zhè cì jiāoliú zài háizimen xīnzhōng bōxià le yǒuyì de zhǒngzi.,این ارتباط بذر دوستی را در دل کودکان کاشت.,
1514,周年,zhōunián,HSK 5,名,1,某件事发生满一年或若干年的纪念日（名）,سالگرد (اسم),名,اسم,成立周年 (chénglì zhōunián) | 结婚周年 (jiéhūn zhōunián) | 周年庆典 (zhōunián qìngdiǎn),公司举行了成立二十周年庆典。,Gōngsī jǔxíng le chénglì èrshí zhōunián qìngdiǎn.,شرکت مراسم بیستمین سالگرد تأسیس خود را برگزار کرد.,
1515,煮,zhǔ,HSK 5,动,1,把食物放在水或其他液体中加热至熟（动）,در آب یا مایع پختن؛ جوشاندن (فعل),动,فعل,煮面条 (zhǔ miàntiáo) | 煮鸡蛋 (zhǔ jīdàn) | 煮粥 (zhǔ zhōu),我给你煮一碗面条吧。,Wǒ gěi nǐ zhǔ yì wǎn miàntiáo ba.,بگذار یک کاسه نودل برایت بپزم.,
1516,猪,zhū,HSK 5,名,1,一种常见的家畜，身体肥壮，鼻子短而突出（名）,خوک (اسم),名,اسم,养猪 (yǎng zhū) | 一头猪 (yì tóu zhū) | 喂猪 (wèi zhū),村里不少人家都养猪。,Cūn lǐ bù shǎo rénjiā dōu yǎng zhū.,خانواده‌های زیادی در روستا خوک پرورش می‌دهند.,
1516,猪,zhū,HSK 5,名,2,（口语，贬义）用来骂人愚笨、懒惰或肮脏（名）,آدم احمق، تنبل یا کثیف (محاوره‌ای، توهین‌آمیز) (اسم),名,اسم,笨得像猪 (bèn de xiàng zhū) | 骂人是猪 (mà rén shì zhū) | 懒得像猪 (lǎn de xiàng zhū),别骂他是猪，这样很不礼貌。,"Bié mà tā shì zhū, zhèyàng hěn bù lǐmào.",او را خوک خطاب نکن؛ این کار بسیار بی‌ادبانه است.,
1517,抓,zhuā,HSK 5,动,1,用手或爪子拿住、握住物体（动）,گرفتن؛ چنگ زدن؛ محکم نگه داشتن (فعل),动,فعل,抓着绳子 (zhuāzhe shéngzi) | 一把抓住 (yì bǎ zhuāzhù) | 抓在手里 (zhuā zài shǒu lǐ),孩子紧紧抓着妈妈的手。,Háizi jǐnjǐn zhuāzhe māma de shǒu.,کودک دست مادرش را محکم گرفته بود.,
1517,抓,zhuā,HSK 5,动,2,用指甲或爪子划，使人或物受伤或留下痕迹（动）,چنگ زدن؛ خراش انداختن (فعل),动,فعل,抓破皮肤 (zhuāpò pífū) | 被猫抓伤 (bèi māo zhuāshāng) | 抓出血 (zhuā chū xuè),我的手被猫抓伤了。,Wǒ de shǒu bèi māo zhuāshāng le.,گربه دستم را چنگ زد و زخمی کرد.,
1517,抓,zhuā,HSK 5,动,3,捕捉动物或逮捕人（动）,گرفتن؛ به دام انداختن؛ دستگیر کردن (فعل),动,فعل,抓小偷 (zhuā xiǎotōu) | 抓罪犯 (zhuā zuìfàn) | 抓老鼠 (zhuā lǎoshǔ),警察很快就抓到了那个小偷。,Jǐngchá hěn kuài jiù zhuādào le nàge xiǎotōu.,پلیس خیلی زود آن دزد را دستگیر کرد.,
1517,抓,zhuā,HSK 5,动,4,抓住机会、重点等抽象事物，不让其失去（动）,از فرصت استفاده کردن؛ نکتهٔ مهم را دریافتن (فعل),动,فعل,抓机会 (zhuā jīhuì) | 抓重点 (zhuā zhòngdiǎn) | 抓关键 (zhuā guānjiàn),解决问题要先抓重点。,Jiějué wèntí yào xiān zhuā zhòngdiǎn.,برای حل مسئله ابتدا باید نکات اصلی را تشخیص داد.,
1517,抓,zhuā,HSK 5,动,5,负责、管理或重点推动某项工作（动）,رسیدگی و مدیریت کردن؛ با جدیت پیش بردن (فعل),动,فعل,抓生产 (zhuā shēngchǎn) | 抓管理 (zhuā guǎnlǐ) | 抓安全工作 (zhuā ānquán gōngzuò),公司今年重点抓产品质量。,Gōngsī jīnnián zhòngdiǎn zhuā chǎnpǐn zhìliàng.,شرکت امسال توجه ویژه‌ای به مدیریت کیفیت محصول دارد.,
1518,抓紧,zhuājǐn,HSK 5,动,1,紧紧抓住，不松开（动）,محکم گرفتن؛ رها نکردن (فعل),动,فعل,抓紧扶手 (zhuājǐn fúshǒu) | 抓紧绳子 (zhuājǐn shéngzi) | 用手抓紧 (yòng shǒu zhuājǐn),车要开了，请抓紧扶手。,"Chē yào kāi le, qǐng zhuājǐn fúshǒu.",وسیله در حال حرکت است؛ لطفاً دستگیره را محکم بگیرید.,
1518,抓紧,zhuājǐn,HSK 5,动,2,充分利用时间或机会，尽快行动而不拖延（动）,فرصت را غنیمت شمردن؛ بی‌درنگ و جدی اقدام کردن (فعل),动,فعل,抓紧时间 (zhuājǐn shíjiān) | 抓紧机会 (zhuājǐn jīhuì) | 抓紧完成 (zhuājǐn wánchéng),我们必须抓紧时间完成任务。,Wǒmen bìxū zhuājǐn shíjiān wánchéng rènwu.,باید از وقت استفاده کنیم و کار را هرچه زودتر به پایان برسانیم.,
1519,转变,zhuǎnbiàn,HSK 5,动、名,1,从一种状态、观念或方式改变为另一种（动）,تغییر دادن؛ دگرگون کردن؛ تغییر یافتن (فعل),动,فعل,转变观念 (zhuǎnbiàn guānniàn) | 转变方式 (zhuǎnbiàn fāngshì) | 转变态度 (zhuǎnbiàn tàidu),企业需要转变发展模式。,Qǐyè xūyào zhuǎnbiàn fāzhǎn móshì.,شرکت‌ها باید الگوی توسعهٔ خود را تغییر دهند.,
1519,转变,zhuǎnbiàn,HSK 5,动、名,2,状态、观念或方式发生的变化（名）,تغییر؛ تحول؛ دگرگونی (اسم),名,اسم,发生转变 (fāshēng zhuǎnbiàn) | 思想转变 (sīxiǎng zhuǎnbiàn) | 根本性转变 (gēnběnxìng zhuǎnbiàn),他的态度发生了明显的转变。,Tā de tàidu fāshēng le míngxiǎn de zhuǎnbiàn.,نگرش او تغییر محسوسی کرده است.,
1520,撞,zhuàng,HSK 5,动,1,运动中的人或物猛然碰到其他人或物（动）,برخورد کردن؛ کوبیدن؛ تصادف کردن (فعل),动,فعل,撞到墙上 (zhuàngdào qiáng shàng) | 两车相撞 (liǎng chē xiāngzhuàng) | 撞在一起 (zhuàng zài yìqǐ),两辆汽车在路口撞在了一起。,Liǎng liàng qìchē zài lùkǒu zhuàng zài le yìqǐ.,دو خودرو در تقاطع با یکدیگر تصادف کردند.,
1520,撞,zhuàng,HSK 5,动,2,偶然遇到某人、机会或某种情况（动）,اتفاقی به کسی یا موقعیتی برخوردن؛ تصادفاً روبه‌رو شدن (فعل),动,فعل,撞上熟人 (zhuàngshàng shúrén) | 撞上机会 (zhuàngshàng jīhuì) | 撞个正着 (zhuàng ge zhèngzháo),我刚出门就正好撞上了一个老同学。,Wǒ gāng chūmén jiù zhènghǎo zhuàngshàng le yí ge lǎo tóngxué.,همین که از خانه بیرون آمدم، اتفاقی با یکی از هم‌کلاسی‌های قدیمی‌ام روبه‌رو شدم.,
1521,转告,zhuǎngào,HSK 5,动,1,把一个人的话或某个消息告诉另一个人（动）,پیام یا گفته‌ای را به دیگری رساندن (فعل),动,فعل,转告消息 (zhuǎngào xiāoxi) | 转告家人 (zhuǎngào jiārén) | 代为转告 (dàiwéi zhuǎngào),请把这个消息转告给他。,Qǐng bǎ zhège xiāoxi zhuǎngào gěi tā.,لطفاً این پیام را به او برسانید.,
1522,状况,zhuàngkuàng,HSK 5,名,1,人或事物所处的情况，常涉及生活、经济、工作或健康等方面（名）,وضعیت؛ شرایط (اسم),名,اسم,经济状况 (jīngjì zhuàngkuàng) | 健康状况 (jiànkāng zhuàngkuàng) | 了解状况 (liǎojiě zhuàngkuàng),我们需要了解市场的实际状况。,Wǒmen xūyào liǎojiě shìchǎng de shíjì zhuàngkuàng.,باید از وضعیت واقعی بازار آگاه شویم.,
1523,装饰,zhuāngshì,HSK 5,动、名,1,在物体或环境中添加东西，使其更加美观（动）,تزئین کردن؛ آراستن (فعل),动,فعل,装饰房间 (zhuāngshì fángjiān) | 装饰墙面 (zhuāngshì qiángmiàn) | 精心装饰 (jīngxīn zhuāngshì),他们用鲜花装饰了会场。,Tāmen yòng xiānhuā zhuāngshì le huìchǎng.,آن‌ها محل برگزاری را با گل تزئین کردند.,
1523,装饰,zhuāngshì,HSK 5,动、名,2,用来美化物体或环境的布置或物品（名）,تزئینات؛ آرایه؛ دکور (اسم),名,اسم,室内装饰 (shìnèi zhuāngshì) | 节日装饰 (jiérì zhuāngshì) | 简单的装饰 (jiǎndān de zhuāngshì),房间里的装饰很有特色。,Fángjiān lǐ de zhuāngshì hěn yǒu tèsè.,تزئینات اتاق بسیار خاص است.,
1524,状态,zhuàngtài,HSK 5,名,1,人或事物在一定时间内呈现出的情况或样子（名）,حالت؛ وضعیت (اسم),名,اسم,工作状态 (gōngzuò zhuàngtài) | 运行状态 (yùnxíng zhuàngtài) | 保持状态 (bǎochí zhuàngtài),设备目前处于正常运行状态。,Shèbèi mùqián chǔyú zhèngcháng yùnxíng zhuàngtài.,دستگاه اکنون در وضعیت عادی کار قرار دارد.,
1525,装修,zhuāngxiū,HSK 5,动、名,1,对房屋内部进行施工、改造和装饰（动）,بازسازی و دکور کردن فضای داخلی (فعل),动,فعل,装修房子 (zhuāngxiū fángzi) | 重新装修 (chóngxīn zhuāngxiū) | 正在装修 (zhèngzài zhuāngxiū),新办公室还在装修。,Xīn bàngōngshì hái zài zhuāngxiū.,دفتر جدید هنوز در حال بازسازی و دکور شدن است.,
1525,装修,zhuāngxiū,HSK 5,动、名,2,房屋内部的施工、布置及其形成的风格（名）,بازسازی داخلی؛ دکوراسیون داخلی (اسم),名,اسم,室内装修 (shìnèi zhuāngxiū) | 装修风格 (zhuāngxiū fēnggé) | 装修费用 (zhuāngxiū fèiyòng),这套房子的装修很简单。,Zhè tào fángzi de zhuāngxiū hěn jiǎndān.,دکوراسیون داخلی این خانه ساده است.,
1526,专家,zhuānjiā,HSK 5,名,1,在某一领域具有专门知识、技能和丰富经验的人（名）,متخصص؛ کارشناس؛ خبره (اسم),名,اسم,医学专家 (yīxué zhuānjiā) | 技术专家 (jìshù zhuānjiā) | 咨询专家 (zīxún zhuānjiā),公司邀请了几位技术专家进行交流。,Gōngsī yāoqǐng le jǐ wèi jìshù zhuānjiā jìnxíng jiāoliú.,شرکت چند متخصص فنی را برای تبادل نظر دعوت کرد.,
1527,专心,zhuānxīn,HSK 5,形,1,注意力集中，不被其他事情影响（形）,متمرکز؛ غرق در انجام کاری (صفت),形,صفت,专心学习 (zhuānxīn xuéxí) | 专心工作 (zhuānxīn gōngzuò) | 专心听讲 (zhuānxīn tīngjiǎng),上课的时候要专心听讲。,Shàngkè de shíhou yào zhuānxīn tīngjiǎng.,هنگام کلاس باید با تمرکز گوش داد.,
1528,逐步,zhúbù,HSK 5,副,1,按照一定的步骤渐渐进行或变化（副）,به‌تدریج؛ گام‌به‌گام (قید),副,قید,逐步提高 (zhúbù tígāo) | 逐步发展 (zhúbù fāzhǎn) | 逐步实现 (zhúbù shíxiàn),公司正在逐步扩大海外市场。,Gōngsī zhèngzài zhúbù kuòdà hǎiwài shìchǎng.,شرکت در حال گسترش تدریجی بازارهای خارجی است.,
1529,注册,zhùcè,HSK 5,动,1,按照法定程序登记并取得正式资格或权利（动）,به‌طور رسمی ثبت کردن (فعل),动,فعل,注册公司 (zhùcè gōngsī) | 注册商标 (zhùcè shāngbiāo) | 正式注册 (zhèngshì zhùcè),他准备在当地注册一家公司。,Tā zhǔnbèi zài dāngdì zhùcè yì jiā gōngsī.,او قصد دارد شرکتی را در آن منطقه ثبت کند.,
1529,注册,zhùcè,HSK 5,动,2,登记个人信息以获得账号、会员资格或参加资格（动）,ثبت‌نام کردن؛ حساب کاربری ساختن (فعل),动,فعل,注册账号 (zhùcè zhànghào) | 注册会员 (zhùcè huìyuán) | 在线注册 (zàixiàn zhùcè),请先注册账号，然后登录系统。,"Qǐng xiān zhùcè zhànghào, ránhòu dēnglù xìtǒng.",لطفاً ابتدا حساب کاربری بسازید و سپس وارد سامانه شوید.,
1530,主持,zhǔchí,HSK 5,动,1,负责组织和引导会议、仪式等活动的进行（动）,اداره کردن؛ گرداندن جلسه یا مراسم (فعل),动,فعل,主持会议 (zhǔchí huìyì) | 主持仪式 (zhǔchí yíshì) | 主持讨论 (zhǔchí tǎolùn),经理主持了今天的会议。,Jīnglǐ zhǔchí le jīntiān de huìyì.,مدیر جلسهٔ امروز را اداره کرد.,
1530,主持,zhǔchí,HSK 5,动,2,负责某项工作或项目并推动其进行（动）,مسئولیت و هدایت کاری را بر عهده داشتن (فعل),动,فعل,主持工作 (zhǔchí gōngzuò) | 主持研究 (zhǔchí yánjiū) | 主持项目 (zhǔchí xiàngmù),这项研究由李教授主持。,Zhè xiàng yánjiū yóu Lǐ jiàoshòu zhǔchí.,هدایت این پژوهش بر عهدهٔ استاد لی است.,
1530,主持,zhǔchí,HSK 5,动,3,担任广播、电视或网络节目的主持工作（动）,اجرای برنامهٔ رادیویی، تلویزیونی یا اینترنتی را بر عهده داشتن (فعل),动,فعل,主持节目 (zhǔchí jiémù) | 主持晚会 (zhǔchí wǎnhuì) | 主持直播 (zhǔchí zhíbō),她主持过很多电视节目。,Tā zhǔchí guo hěn duō diànshì jiémù.,او برنامه‌های تلویزیونی زیادی اجرا کرده است.,
1530,主持,zhǔchí,HSK 5,动,4,（较正式）维护公道或正义，使事情得到公平处理（动）,جانب حق و انصاف را گرفتن؛ عدالت را برقرار کردن (رسمی‌تر) (فعل),动,فعل,主持公道 (zhǔchí gōngdao) | 主持正义 (zhǔchí zhèngyì),大家都希望他能主持公道。,Dàjiā dōu xīwàng tā néng zhǔchí gōngdao.,همه امیدوارند او جانب انصاف را بگیرد و عادلانه داوری کند.,
1531,主动,zhǔdòng,HSK 5,名、形,1,不等别人要求或外力推动，自己先采取行动的（形）,فعال؛ پیش‌قدم؛ خودجوش (صفت),形,صفت,主动联系 (zhǔdòng liánxì) | 主动申请 (zhǔdòng shēnqǐng) | 主动承担责任 (zhǔdòng chéngdān zérèn),我们应该主动寻找新的合作机会。,Wǒmen yīnggāi zhǔdòng xúnzhǎo xīn de hézuò jīhuì.,باید فعالانه به دنبال فرصت‌های تازهٔ همکاری باشیم.,
1531,主动,zhǔdòng,HSK 5,名、形,2,能够按照自己的意图采取行动的有利地位（名）,ابتکار عمل؛ موقعیت فعال و تعیین‌کننده (اسم),名,اسم,掌握主动 (zhǎngwò zhǔdòng) | 取得主动 (qǔdé zhǔdòng) | 变被动为主动 (biàn bèidòng wéi zhǔdòng),我们必须掌握谈判的主动。,Wǒmen bìxū zhǎngwò tánpàn de zhǔdòng.,باید ابتکار عمل در مذاکره را در دست بگیریم.,
1532,住房,zhùfáng,HSK 5,名,1,供人长期居住的房屋（名）,مسکن؛ خانهٔ مسکونی (اسم),名,اسم,住房问题 (zhùfáng wèntí) | 住房需求 (zhùfáng xūqiú) | 改善住房条件 (gǎishàn zhùfáng tiáojiàn),城市的住房需求不断增加。,Chéngshì de zhùfáng xūqiú búduàn zēngjiā.,نیاز شهرها به مسکن پیوسته در حال افزایش است.,
1533,主观,zhǔguān,HSK 5,名、形,1,由个人意识、看法或感受决定，而不是根据客观事实的（形）,ذهنی؛ مبتنی بر نظر یا احساس شخصی (صفت),形,صفت,主观判断 (zhǔguān pànduàn) | 主观感受 (zhǔguān gǎnshòu) | 主观因素 (zhǔguān yīnsù),评价一个人不能只依靠主观判断。,Píngjià yí ge rén bù néng zhǐ yīkào zhǔguān pànduàn.,برای ارزیابی یک فرد نمی‌توان فقط به قضاوت ذهنی تکیه کرد.,
1533,主观,zhǔguān,HSK 5,名、形,2,人的意识、思想和认识，与“客观”相对（名）,ذهن و ادراک انسانی در برابر واقعیت عینی (اسم),名,اسم,主观与客观 (zhǔguān yǔ kèguān) | 从主观出发 (cóng zhǔguān chūfā) | 主观反映客观 (zhǔguān fǎnyìng kèguān),主观认识应该符合客观实际。,Zhǔguān rènshi yīnggāi fúhé kèguān shíjì.,برداشت ذهنی باید با واقعیت عینی سازگار باشد.,
1534,追,zhuī,HSK 5,动,1,在后面快速赶，设法赶上或抓住（动）,دنبال کردن؛ تعقیب کردن؛ به کسی یا چیزی رسیدن (فعل),动,فعل,追汽车 (zhuī qìchē) | 追上对方 (zhuīshàng duìfāng) | 在后面追 (zài hòumian zhuī),警察在后面追那个逃跑的人。,Jǐngchá zài hòumian zhuī nàge táopǎo de rén.,پلیس فرد فراری را تعقیب می‌کرد.,
1534,追,zhuī,HSK 5,动,2,（口语）设法与喜欢的人建立恋爱关系（动）,دنبال جلب علاقهٔ کسی بودن؛ از کسی خواستگاری کردن (محاوره‌ای) (فعل),动,فعل,追一个人 (zhuī yí ge rén) | 正在追她 (zhèngzài zhuī tā) | 被人追 (bèi rén zhuī),他追了她很久，她才答应和他交往。,"Tā zhuī le tā hěn jiǔ, tā cái dāying hé tā jiāowǎng.",او مدت زیادی در پی جلب علاقه‌اش بود تا سرانجام پذیرفت با او وارد رابطه شود.,
1534,追,zhuī,HSK 5,动,3,（口语）连续关注并观看或阅读尚未结束的作品（动）,دنبال کردن پیوستهٔ سریال، برنامه یا داستان (محاوره‌ای) (فعل),动,فعل,追电视剧 (zhuī diànshìjù) | 追一部剧 (zhuī yí bù jù) | 每周都追 (měi zhōu dōu zhuī),我最近在追一部电视剧。,Wǒ zuìjìn zài zhuī yí bù diànshìjù.,این روزها دارم یک سریال را دنبال می‌کنم.,
1535,追求,zhuīqiú,HSK 5,动、名,1,努力寻求或设法实现某种目标、理想或生活方式（动）,در پی چیزی بودن؛ برای رسیدن به هدفی تلاش کردن (فعل),动,فعل,追求理想 (zhuīqiú lǐxiǎng) | 追求成功 (zhuīqiú chénggōng) | 追求高质量 (zhuīqiú gāo zhìliàng),企业不断追求技术创新。,Qǐyè búduàn zhuīqiú jìshù chuàngxīn.,شرکت‌ها پیوسته در پی نوآوری فناورانه‌اند.,
1535,追求,zhuīqiú,HSK 5,动、名,2,设法获得某人的爱情（动）,در پی جلب عشق کسی بودن؛ خواستار رابطه با کسی بودن (فعل),动,فعل,追求喜欢的人 (zhuīqiú xǐhuan de rén) | 公开追求 (gōngkāi zhuīqiú) | 勇敢追求爱情 (yǒnggǎn zhuīqiú àiqíng),他一直在追求她。,Tā yìzhí zài zhuīqiú tā.,او مدت‌هاست در پی جلب علاقهٔ اوست.,
1535,追求,zhuīqiú,HSK 5,动、名,3,希望达到的目标、理想或生活价值（名）,آرمان؛ خواسته؛ هدفی که فرد در پی آن است (اسم),名,اسم,人生追求 (rénshēng zhuīqiú) | 精神追求 (jīngshén zhuīqiú) | 共同的追求 (gòngtóng de zhuīqiú),每个人都可以有不同的人生追求。,Měi ge rén dōu kěyǐ yǒu bùtóng de rénshēng zhuīqiú.,هرکس می‌تواند آرمان‌های متفاوتی در زندگی داشته باشد.,
1536,逐渐,zhújiàn,HSK 5,副,1,随着时间推移慢慢发生变化（副）,به‌تدریج؛ کم‌کم (قید),副,قید,逐渐增加 (zhújiàn zēngjiā) | 逐渐改善 (zhújiàn gǎishàn) | 逐渐形成 (zhújiàn xíngchéng),市场竞争逐渐变得激烈。,Shìchǎng jìngzhēng zhújiàn biàn de jīliè.,رقابت در بازار به‌تدریج شدیدتر می‌شود.,
1537,主人,zhǔrén,HSK 5,名,1,对某物拥有所有权或支配权的人（名）,صاحب؛ مالک (اسم),名,اسم,房子的主人 (fángzi de zhǔrén) | 宠物主人 (chǒngwù zhǔrén) | 找到主人 (zhǎodào zhǔrén),警察终于找到了这辆车的主人。,Jǐngchá zhōngyú zhǎodào le zhè liàng chē de zhǔrén.,پلیس سرانجام صاحب این خودرو را پیدا کرد.,
1537,主人,zhǔrén,HSK 5,名,2,接待客人的人（名）,میزبان (اسم),名,اسم,热情的主人 (rèqíng de zhǔrén) | 女主人 (nǚzhǔrén) | 主人招待客人 (zhǔrén zhāodài kèrén),主人热情地接待了客人。,Zhǔrén rèqíng de jiēdài le kèrén.,میزبان به‌گرمی از مهمانان پذیرایی کرد.,
1538,主任,zhǔrèn,HSK 5,名,1,负责一个部门或机构主要工作的负责人（名）,رئیس؛ مدیر؛ مسئول یک بخش یا نهاد (اسم),名,اسم,办公室主任 (bàngōngshì zhǔrèn) | 系主任 (xì zhǔrèn) | 担任主任 (dānrèn zhǔrèn),他是市场部主任。,Tā shì shìchǎngbù zhǔrèn.,او رئیس بخش بازاریابی است.,
1539,主食,zhǔshí,HSK 5,名,1,日常饮食中提供主要能量、占主要部分的食物（名）,غذای اصلی؛ خوراک پایه (اسم),名,اسم,以米饭为主食 (yǐ mǐfàn wéi zhǔshí) | 吃主食 (chī zhǔshí) | 常见主食 (chángjiàn zhǔshí),米饭是中国南方常见的主食。,Mǐfàn shì Zhōngguó nánfāng chángjiàn de zhǔshí.,برنج یکی از غذاهای اصلی رایج در جنوب چین است.,
1540,住宿,zhùsù,HSK 5,动、名,1,在外面或非自己长期居住的地方过夜、居住（动）,اقامت کردن؛ شب را جایی ماندن (فعل),动,فعل,在酒店住宿 (zài jiǔdiàn zhùsù) | 住宿一晚 (zhùsù yì wǎn) | 免费住宿 (miǎnfèi zhùsù),我们今晚在这家酒店住宿。,Wǒmen jīnwǎn zài zhè jiā jiǔdiàn zhùsù.,امشب در این هتل اقامت می‌کنیم.,
1540,住宿,zhùsù,HSK 5,动、名,2,供人在外居住或过夜的安排及条件（名）,اقامت؛ اسکان؛ امکانات اقامتی (اسم),名,اسم,安排住宿 (ānpái zhùsù) | 住宿条件 (zhùsù tiáojiàn) | 住宿费用 (zhùsù fèiyòng),公司为员工安排了住宿。,Gōngsī wèi yuángōng ānpái le zhùsù.,شرکت برای کارکنان محل اقامت فراهم کرد.,
1541,主题,zhǔtí,HSK 5,名,1,文章、作品、活动或讨论所围绕的主要内容（名）,موضوع؛ مضمون؛ محور اصلی (اسم),名,اسم,确定主题 (quèdìng zhǔtí) | 围绕主题 (wéirào zhǔtí) | 文章主题 (wénzhāng zhǔtí),这次会议的主题是人工智能的发展。,Zhè cì huìyì de zhǔtí shì réngōng zhìnéng de fāzhǎn.,موضوع این نشست توسعهٔ هوش مصنوعی است.,
1542,主席,zhǔxí,HSK 5,名,1,（正式）主持会议或领导委员会、组织等的主要负责人（名）,رئیس جلسه، کمیته یا سازمان (رسمی) (اسم),名,اسم,会议主席 (huìyì zhǔxí) | 工会主席 (gōnghuì zhǔxí) | 担任主席 (dānrèn zhǔxí),大会主席宣布会议正式开始。,Dàhuì zhǔxí xuānbù huìyì zhèngshì kāishǐ.,رئیس مجمع آغاز رسمی جلسه را اعلام کرد.,
1542,主席,zhǔxí,HSK 5,名,2,某些国家的国家元首或政党最高领导人的职务名称（名）,عنوان رئیس کشور یا رهبر عالی یک حزب در برخی کشورها (اسم),名,اسم,国家主席 (guójiā zhǔxí) | 党主席 (dǎng zhǔxí) | 当选主席 (dāngxuǎn zhǔxí),他当选为该国新一任主席。,Tā dāngxuǎn wéi gāi guó xīn yí rèn zhǔxí.,او به‌عنوان رئیس جدید آن کشور انتخاب شد.,
1543,住址,zhùzhǐ,HSK 5,名,1,居住地点的详细地址（名）,نشانی محل سکونت (اسم),名,اسم,家庭住址 (jiātíng zhùzhǐ) | 详细住址 (xiángxì zhùzhǐ) | 填写住址 (tiánxiě zhùzhǐ),请填写您的详细住址。,Qǐng tiánxiě nín de xiángxì zhùzhǐ.,لطفاً نشانی دقیق محل سکونت خود را وارد کنید.,
1544,注重,zhùzhòng,HSK 5,动,1,特别重视并在某方面投入较多注意（动）,اهمیت ویژه دادن؛ توجه خاص داشتن (فعل),动,فعل,注重质量 (zhùzhòng zhìliàng) | 注重效率 (zhùzhòng xiàolǜ) | 注重实际效果 (zhùzhòng shíjì xiàoguǒ),公司非常注重产品质量。,Gōngsī fēicháng zhùzhòng chǎnpǐn zhìliàng.,شرکت به کیفیت محصولات اهمیت زیادی می‌دهد.,
1545,竹子,zhúzi,HSK 5,名,1,一种多年生常绿植物，茎通常中空，生长很快（名）,بامبو؛ خیزران (اسم),名,اسم,种竹子 (zhòng zhúzi) | 砍竹子 (kǎn zhúzi) | 一根竹子 (yì gēn zhúzi),这里长着很多竹子。,Zhèlǐ zhǎngzhe hěn duō zhúzi.,اینجا بامبوهای زیادی رشد کرده‌اند.,
1546,紫,zǐ,HSK 5,形,1,颜色像紫罗兰，介于红色和蓝色之间（形）,بنفش؛ ارغوانی (صفت),形,صفت,紫葡萄 (zǐ pútao) | 紫裙子 (zǐ qúnzi) | 颜色发紫 (yánsè fā zǐ),这件衣服有点儿紫。,Zhè jiàn yīfu yǒudiǎnr zǐ.,این لباس کمی بنفش است.,
1547,自从,zìcóng,HSK 5,介,1,表示某个过去的时间是后来情况的起点（介）,از وقتی که؛ از زمانی که (حرف اضافه),介,حرف اضافه,自从毕业以后 (zìcóng bìyè yǐhòu) | 自从那天起 (zìcóng nà tiān qǐ) | 自从认识他 (zìcóng rènshi tā),他自从来到中国以后，汉语进步得很快。,"Tā zìcóng láidào Zhōngguó yǐhòu, Hànyǔ jìnbù de hěn kuài.",از وقتی به چین آمده، زبان چینی‌اش خیلی سریع پیشرفت کرده است.,
1548,自动,zìdòng,HSK 5,形、副,1,由机器或系统自行运行，或在没有人工干预的情况下自行完成（形、副）,خودکار؛ به‌طور خودکار (صفت، قید),形、副,صفت، قید,自动驾驶 (zìdòng jiàshǐ) | 自动保存 (zìdòng bǎocún) | 自动关闭 (zìdòng guānbì),系统会自动保存你的文件。,Xìtǒng huì zìdòng bǎocún nǐ de wénjiàn.,سامانه فایل تو را به‌طور خودکار ذخیره می‌کند.,
1548,自动,zìdòng,HSK 5,形、副,2,（较正式或部分地区用法）出于自己的意愿主动行动，不受别人强迫（副）,داوطلبانه؛ به اختیار خود؛ بدون اجبار (رسمی‌تر یا رایج در برخی مناطق) (قید),副,قید,自动投案 (zìdòng tóu'àn) | 自动缴械 (zìdòng jiǎoxiè) | 自动报名参加 (zìdòng bàomíng cānjiā),他决定自动投案，接受法律处理。,"Tā juédìng zìdòng tóu'àn, jiēshòu fǎlǜ chǔlǐ.",او تصمیم گرفت داوطلبانه خود را به مقامات تسلیم کند و مراحل قانونی را بپذیرد.,
1548,自动,zìdòng,HSK 5,形、副,3,（较少见）没有别人要求而自愿采取行动（副）,خودخواسته؛ داوطلبانه (کم‌کاربردتر) (قید),副,قید,自动退出 (zìdòng tuìchū) | 自动放弃 (zìdòng fàngqì) | 自动离职 (zìdòng lízhí),如果他不愿意参加，可以自动退出。,"Rúguǒ tā bú yuànyì cānjiā, kěyǐ zìdòng tuìchū.",اگر تمایلی به شرکت ندارد، می‌تواند داوطلبانه کنار بکشد.,
1549,资格,zīgé,HSK 5,名,1,从事某种活动、担任职务或获得某种待遇所需的条件（名）,صلاحیت؛ شرایط لازم؛ شایستگی (اسم),名,اسم,申请资格 (shēnqǐng zīgé) | 参赛资格 (cānsài zīgé) | 取得资格 (qǔdé zīgé),他具备申请这份工作的资格。,Tā jùbèi shēnqǐng zhè fèn gōngzuò de zīgé.,او شرایط لازم برای درخواست این شغل را دارد.,
1549,资格,zīgé,HSK 5,名,2,做某事或评价、要求别人的身份与权利（名）,حق یا جایگاه لازم برای انجام کاری یا داوری دربارهٔ دیگران (اسم),名,اسم,没有资格 (méiyǒu zīgé) | 有资格发言 (yǒu zīgé fāyán) | 取消资格 (qǔxiāo zīgé),你没有资格替我作决定。,Nǐ méiyǒu zīgé tì wǒ zuò juédìng.,تو حق نداری به‌جای من تصمیم بگیری.,
1550,资金,zījīn,HSK 5,名,1,用于生产、经营、投资或开展某项工作的款项（名）,وجوه؛ منابع مالی؛ سرمایه (اسم),名,اسم,筹集资金 (chóují zījīn) | 资金来源 (zījīn láiyuán) | 缺乏资金 (quēfá zījīn),公司正在筹集项目所需的资金。,Gōngsī zhèngzài chóují xiàngmù suǒxū de zījīn.,شرکت در حال تأمین منابع مالی موردنیاز پروژه است.,
1551,自觉,zìjué,HSK 5,动、形,1,（较正式）自己感觉到或认识到某种情况（动）,خود متوجه شدن؛ خود احساس کردن (رسمی‌تر) (فعل),动,فعل,自觉理亏 (zìjué lǐkuī) | 自觉能力不足 (zìjué nénglì bùzú) | 自觉不如别人 (zìjué bùrú biérén),他自觉经验不足，所以主动向同事请教。,"Tā zìjué jīngyàn bùzú, suǒyǐ zhǔdòng xiàng tóngshì qǐngjiào.",او خودش متوجه شد که تجربهٔ کافی ندارد، بنابراین خودجوش از همکارانش راهنمایی خواست.,
1551,自觉,zìjué,HSK 5,动、形,2,自己认识到应该这样做，并主动去做的（形）,خودآگاه؛ مسئولیت‌پذیر؛ بدون نیاز به اجبار (صفت),形,صفت,自觉遵守 (zìjué zūnshǒu) | 自觉学习 (zìjué xuéxí) | 自觉承担责任 (zìjué chéngdān zérèn),员工应该自觉遵守公司的规定。,Yuángōng yīnggāi zìjué zūnshǒu gōngsī de guīdìng.,کارکنان باید بدون نیاز به اجبار مقررات شرکت را رعایت کنند.,
1552,字母,zìmǔ,HSK 5,名,1,拼音文字或拼音方案中表示语音的书写符号（名）,حرف الفبا (اسم),名,اسم,英文字母 (Yīngwén zìmǔ) | 大写字母 (dàxiě zìmǔ) | 小写字母 (xiǎoxiě zìmǔ),这个单词由六个字母组成。,Zhège dāncí yóu liù ge zìmǔ zǔchéng.,این واژه از شش حرف تشکیل شده است.,
1553,子女,zǐnǚ,HSK 5,名,1,（较正式）儿子和女儿的统称（名）,فرزندان؛ اولاد (رسمی‌تر) (اسم),名,اسم,抚养子女 (fǔyǎng zǐnǚ) | 教育子女 (jiàoyù zǐnǚ) | 子女成年 (zǐnǚ chéngnián),父母都希望子女健康成长。,Fùmǔ dōu xīwàng zǐnǚ jiànkāng chéngzhǎng.,همهٔ والدین امیدوارند فرزندانشان سالم رشد کنند.,
1554,自身,zìshēn,HSK 5,代,1,自己本身，用于强调所说的人或事物而不是其他对象（代）,خود؛ خودِ شخص یا چیز موردنظر (ضمیر),代,ضمیر,自身价值 (zìshēn jiàzhí) | 自身条件 (zìshēn tiáojiàn) | 提高自身能力 (tígāo zìshēn nénglì),每个人都应该了解自身的优点和不足。,Měi ge rén dōu yīnggāi liǎojiě zìshēn de yōudiǎn hé bùzú.,هرکس باید نقاط قوت و ضعف خود را بشناسد.,
1555,姿势,zīshì,HSK 5,名,1,身体各部分在站立、坐、躺或运动时呈现的状态和样子（名）,حالت بدن؛ وضعیت قرارگیری بدن؛ ژست (اسم),名,اسم,正确的姿势 (zhèngquè de zīshì) | 保持姿势 (bǎochí zīshì) | 调整姿势 (tiáozhěng zīshì),坐着时保持正确的姿势对身体健康很重要。,Zuòzhe shí bǎochí zhèngquè de zīshì duì shēntǐ jiànkāng hěn zhòngyào.,حفظ حالت صحیح بدن هنگام نشستن برای سلامتی بسیار مهم است.,
1556,咨询,zīxún,HSK 5,动、名,1,向专业人员或有关机构询问情况、意见或办法（动）,پرس‌وجو یا مشورت کردن؛ راهنمایی خواستن (فعل),动,فعل,咨询医生 (zīxún yīshēng) | 咨询专家 (zīxún zhuānjiā) | 电话咨询 (diànhuà zīxún),关于用药问题，请咨询医生。,"Guānyú yòngyào wèntí, qǐng zīxún yīshēng.",برای مسائل مربوط به مصرف دارو، با پزشک مشورت کنید.,
1556,咨询,zīxún,HSK 5,动、名,2,由专业人员提供意见、信息或解决方案的服务（名）,مشاوره؛ خدمات راهنمایی تخصصی (اسم),名,اسم,法律咨询 (fǎlǜ zīxún) | 心理咨询 (xīnlǐ zīxún) | 提供咨询 (tígōng zīxún),这里为市民提供免费的法律咨询。,Zhèlǐ wèi shìmín tígōng miǎnfèi de fǎlǜ zīxún.,اینجا به شهروندان مشاورهٔ حقوقی رایگان ارائه می‌شود.,
1557,自由,zìyóu,HSK 5,名、形,1,在法律或合理范围内按照自己的意愿行动的权利或状态（名）,آزادی؛ اختیار عمل (اسم),名,اسم,言论自由 (yánlùn zìyóu) | 享有自由 (xiǎngyǒu zìyóu) | 失去自由 (shīqù zìyóu),每个人都珍惜自己的自由。,Měi ge rén dōu zhēnxī zìjǐ de zìyóu.,هرکس برای آزادی خود ارزش قائل است.,
1557,自由,zìyóu,HSK 5,名、形,2,不受不合理限制或约束，能够按自己的意愿行动的（形）,آزاد؛ بدون محدودیت یا اجبار (صفت),形,صفت,自由选择 (zìyóu xuǎnzé) | 自由活动 (zìyóu huódòng) | 自由发表意见 (zìyóu fābiǎo yìjiàn),大家可以自由选择想参加的活动。,Dàjiā kěyǐ zìyóu xuǎnzé xiǎng cānjiā de huódòng.,همه می‌توانند آزادانه فعالیت موردنظرشان را انتخاب کنند.,
1558,资源,zīyuán,HSK 5,名,1,可以开发、利用并产生价值的自然条件、人力、信息或财物等（名）,منابع طبیعی، انسانی، اطلاعاتی یا مادیِ قابل بهره‌برداری (اسم),名,اسم,自然资源 (zìrán zīyuán) | 人力资源 (rénlì zīyuán) | 合理利用资源 (hélǐ lìyòng zīyuán),我们应该合理利用有限的资源。,Wǒmen yīnggāi hélǐ lìyòng yǒuxiàn de zīyuán.,باید از منابع محدود به‌شکلی مناسب و سنجیده استفاده کنیم.,
1559,总部,zǒngbù,HSK 5,名,1,组织、企业或军事机构的最高领导机关或主要办公地点（名）,مقر اصلی؛ دفتر مرکزی (اسم),名,اسم,公司总部 (gōngsī zǒngbù) | 总部大楼 (zǒngbù dàlóu) | 设立总部 (shèlì zǒngbù),公司的总部位于上海。,Gōngsī de zǒngbù wèiyú Shànghǎi.,دفتر مرکزی شرکت در شانگهای قرار دارد.,
1560,总共,zǒnggòng,HSK 5,副,1,把全部数量合计在一起（副）,در مجموع؛ روی‌هم‌رفته؛ جمعاً (قید),副,قید,总共有 (zǒnggòng yǒu) | 总共花了 (zǒnggòng huā le) | 总共多少 (zǒnggòng duōshao),完成这项任务总共需要三天。,Wánchéng zhè xiàng rènwu zǒnggòng xūyào sān tiān.,انجام این کار در مجموع سه روز زمان می‌برد.,
1561,综合,zōnghé,HSK 5,动、形,1,把不同方面的情况、意见或材料结合起来（动）,جمع‌بندی و تلفیق کردن جنبه‌های مختلف (فعل),动,فعل,综合各种意见 (zōnghé gèzhǒng yìjiàn) | 综合各方面情况 (zōnghé gè fāngmiàn qíngkuàng) | 综合考虑 (zōnghé kǎolǜ),我们需要综合各方面的意见再作决定。,Wǒmen xūyào zōnghé gè fāngmiàn de yìjiàn zài zuò juédìng.,باید نظرهای مختلف را جمع‌بندی کنیم و سپس تصمیم بگیریم.,
1561,综合,zōnghé,HSK 5,动、形,2,包括多个方面并经过整体考虑的（形）,جامع؛ فراگیر؛ ترکیبی (صفت),形,صفت,综合能力 (zōnghé nénglì) | 综合评价 (zōnghé píngjià) | 综合分析 (zōnghé fēnxī),学校将对学生的表现进行综合评价。,Xuéxiào jiāng duì xuésheng de biǎoxiàn jìnxíng zōnghé píngjià.,مدرسه عملکرد دانش‌آموزان را به‌طور جامع ارزیابی خواهد کرد.,
1562,总数,zǒngshù,HSK 5,名,1,各部分数量相加所得的全部数目（名）,تعداد کل؛ مجموع (اسم),名,اسم,计算总数 (jìsuàn zǒngshù) | 总数达到 (zǒngshù dádào) | 总数不变 (zǒngshù bú biàn),参加活动的人数总数超过了五百。,Cānjiā huódòng de rénshù zǒngshù chāoguò le wǔbǎi.,تعداد کل شرکت‌کنندگان در برنامه از پانصد نفر بیشتر بود.,
1563,总体,zǒngtǐ,HSK 5,名、形,1,由各个部分构成的全部（名）,کل؛ مجموعهٔ کلی (اسم),名,اسم,作为总体 (zuòwéi zǒngtǐ) | 总体与局部 (zǒngtǐ yǔ júbù) | 研究总体 (yánjiū zǒngtǐ),我们应该把这些地区作为一个总体来研究。,Wǒmen yīnggāi bǎ zhèxiē dìqū zuòwéi yí ge zǒngtǐ lái yánjiū.,باید این مناطق را به‌عنوان یک مجموعهٔ واحد بررسی کنیم.,
1563,总体,zǒngtǐ,HSK 5,名、形,2,涉及全部情况或全局的（形）,کلی؛ مربوط به مجموع یا کل وضعیت (صفت),形,صفت,总体规划 (zǒngtǐ guīhuà) | 总体目标 (zǒngtǐ mùbiāo) | 总体情况 (zǒngtǐ qíngkuàng),项目的总体规划已经确定。,Xiàngmù de zǒngtǐ guīhuà yǐjīng quèdìng.,برنامه‌ریزی کلی پروژه مشخص شده است.,
1564,总统,zǒngtǒng,HSK 5,名,1,实行共和制的国家中担任国家元首的人（名）,رئیس‌جمهور (اسم),名,اسم,当选总统 (dāngxuǎn zǒngtǒng) | 总统候选人 (zǒngtǒng hòuxuǎnrén) | 总统发表讲话 (zǒngtǒng fābiǎo jiǎnghuà),总统发表了重要讲话。,Zǒngtǒng fābiǎo le zhòngyào jiǎnghuà.,رئیس‌جمهور سخنرانی مهمی ایراد کرد.,
1565,总之,zǒngzhī,HSK 5,连,1,用于概括前面的内容并引出总结性的话（连）,خلاصه؛ در مجموع؛ خلاصه اینکه (حرف ربط),连,حرف ربط,总之还是 (zǒngzhī háishi) | 总之不能 (zǒngzhī bù néng) | 总之一句话 (zǒngzhī yí jù huà),总之，我们还需要继续努力。,"Zǒngzhī, wǒmen hái xūyào jìxù nǔlì.",خلاصه اینکه هنوز باید به تلاشمان ادامه دهیم.,
1567,组成,zǔchéng,HSK 5,动、名,1,若干部分结合起来形成一个整体（动）,تشکیل دادن؛ تشکیل شدن (فعل),动,فعل,组成团队 (zǔchéng tuánduì) | 由三部分组成 (yóu sān bùfen zǔchéng) | 共同组成 (gòngtóng zǔchéng),这些零件组成了一套完整的系统。,Zhèxiē língjiàn zǔchéng le yí tào wánzhěng de xìtǒng.,این قطعات یک سامانهٔ کامل را تشکیل می‌دهند.,
1567,组成,zǔchéng,HSK 5,动、名,2,构成一个整体的人员、成分或结构（名）,ترکیب؛ ساختار تشکیل‌دهنده (اسم),名,اسم,人员组成 (rényuán zǔchéng) | 成分组成 (chéngfèn zǔchéng) | 团队组成 (tuánduì zǔchéng),这个团队的人员组成比较复杂。,Zhège tuánduì de rényuán zǔchéng bǐjiào fùzá.,ترکیب اعضای این تیم نسبتاً پیچیده است.,
1568,足够,zúgòu,HSK 5,形、副,1,数量或程度达到实际需要的（形）,کافی؛ به‌اندازهٔ لازم (صفت),形,صفت,时间足够 (shíjiān zúgòu) | 资金足够 (zījīn zúgòu) | 有足够的证据 (yǒu zúgòu de zhèngjù),我们有足够的资金完成这个项目。,Wǒmen yǒu zúgòu de zījīn wánchéng zhège xiàngmù.,برای تکمیل این پروژه منابع مالی کافی داریم.,
1568,足够,zúgòu,HSK 5,形、副,2,达到能够完成某事或说明某种情况的程度（副）,به‌اندازهٔ کافی (قید),副,قید,足够说明问题 (zúgòu shuōmíng wèntí) | 足够应付 (zúgòu yìngfu) | 足够让人相信 (zúgòu ràng rén xiāngxìn),这些证据足够说明问题。,Zhèxiē zhèngjù zúgòu shuōmíng wèntí.,این شواهد برای روشن‌کردن موضوع کافی‌اند.,
1569,组合,zǔhé,HSK 5,动、名,1,把若干人或事物按照一定方式结合在一起（动）,ترکیب کردن؛ کنار هم قرار دادن (فعل),动,فعل,组合材料 (zǔhé cáiliào) | 自由组合 (zìyóu zǔhé) | 重新组合 (chóngxīn zǔhé),你可以按照自己的需要组合这些模块。,Nǐ kěyǐ ànzhào zìjǐ de xūyào zǔhé zhèxiē mókuài.,می‌توانی این بخش‌ها را مطابق نیاز خود با هم ترکیب کنی.,
1569,组合,zǔhé,HSK 5,动、名,2,按照一定方式结合在一起的人或事物（名）,ترکیب؛ مجموعهٔ تشکیل‌شده از چند جزء (اسم),名,اسم,最佳组合 (zuìjiā zǔhé) | 不同组合 (bùtóng zǔhé) | 产品组合 (chǎnpǐn zǔhé),这种颜色组合看起来很舒服。,Zhè zhǒng yánsè zǔhé kànqilai hěn shūfu.,این ترکیب رنگ بسیار دلنشین به نظر می‌رسد.,
1570,醉,zuì,HSK 5,动、形,1,饮酒过量后神志不清或身体失去正常控制的（形）,مست؛ از حالت طبیعی خارج‌شده بر اثر نوشیدن الکل (صفت),形,صفت,已经醉了 (yǐjīng zuì le) | 醉得厉害 (zuì de lìhai) | 半醉半醒 (bàn zuì bàn xǐng),他昨天晚上醉得很厉害。,Tā zuótiān wǎnshang zuì de hěn lìhai.,او دیشب به‌شدت مست بود.,
1570,醉,zuì,HSK 5,动、形,2,因饮酒过量而进入神志不清的状态（动）,مست شدن (فعل),动,فعل,喝醉 (hēzuì) | 容易醉 (róngyì zuì) | 一喝就醉 (yì hē jiù zuì),他只喝了一杯就醉了。,Tā zhǐ hē le yì bēi jiù zuì le.,او تنها با نوشیدن یک لیوان مست شد.,
1571,嘴巴,zuǐba,HSK 5,名,1,（口语）人的嘴，也可指嘴唇及口腔部分（名）,دهان؛ لب و دهان (محاوره‌ای) (اسم),名,اسم,张开嘴巴 (zhāngkāi zuǐba) | 闭上嘴巴 (bìshàng zuǐba) | 嘴巴周围 (zuǐba zhōuwéi),他的嘴巴周围沾满了巧克力。,Tā de zuǐba zhōuwéi zhān mǎn le qiǎokèlì.,دور دهانش پر از شکلات شده بود.,
1572,最初,zuìchū,HSK 5,名,1,最早的时期或事情刚开始的时候（名）,ابتدا؛ آغاز؛ نخستین مرحله (اسم),名,اسم,最初阶段 (zuìchū jiēduàn) | 最初计划 (zuìchū jìhuà) | 回到最初 (huídào zuìchū),最初我并不同意这个计划。,Zuìchū wǒ bìng bù tóngyì zhège jìhuà.,در ابتدا با این برنامه موافق نبودم.,
1573,最佳,zuìjiā,HSK 5,形,1,（较正式）最好或最合适的（形）,بهترین؛ مناسب‌ترین؛ مطلوب‌ترین (رسمی‌تر) (صفت),形,صفت,最佳选择 (zuìjiā xuǎnzé) | 最佳方案 (zuìjiā fāng'àn) | 最佳时机 (zuìjiā shíjī),这是解决问题的最佳方案。,Zhè shì jiějué wèntí de zuìjiā fāng'àn.,این بهترین راه‌حل برای رفع مشکل است.,
1574,租金,zūjīn,HSK 5,名,1,租用房屋、土地、车辆或设备等定期支付的钱（名）,اجاره‌بها؛ مبلغ اجاره (اسم),名,اسم,支付租金 (zhīfù zūjīn) | 每月租金 (měi yuè zūjīn) | 降低租金 (jiàngdī zūjīn),这个城市的房屋租金很高。,Zhège chéngshì de fángwū zūjīn hěn gāo.,اجاره‌بهای مسکن در این شهر بسیار بالاست.,
1575,尊敬,zūnjìng,HSK 5,动,1,因对方的品德、身份或能力而敬重对方（动）,احترام گذاشتن؛ محترم شمردن (فعل),动,فعل,尊敬长辈 (zūnjìng zhǎngbèi) | 尊敬老师 (zūnjìng lǎoshī) | 值得尊敬 (zhíde zūnjìng),我们应该尊敬每一位员工。,Wǒmen yīnggāi zūnjìng měi yí wèi yuángōng.,باید به تک‌تک کارکنان احترام بگذاریم.,
1576,遵守,zūnshǒu,HSK 5,动,1,按照法律、规定、纪律或约定去做，不违反（动）,رعایت کردن؛ پایبند بودن (فعل),动,فعل,遵守规定 (zūnshǒu guīdìng) | 遵守法律 (zūnshǒu fǎlǜ) | 遵守承诺 (zūnshǒu chéngnuò),所有企业都必须遵守相关法律。,Suǒyǒu qǐyè dōu bìxū zūnshǒu xiāngguān fǎlǜ.,همهٔ شرکت‌ها باید قوانین مربوط را رعایت کنند.,
1577,作出,zuòchū,HSK 5,动,1,（较正式）经过思考或行动产生决定、选择、反应、贡献等（动）,اتخاذ کردن؛ نشان دادن؛ انجام دادن (رسمی‌تر) (فعل),动,فعل,作出决定 (zuòchū juédìng) | 作出选择 (zuòchū xuǎnzé) | 作出贡献 (zuòchū gòngxiàn),公司已经作出了重要决定。,Gōngsī yǐjīng zuòchū le zhòngyào juédìng.,شرکت تصمیم مهمی گرفته است.,
1578,阻止,zǔzhǐ,HSK 5,动,1,使某人不能做某事，或使某事不能发生、继续（动）,جلوگیری کردن؛ مانع شدن؛ بازداشتن (فعل),动,فعل,阻止对方离开 (zǔzhǐ duìfāng líkāi) | 阻止事故发生 (zǔzhǐ shìgù fāshēng) | 设法阻止 (shèfǎ zǔzhǐ),工作人员及时阻止了事故的发生。,Gōngzuò rényuán jíshí zǔzhǐ le shìgù de fāshēng.,کارکنان به‌موقع از وقوع حادثه جلوگیری کردند.,
1579,组织,zǔzhī,HSK 5,动、名,1,安排人员或事物，使其有系统地开展活动或完成任务（动）,سازمان‌دهی کردن؛ ترتیب دادن (فعل),动,فعل,组织活动 (zǔzhī huódòng) | 组织会议 (zǔzhī huìyì) | 组织人员撤离 (zǔzhī rényuán chèlí),学校组织了一次文化交流活动。,Xuéxiào zǔzhī le yí cì wénhuà jiāoliú huódòng.,مدرسه یک برنامهٔ تبادل فرهنگی ترتیب داد.,
1579,组织,zǔzhī,HSK 5,动、名,2,由一定人员组成、具有共同目标和结构的团体（名）,سازمان؛ نهاد؛ تشکیلات (اسم),名,اسم,国际组织 (guójì zǔzhī) | 社会组织 (shèhuì zǔzhī) | 加入组织 (jiārù zǔzhī),这个国际组织在多个国家开展工作。,Zhège guójì zǔzhī zài duō ge guójiā kāizhǎn gōngzuò.,این سازمان بین‌المللی در چند کشور فعالیت می‌کند.,
1579,组织,zǔzhī,HSK 5,动、名,3,（生物）由形态和功能相似的细胞构成的结构（名）,بافت زیستی (اسم، زیست‌شناسی),名,اسم، زیست‌شناسی,人体组织 (réntǐ zǔzhī) | 肌肉组织 (jīròu zǔzhī) | 组织受损 (zǔzhī shòusǔn),医生检查了受伤部位的组织。,Yīshēng jiǎnchá le shòushāng bùwèi de zǔzhī.,پزشک بافت ناحیهٔ آسیب‌دیده را بررسی کرد.,
