word_id,chinese_word,pinyin,word_hsk_level,official_pos,sense_id,chinese_meaning,persian_meaning,chinese_pos,persian_pos,collocations,example_chinese,example_pinyin,example_persian_translation,notes
1,岸,àn,HSK 6,名,1,江、河、湖、海等水域边缘的陆地（名）,ساحل؛ کرانه؛ کنارهٔ آب (اسم),名,اسم,海岸 (hǎi'àn) | 河岸 (hé'àn) | 岸上 (ànshàng) | 两岸 (liǎng'àn),他站在岸上看着远处的船。,Tā zhàn zài ànshàng kànzhe yuǎnchù de chuán.,او در ساحل ایستاده بود و کشتی دوردست را تماشا می‌کرد.,
2,昂贵,ángguì,HSK 6,形,1,（较正式）价格或需要付出的代价很高（形）,گران؛ پرهزینه؛ گزاف (رسمی‌تر) (صفت),形,صفت,价格昂贵 (jiàgé ángguì) | 昂贵的设备 (ángguì de shèbèi) | 昂贵的代价 (ángguì de dàijià),这台设备价格昂贵，小公司难以购买。,"Zhè tái shèbèi jiàgé ángguì, xiǎo gōngsī nányǐ gòumǎi.",قیمت این دستگاه بسیار بالاست و شرکت‌های کوچک به‌سختی می‌توانند آن را بخرند.,
3,案例,ànlì,HSK 6,名,1,（多用于商业、法律、教育或研究等领域）用于分析、说明或研究的实际事件或事例（名）,مورد؛ نمونهٔ موردی (بیشتر در تجارت، حقوق، آموزش یا پژوهش) (اسم),名,اسم,典型案例 (diǎnxíng ànlì) | 成功案例 (chénggōng ànlì) | 案例分析 (ànlì fēnxī),这个案例对企业管理有参考价值。,Zhège ànlì duì qǐyè guǎnlǐ yǒu cānkǎo jiàzhí.,این مورد می‌تواند مرجع مفیدی برای مدیریت شرکت‌ها باشد.,
4,按摩,ànmó,HSK 6,动、名,1,用手或工具揉、捏、按压身体，以达到放松、保健或治疗的目的（动）,ماساژ دادن؛ ماساژ کردن (فعل),动,فعل,按摩肩膀 (ànmó jiānbǎng) | 轻轻按摩 (qīngqīng ànmó) | 给病人按摩 (gěi bìngrén ànmó),运动以后可以适当按摩腿部肌肉。,Yùndòng yǐhòu kěyǐ shìdàng ànmó tuǐbù jīròu.,پس از ورزش می‌توان ماهیچه‌های پا را به‌آرامی ماساژ داد.,
4,按摩,ànmó,HSK 6,动、名,2,通过揉、捏、按压身体进行的放松、保健或治疗活动（名）,ماساژ؛ عمل یا جلسهٔ ماساژ (اسم),名,اسم,做按摩 (zuò ànmó) | 接受按摩 (jiēshòu ànmó) | 一次按摩 (yí cì ànmó),运动以后做一次按摩可以帮助身体恢复。,Yùndòng yǐhòu zuò yí cì ànmó kěyǐ bāngzhù shēntǐ huīfù.,ماساژ پس از ورزش می‌تواند به بازیابی توان بدن کمک کند.,
5,暗示,ànshì,HSK 6,动、名,1,不直接说明，而通过语言、表情或行为让别人明白某种意思（动）,اشاره کردن؛ به‌طور غیرمستقیم فهماندن؛ القا کردن (فعل),动,فعل,暗示某人 (ànshì mǒurén) | 用眼神暗示 (yòng yǎnshén ànshì) | 不断暗示 (búduàn ànshì),他的眼神暗示我不要继续说下去。,Tā de yǎnshén ànshì wǒ bú yào jìxù shuō xiàqù.,او با نگاهش به من فهماند که دیگر ادامه ندهم.,
5,暗示,ànshì,HSK 6,动、名,2,没有明确表达但能起提示或影响作用的信息、言行等（名）,اشاره یا پیام غیرمستقیم؛ تلقین (اسم),名,اسم,心理暗示 (xīnlǐ ànshì) | 明显的暗示 (míngxiǎn de ànshì) | 接受暗示 (jiēshòu ànshì),心理暗示可能会影响人的判断。,Xīnlǐ ànshì kěnéng huì yǐngxiǎng rén de pànduàn.,تلقین روانی ممکن است بر قضاوت انسان تأثیر بگذارد.,
6,败,bài,HSK 6,动,1,（较正式）在比赛或斗争中失败，输给对方（动）,شکست خوردن؛ مغلوب شدن (رسمی‌تر) (فعل),动,فعل,败给对手 (bài gěi duìshǒu) | 败在经验不足 (bài zài jīngyàn bùzú) | 以一分之差而败 (yǐ yì fēn zhī chā ér bài),这场比赛我们最终败给了对手。,Zhè chǎng bǐsài wǒmen zuìzhōng bài gěi le duìshǒu.,ما در این مسابقه سرانجام از حریف شکست خوردیم.,
6,败,bài,HSK 6,动,2,（较正式）在比赛或斗争中打败对方（动）,شکست دادن؛ مغلوب کردن (رسمی‌تر) (فعل),动,فعل,大败对手 (dà bài duìshǒu) | 大败敌军 (dà bài díjūn) | 一举败敌 (yì jǔ bài dí),我们的队伍以三比一大败对手。,Wǒmen de duìwu yǐ sān bǐ yī dà bài duìshǒu.,تیم ما حریف را با نتیجهٔ سه بر یک قاطعانه شکست داد.,
6,败,bài,HSK 6,动,3,花朵凋谢或枯萎（动）,پژمرده شدن؛ فرو ریختن گل‌ها (فعل),动,فعل,花败了 (huā bài le) | 桃花已败 (táohuā yǐ bài) | 开了又败 (kāi le yòu bài),春天快结束时，院子里的花都败了。,"Chūntiān kuài jiéshù shí, yuànzi li de huā dōu bài le.",نزدیک پایان بهار، همهٔ گل‌های حیاط پژمرده شدند.,
7,摆,bǎi,HSK 6,动、名,1,把物品放在某个位置，或按照一定方式排列（动）,گذاشتن؛ قرار دادن؛ چیدن (فعل),动,فعل,摆在桌上 (bǎi zài zhuōshang) | 摆整齐 (bǎi zhěngqí) | 摆好餐具 (bǎi hǎo cānjù),请把文件摆在桌子上。,Qǐng bǎ wénjiàn bǎi zài zhuōzi shàng.,لطفاً پرونده‌ها را روی میز بگذار.,
7,摆,bǎi,HSK 6,动、名,2,向两边或前后反复摇动（动）,به این‌سو و آن‌سو حرکت کردن یا حرکت دادن (فعل),动,فعل,尾巴左右摆 (wěiba zuǒyòu bǎi) | 胳膊前后摆 (gēbo qiánhòu bǎi) | 不停地来回摆 (bùtíng de láihuí bǎi),小狗的尾巴不停地左右摆。,Xiǎogǒu de wěiba bùtíng de zuǒyòu bǎi.,دم سگ کوچولو مدام به چپ و راست حرکت می‌کرد.,
7,摆,bǎi,HSK 6,动、名,3,使身体做出某种姿势或样子（动）,حالت یا ژست خاصی گرفتن (فعل),动,فعل,摆姿势 (bǎi zīshì) | 摆好姿势 (bǎi hǎo zīshì) | 摆出拍照的姿势 (bǎi chū pāizhào de zīshì),她站在镜头前摆了一个可爱的姿势。,Tā zhàn zài jìngtóu qián bǎi le yí ge kě'ài de zīshì.,او مقابل دوربین ژست بامزه‌ای گرفت.,
7,摆,bǎi,HSK 6,动、名,4,故意显示身份、能力、财富或威势（动）,به رخ کشیدن؛ خودنمایی یا قدرت‌نمایی کردن (فعل),动,فعل,摆出领导的样子 (bǎi chū lǐngdǎo de yàngzi) | 摆出高高在上的姿态 (bǎi chū gāogāozàishàng de zītài) | 摆出一副了不起的样子 (bǎi chū yí fù liǎobuqǐ de yàngzi),他总爱摆出一副高高在上的样子。,Tā zǒng ài bǎi chū yí fù gāogāozàishàng de yàngzi.,او همیشه دوست دارد خودش را برتر از دیگران نشان دهد.,
7,摆,bǎi,HSK 6,动、名,5,把事实、理由或问题等明确列出或说出来（动）,مطرح کردن؛ آشکارا پیش کشیدن (فعل),动,فعل,摆事实 (bǎi shìshí) | 摆道理 (bǎi dàolǐ) | 把问题摆出来 (bǎ wèntí bǎi chūlái),有什么问题都可以摆出来谈。,Yǒu shénme wèntí dōu kěyǐ bǎi chūlái tán.,هر مشکلی را می‌توان آشکارا مطرح و دربارهٔ آن گفت‌وگو کرد.,
7,摆,bǎi,HSK 6,动、名,6,钟表或仪器中能够有规律地来回摆动的装置（名）,آونگ؛ پاندول (اسم),名,اسم,摆的周期 (bǎi de zhōuqī) | 摆的长度 (bǎi de chángdù) | 调整摆的位置 (tiáozhěng bǎi de wèizhi),这个钟的摆已经停止摆动了。,Zhège zhōng de bǎi yǐjīng tíngzhǐ bǎidòng le.,پاندول این ساعت دیگر از حرکت بازایستاده است.,
8,白白,báibái,HSK 6,副,1,没有取得应有的结果或效果，徒然地（副）,بیهوده؛ بی‌نتیجه؛ بی‌حاصل (قید),副,قید,白白浪费 (báibái làngfèi) | 白白等待 (báibái děngdài) | 白白失去 (báibái shīqù),这么好的机会不能白白浪费。,Zhème hǎo de jīhuì bù néng báibái làngfèi.,نباید چنین فرصت خوبی را بیهوده هدر داد.,
8,白白,báibái,HSK 6,副,2,不付出或得不到任何代价、报酬（副）,مفت؛ رایگان؛ بدون پرداخت یا دریافت عوض (قید),副,قید,白白得到 (báibái dédào) | 白白送给 (báibái sònggěi) | 白白拿走 (báibái názǒu),我不能白白拿你的东西。,Wǒ bù néng báibái ná nǐ de dōngxi.,نمی‌توانم وسایلت را مفت بردارم.,
9,拜访,bàifǎng,HSK 6,动,1,（较正式）到别人那里访问或看望，含有尊重、礼貌的意味（动）,به دیدار کسی رفتن؛ ملاقات کردن (رسمی‌تر و مؤدبانه) (فعل),动,فعل,拜访客户 (bàifǎng kèhù) | 拜访朋友 (bàifǎng péngyou) | 登门拜访 (dēngmén bàifǎng),我明天要拜访一位重要客户。,Wǒ míngtiān yào bàifǎng yí wèi zhòngyào kèhù.,فردا می‌خواهم به دیدار یکی از مشتریان مهم بروم.,
10,摆放,bǎifàng,HSK 6,动,1,把物品放在一定的位置或按照一定方式排列（动）,قرار دادن؛ چیدن؛ مرتب‌کردن (فعل),动,فعل,摆放整齐 (bǎifàng zhěngqí) | 摆放家具 (bǎifàng jiājù) | 摆放商品 (bǎifàng shāngpǐn),商品已经摆放整齐了。,Shāngpǐn yǐjīng bǎifàng zhěngqí le.,کالاها به‌طور مرتب چیده شده‌اند.,
11,百分点,bǎifēndiǎn,HSK 6,名,1,表示两个百分数之间差值的单位，一个百分点等于百分之一（名）,واحد اختلاف میان دو مقدار درصدی؛ واحد درصد (اسم),名,اسم,提高五个百分点 (tígāo wǔ ge bǎifēndiǎn) | 下降两个百分点 (xiàjiàng liǎng ge bǎifēndiǎn) | 相差三个百分点 (xiāngchà sān ge bǎifēndiǎn),失业率从百分之十降到百分之八，下降了两个百分点。,"Shīyèlǜ cóng bǎifēnzhī shí jiàng dào bǎifēnzhī bā, xiàjiàng le liǎng ge bǎifēndiǎn.",نرخ بیکاری از ده درصد به هشت درصد کاهش یافت؛ یعنی دو واحد درصد پایین آمد.,
12,百货,bǎihuò,HSK 6,名,1,各种商品的总称，多指日常生活中使用的各类商品（名）,انواع کالاها؛ کالاهای گوناگون مصرفی و روزمره (اسم),名,اسم,日用百货 (rìyòng bǎihuò) | 经营百货 (jīngyíng bǎihuò) | 百货齐全 (bǎihuò qíquán),这家商店经营服装、文具等日用百货。,Zhè jiā shāngdiàn jīngyíng fúzhuāng、wénjù děng rìyòng bǎihuò.,این فروشگاه انواع کالاهای مصرفی روزمره مانند پوشاک و نوشت‌افزار عرضه می‌کند.,
13,白领,báilǐng,HSK 6,名,1,从事脑力劳动的职业人员，通常指在办公室工作的职员或专业人员（名）,کارمند یقه‌سفید؛ شاغلِ کار فکری، اداری یا تخصصی (اسم),名,اسم,白领阶层 (báilǐng jiēcéng) | 白领工作 (báilǐng gōngzuò) | 城市白领 (chéngshì báilǐng),许多城市白领长期在办公室工作。,Xǔduō chéngshì báilǐng chángqī zài bàngōngshì gōngzuò.,بسیاری از کارمندان یقه‌سفید شهری مدت زیادی در محیط اداری کار می‌کنند.,
14,拜年,bàinián,HSK 6,动,1,春节期间通过登门、电话或信息等方式向别人祝贺新年（动）,در ایام سال نوی چینی به دیگران تبریک گفتن یا برای تبریک سال نو به دیدارشان رفتن (فعل),动,فعل,给长辈拜年 (gěi zhǎngbèi bàinián) | 上门拜年 (shàngmén bàinián) | 春节拜年 (Chūnjié bàinián),春节时，我们会去亲戚家拜年。,"Chūnjié shí, wǒmen huì qù qīnqi jiā bàinián.",در جشن بهار برای تبریک سال نو به خانهٔ بستگان می‌رویم.,
15,摆脱,bǎituō,HSK 6,动,1,脱离困境、束缚、控制或不良状态（动）,از وضعیت دشوار، قیدوبند، کنترل یا حالت نامطلوب رها و خلاص شدن (فعل),动,فعل,摆脱困境 (bǎituō kùnjìng) | 摆脱束缚 (bǎituō shùfù) | 摆脱控制 (bǎituō kòngzhì),他终于摆脱了长期以来的心理压力。,Tā zhōngyú bǎituō le chángqī yǐlái de xīnlǐ yālì.,او سرانجام از فشار روانی دیرینه‌اش رها شد.,
16,版,bǎn,HSK 6,名,1,书籍、文件等因排印次数、修订内容或载体形式不同而形成的版本（名）,چاپ، ویرایش یا نسخهٔ متفاوت یک کتاب یا سند از نظر نوبت انتشار، محتوا یا قالب (اسم),名,اسم,电子版 (diànzǐbǎn) | 纸质版 (zhǐzhìbǎn) | 这本书的第三版 (zhè běn shū de dì-sān bǎn),这份报告有电子版和纸质版。,Zhè fèn bàogào yǒu diànzǐbǎn hé zhǐzhìbǎn.,این گزارش هم نسخهٔ الکترونیکی دارد و هم نسخهٔ چاپی.,
16,版,bǎn,HSK 6,名,2,（印刷）刻有文字或图形、用于印刷的底板（名）,لوح یا صفحهٔ چاپ (در صنعت چاپ) (اسم),名,اسم,雕刻这块版 (diāokè zhè kuài bǎn) | 版已经制好 (bǎn yǐjīng zhì hǎo) | 清洗印刷用的版 (qīngxǐ yìnshuā yòng de bǎn),印刷工人已经把这块版刻好了。,Yìnshuā gōngrén yǐjīng bǎ zhè kuài bǎn kè hǎo le.,کارگر چاپ حکاکی این لوح چاپ را تمام کرده است.,
16,版,bǎn,HSK 6,名,3,报纸按页面或内容划分的部分（名）,صفحه یا بخش روزنامه (اسم),名,اسم,报纸的第一版 (bàozhǐ de dì-yī bǎn) | 刊登在第五版 (kāndēng zài dì-wǔ bǎn) | 占了整整一版 (zhàn le zhěngzhěng yí bǎn),这条新闻刊登在今天报纸的第一版。,Zhè tiáo xīnwén kāndēng zài jīntiān bàozhǐ de dì-yī bǎn.,این خبر در صفحهٔ اول روزنامهٔ امروز منتشر شده است.,
17,版本,bǎnběn,HSK 6,名,1,同一书籍、软件、作品或产品因时间、内容或形式不同而形成的不同样式（名）,نسخه؛ ویرایش؛ ورژن متفاوت یک اثر، نرم‌افزار یا محصول (اسم),名,اسم,最新版本 (zuìxīn bǎnběn) | 软件版本 (ruǎnjiàn bǎnběn) | 发布新版本 (fābù xīn bǎnběn),这个软件已经更新到最新版本。,Zhège ruǎnjiàn yǐjīng gēngxīn dào zuìxīn bǎnběn.,این نرم‌افزار به جدیدترین نسخه به‌روزرسانی شده است.,
18,棒球,bàngqiú,HSK 6,名,1,一种用球棒击球、由两队进行攻守比赛的球类运动（名）,بیسبال (اسم),名,اسم,打棒球 (dǎ bàngqiú) | 棒球比赛 (bàngqiú bǐsài) | 喜欢棒球 (xǐhuan bàngqiú),他从小就喜欢打棒球。,Tā cóngxiǎo jiù xǐhuan dǎ bàngqiú.,او از کودکی به بازی بیسبال علاقه داشته است.,
19,榜样,bǎngyàng,HSK 6,名,1,值得别人学习或模仿的人或事物（名）,الگو؛ شخص یا چیزی شایستهٔ پیروی (اسم),名,اسم,学习的榜样 (xuéxí de bǎngyàng) | 树立榜样 (shùlì bǎngyàng) | 以他为榜样 (yǐ tā wéi bǎngyàng),他是年轻人学习的榜样。,Tā shì niánqīngrén xuéxí de bǎngyàng.,او الگویی شایسته برای جوانان است.,
20,伴随,bànsuí,HSK 6,动,1,（较正式）与某人或某事物一同出现、发生或存在（动）,همراه بودن یا همراه شدن با کسی یا چیزی (رسمی‌تر) (فعل),动,فعل,伴随某人成长 (bànsuí mǒurén chéngzhǎng) | 伴随变化而来 (bànsuí biànhuà ér lái) | 始终伴随 (shǐzhōng bànsuí),经济发展往往伴随着社会变化。,Jīngjì fāzhǎn wǎngwǎng bànsuízhe shèhuì biànhuà.,توسعهٔ اقتصادی اغلب با تغییرات اجتماعی همراه است.,
21,扮演,bànyǎn,HSK 6,动,1,在戏剧、电影等表演中饰演某个角色（动）,نقش کسی را بازی یا ایفا کردن (فعل),动,فعل,扮演主角 (bànyǎn zhǔjué) | 扮演医生 (bànyǎn yīshēng) | 扮演反派 (bànyǎn fǎnpài),他在电影中扮演一名医生。,Tā zài diànyǐng zhōng bànyǎn yì míng yīshēng.,او در این فیلم نقش یک پزشک را بازی می‌کند.,
21,扮演,bànyǎn,HSK 6,动,2,（比喻）在社会、组织或事情的发展中发挥某种作用或承担某种职责（动）,نقشی یا مسئولیتی را ایفا کردن (مجازی) (فعل),动,فعل,扮演重要角色 (bànyǎn zhòngyào juésè) | 扮演关键角色 (bànyǎn guānjiàn juésè) | 在其中扮演某种角色 (zài qízhōng bànyǎn mǒuzhǒng juésè),企业在经济发展中扮演着重要角色。,Qǐyè zài jīngjì fāzhǎn zhōng bànyǎnzhe zhòngyào juésè.,شرکت‌ها در توسعهٔ اقتصادی نقش مهمی ایفا می‌کنند.,
22,爆,bào,HSK 6,动,1,物体因受热、压力或撞击而突然破裂或炸开（动）,ترکیدن؛ منفجر شدن (فعل),动,فعل,气球爆了 (qìqiú bào le) | 轮胎爆了 (lúntāi bào le) | 水管突然爆了 (shuǐguǎn tūrán bào le),气球突然爆了。,Qìqiú tūrán bào le.,بادکنک ناگهان ترکید.,
22,爆,bào,HSK 6,动,2,（口语）消息、秘密或内幕等突然被公开或揭露（动）,افشا کردن یا افشا شدن ناگهانیِ خبر، راز یا پشت‌پرده (محاوره‌ای) (فعل),动,فعل,爆出消息 (bào chū xiāoxi) | 被媒体爆出 (bèi méitǐ bào chū) | 爆出内幕 (bào chū nèimù),这件事很快就被媒体爆了出来。,Zhè jiàn shì hěn kuài jiù bèi méitǐ bào le chūlái.,این ماجرا خیلی زود توسط رسانه‌ها افشا شد.,
22,爆,bào,HSK 6,动,3,（网络口语）突然变得非常受欢迎或引起广泛关注（动）,ناگهان بسیار محبوب، پربازدید یا خبرساز شدن (گفتار اینترنتی) (فعل),动,فعل,这首歌爆了 (zhè shǒu gē bào le) | 视频一下子爆了 (shìpín yíxiàzi bào le) | 在网上爆了 (zài wǎngshàng bào le),这个视频发布后很快就在网上爆了。,Zhège shìpín fābù hòu hěn kuài jiù zài wǎngshàng bào le.,این ویدئو پس از انتشار خیلی زود در اینترنت پربازدید و خبرساز شد.,
22,爆,bào,HSK 6,动,4,（烹饪）用旺火和热油迅速翻炒食物，使其刚熟就出锅（动）,با حرارت زیاد و روغن داغ به‌سرعت تفت دادن (در آشپزی) (فعل),动,فعل,用热油爆 (yòng rèyóu bào) | 把肉片爆一下 (bǎ ròupiàn bào yíxià) | 快速爆熟 (kuàisù bào shú),厨师把肉片放进热油里爆了一下。,Chúshī bǎ ròupiàn fàng jìn rèyóu li bào le yíxià.,آشپز برش‌های گوشت را در روغن داغ به‌سرعت تفت داد.,
23,爆发,bàofā,HSK 6,动,1,战争、冲突、危机或疾病等突然发生并迅速发展（动）,ناگهان آغاز یا بروز کردن و به‌سرعت گسترش یافتن (فعل),动,فعل,战争爆发 (zhànzhēng bàofā) | 爆发冲突 (bàofā chōngtū) | 危机突然爆发 (wēijī tūrán bàofā),两国之间爆发了冲突。,Liǎng guó zhījiān bàofā le chōngtū.,میان دو کشور درگیری آغاز شد.,
23,爆发,bàofā,HSK 6,动,2,情绪或力量等突然强烈地表现或释放出来（动）,ناگهان و به‌شدت بروز یا فوران کردن (فعل),动,فعل,情绪爆发 (qíngxù bàofā) | 爆发出怒火 (bàofā chū nùhuǒ) | 力量瞬间爆发 (lìliang shùnjiān bàofā),他压抑已久的愤怒突然爆发了。,Tā yāyì yǐjiǔ de fènnù tūrán bàofā le.,خشم فروخوردهٔ دیرینه‌اش ناگهان فوران کرد.,
24,保管,bǎoguǎn,HSK 6,动、副,1,负责保存和管理物品，使其不丢失或损坏（动）,نگهداری و مراقبت کردن از چیزی برای جلوگیری از گم‌شدن یا آسیب‌دیدن آن (فعل),动,فعل,保管文件 (bǎoguǎn wénjiàn) | 保管物品 (bǎoguǎn wùpǐn) | 妥善保管 (tuǒshàn bǎoguǎn),请保管好你的证件。,Qǐng bǎoguǎn hǎo nǐ de zhèngjiàn.,لطفاً از مدارکت به‌خوبی نگهداری کن.,
24,保管,bǎoguǎn,HSK 6,动、副,2,（口语）表示很有把握，认为某事一定会发生或产生某种结果（副）,حتماً؛ مطمئناً (محاوره‌ای) (قید),副,قید,保管没问题 (bǎoguǎn méi wèntí) | 保管有效 (bǎoguǎn yǒuxiào) | 保管让你满意 (bǎoguǎn ràng nǐ mǎnyì),你放心，这个办法保管有效。,"Nǐ fàngxīn, zhège bànfǎ bǎoguǎn yǒuxiào.",نگران نباش؛ این روش حتماً مؤثر است.,
25,保健,bǎojiàn,HSK 6,动、名,1,通过合理饮食、锻炼等方式保护健康、预防疾病（动）,با تغذیه، ورزش و روش‌های مناسب از سلامت مراقبت و از بیماری پیشگیری کردن (فعل),动,فعل,科学保健 (kēxué bǎojiàn) | 通过运动保健 (tōngguò yùndòng bǎojiàn) | 学会自我保健 (xuéhuì zìwǒ bǎojiàn),人们应该通过合理饮食和适量运动来保健。,Rénmen yīnggāi tōngguò hélǐ yǐnshí hé shìliàng yùndòng lái bǎojiàn.,مردم باید با تغذیهٔ مناسب و ورزش کافی از سلامت خود مراقبت کنند.,
25,保健,bǎojiàn,HSK 6,动、名,2,保护健康、预防疾病的活动或措施（名）,مراقبت‌ها و اقدام‌های مربوط به حفظ سلامت و پیشگیری از بیماری (اسم),名,اسم,日常保健 (rìcháng bǎojiàn) | 医疗保健 (yīliáo bǎojiàn) | 保健工作 (bǎojiàn gōngzuò),妇幼保健是公共卫生的重要组成部分。,Fùyòu bǎojiàn shì gōnggòng wèishēng de zhòngyào zǔchéng bùfen.,مراقبت‌های بهداشتی مادران و کودکان بخش مهمی از بهداشت عمومی است.,
26,报刊,bàokān,HSK 6,名,1,报纸和各种期刊的总称（名）,مطبوعات؛ روزنامه‌ها و نشریات دوره‌ای (اسم),名,اسم,阅读报刊 (yuèdú bàokān) | 订阅报刊 (dìngyuè bàokān) | 报刊发行 (bàokān fāxíng),这篇文章曾在多家报刊上发表。,Zhè piān wénzhāng céng zài duō jiā bàokān shàng fābiǎo.,این مقاله پیش‌تر در چند روزنامه و نشریه منتشر شده است.,
27,暴力,bàolì,HSK 6,名,1,使用强制力量伤害他人、破坏事物或迫使别人服从的行为（名）,خشونت؛ استفاده از زور برای آسیب‌رساندن، تخریب یا وادارکردن دیگران به اطاعت (اسم),名,اسم,暴力行为 (bàolì xíngwéi) | 家庭暴力 (jiātíng bàolì) | 暴力犯罪 (bàolì fànzuì),我们应该反对任何形式的暴力。,Wǒmen yīnggāi fǎnduì rènhé xíngshì de bàolì.,ما باید با هر نوع خشونتی مخالفت کنیم.,
28,暴露,bàolù,HSK 6,动,1,使隐藏的人、事物或问题显现出来，也指其自行显露（动）,آشکار یا فاش کردن؛ آشکار یا فاش شدن (فعل),动,فعل,暴露问题 (bàolù wèntí) | 暴露身份 (bàolù shēnfèn) | 暴露目标 (bàolù mùbiāo),这次调查暴露了管理中存在的许多问题。,Zhè cì diàochá bàolù le guǎnlǐ zhōng cúnzài de xǔduō wèntí.,این بررسی بسیاری از مشکلات موجود در مدیریت را آشکار کرد.,
28,暴露,bàolù,HSK 6,动,2,处于没有遮挡或保护、容易受到外界影响或伤害的状态（动）,بدون پوشش یا محافظ در معرض عوامل یا آسیب‌های بیرونی قرار داشتن (فعل),动,فعل,暴露在阳光下 (bàolù zài yángguāng xià) | 暴露在空气中 (bàolù zài kōngqì zhōng) | 暴露于危险中 (bàolù yú wēixiǎn zhōng),皮肤长时间暴露在阳光下会受到伤害。,Pífū cháng shíjiān bàolù zài yángguāng xià huì shòudào shānghài.,قرارگرفتن طولانی‌مدت پوست در معرض نور خورشید می‌تواند به آن آسیب بزند.,
29,保暖,bǎonuǎn,HSK 6,动,1,保持身体或物体温暖，防止受冷（动）,بدن یا چیزی را گرم نگه داشتن و از سردشدن آن جلوگیری کردن (فعل),动,فعل,注意保暖 (zhùyì bǎonuǎn) | 做好保暖 (zuòhǎo bǎonuǎn) | 注意身体保暖 (zhùyì shēntǐ bǎonuǎn),冬天外出时要注意保暖。,Dōngtiān wàichū shí yào zhùyì bǎonuǎn.,هنگام بیرون‌رفتن در زمستان باید مراقب بود بدن گرم بماند.,
30,报社,bàoshè,HSK 6,名,1,负责编辑、出版和发行报纸的机构（名）,دفتر یا مؤسسهٔ مسئول تهیه، انتشار و توزیع روزنامه (اسم),名,اسم,在报社工作 (zài bàoshè gōngzuò) | 报社记者 (bàoshè jìzhě) | 创办报社 (chuàngbàn bàoshè),他在一家报社工作。,Tā zài yì jiā bàoshè gōngzuò.,او در یک مؤسسهٔ روزنامه‌نگاری کار می‌کند.,
31,保修,bǎoxiū,HSK 6,动、名,1,商家或厂家承诺在规定期限内负责维修产品，是否免费由保修条件决定（动）,تعمیر محصول را در مدتی معین ضمانت کردن؛ رایگان‌بودن آن به شرایط گارانتی بستگی دارد (فعل),动,فعل,负责保修 (fùzé bǎoxiū) | 保修三年 (bǎoxiū sān nián) | 免费保修 (miǎnfèi bǎoxiū),这台电脑由厂家免费保修三年。,Zhè tái diànnǎo yóu chǎngjiā miǎnfèi bǎoxiū sān nián.,شرکت سازنده تعمیر رایگان این کامپیوتر را به‌مدت سه سال ضمانت می‌کند.,
31,保修,bǎoxiū,HSK 6,动、名,2,商家或厂家在规定期限内负责维修产品的承诺或服务，是否免费由具体条件决定（名）,ضمانت یا خدمات تعمیر در مدتی معین؛ رایگان‌بودن آن به شرایط گارانتی بستگی دارد (اسم),名,اسم,两年保修 (liǎng nián bǎoxiū) | 享受保修 (xiǎngshòu bǎoxiū) | 仍有保修 (réng yǒu bǎoxiū),这台电脑还有两年保修。,Zhè tái diànnǎo hái yǒu liǎng nián bǎoxiū.,این کامپیوتر هنوز دو سال ضمانت تعمیر دارد.,
32,爆炸,bàozhà,HSK 6,动、名,1,物体因内部压力、化学反应等突然破裂并释放大量能量（动）,منفجر شدن (فعل),动,فعل,炸弹突然爆炸 (zhàdàn tūrán bàozhà) | 煤气爆炸 (méiqì bàozhà) | 在空中爆炸 (zài kōngzhōng bàozhà),炸弹在空中爆炸了。,Zhàdàn zài kōngzhōng bàozhà le.,بمب در هوا منفجر شد.,
32,爆炸,bàozhà,HSK 6,动、名,2,物体突然破裂并释放大量能量的现象或事件（名）,انفجار (اسم),名,اسم,发生爆炸 (fāshēng bàozhà) | 爆炸事故 (bàozhà shìgù) | 爆炸的原因 (bàozhà de yuányīn),工厂发生了一起爆炸事故。,Gōngchǎng fāshēng le yì qǐ bàozhà shìgù.,در کارخانه یک حادثهٔ انفجار رخ داد.,
33,保障,bǎozhàng,HSK 6,动、名,1,保护并确保权利、安全、生活等不受损害或能够实现（动）,تضمین و تأمین کردن؛ مورد حمایت قرار دادن (فعل),动,فعل,保障安全 (bǎozhàng ānquán) | 保障权益 (bǎozhàng quányì) | 保障基本生活 (bǎozhàng jīběn shēnghuó),政府采取措施保障人民的安全。,Zhèngfǔ cǎiqǔ cuòshī bǎozhàng rénmín de ānquán.,دولت اقداماتی برای تضمین امنیت مردم انجام داد.,
33,保障,bǎozhàng,HSK 6,动、名,2,起保护、支持或确保作用的条件、措施或力量（名）,ضمانت؛ حمایت؛ پشتوانه (اسم),名,اسم,提供保障 (tígōng bǎozhàng) | 有可靠的保障 (yǒu kěkào de bǎozhàng) | 缺乏保障 (quēfá bǎozhàng),这些措施为居民的基本生活提供了保障。,Zhèxiē cuòshī wèi jūmín de jīběn shēnghuó tígōng le bǎozhàng.,این اقدامات پشتوانه‌ای برای تأمین نیازهای اساسی زندگی ساکنان فراهم کرده‌اند.,
34,被动,bèidòng,HSK 6,形,1,受到外界作用或影响，不能按照自己的意愿主动行动或控制局面（形）,منفعل؛ انفعالی؛ فاقد اختیار عمل یا کنترل موقعیت (صفت),形,صفت,被动接受 (bèidòng jiēshòu) | 陷入被动 (xiànrù bèidòng) | 变得被动 (biàn de bèidòng),在竞争中，我们不能一直处于被动。,"Zài jìngzhēng zhōng, wǒmen bù néng yìzhí chǔyú bèidòng.",در رقابت نمی‌توانیم همیشه در موضعی انفعالی قرار داشته باشیم.,
34,被动,bèidòng,HSK 6,形,2,（语言）表示主语是动作的承受者，而不是动作的发出者（形）,مجهول؛ بیانگر دریافت‌کننده‌بودن نهادِ جمله نسبت به عمل (صفت، زبان‌شناسی),形,صفت، زبان‌شناسی,被动句 (bèidòng jù) | 被动语态 (bèidòng yǔtài) | 被动结构 (bèidòng jiégòu),汉语中的被动句常用“被”字表示。,Hànyǔ zhōng de bèidòng jù cháng yòng “bèi” zì biǎoshì.,در زبان چینی جملهٔ مجهول اغلب با «被» نشان داده می‌شود.,
35,悲观,bēiguān,HSK 6,形,1,对事情的发展或结果持消极、不乐观的看法（形）,بدبین؛ دارای نگرشی منفی و ناامیدانه (صفت),形,صفت,悲观的看法 (bēiguān de kànfǎ) | 悲观情绪 (bēiguān qíngxù) | 对前景悲观 (duì qiánjǐng bēiguān),不要对未来过于悲观。,Bú yào duì wèilái guòyú bēiguān.,نسبت به آینده بیش از حد بدبین نباش.,
36,北极,Běijí,HSK 6,名,1,地轴北端与地球表面相交的点，是地球上最北的地点（名）,قطب شمال؛ شمالی‌ترین نقطهٔ زمین (اسم),名,اسم,到达北极 (dàodá Běijí) | 北极的位置 (Běijí de wèizhi) | 前往北极 (qiánwǎng Běijí),探险队终于到达了北极。,Tànxiǎnduì zhōngyú dàodá le Běijí.,گروه اکتشافی سرانجام به قطب شمال رسید.,
36,北极,Běijí,HSK 6,名,2,泛指地球北极圈以内及其附近的寒冷地区（名）,ناحیهٔ شمالگان؛ مناطق داخل و اطراف مدار شمالگان (اسم),名,اسم,北极地区 (Běijí dìqū) | 北极气候 (Běijí qìhòu) | 生活在北极 (shēnghuó zài Běijí),北极的冬季漫长而寒冷。,Běijí de dōngjì màncháng ér hánlěng.,زمستان در منطقهٔ شمالگان طولانی و سرد است.,
37,悲剧,bēijù,HSK 6,名,1,令人悲伤或痛心的严重不幸事件或结局（名）,رویداد یا سرانجامی فاجعه‌بار و اندوه‌انگیز؛ تراژدی (اسم),名,اسم,发生悲剧 (fāshēng bēijù) | 人生悲剧 (rénshēng bēijù) | 避免悲剧 (bìmiǎn bēijù),这是一场令人痛心的悲剧。,Zhè shì yì chǎng lìng rén tòngxīn de bēijù.,این فاجعه‌ای دردناک و اندوه‌بار است.,
37,悲剧,bēijù,HSK 6,名,2,（文学、戏剧）以人物遭遇不幸或走向毁灭性结局为主要特点的作品或艺术类型（名）,تراژدی؛ اثر یا گونه‌ای ادبی و نمایشی با سرانجامی ناگوار یا ویرانگر برای شخصیت‌ها (اسم، ادبیات و نمایش),名,اسم، ادبیات و نمایش,古典悲剧 (gǔdiǎn bēijù) | 悲剧作品 (bēijù zuòpǐn) | 创作悲剧 (chuàngzuò bēijù),莎士比亚创作过许多著名的悲剧。,Shāshìbǐyà chuàngzuò guo xǔduō zhùmíng de bēijù.,شکسپیر تراژدی‌های مشهور بسیاری نوشته است.,
38,北美洲,Běiměizhōu,HSK 6,名,1,世界七大洲之一，位于西半球北部（名）,آمریکای شمالی؛ یکی از هفت قارهٔ جهان در بخش شمالی نیم‌کرهٔ غربی (اسم),名,اسم,北美洲大陆 (Běiměizhōu dàlù) | 北美洲的国家 (Běiměizhōu de guójiā) | 位于北美洲 (wèiyú Běiměizhōu),美国和加拿大位于北美洲。,Měiguó hé Jiānádà wèiyú Běiměizhōu.,ایالات متحده و کانادا در آمریکای شمالی قرار دارند.,
39,被迫,bèipò,HSK 6,动,1,受到外界压力或强迫而不得不做某事（动）,مجبور یا وادار شدن؛ ناچار به انجام کاری شدن (فعل),动,فعل,被迫接受 (bèipò jiēshòu) | 被迫离开 (bèipò líkāi) | 被迫停止 (bèipò tíngzhǐ),他被迫离开了家乡。,Tā bèipò líkāi le jiāxiāng.,او مجبور شد زادگاهش را ترک کند.,
40,悲伤,bēishāng,HSK 6,形、名,1,因遭遇不幸或失去重要的人或事物而感到难过、痛苦（形）,غمگین؛ اندوهگین (صفت),形,صفت,感到悲伤 (gǎndào bēishāng) | 非常悲伤 (fēicháng bēishāng) | 为此悲伤 (wèi cǐ bēishāng),听到这个消息后，她非常悲伤。,"Tīngdào zhège xiāoxi hòu, tā fēicháng bēishāng.",او پس از شنیدن این خبر بسیار اندوهگین شد.,
40,悲伤,bēishāng,HSK 6,形、名,2,因不幸或失去而产生的难过、痛苦的情绪（名）,غم؛ اندوه (اسم),名,اسم,心中的悲伤 (xīnzhōng de bēishāng) | 充满悲伤 (chōngmǎn bēishāng) | 掩饰悲伤 (yǎnshì bēishāng),她无法掩饰心中的悲伤。,Tā wúfǎ yǎnshì xīnzhōng de bēishāng.,او نمی‌توانست اندوه درونش را پنهان کند.,
41,背心,bèixīn,HSK 6,名,1,穿在上身的无袖衣服，有的贴身穿，有的穿在其他衣服外面（名）,لباس بالاتنهٔ بی‌آستین؛ زیرپوش رکابی یا جلیقهٔ بی‌آستین (اسم),名,اسم,运动背心 (yùndòng bèixīn) | 保暖背心 (bǎonuǎn bèixīn) | 穿背心 (chuān bèixīn),夏天穿背心比较凉快。,Xiàtiān chuān bèixīn bǐjiào liángkuai.,پوشیدن لباس بی‌آستین در تابستان خنک‌تر است.,
42,备用,bèiyòng,HSK 6,动、形,1,预先准备或保留，以便需要时使用（动）,برای زمان نیاز آماده یا کنار گذاشتن (فعل),动,فعل,留着备用 (liúzhe bèiyòng) | 准备备用 (zhǔnbèi bèiyòng) | 存放备用 (cúnfàng bèiyòng),这些电池先留着备用。,Zhèxiē diànchí xiān liúzhe bèiyòng.,فعلاً این باتری‌ها را برای زمان نیاز کنار بگذار.,
42,备用,bèiyòng,HSK 6,动、形,2,为需要时使用而预先准备好的（形）,یدکی؛ ذخیره؛ پشتیبان (صفت),形,صفت,备用设备 (bèiyòng shèbèi) | 备用钥匙 (bèiyòng yàoshi) | 备用方案 (bèiyòng fāng'àn),请准备一份备用方案。,Qǐng zhǔnbèi yí fèn bèiyòng fāng'àn.,لطفاً یک طرح جایگزین آماده کن.,
43,倍增,bèizēng,HSK 6,动,1,（较正式）成倍地增加，也可形容程度大幅提高（动）,چند برابر شدن؛ به‌شکل چشمگیری افزایش یافتن (رسمی‌تر) (فعل),动,فعل,数量倍增 (shùliàng bèizēng) | 效率倍增 (xiàolǜ bèizēng) | 信心倍增 (xìnxīn bèizēng),近年来，市场需求成倍增长。,"Jìnnián lái, shìchǎng xūqiú chéngbèi zēngzhǎng.",در سال‌های اخیر تقاضای بازار چند برابر شده است.,
44,本能,běnnéng,HSK 6,名,1,生物天生具有、不需要通过学习获得的行为能力或反应（名）,غریزه؛ توانایی یا واکنش رفتاری ذاتی (اسم),名,اسم,动物本能 (dòngwù běnnéng) | 生存本能 (shēngcún běnnéng) | 本能反应 (běnnéng fǎnyìng),求生是人和动物的本能。,Qiúshēng shì rén hé dòngwù de běnnéng.,تلاش برای زنده‌ماندن غریزهٔ انسان‌ها و حیوانات است.,
45,奔跑,bēnpǎo,HSK 6,动,1,快速地跑动（动）,دویدن؛ با سرعت دویدن (فعل),动,فعل,快速奔跑 (kuàisù bēnpǎo) | 奔跑起来 (bēnpǎo qǐlái) | 向前奔跑 (xiàng qián bēnpǎo),孩子们在操场上奔跑。,Háizimen zài cāochǎng shàng bēnpǎo.,بچه‌ها در زمین ورزش می‌دوند.,
46,本身,běnshēn,HSK 6,名,1,人或事物自身，不包括与其有关的其他人或事物（名）,خودِ شخص یا چیز؛ خودِ آن، بدون درنظرگرفتن عوامل مرتبط دیگر (اسم),名,اسم,问题本身 (wèntí běnshēn) | 事物本身 (shìwù běnshēn) | 本身的特点 (běnshēn de tèdiǎn),问题本身并不复杂。,Wèntí běnshēn bìng bù fùzá.,خودِ مسئله پیچیده نیست.,
47,本土,běntǔ,HSK 6,名、形,1,一个国家或地区原有或主要的领土（名）,خاک یا سرزمین اصلی یک کشور یا منطقه (اسم),名,اسم,美国本土 (Měiguó běntǔ) | 回到本土 (huídào běntǔ) | 本土以外 (běntǔ yǐwài),这种动物只生活在澳大利亚本土。,Zhè zhǒng dòngwù zhǐ shēnghuó zài Àodàlìyà běntǔ.,این حیوان فقط در خاک اصلی استرالیا زندگی می‌کند.,
47,本土,běntǔ,HSK 6,名、形,2,本地或本国原有的，不是从外地或外国引进的（形）,بومی؛ محلی؛ داخلی، نه واردشده از خارج (صفت),形,صفت,本土文化 (běntǔ wénhuà) | 本土企业 (běntǔ qǐyè) | 本土品牌 (běntǔ pǐnpái),这家公司专注于发展本土品牌。,Zhè jiā gōngsī zhuānzhù yú fāzhǎn běntǔ pǐnpái.,این شرکت بر توسعهٔ برندهای داخلی تمرکز دارد.,
48,闭,bì,HSK 6,动,1,使张开或开着的眼睛、嘴、门等合拢或关上（动）,بستن چشم، دهان، در یا چیز باز دیگری (فعل),动,فعل,闭上眼睛 (bì shàng yǎnjing) | 紧闭双唇 (jǐn bì shuāngchún) | 闭着嘴 (bìzhe zuǐ),请闭上眼睛。,Qǐng bì shàng yǎnjing.,لطفاً چشمانتان را ببندید.,
49,避,bì,HSK 6,动,1,躲开或离开，以免接触某人、某物或受到影响（动）,کنار رفتن؛ دوری یا اجتناب کردن برای جلوگیری از تماس یا آسیب (فعل),动,فعل,往旁边避一避 (wǎng pángbiān bì yí bì) | 无处可避 (wúchù kě bì) | 暂时避到外面 (zànshí bì dào wàimian),看到汽车开过来，他赶紧避到路边。,"Kàndào qìchē kāi guòlái, tā gǎnjǐn bì dào lùbiān.",وقتی دید خودرو نزدیک می‌شود، فوراً به کنار جاده رفت.,
50,逼,bī,HSK 6,动,1,给人压力，强迫对方做不愿意做的事（动）,تحت فشار گذاشتن؛ وادار یا مجبور کردن (فعل),动,فعل,逼某人道歉 (bī mǒurén dàoqiàn) | 被逼着离开 (bèi bīzhe líkāi) | 别逼得太紧 (bié bī de tài jǐn),不要逼别人做不愿意做的事情。,Bú yào bī biérén zuò bù yuànyì zuò de shìqing.,دیگران را به انجام کاری که نمی‌خواهند مجبور نکن.,
50,逼,bī,HSK 6,动,2,（较正式）靠近或接近，常带有压迫、威胁的意味（动）,نزدیک شدن یا تا نزدیکی جایی پیشروی کردن، معمولاً با حالت تهدیدآمیز (رسمی‌تر) (فعل),动,فعل,直逼城下 (zhí bī chéngxià) | 大军逼至城外 (dàjūn bī zhì chéngwài) | 一路直逼首都 (yílù zhí bī shǒudū),敌军一路直逼首都。,Díjūn yílù zhí bī shǒudū.,ارتش دشمن مستقیماً تا نزدیکی پایتخت پیشروی کرد.,
51,编,biān,HSK 6,动、名,1,把材料加以整理和组织，写成书籍、文章、词典等（动）,گردآوری، تنظیم و تدوین کردن یک کتاب، مقاله یا اثر دیگر (فعل),动,فعل,编教材 (biān jiàocái) | 编词典 (biān cídiǎn) | 编一本书 (biān yì běn shū),他正在编一本汉语词典。,Tā zhèngzài biān yì běn Hànyǔ cídiǎn.,او در حال تدوین یک فرهنگ زبان چینی است.,
51,编,biān,HSK 6,动、名,2,把细长的材料相互交叉，制成物品或某种形状（动）,بافتن؛ با درهم‌تنیدن رشته‌ها چیزی ساختن (فعل),动,فعل,编篮子 (biān lánzi) | 编辫子 (biān biànzi) | 用竹条编筐 (yòng zhútiáo biān kuāng),奶奶会用竹条编漂亮的篮子。,Nǎinai huì yòng zhútiáo biān piàoliang de lánzi.,مادربزرگ می‌تواند با نوارهای بامبو سبدهای زیبایی ببافد.,
51,编,biān,HSK 6,动、名,3,虚构没有事实根据的内容，常用于谎话、理由或故事（动）,از خود درآوردن؛ ساختن یا جعل کردن سخن، دلیل یا داستانی بی‌اساس (فعل),动,فعل,编谎话 (biān huǎnghuà) | 编借口 (biān jièkǒu) | 编出一个理由 (biān chū yí ge lǐyóu),他说的那些话可能都是编出来的。,Tā shuō de nàxiē huà kěnéng dōu shì biān chūlái de.,ممکن است همهٔ حرف‌هایی که زده ساختهٔ خودش باشند.,
51,编,biān,HSK 6,动、名,4,把人员或事物按照一定方式组织、排列或分组（动）,سازمان‌دهی، مرتب یا گروه‌بندی کردن افراد یا چیزها (فعل),动,فعل,编成四组 (biān chéng sì zǔ) | 编入队伍 (biānrù duìwu) | 按顺序编在一起 (àn shùnxù biān zài yìqǐ),老师把学生编成了四个小组。,Lǎoshī bǎ xuésheng biān chéng le sì ge xiǎozǔ.,معلم دانش‌آموزان را به چهار گروه کوچک تقسیم کرد.,
51,编,biān,HSK 6,动、名,5,书籍按内容划分的较大部分，通常大于“章”（名）,بخش اصلی یک کتاب، معمولاً بزرگ‌تر از فصل (اسم),名,اسم,全书分为三编 (quán shū fēnwéi sān biān) | 第一编的内容 (dì-yī biān de nèiróng) | 共分上下两编 (gòng fēn shàng-xià liǎng biān),这本书共分为上、下两编。,Zhè běn shū gòng fēnwéi shàng、xià liǎng biān.,این کتاب در مجموع به دو بخش اصلیِ نخست و دوم تقسیم شده است.,
52,遍地,biàndì,HSK 6,副,1,到处；各个地方都有或都能看到（副）,همه‌جا؛ در سراسر یک مکان (قید),副,قید,遍地都是 (biàndì dōu shì) | 鲜花遍地 (xiānhuā biàndì) | 遍地可见 (biàndì kějiàn),春天来了，田野里遍地都是鲜花。,"Chūntiān lái le, tiányě li biàndì dōu shì xiānhuā.",بهار فرا رسیده و دشت‌ها همه‌جا پر از گل شده‌اند.,
53,编辑,biānjí,HSK 6,动、名,1,对文章、书籍、图片或音视频等内容进行整理、修改和加工（动）,ویرایش و تنظیم کردن متن، تصویر یا محتوای صوتی‌ـ‌تصویری (فعل),动,فعل,编辑文章 (biānjí wénzhāng) | 编辑图片 (biānjí túpiàn) | 编辑视频 (biānjí shìpín),他正在编辑一篇新闻报道。,Tā zhèngzài biānjí yì piān xīnwén bàodào.,او در حال ویرایش یک گزارش خبری است.,
53,编辑,biānjí,HSK 6,动、名,2,负责整理、修改和加工文章、书籍或其他内容的人员（名）,ویراستار؛ دبیر مسئول آماده‌سازی و ویرایش محتوا (اسم),名,اسم,做编辑 (zuò biānjí) | 一名编辑 (yì míng biānjí) | 报社的编辑 (bàoshè de biānjí),她是一名杂志编辑。,Tā shì yì míng zázhì biānjí.,او ویراستار یک مجله است.,
54,便捷,biànjié,HSK 6,形,1,（较正式）方便而快捷（形）,راحت و سریع؛ آسان و کارآمد (رسمی‌تر) (صفت),形,صفت,便捷的服务 (biànjié de fúwù) | 便捷的方式 (biànjié de fāngshì) | 交通便捷 (jiāotōng biànjié),互联网提供了便捷的信息服务。,Hùliánwǎng tígōng le biànjié de xìnxī fúwù.,اینترنت خدمات اطلاعاتی سریع و آسانی فراهم کرده است.,
55,编写,biānxiě,HSK 6,动,1,按照一定要求整理材料，并写成文章、书籍、教材、程序等（动）,مطالب را تنظیم و به‌صورت متن، کتاب، محتوای آموزشی یا برنامهٔ رایانه‌ای تدوین کردن (فعل),动,فعل,编写教材 (biānxiě jiàocái) | 编写报告 (biānxiě bàogào) | 编写程序 (biānxiě chéngxù),专家正在编写新的教材。,Zhuānjiā zhèngzài biānxiě xīn de jiàocái.,متخصصان در حال تدوین کتاب آموزشی جدیدی هستند.,
56,变质,biànzhì,HSK 6,动,1,食品或其他物质发生不良变化，失去原有性质或质量（动）,فاسد یا خراب شدن؛ دچار تغییر نامطلوب در کیفیت یا ماهیت شدن (فعل),动,فعل,食品变质 (shípǐn biànzhì) | 容易变质 (róngyì biànzhì) | 防止变质 (fángzhǐ biànzhì),这些食物已经变质，不能吃了。,"Zhèxiē shíwù yǐjīng biànzhì, bù néng chī le.",این مواد غذایی فاسد شده‌اند و دیگر قابل‌خوردن نیستند.,
56,变质,biànzhì,HSK 6,动,2,（比喻，贬义）思想、感情或关系等发生不好的变化，失去原有的正常或良好性质（动）,دچار تغییر ماهیت منفی یا انحراف شدن (مجازی، دارای بار منفی) (فعل),动,فعل,思想变质 (sīxiǎng biànzhì) | 感情变质 (gǎnqíng biànzhì) | 关系逐渐变质 (guānxi zhújiàn biànzhì),他的思想逐渐变质了。,Tā de sīxiǎng zhújiàn biànzhì le.,افکار او به‌تدریج منحرف شد.,
57,比方,bǐfang,HSK 6,动、名、连,1,用浅显、具体的事物说明较难理解的事物（动）,برای توضیح مفهومی دشوار، آن را به چیزی ساده و ملموس تشبیه کردن (فعل),动,فعل,把人生比方成旅程 (bǎ rénshēng bǐfang chéng lǚchéng) | 用河流来比方 (yòng héliú lái bǐfang) | 很难用语言比方 (hěn nán yòng yǔyán bǐfang),人们常把人生比方成一场漫长的旅行。,Rénmen cháng bǎ rénshēng bǐfang chéng yì chǎng màncháng de lǚxíng.,مردم اغلب زندگی را به سفری طولانی تشبیه می‌کنند.,
57,比方,bǐfang,HSK 6,动、名、连,2,为了说明某个道理而举出的例子或比喻（名）,مثال یا تشبیهی برای توضیح یک موضوع (اسم),名,اسم,打个比方 (dǎ ge bǐfang) | 举个比方 (jǔ ge bǐfang) | 这个比方很恰当 (zhège bǐfang hěn qiàdàng),我打个比方来说明这个问题。,Wǒ dǎ ge bǐfang lái shuōmíng zhège wèntí.,برای توضیح این مسئله مثالی می‌زنم.,
57,比方,bǐfang,HSK 6,动、名、连,3,（口语）用来引出例子或假设，相当于“比如”“例如”或“假如”（连）,مثلاً؛ برای نمونه؛ فرض کنیم (محاوره‌ای) (حرف ربط),连,حرف ربط,比方说 (bǐfang shuō) | 比方有三个人 (bǐfang yǒu sān ge rén) | 比方遇到这种情况 (bǐfang yùdào zhè zhǒng qíngkuàng),比方你是经理，遇到这种情况会怎么办？,"Bǐfang nǐ shì jīnglǐ, yùdào zhè zhǒng qíngkuàng huì zěnme bàn?",فرض کنیم تو مدیر باشی؛ اگر با چنین وضعیتی روبه‌رو شوی چه‌کار می‌کنی؟,
58,兵,bīng,HSK 6,名,1,军队中的普通成员，通常指不担任军官职务的士兵（名）,سرباز؛ عضو عادی ارتش که افسر نیست (اسم),名,اسم,当兵 (dāng bīng) | 带兵打仗 (dài bīng dǎzhàng) | 派兵支援 (pài bīng zhīyuán),他年轻时当过兵。,Tā niánqīng shí dāng guo bīng.,او در جوانی سرباز بوده است.,
58,兵,bīng,HSK 6,名,2,（中国象棋）红方最前排的五个棋子之一，相当于黑方的“卒”（名）,مهرهٔ سربازِ طرف قرمز در شطرنج چینی (اسم),名,اسم,走兵 (zǒu bīng) | 兵过河 (bīng guò hé) | 吃掉一个兵 (chīdiào yí ge bīng),他的最后一个兵已经过河了。,Tā de zuìhòu yí ge bīng yǐjīng guò hé le.,آخرین مهرهٔ سرباز او از رودخانه گذشته است.,
59,病毒,bìngdú,HSK 6,名,1,能够侵入生物细胞、复制并可能引起疾病的微小病原体（名）,ویروس؛ عامل بیماری‌زای بسیار کوچکی که وارد سلول زنده می‌شود و تکثیر می‌یابد (اسم),名,اسم,病毒感染 (bìngdú gǎnrǎn) | 病毒传播 (bìngdú chuánbō) | 感染病毒 (gǎnrǎn bìngdú),这种病毒可以通过空气传播。,Zhè zhǒng bìngdú kěyǐ tōngguò kōngqì chuánbō.,این ویروس می‌تواند از طریق هوا منتقل شود.,
59,病毒,bìngdú,HSK 6,名,2,（计算机）能够自行复制、传播并破坏或干扰计算机系统的恶意程序（名）,ویروس رایانه‌ای؛ برنامهٔ مخربی که تکثیر می‌شود و در کار سامانه اختلال ایجاد می‌کند (اسم، رایانه),名,اسم، رایانه,电脑病毒 (diànnǎo bìngdú) | 感染病毒 (gǎnrǎn bìngdú) | 清除病毒 (qīngchú bìngdú),他的电脑感染了病毒。,Tā de diànnǎo gǎnrǎn le bìngdú.,رایانهٔ او به ویروس آلوده شده است.,
60,必修,bìxiū,HSK 6,形,1,按照学校或专业规定必须学习的（形）,اجباری؛ الزامی برای گذراندن یا آموختن (صفت),形,صفت,必修课程 (bìxiū kèchéng) | 必修科目 (bìxiū kēmù) | 学生必修的内容 (xuésheng bìxiū de nèiróng),英语是这所大学所有学生的必修课程。,Yīngyǔ shì zhè suǒ dàxué suǒyǒu xuésheng de bìxiū kèchéng.,زبان انگلیسی برای همهٔ دانشجویان این دانشگاه درسی اجباری است.,
61,比重,bǐzhòng,HSK 6,名,1,某一事物在整体中所占的分量或比例（名）,سهم یا نسبت یک چیز در مجموعه‌ای کلی (اسم),名,اسم,所占比重 (suǒ zhàn bǐzhòng) | 提高比重 (tígāo bǐzhòng) | 比重较大 (bǐzhòng jiào dà),新能源汽车在市场中所占的比重不断提高。,Xīnnéngyuán qìchē zài shìchǎng zhōng suǒ zhàn de bǐzhòng bùduàn tígāo.,سهم خودروهای انرژی نو در بازار پیوسته در حال افزایش است.,
61,比重,bǐzhòng,HSK 6,名,2,（物理）物体的重量与其体积的比值（名）,وزن مخصوص؛ نسبت وزن جسم به حجم آن (اسم، فیزیک),名,اسم، فیزیک,物质的比重 (wùzhì de bǐzhòng) | 比重较大 (bǐzhòng jiào dà) | 测量比重 (cèliáng bǐzhòng),铁的比重比水大。,Tiě de bǐzhòng bǐ shuǐ dà.,وزن مخصوص آهن از آب بیشتر است.,
62,播,bō,HSK 6,动,1,通过电视、广播、网络等传播声音、图像或节目（动）,صدا، تصویر یا برنامه‌ای را از تلویزیون، رادیو یا اینترنت پخش کردن (فعل),动,فعل,播新闻 (bō xīnwén) | 播广告 (bō guǎnggào) | 正在播 (zhèngzài bō),电视台正在播新闻。,Diànshìtái zhèngzài bō xīnwén.,شبکهٔ تلویزیونی در حال پخش اخبار است.,
62,播,bō,HSK 6,动,2,把种子撒在土地里（动）,بذر را در زمین پاشیدن یا کاشتن (فعل),动,فعل,播下种子 (bōxià zhǒngzi) | 播小麦 (bō xiǎomài) | 地已经播完了 (dì yǐjīng bō wán le),农民正在地里播小麦。,Nóngmín zhèngzài dì li bō xiǎomài.,کشاورزان در حال کاشت گندم در زمین هستند.,
63,博览会,bólǎnhuì,HSK 6,名,1,集中展示商品、技术、文化或其他成果的大型展览活动（名）,اکسپو؛ نمایشگاه بزرگ محصولات، فناوری‌ها یا دستاوردهای فرهنگی (اسم),名,اسم,国际博览会 (guójì bólǎnhuì) | 商品博览会 (shāngpǐn bólǎnhuì) | 举办博览会 (jǔbàn bólǎnhuì),许多企业参加了这次国际博览会。,Xǔduō qǐyè cānjiā le zhè cì guójì bólǎnhuì.,شرکت‌های بسیاری در این نمایشگاه بین‌المللی شرکت کردند.,
64,薄弱,bóruò,HSK 6,形,1,力量、能力、基础或意识等不够坚强、牢固或充分（形）,ضعیف؛ ناکافی؛ فاقد استحکام یا توان کافی (صفت),形,صفت,基础薄弱 (jīchǔ bóruò) | 力量薄弱 (lìliang bóruò) | 安全意识薄弱 (ānquán yìshí bóruò),这个行业的基础还比较薄弱。,Zhège hángyè de jīchǔ hái bǐjiào bóruò.,پایه‌های این صنعت هنوز نسبتاً ضعیف است.,
65,播种,bōzhǒng,HSK 6,动,1,把种子撒入或埋入土地中，使其生长（动）,بذر پاشیدن یا کاشتن برای رشد گیاه (فعل),动,فعل,春季播种 (chūnjì bōzhǒng) | 播种小麦 (bōzhǒng xiǎomài) | 开始播种 (kāishǐ bōzhǒng),农民在春天开始播种。,Nóngmín zài chūntiān kāishǐ bōzhǒng.,کشاورزان در بهار کاشت بذر را آغاز می‌کنند.,
65,播种,bōzhǒng,HSK 6,动,2,（比喻）传播思想、知识、希望等，使其产生影响或得到发展（动）,بذر اندیشه، دانش یا امید را کاشتن و زمینهٔ گسترش آن را فراهم کردن (مجازی) (فعل),动,فعل,播种希望 (bōzhǒng xīwàng) | 播种知识 (bōzhǒng zhīshi) | 播种梦想 (bōzhǒng mèngxiǎng),教育是在孩子们心中播种希望。,Jiàoyù shì zài háizimen xīnzhōng bōzhǒng xīwàng.,آموزش کاشتن بذر امید در دل کودکان است.,
66,脖子,bózi,HSK 6,名,1,连接头部和躯干的身体部位（名）,گردن؛ بخش متصل‌کنندهٔ سر به تنه (اسم),名,اسم,脖子疼 (bózi téng) | 转动脖子 (zhuǎndòng bózi) | 伸长脖子 (shēncháng bózi),我的脖子有点疼。,Wǒ de bózi yǒudiǎn téng.,گردنم کمی درد می‌کند.,
67,布,bù,HSK 6,名,1,用棉、麻、丝或化学纤维等制成的纺织材料（名）,پارچه؛ منسوجی تهیه‌شده از الیاف طبیعی یا مصنوعی (اسم),名,اسم,一块布 (yí kuài bù) | 用布做衣服 (yòng bù zuò yīfu) | 布的颜色 (bù de yánsè),这种布很适合做衣服。,Zhè zhǒng bù hěn shìhé zuò yīfu.,این نوع پارچه برای دوخت لباس بسیار مناسب است.,
68,补,bǔ,HSK 6,动,1,增加缺少的部分，使数量足够、内容完整或损失得到弥补（动）,کمبود را جبران و بخش ناقص را تکمیل کردن (فعل),动,فعل,补一份材料 (bǔ yí fèn cáiliào) | 补上缺少的内容 (bǔshàng quēshǎo de nèiróng) | 补差额 (bǔ chā'é),材料还不完整，请再补一份证明。,"Cáiliào hái bù wánzhěng, qǐng zài bǔ yí fèn zhèngmíng.",مدارک هنوز کامل نیست؛ لطفاً یک گواهی دیگر هم اضافه کن.,
68,补,bǔ,HSK 6,动,2,修理破损的衣物、鞋子或其他物品（动）,تعمیر یا وصله کردن لباس، کفش یا وسیله‌ای آسیب‌دیده (فعل),动,فعل,补衣服 (bǔ yīfu) | 补鞋 (bǔ xié) | 把洞补好 (bǎ dòng bǔ hǎo),妈妈正在补衣服上的破洞。,Māma zhèngzài bǔ yīfu shàng de pòdòng.,مادرم در حال وصله‌کردن پارگی لباس است.,
68,补,bǔ,HSK 6,动,3,通过食物、药物或休养增加身体所需的营养和体力（动）,با غذا، دارو یا استراحت بدن را تغذیه و تقویت کردن (فعل),动,فعل,补身体 (bǔ shēntǐ) | 给病人补一补 (gěi bìngrén bǔ yí bǔ) | 身体需要好好补补 (shēntǐ xūyào hǎohāo bǔbu),她身体很虚，需要好好补一补。,"Tā shēntǐ hěn xū, xūyào hǎohāo bǔ yí bǔ.",بدنش بسیار ضعیف است و باید به‌خوبی تقویت شود.,
69,捕,bǔ,HSK 6,动,1,（较正式）捉住或猎取动物（动）,گرفتن یا شکارکردن حیوان (رسمی‌تر) (فعل),动,فعل,捕到猎物 (bǔdào lièwù) | 设网捕鸟 (shè wǎng bǔ niǎo) | 捕到一只老鼠 (bǔdào yì zhī lǎoshǔ),猫很快就捕到了一只老鼠。,Māo hěn kuài jiù bǔdào le yì zhī lǎoshǔ.,گربه خیلی زود یک موش گرفت.,
70,不耐烦,bùnàifán,HSK 6,形,1,因等待太久、事情重复或受到打扰而失去耐心，感到烦躁（形）,بی‌حوصله؛ کلافه؛ بی‌طاقت (صفت),形,صفت,感到不耐烦 (gǎndào bùnàifán) | 显得不耐烦 (xiǎnde bùnàifán) | 对等待感到不耐烦 (duì děngdài gǎndào bùnàifán),他等了很久，开始有些不耐烦。,"Tā děng le hěn jiǔ, kāishǐ yǒuxiē bùnàifán.",او مدت زیادی منتظر ماند و کم‌کم بی‌حوصله شد.,
71,不安,bù'ān,HSK 6,形,1,心里不安定，因担心、害怕、内疚等而感到紧张或不踏实（形）,نگران؛ مضطرب؛ ناآرام و بی‌قرار (صفت),形,صفت,感到不安 (gǎndào bù'ān) | 心中不安 (xīnzhōng bù'ān) | 深感不安 (shēn gǎn bù'ān),听到这个消息，他感到很不安。,"Tīngdào zhège xiāoxi, tā gǎndào hěn bù'ān.",او با شنیدن این خبر بسیار نگران شد.,
72,不曾,bùcéng,HSK 6,副,1,（较书面）从来没有做过或发生过某事（副）,هرگز؛ هیچ‌گاه؛ تاکنون نه (رسمی‌تر و نوشتاری) (قید),副,قید,不曾见过 (bùcéng jiànguo) | 不曾想到 (bùcéng xiǎngdào) | 不曾发生 (bùcéng fāshēng),我不曾忘记你的帮助。,Wǒ bùcéng wàngjì nǐ de bāngzhù.,من هرگز کمک تو را فراموش نکرده‌ام.,
73,补偿,bǔcháng,HSK 6,动、名,1,对受到的损失、伤害或某方面的不足进行弥补（动）,خسارت، آسیب یا کمبودی را جبران کردن؛ غرامت دادن (فعل),动,فعل,补偿损失 (bǔcháng sǔnshī) | 补偿客户 (bǔcháng kèhù) | 设法补偿 (shèfǎ bǔcháng),公司会补偿客户的损失。,Gōngsī huì bǔcháng kèhù de sǔnshī.,شرکت خسارت مشتری را جبران خواهد کرد.,
73,补偿,bǔcháng,HSK 6,动、名,2,为弥补损失、伤害或不足而提供的金钱、物品或其他回报（名）,غرامت؛ مبلغ، کالا یا عوضی برای جبران خسارت، آسیب یا کمبود (اسم),名,اسم,获得补偿 (huòdé bǔcháng) | 提供补偿 (tígōng bǔcháng) | 合理的补偿 (hélǐ de bǔcháng),公司会为受影响的客户提供合理的补偿。,Gōngsī huì wèi shòu yǐngxiǎng de kèhù tígōng hélǐ de bǔcháng.,شرکت به مشتریان آسیب‌دیده غرامت مناسبی پرداخت خواهد کرد.,
74,不成,bùchéng,HSK 6,动、助,1,（口语）不行或不可以，表示某种做法不能接受或不能继续（动）,نشدنی یا غیرقابل‌قبول بودن؛ امکان یا اجازه نداشتن (محاوره‌ای) (فعل),动,فعل,这样可不成 (zhèyàng kě bùchéng) | 光说不做不成 (guāng shuō bú zuò bùchéng) | 再等下去也不成 (zài děng xiàqù yě bùchéng),光说不做可不成。,Guāng shuō bú zuò kě bùchéng.,فقط حرف‌زدن و کاری انجام‌ندادن قابل‌قبول نیست.,
74,不成,bùchéng,HSK 6,动、助,2,（口语）用在句末表示反问或推测，常与“难道”呼应（助）,مگر؛ نکند، برای بیان پرسش انکاری یا حدس در پایان جمله (محاوره‌ای) (ادات),助,ادات,难道还不明白不成 (nándào hái bù míngbai bùchéng) | 他会骗我不成 (tā huì piàn wǒ bùchéng) | 就这样算了不成 (jiù zhèyàng suàn le bùchéng),难道你还不明白不成？,Nándào nǐ hái bù míngbai bùchéng?,مگر هنوز متوجه نشده‌ای؟,
75,不得,bùdé,HSK 6,助动,1,表示禁止或不允许做某事（助动）,نباید؛ اجازه یا مجاز نبودن برای انجام کاری (فعل کمکی),助动,فعل کمکی,不得进入 (bùdé jìnrù) | 不得使用 (bùdé shǐyòng) | 不得违反 (bùdé wéifǎn),这里不得停车。,Zhèlǐ bùdé tíngchē.,توقف در اینجا ممنوع است.,
76,部队,bùduì,HSK 6,名,1,有组织的军事单位或军队力量（名）,یگان نظامی؛ نیروهای نظامی (اسم),名,اسم,一支部队 (yì zhī bùduì) | 部队训练 (bùduì xùnliàn) | 部队官兵 (bùduì guānbīng),他曾经在部队服役。,Tā céngjīng zài bùduì fúyì.,او پیش‌تر در نیروهای مسلح خدمت کرده است.,
77,不顾,bùgù,HSK 6,动,1,不考虑某种情况，也不在意其影响或后果（动）,در نظر نگرفتن؛ اهمیت ندادن؛ اعتنا نکردن (فعل),动,فعل,不顾危险 (bùgù wēixiǎn) | 不顾后果 (bùgù hòuguǒ) | 不顾一切 (bùgù yíqiè),他不顾个人安危，冲进火场救人。,"Tā bùgù gèrén ānwēi, chōngjìn huǒchǎng jiù rén.",او بدون توجه به امنیت جانی خود، برای نجات دیگران وارد محل آتش‌سوزی شد.,
78,不禁,bùjīn,HSK 6,副,1,控制不住，自然而然地产生某种感情或做出某种反应（副）,بی‌اختیار؛ ناخودآگاه (قید),副,قید,不禁感叹 (bùjīn gǎntàn) | 不禁流泪 (bùjīn liúlèi) | 不禁笑了起来 (bùjīn xiào le qǐlái),看到孩子取得进步，父母不禁感到欣慰。,"Kàndào háizi qǔdé jìnbù, fùmǔ bùjīn gǎndào xīnwèi.",والدین با دیدن پیشرفت فرزندشان بی‌اختیار احساس خرسندی کردند.,
79,补课,bǔkè,HSK 6,动,1,补上因缺席或其他原因没有学习的课程（动）,درس یا کلاس ازدست‌رفته را جبران کردن (فعل),动,فعل,给学生补课 (gěi xuéshēng bǔkè) | 请假后补课 (qǐngjià hòu bǔkè) | 补上落下的课 (bǔshàng làxià de kè),他请了一个星期的假，回来后需要补课。,"Tā qǐng le yí ge xīngqī de jià, huílái hòu xūyào bǔkè.",او یک هفته مرخصی گرفته بود و پس از بازگشت باید درس‌های ازدست‌رفته را جبران کند.,
79,补课,bǔkè,HSK 6,动,2,在正常课程以外接受额外教学，以巩固知识或提高成绩（动）,در کلاس تقویتی شرکت کردن؛ آموزش تکمیلی دیدن (فعل),动,فعل,周末补课 (zhōumò bǔkè) | 课外补课 (kèwài bǔkè) | 给孩子补课 (gěi háizi bǔkè),很多学生周末去补课，希望提高成绩。,"Hěn duō xuéshēng zhōumò qù bǔkè, xīwàng tígāo chéngjì.",دانش‌آموزان زیادی آخر هفته به کلاس تقویتی می‌روند تا نمراتشان را بهتر کنند.,
80,不料,búliào,HSK 6,副,1,（较书面）表示实际发生的情况出乎意料（副）,برخلاف انتظار؛ اما انتظار نمی‌رفت که (رسمی‌تر) (قید),副,قید,不料却失败了 (búliào què shībài le) | 不料遭到拒绝 (búliào zāodào jùjué) | 不料事情有变 (búliào shìqing yǒu biàn),我以为他不会来，不料他真的来了。,"Wǒ yǐwéi tā bú huì lái, búliào tā zhēn de lái le.",فکر می‌کردم نمی‌آید، اما برخلاف انتظار واقعاً آمد.,
81,不适,bùshì,HSK 6,形,1,（较正式）身体感觉不舒服或出现异常反应（形）,احساس ناخوشی یا ناراحتی جسمی داشتن (رسمی‌تر) (صفت),形,صفت,身体不适 (shēntǐ bùshì) | 感到不适 (gǎndào bùshì) | 引起不适 (yǐnqǐ bùshì),如果感到身体不适，应该及时休息。,"Rúguǒ gǎndào shēntǐ bùshì, yīnggāi jíshí xiūxi.",اگر احساس ناراحتی جسمی می‌کنید، باید به‌موقع استراحت کنید.,
81,不适,bùshì,HSK 6,形,2,（书面）不适合某种情况、用途或要求（形）,نامناسب‌بودن برای موقعیت، کاربرد یا شرایطی خاص (نوشتاری) (صفت),形,صفت,不适担任此职 (bùshì dānrèn cǐ zhí) | 不适继续工作 (bùshì jìxù gōngzuò) | 不适长期居住 (bùshì chángqī jūzhù),他的身体状况不适继续从事这项工作。,Tā de shēntǐ zhuàngkuàng bùshì jìxù cóngshì zhè xiàng gōngzuò.,وضعیت جسمی او برای ادامه‌دادن این کار مناسب نیست.,
82,不时,bùshí,HSK 6,副,1,每隔一段时间发生或出现一次（副）,گاهی؛ هر از گاهی؛ گهگاه (قید),副,قید,不时出现 (bùshí chūxiàn) | 不时发生 (bùshí fāshēng) | 不时回头看 (bùshí huítóu kàn),他不时查看手机，担心错过重要消息。,"Tā bùshí chákàn shǒujī, dānxīn cuòguò zhòngyào xiāoxi.",او هر از گاهی تلفنش را بررسی می‌کند، چون نگران است پیام مهمی را از دست بدهد.,
83,补贴,bǔtiē,HSK 6,名、动,1,政府、单位等为减轻个人或团体的经济负担而提供的钱（名）,یارانه؛ کمک‌هزینه؛ کمک مالی (اسم),名,اسم,政府补贴 (zhèngfǔ bǔtiē) | 住房补贴 (zhùfáng bǔtiē) | 领取补贴 (lǐngqǔ bǔtiē),符合条件的家庭可以领取住房补贴。,Fúhé tiáojiàn de jiātíng kěyǐ lǐngqǔ zhùfáng bǔtiē.,خانواده‌های واجد شرایط می‌توانند کمک‌هزینهٔ مسکن دریافت کنند.,
83,补贴,bǔtiē,HSK 6,名、动,2,给予个人或团体一定的钱，以减轻其经济负担（动）,یارانه یا کمک مالی دادن (فعل),动,فعل,补贴农民 (bǔtiē nóngmín) | 补贴低收入家庭 (bǔtiē dī shōurù jiātíng) | 补贴部分费用 (bǔtiē bùfen fèiyòng),政府将补贴低收入家庭的取暖费用。,Zhèngfǔ jiāng bǔtiē dī shōurù jiātíng de qǔnuǎn fèiyòng.,دولت بخشی از هزینهٔ گرمایش خانواده‌های کم‌درآمد را تأمین خواهد کرد.,
84,部位,bùwèi,HSK 6,名,1,身体或物体整体中的某个部分或位置（名）,قسمت یا ناحیه‌ای از بدن یا یک جسم (اسم),名,اسم,身体部位 (shēntǐ bùwèi) | 关键部位 (guānjiàn bùwèi) | 受伤部位 (shòushāng bùwèi),医生仔细检查了受伤部位。,Yīshēng zǐxì jiǎnchá le shòushāng bùwèi.,پزشک ناحیهٔ آسیب‌دیده را با دقت معاینه کرد.,
85,补习,bǔxí,HSK 6,动,1,在正常学习以外补学没有掌握或需要加强的课程内容（动）,درس‌های فراگرفته‌نشده یا ضعیف را به‌صورت تکمیلی خواندن (فعل),动,فعل,补习功课 (bǔxí gōngkè) | 课外补习 (kèwài bǔxí) | 给学生补习数学 (gěi xuéshēng bǔxí shùxué),老师每周给他补习一次数学。,Lǎoshī měi zhōu gěi tā bǔxí yí cì shùxué.,معلم هر هفته یک جلسه با او ریاضی کار می‌کند.,
86,不许,bùxǔ,HSK 6,助动,1,表示禁止或不允许做某事（助动）,نباید؛ اجازه نداشتن برای انجام کاری (فعل کمکی),助动,فعل کمکی,不许进入 (bùxǔ jìnrù) | 不许说话 (bùxǔ shuōhuà) | 不许吸烟 (bùxǔ xīyān),上课的时候不许使用手机。,Shàngkè de shíhou bùxǔ shǐyòng shǒujī.,هنگام کلاس نباید از تلفن همراه استفاده کرد.,
87,不宜,bùyí,HSK 6,助动,1,（较正式）表示不适合或不应该做某事（助动）,مناسب یا صلاح نبودن که کاری انجام شود (رسمی‌تر) (فعل کمکی),助动,فعل کمکی,不宜公开 (bùyí gōngkāi) | 不宜过早决定 (bùyí guòzǎo juédìng) | 不宜长期使用 (bùyí chángqī shǐyòng),这种药不宜长期使用。,Zhè zhǒng yào bùyí chángqī shǐyòng.,مصرف طولانی‌مدت این دارو مناسب نیست.,
88,不已,bùyǐ,HSK 6,动,1,（较书面）持续进行或保持某种状态，不能停止（动）,ادامه داشتن و متوقف نشدن (نوشتاری‌تر) (فعل),动,فعل,赞叹不已 (zàntàn bùyǐ) | 激动不已 (jīdòng bùyǐ) | 感慨不已 (gǎnkǎi bùyǐ),观众被他的表演深深打动，赞叹不已。,"Guānzhòng bèi tā de biǎoyǎn shēnshēn dǎdòng, zàntàn bùyǐ.",تماشاگران عمیقاً تحت تأثیر اجرای او قرار گرفتند و پیوسته تحسینش می‌کردند.,
89,布置,bùzhì,HSK 6,动,1,对房间、场地等进行安排和装饰，使其符合某种需要（动）,چیدن و آماده‌کردن اتاق یا محل برای منظوری خاص (فعل),动,فعل,布置房间 (bùzhì fángjiān) | 布置会场 (bùzhì huìchǎng) | 精心布置 (jīngxīn bùzhì),大家正在布置晚会的会场。,Dàjiā zhèngzài bùzhì wǎnhuì de huìchǎng.,همه در حال چیدن و آماده‌کردن محل برگزاری جشن هستند.,
89,布置,bùzhì,HSK 6,动,2,安排并交代工作、任务或作业等（动）,کار، مأموریت یا تکلیف تعیین و محول کردن (فعل),动,فعل,布置任务 (bùzhì rènwu) | 布置工作 (bùzhì gōngzuò) | 布置作业 (bùzhì zuòyè),老师给学生布置了三道练习题。,Lǎoshī gěi xuéshēng bùzhì le sān dào liànxítí.,معلم سه تمرین به دانش‌آموزان داد.,
90,不止,bùzhǐ,HSK 6,动,1,超过某个数量或范围（动）,بیش از مقدار یا محدوده‌ای معین بودن (فعل),动,فعل,不止一次 (bùzhǐ yí cì) | 不止一个原因 (bùzhǐ yí ge yuányīn) | 不止这些 (bùzhǐ zhèxiē),他提醒过我不止一次。,Tā tíxǐng guo wǒ bùzhǐ yí cì.,او بیش از یک بار به من یادآوری کرده است.,
90,不止,bùzhǐ,HSK 6,动,2,持续进行而不停止（动）,ادامه داشتن و متوقف نشدن (فعل),动,فعل,流血不止 (liúxuè bùzhǐ) | 咳嗽不止 (késou bùzhǐ) | 争论不止 (zhēnglùn bùzhǐ),他的伤口一直流血不止。,Tā de shāngkǒu yìzhí liúxuè bùzhǐ.,خون‌ریزی زخم او همچنان بند نمی‌آمد.,
91,不至于,búzhìyú,HSK 6,副,1,表示根据情况判断不会达到某种程度或发生某种情况（副）,به آن حد نرسیدن؛ بعید بودن که اتفاقی بیفتد (قید),副,قید,不至于失败 (búzhìyú shībài) | 不至于这么严重 (búzhìyú zhème yánzhòng) | 还不至于如此 (hái búzhìyú rúcǐ),事情还不至于那么严重。,Shìqing hái búzhìyú nàme yánzhòng.,موضوع هنوز به آن حد جدی نرسیده است.,
91,不至于,búzhìyú,HSK 6,副,2,（口语，网络用语）用于表示惊讶、怀疑，或认为某人的反应和做法过度（副）,جدی؟؛ دیگه نه تا این حد؛ این واکنش زیادی است (محاوره‌ای، اینترنتی) (قید),副,قید,不至于吧 (búzhìyú ba) | 真的不至于 (zhēn de búzhìyú) | 倒也不至于 (dào yě búzhìyú),不至于吧？就迟到了五分钟，你就要跟他绝交？,"Búzhìyú ba? Jiù chídào le wǔ fēnzhōng, nǐ jiù yào gēn tā juéjiāo?",دیگه نه تا این حد! فقط پنج دقیقه دیر کرده؛ می‌خواهی به همین دلیل رابطه‌ات را با او قطع کنی؟,
92,步骤,bùzhòu,HSK 6,名,1,完成某项工作或活动时依次进行的各个阶段（名）,مراحل یا گام‌های پی‌درپی انجام یک کار (اسم),名,اسم,操作步骤 (cāozuò bùzhòu) | 具体步骤 (jùtǐ bùzhòu) | 按照步骤进行 (ànzhào bùzhòu jìnxíng),请按照说明书上的步骤进行操作。,Qǐng ànzhào shuōmíngshū shàng de bùzhòu jìnxíng cāozuò.,لطفاً عملیات را طبق مراحل نوشته‌شده در دفترچهٔ راهنما انجام دهید.,
93,踩,cǎi,HSK 6,动,1,把脚放在某物上，或用脚向下压（动）,روی چیزی پا گذاشتن؛ چیزی را با پا فشردن (فعل),动,فعل,踩到玻璃 (cǎidào bōli) | 踩在脚下 (cǎi zài jiǎoxià) | 踩刹车 (cǎi shāchē),小心不要踩到地上的碎玻璃。,Xiǎoxīn bú yào cǎidào dìshang de suì bōli.,مراقب باش روی خرده‌شیشه‌های روی زمین پا نگذاری.,
94,猜测,cāicè,HSK 6,动、名,1,根据不充分的信息推想事情的情况或结果（动）,بر اساس اطلاعات ناکافی حدس زدن (فعل),动,فعل,猜测原因 (cāicè yuányīn) | 猜测结果 (cāicè jiéguǒ) | 随意猜测 (suíyì cāicè),在真相公布以前，我们只能猜测事情的原因。,"Zài zhēnxiàng gōngbù yǐqián, wǒmen zhǐ néng cāicè shìqing de yuányīn.",پیش از اعلام حقیقت، فقط می‌توانیم علت ماجرا را حدس بزنیم.,
94,猜测,cāicè,HSK 6,动、名,2,根据不充分的信息作出的推想或判断（名）,حدس یا گمان مبتنی بر اطلاعات ناکافی (اسم),名,اسم,只是猜测 (zhǐshì cāicè) | 大胆的猜测 (dàdǎn de cāicè) | 证实猜测 (zhèngshí cāicè),目前的说法都只是猜测，还没有得到证实。,"Mùqián de shuōfǎ dōu zhǐshì cāicè, hái méiyǒu dédào zhèngshí.",گفته‌های فعلی همگی فقط حدس‌اند و هنوز تأیید نشده‌اند.,
95,财产,cáichǎn,HSK 6,名,1,个人、家庭或组织依法拥有的钱财、物品、房产及相关权利（名）,اموال و دارایی‌های متعلق به شخص یا سازمان (اسم),名,اسم,个人财产 (gèrén cáichǎn) | 财产损失 (cáichǎn sǔnshī) | 保护财产 (bǎohù cáichǎn),大火给当地居民造成了严重的财产损失。,Dàhuǒ gěi dāngdì jūmín zàochéng le yánzhòng de cáichǎn sǔnshī.,آتش‌سوزی خسارت مالی شدیدی به ساکنان محلی وارد کرد.,
96,财富,cáifù,HSK 6,名,1,个人、家庭或社会积累并拥有的具有经济价值的钱财和资产（名）,ثروت؛ مجموع ارزش‌های اقتصادی اندوخته‌شده (اسم),名,اسم,创造财富 (chuàngzào cáifù) | 积累财富 (jīlěi cáifù) | 拥有财富 (yǒngyǒu cáifù),他通过多年的努力积累了不少财富。,Tā tōngguò duō nián de nǔlì jīlěi le bùshǎo cáifù.,او با سال‌ها تلاش ثروت قابل‌توجهی اندوخت.,
96,财富,cáifù,HSK 6,名,2,（比喻）对个人或社会具有重要价值的知识、经验或精神成果（名）,دانش، تجربه یا دستاورد معنوی ارزشمند؛ گنجینه (مجازی) (اسم),名,اسم,精神财富 (jīngshén cáifù) | 宝贵财富 (bǎoguì cáifù) | 人类共同的财富 (rénlèi gòngtóng de cáifù),丰富的生活经验是人生的一笔宝贵财富。,Fēngfù de shēnghuó jīngyàn shì rénshēng de yì bǐ bǎoguì cáifù.,تجربهٔ گستردهٔ زندگی گنجینه‌ای ارزشمند در زندگی انسان است.,
97,采购,cǎigòu,HSK 6,动,1,有计划地选择并购买个人、组织或企业所需的物品（动）,کالاهای موردنیاز را برنامه‌ریزی‌شده خریداری و تأمین کردن (فعل),动,فعل,采购设备 (cǎigòu shèbèi) | 采购原材料 (cǎigòu yuáncáiliào) | 统一采购 (tǒngyī cǎigòu),公司正在采购一批新的生产设备。,Gōngsī zhèngzài cǎigòu yì pī xīn de shēngchǎn shèbèi.,شرکت در حال خرید مجموعه‌ای از تجهیزات تولیدی جدید است.,
98,彩虹,cǎihóng,HSK 6,名,1,阳光照射空气中的水滴，经过折射和反射形成的彩色弧形光带（名）,رنگین‌کمان (اسم),名,اسم,一道彩虹 (yí dào cǎihóng) | 出现彩虹 (chūxiàn cǎihóng) | 看见彩虹 (kànjiàn cǎihóng),雨后，天空中出现了一道彩虹。,"Yǔhòu, tiānkōng zhōng chūxiàn le yí dào cǎihóng.",پس از باران، رنگین‌کمانی در آسمان پدیدار شد.,
99,才华,cáihuá,HSK 6,名,1,在文学、艺术、学术等方面表现出来的出众才能（名）,استعداد و توانایی برجسته (اسم),名,اسم,展现才华 (zhǎnxiàn cáihuá) | 文学才华 (wénxué cáihuá) | 才华横溢 (cáihuá héngyì),她在音乐方面展现出了非凡的才华。,Tā zài yīnyuè fāngmiàn zhǎnxiàn chū le fēifán de cáihuá.,او در زمینهٔ موسیقی استعداد فوق‌العاده‌ای از خود نشان داد.,
100,采集,cǎijí,HSK 6,动,1,从不同来源收集并取得资料、样本或自然物等（动）,اطلاعات، نمونه یا مواد طبیعی را جمع‌آوری کردن (فعل),动,فعل,采集数据 (cǎijí shùjù) | 采集样本 (cǎijí yàngběn) | 采集植物标本 (cǎijí zhíwù biāoběn),研究人员正在采集当地的水质样本。,Yánjiū rényuán zhèngzài cǎijí dāngdì de shuǐzhì yàngběn.,پژوهشگران در حال جمع‌آوری نمونه‌های آب محلی برای بررسی کیفیت آن هستند.,
101,采纳,cǎinà,HSK 6,动,1,（较正式）接受并采用别人提出的意见、建议或方案（动）,نظر، پیشنهاد یا طرحی را پذیرفتن و به کار بستن (رسمی‌تر) (فعل),动,فعل,采纳建议 (cǎinà jiànyì) | 采纳意见 (cǎinà yìjiàn) | 采纳方案 (cǎinà fāng'àn),公司采纳了员工提出的建议。,Gōngsī cǎinà le yuángōng tíchū de jiànyì.,شرکت پیشنهاد کارکنان را پذیرفت و به کار بست.,
102,才能,cáinéng,HSK 6,名,1,完成某种工作或从事某种活动所具备的能力和才干（名）,توانایی؛ استعداد؛ قابلیت انجام کاری (اسم),名,اسم,管理才能 (guǎnlǐ cáinéng) | 领导才能 (lǐngdǎo cáinéng) | 发挥才能 (fāhuī cáinéng),他在工作中充分发挥了自己的才能。,Tā zài gōngzuò zhōng chōngfèn fāhuī le zìjǐ de cáinéng.,او در کار توانایی‌های خود را کاملاً به کار گرفت.,
103,彩票,cǎipiào,HSK 6,名,1,购买后根据随机抽出的号码或结果决定是否中奖的票券（名）,بلیت بخت‌آزمایی یا قرعه‌کشی (اسم),名,اسم,一张彩票 (yì zhāng cǎipiào) | 购买彩票 (gòumǎi cǎipiào) | 彩票号码 (cǎipiào hàomǎ),他昨天买了一张彩票。,Tā zuótiān mǎi le yì zhāng cǎipiào.,او دیروز یک بلیت بخت‌آزمایی خرید.,
104,财务,cáiwù,HSK 6,名,1,与资金的筹集、管理、收入和支出等有关的事务（名）,امور مربوط به مدیریت درآمد، هزینه و سرمایه (اسم),名,اسم,财务管理 (cáiwù guǎnlǐ) | 财务状况 (cáiwù zhuàngkuàng) | 财务报告 (cáiwù bàogào),公司的财务状况比较稳定。,Gōngsī de cáiwù zhuàngkuàng bǐjiào wěndìng.,وضعیت مالی شرکت نسبتاً باثبات است.,
104,财务,cáiwù,HSK 6,名,2,（口语）单位中负责处理财务工作的部门或人员（名）,بخش یا مسئول امور مالی (محاوره‌ای) (اسم),名,اسم,交给财务 (jiāo gěi cáiwù) | 去财务报销 (qù cáiwù bàoxiāo) | 找财务核对 (zhǎo cáiwù héduì),请把这些发票交给财务。,Qǐng bǎ zhèxiē fāpiào jiāo gěi cáiwù.,لطفاً این فاکتورها را به بخش مالی تحویل دهید.,
105,财物,cáiwù,HSK 6,名,1,钱财和具有价值的物品的总称（名）,پول و اشیای ارزشمند؛ اموال (اسم),名,اسم,个人财物 (gèrén cáiwù) | 贵重财物 (guìzhòng cáiwù) | 保护财物 (bǎohù cáiwù),外出时请保管好自己的财物。,Wàichū shí qǐng bǎoguǎn hǎo zìjǐ de cáiwù.,هنگام بیرون‌رفتن از اموال خود به‌خوبی مراقبت کنید.,
106,材质,cáizhì,HSK 6,名,1,制造物品所使用的材料种类及其质地特点（名）,جنس و ویژگی‌های مادهٔ سازنده (اسم),名,اسم,金属材质 (jīnshǔ cáizhì) | 环保材质 (huánbǎo cáizhì) | 材质坚固 (cáizhì jiāngù),这款产品采用了可回收的环保材质。,Zhè kuǎn chǎnpǐn cǎiyòng le kě huíshōu de huánbǎo cáizhì.,در ساخت این محصول از مواد سازگار با محیط زیست و قابل‌بازیافت استفاده شده است.,
107,仓库,cāngkù,HSK 6,名,1,专门用于存放货物、原材料或其他物品的建筑或场所（名）,محل یا ساختمانی برای نگهداری کالا و مواد؛ انبار (اسم),名,اسم,大型仓库 (dàxíng cāngkù) | 仓库管理 (cāngkù guǎnlǐ) | 租用仓库 (zūyòng cāngkù),所有商品都存放在仓库里。,Suǒyǒu shāngpǐn dōu cúnfàng zài cāngkù li.,همهٔ کالاها در انبار نگهداری می‌شوند.,
108,残疾,cánjí,HSK 6,名,1,身体、感官、智力或精神方面的结构或功能长期受损或缺失的状态（名）,معلولیت جسمی، حسی، ذهنی یا روانی (اسم),名,اسم,身体残疾 (shēntǐ cánjí) | 造成残疾 (zàochéng cánjí) | 残疾程度 (cánjí chéngdù),这次事故造成了他的终身残疾。,Zhè cì shìgù zàochéng le tā de zhōngshēn cánjí.,این حادثه باعث معلولیت دائمی او شد.,
109,参展,cānzhǎn,HSK 6,动,1,带着产品、作品等参加展览或展销活动（动）,با ارائهٔ محصول یا اثر در نمایشگاه شرکت کردن (فعل),动,فعل,报名参展 (bàomíng cānzhǎn) | 首次参展 (shǒucì cānzhǎn) | 带产品参展 (dài chǎnpǐn cānzhǎn),今年有一百多家国内外企业参展。,Jīnnián yǒu yìbǎi duō jiā guónèiwài qǐyè cānzhǎn.,امسال بیش از صد شرکت داخلی و خارجی در نمایشگاه شرکت کرده‌اند.,
110,草原,cǎoyuán,HSK 6,名,1,以草本植物为主、树木很少的大片自然区域（名）,پهنهٔ وسیع پوشیده از علف با درختان اندک؛ علفزار (اسم),名,اسم,辽阔的草原 (liáokuò de cǎoyuán) | 草原风光 (cǎoyuán fēngguāng) | 草原地区 (cǎoyuán dìqū),内蒙古有辽阔而美丽的草原。,Nèi Měnggǔ yǒu liáokuò ér měilì de cǎoyuán.,در مغولستان داخلی علفزارهای پهناور و زیبایی وجود دارد.,
111,侧,cè,HSK 6,名、动,1,物体或位置的旁边、一边（名）,کنار؛ سمت؛ یک طرف (اسم),名,اسم,道路两侧 (dàolù liǎng cè) | 身体一侧 (shēntǐ yí cè) | 站在右侧 (zhàn zài yòucè),道路两侧种满了树。,Dàolù liǎng cè zhòngmǎn le shù.,در دو طرف جاده درخت کاشته شده است.,
111,侧,cè,HSK 6,名、动,2,使身体或物体向旁边倾斜或转动（动）,بدن یا چیزی را به یک طرف مایل یا کج کردن (فعل),动,فعل,侧过脸 (cèguo liǎn) | 侧着身子 (cèzhe shēnzi) | 把头侧向一边 (bǎ tóu cè xiàng yìbiān),他把身子侧到一边，让我过去。,"Tā bǎ shēnzi cè dào yìbiān, ràng wǒ guòqu.",او بدنش را به یک طرف متمایل کرد تا من عبور کنم.,
112,策划,cèhuà,HSK 6,动、名,1,为活动、项目等制定计划并安排实施（动）,برای فعالیت یا پروژه‌ای برنامه‌ریزی و اجرای آن را سازمان‌دهی کردن (فعل),动,فعل,策划活动 (cèhuà huódòng) | 策划项目 (cèhuà xiàngmù) | 精心策划 (jīngxīn cèhuà),公司正在策划一个新的宣传活动。,Gōngsī zhèngzài cèhuà yí ge xīn de xuānchuán huódòng.,شرکت در حال برنامه‌ریزی یک فعالیت تبلیغاتی جدید است.,
112,策划,cèhuà,HSK 6,动、名,2,（行业用语）负责制定活动、广告或项目计划的人（名）,برنامه‌ریز یا طراح فعالیت، تبلیغات یا پروژه (اصطلاح حرفه‌ای) (اسم),名,اسم,广告策划 (guǎnggào cèhuà) | 活动策划 (huódòng cèhuà) | 营销策划 (yíngxiāo cèhuà),她是我们公司的广告策划。,Tā shì wǒmen gōngsī de guǎnggào cèhuà.,او برنامه‌ریز تبلیغاتی شرکت ماست.,
113,测量,cèliáng,HSK 6,动,1,使用仪器或量具确定长度、面积、温度、速度等数值（动）,با ابزار، مقدار یا اندازهٔ چیزی را تعیین کردن؛ اندازه‌گیری کردن (فعل),动,فعل,测量距离 (cèliáng jùlí) | 测量面积 (cèliáng miànjī) | 测量温度 (cèliáng wēndù),工程师正在测量这块土地的面积。,Gōngchéngshī zhèngzài cèliáng zhè kuài tǔdì de miànjī.,مهندس در حال اندازه‌گیری مساحت این قطعه زمین است.,
114,策略,cèlüè,HSK 6,名,1,为实现某个目标，根据具体情况制定的行动方针和方法（名）,راهبرد و روش عملیِ تعیین‌شده برای رسیدن به هدف (اسم),名,اسم,发展策略 (fāzhǎn cèlüè) | 市场策略 (shìchǎng cèlüè) | 竞争策略 (jìngzhēng cèlüè),公司需要根据市场变化调整经营策略。,Gōngsī xūyào gēnjù shìchǎng biànhuà tiáozhěng jīngyíng cèlüè.,شرکت باید راهبرد تجاری خود را متناسب با تغییرات بازار تنظیم کند.,
115,层次,céngcì,HSK 6,名,1,事物按照高低、大小、难易等形成的不同等级（名）,سطح یا مرتبه‌ای از یک مجموعه (اسم),名,اسم,不同层次 (bùtóng céngcì) | 更高层次 (gèng gāo céngcì) | 多个层次 (duō ge céngcì),这个问题需要从更高的层次来考虑。,Zhège wèntí xūyào cóng gèng gāo de céngcì lái kǎolǜ.,این مسئله را باید در سطح بالاتری بررسی کرد.,
115,层次,céngcì,HSK 6,名,2,文章、讲话等内容的条理和先后结构（名）,ساختار منظم و ترتیب مطالب (اسم),名,اسم,文章层次 (wénzhāng céngcì) | 层次清楚 (céngcì qīngchu) | 层次分明 (céngcì fēnmíng),这篇文章结构完整，层次也很清楚。,"Zhè piān wénzhāng jiégòu wánzhěng, céngcì yě hěn qīngchu.",این مقاله ساختار کاملی دارد و ترتیب مطالب آن نیز بسیار روشن است.,
115,层次,céngcì,HSK 6,名,3,画面、景物等因前后、远近或明暗不同而呈现出的空间感（名）,عمق و لایه‌بندی بصری در تصویر یا منظره (اسم),名,اسم,画面层次 (huàmiàn céngcì) | 层次丰富 (céngcì fēngfù) | 层次分明 (céngcì fēnmíng),这幅画色彩丰富，很有层次。,"Zhè fú huà sècǎi fēngfù, hěn yǒu céngcì.",این نقاشی رنگ‌های متنوع و عمق بصری خوبی دارد.,
116,层面,céngmiàn,HSK 6,名,1,（较正式）观察、分析或处理问题的范围、角度或方面（名）,سطح، بُعد یا جنبهٔ بررسی یک موضوع (رسمی‌تر) (اسم),名,اسم,社会层面 (shèhuì céngmiàn) | 技术层面 (jìshù céngmiàn) | 多个层面 (duō ge céngmiàn),这个问题需要从多个层面进行分析。,Zhège wèntí xūyào cóng duō ge céngmiàn jìnxíng fēnxī.,این مسئله باید از جنبه‌های مختلف تحلیل شود.,
117,叉,chā,HSK 6,名、动,1,一端有两个或多个尖齿、用于取物或刺取东西的工具（名）,چنگال (اسم),名,اسم,一把叉 (yì bǎ chā) | 刀叉 (dāochā) | 用叉吃饭 (yòng chā chīfàn),他用叉把盘子里的水果送进嘴里。,Tā yòng chā bǎ pánzi li de shuǐguǒ sòngjìn zuǐ li.,او با چنگال میوهٔ داخل بشقاب را در دهانش گذاشت.,
117,叉,chā,HSK 6,名、动,2,形状为“×”、常表示错误、取消或否定的符号（名）,علامت ضربدر برای نشان‌دادن اشتباه، لغو یا رد (اسم),名,اسم,打一个叉 (dǎ yí ge chā) | 画上叉 (huàshàng chā) | 红色的叉 (hóngsè de chā),请在错误的答案旁边打一个叉。,Qǐng zài cuòwù de dá'àn pángbiān dǎ yí ge chā.,لطفاً کنار پاسخ نادرست یک علامت ضربدر بگذارید.,
117,叉,chā,HSK 6,名、动,3,用有尖齿的工具刺取或挑起东西（动）,با ابزار نوک‌دار چیزی را گرفتن یا بلندکردن (فعل),动,فعل,叉鱼 (chā yú) | 叉起一块肉 (chāqǐ yí kuài ròu) | 用鱼叉叉鱼 (yòng yúchā chā yú),他用叉子叉起了一块肉。,Tā yòng chāzi chāqǐ le yí kuài ròu.,او تکه‌ای گوشت را با چنگال برداشت.,
117,叉,chā,HSK 6,名、动,4,使手臂等交错或摆成某种姿势（动）,دست‌ها یا بازوها را روی هم قرار دادن یا در حالتی خاص گذاشتن (فعل),动,فعل,双手叉在胸前 (shuāngshǒu chā zài xiōngqián) | 叉着手 (chāzhe shǒu) | 叉着腰 (chāzhe yāo),他双手叉在胸前，一句话也没说。,"Tā shuāngshǒu chā zài xiōngqián, yí jù huà yě méi shuō.",او دست‌به‌سینه ایستاده بود و هیچ حرفی نمی‌زد.,
117,叉,chǎ,HSK 6,动,5,把手指、双腿等向两边分开或张开（动）,انگشتان یا پاها را از هم باز کردن (فعل),动,فعل,叉开双腿 (chǎkāi shuāngtuǐ) | 叉开五指 (chǎkāi wǔzhǐ) | 两腿叉开 (liǎng tuǐ chǎkāi),他叉开双腿，稳稳地站在地上。,"Tā chǎkāi shuāngtuǐ, wěnwěn de zhàn zài dìshang.",او پاهایش را از هم باز کرد و محکم روی زمین ایستاد.,
118,拆除,chāichú,HSK 6,动,1,把建筑物、设施或设备等拆掉并去除（动）,ساختمان یا تأسیساتی را تخریب، باز یا برچیدن (فعل),动,فعل,拆除旧房 (chāichú jiùfáng) | 拆除围墙 (chāichú wéiqiáng) | 强制拆除 (qiángzhì chāichú),政府决定拆除这座危险建筑。,Zhèngfǔ juédìng chāichú zhè zuò wēixiǎn jiànzhù.,دولت تصمیم گرفت این ساختمان خطرناک را تخریب کند.,
119,产出,chǎnchū,HSK 6,名、动,1,生产活动或工作所产生的产品、数量或成果（名）,محصول، میزان تولید یا خروجی یک فعالیت (اسم),名,اسم,工业产出 (gōngyè chǎnchū) | 经济产出 (jīngjì chǎnchū) | 增加产出 (zēngjiā chǎnchū),采用新技术后，工厂的产出明显增加了。,"Cǎiyòng xīn jìshù hòu, gōngchǎng de chǎnchū míngxiǎn zēngjiā le.",پس از به‌کارگیری فناوری جدید، میزان تولید کارخانه به‌طور محسوسی افزایش یافت.,
119,产出,chǎnchū,HSK 6,名、动,2,通过生产、研究或其他活动产生产品或成果（动）,در نتیجهٔ تولید یا فعالیت، محصول یا دستاوردی ایجاد کردن (فعل),动,فعل,产出优质产品 (chǎnchū yōuzhì chǎnpǐn) | 产出研究成果 (chǎnchū yánjiū chéngguǒ) | 产出高质量内容 (chǎnchū gāo zhìliàng nèiróng),这个研究团队产出了多项重要成果。,Zhège yánjiū tuánduì chǎnchū le duō xiàng zhòngyào chéngguǒ.,این گروه پژوهشی چندین دستاورد مهم ایجاد کرده است.,
120,产地,chǎndì,HSK 6,名,1,产品、农作物或自然资源出产的地方（名）,محل یا منطقهٔ تولید و استخراج محصول (اسم),名,اسم,主要产地 (zhǔyào chǎndì) | 标明产地 (biāomíng chǎndì) | 查询产地 (cháxún chǎndì),包装上清楚地标明了这种茶叶的产地。,Bāozhuāng shàng qīngchu de biāomíng le zhè zhǒng cháyè de chǎndì.,محل تولید این چای به‌روشنی روی بسته‌بندی درج شده است.,
121,肠,cháng,HSK 6,名,1,腹腔内连接胃和肛门、负责消化、吸收和排出废物的器官（名）,روده؛ اندام مسئول گوارش، جذب و دفع مواد زائد (اسم),名,اسم,肠的功能 (cháng de gōngnéng) | 肠内细菌 (cháng nèi xìjūn) | 一段肠 (yí duàn cháng),肠是消化系统的重要组成部分。,Cháng shì xiāohuà xìtǒng de zhòngyào zǔchéng bùfen.,روده بخش مهمی از دستگاه گوارش است.,
122,场次,chǎngcì,HSK 6,名,1,电影、演出、比赛等举行的次数或其中某一次（名）,تعداد یا یکی از نوبت‌های نمایش، اجرا یا مسابقه؛ سانس (اسم),名,اسم,演出场次 (yǎnchū chǎngcì) | 比赛场次 (bǐsài chǎngcì) | 增加场次 (zēngjiā chǎngcì),由于观众很多，主办方决定增加演出场次。,"Yóuyú guānzhòng hěn duō, zhǔbànfāng juédìng zēngjiā yǎnchū chǎngcì.",به‌دلیل تعداد زیاد تماشاگران، برگزارکننده تصمیم گرفت تعداد نوبت‌های اجرا را افزایش دهد.,
123,场地,chǎngdì,HSK 6,名,1,为举行活动、比赛或开展工作而使用的地方或空间（名）,محل یا فضای مورد استفاده برای فعالیت، مسابقه یا کار (اسم),名,اسم,活动场地 (huódòng chǎngdì) | 比赛场地 (bǐsài chǎngdì) | 租用场地 (zūyòng chǎngdì),工作人员正在布置活动场地。,Gōngzuò rényuán zhèngzài bùzhì huódòng chǎngdì.,کارکنان در حال آماده‌کردن محل برگزاری برنامه هستند.,
124,长短,chángduǎn,HSK 6,名,1,物体、距离或时间的长度（名）,طول یک چیز، فاصله یا مدت‌زمان (اسم),名,اسم,长短合适 (chángduǎn héshì) | 长短不一 (chángduǎn bù yī) | 不论时间长短 (búlùn shíjiān chángduǎn),这件裙子的长短正合适。,Zhè jiàn qúnzi de chángduǎn zhèng héshì.,قد این دامن کاملاً مناسب است.,
124,长短,chángduǎn,HSK 6,名,2,（婉辞）意外发生的不幸、伤亡或其他严重变故（名）,حادثه، آسیب یا اتفاق ناگوار (بیان ملایم) (اسم),名,اسم,有个长短 (yǒu ge chángduǎn) | 万一有个长短 (wànyī yǒu ge chángduǎn) | 出了长短 (chū le chángduǎn),你一个人进山，万一有个长短怎么办？,"Nǐ yí ge rén jìn shān, wànyī yǒu ge chángduǎn zěnme bàn?",اگر تنها وارد کوهستان شوی و اتفاق ناگواری برایت بیفتد، چه‌کار کنیم؟,
124,长短,chángduǎn,HSK 6,名,3,别人的优点、缺点以及有关其行为的是非好坏（名）,خوبی‌ها، عیب‌ها و رفتار درست یا نادرست دیگران (اسم),名,اسم,说人长短 (shuō rén chángduǎn) | 议论长短 (yìlùn chángduǎn) | 道人长短 (dào rén chángduǎn),不要在背后议论别人的长短。,Bú yào zài bèihòu yìlùn biérén de chángduǎn.,پشت سر دیگران دربارهٔ خوبی‌ها و عیب‌هایشان حرف نزن.,
125,场馆,chǎngguǎn,HSK 6,名,1,供体育比赛、展览、演出等活动使用的建筑或场所（名）,سالن یا مجموعهٔ مخصوص مسابقه، نمایشگاه یا اجرا (اسم),名,اسم,体育场馆 (tǐyù chǎngguǎn) | 展览场馆 (zhǎnlǎn chǎngguǎn) | 场馆设施 (chǎngguǎn shèshī),比赛期间，所有体育场馆都将正常开放。,"Bǐsài qījiān, suǒyǒu tǐyù chǎngguǎn dōu jiāng zhèngcháng kāifàng.",در طول مسابقات، همهٔ مجموعه‌های ورزشی طبق معمول باز خواهند بود.,
126,常规,chángguī,HSK 6,名、形,1,长期沿用、通常需要遵守的规则或惯例（名）,قاعده، عرف یا روال معمول (اسم),名,اسم,按照常规 (ànzhào chángguī) | 打破常规 (dǎpò chángguī) | 违反常规 (wéifǎn chángguī),按照常规，这类申请需要三天才能处理完。,"Ànzhào chángguī, zhè lèi shēnqǐng xūyào sān tiān cái néng chǔlǐ wán.",طبق روال معمول، رسیدگی به این نوع درخواست سه روز طول می‌کشد.,
126,常规,chángguī,HSK 6,名、形,2,符合通常标准或一般做法的，不是特殊的（形）,معمول؛ متعارف؛ مطابق روش استاندارد (صفت),形,صفت,常规检查 (chángguī jiǎnchá) | 常规操作 (chángguī cāozuò) | 常规治疗 (chángguī zhìliáo),医生建议他先接受常规检查。,Yīshēng jiànyì tā xiān jiēshòu chángguī jiǎnchá.,پزشک توصیه کرد ابتدا معاینات معمول را انجام دهد.,
127,场合,chǎnghé,HSK 6,名,1,由特定时间、地点和周围情况构成的具体情境（名）,موقعیت یا مناسبتی با زمان، مکان و شرایط مشخص (اسم),名,اسم,正式场合 (zhèngshì chǎnghé) | 公共场合 (gōnggòng chǎnghé) | 不同场合 (bùtóng chǎnghé),这种话不适合在正式场合说。,Zhè zhǒng huà bù shìhé zài zhèngshì chǎnghé shuō.,گفتن چنین حرفی در موقعیتی رسمی مناسب نیست.,
128,厂家,chǎngjiā,HSK 6,名,1,生产某种商品的工厂或企业（名）,کارخانه یا شرکت تولیدکنندهٔ کالا (اسم),名,اسم,厂家直销 (chǎngjiā zhíxiāo) | 联系厂家 (liánxì chǎngjiā) | 正规厂家 (zhèngguī chǎngjiā),如果产品出现问题，请直接联系厂家。,"Rúguǒ chǎnpǐn chūxiàn wèntí, qǐng zhíjiē liánxì chǎngjiā.",اگر محصول مشکلی داشت، مستقیماً با شرکت سازنده تماس بگیرید.,
129,场景,chǎngjǐng,HSK 6,名,1,生活、电影、文学作品等中呈现出的具体环境和情景（名）,محیط و صحنه‌ای مشخص در زندگی، فیلم یا اثر ادبی (اسم),名,اسم,电影场景 (diànyǐng chǎngjǐng) | 生活场景 (shēnghuó chǎngjǐng) | 熟悉的场景 (shúxī de chǎngjǐng),电影中的这个场景给观众留下了深刻印象。,Diànyǐng zhōng de zhège chǎngjǐng gěi guānzhòng liúxià le shēnkè yìnxiàng.,این صحنه از فیلم تأثیر عمیقی بر تماشاگران گذاشت.,
129,场景,chǎngjǐng,HSK 6,名,2,（专业用语）产品、技术或服务可以使用的具体情况和环境（名）,موقعیت یا سناریوی کاربرد محصول، فناوری یا خدمات (اصطلاح تخصصی) (اسم),名,اسم,应用场景 (yìngyòng chǎngjǐng) | 使用场景 (shǐyòng chǎngjǐng) | 业务场景 (yèwù chǎngjǐng),这个软件适用于多种应用场景。,Zhège ruǎnjiàn shìyòng yú duō zhǒng yìngyòng chǎngjǐng.,این نرم‌افزار برای موقعیت‌های کاربردی گوناگونی مناسب است.,
130,场面,chǎngmiàn,HSK 6,名,1,活动或事件发生时呈现出的具体情景和画面（名）,صحنه یا منظرهٔ حاصل از یک رویداد یا فعالیت (اسم),名,اسم,热闹的场面 (rènao de chǎngmiàn) | 壮观的场面 (zhuàngguān de chǎngmiàn) | 感人的场面 (gǎnrén de chǎngmiàn),运动员入场时，现场出现了热烈而壮观的场面。,"Yùndòngyuán rùchǎng shí, xiànchǎng chūxiàn le rèliè ér zhuàngguān de chǎngmiàn.",هنگام ورود ورزشکاران، صحنه‌ای پرشور و باشکوه شکل گرفت.,
130,场面,chǎngmiàn,HSK 6,名,2,现场的局势、气氛或秩序（名）,اوضاع، جو یا نظم حاکم بر محل (اسم),名,اسم,控制场面 (kòngzhì chǎngmiàn) | 场面失控 (chǎngmiàn shīkòng) | 稳住场面 (wěnzhù chǎngmiàn),工作人员很快控制住了混乱的场面。,Gōngzuò rényuán hěn kuài kòngzhìzhù le hùnluàn de chǎngmiàn.,کارکنان خیلی زود اوضاع آشفته را تحت کنترل درآوردند.,
130,场面,chǎngmiàn,HSK 6,名,3,（口语）为了显示身份、财富或重视程度而营造的外在排场（名）,تشریفات و شکوه ظاهری برای خودنمایی یا حفظ ظاهر (محاوره‌ای) (اسم),名,اسم,撑场面 (chēng chǎngmiàn) | 讲究场面 (jiǎngjiu chǎngmiàn) | 场面很大 (chǎngmiàn hěn dà),他请了很多客人，只是为了撑场面。,"Tā qǐng le hěn duō kèrén, zhǐshì wèile chēng chǎngmiàn.",او مهمانان زیادی دعوت کرد، فقط برای اینکه مجلس پرشکوه‌تر به نظر برسد.,
131,常年,chángnián,HSK 6,名、副,1,一年到头或长期、连续多年如此（副）,در تمام طول سال؛ برای سال‌های متمادی (قید),副,قید,常年开放 (chángnián kāifàng) | 常年在外 (chángnián zàiwài) | 常年积雪 (chángnián jīxuě),这座山的顶部常年积雪。,Zhè zuò shān de dǐngbù chángnián jīxuě.,قلهٔ این کوه در تمام طول سال پوشیده از برف است.,
131,常年,chángnián,HSK 6,名、副,2,通常年份的情况或根据多年数据计算出的平均情况（名）,وضعیت معمول یا میانگین سال‌های گذشته (اسم),名,اسم,高于常年 (gāoyú chángnián) | 常年水平 (chángnián shuǐpíng) | 接近常年 (jiējìn chángnián),今年的降水量比常年少。,Jīnnián de jiàngshuǐliàng bǐ chángnián shǎo.,میزان بارندگی امسال از میانگین سال‌های گذشته کمتر است.,
132,厂商,chǎngshāng,HSK 6,名,1,从事商品生产或销售的企业（名）,شرکت تولیدکننده یا عرضه‌کنندهٔ کالا (اسم),名,اسم,汽车厂商 (qìchē chǎngshāng) | 知名厂商 (zhīmíng chǎngshāng) | 联系厂商 (liánxì chǎngshāng),多家汽车厂商参加了这次展览。,Duō jiā qìchē chǎngshāng cānjiā le zhè cì zhǎnlǎn.,چندین شرکت خودروسازی در این نمایشگاه شرکت کردند.,
133,长寿,chángshòu,HSK 6,形,1,寿命长，活的时间久（形）,عمر طولانی داشتن؛ دیرزیست بودن (صفت),形,صفت,长寿老人 (chángshòu lǎorén) | 健康长寿 (jiànkāng chángshòu) | 长寿秘诀 (chángshòu mìjué),健康的生活方式有助于人们长寿。,Jiànkāng de shēnghuó fāngshì yǒuzhù yú rénmen chángshòu.,سبک زندگی سالم به افزایش طول عمر افراد کمک می‌کند.,
134,畅通,chàngtōng,HSK 6,形、动,1,道路、管道、通信或信息传递等没有阻碍，能够顺利通行或运行（形）,باز، روان و بدون مانع بودن مسیر یا جریان (صفت),形,صفت,道路畅通 (dàolù chàngtōng) | 通信畅通 (tōngxìn chàngtōng) | 保持畅通 (bǎochí chàngtōng),经过及时清理，道路已经恢复畅通。,"Jīngguò jíshí qīnglǐ, dàolù yǐjīng huīfù chàngtōng.",پس از پاک‌سازی به‌موقع، رفت‌وآمد در جاده دوباره روان شده است.,
134,畅通,chàngtōng,HSK 6,形、动,2,（较正式）清除阻碍，使道路、渠道或信息传递能够顺利进行（动）,مانع را برطرف و مسیر یا کانال ارتباطی را باز و روان کردن (رسمی‌تر) (فعل),动,فعل,畅通渠道 (chàngtōng qúdào) | 畅通交通 (chàngtōng jiāotōng) | 畅通信息交流 (chàngtōng xìnxī jiāoliú),政府采取措施畅通群众反映问题的渠道。,Zhèngfǔ cǎiqǔ cuòshī chàngtōng qúnzhòng fǎnyìng wèntí de qúdào.,دولت اقداماتی برای هموارکردن مسیر طرح مشکلات از سوی مردم انجام داد.,
135,常温,chángwēn,HSK 6,名,1,不进行加热或冷却时的一般环境温度，通常指十五至二十五摄氏度左右（名）,دمای معمول محیط، معمولاً حدود پانزده تا بیست‌وپنج درجهٔ سانتی‌گراد (اسم),名,اسم,常温保存 (chángwēn bǎocún) | 恢复常温 (huīfù chángwēn) | 在常温下 (zài chángwēn xià),这种药可以在常温下保存。,Zhè zhǒng yào kěyǐ zài chángwēn xià bǎocún.,این دارو را می‌توان در دمای معمول محیط نگهداری کرد.,
136,畅销,chàngxiāo,HSK 6,形,1,商品销售量大、销路好，受到消费者欢迎（形）,پرفروش و پرطرف‌دار در بازار (صفت),形,صفت,畅销产品 (chàngxiāo chǎnpǐn) | 畅销书 (chàngxiāoshū) | 持续畅销 (chíxù chàngxiāo),这款手机是今年最畅销的产品之一。,Zhè kuǎn shǒujī shì jīnnián zuì chàngxiāo de chǎnpǐn zhī yī.,این گوشی یکی از پرفروش‌ترین محصولات امسال است.,
137,抄,chāo,HSK 6,动,1,照着原来的文字书写下来（动）,از روی متنی رونویسی کردن (فعل),动,فعل,抄课文 (chāo kèwén) | 抄在本子上 (chāo zài běnzi shàng) | 照着抄 (zhàozhe chāo),请把黑板上的内容抄在本子上。,Qǐng bǎ hēibǎn shàng de nèiróng chāo zài běnzi shàng.,لطفاً مطالب روی تخته را در دفترتان رونویسی کنید.,
137,抄,chāo,HSK 6,动,2,不经过独立思考或未经允许，直接使用别人的答案、作品或设计（动）,پاسخ، اثر یا طرح دیگران را عیناً کپی کردن (فعل),动,فعل,抄答案 (chāo dá'àn) | 抄作业 (chāo zuòyè) | 抄别人的设计 (chāo biérén de shèjì),考试时不许抄别人的答案。,Kǎoshì shí bùxǔ chāo biérén de dá'àn.,هنگام امتحان نباید پاسخ دیگران را کپی کرد.,
137,抄,chāo,HSK 6,动,3,从较近或较方便的道路前往某处（动）,از راه نزدیک‌تر یا میان‌بُر رفتن (فعل),动,فعل,抄近路 (chāo jìnlù) | 抄小路 (chāo xiǎolù) | 从后面抄过去 (cóng hòumian chāo guòqu),为了早点儿到家，我们决定抄近路走。,"Wèile zǎodiǎnr dào jiā, wǒmen juédìng chāo jìnlù zǒu.",برای اینکه زودتر به خانه برسیم، تصمیم گرفتیم از میان‌بُر برویم.,
137,抄,chāo,HSK 6,动,4,（口语）迅速伸手拿起或抓起某物（动）,چیزی را سریع برداشتن یا چنگ‌زدن (محاوره‌ای) (فعل),动,فعل,抄起棍子 (chāoqǐ gùnzi) | 抄起家伙 (chāoqǐ jiāhuo) | 顺手抄起 (shùnshǒu chāoqǐ),他抄起门边的雨伞就跑了出去。,Tā chāoqǐ ménbiān de yǔsǎn jiù pǎo le chūqu.,او چتر کنار در را سریع برداشت و بیرون دوید.,
138,朝代,cháodài,HSK 6,名,1,由同一王室或统治集团连续统治的历史时期（名）,دودمان یا دورهٔ فرمانروایی یک سلسله (اسم),名,اسم,不同朝代 (bùtóng cháodài) | 古代朝代 (gǔdài cháodài) | 朝代更替 (cháodài gēngtì),唐朝是中国历史上重要的朝代之一。,Tángcháo shì Zhōngguó lìshǐ shàng zhòngyào de cháodài zhī yī.,دودمان تانگ یکی از سلسله‌های مهم تاریخ چین است.,
139,炒股,chǎogǔ,HSK 6,动,1,通过买卖股票赚取价格变化带来的利润（动）,برای کسب سود، سهام خریدوفروش کردن؛ معامله‌گری سهام (فعل),动,فعل,学习炒股 (xuéxí chǎogǔ) | 靠炒股赚钱 (kào chǎogǔ zhuànqián) | 炒股多年 (chǎogǔ duō nián),炒股可能带来收益，也存在很大风险。,"Chǎogǔ kěnéng dàilái shōuyì, yě cúnzài hěn dà fēngxiǎn.",معامله‌گری سهام ممکن است سودآور باشد، اما ریسک زیادی نیز دارد.,
140,吵架,chǎojià,HSK 6,动,1,双方因意见不合而用激烈的言语互相争执（动）,با یکدیگر دعوا یا جر‌وبحث لفظی کردن (فعل),动,فعل,夫妻吵架 (fūqī chǎojià) | 经常吵架 (jīngcháng chǎojià) | 为小事吵架 (wèi xiǎoshì chǎojià),他们因为一点儿小事吵架了。,Tāmen yīnwèi yìdiǎnr xiǎoshì chǎojià le.,آن‌ها به‌خاطر مسئله‌ای جزئی با یکدیگر دعوا کردند.,
141,潮流,cháo liú,HSK 6,名,1,社会上流行的发展趋势（名）,روند رایج؛ مد روز (اسم),名,اسم,时代潮流 (shídài cháoliú) | 时尚潮流 (shíshàng cháoliú) | 追随潮流 (zhuīsuí cháoliú),年轻人喜欢追随时尚潮流。,Niánqīngrén xǐhuan zhuīsuí shíshàng cháoliú.,جوان‌ها دوست دارند از مد روز پیروی کنند.,
142,潮湿,cháo shī,HSK 6,形,1,空气或物体中含水分较多（形）,مرطوب؛ نمناک (صفت),形,صفت,天气潮湿 (tiānqì cháoshī) | 潮湿的环境 (cháoshī de huánjìng) | 房间很潮湿 (fángjiān hěn cháoshī),南方的夏天比较潮湿。,Nánfāng de xiàtiān bǐjiào cháoshī.,تابستان در جنوب چین نسبتاً مرطوب است.,
143,嘲笑,cháo xiào,HSK 6,动,1,用言语或表情讥笑别人（及物动）,مسخره کردن؛ به تمسخر گرفتن (فعل گذرا),及物动,فعل گذرا,嘲笑别人 (cháoxiào biérén) | 被人嘲笑 (bèi rén cháoxiào) | 遭到嘲笑 (zāodào cháoxiào),不要嘲笑别人的缺点。,Bú yào cháoxiào biérén de quēdiǎn.,عیب‌های دیگران را مسخره نکن.,
144,超越,chāo yuè,HSK 6,动,1,超过某人、某事物或一定的范围、水平（及物动）,پشت سر گذاشتن؛ فراتر رفتن از (فعل گذرا),及物动,فعل گذرا,超越自我 (chāoyuè zìwǒ) | 超越对手 (chāoyuè duìshǒu) | 超越极限 (chāoyuè jíxiàn),我们要不断超越自己。,Wǒmen yào bùduàn chāoyuè zìjǐ.,باید پیوسته از خودمان فراتر برویم.,
145,查询,chá xún,HSK 6,动,1,查找或询问有关信息（及物动）,جست‌وجو کردن؛ استعلام گرفتن (فعل گذرا),及物动,فعل گذرا,查询信息 (cháxún xìnxī) | 查询记录 (cháxún jìlù) | 在线查询 (zàixiàn cháxún),你可以在网上查询相关信息。,Nǐ kěyǐ zài wǎngshàng cháxún xiāngguān xìnxī.,می‌توانی اطلاعات مرتبط را در اینترنت جست‌وجو کنی.,
146,差异,chā yì,HSK 6,名,1,彼此不同的地方或程度（名）,تفاوت؛ اختلاف (اسم),名,اسم,文化差异 (wénhuà chāyì) | 差异明显 (chāyì míngxiǎn) | 存在差异 (cúnzài chāyì),两种产品之间存在明显差异。,Liǎng zhǒng chǎnpǐn zhījiān cúnzài míngxiǎn chāyì.,بین این دو محصول تفاوت آشکاری وجود دارد.,
147,插座,chā zuò,HSK 6,名,1,接通电源、供电器插头插入的装置（名）,پریز برق (اسم),名,اسم,电源插座 (diànyuán chāzuò) | 墙壁插座 (qiángbì chāzuò) | 多孔插座 (duōkǒng chāzuò),房间里的插座不够用。,Fángjiān lǐ de chāzuò bú gòu yòng.,پریزهای اتاق کافی نیستند.,
148,撤回,chè huí,HSK 6,动,1,召回派出的人，或收回已经发出、提出的事物（及物动）,فراخواندن؛ پس گرفتن (فعل گذرا),及物动,فعل گذرا,撤回申请 (chèhuí shēnqǐng) | 撤回消息 (chèhuí xiāoxi) | 撤回军队 (chèhuí jūnduì),他决定撤回自己的申请。,Tā juédìng chèhuí zìjǐ de shēnqǐng.,او تصمیم گرفت درخواستش را پس بگیرد.,
149,趁,chèn,HSK 6,介,1,利用某种机会、条件或时间（介）,در فرصتِ؛ تا وقتی که (حرف اضافه),介,حرف اضافه,趁这个机会 (chèn zhège jīhuì) | 趁年轻 (chèn niánqīng) | 趁天还没黑 (chèn tiān hái méi hēi),趁年轻多学一些技能。,Chèn niánqīng duō xué yìxiē jìnéng.,تا جوانی، مهارت‌های بیشتری یاد بگیر.,
150,成,chéng,HSK 6,动,1,变为某种身份、状态或事物（不及物动）,شدن؛ تبدیل شدن به (فعل ناگذر),不及物动,فعل ناگذر,成了朋友 (chéng le péngyou) | 成了习惯 (chéng le xíguàn) | 成大问题 (chéng dà wèntí),他后来成了一名医生。,Tā hòulái chéng le yì míng yīshēng.,او بعدها پزشک شد.,
150,成,chéng,HSK 6,动,2,事情成功、完成或达到预期目的；也用在动词后表示完成或成功（动）,جور شدن؛ به نتیجه رسیدن؛ کامل کردن (فعل),动,فعل,事情成了 (shìqing chéng le) | 能不能成 (néng bu néng chéng) | 顺利办成 (shùnlì bànchéng),这件事终于办成了。,Zhè jiàn shì zhōngyú bànchéng le.,این کار بالاخره با موفقیت انجام شد.,
150,成,chéng,HSK 6,量,3,表示十分之一，常用于表示比例（量）,یک‌دهم؛ ده درصد (واحد شمارش),量,واحد شمارش,九成把握 (jiǔ chéng bǎwò) | 八成以上 (bā chéng yǐshàng) | 增加两成 (zēngjiā liǎng chéng),我有八成把握能成功。,Wǒ yǒu bā chéng bǎwò néng chénggōng.,هشتاد درصد مطمئنم که موفق می‌شوم.,
151,盛,chéng,HSK 6,动,1,把食物、液体等装进容器里（及物动）,کشیدن؛ داخل ظرف ریختن (فعل گذرا),及物动,فعل گذرا,盛一碗饭 (chéng yì wǎn fàn) | 给客人盛汤 (gěi kèrén chéng tāng) | 盛满一杯水 (chéngmǎn yì bēi shuǐ),请帮我盛一碗汤。,Qǐng bāng wǒ chéng yì wǎn tāng.,لطفاً یک کاسه سوپ برایم بکش.,
151,盛,shèng,HSK 6,形,2,旺盛、强烈或正处于高峰（形）,پررونق؛ شدید؛ در اوج (صفت),形,صفت,花开得正盛 (huā kāi de zhèng shèng) | 火势很盛 (huǒshì hěn shèng) | 气势正盛 (qìshì zhèng shèng),七月的荷花开得正盛。,Qīyuè de héhuā kāi de zhèng shèng.,گل‌های نیلوفر در ماه ژوئیه در اوج شکوفایی‌اند.,
151,盛,shèng,HSK 6,名,3,姓氏（名）,نام خانوادگی شِنگ (اسم),名,اسم,姓盛 (xìng Shèng) | 盛老师 (Shèng lǎoshī) | 盛先生 (Shèng xiānsheng),我们的班主任姓盛。,Wǒmen de bānzhǔrèn xìng Shèng.,نام خانوادگی معلم کلاس ما شِنگ است.,
152,撑,chēng,HSK 6,动,1,用力抵住、支住或使物体张开（及物动）,نگه داشتن؛ تکیه دادن؛ باز نگه داشتن (فعل گذرا),及物动,فعل گذرا,撑住屋顶 (chēngzhù wūdǐng) | 撑开雨伞 (chēngkāi yǔsǎn) | 用手撑着桌子 (yòng shǒu chēngzhe zhuōzi),这几根柱子撑着屋顶。,Zhè jǐ gēn zhùzi chēngzhe wūdǐng.,این چند ستون سقف را نگه داشته‌اند.,
152,撑,chēng,HSK 6,动,2,在困难的情况下勉强坚持或维持（不及物动）,دوام آوردن؛ به‌سختی ادامه دادن (فعل ناگذر),不及物动,فعل ناگذر,咬牙撑下去 (yǎoyá chēng xiàqù) | 快撑不住了 (kuài chēngbúzhù le) | 独自苦撑 (dúzì kǔchēng),再坚持一下，我相信你能撑下去。,"Zài jiānchí yíxià, wǒ xiāngxìn nǐ néng chēng xiàqù.",کمی دیگر تحمل کن؛ مطمئنم می‌توانی ادامه بدهی.,
152,撑,chēng,HSK 6,动,3,用篙抵住河底使船前进（及物动）,با چوب قایق راندن (فعل گذرا),及物动,فعل گذرا,撑船过河 (chēng chuán guò hé) | 撑一只小船 (chēng yì zhī xiǎochuán) | 撑到岸边 (chēng dào ànbiān),老人撑着小船慢慢靠岸。,Lǎorén chēngzhe xiǎochuán mànmàn kào'àn.,پیرمرد با چوب، قایق کوچک را آرام‌آرام به ساحل رساند.,
152,撑,chēng,HSK 6,动,4,吃得过多而使肚子发胀（动）,از پرخوری باد کردن؛ بیش‌ازحد سیر شدن (فعل),动,فعل,吃撑了 (chī chēng le) | 肚子撑得难受 (dùzi chēng de nánshòu) | 撑得走不动 (chēng de zǒubudòng),我晚饭吃得太多，肚子都撑了。,"Wǒ wǎnfàn chī de tài duō, dùzi dōu chēng le.",شام آن‌قدر زیاد خوردم که شکمم از پری باد کرده است.,
153,承办,chéng bàn,HSK 6,动,1,接受并负责办理某项事务或活动，多用于正式场合（及物动）,بر عهده گرفتن و اجرا کردن (فعل گذرا),及物动,فعل گذرا,承办会议 (chéngbàn huìyì) | 承办大型活动 (chéngbàn dàxíng huódòng) | 由当地政府承办 (yóu dāngdì zhèngfǔ chéngbàn),这次会议由我们公司承办。,Zhè cì huìyì yóu wǒmen gōngsī chéngbàn.,برگزاری و اجرای این کنفرانس بر عهدهٔ شرکت ماست.,
154,惩罚,chéng fá,HSK 6,动、名,1,对犯错或违法的人给予处罚（及物动）,مجازات کردن؛ تنبیه کردن (فعل گذرا),及物动,فعل گذرا,严厉惩罚 (yánlì chéngfá) | 惩罚违法者 (chéngfá wéifǎzhě) | 依法惩罚 (yīfǎ chéngfá),法律会惩罚违法的人。,Fǎlǜ huì chéngfá wéifǎ de rén.,قانون افراد متخلف را مجازات می‌کند.,
154,惩罚,chéng fá,HSK 6,动、名,2,因错误或违法行为而受到的处罚（名）,مجازات؛ تنبیه (اسم),名,اسم,受到惩罚 (shòudào chéngfá) | 一种惩罚 (yì zhǒng chéngfá) | 作为惩罚 (zuòwéi chéngfá),这就是他欺骗别人的惩罚。,Zhè jiù shì tā qīpiàn biérén de chéngfá.,این مجازات فریب دادن دیگران است.,
155,称号,chēng hào,HSK 6,名,1,根据身份、特点、成就等授予或获得的名称，多含荣誉色彩（名）,عنوان؛ لقب؛ عنوان افتخاری (اسم),名,اسم,获得称号 (huòdé chēnghào) | 光荣称号 (guāngróng chēnghào) | 授予称号 (shòuyǔ chēnghào),他获得了“优秀教师”的称号。,Tā huòdé le “yōuxiù jiàoshī” de chēnghào.,او عنوان «معلم نمونه» را دریافت کرد.,
156,称呼,chēng hu,HSK 6,动、名,1,用某种名称叫或招呼某人（及物动）,خطاب کردن؛ صدا زدن (فعل گذرا),及物动,فعل گذرا,称呼长辈 (chēnghu zhǎngbèi) | 称呼对方 (chēnghu duìfāng) | 不知怎么称呼 (bù zhī zěnme chēnghu),请问我应该怎么称呼您？,Qǐngwèn wǒ yīnggāi zěnme chēnghu nín?,ببخشید، باید شما را چه خطاب کنم؟,
156,称呼,chēng hu,HSK 6,动、名,2,用来叫人的名称或叫法（名）,عنوان؛ نحوهٔ خطاب (اسم),名,اسم,正式称呼 (zhèngshì chēnghu) | 亲切的称呼 (qīnqiè de chēnghu) | 常用称呼 (chángyòng chēnghu),这个称呼听起来很亲切。,Zhège chēnghu tīng qǐlái hěn qīnqiè.,این نحوهٔ خطاب خیلی صمیمانه به نظر می‌رسد.,
157,成交,chéng jiāo,HSK 6,动,1,买卖双方谈妥条件并完成交易（不及物动）,معامله کردن؛ قطعی شدن معامله (فعل ناگذر),不及物动,فعل ناگذر,顺利成交 (shùnlì chéngjiāo) | 当场成交 (dāngchǎng chéngjiāo) | 以低价成交 (yǐ dījià chéngjiāo),双方经过谈判后终于成交了。,Shuāngfāng jīngguò tánpàn hòu zhōngyú chéngjiāo le.,دو طرف پس از مذاکره سرانجام معامله را قطعی کردند.,
158,承诺,chéng nuò,HSK 6,动、名,1,答应承担某种责任或做到某件事（及物动）,قول دادن؛ متعهد شدن (فعل گذرا),及物动,فعل گذرا,向客户承诺 (xiàng kèhù chéngnuò) | 郑重承诺 (zhèngzhòng chéngnuò) | 承诺按时完成 (chéngnuò ànshí wánchéng),公司承诺提高产品质量。,Gōngsī chéngnuò tígāo chǎnpǐn zhìliàng.,شرکت متعهد شد کیفیت محصولات را بهبود دهد.,
158,承诺,chéng nuò,HSK 6,动、名,2,答应做到某事而作出的保证（名）,قول؛ تعهد (اسم),名,اسم,作出承诺 (zuòchū chéngnuò) | 履行承诺 (lǚxíng chéngnuò) | 信守承诺 (xìnshǒu chéngnuò),他没有忘记自己的承诺。,Tā méiyǒu wàngjì zìjǐ de chéngnuò.,او قول خودش را فراموش نکرد.,
159,成千上万,chéng qiān shàng wàn,HSK 6,数,1,形容数量极多（数）,هزاران‌هزار؛ بی‌شمار (عدد),数,عدد,成千上万的人 (chéngqiānshàngwàn de rén) | 成千上万名游客 (chéngqiānshàngwàn míng yóukè) | 成千上万次 (chéngqiānshàngwàn cì),每年都有成千上万的人来到这里。,Měinián dōu yǒu chéngqiānshàngwàn de rén láidào zhèlǐ.,هر سال هزاران‌هزار نفر به اینجا می‌آیند.,
160,呈现,chéng xiàn,HSK 6,动,1,显示出某种形态、状态、特点或趋势（及物动）,نشان دادن؛ به نمایش گذاشتن (فعل گذرا),及物动,فعل گذرا,呈现出新面貌 (chéngxiàn chū xīn miànmào) | 呈现明显趋势 (chéngxiàn míngxiǎn qūshì) | 呈现不同特点 (chéngxiàn bùtóng tèdiǎn),这座城市呈现出全新的面貌。,Zhè zuò chéngshì chéngxiàn chū quánxīn de miànmào.,این شهر چهره‌ای کاملاً تازه به خود گرفته است.,
160,呈现,chéng xiàn,HSK 6,动,2,显现或出现在人的眼前（不及物动）,نمایان شدن؛ پدیدار شدن (فعل ناگذر),不及物动,فعل ناگذر,呈现在眼前 (chéngxiàn zài yǎnqián) | 清晰地呈现出来 (qīngxī de chéngxiàn chūlái) | 逐渐呈现 (zhújiàn chéngxiàn),一片美丽的景色呈现在我们眼前。,Yí piàn měilì de jǐngsè chéngxiàn zài wǒmen yǎnqián.,منظره‌ای زیبا پیش چشمانمان پدیدار شد.,
161,成效,chéng xiào,HSK 6,名,1,工作、行动或措施产生的良好效果（名）,نتیجهٔ مثبت؛ ثمربخشی (اسم),名,اسم,取得成效 (qǔdé chéngxiào) | 初见成效 (chūjiàn chéngxiào) | 成效显著 (chéngxiào xiǎnzhù),改革取得了明显成效。,Gǎigé qǔdé le míngxiǎn chéngxiào.,اصلاحات نتایج چشمگیری به همراه داشته است.,
162,诚信,chéng xìn,HSK 6,名,1,诚实并遵守信用的品质（名）,صداقت و خوش‌قولی (اسم),名,اسم,讲诚信 (jiǎng chéngxìn) | 缺乏诚信 (quēfá chéngxìn) | 诚信经营 (chéngxìn jīngyíng),做生意最重要的是讲诚信。,Zuò shēngyi zuì zhòngyào de shì jiǎng chéngxìn.,مهم‌ترین اصل در کسب‌وکار، صداقت و خوش‌قولی است.,
163,成语,chéng yǔ,HSK 6,名,1,长期习用、结构固定、意义完整的汉语短语，多由四个字组成（名）,اصطلاح ثابت چینی (اسم),名,اسم,四字成语 (sìzì chéngyǔ) | 理解成语 (lǐjiě chéngyǔ) | 使用成语 (shǐyòng chéngyǔ),学习成语有助于了解中国文化。,Xuéxí chéngyǔ yǒuzhù yú liǎojiě Zhōngguó wénhuà.,یادگیری اصطلاحات چینی به شناخت فرهنگ چین کمک می‌کند.,
164,城镇,chéng zhèn,HSK 6,名,1,城市和集镇的统称（名）,شهرها و شهرک‌ها (اسم),名,اسم,城镇居民 (chéngzhèn jūmín) | 城镇人口 (chéngzhèn rénkǒu) | 城镇建设 (chéngzhèn jiànshè),近年来这里的城镇发展得很快。,Jìnnián lái zhèlǐ de chéngzhèn fāzhǎn de hěn kuài.,در سال‌های اخیر شهرها و شهرک‌های این منطقه به‌سرعت توسعه یافته‌اند.,
165,称作,chēng zuò,HSK 6,动,1,把人或事物叫作某个名称；也常用于被动形式（及物动）,نامیدن؛ نامیده شدن (فعل گذرا),及物动,فعل گذرا,通常称作 (tōngcháng chēngzuò) | 被称作英雄 (bèi chēngzuò yīngxióng) | 把它称作奇迹 (bǎ tā chēngzuò qíjì),这种植物被称作“生命之花”。,Zhè zhǒng zhíwù bèi chēngzuò “shēngmìng zhī huā”.,این گیاه «گل زندگی» نامیده می‌شود.,
166,沉重,chén zhòng,HSK 6,形,1,分量大，或使人感到移动起来很费力（形）,سنگین (صفت),形,صفت,沉重的行李 (chénzhòng de xíngli) | 脚步沉重 (jiǎobù chénzhòng) | 身体很沉重 (shēntǐ hěn chénzhòng),这扇铁门十分沉重。,Zhè shàn tiěmén shífēn chénzhòng.,این درِ آهنی بسیار سنگین است.,
166,沉重,chén zhòng,HSK 6,形,2,心情压抑，或负担、打击、损失等程度很深（形）,سنگین؛ شدید؛ طاقت‌فرسا (صفت),形,صفت,心情沉重 (xīnqíng chénzhòng) | 沉重负担 (chénzhòng fùdān) | 沉重打击 (chénzhòng dǎjī),这个消息给他带来了沉重的打击。,Zhège xiāoxi gěi tā dàilái le chénzhòng de dǎjī.,این خبر ضربهٔ سنگینی به او وارد کرد.,
167,撤销,chè xiāo,HSK 6,动,1,取消已经设立、作出或生效的决定、资格、机构等（及物动）,لغو کردن؛ باطل کردن (فعل گذرا),及物动,فعل گذرا,撤销判决 (chèxiāo pànjué) | 撤销资格 (chèxiāo zīgé) | 撤销机构 (chèxiāo jīgòu),法院撤销了原来的判决。,Fǎyuàn chèxiāo le yuánlái de pànjué.,دادگاه حکم قبلی را لغو کرد.,
168,尺,chǐ,HSK 6,量,1,中国传统长度单位，一尺等于三分之一米（量）,چی؛ واحد سنتی برابر با یک‌سوم متر (واحد شمارش),量,واحد شمارش,三尺长 (sān chǐ cháng) | 五尺宽 (wǔ chǐ kuān) | 一尺见方 (yì chǐ jiànfāng),这块布长三尺。,Zhè kuài bù cháng sān chǐ.,طول این پارچه سه چی است.,
168,尺,chǐ,HSK 6,名,2,测量长度的工具（名）,خط‌کش؛ وسیلهٔ اندازه‌گیری (اسم),名,اسم,一把尺 (yì bǎ chǐ) | 用尺测量 (yòng chǐ cèliáng) | 拿尺量一量 (ná chǐ liáng yí liáng),请用尺量一下桌子的长度。,Qǐng yòng chǐ liáng yíxià zhuōzi de chángdù.,لطفاً طول میز را با خط‌کش اندازه بگیر.,
169,尺寸,chǐ cùn,HSK 6,名,1,物体的长短、宽窄、高低或大小（名）,ابعاد؛ اندازه (اسم),名,اسم,标准尺寸 (biāozhǔn chǐcùn) | 测量尺寸 (cèliáng chǐcùn) | 具体尺寸 (jùtǐ chǐcùn),请确认一下产品的具体尺寸。,Qǐng quèrèn yíxià chǎnpǐn de jùtǐ chǐcùn.,لطفاً ابعاد دقیق محصول را تأیید کنید.,
170,持久,chí jiǔ,HSK 6,形,1,保持很长时间而不消失或中断（形）,ماندگار؛ بادوام؛ طولانی‌مدت (صفت),形,صفت,持久和平 (chíjiǔ hépíng) | 效果持久 (xiàoguǒ chíjiǔ) | 持久动力 (chíjiǔ dònglì),这种材料的防水效果非常持久。,Zhè zhǒng cáiliào de fángshuǐ xiàoguǒ fēicháng chíjiǔ.,خاصیت ضدآب این ماده بسیار ماندگار است.,
171,持有,chí yǒu,HSK 6,动,1,拥有或掌握某种财产、权利、证件等，多用于正式场合（及物动）,در اختیار داشتن؛ دارا بودن (فعل گذرا),及物动,فعل گذرا,持有股份 (chíyǒu gǔfèn) | 持有有效证件 (chíyǒu yǒuxiào zhèngjiàn) | 持有许可证 (chíyǒu xǔkězhèng),他持有这家公司的股份。,Tā chíyǒu zhè jiā gōngsī de gǔfèn.,او سهام این شرکت را در اختیار دارد.,
172,崇拜,chóng bài,HSK 6,动,1,非常敬仰、钦佩某人，甚至把对方当作偶像（及物动）,ستایش کردن؛ شیفته بودن (فعل گذرا),及物动,فعل گذرا,崇拜英雄 (chóngbài yīngxióng) | 崇拜偶像 (chóngbài ǒuxiàng) | 盲目崇拜 (mángmù chóngbài),他从小就很崇拜这位科学家。,Tā cóngxiǎo jiù hěn chóngbài zhè wèi kēxuéjiā.,او از کودکی شیفتهٔ این دانشمند بود.,
172,崇拜,chóng bài,HSK 6,动,2,敬奉并信仰神灵等宗教对象（及物动）,پرستیدن (فعل گذرا),及物动,فعل گذرا,崇拜神灵 (chóngbài shénlíng) | 崇拜太阳 (chóngbài tàiyáng) | 崇拜祖先 (chóngbài zǔxiān),一些古代民族曾经崇拜太阳。,Yìxiē gǔdài mínzú céngjīng chóngbài tàiyáng.,برخی اقوام باستانی خورشید را می‌پرستیدند.,
173,冲动,chōng dòng,HSK 6,形、名,1,情绪强烈，做事缺少冷静和理性考虑（形）,تکانشی؛ از روی هیجان و بی‌فکر (صفت),形,صفت,容易冲动 (róngyì chōngdòng) | 冲动行事 (chōngdòng xíngshì) | 冲动行为 (chōngdòng xíngwéi),他当时太冲动，没有考虑后果。,"Tā dāngshí tài chōngdòng, méiyǒu kǎolǜ hòuguǒ.",او آن لحظه بیش‌ازحد هیجانی بود و به عواقب فکر نکرد.,
173,冲动,chōng dòng,HSK 6,形、名,2,突然产生的强烈想法、愿望或情绪（名）,میل ناگهانی؛ هیجان لحظه‌ای (اسم),名,اسم,一时冲动 (yìshí chōngdòng) | 产生冲动 (chǎnshēng chōngdòng) | 控制冲动 (kòngzhì chōngdòng),他因为一时冲动做出了错误的决定。,Tā yīnwèi yìshí chōngdòng zuòchū le cuòwù de juédìng.,او از روی هیجان لحظه‌ای تصمیم اشتباهی گرفت.,
174,冲击,chōng jī,HSK 6,动、名,1,水流、波浪等猛烈撞击物体（及物动）,کوبیدن به؛ با شدت برخورد کردن با (فعل گذرا),及物动,فعل گذرا,冲击堤坝 (chōngjī dībà) | 冲击海岸 (chōngjī hǎi'àn) | 不断冲击岩石 (búduàn chōngjī yánshí),海浪不断冲击着岸边的岩石。,Hǎilàng búduàn chōngjīzhe ànbiān de yánshí.,امواج پیوسته به صخره‌های ساحل می‌کوبیدند.,
174,冲击,chōng jī,HSK 6,动、名,2,对某种事物造成强烈的影响或打击（及物动）,ضربه زدن به؛ به‌شدت تحت تأثیر قرار دادن (فعل گذرا),及物动,فعل گذرا,冲击市场 (chōngjī shìchǎng) | 冲击传统行业 (chōngjī chuántǒng hángyè) | 冲击传统观念 (chōngjī chuántǒng guānniàn),新技术正在冲击传统行业。,Xīn jìshù zhèngzài chōngjī chuántǒng hángyè.,فناوری جدید در حال ایجاد تحولی شدید در صنایع سنتی است.,
174,冲击,chōng jī,HSK 6,动、名,3,努力争取达到较高的目标或水平（及物动）,برای دستیابی به چیزی تلاش کردن (فعل گذرا),及物动,فعل گذرا,冲击冠军 (chōngjī guànjūn) | 冲击金牌 (chōngjī jīnpái) | 冲击世界纪录 (chōngjī shìjiè jìlù),她准备在这次比赛中冲击世界纪录。,Tā zhǔnbèi zài zhè cì bǐsài zhōng chōngjī shìjiè jìlù.,او قصد دارد در این مسابقه برای شکستن رکورد جهانی تلاش کند.,
174,冲击,chōng jī,HSK 6,动、名,4,猛烈的撞击，或由此比喻强烈的影响和打击（名）,ضربه؛ شوک؛ تأثیر شدید (اسم),名,اسم,受到冲击 (shòudào chōngjī) | 巨大冲击 (jùdà chōngjī) | 带来冲击 (dàilái chōngjī),经济危机给许多企业带来了巨大冲击。,Jīngjì wēijī gěi xǔduō qǐyè dàilái le jùdà chōngjī.,بحران اقتصادی ضربهٔ بزرگی به بسیاری از شرکت‌ها وارد کرد.,
175,重建,chóng jiàn,HSK 6,动,1,遭到破坏或失去后重新建设或建立（及物动）,بازسازی کردن؛ از نو ساختن (فعل گذرا),及物动,فعل گذرا,重建家园 (chóngjiàn jiāyuán) | 灾后重建 (zāihòu chóngjiàn) | 重建信任 (chóngjiàn xìnrèn),灾后，人们开始重建家园。,"Zāihòu, rénmen kāishǐ chóngjiàn jiāyuán.",پس از فاجعه، مردم بازسازی خانه و زندگی‌شان را آغاز کردند.,
176,充实,chōng shí,HSK 6,动、形,1,使内容、知识、生活等变得丰富而充分（及物动）,غنی کردن؛ پربار کردن (فعل گذرا),及物动,فعل گذرا,充实自己 (chōngshí zìjǐ) | 充实内容 (chōngshí nèiróng) | 充实业余生活 (chōngshí yèyú shēnghuó),多读书可以充实自己。,Duō dúshū kěyǐ chōngshí zìjǐ.,مطالعهٔ بیشتر می‌تواند انسان را پربارتر کند.,
176,充实,chōng shí,HSK 6,动、形,2,内容丰富而充分，或生活过得有意义（形）,پربار؛ غنی (صفت),形,صفت,内容充实 (nèiróng chōngshí) | 生活充实 (shēnghuó chōngshí) | 过得很充实 (guò de hěn chōngshí),他的大学生活非常充实。,Tā de dàxué shēnghuó fēicháng chōngshí.,زندگی دانشگاهی او بسیار پربار است.,
177,冲突,chōng tū,HSK 6,名、动,1,双方因矛盾、意见或利益不同而产生的争执、对立或争斗（名）,تعارض؛ اختلاف؛ درگیری (اسم),名,اسم,发生冲突 (fāshēng chōngtū) | 利益冲突 (lìyì chōngtū) | 武装冲突 (wǔzhuāng chōngtū),双方因为利益问题发生了冲突。,Shuāngfāng yīnwèi lìyì wèntí fāshēng le chōngtū.,دو طرف به‌دلیل اختلاف منافع با یکدیگر درگیر شدند.,
177,冲突,chōng tū,HSK 6,名、动,2,彼此矛盾、抵触或不能同时成立（不及物动）,تعارض داشتن؛ در تضاد بودن (فعل ناگذر),不及物动,فعل ناگذر,互相冲突 (hùxiāng chōngtū) | 与规定相冲突 (yǔ guīdìng xiāng chōngtū) | 在时间上冲突 (zài shíjiān shàng chōngtū),这两个计划在时间上互相冲突。,Zhè liǎng ge jìhuà zài shíjiān shàng hùxiāng chōngtū.,زمان‌بندی این دو برنامه با یکدیگر تداخل دارد.,
178,愁,chóu,HSK 6,动、名,1,因遇到困难或担心某事而忧虑（动）,نگران بودن؛ غصه خوردن (فعل),动,فعل,正愁这件事 (zhèng chóu zhè jiàn shì) | 不愁吃穿 (bù chóu chīchuān) | 愁孩子的学费 (chóu háizi de xuéfèi),她最近正愁找不到工作。,Tā zuìjìn zhèng chóu zhǎobudào gōngzuò.,او این روزها نگران است که نتواند کاری پیدا کند.,
178,愁,chóu,HSK 6,动、名,2,忧愁、苦闷的情绪，多见于书面语（名）,اندوه؛ غصه (اسم),名,اسم,心中有愁 (xīnzhōng yǒu chóu) | 新愁旧愁 (xīn chóu jiù chóu) | 愁上加愁 (chóu shàng jiā chóu),旧愁未去，又添新愁。,"Jiù chóu wèi qù, yòu tiān xīn chóu.",غصهٔ قبلی هنوز نرفته، غصه‌ای تازه هم به آن اضافه شده است.,
179,筹备,chóu bèi,HSK 6,动,1,为较重要的活动、机构或项目预先安排并做准备（及物动）,تدارک دیدن؛ مقدمات را فراهم کردن (فعل گذرا),及物动,فعل گذرا,筹备会议 (chóubèi huìyì) | 筹备婚礼 (chóubèi hūnlǐ) | 筹备新项目 (chóubèi xīn xiàngmù),公司正在筹备年度会议。,Gōngsī zhèngzài chóubèi niándù huìyì.,شرکت در حال تدارک نشست سالانه است.,
180,抽奖,chōu jiǎng,HSK 6,动,1,用随机抽取的方式决定中奖者或奖品（动）,قرعه‌کشی کردن؛ قرعه کشیدن (فعل),动,فعل,参加抽奖 (cānjiā chōujiǎng) | 现场抽奖 (xiànchǎng chōujiǎng) | 抽奖一次 (chōujiǎng yí cì),顾客消费满一百元就可以抽奖一次。,Gùkè xiāofèi mǎn yìbǎi yuán jiù kěyǐ chōujiǎng yí cì.,مشتری با خرید صد یوان یا بیشتر می‌تواند یک بار در قرعه‌کشی شرکت کند.,
181,抽象,chōu xiàng,HSK 6,形、动,1,不具体，不能直接感知，或不容易理解（形）,انتزاعی؛ غیرملموس (صفت),形,صفت,抽象概念 (chōuxiàng gàiniàn) | 抽象艺术 (chōuxiàng yìshù) | 抽象思维 (chōuxiàng sīwéi),这个概念比较抽象，不太容易理解。,"Zhège gàiniàn bǐjiào chōuxiàng, bú tài róngyì lǐjiě.",این مفهوم نسبتاً انتزاعی است و به‌آسانی فهمیده نمی‌شود.,
181,抽象,chōu xiàng,HSK 6,形、动,2,从具体事物中舍去个别特点，提取共同的本质特点（及物动）,انتزاع کردن؛ ویژگی‌های کلی را استخراج کردن (فعل گذرا),及物动,فعل گذرا,抽象出规律 (chōuxiàng chū guīlǜ) | 抽象出模型 (chōuxiàng chū móxíng) | 从实例中抽象出来 (cóng shílì zhōng chōuxiàng chūlái),科学研究需要从各种现象中抽象出规律。,Kēxué yánjiū xūyào cóng gè zhǒng xiànxiàng zhōng chōuxiàng chū guīlǜ.,در پژوهش علمی باید از پدیده‌های مختلف، قوانین کلی را استخراج کرد.,
182,除,chú,HSK 6,介,1,用在“外、以外”等前面，表示不包括某人或某事物（介）,به‌جز؛ غیر از (حرف اضافه),介,حرف اضافه,除他以外 (chú tā yǐwài) | 除周末外 (chú zhōumò wài) | 除这件事以外 (chú zhè jiàn shì yǐwài),除他以外，其他人都来了。,"Chú tā yǐwài, qítā rén dōu lái le.",به‌جز او، بقیه همه آمدند.,
182,除,chú,HSK 6,动,2,去掉或消灭有害、多余的事物（及物动）,برطرف کردن؛ از بین بردن (فعل گذرا),及物动,فعل گذرا,为民除害 (wèi mín chú hài) | 除隐患 (chú yǐnhuàn) | 除杂草 (chú zácǎo),我们必须及时除隐患、保安全。,"Wǒmen bìxū jíshí chú yǐnhuàn, bǎo ānquán.",باید خطرهای احتمالی را به‌موقع برطرف کنیم تا ایمنی حفظ شود.,
182,除,chú,HSK 6,动,3,用一个数把另一个数分成若干等份（及物动）,تقسیم کردن؛ تقسیم بر (فعل گذرا),及物动,فعل گذرا,十除以二 (shí chúyǐ èr) | 用二除六 (yòng èr chú liù) | 除不尽 (chúbujìn),十二除以三等于四。,Shí'èr chúyǐ sān děngyú sì.,دوازده تقسیم بر سه می‌شود چهار.,
183,串,chuàn,HSK 6,量,1,用于连成一串的事物，也用于连续出现的声音、数字等（量）,رشته؛ دسته؛ زنجیره (واحد شمارش),量,واحد شمارش,一串葡萄 (yí chuàn pútao) | 一串钥匙 (yí chuàn yàoshi) | 一串数字 (yí chuàn shùzì),桌上放着一串钥匙。,Zhuō shàng fàngzhe yí chuàn yàoshi.,یک دسته کلید روی میز قرار دارد.,
183,串,chuàn,HSK 6,动,2,把事物一个接一个地穿在一起（及物动）,به نخ کشیدن؛ به هم وصل کردن (فعل گذرا),及物动,فعل گذرا,串珠子 (chuàn zhūzi) | 串成项链 (chuàn chéng xiàngliàn) | 用线串起来 (yòng xiàn chuàn qǐlái),她把这些珠子串成了一条项链。,Tā bǎ zhèxiē zhūzi chuàn chéng le yì tiáo xiàngliàn.,او این مهره‌ها را به نخ کشید و از آن‌ها یک گردنبند ساخت.,
184,传承,chuán chéng,HSK 6,动、名,1,把文化、传统、技艺、精神等继承下来并传给后代（及物动）,حفظ کردن و به نسل بعد انتقال دادن (فعل گذرا),及物动,فعل گذرا,传承文化 (chuánchéng wénhuà) | 传承技艺 (chuánchéng jìyì) | 传承精神 (chuánchéng jīngshén),我们应该传承优秀的传统文化。,Wǒmen yīnggāi chuánchéng yōuxiù de chuántǒng wénhuà.,باید فرهنگ سنتی ارزشمند را حفظ کنیم و به نسل‌های بعد انتقال دهیم.,
184,传承,chuán chéng,HSK 6,动、名,2,文化、传统、技艺等在不同世代之间的继承和传递（名）,حفظ و انتقال نسل‌به‌نسل (اسم),名,اسم,文化的传承 (wénhuà de chuánchéng) | 传承与发展 (chuánchéng yǔ fāzhǎn) | 传承方式 (chuánchéng fāngshì),方言的保护和传承十分重要。,Fāngyán de bǎohù hé chuánchéng shífēn zhòngyào.,حفظ و انتقال نسل‌به‌نسل گویش‌ها بسیار مهم است.,
185,传达,chuán dá,HSK 6,动,1,把信息、命令、意见、思想或感情等告诉或表现给别人（及物动）,رساندن؛ منتقل کردن؛ ابلاغ کردن (فعل گذرا),及物动,فعل گذرا,传达消息 (chuándá xiāoxi) | 传达意见 (chuándá yìjiàn) | 传达命令 (chuándá mìnglìng),请把这个通知传达给大家。,Qǐng bǎ zhège tōngzhī chuándá gěi dàjiā.,لطفاً این اطلاعیه را به همه برسانید.,
186,闯,chuǎng,HSK 6,动,1,不顾阻拦，强行进入或通过某处（及物动）,به‌زور وارد شدن؛ بدون اجازه عبور کردن (فعل گذرا),及物动,فعل گذرا,硬闯会场 (yìng chuǎng huìchǎng) | 闯红灯 (chuǎng hóngdēng) | 强行闯关 (qiángxíng chuǎng guān),他不顾保安阻拦，硬闯会场。,"Tā bú gù bǎo'ān zǔlán, yìng chuǎng huìchǎng.",او بدون توجه به ممانعت نگهبان، به‌زور وارد محل جلسه شد.,
186,闯,chuǎng,HSK 6,动,2,离开熟悉的环境，经历困难并努力开创自己的生活或事业（不及物动）,دل به راه زدن؛ برای خود راه باز کردن (فعل ناگذر),不及物动,فعل ناگذر,出去闯一闯 (chūqù chuǎng yì chuǎng) | 独自去闯 (dúzì qù chuǎng) | 在社会上闯 (zài shèhuì shàng chuǎng),他年轻时一个人去大城市闯了很多年。,Tā niánqīng shí yí ge rén qù dà chéngshì chuǎng le hěn duō nián.,او در جوانی سال‌ها به‌تنهایی در شهری بزرگ برای ساختن آینده‌اش تلاش کرد.,
187,创办,chuàng bàn,HSK 6,动,1,开始建立并经营企业、学校、刊物等（及物动）,تأسیس و راه‌اندازی کردن (فعل گذرا),及物动,فعل گذرا,创办公司 (chuàngbàn gōngsī) | 创办学校 (chuàngbàn xuéxiào) | 创办杂志 (chuàngbàn zázhì),他创办了一家贸易公司。,Tā chuàngbàn le yì jiā màoyì gōngsī.,او یک شرکت بازرگانی تأسیس و راه‌اندازی کرد.,
188,创建,chuàng jiàn,HSK 6,动,1,建立或创造新的事物、组织、系统等（及物动）,ایجاد کردن؛ راه‌اندازی کردن (فعل گذرا),及物动,فعل گذرا,创建平台 (chuàngjiàn píngtái) | 创建品牌 (chuàngjiàn pǐnpái) | 创建账户 (chuàngjiàn zhànghù),他们创建了一个新的在线平台。,Tāmen chuàngjiàn le yí ge xīn de zàixiàn píngtái.,آن‌ها یک پلتفرم آنلاین جدید ایجاد کردند.,
189,窗口,chuāng kǒu,HSK 6,名,1,墙上用来采光、通风的窗户或窗洞（名）,پنجره؛ دهانهٔ پنجره (اسم),名,اسم,窗口朝南 (chuāngkǒu cháo nán) | 站在窗口 (zhàn zài chuāngkǒu) | 从窗口望出去 (cóng chuāngkǒu wàng chūqù),她站在窗口向外看。,Tā zhàn zài chuāngkǒu xiàng wài kàn.,او کنار پنجره ایستاده بود و بیرون را نگاه می‌کرد.,
189,窗口,chuāng kǒu,HSK 6,名,2,办理售票、咨询、业务等事务的服务柜台（名）,باجه (اسم),名,اسم,售票窗口 (shòupiào chuāngkǒu) | 服务窗口 (fúwù chuāngkǒu) | 办事窗口 (bànshì chuāngkǒu),请到三号窗口办理手续。,Qǐng dào sān hào chuāngkǒu bànlǐ shǒuxù.,لطفاً برای انجام مراحل اداری به باجهٔ شمارهٔ سه مراجعه کنید.,
189,窗口,chuāng kǒu,HSK 6,名,3,计算机屏幕上用于显示内容或操作程序的区域（名）,پنجرهٔ رایانه (اسم),名,اسم,弹出窗口 (tánchū chuāngkǒu) | 打开新窗口 (dǎkāi xīn chuāngkǒu) | 关闭窗口 (guānbì chuāngkǒu),请关闭这个窗口。,Qǐng guānbì zhège chuāngkǒu.,لطفاً این پنجره را ببندید.,
189,窗口,chuāng kǒu,HSK 6,名,4,了解、展示或联系外界的途径（名）,دریچه؛ راه ارتباطی (اسم),名,اسم,了解世界的窗口 (liǎojiě shìjiè de chuāngkǒu) | 对外交流的窗口 (duìwài jiāoliú de chuāngkǒu) | 展示形象的窗口 (zhǎnshì xíngxiàng de chuāngkǒu),互联网为我们打开了了解世界的窗口。,Hùliánwǎng wèi wǒmen dǎkāi le liǎojiě shìjiè de chuāngkǒu.,اینترنت دریچه‌ای برای شناخت جهان به روی ما گشوده است.,
190,创立,chuàng lì,HSK 6,动,1,最初建立新的组织、学说、制度或事业（及物动）,بنیان گذاشتن؛ تأسیس کردن (فعل گذرا),及物动,فعل گذرا,创立学说 (chuànglì xuéshuō) | 创立理论 (chuànglì lǐlùn) | 创立组织 (chuànglì zǔzhī),他创立了一套新的教育理论。,Tā chuànglì le yí tào xīn de jiàoyù lǐlùn.,او نظریهٔ آموزشی تازه‌ای را بنیان گذاشت.,
191,穿过,chuān guò,HSK 6,动,1,从某个空间、物体或区域的一边通过到另一边（及物动）,از میانِ چیزی عبور کردن؛ رد شدن از (فعل گذرا),及物动,فعل گذرا,穿过马路 (chuānguò mǎlù) | 穿过森林 (chuānguò sēnlín) | 穿过隧道 (chuānguò suìdào),我们穿过森林，到达了村子。,"Wǒmen chuānguò sēnlín, dàodá le cūnzi.",ما از میان جنگل عبور کردیم و به روستا رسیدیم.,
192,创意,chuàng yì,HSK 6,名,1,具有创造性的新想法、构思或设计（名）,ایدهٔ خلاقانه؛ طرح نو (اسم),名,اسم,广告创意 (guǎnggào chuàngyì) | 很有创意 (hěn yǒu chuàngyì) | 缺乏创意 (quēfá chuàngyì),这个广告的创意很好。,Zhège guǎnggào de chuàngyì hěn hǎo.,ایدهٔ این تبلیغ بسیار خوب است.,
193,传染,chuán rǎn,HSK 6,动,1,病原体从一个人或生物传播到另一个人或生物（动）,سرایت کردن؛ منتقل کردن بیماری (فعل),动,فعل,传染给别人 (chuánrǎn gěi biérén) | 容易传染 (róngyì chuánrǎn) | 被他人传染 (bèi tārén chuánrǎn),这种病很容易传染给别人。,Zhè zhǒng bìng hěn róngyì chuánrǎn gěi biérén.,این بیماری به‌راحتی به دیگران سرایت می‌کند.,
193,传染,chuán rǎn,HSK 6,动,2,比喻情绪、气氛等影响周围的人（及物动）,به دیگران سرایت کردن؛ تحت تأثیر قرار دادن (فعل گذرا),及物动,فعل گذرا,快乐传染给大家 (kuàilè chuánrǎn gěi dàjiā) | 被笑声传染 (bèi xiàoshēng chuánrǎn) | 传染周围的人 (chuánrǎn zhōuwéi de rén),她的快乐很快传染了周围的人。,Tā de kuàilè hěn kuài chuánrǎn le zhōuwéi de rén.,شادی او خیلی زود به اطرافیانش سرایت کرد.,
194,传染病,chuán rǎn bìng,HSK 6,名,1,能够在人与人、动物与人或动物之间传播的疾病（名）,بیماری واگیردار؛ بیماری مسری (اسم),名,اسم,预防传染病 (yùfáng chuánrǎnbìng) | 控制传染病 (kòngzhì chuánrǎnbìng) | 法定传染病 (fǎdìng chuánrǎnbìng),预防传染病非常重要。,Yùfáng chuánrǎnbìng fēicháng zhòngyào.,پیشگیری از بیماری‌های واگیردار بسیار مهم است.,
195,传授,chuán shòu,HSK 6,动,1,把知识、经验、技能或方法教给别人（及物动）,آموزش دادن؛ انتقال دادن (فعل گذرا),及物动,فعل گذرا,传授知识 (chuánshòu zhīshi) | 传授经验 (chuánshòu jīngyàn) | 传授技艺 (chuánshòu jìyì),老师向学生传授知识和经验。,Lǎoshī xiàng xuéshēng chuánshòu zhīshi hé jīngyàn.,معلم دانش و تجربه‌اش را به دانش‌آموزان انتقال می‌دهد.,
196,传输,chuán shū,HSK 6,动,1,把信息、数据、信号或能量等从一处传送到另一处（及物动）,انتقال دادن؛ فرستادن (فعل گذرا),及物动,فعل گذرا,传输数据 (chuánshū shùjù) | 传输信号 (chuánshū xìnhào) | 远距离传输 (yuǎn jùlí chuánshū),系统正在传输数据。,Xìtǒng zhèngzài chuánshū shùjù.,سیستم در حال انتقال داده‌هاست.,
197,传真,chuán zhēn,HSK 6,名、动,1,利用通信设备远距离传送文件的方式，也指用这种方式传送的文件（名）,فکس؛ سند فکس‌شده (اسم),名,اسم,一份传真 (yí fèn chuánzhēn) | 收到传真 (shōudào chuánzhēn) | 传真号码 (chuánzhēn hàomǎ),我刚刚收到一份传真。,Wǒ gānggāng shōudào yí fèn chuánzhēn.,همین الان یک فکس دریافت کردم.,
197,传真,chuán zhēn,HSK 6,名、动,2,用传真设备传送文件（及物动）,فکس کردن (فعل گذرا),及物动,فعل گذرا,传真文件 (chuánzhēn wénjiàn) | 传真给客户 (chuánzhēn gěi kèhù) | 传真过来 (chuánzhēn guòlái),请把这份文件传真给我。,Qǐng bǎ zhè fèn wénjiàn chuánzhēn gěi wǒ.,لطفاً این سند را برایم فکس کنید.,
198,船只,chuán zhī,HSK 6,名,1,各种船的统称（名）,شناور؛ کشتی یا قایق (اسم),名,اسم,大型船只 (dàxíng chuánzhī) | 过往船只 (guòwǎng chuánzhī) | 来往船只 (láiwǎng chuánzhī),港口停靠着许多船只。,Gǎngkǒu tíngkàozhe xǔduō chuánzhī.,شناورهای زیادی در بندر پهلو گرفته‌اند.,
199,初步,chū bù,HSK 6,形、副,1,属于开始阶段、还不深入或不完善的（形）,اولیه؛ مقدماتی (صفت),形,صفت,初步计划 (chūbù jìhuà) | 初步成果 (chūbù chéngguǒ) | 初步结论 (chūbù jiélùn),我们已经取得了初步成果。,Wǒmen yǐjīng qǔdé le chūbù chéngguǒ.,ما به نتایج اولیه‌ای دست یافته‌ایم.,
199,初步,chū bù,HSK 6,形、副,2,在开始阶段进行，不深入地（副）,در ابتدا؛ به‌طور مقدماتی (قید),副,قید,初步了解 (chūbù liǎojiě) | 初步判断 (chūbù pànduàn) | 初步确定 (chūbù quèdìng),医生初步判断他只是普通感冒。,Yīshēng chūbù pànduàn tā zhǐshì pǔtōng gǎnmào.,پزشک در بررسی اولیه تشخیص داد که او فقط سرما خورده است.,
200,出场,chū chǎng,HSK 6,动,1,演员登上舞台，运动员进入赛场，或人物在作品中出现（不及物动）,وارد صحنه یا میدان شدن؛ ظاهر شدن (فعل ناگذر),不及物动,فعل ناگذر,首次出场 (shǒucì chūchǎng) | 替补出场 (tìbǔ chūchǎng) | 代表球队出场 (dàibiǎo qiúduì chūchǎng),他第一次代表球队出场。,Tā dì yí cì dàibiǎo qiúduì chūchǎng.,او برای نخستین بار به نمایندگی از تیم وارد میدان شد.,
201,处处,chù chù,HSK 6,副,1,各个地方或各个方面（副）,همه‌جا؛ در همهٔ موارد (قید),副,قید,处处可见 (chùchù kějiàn) | 处处受限 (chùchù shòuxiàn) | 处处为别人着想 (chùchù wèi biérén zhuóxiǎng),生活中处处都有美。,Shēnghuó zhōng chùchù dōu yǒu měi.,در زندگی همه‌جا زیبایی وجود دارد.,
202,储存,chǔ cún,HSK 6,动,1,把物品、信息、能量等保存起来以备使用（及物动）,ذخیره کردن؛ نگهداری کردن (فعل گذرا),及物动,فعل گذرا,储存数据 (chǔcún shùjù) | 储存粮食 (chǔcún liángshi) | 低温储存 (dīwēn chǔcún),电脑可以储存大量信息。,Diànnǎo kěyǐ chǔcún dàliàng xìnxī.,رایانه می‌تواند حجم زیادی از اطلاعات را ذخیره کند.,
203,初等,chū děng,HSK 6,形,1,基础的、程度较低的，多用于教育或学科（形）,ابتدایی؛ مقدماتی (صفت),形,صفت,初等教育 (chūděng jiàoyù) | 初等数学 (chūděng shùxué) | 初等课程 (chūděng kèchéng),他正在学习初等数学。,Tā zhèngzài xuéxí chūděng shùxué.,او در حال یادگیری ریاضیات مقدماتی است.,
204,处罚,chǔ fá,HSK 6,动、名,1,依照法律、规定或纪律惩处犯错或违规的人（及物动）,مجازات کردن؛ جریمه کردن (فعل گذرا),及物动,فعل گذرا,依法处罚 (yīfǎ chǔfá) | 严厉处罚 (yánlì chǔfá) | 处罚违规者 (chǔfá wéiguīzhě),有关部门将依法处罚违规企业。,Yǒuguān bùmén jiāng yīfǎ chǔfá wéiguī qǐyè.,نهادهای مربوط شرکت‌های متخلف را طبق قانون مجازات خواهند کرد.,
204,处罚,chǔ fá,HSK 6,动、名,2,依据法律、规定或纪律给予的惩处（名）,مجازات؛ جریمه (اسم),名,اسم,受到处罚 (shòudào chǔfá) | 行政处罚 (xíngzhèng chǔfá) | 处罚决定 (chǔfá juédìng),违反规定的人会受到处罚。,Wéifǎn guīdìng de rén huì shòudào chǔfá.,افرادی که مقررات را نقض کنند مجازات می‌شوند.,
205,除非,chú fēi,HSK 6,连,1,表示某个条件是事情发生的唯一条件，常与“否则、才”等呼应（连）,مگر اینکه؛ فقط در صورتی که (حرف ربط),连,حرف ربط,除非得到允许 (chúfēi dédào yǔnxǔ) | 除非有必要 (chúfēi yǒu bìyào) | 除非情况特殊 (chúfēi qíngkuàng tèshū),除非下雨，否则我们会继续比赛。,"Chúfēi xiàyǔ, fǒuzé wǒmen huì jìxù bǐsài.",مگر اینکه باران ببارد؛ وگرنه مسابقه را ادامه می‌دهیم.,
206,垂直,chuí zhí,HSK 6,形,1,两条直线或两个平面相交成直角；也指与水平面成直角（形）,عمودی؛ عمود بر (صفت),形,صفت,垂直方向 (chuízhí fāngxiàng) | 垂直于地面 (chuízhí yú dìmiàn) | 保持垂直 (bǎochí chuízhí),这两条线互相垂直。,Zhè liǎng tiáo xiàn hùxiāng chuízhí.,این دو خط بر یکدیگر عمودند.,
207,出境,chū jìng,HSK 6,动,1,离开本国、本地区或某一海关管理区域（不及物动）,از کشور یا مرز خارج شدن (فعل ناگذر),不及物动,فعل ناگذر,办理出境手续 (bànlǐ chūjìng shǒuxù) | 禁止出境 (jìnzhǐ chūjìng) | 出境旅游 (chūjìng lǚyóu),出境时需要接受护照检查。,Chūjìng shí xūyào jiēshòu hùzhào jiǎnchá.,هنگام خروج از کشور، گذرنامه باید کنترل شود.,
208,出力,chū lì,HSK 6,动,1,付出体力、精力或努力帮助完成某件事（不及物动）,نیرو گذاشتن؛ کمک و تلاش کردن (فعل ناگذر),不及物动,فعل ناگذر,出一份力 (chū yí fèn lì) | 为项目出力 (wèi xiàngmù chūlì) | 出钱出力 (chū qián chū lì),大家一起出力，终于完成了任务。,"Dàjiā yìqǐ chūlì, zhōngyú wánchéng le rènwu.",همه با هم تلاش کردند و سرانجام کار را به پایان رساندند.,
209,出名,chū míng,HSK 6,动、形,1,由不知名变得有名，被很多人知道（不及物动）,مشهور شدن؛ نام‌آور شدن (فعل ناگذر),不及物动,فعل ناگذر,一举出名 (yìjǔ chūmíng) | 因此出名 (yīncǐ chūmíng) | 很快出了名 (hěn kuài chū le míng),他因为这部电影一举出名。,Tā yīnwèi zhè bù diànyǐng yìjǔ chūmíng.,او با این فیلم یک‌شبه مشهور شد.,
209,出名,chū míng,HSK 6,动、形,2,有名，被很多人知道（形）,مشهور؛ معروف (صفت),形,صفت,很出名 (hěn chūmíng) | 当地最出名的餐厅 (dāngdì zuì chūmíng de cāntīng) | 因美食而出名 (yīn měishí ér chūmíng),这家餐厅在当地很出名。,Zhè jiā cāntīng zài dāngdì hěn chūmíng.,این رستوران در آن منطقه بسیار معروف است.,
210,纯,chún,HSK 6,形、副,1,不含杂质或没有混入其他成分的（形）,خالص؛ ناب (صفت),形,صفت,纯金 (chúnjīn) | 纯棉 (chúnmián) | 纯天然 (chún tiānrán),这条项链是纯金的。,Zhè tiáo xiàngliàn shì chúnjīn de.,این گردنبند از طلای خالص است.,
210,纯,chún,HSK 6,形、副,2,心地、感情等单纯，没有杂念（形）,پاک؛ بی‌آلایش (صفت),形,صفت,心地很纯 (xīndì hěn chún) | 感情很纯 (gǎnqíng hěn chún) | 想法很纯 (xiǎngfǎ hěn chún),她心地很纯，对别人没有坏心思。,"Tā xīndì hěn chún, duì biérén méiyǒu huài xīnsi.",او قلب پاکی دارد و بد کسی را نمی‌خواهد.,
210,纯,chún,HSK 6,形、副,3,表示完全、仅仅，没有其他原因或目的，多用于口语（副）,صرفاً؛ فقط؛ کاملاً (قید),副,قید,纯是误会 (chún shì wùhuì) | 纯为了帮忙 (chún wèile bāngmáng) | 纯靠运气 (chún kào yùnqi),他来这里纯是为了帮忙。,Tā lái zhèlǐ chún shì wèile bāngmáng.,او صرفاً برای کمک کردن به اینجا آمده است.,
211,出入,chū rù,HSK 6,动、名,1,进入和离开某个地方（动）,وارد و خارج شدن؛ رفت‌وآمد کردن (فعل),动,فعل,随意出入 (suíyì chūrù) | 禁止出入 (jìnzhǐ chūrù) | 出入公共场所 (chūrù gōnggòng chǎngsuǒ),这里交通便利，出入很方便。,"Zhèlǐ jiāotōng biànlì, chūrù hěn fāngbiàn.",این محل دسترسی خوبی دارد و رفت‌وآمد به آن آسان است.,
211,出入,chū rù,HSK 6,动、名,2,说法、记载、数字等彼此不一致的地方（名）,اختلاف؛ مغایرت (اسم),名,اسم,与事实有出入 (yǔ shìshí yǒu chūrù) | 略有出入 (lüèyǒu chūrù) | 出入很大 (chūrù hěn dà),这个数据与实际情况有些出入。,Zhège shùjù yǔ shíjì qíngkuàng yǒuxiē chūrù.,این داده با وضعیت واقعی کمی مغایرت دارد.,
212,出示,chū shì,HSK 6,动,1,拿出证件、证明等给别人看，多用于正式场合（及物动）,ارائه دادن؛ نشان دادن (فعل گذرا),及物动,فعل گذرا,出示证件 (chūshì zhèngjiàn) | 出示证明 (chūshì zhèngmíng) | 出示护照 (chūshì hùzhào),请出示您的身份证。,Qǐng chūshì nín de shēnfènzhèng.,لطفاً کارت شناسایی خود را ارائه دهید.,
213,储蓄,chǔ xù,HSK 6,动、名,1,把节省下来或暂时不用的钱积存起来（动）,پس‌انداز کردن (فعل),动,فعل,每月储蓄 (měiyuè chǔxù) | 储蓄一部分收入 (chǔxù yí bùfen shōurù) | 为将来储蓄 (wèi jiānglái chǔxù),她每个月都会储蓄一部分收入。,Tā měi ge yuè dōu huì chǔxù yí bùfen shōurù.,او هر ماه بخشی از درآمدش را پس‌انداز می‌کند.,
213,储蓄,chǔ xù,HSK 6,动、名,2,积存下来或存入银行的钱（名）,پس‌انداز؛ سپرده (اسم),名,اسم,个人储蓄 (gèrén chǔxù) | 居民储蓄 (jūmín chǔxù) | 储蓄余额 (chǔxù yú'é),他把全部储蓄都用来买房了。,Tā bǎ quánbù chǔxù dōu yònglái mǎifáng le.,او تمام پس‌اندازش را صرف خرید خانه کرد.,
214,出游,chū yóu,HSK 6,动,1,离开居住地外出游玩或旅行（不及物动）,به گردش یا سفر رفتن (فعل ناگذر),不及物动,فعل ناگذر,结伴出游 (jiébàn chūyóu) | 假期出游 (jiàqī chūyóu) | 全家出游 (quánjiā chūyóu),假期里很多人选择出游。,Jiàqī lǐ hěnduō rén xuǎnzé chūyóu.,در تعطیلات افراد زیادی به سفر می‌روند.,
215,出于,chū yú,HSK 6,介,1,表示行为产生的原因、动机或考虑（介）,از روی؛ به‌دلیل (حرف اضافه),介,حرف اضافه,出于好意 (chūyú hǎoyì) | 出于安全考虑 (chūyú ānquán kǎolǜ) | 出于实际需要 (chūyú shíjì xūyào),他这样做完全是出于好意。,Tā zhèyàng zuò wánquán shì chūyú hǎoyì.,او این کار را کاملاً از روی حسن نیت انجام داد.,
216,刺,cì,HSK 6,名、动,1,植物、动物或其他物体上细小而尖锐的部分（名）,خار؛ تیغ؛ استخوان ریز ماهی (اسم),名,اسم,玫瑰的刺 (méigui de cì) | 一根刺 (yì gēn cì) | 鱼里的刺 (yú lǐ de cì),我的手上扎了一根刺。,Wǒ de shǒu shàng zhā le yì gēn cì.,یک خار در دستم فرو رفته است.,
216,刺,cì,HSK 6,名、动,2,用针、刀等尖锐物体扎入或穿入（及物动）,فرو کردن؛ نیشتر زدن؛ با جسم نوک‌تیز زدن (فعل گذرا),及物动,فعل گذرا,用针刺 (yòng zhēn cì) | 刺进皮肤 (cìjìn pífū) | 刺了一下 (cì le yíxià),针不小心刺进了他的手指。,Zhēn bù xiǎoxīn cìjìn le tā de shǒuzhǐ.,سوزن ناخواسته در انگشتش فرو رفت.,
217,此刻,cǐ kè,HSK 6,名,1,现在的这个时刻（名）,این لحظه؛ اکنون (اسم),名,اسم,就在此刻 (jiù zài cǐkè) | 此刻的心情 (cǐkè de xīnqíng) | 从此刻起 (cóng cǐkè qǐ),此刻我只想好好休息。,Cǐkè wǒ zhǐ xiǎng hǎohāo xiūxi.,در این لحظه فقط می‌خواهم خوب استراحت کنم.,
218,瓷器,cí qì,HSK 6,名,1,用瓷土烧制成的器物（名）,اشیای چینی؛ ظروف چینی (اسم),名,اسم,古代瓷器 (gǔdài cíqì) | 精美瓷器 (jīngměi cíqì) | 一件瓷器 (yí jiàn cíqì),这个博物馆收藏了很多古代瓷器。,Zhège bówùguǎn shōucáng le hěnduō gǔdài cíqì.,این موزه اشیای چینی باستانی زیادی در مجموعهٔ خود دارد.,
219,次数,cì shù,HSK 6,名,1,动作或事件重复发生的回数（名）,تعداد دفعات (اسم),名,اسم,使用次数 (shǐyòng cìshù) | 出现次数 (chūxiàn cìshù) | 限制次数 (xiànzhì cìshù),他这个月迟到的次数明显增加了。,Tā zhège yuè chídào de cìshù míngxiǎn zēngjiā le.,تعداد دفعات تأخیر او در این ماه به‌وضوح افزایش یافته است.,
220,匆匆,cōng cōng,HSK 6,形、副,1,急急忙忙地（副）,با عجله؛ شتابان (قید),副,قید,匆匆离开 (cōngcōng líkāi) | 匆匆赶来 (cōngcōng gǎnlái) | 匆匆吃完 (cōngcōng chīwán),他匆匆离开了办公室。,Tā cōngcōng líkāi le bàngōngshì.,او با عجله دفتر را ترک کرد.,
220,匆匆,cōng cōng,HSK 6,形、副,2,形容行动急忙或停留时间很短的样子（形）,شتاب‌زده؛ عجول (صفت),形,صفت,来去匆匆 (láiqù cōngcōng) | 行色匆匆 (xíngsè cōngcōng) | 脚步匆匆 (jiǎobù cōngcōng),路上的行人个个脚步匆匆。,Lùshàng de xíngrén gège jiǎobù cōngcōng.,همهٔ عابران خیابان با گام‌هایی شتاب‌زده در حرکت بودند.,
221,匆忙,cōng máng,HSK 6,形,1,做事急急忙忙，时间紧迫或没有充分准备（形）,شتاب‌زده؛ باعجله (صفت),形,صفت,匆忙离开 (cōngmáng líkāi) | 匆忙准备 (cōngmáng zhǔnbèi) | 匆忙作出决定 (cōngmáng zuòchū juédìng),不要匆忙作出决定。,Bú yào cōngmáng zuòchū juédìng.,با عجله تصمیم نگیر.,
222,从未,cóng wèi,HSK 6,副,1,从来没有，表示过去直到现在都没有发生过（副）,هرگز؛ تاکنون هرگز (قید),副,قید,从未见过 (cóngwèi jiànguò) | 从未发生过 (cóngwèi fāshēngguo) | 从未放弃 (cóngwèi fàngqì),我从未去过那里。,Wǒ cóngwèi qùguo nàlǐ.,من هرگز به آنجا نرفته‌ام.,
223,从业,cóng yè,HSK 6,动,1,从事某种职业或在某个行业工作（不及物动）,در حرفه یا صنعتی کار کردن (فعل ناگذر),不及物动,فعل ناگذر,从业多年 (cóngyè duōnián) | 从业人员 (cóngyè rényuán) | 从业资格 (cóngyè zīgé),他在医疗行业从业十年了。,Tā zài yīliáo hángyè cóngyè shí nián le.,او ده سال است در حوزهٔ درمان کار می‌کند.,
224,醋,cù,HSK 6,名,1,用粮食、水果等发酵制成的酸味调味品（名）,سرکه (اسم),名,اسم,米醋 (mǐcù) | 白醋 (báicù) | 加一点醋 (jiā yìdiǎn cù),做菜时加一点醋。,Zuò cài shí jiā yìdiǎn cù.,هنگام آشپزی کمی سرکه اضافه کن.,
225,脆,cuì,HSK 6,形,1,质地不坚韧，容易断裂或破碎（形）,شکننده (صفت),形,صفت,玻璃很脆 (bōli hěn cuì) | 又硬又脆 (yòu yìng yòu cuì) | 这种材料很脆 (zhè zhǒng cáiliào hěn cuì),这种塑料很脆，容易断。,"Zhè zhǒng sùliào hěn cuì, róngyì duàn.",این نوع پلاستیک شکننده است و به‌آسانی می‌شکند.,
225,脆,cuì,HSK 6,形,2,食物容易咬碎，吃起来有清爽的口感（形）,ترد (صفت),形,صفت,饼干很脆 (bǐnggān hěn cuì) | 又甜又脆 (yòu tián yòu cuì) | 炸得很脆 (zhá de hěn cuì),这个饼干又香又脆。,Zhège bǐnggān yòu xiāng yòu cuì.,این بیسکویت هم خوش‌عطر است و هم ترد.,
225,脆,cuì,HSK 6,形,3,声音清亮、响亮（形）,شفاف و زنگ‌دار (صفت),形,صفت,嗓音很脆 (sǎngyīn hěn cuì) | 声音又亮又脆 (shēngyīn yòu liàng yòu cuì) | 笑声很脆 (xiàoshēng hěn cuì),她的嗓音又亮又脆。,Tā de sǎngyīn yòu liàng yòu cuì.,صدای او شفاف و زنگ‌دار است.,
226,脆弱,cuì ruò,HSK 6,形,1,不坚强、不稳固，容易受到伤害或破坏（形）,شکننده؛ آسیب‌پذیر (صفت),形,صفت,心理脆弱 (xīnlǐ cuìruò) | 关系脆弱 (guānxì cuìruò) | 生态环境脆弱 (shēngtài huánjìng cuìruò),人在压力过大时，心理可能会变得很脆弱。,"Rén zài yālì guòdà shí, xīnlǐ kěnéng huì biàn de hěn cuìruò.",روان انسان ممکن است زیر فشار زیاد بسیار آسیب‌پذیر شود.,
227,寸,cùn,HSK 6,量,1,中国传统长度单位，一寸等于十分之一尺，约为三点三厘米；也用于表示证件照的规格（量）,تسون؛ واحد سنتی برابر با حدود ۳٫۳ سانتی‌متر (واحد شمارش),量,واحد شمارش,三寸长 (sān cùn cháng) | 一寸宽 (yí cùn kuān) | 二寸照片 (èr cùn zhàopiàn),我需要两张二寸照片。,Wǒ xūyào liǎng zhāng èr cùn zhàopiàn.,من به دو قطعه عکس پرسنلی در اندازهٔ دو تسون نیاز دارم.,
228,存储,cún chǔ,HSK 6,动,1,把数据、信息等保存在设备或系统中以备使用（及物动）,ذخیره کردن (فعل گذرا),及物动,فعل گذرا,存储数据 (cúnchǔ shùjù) | 存储文件 (cúnchǔ wénjiàn) | 云端存储 (yúnduān cúnchǔ),手机可以存储大量照片。,Shǒujī kěyǐ cúnchǔ dàliàng zhàopiàn.,تلفن همراه می‌تواند تعداد زیادی عکس ذخیره کند.,
229,村庄,cūn zhuāng,HSK 6,名,1,农村居民集中居住的地方（名）,روستا؛ آبادی (اسم),名,اسم,古老村庄 (gǔlǎo cūnzhuāng) | 偏远村庄 (piānyuǎn cūnzhuāng) | 村庄附近 (cūnzhuāng fùjìn),这个村庄坐落在山脚下。,Zhège cūnzhuāng zuòluò zài shānjiǎo xià.,این روستا در دامنهٔ کوه قرار دارد.,
230,挫折,cuò zhé,HSK 6,名,1,事情进行过程中遇到的失败、阻碍或打击（名）,ناکامی؛ شکست؛ مانع (اسم),名,اسم,遭遇挫折 (zāoyù cuòzhé) | 面对挫折 (miànduì cuòzhé) | 克服挫折 (kèfú cuòzhé),每个人在生活中都会遇到挫折。,Měi ge rén zài shēnghuó zhōng dōu huì yùdào cuòzhé.,همه در زندگی با ناکامی و شکست روبه‌رو می‌شوند.,
231,搭,dā,HSK 6,动,1,乘坐车、船、飞机等交通工具，多用于口语（及物动）,سوار شدن؛ با وسیله‌ای رفتن (فعل گذرا),及物动,فعل گذرا,搭公交车 (dā gōngjiāochē) | 搭飞机 (dā fēijī) | 搭地铁 (dā dìtiě),我们明天搭飞机去上海。,Wǒmen míngtiān dā fēijī qù Shànghǎi.,ما فردا با هواپیما به شانگهای می‌رویم.,
231,搭,dā,HSK 6,动,2,支起、架起或建造较简单、临时性的东西（及物动）,برپا کردن؛ ساختن (فعل گذرا),及物动,فعل گذرا,搭帐篷 (dā zhàngpeng) | 搭舞台 (dā wǔtái) | 搭棚子 (dā péngzi),工人们正在广场上搭舞台。,Gōngrénmen zhèngzài guǎngchǎng shàng dā wǔtái.,کارگران در حال برپا کردن صحنه‌ای در میدان هستند.,
231,搭,dā,HSK 6,动,3,把手、衣物等放在或挂在某物上（及物动）,گذاشتن یا انداختن روی چیزی (فعل گذرا),及物动,فعل گذرا,把手搭在肩上 (bǎ shǒu dā zài jiān shàng) | 毛巾搭在脖子上 (máojīn dā zài bózi shàng) | 衣服搭在椅背上 (yīfu dā zài yǐbèi shàng),他把手搭在我的肩上。,Tā bǎ shǒu dā zài wǒ de jiān shàng.,او دستش را روی شانه‌ام گذاشت.,
231,搭,dā,HSK 6,动,4,把衣物、颜色等组合在一起，使其相配，多用于口语（及物动）,ست کردن؛ با چیزی جور کردن (فعل گذرا),及物动,فعل گذرا,白衬衫搭牛仔裤 (bái chènshān dā niúzǎikù) | 两种颜色搭在一起 (liǎng zhǒng yánsè dā zài yìqǐ) | 这样搭很好看 (zhèyàng dā hěn hǎokàn),这件上衣搭黑色裤子很好看。,Zhè jiàn shàngyī dā hēisè kùzi hěn hǎokàn.,این بلوز با شلوار مشکی خیلی خوب ست می‌شود.,
232,打交道,dǎ jiāo dao,HSK 6,动,1,与人或事物接触、来往，或处理与其有关的事务（不及物动）,تعامل داشتن؛ سروکار داشتن (فعل ناگذر),不及物动,فعل ناگذر,和客户打交道 (hé kèhù dǎ jiāodao) | 与人打交道 (yǔ rén dǎ jiāodao) | 经常和机器打交道 (jīngcháng hé jīqì dǎ jiāodao),他经常和外国客户打交道。,Tā jīngcháng hé wàiguó kèhù dǎ jiāodao.,او اغلب با مشتریان خارجی سروکار دارد.,
233,大臣,dà chén,HSK 6,名,1,古代君主制国家的高级官员，多用于历史语境（名）,وزیر؛ مقام بلندپایهٔ دربار (اسم),名,اسم,朝中大臣 (cháozhōng dàchén) | 文武大臣 (wénwǔ dàchén) | 一位大臣 (yí wèi dàchén),大臣们正在向皇帝报告政务。,Dàchénmen zhèngzài xiàng huángdì bàogào zhèngwù.,وزیران در حال گزارش امور حکومتی به امپراتور بودند.,
234,大吃一惊,dà chī yì jīng,HSK 6,动,1,突然感到非常惊讶（动）,سخت جا خوردن؛ بسیار شگفت‌زده شدن (فعل ناگذر),动,فعل ناگذر,听后大吃一惊 (tīng hòu dàchīyìjīng) | 不禁大吃一惊 (bùjīn dàchīyìjīng) | 令人大吃一惊 (lìng rén dàchīyìjīng),听到这个消息，他大吃一惊。,"Tīngdào zhège xiāoxi, tā dàchīyìjīng.",او با شنیدن این خبر سخت جا خورد.,
235,大地,dà dì,HSK 6,名,1,广阔的土地或整个地面，常带有文学色彩（名）,زمین؛ پهنهٔ زمین (اسم),名,اسم,辽阔的大地 (liáokuò de dàdì) | 脚下的大地 (jiǎoxià de dàdì) | 春回大地 (chūn huí dàdì),春天来了，大地充满了生机。,"Chūntiān lái le, dàdì chōngmǎn le shēngjī.",بهار از راه رسید و زمین سرشار از زندگی شد.,
236,打动,dǎ dòng,HSK 6,动,1,使人产生感动、同情或认同等情感（及物动）,تحت‌تأثیر قرار دادن؛ احساسات کسی را برانگیختن (فعل گذرا),及物动,فعل گذرا,打动人心 (dǎdòng rénxīn) | 深深打动观众 (shēnshēn dǎdòng guānzhòng) | 被真诚打动 (bèi zhēnchéng dǎdòng),他的故事深深打动了我。,Tā de gùshi shēnshēn dǎdòng le wǒ.,داستان او عمیقاً مرا تحت‌تأثیر قرار داد.,
237,大都,dà dōu,HSK 6,副,1,表示某个范围内的大部分（副）,بیشتر؛ عمدتاً؛ اغلب (قید),副,قید,大都如此 (dàdōu rúcǐ) | 人们大都认为 (rénmen dàdōu rènwéi) | 大都来自本地 (dàdōu láizì běndì),参加会议的人大都同意这个计划。,Cānjiā huìyì de rén dàdōu tóngyì zhège jìhuà.,بیشتر شرکت‌کنندگان جلسه با این طرح موافق بودند.,
238,大方,dà fang,HSK 6,形,1,言谈、举止自然，不紧张也不拘束（形）,راحت؛ طبیعی؛ بی‌تکلف (صفت),形,صفت,举止大方 (jǔzhǐ dàfang) | 谈吐大方 (tántǔ dàfang) | 表现得很大方 (biǎoxiàn de hěn dàfang),她在陌生人面前也很大方。,Tā zài mòshēngrén miànqián yě hěn dàfang.,او مقابل افراد غریبه هم راحت و بی‌تکلف است.,
238,大方,dà fang,HSK 6,形,2,对钱财、物品等不吝啬（形）,سخاوتمند؛ دست‌ودلباز (صفت),形,صفت,出手大方 (chūshǒu dàfang) | 对朋友很大方 (duì péngyou hěn dàfang) | 花钱很大方 (huā qián hěn dàfang),他对朋友一直很大方。,Tā duì péngyou yìzhí hěn dàfang.,او همیشه با دوستانش دست‌ودلباز است.,
238,大方,dà fang,HSK 6,形,3,样式、设计或打扮简洁而得体（形）,ساده و شیک؛ برازنده (صفت),形,صفت,款式大方 (kuǎnshì dàfang) | 穿着大方 (chuānzhuó dàfang) | 设计简洁大方 (shèjì jiǎnjié dàfang),这件衣服样式简单大方。,Zhè jiàn yīfu yàngshì jiǎndān dàfang.,مدل این لباس ساده و شیک است.,
239,答复,dá fù,HSK 6,动、名,1,对问题、要求或意见作出回答（及物动）,پاسخ دادن؛ جواب دادن (فعل گذرا),及物动,فعل گذرا,答复对方 (dáfù duìfāng) | 正式答复记者 (zhèngshì dáfù jìzhě) | 尽快答复 (jǐnkuài dáfù),我们会尽快答复您。,Wǒmen huì jǐnkuài dáfù nín.,در اسرع وقت به شما پاسخ خواهیم داد.,
239,答复,dá fù,HSK 6,动、名,2,对问题、要求或意见作出的回答（名）,پاسخ؛ جواب (اسم),名,اسم,给予答复 (jǐyǔ dáfù) | 正式答复 (zhèngshì dáfù) | 等待答复 (děngdài dáfù),我们会尽快给您一个明确的答复。,Wǒmen huì jǐnkuài gěi nín yí ge míngquè de dáfù.,در اسرع وقت پاسخ روشنی به شما خواهیم داد.,
240,大幅,dà fú,HSK 6,副,1,幅度很大地，表示变化的程度明显（副）,به‌طور چشمگیر؛ به میزان زیادی (قید),副,قید,大幅提高 (dàfú tígāo) | 大幅下降 (dàfú xiàjiàng) | 大幅增加 (dàfú zēngjiā),今年的销量大幅增长。,Jīnnián de xiāoliàng dàfú zēngzhǎng.,فروش امسال به‌طور چشمگیری افزایش یافته است.,
241,大伙儿,dà huǒr,HSK 6,代,1,大家，指所有在场或相关的人，用于口语（代）,همه؛ همگی (ضمیر),代,ضمیر,大伙儿一起干 (dàhuǒr yìqǐ gàn) | 大伙儿都同意 (dàhuǒr dōu tóngyì) | 和大伙儿商量 (hé dàhuǒr shāngliang),大伙儿都准备好了。,Dàhuǒr dōu zhǔnbèi hǎo le.,همه آماده‌اند.,
242,呆,dāi,HSK 6,动、形,1,停留在某个地方或保持某种状态（不及物动）,ماندن (فعل ناگذر),不及物动,فعل ناگذر,呆在家里 (dāi zài jiālǐ) | 呆上几天 (dāi shàng jǐ tiān) | 一个人呆着 (yí ge rén dāizhe),我想在这里呆几天。,Wǒ xiǎng zài zhèlǐ dāi jǐ tiān.,می‌خواهم چند روز اینجا بمانم.,
242,呆,dāi,HSK 6,动、形,2,头脑迟钝、反应不灵活（形）,کندذهن؛ کودن (صفت),形,صفت,看起来有点呆 (kàn qǐlái yǒudiǎn dāi) | 又呆又笨 (yòu dāi yòu bèn) | 人并不呆 (rén bìng bù dāi),他只是话少，并不呆。,"Tā zhǐshì huà shǎo, bìng bù dāi.",او فقط کم‌حرف است، نه کندذهن.,
242,呆,dāi,HSK 6,动、形,3,因惊讶、害怕等一时发愣、没有反应（形）,مات و مبهوت؛ خشکش‌زده (صفت),形,صفت,吓呆了 (xià dāi le) | 看呆了 (kàn dāi le) | 当场呆住 (dāngchǎng dāizhù),听到这个消息，他一下子呆了。,"Tīngdào zhège xiāoxi, tā yíxiàzi dāi le.",با شنیدن این خبر، یک‌دفعه خشکش زد.,
243,代价,dài jià,HSK 6,名,1,为达到某种目的而付出的金钱、精力、损失或牺牲（名）,هزینه؛ بها؛ تاوان (اسم),名,اسم,付出代价 (fùchū dàijià) | 沉重代价 (chénzhòng dàijià) | 不惜任何代价 (bùxī rènhé dàijià),成功往往需要付出代价。,Chénggōng wǎngwǎng xūyào fùchū dàijià.,موفقیت اغلب بهایی دارد.,
244,贷款,dài kuǎn,HSK 6,动、名,1,向银行等机构借钱，或由银行等机构把钱借出（动）,وام گرفتن؛ وام دادن (فعل),动,فعل,向银行贷款 (xiàng yínháng dàikuǎn) | 贷款买房 (dàikuǎn mǎifáng) | 贷款给企业 (dàikuǎn gěi qǐyè),他们向银行贷款买了房。,Tāmen xiàng yínháng dàikuǎn mǎi le fáng.,آن‌ها با گرفتن وام از بانک خانه خریدند.,
244,贷款,dài kuǎn,HSK 6,动、名,2,银行等机构借给个人或单位的钱（名）,وام؛ تسهیلات مالی (اسم),名,اسم,银行贷款 (yínháng dàikuǎn) | 申请贷款 (shēnqǐng dàikuǎn) | 贷款利率 (dàikuǎn lìlǜ),他申请了一笔银行贷款。,Tā shēnqǐng le yì bǐ yínháng dàikuǎn.,او برای دریافت یک وام بانکی درخواست داد.,
245,代理,dài lǐ,HSK 6,动、名,1,代表个人或机构处理事务，或代为销售产品、提供服务（及物动）,نمایندگی یا وکالت کردن (فعل گذرا),及物动,فعل گذرا,代理公司事务 (dàilǐ gōngsī shìwù) | 代理销售产品 (dàilǐ xiāoshòu chǎnpǐn) | 代理外国品牌 (dàilǐ wàiguó pǐnpái),这家公司代理多个外国品牌。,Zhè jiā gōngsī dàilǐ duō ge wàiguó pǐnpái.,این شرکت نمایندگی چند برند خارجی را بر عهده دارد.,
245,代理,dài lǐ,HSK 6,动、名,2,受委托代表个人或机构处理事务的人或机构（名）,نماینده؛ کارگزار (اسم),名,اسم,独家代理 (dújiā dàilǐ) | 销售代理 (xiāoshòu dàilǐ) | 当地代理 (dāngdì dàilǐ),他是我们公司在当地的代理。,Tā shì wǒmen gōngsī zài dāngdì de dàilǐ.,او نمایندهٔ محلی شرکت ماست.,
246,带领,dài lǐng,HSK 6,动,1,领导或引导一群人前进、工作或完成任务（及物动）,رهبری کردن؛ هدایت کردن (فعل گذرا),及物动,فعل گذرا,带领团队 (dàilǐng tuánduì) | 带领学生参观 (dàilǐng xuésheng cānguān) | 带领大家前进 (dàilǐng dàjiā qiánjìn),他带领团队完成了任务。,Tā dàilǐng tuánduì wánchéng le rènwu.,او تیم را هدایت کرد تا کار را به پایان برسانند.,
247,打击,dǎ jī,HSK 6,动、名,1,敲打物体，或攻击人、设施、军事目标等（及物动）,کوبیدن؛ هدف حمله قرار دادن (فعل گذرا),及物动,فعل گذرا,打击金属 (dǎjī jīnshǔ) | 打击敌人 (dǎjī dírén) | 精准打击目标 (jīngzhǔn dǎjī mùbiāo),战机精准打击了敌方目标。,Zhànjī jīngzhǔn dǎjī le dífāng mùbiāo.,جنگنده هدف دشمن را با دقت هدف حمله قرار داد.,
247,打击,dǎ jī,HSK 6,动、名,2,采取有力措施制止或惩处违法、有害的行为（及物动）,برخورد کردن با؛ مبارزه کردن با (فعل گذرا),及物动,فعل گذرا,打击犯罪 (dǎjī fànzuì) | 打击走私 (dǎjī zǒusī) | 严厉打击违法行为 (yánlì dǎjī wéifǎ xíngwéi),政府采取措施打击犯罪。,Zhèngfǔ cǎiqǔ cuòshī dǎjī fànzuì.,دولت اقداماتی برای مبارزه با جرم انجام داد.,
247,打击,dǎ jī,HSK 6,动、名,3,使人的信心、情绪、积极性或士气受到伤害（及物动）,تضعیف کردن؛ دلسرد کردن (فعل گذرا),及物动,فعل گذرا,打击信心 (dǎjī xìnxīn) | 打击积极性 (dǎjī jījíxìng) | 打击士气 (dǎjī shìqì),这次失败严重打击了他的信心。,Zhè cì shībài yánzhòng dǎjī le tā de xìnxīn.,این شکست اعتمادبه‌نفس او را به‌شدت تضعیف کرد.,
247,打击,dǎ jī,HSK 6,动、名,4,针对人、设施或军事目标进行的攻击行动（名）,حمله؛ عملیات ضربتی (اسم),名,اسم,实施打击 (shíshī dǎjī) | 精准打击 (jīngzhǔn dǎjī) | 空中打击 (kōngzhōng dǎjī),部队对敌方基地实施了空中打击。,Bùduì duì dífāng jīdì shíshī le kōngzhōng dǎjī.,نیروها حمله‌ای هوایی به پایگاه دشمن انجام دادند.,
247,打击,dǎ jī,HSK 6,动、名,5,使人受到挫折、痛苦或精神伤害的事情（名）,ضربه؛ لطمهٔ روحی (اسم),名,اسم,受到打击 (shòudào dǎjī) | 沉重打击 (chénzhòng dǎjī) | 经受多次打击 (jīngshòu duō cì dǎjī),这个消息对他来说是一个沉重的打击。,Zhège xiāoxi duì tā láishuō shì yí ge chénzhòng de dǎjī.,این خبر برای او ضربهٔ روحی سنگینی بود.,
248,打架,dǎ jià,HSK 6,动,1,双方或多方互相用武力争斗（不及物动）,دعوا کردن؛ کتک‌کاری کردن (فعل ناگذر),不及物动,فعل ناگذر,跟同学打架 (gēn tóngxué dǎjià) | 为小事打架 (wèi xiǎoshì dǎjià) | 动不动就打架 (dòngbudòng jiù dǎjià),学生之间不应该打架。,Xuésheng zhījiān bù yīnggāi dǎjià.,دانش‌آموزان نباید با یکدیگر دعوا کنند.,
249,打卡,dǎ kǎ,HSK 6,动,1,用考勤设备或软件记录上下班、到达或离开的时间（不及物动）,کارت زدن؛ ورود و خروج را ثبت کردن (فعل ناگذر),不及物动,فعل ناگذر,上班打卡 (shàngbān dǎkǎ) | 按时打卡 (ànshí dǎkǎ) | 忘记打卡 (wàngjì dǎkǎ),员工每天上班都需要打卡。,Yuángōng měitiān shàngbān dōu xūyào dǎkǎ.,کارمندان باید هر روز هنگام شروع کار ورودشان را ثبت کنند.,
249,打卡,dǎ kǎ,HSK 6,动,2,到某个热门地点拍照、留下记录，或在平台上记录完成某项活动，用于网络用语（动）,چک‌این کردن؛ حضور یا فعالیت را ثبت کردن (فعل),动,فعل,景点打卡 (jǐngdiǎn dǎkǎ) | 拍照打卡 (pāizhào dǎkǎ) | 每日打卡 (měirì dǎkǎ),很多游客来这里拍照打卡。,Hěnduō yóukè lái zhèlǐ pāizhào dǎkǎ.,گردشگران زیادی برای عکس گرفتن و ثبت حضورشان به اینجا می‌آیند.,
250,打雷,dǎ léi,HSK 6,动,1,天空中发出雷声（不及物动）,رعد آمدن؛ صدای رعد شنیده شدن (فعل ناگذر),不及物动,فعل ناگذر,外面打雷 (wàimiàn dǎléi) | 又打雷又下雨 (yòu dǎléi yòu xiàyǔ) | 突然打雷了 (tūrán dǎléi le),外面又打雷又下雨。,Wàimiàn yòu dǎléi yòu xiàyǔ.,بیرون هم رعد می‌آید و هم باران می‌بارد.,
251,蛋白质,dàn bái zhì,HSK 6,名,1,构成生物体细胞和组织的重要物质（名）,پروتئین (اسم),名,اسم,蛋白质含量 (dànbáizhì hánliàng) | 补充蛋白质 (bǔchōng dànbáizhì) | 动物蛋白质 (dòngwù dànbáizhì),人体需要摄入足够的蛋白质。,Réntǐ xūyào shèrù zúgòu de dànbáizhì.,بدن انسان باید پروتئین کافی دریافت کند.,
252,单纯,dān chún,HSK 6,形、副,1,简单而不复杂，没有其他内容或因素混在其中（形）,ساده؛ غیرپیچیده (صفت),形,صفت,问题并不单纯 (wèntí bìng bù dānchún) | 单纯的想法 (dānchún de xiǎngfǎ) | 情况比较单纯 (qíngkuàng bǐjiào dānchún),这个问题没有看起来那么单纯。,Zhège wèntí méiyǒu kàn qǐlái nàme dānchún.,این مسئله آن‌قدر که به نظر می‌رسد ساده نیست.,
252,单纯,dān chún,HSK 6,形、副,2,表示只做某件事或只有某种原因、目的（副）,صرفاً؛ فقط (قید),副,قید,单纯依靠经验 (dānchún yīkào jīngyàn) | 单纯追求利润 (dānchún zhuīqiú lìrùn) | 单纯为了省钱 (dānchún wèile shěngqián),单纯依靠经验是不够的。,Dānchún yīkào jīngyàn shì búgòu de.,صرفاً تکیه کردن بر تجربه کافی نیست.,
252,单纯,dān chún,HSK 6,形、副,3,思想简单，没有心机或恶意（形）,ساده‌دل؛ بی‌غل‌وغش (صفت),形,صفت,性格单纯 (xìnggé dānchún) | 单纯善良 (dānchún shànliáng) | 内心很单纯 (nèixīn hěn dānchún),她是个很单纯的人。,Tā shì ge hěn dānchún de rén.,او آدمی بسیار ساده‌دل و بی‌غل‌وغش است.,
253,单调,dān diào,HSK 6,形,1,内容、形式、声音、色彩等重复或缺少变化（形）,یکنواخت؛ بی‌تنوع (صفت),形,صفت,生活单调 (shēnghuó dāndiào) | 色彩单调 (sècǎi dāndiào) | 语调单调 (yǔdiào dāndiào),每天重复同样的工作，生活会变得很单调。,"Měitiān chóngfù tóngyàng de gōngzuò, shēnghuó huì biàn de hěn dāndiào.",تکرار هرروزهٔ یک کار، زندگی را بسیار یکنواخت می‌کند.,
254,档案,dàng àn,HSK 6,名,1,机关、组织或个人分类保存、用于查考的文件和资料（名）,پرونده؛ اسناد بایگانی‌شده (اسم),名,اسم,人事档案 (rénshì dàng'àn) | 健康档案 (jiànkāng dàng'àn) | 查阅档案 (cháyuè dàng'àn),医院为每位病人建立了健康档案。,Yīyuàn wèi měi wèi bìngrén jiànlì le jiànkāng dàng'àn.,بیمارستان برای هر بیمار پروندهٔ سلامت تشکیل داد.,
255,当场,dāng chǎng,HSK 6,副,1,就在事情发生的现场，并且没有拖延（副）,همان‌جا؛ درجا (قید),副,قید,当场回答 (dāngchǎng huídá) | 当场宣布 (dāngchǎng xuānbù) | 当场抓获 (dāngchǎng zhuāhuò),嫌疑人被警方当场抓获。,Xiányírén bèi jǐngfāng dāngchǎng zhuāhuò.,مظنون همان‌جا به دست پلیس بازداشت شد.,
256,当初,dāng chū,HSK 6,名、副,1,过去某件事情开始的时候或原来的时候（名，常作状语）,آن زمان؛ در ابتدا (اسم؛ کاربرد قیدی),名，常作状语,اسم؛ کاربرد قیدی,回想当初 (huíxiǎng dāngchū) | 当初的决定 (dāngchū de juédìng) | 当初没有想到 (dāngchū méiyǒu xiǎngdào),我当初没想到事情会变成这样。,Wǒ dāngchū méi xiǎngdào shìqing huì biàn chéng zhèyàng.,آن زمان فکر نمی‌کردم کار به اینجا برسد.,
257,当代,dāng dài,HSK 6,名、形,1,现在所处的时代（名）,عصر حاضر؛ دوران معاصر (اسم),名,اسم,进入当代 (jìnrù dāngdài) | 活在当代 (huó zài dāngdài) | 从古代到当代 (cóng gǔdài dào dāngdài),这种艺术从古代一直流传到当代。,Zhè zhǒng yìshù cóng gǔdài yìzhí liúchuán dào dāngdài.,این هنر از دوران باستان تا عصر حاضر منتقل شده است.,
257,当代,dāng dài,HSK 6,名、形,2,属于现在这个时代的（形）,معاصر؛ امروزی (صفت),形,صفت,当代文学 (dāngdài wénxué) | 当代艺术 (dāngdài yìshù) | 当代作家 (dāngdài zuòjiā),他主要研究当代文学。,Tā zhǔyào yánjiū dāngdài wénxué.,او عمدتاً ادبیات معاصر را بررسی می‌کند.,
258,当今,dāng jīn,HSK 6,名,1,现在这个时代或目前（名，常作定语或状语）,عصر حاضر؛ امروزه (اسم؛ کاربرد قیدی),名，常作定语或状语,اسم؛ کاربرد قیدی,当今社会 (dāngjīn shèhuì) | 当今世界 (dāngjīn shìjiè) | 当今最重要的问题 (dāngjīn zuì zhòngyào de wèntí),人工智能是当今最热门的话题之一。,Réngōng zhìnéng shì dāngjīn zuì rèmén de huàtí zhī yī.,هوش مصنوعی یکی از داغ‌ترین موضوعات روز است.,
259,当面,dāng miàn,HSK 6,副,1,直接面对对方，在对方面前（副）,حضوری؛ رودررو (قید),副,قید,当面道歉 (dāngmiàn dàoqiàn) | 当面感谢 (dāngmiàn gǎnxiè) | 当面解释 (dāngmiàn jiěshì),有问题最好当面谈。,Yǒu wèntí zuì hǎo dāngmiàn tán.,اگر مشکلی هست، بهتر است رودررو صحبت کنید.,
260,当天,dàng tiān,HSK 6,名、副,1,事情发生的那一天或同一天（名，常作状语）,همان روز (اسم؛ کاربرد قیدی),名，常作状语,اسم؛ کاربرد قیدی,当天晚上 (dàngtiān wǎnshàng) | 当天返回 (dàngtiān fǎnhuí) | 当天发货 (dàngtiān fāhuò),我们当天就完成了任务。,Wǒmen dàngtiān jiù wánchéng le rènwu.,ما همان روز کار را به پایان رساندیم.,
261,当下,dāng xià,HSK 6,名、副,1,现在这个时候或目前所处的阶段（名）,زمان حال؛ مقطع کنونی (اسم),名,اسم,活在当下 (huó zài dāngxià) | 珍惜当下 (zhēnxī dāngxià) | 立足当下 (lìzú dāngxià),我们应该珍惜当下。,Wǒmen yīnggāi zhēnxī dāngxià.,باید قدر زمان حال را بدانیم.,
261,当下,dāng xià,HSK 6,名、副,2,就在那个时候，立即，多用于书面语（副）,همان لحظه؛ فوراً (قید),副,قید,当下明白 (dāngxià míngbai) | 当下决定 (dāngxià juédìng) | 当下答应 (dāngxià dāying),听完他的解释，我当下就明白了。,"Tīngwán tā de jiěshì, wǒ dāngxià jiù míngbai le.",بعد از شنیدن توضیحش، همان لحظه متوجه شدم.,
262,当选,dāng xuǎn,HSK 6,动,1,在选举中被选上（不及物动）,انتخاب شدن؛ رأی آوردن (فعل ناگذر),不及物动,فعل ناگذر,当选总统 (dāngxuǎn zǒngtǒng) | 当选委员 (dāngxuǎn wěiyuán) | 高票当选 (gāopiào dāngxuǎn),他当选为学生会主席。,Tā dāngxuǎn wéi xuéshēnghuì zhǔxí.,او به‌عنوان رئیس انجمن دانشجویی انتخاب شد.,
263,诞生,dàn shēng,HSK 6,动、名,1,人出生，多用于正式或庄重的场合（不及物动）,متولد شدن؛ به دنیا آمدن (فعل ناگذر),不及物动,فعل ناگذر,诞生于北京 (dànshēng yú Běijīng) | 新生命诞生 (xīn shēngmìng dànshēng) | 在这里诞生 (zài zhèlǐ dànshēng),一个新的生命诞生了。,Yí ge xīn de shēngmìng dànshēng le.,انسانی تازه به دنیا آمد.,
263,诞生,dàn shēng,HSK 6,动、名,2,新的事物、思想、组织等产生或出现（不及物动）,پدید آمدن؛ شکل گرفتن (فعل ناگذر),不及物动,فعل ناگذر,新技术诞生 (xīn jìshù dànshēng) | 新品牌诞生 (xīn pǐnpái dànshēng) | 由此诞生 (yóucǐ dànshēng),第一台这样的机器在这里诞生。,Dì-yī tái zhèyàng de jīqì zài zhèlǐ dànshēng.,نخستین دستگاه از این نوع در اینجا ساخته شد.,
263,诞生,dàn shēng,HSK 6,动、名,3,人或新事物出生、产生的过程或事件（名）,تولد؛ پیدایش (اسم),名,اسم,共和国的诞生 (gònghéguó de dànshēng) | 互联网的诞生 (hùliánwǎng de dànshēng) | 见证新生命的诞生 (jiànzhèng xīn shēngmìng de dànshēng),这本书记录了互联网的诞生。,Zhè běn shū jìlù le hùliánwǎng de dànshēng.,این کتاب پیدایش اینترنت را ثبت کرده است.,
264,耽误,dān wu,HSK 6,动,1,因拖延或其他原因浪费时间，或使事情不能正常、按时进行（及物动）,معطل کردن؛ به تأخیر انداختن؛ مانع شدن (فعل گذرا),及物动,فعل گذرا,耽误时间 (dānwu shíjiān) | 耽误工作 (dānwu gōngzuò) | 耽误学习 (dānwu xuéxí),别因为玩手机耽误学习。,Bié yīnwèi wán shǒujī dānwu xuéxí.,نگذار سرگرم شدن با تلفن همراه به درست لطمه بزند.,
265,担忧,dān yōu,HSK 6,动、名,1,因担心可能发生不好的事情而忧虑（及物动）,نگران بودن؛ دلواپس بودن (فعل گذرا),及物动,فعل گذرا,担忧未来 (dānyōu wèilái) | 担忧安全问题 (dānyōu ānquán wèntí) | 十分担忧 (shífēn dānyōu),父母一直担忧孩子的安全。,Fùmǔ yìzhí dānyōu háizi de ānquán.,والدین همواره نگران امنیت فرزندشان هستند.,
265,担忧,dān yōu,HSK 6,动、名,2,对可能发生的不利情况产生的忧虑（名）,نگرانی؛ دلواپسی (اسم),名,اسم,消除担忧 (xiāochú dānyōu) | 表达担忧 (biǎodá dānyōu) | 引发担忧 (yǐnfā dānyōu),大家都有同样的担忧。,Dàjiā dōu yǒu tóngyàng de dānyōu.,همه نگرانی مشابهی دارند.,
266,岛,dǎo,HSK 6,名,1,四周被水包围、面积比大陆小的陆地（名）,جزیره (اسم),名,اسم,一座岛 (yí zuò dǎo) | 岛上居民 (dǎo shàng jūmín) | 登上这座岛 (dēngshàng zhè zuò dǎo),他们住在一座美丽的小岛上。,Tāmen zhù zài yí zuò měilì de xiǎodǎo shàng.,آن‌ها در جزیره‌ای زیبا زندگی می‌کنند.,
267,倒闭,dǎo bì,HSK 6,动,1,企业、商店、工厂等因经营失败而停止营业（不及物动）,ورشکست و تعطیل شدن (فعل ناگذر),不及物动,فعل ناگذر,面临倒闭 (miànlín dǎobì) | 很多店铺倒闭 (hěnduō diànpù dǎobì) | 因亏损而倒闭 (yīn kuīsǔn ér dǎobì),这家公司去年因长期亏损而倒闭了。,Zhè jiā gōngsī qùnián yīn chángqī kuīsǔn ér dǎobì le.,این شرکت سال گذشته به‌دلیل زیان مداوم ورشکست و تعطیل شد.,
268,倒车,dào chē,HSK 6,动,1,使车辆向后行驶（不及物动）,دنده‌عقب رفتن؛ وسیلهٔ نقلیه را عقب بردن (فعل ناگذر),不及物动,فعل ناگذر,慢慢倒车 (mànmàn dàochē) | 往后倒车 (wǎng hòu dàochē) | 倒车入库 (dàochē rùkù),后面有人，请慢一点倒车。,"Hòumian yǒu rén, qǐng màn yìdiǎn dàochē.",کسی پشت خودروست؛ لطفاً آرام‌تر دنده‌عقب بروید.,
269,道德,dào dé,HSK 6,名,1,社会公认的关于行为善恶、正当与否的规范和观念（名）,اخلاق؛ اصول اخلاقی (اسم),名,اسم,道德标准 (dàodé biāozhǔn) | 遵守道德 (zūnshǒu dàodé) | 道德品质 (dàodé pǐnzhì),每个人都应该遵守基本的社会道德。,Měi ge rén dōu yīnggāi zūnshǒu jīběn de shèhuì dàodé.,همه باید اصول اخلاقی اساسی جامعه را رعایت کنند.,
270,倒是,dào shì,HSK 6,副,1,表示实际情况与前面所说或通常预料的不同（副）,اما؛ اتفاقاً؛ برعکس (قید),副,قید,倒是不错 (dàoshi búcuò) | 倒是很有经验 (dàoshi hěn yǒu jīngyàn) | 倒是值得考虑 (dàoshi zhídé kǎolǜ),他年纪不大，经验倒是很丰富。,"Tā niánjì bú dà, jīngyàn dàoshi hěn fēngfù.",سنش زیاد نیست، اما اتفاقاً تجربهٔ زیادی دارد.,
270,倒是,dào shì,HSK 6,副,2,先承认某种情况，再提出相反或受限制的情况（副）,البته؛ درست است که (قید),副,قید,好倒是好 (hǎo dàoshi hǎo) | 可以倒是可以 (kěyǐ dàoshi kěyǐ) | 想去倒是想去 (xiǎng qù dàoshi xiǎng qù),这件衣服好看倒是好看，就是太贵了。,"Zhè jiàn yīfu hǎokàn dàoshi hǎokàn, jiùshì tài guì le.",این لباس البته زیباست، اما خیلی گران است.,
270,倒是,dào shì,HSK 6,副,3,用于催促、责怪或强调，希望对方采取行动，多用于口语（副）,خب؛ دیگر؛ آخر (قید),副,قید,你倒是说呀 (nǐ dàoshi shuō ya) | 倒是快点儿 (dàoshi kuài diǎnr) | 你倒是帮忙啊 (nǐ dàoshi bāngmáng a),你倒是快点儿啊，大家都在等你！,"Nǐ dàoshi kuài diǎnr a, dàjiā dōu zài děng nǐ!",خب زودتر بجنب، همه منتظرت هستند!,
271,导师,dǎo shī,HSK 6,名,1,指导学生学习、研究或从事专业工作的老师（名）,استاد راهنما؛ مربی (اسم),名,اسم,博士生导师 (bóshìshēng dǎoshī) | 研究生导师 (yánjiūshēng dǎoshī) | 学术导师 (xuéshù dǎoshī),我的导师给了我很多帮助。,Wǒ de dǎoshī gěi le wǒ hěn duō bāngzhù.,استاد راهنمایم کمک زیادی به من کرد.,
272,搭配,dā pèi,HSK 6,动、名,1,把不同的事物按照需要组合、配合在一起（及物动）,ترکیب کردن؛ ست کردن (فعل گذرا),及物动,فعل گذرا,搭配衣服 (dāpèi yīfu) | 合理搭配饮食 (hélǐ dāpèi yǐnshí) | 搭配使用 (dāpèi shǐyòng),这件上衣很容易搭配。,Zhè jiàn shàngyī hěn róngyì dāpèi.,این بلوز به‌راحتی با لباس‌های دیگر ست می‌شود.,
272,搭配,dā pèi,HSK 6,动、名,2,不同事物组合、配合的方式或结果（名）,ترکیب؛ ست (اسم),名,اسم,最佳搭配 (zuìjiā dāpèi) | 经典搭配 (jīngdiǎn dāpèi) | 颜色搭配 (yánsè dāpèi),黑色和白色是经典搭配。,Hēisè hé báisè shì jīngdiǎn dāpèi.,سیاه و سفید ترکیبی کلاسیک‌اند.,
273,大使,dà shǐ,HSK 6,名,1,一国派驻另一国的最高级外交代表（名）,سفیر (اسم),名,اسم,中国驻法大使 (Zhōngguó zhù Fǎ dàshǐ) | 任命大使 (rènmìng dàshǐ) | 各国大使 (gèguó dàshǐ),他被任命为中国驻法国大使。,Tā bèi rènmìng wéi Zhōngguó zhù Fǎguó dàshǐ.,او به‌عنوان سفیر چین در فرانسه منصوب شد.,
273,大使,dà shǐ,HSK 6,名,2,代表某个机构、品牌、地区等进行宣传和推广的人（名）,سفیر تبلیغاتی؛ نماینده (اسم),名,اسم,品牌大使 (pǐnpái dàshǐ) | 旅游大使 (lǚyóu dàshǐ) | 形象大使 (xíngxiàng dàshǐ),她担任了这座城市的旅游大使。,Tā dānrèn le zhè zuò chéngshì de lǚyóu dàshǐ.,او سفیر گردشگری این شهر شد.,
274,大师,dà shī,HSK 6,名,1,在学术、艺术或技艺等领域具有很高成就、受到广泛尊敬的人（名）,استاد بزرگ؛ استاد مسلم (اسم),名,اسم,文学大师 (wénxué dàshī) | 艺术大师 (yìshù dàshī) | 一代大师 (yí dài dàshī),他被公认为现代艺术大师。,Tā bèi gōngrèn wéi xiàndài yìshù dàshī.,او به‌عنوان یکی از استادان بزرگ هنر مدرن شناخته می‌شود.,
274,大师,dà shī,HSK 6,名,2,对有声望的佛教僧人的尊称（名）,استاد یا عالم بودایی (اسم),名,اسم,佛教大师 (Fójiào dàshī) | 一位大师 (yí wèi dàshī) | 拜访大师 (bàifǎng dàshī),许多人前来听这位大师讲经。,Xǔduō rén qiánlái tīng zhè wèi dàshī jiǎngjīng.,افراد زیادی برای شنیدن سخنرانی مذهبی این استاد بودایی آمدند.,
275,大洋洲,Dà yáng zhōu,HSK 6,名,1,世界七大洲之一，包括澳大利亚、新西兰及太平洋上的许多岛屿（名）,اقیانوسیه (اسم),名,اسم,大洋洲国家 (Dàyángzhōu guójiā) | 大洋洲地区 (Dàyángzhōu dìqū) | 大洋洲文化 (Dàyángzhōu wénhuà),澳大利亚位于大洋洲。,Àodàlìyà wèiyú Dàyángzhōu.,استرالیا در اقیانوسیه قرار دارد.,
276,打造,dǎ zào,HSK 6,动,1,通过锻打制造金属器物（及物动）,آهنگری کردن؛ با چکش ساختن (فعل گذرا),及物动,فعل گذرا,打造铁器 (dǎzào tiěqì) | 手工打造 (shǒugōng dǎzào) | 打造一把刀 (dǎzào yì bǎ dāo),铁匠正在打造一把刀。,Tiějiàng zhèngzài dǎzào yì bǎ dāo.,آهنگر در حال ساختن یک چاقوست.,
276,打造,dǎ zào,HSK 6,动,2,比喻用心建设、塑造或培养品牌、团队、形象等（及物动）,ساختن؛ شکل دادن؛ پرورش دادن (فعل گذرا),及物动,فعل گذرا,打造品牌 (dǎzào pǐnpái) | 打造团队 (dǎzào tuánduì) | 打造良好形象 (dǎzào liánghǎo xíngxiàng),公司正在努力打造自己的品牌。,Gōngsī zhèngzài nǔlì dǎzào zìjǐ de pǐnpái.,شرکت در تلاش است برند خودش را بسازد.,
277,打仗,dǎ zhàng,HSK 6,动,1,进行战争或参加战斗（不及物动）,جنگیدن؛ نبرد کردن (فعل ناگذر),不及物动,فعل ناگذر,上前线打仗 (shàng qiánxiàn dǎzhàng) | 和敌人打仗 (hé dírén dǎzhàng) | 打过多年仗 (dǎguo duōnián zhàng),那个国家已经不想再打仗了。,Nàge guójiā yǐjīng bù xiǎng zài dǎzhàng le.,آن کشور دیگر نمی‌خواهد بجنگد.,
278,大致,dà zhì,HSK 6,形、副,1,大体上的、基本的，不包括具体细节（形）,کلی؛ تقریبی (صفت),形,صفت,大致情况 (dàzhì qíngkuàng) | 大致内容 (dàzhì nèiróng) | 大致方向 (dàzhì fāngxiàng),我已经了解了事情的大致情况。,Wǒ yǐjīng liǎojiě le shìqing de dàzhì qíngkuàng.,من از وضعیت کلی ماجرا آگاه شده‌ام.,
278,大致,dà zhì,HSK 6,形、副,2,大体上、基本上或大约（副）,تقریباً؛ کمابیش (قید),副,قید,大致相同 (dàzhì xiāngtóng) | 大致完成 (dàzhì wánchéng) | 大致确定 (dàzhì quèdìng),工作已经大致完成了。,Gōngzuò yǐjīng dàzhì wánchéng le.,کار تقریباً به پایان رسیده است.,
279,得了,dé le,HSK 6,叹,1,用于制止对方继续说话或做事，也可表示不耐烦，多用于口语（叹）,بس است؛ بی‌خیال (حرف ندا، اعتراض/نهی),叹,حرف ندا، اعتراض/نهی,"得了，别说了 (déle, bié shuō le) | 得了吧 (déle ba) | 得了得了 (déle déle)",得了，别再说了。,"Déle, bié zài shuō le.",بس است، دیگر حرف نزن.,
279,得了,dé le,HSK 6,叹,2,表示某种程度已经足够或可以了，多用于口语（叹）,همین کافی است؛ خوب است (حرف ندا، اعلام کفایت),叹,حرف ندا، اعلام کفایت,这样就得了 (zhèyàng jiù déle) | 有这些就得了 (yǒu zhèxiē jiù déle) | 做到这里就得了 (zuò dào zhèlǐ jiù déle),准备这些东西就得了。,Zhǔnbèi zhèxiē dōngxi jiù déle.,آماده کردن همین چیزها کافی است.,
280,等级,děng jí,HSK 6,名,1,按照地位、质量、程度或重要性等标准划分的级别（名）,سطح؛ درجه؛ رتبه (اسم),名,اسم,安全等级 (ānquán děngjí) | 信用等级 (xìnyòng děngjí) | 划分等级 (huàfēn děngjí),这个系统的安全等级很高。,Zhège xìtǒng de ānquán děngjí hěn gāo.,سطح امنیت این سامانه بالاست.,
281,灯笼,dēng long,HSK 6,名,1,外面有纸、纱等罩子，可悬挂或手提的传统照明、装饰用品（名）,فانوس؛ چراغ آویز سنتی (اسم),名,اسم,挂红灯笼 (guà hóng dēnglong) | 提灯笼 (tí dēnglong) | 做灯笼 (zuò dēnglong),春节时，家家户户都挂红灯笼。,"Chūnjié shí, jiājiāhùhù dōu guà hóng dēnglong.",در عید بهار، همهٔ خانه‌ها فانوس قرمز آویزان می‌کنند.,
282,得以,dé yǐ,HSK 6,动,1,借助某种条件而能够做成或实现某事，多用于书面语（助动）,امکان یافتن؛ توانستن (فعل کمکی),助动,فعل کمکی,得以实现 (déyǐ shíxiàn) | 得以解决 (déyǐ jiějué) | 得以恢复 (déyǐ huīfù),在大家的帮助下，问题终于得以解决。,"Zài dàjiā de bāngzhù xià, wèntí zhōngyú déyǐ jiějué.",با کمک همه، مشکل سرانجام حل شد.,
283,得知,dé zhī,HSK 6,动,1,通过某种途径知道或获悉某件事，多用于较正式的场合（及物动）,مطلع شدن؛ باخبر شدن (فعل گذرا),及物动,فعل گذرا,得知消息 (dézhī xiāoxi) | 得知真相 (dézhī zhēnxiàng) | 刚刚得知 (gānggāng dézhī),我刚刚得知这个消息。,Wǒ gānggāng dézhī zhège xiāoxi.,من تازه از این خبر مطلع شدم.,
284,滴,dī,HSK 6,量,1,用于计算成滴的液体（量）,قطره (واحد شمارش),量,واحد شمارش,一滴水 (yì dī shuǐ) | 几滴雨水 (jǐ dī yǔshuǐ) | 一滴血 (yì dī xuè),一滴水也不能浪费。,Yì dī shuǐ yě bù néng làngfèi.,حتی یک قطره آب هم نباید هدر برود.,
284,滴,dī,HSK 6,动,2,液体一滴一滴地落下（不及物动）,چکیدن؛ چکه کردن (فعل ناگذر),不及物动,فعل ناگذر,往下滴 (wǎng xià dī) | 滴个不停 (dī ge bù tíng) | 从屋顶滴下来 (cóng wūdǐng dī xiàlái),雨水从屋檐上不停地往下滴。,Yǔshuǐ cóng wūyán shàng bù tíng de wǎng xià dī.,آب باران بی‌وقفه از لبهٔ بام می‌چکد.,
284,滴,dī,HSK 6,动,3,使液体一滴一滴地落下（及物动）,چکاندن (فعل گذرا),及物动,فعل گذرا,滴眼药水 (dī yǎnyàoshuǐ) | 滴几滴油 (dī jǐ dī yóu) | 往杯里滴 (wǎng bēi lǐ dī),请在每只眼睛里滴两滴眼药水。,Qǐng zài měi zhī yǎnjing lǐ dī liǎng dī yǎnyàoshuǐ.,لطفاً در هر چشم دو قطره داروی چشمی بچکانید.,
285,电饭锅,diàn fàn guō,HSK 6,名,1,用电加热、主要用于煮米饭的锅（名）,پلوپز برقی (اسم),名,اسم,智能电饭锅 (zhìnéng diànfànguō) | 用电饭锅煮饭 (yòng diànfànguō zhǔfàn) | 买新电饭锅 (mǎi xīn diànfànguō),我每天都用电饭锅煮饭。,Wǒ měitiān dōu yòng diànfànguō zhǔfàn.,من هر روز با پلوپز برقی برنج می‌پزم.,
286,点击,diǎn jī,HSK 6,动,1,用鼠标或手指选择、打开屏幕上的按钮、链接、图标等（及物动）,کلیک یا لمس کردن (فعل گذرا),及物动,فعل گذرا,点击链接 (diǎnjī liànjiē) | 点击图标 (diǎnjī túbiāo) | 点击确认按钮 (diǎnjī quèrèn ànniǔ),请点击“确定”按钮。,Qǐng diǎnjī “quèdìng” ànniǔ.,لطفاً روی دکمهٔ «تأیید» کلیک کنید.,
287,电力,diàn lì,HSK 6,名,1,用来产生动力、照明等的电能，也指供电能力（名）,برق؛ نیروی برق (اسم),名,اسم,电力系统 (diànlì xìtǒng) | 电力供应 (diànlì gōngyìng) | 电力资源 (diànlì zīyuán),当地的电力供应已经恢复正常。,Dāngdì de diànlì gōngyìng yǐjīng huīfù zhèngcháng.,تأمین برق منطقه به حالت عادی بازگشته است.,
288,典礼,diǎn lǐ,HSK 6,名,1,为重要事情隆重举行的正式仪式（名）,مراسم رسمی؛ آیین (اسم),名,اسم,开幕典礼 (kāimù diǎnlǐ) | 毕业典礼 (bìyè diǎnlǐ) | 举行典礼 (jǔxíng diǎnlǐ),毕业典礼将在明天举行。,Bìyè diǎnlǐ jiāng zài míngtiān jǔxíng.,مراسم فارغ‌التحصیلی فردا برگزار خواهد شد.,
289,店铺,diàn pù,HSK 6,名,1,出售商品或提供服务的实体或网络经营场所（名）,مغازه؛ فروشگاه حضوری یا آنلاین (اسم),名,اسم,临街店铺 (línjiē diànpù) | 经营店铺 (jīngyíng diànpù) | 进入店铺 (jìnrù diànpù),她在网上经营一家服装店铺。,Tā zài wǎngshàng jīngyíng yì jiā fúzhuāng diànpù.,او یک فروشگاه اینترنتی لباس را اداره می‌کند.,
290,点燃,diǎn rán,HSK 6,动,1,使物体燃烧起来（及物动）,روشن کردن؛ آتش زدن (فعل گذرا),及物动,فعل گذرا,点燃蜡烛 (diǎnrán làzhú) | 点燃火把 (diǎnrán huǒbǎ) | 点燃篝火 (diǎnrán gōuhuǒ),他点燃了一支蜡烛。,Tā diǎnrán le yì zhī làzhú.,او یک شمع روشن کرد.,
290,点燃,diǎn rán,HSK 6,动,2,比喻激发热情、希望、激情等强烈情感（及物动）,برانگیختن؛ شعله‌ور کردن (فعل گذرا),及物动,فعل گذرا,点燃希望 (diǎnrán xīwàng) | 点燃激情 (diǎnrán jīqíng) | 点燃梦想 (diǎnrán mèngxiǎng),这场比赛点燃了大家的热情。,Zhè chǎng bǐsài diǎnrán le dàjiā de rèqíng.,این مسابقه شور و اشتیاق همه را برانگیخت.,
291,典型,diǎn xíng,HSK 6,名、形,1,具有代表性、可以作为同类事物代表的人或事物（名）,نمونه یا الگوی شاخص (اسم),名,اسم,先进典型 (xiānjìn diǎnxíng) | 树立典型 (shùlì diǎnxíng) | 作为典型 (zuòwéi diǎnxíng),他是青年创业者中的先进典型。,Tā shì qīngnián chuàngyèzhě zhōng de xiānjìn diǎnxíng.,او نمونه‌ای شاخص در میان کارآفرینان جوان است.,
291,典型,diǎn xíng,HSK 6,名、形,2,具有鲜明的代表性，能够反映同类事物的特点（形）,شاخص؛ نمایندهٔ نوع خود (صفت),形,صفت,典型特征 (diǎnxíng tèzhēng) | 典型案例 (diǎnxíng ànlì) | 典型错误 (diǎnxíng cuòwù),这是典型的南方建筑。,Zhè shì diǎnxíng de nánfāng jiànzhù.,این نمونه‌ای شاخص از معماری جنوب چین است.,
292,电源,diàn yuán,HSK 6,名,1,提供电能的设备、装置或供电来源（名）,منبع برق؛ منبع تغذیه (اسم),名,اسم,接通电源 (jiētōng diànyuán) | 切断电源 (qiēduàn diànyuán) | 电源开关 (diànyuán kāiguān),维修设备前请先切断电源。,Wéixiū shèbèi qián qǐng xiān qiēduàn diànyuán.,پیش از تعمیر دستگاه، ابتدا برق را قطع کنید.,
293,吊,diào,HSK 6,动,1,使物体悬挂在高处或空中（及物动）,آویزان کردن؛ آویختن (فعل گذرا),及物动,فعل گذرا,吊在空中 (diào zài kōngzhōng) | 吊着一盏灯 (diàozhe yì zhǎn dēng) | 把篮子吊起来 (bǎ lánzi diào qǐlái),天花板上吊着一盏灯。,Tiānhuābǎn shàng diàozhe yì zhǎn dēng.,چراغی از سقف آویزان است.,
293,吊,diào,HSK 6,动,2,用绳索、起重机等把重物向上提起或运送（及物动）,با طناب یا جرثقیل بالا کشیدن (فعل گذرا),及物动,فعل گذرا,吊起重物 (diàoqǐ zhòngwù) | 吊到楼顶 (diào dào lóudǐng) | 用绳子吊上来 (yòng shéngzi diào shànglái),工人用起重机把设备吊了起来。,Gōngrén yòng qǐzhòngjī bǎ shèbèi diào le qǐlái.,کارگران تجهیزات را با جرثقیل بالا کشیدند.,
294,调动,diào dòng,HSK 6,动、名,1,改变工作人员的岗位、单位或工作地点（及物动）,محل یا سمت کاری کسی را تغییر دادن (فعل گذرا),及物动,فعل گذرا,被调动到外地 (bèi diàodòng dào wàidì) | 调动到新岗位 (diàodòng dào xīn gǎngwèi) | 从总部调动到分公司 (cóng zǒngbù diàodòng dào fēngōngsī),他因工作需要被调动到北京分公司。,Tā yīn gōngzuò xūyào bèi diàodòng dào Běijīng fēngōngsī.,او به‌دلیل نیاز کاری به شعبهٔ پکن منتقل شد.,
294,调动,diào dòng,HSK 6,动、名,2,组织并使用兵力、人力、物资、资源等（及物动）,بسیج و به کار گرفتن (فعل گذرا),及物动,فعل گذرا,调动兵力 (diàodòng bīnglì) | 调动资源 (diàodòng zīyuán) | 调动各方力量 (diàodòng gèfāng lìliang),公司调动了大量资源来完成这个项目。,Gōngsī diàodòng le dàliàng zīyuán lái wánchéng zhège xiàngmù.,شرکت منابع زیادی را برای تکمیل این پروژه به کار گرفت.,
294,调动,diào dòng,HSK 6,动、名,3,激发人的积极性、热情等（及物动）,انگیزه یا اشتیاق را برانگیختن (فعل گذرا),及物动,فعل گذرا,调动积极性 (diàodòng jījíxìng) | 调动工作热情 (diàodòng gōngzuò rèqíng) | 充分调动员工积极性 (chōngfèn diàodòng yuángōng jījíxìng),老师努力调动学生的学习积极性。,Lǎoshī nǔlì diàodòng xuéshēng de xuéxí jījíxìng.,معلم تلاش می‌کند انگیزهٔ دانش‌آموزان را برای یادگیری بالا ببرد.,
294,调动,diào dòng,HSK 6,动、名,4,工作人员在岗位、单位或工作地点上的变动（名）,انتقال شغلی (اسم),名,اسم,工作调动 (gōngzuò diàodòng) | 人事调动 (rénshì diàodòng) | 申请调动 (shēnqǐng diàodòng),他的工作调动申请已经获得批准。,Tā de gōngzuò diàodòng shēnqǐng yǐjīng huòdé pīzhǔn.,درخواست انتقال شغلی او تأیید شده است.,
295,钓鱼,diào yú,HSK 6,动,1,用鱼钩、鱼线和鱼饵捕鱼（不及物动）,ماهیگیری کردن (فعل ناگذر),不及物动,فعل ناگذر,去钓鱼 (qù diàoyú) | 在河边钓鱼 (zài hébiān diàoyú) | 一起钓鱼 (yìqǐ diàoyú),周末我们一起去钓鱼。,Zhōumò wǒmen yìqǐ qù diàoyú.,آخر هفته با هم به ماهیگیری می‌رویم.,
296,抵达,dǐ dá,HSK 6,动,1,到达某个目的地，多用于较正式的场合（及物动）,به مقصد رسیدن (فعل گذرا),及物动,فعل گذرا,抵达机场 (dǐdá jīchǎng) | 抵达现场 (dǐdá xiànchǎng) | 顺利抵达 (shùnlì dǐdá),飞机已经抵达北京。,Fēijī yǐjīng dǐdá Běijīng.,هواپیما به پکن رسیده است.,
297,地道,dì dao,HSK 6,形,1,事物真正来自某地或保持原有特点，纯正、正宗（形）,اصیل؛ محلی و اصل (صفت),形,صفت,地道的北京话 (dìdao de Běijīnghuà) | 地道的当地菜 (dìdao de dāngdì cài) | 味道很地道 (wèidào hěn dìdao),这家饭店的北京烤鸭很地道。,Zhè jiā fàndiàn de Běijīng kǎoyā hěn dìdao.,اردک پکنی این رستوران کاملاً اصیل است.,
297,地道,dì dao,HSK 6,形,2,为人诚实厚道，或做事公道、令人满意，多用于口语（形）,باانصاف؛ درستکار (صفت),形,صفت,人很地道 (rén hěn dìdao) | 做事地道 (zuòshì dìdao) | 买卖做得地道 (mǎimai zuò de dìdao),这位老板做生意很地道。,Zhè wèi lǎobǎn zuò shēngyi hěn dìdao.,این مغازه‌دار در کارش بسیار باانصاف است.,
297,地道,dì dào,HSK 6,名,3,在地下挖掘的通道（名）,تونل؛ گذرگاه زیرزمینی (اسم),名,اسم,挖地道 (wā dìdào) | 一条地道 (yì tiáo dìdào) | 穿过地道 (chuānguò dìdào),他们挖了一条通往城外的地道。,Tāmen wā le yì tiáo tōngwǎng chéngwài de dìdào.,آن‌ها تونلی به بیرون شهر حفر کردند.,
298,跌,diē,HSK 6,动,1,身体失去平衡而摔下或落下（不及物动）,افتادن؛ زمین خوردن (فعل ناگذر),不及物动,فعل ناگذر,跌了一跤 (diē le yì jiāo) | 跌下楼梯 (diē xià lóutī) | 跌进水里 (diē jìn shuǐ lǐ),孩子不小心跌了一跤。,Háizi bù xiǎoxīn diē le yì jiāo.,کودک ناخواسته زمین خورد.,
298,跌,diē,HSK 6,动,2,价格、数量、水平等下降（不及物动）,افت کردن؛ کاهش یافتن (فعل ناگذر),不及物动,فعل ناگذر,价格大跌 (jiàgé dàdiē) | 跌到低点 (diē dào dīdiǎn) | 跌得很快 (diē de hěn kuài),油价最近跌了不少。,Yóujià zuìjìn diē le bùshǎo.,قیمت نفت اخیراً به میزان زیادی کاهش یافته است.,
299,抵抗,dǐ kàng,HSK 6,动、名,1,用力量阻止、反抗外来的攻击、压力或不利因素（及物动）,مقاومت کردن در برابر؛ مقابله کردن با (فعل گذرا),及物动,فعل گذرا,抵抗侵略 (dǐkàng qīnlüè) | 抵抗敌人 (dǐkàng dírén) | 抵抗寒冷 (dǐkàng hánlěng),他们奋力抵抗敌人的进攻。,Tāmen fènlì dǐkàng dírén de jìngōng.,آن‌ها با تمام توان در برابر حملهٔ دشمن مقاومت کردند.,
299,抵抗,dǐ kàng,HSK 6,动、名,2,阻止、反抗外来攻击或压力的行为（名）,مقاومت؛ ایستادگی (اسم),名,اسم,武装抵抗 (wǔzhuāng dǐkàng) | 进行抵抗 (jìnxíng dǐkàng) | 顽强抵抗 (wánqiáng dǐkàng),敌人遇到了顽强的抵抗。,Dírén yùdào le wánqiáng de dǐkàng.,دشمن با مقاومتی سرسختانه روبه‌رو شد.,
300,顶,dǐng,HSK 6,名、动、副、量,1,物体最高、最上面的部分（名）,بالاترین قسمت؛ بالای چیزی (اسم),名,اسم,柜子顶上 (guìzi dǐng shàng) | 从底到顶 (cóng dǐ dào dǐng) | 顶上积满灰尘 (dǐng shàng jīmǎn huīchén),柜子顶上积了很多灰尘。,Guìzi dǐng shàng jī le hěnduō huīchén.,روی قسمت بالایی کمد گردوغبار زیادی جمع شده است.,
300,顶,dǐng,HSK 6,名、动、副、量,2,从下面支撑、托起或抵住某物（及物动）,از زیر نگه داشتن؛ تکیه دادن (فعل گذرا),及物动,فعل گذرا,柱子顶着横梁 (zhùzi dǐngzhe héngliáng) | 用木棍顶住门 (yòng mùgùn dǐngzhù mén) | 把石板顶起来 (bǎ shíbǎn dǐng qǐlái),他用肩膀顶住了门。,Tā yòng jiānbǎng dǐngzhù le mén.,او با شانه‌اش در را نگه داشت.,
300,顶,dǐng,HSK 6,名、动、副、量,3,用头、角等用力撞击或推动（及物动）,با سر یا شاخ زدن (فعل گذرا),及物动,فعل گذرا,用头顶球 (yòng tóu dǐng qiú) | 牛用角顶人 (niú yòng jiǎo dǐng rén) | 顶了一下 (dǐng le yíxià),公牛突然用角顶了他一下。,Gōngniú tūrán yòng jiǎo dǐng le tā yíxià.,گاو نر ناگهان با شاخش به او زد.,
300,顶,dǐng,HSK 6,名、动、副、量,4,迎着压力、困难、风雨等坚持或抵挡（及物动）,تحمل کردن؛ مقاومت کردن در برابر (فعل گذرا),及物动,فعل گذرا,顶着压力 (dǐngzhe yālì) | 顶风前进 (dǐng fēng qiánjìn) | 再顶一会儿 (zài dǐng yíhuìr),他顶着很大的压力完成了任务。,Tā dǐngzhe hěn dà de yālì wánchéng le rènwu.,او با تحمل فشار زیادی کار را به پایان رساند.,
300,顶,dǐng,HSK 6,名、动、副、量,5,反驳或当面反对别人，多用于口语（及物动）,جواب پس دادن؛ مخالفت کردن (فعل گذرا),及物动,فعل گذرا,顶了几句 (dǐng le jǐ jù) | 当面顶他 (dāngmiàn dǐng tā) | 总爱跟父母顶 (zǒng ài gēn fùmǔ dǐng),父亲说一句，他就顶一句。,"Fùqin shuō yí jù, tā jiù dǐng yí jù.",پدرش هرچه می‌گوید، او جوابش را پس می‌دهد.,
300,顶,dǐng,HSK 6,名、动、副、量,6,暂时代替别人承担工作或责任，多用于口语（动）,موقتاً جای کسی را گرفتن (فعل),动,فعل,帮我顶一下 (bāng wǒ dǐng yíxià) | 临时顶几天 (línshí dǐng jǐ tiān) | 由他先顶着 (yóu tā xiān dǐngzhe),我出去一会儿，你先帮我顶一下。,"Wǒ chūqù yíhuìr, nǐ xiān bāng wǒ dǐng yíxià.",من کمی بیرون می‌روم؛ فعلاً جایم را بگیر.,
300,顶,dǐng,HSK 6,名、动、副、量,7,在数量、作用或价值上相当于、抵得上（及物动）,برابری کردن با؛ به اندازهٔ چیزی بودن (فعل گذرا),及物动,فعل گذرا,一个顶两个 (yí ge dǐng liǎng ge) | 一台顶三个人 (yì tái dǐng sān ge rén) | 顶半个月工资 (dǐng bàn ge yuè gōngzī),这台新机器一台能顶三个人。,Zhè tái xīn jīqì yì tái néng dǐng sān ge rén.,یک دستگاه از این ماشین جدید به اندازهٔ سه نفر کار می‌کند.,
300,顶,dǐng,HSK 6,名、动、副、量,8,表示程度最高，相当于“很、最”，多用于口语（副）,بسیار؛ فوق‌العاده (قید),副,قید,顶好 (dǐng hǎo) | 顶重要 (dǐng zhòngyào) | 顶有意思 (dǐng yǒuyìsi),这个主意顶好。,Zhège zhǔyi dǐng hǎo.,این فکر واقعاً عالی است.,
300,顶,dǐng,HSK 6,名、动、副、量,9,用于有顶部的物品，如帽子、帐篷、蚊帐等（量）,واحد شمارش کلاه، چادر و مانند آن (واحد شمارش),量,واحد شمارش,一顶帽子 (yì dǐng màozi) | 一顶帐篷 (yì dǐng zhàngpeng) | 两顶草帽 (liǎng dǐng cǎomào),他买了一顶新帽子。,Tā mǎi le yì dǐng xīn màozi.,او یک کلاه جدید خرید.,
300,顶,dǐng,HSK 6,名、动、副、量,10,在网络论坛或社交平台上表示支持，或使帖子重新回到较显眼的位置（及物动）,در اینترنت از پستی حمایت کردن یا آن را بالاتر آوردن (فعل گذرا),及物动,فعل گذرا,顶帖子 (dǐng tiězi) | 帮忙顶一下 (bāngmáng dǐng yíxià) | 把帖子顶上去 (bǎ tiězi dǐng shàngqù),如果你同意，就帮我顶一下这个帖子。,"Rúguǒ nǐ tóngyì, jiù bāng wǒ dǐng yíxià zhège tiězi.",اگر موافقی، از این پست اینترنتی حمایت کن تا بیشتر دیده شود.,
301,订单,dìng dān,HSK 6,名,1,订购商品或服务的记录、凭证或要求（名）,سفارش؛ سفارش خرید (اسم),名,اسم,客户订单 (kèhù dìngdān) | 确认订单 (quèrèn dìngdān) | 取消订单 (qǔxiāo dìngdān),我们今天收到了很多订单。,Wǒmen jīntiān shōudào le hěnduō dìngdān.,امروز سفارش‌های زیادی دریافت کردیم.,
302,订婚,dìng hūn,HSK 6,动,1,男女双方正式约定将来结婚（不及物动）,نامزد شدن (فعل ناگذر),不及物动,فعل ناگذر,和男友订婚 (hé nányǒu dìnghūn) | 正式订婚 (zhèngshì dìnghūn) | 已经订婚 (yǐjīng dìnghūn),他们已经订婚了。,Tāmen yǐjīng dìnghūn le.,آن‌ها نامزد شده‌اند.,
303,定价,dìng jià,HSK 6,动、名,1,确定商品或服务的价格（及物动）,قیمت‌گذاری کردن (فعل گذرا),及物动,فعل گذرا,给产品定价 (gěi chǎnpǐn dìngjià) | 合理定价 (hélǐ dìngjià) | 重新定价 (chóngxīn dìngjià),公司根据成本为产品定价。,Gōngsī gēnjù chéngběn wèi chǎnpǐn dìngjià.,شرکت محصول را بر اساس هزینه‌ها قیمت‌گذاری می‌کند.,
303,定价,dìng jià,HSK 6,动、名,2,为商品或服务确定的价格，也可指价格的确定方式（名）,قیمت تعیین‌شده؛ قیمت‌گذاری (اسم),名,اسم,产品定价 (chǎnpǐn dìngjià) | 最终定价 (zuìzhōng dìngjià) | 定价策略 (dìngjià cèlüè),产品的最终定价已经公布。,Chǎnpǐn de zuìzhōng dìngjià yǐjīng gōngbù.,قیمت نهایی محصول اعلام شده است.,
304,定时,dìng shí,HSK 6,动、形、副,1,预先设定设备运行或停止的时间（及物动）,زمان را تنظیم کردن؛ تایمر گذاشتن (فعل گذرا),及物动,فعل گذرا,给设备定时 (gěi shèbèi dìngshí) | 定时两小时 (dìngshí liǎng xiǎoshí) | 提前定好时间 (tíqián dìng hǎo shíjiān),我把空调定时了两个小时。,Wǒ bǎ kōngtiáo dìngshí le liǎng ge xiǎoshí.,تایمر کولر را روی دو ساعت تنظیم کردم.,
304,定时,dìng shí,HSK 6,动、形、副,2,按照固定或预先设定的时间（副）,در زمان مشخص؛ به‌طور منظم (قید),副,قید,定时服药 (dìngshí fúyào) | 定时检查 (dìngshí jiǎnchá) | 定时发送 (dìngshí fāsòng),病人需要每天定时服药。,Bìngrén xūyào měitiān dìngshí fúyào.,بیمار باید هر روز در زمان‌های مشخص دارو مصرف کند.,
304,定时,dìng shí,HSK 6,动、形、副,3,在预先设定的时间自动启动、停止或发生的（形）,زمان‌دار؛ زمان‌بندی‌شده (صفت),形,صفت,定时任务 (dìngshí rènwu) | 定时开关 (dìngshí kāiguān) | 定时炸弹 (dìngshí zhàdàn),系统会自动执行定时任务。,Xìtǒng huì zìdòng zhíxíng dìngshí rènwu.,سامانه وظایف زمان‌بندی‌شده را خودکار اجرا می‌کند.,
305,定位,dìng wèi,HSK 6,动、名,1,利用技术或其他方法确定人或物所在的位置（及物动）,مکان‌یابی کردن؛ موقعیت را تعیین کردن (فعل گذرا),及物动,فعل گذرا,精准定位车辆 (jīngzhǔn dìngwèi chēliàng) | 自动定位 (zìdòng dìngwèi) | 无法定位目标 (wúfǎ dìngwèi mùbiāo),卫星可以准确定位车辆的位置。,Wèixīng kěyǐ zhǔnquè dìngwèi chēliàng de wèizhi.,ماهواره می‌تواند موقعیت خودرو را به‌دقت تعیین کند.,
305,定位,dìng wèi,HSK 6,动、名,2,确定位置的功能或由此获得的位置信息（名）,موقعیت مکانی؛ قابلیت مکان‌یابی (اسم),名,اسم,打开定位 (dǎkāi dìngwèi) | 发送定位 (fāsòng dìngwèi) | 定位信息 (dìngwèi xìnxī),请把你的定位发给我。,Qǐng bǎ nǐ de dìngwèi fā gěi wǒ.,لطفاً موقعیت مکانی‌ات را برایم بفرست.,
305,定位,dìng wèi,HSK 6,动、名,3,确定事物的性质、发展方向、服务对象或市场位置（及物动）,جایگاه یا جهت را تعیین کردن (فعل گذرا),及物动,فعل گذرا,给品牌定位 (gěi pǐnpái dìngwèi) | 重新定位产品 (chóngxīn dìngwèi chǎnpǐn) | 将角色定位为顾问 (jiāng juésè dìngwèi wéi gùwèn),公司把这款产品定位为高端产品。,Gōngsī bǎ zhè kuǎn chǎnpǐn dìngwèi wéi gāoduān chǎnpǐn.,شرکت این محصول را در ردهٔ محصولات گران‌رده قرار داده است.,
305,定位,dìng wèi,HSK 6,动、名,4,事物被确定的性质、方向、角色或市场位置（名）,جایگاه؛ موقعیت‌گذاری (اسم),名,اسم,市场定位 (shìchǎng dìngwèi) | 品牌定位 (pǐnpái dìngwèi) | 定位明确 (dìngwèi míngquè),公司的市场定位非常明确。,Gōngsī de shìchǎng dìngwèi fēicháng míngquè.,جایگاه شرکت در بازار کاملاً مشخص است.,
306,定义,dìng yì,HSK 6,动、名,1,明确说明概念的含义或事物的性质、范围（及物动）,تعریف کردن (فعل گذرا),及物动,فعل گذرا,定义概念 (dìngyì gàiniàn) | 重新定义 (chóngxīn dìngyì) | 定义变量 (dìngyì biànliàng),请先定义这个概念。,Qǐng xiān dìngyì zhège gàiniàn.,لطفاً ابتدا این مفهوم را تعریف کنید.,
306,定义,dìng yì,HSK 6,动、名,2,对概念含义或事物性质、范围的明确说明（名）,تعریف (اسم),名,اسم,科学定义 (kēxué dìngyì) | 准确定义 (zhǔnquè dìngyì) | 下定义 (xià dìngyì),这个定义非常准确。,Zhège dìngyì fēicháng zhǔnquè.,این تعریف بسیار دقیق است.,
307,定制,dìng zhì,HSK 6,动,1,按照个人或客户的具体要求专门制作（及物动）,سفارشی ساختن؛ سفارشی‌سازی کردن (فعل گذرا),及物动,فعل گذرا,定制产品 (dìngzhì chǎnpǐn) | 定制服装 (dìngzhì fúzhuāng) | 为客户定制 (wèi kèhù dìngzhì),这件西装是专门为他定制的。,Zhè jiàn xīzhuāng shì zhuānmén wèi tā dìngzhì de.,این کت‌وشلوار مخصوص او دوخته شده است.,
308,低碳,dī tàn,HSK 6,形,1,在生产、生活等过程中温室气体排放较少的（形）,کم‌کربن (صفت),形,صفت,低碳生活 (dītàn shēnghuó) | 低碳经济 (dītàn jīngjì) | 低碳发展 (dītàn fāzhǎn),我们应该提倡低碳生活。,Wǒmen yīnggāi tíchàng dītàn shēnghuó.,باید سبک زندگی کم‌کربن را ترویج کنیم.,
309,地形,dì xíng,HSK 6,名,1,地表高低起伏及山地、平原、河谷等的形态（名）,عوارض زمین؛ پستی‌وبلندی‌ها و شکل سطح زمین (اسم),名,اسم,地形复杂 (dìxíng fùzá) | 平坦地形 (píngtǎn dìxíng) | 熟悉地形 (shúxī dìxíng),这里的地形很复杂。,Zhèlǐ de dìxíng hěn fùzá.,عوارض زمین در اینجا بسیار پیچیده است.,
310,地域,dì yù,HSK 6,名,1,具有一定界限或特征的地理区域，多用于书面语（名）,منطقه؛ ناحیهٔ جغرافیایی (اسم),名,اسم,不同地域 (bùtóng dìyù) | 地域差异 (dìyù chāyì) | 跨越地域 (kuàyuè dìyù),不同地域有不同的文化传统。,Bùtóng dìyù yǒu bùtóng de wénhuà chuántǒng.,مناطق مختلف سنت‌های فرهنگی متفاوتی دارند.,
311,地质,dì zhì,HSK 6,名,1,地壳的物质组成、构造、形成和演变等特征（名）,ساختار و ویژگی‌های زمین‌شناختی (اسم),名,اسم,地质调查 (dìzhì diàochá) | 地质结构 (dìzhì jiégòu) | 地质条件 (dìzhì tiáojiàn),这里的地质条件比较特殊。,Zhèlǐ de dìzhì tiáojiàn bǐjiào tèshū.,شرایط زمین‌شناختی این منطقه نسبتاً خاص است.,
312,栋,dòng,HSK 6,量,1,用于计算房屋、楼房等建筑物（量）,واحد شمارش ساختمان (واحد شمارش),量,واحد شمارش,一栋楼 (yí dòng lóu) | 一栋房子 (yí dòng fángzi) | 两栋别墅 (liǎng dòng biéshù),学校新建了一栋教学楼。,Xuéxiào xīnjiàn le yí dòng jiàoxuélóu.,مدرسه یک ساختمان آموزشی جدید ساخته است.,
313,动机,dòng jī,HSK 6,名,1,促使人采取某种行为的内在原因或目的（名）,انگیزه (اسم),名,اسم,犯罪动机 (fànzuì dòngjī) | 真正动机 (zhēnzhèng dòngjī) | 动机不明 (dòngjī bù míng),他的真实动机值得怀疑。,Tā de zhēnshí dòngjī zhídé huáiyí.,انگیزهٔ واقعی او جای تردید دارد.,
314,动力,dòng lì,HSK 6,名,1,推动事物发展或促使人采取行动的力量（名）,نیروی محرک؛ انگیزه (اسم),名,اسم,发展动力 (fāzhǎn dònglì) | 学习动力 (xuéxí dònglì) | 缺乏动力 (quēfá dònglì),科技创新是经济发展的重要动力。,Kējì chuàngxīn shì jīngjì fāzhǎn de zhòngyào dònglì.,نوآوری علمی و فناوری نیروی محرک مهمی برای توسعهٔ اقتصادی است.,
314,动力,dòng lì,HSK 6,名,2,使机械、车辆等运行的能量或力量（名）,نیروی محرکه؛ توان (اسم),名,اسم,动力系统 (dònglì xìtǒng) | 动力不足 (dònglì bùzú) | 提供动力 (tígōng dònglì),这台机器的动力很强。,Zhè tái jīqì de dònglì hěn qiáng.,این دستگاه نیروی محرکهٔ زیادی دارد.,
315,动漫,dòng màn,HSK 6,名,1,动画和漫画的统称（名）,پویانمایی و کمیک (اسم),名,اسم,动漫产业 (dòngmàn chǎnyè) | 动漫作品 (dòngmàn zuòpǐn) | 动漫人物 (dòngmàn rénwù),他非常喜欢日本动漫。,Tā fēicháng xǐhuan Rìběn dòngmàn.,او علاقهٔ زیادی به انیمه و مانگای ژاپنی دارد.,
316,动态,dòng tài,HSK 6,名、形,1,事物发展、变化的情况或最新进展（名）,تحولات؛ آخرین وضعیت (اسم),名,اسم,最新动态 (zuìxīn dòngtài) | 市场动态 (shìchǎng dòngtài) | 行业动态 (hángyè dòngtài),请及时关注事情的最新动态。,Qǐng jíshí guānzhù shìqing de zuìxīn dòngtài.,لطفاً آخرین تحولات ماجرا را دنبال کنید.,
316,动态,dòng tài,HSK 6,名、形,2,处于变化之中，或根据情况变化而调整的（形）,پویا؛ متغیر (صفت),形,صفت,动态管理 (dòngtài guǎnlǐ) | 动态调整 (dòngtài tiáozhěng) | 动态平衡 (dòngtài pínghéng),公司会根据市场变化进行动态调整。,Gōngsī huì gēnjù shìchǎng biànhuà jìnxíng dòngtài tiáozhěng.,شرکت متناسب با تغییرات بازار، تنظیمات پویایی انجام می‌دهد.,
316,动态,dòng tài,HSK 6,名、形,3,用户在社交平台的个人页面或动态信息流中发布的文字、图片、视频等内容（名）,محتوای تازهٔ صفحهٔ کاربر؛ پست در شبکه‌های اجتماعی (اسم),名,اسم,发布动态 (fābù dòngtài) | 查看好友动态 (chákàn hǎoyǒu dòngtài) | 一条最新动态 (yì tiáo zuìxīn dòngtài),她刚刚在社交平台上发布了一条动态。,Tā gānggāng zài shèjiāo píngtái shàng fābù le yì tiáo dòngtài.,او همین حالا محتوای تازه‌ای در صفحهٔ خود منتشر کرد.,
317,动听,dòng tīng,HSK 6,形,1,声音、音乐或话语听起来优美悦耳（形）,دلنشین؛ گوش‌نواز (صفت),形,صفت,歌声动听 (gēshēng dòngtīng) | 声音动听 (shēngyīn dòngtīng) | 十分动听 (shífēn dòngtīng),她的歌声非常动听。,Tā de gēshēng fēicháng dòngtīng.,صدای آواز او بسیار دلنشین است.,
318,逗,dòu,HSK 6,动、形,1,用言语、动作等使人发笑或感到开心（及物动）,خنداندن؛ سرگرم کردن (فعل گذرا),及物动,فعل گذرا,逗孩子笑 (dòu háizi xiào) | 把大家逗乐 (bǎ dàjiā dòulè) | 逗得他哈哈大笑 (dòu de tā hāhā dàxiào),他讲笑话把大家都逗乐了。,Tā jiǎng xiàohua bǎ dàjiā dōu dòulè le.,او با تعریف کردن لطیفه همه را خنداند.,
318,逗,dòu,HSK 6,动、形,2,故意招引、戏弄人或动物，使其产生反应（及物动）,سر به سر گذاشتن؛ بازی کردن با (فعل گذرا),及物动,فعل گذرا,逗孩子玩 (dòu háizi wán) | 逗猫 (dòu māo) | 别逗他 (bié dòu tā),别逗那只狗，小心它咬你。,"Bié dòu nà zhī gǒu, xiǎoxīn tā yǎo nǐ.",سربه‌سر آن سگ نگذار؛ ممکن است گازت بگیرد.,
318,逗,dòu,HSK 6,动、形,3,有趣、滑稽，使人想笑，多用于口语（形）,بامزه؛ خنده‌دار (صفت),形,صفت,这个人真逗 (zhège rén zhēn dòu) | 太逗了 (tài dòu le) | 说话很逗 (shuōhuà hěn dòu),他说话的样子特别逗。,Tā shuōhuà de yàngzi tèbié dòu.,طرز حرف زدنش خیلی بامزه است.,
319,斗争,dòu zhēng,HSK 6,动、名,1,为战胜敌人、困难或不利因素而进行对抗或努力（不及物动）,مبارزه کردن؛ پیکار کردن (فعل ناگذر),不及物动,فعل ناگذر,同困难斗争 (tóng kùnnan dòuzhēng) | 与疾病斗争 (yǔ jíbìng dòuzhēng) | 斗争到底 (dòuzhēng dàodǐ),他一直在与疾病斗争。,Tā yìzhí zài yǔ jíbìng dòuzhēng.,او همواره با بیماری مبارزه کرده است.,
319,斗争,dòu zhēng,HSK 6,动、名,2,双方相互对抗或为实现目标而奋斗的过程（名）,مبارزه؛ پیکار (اسم),名,اسم,长期斗争 (chángqī dòuzhēng) | 艰苦斗争 (jiānkǔ dòuzhēng) | 政治斗争 (zhèngzhì dòuzhēng),这是一场长期而艰苦的斗争。,Zhè shì yì chǎng chángqī ér jiānkǔ de dòuzhēng.,این مبارزه‌ای طولانی و دشوار است.,
320,毒,dú,HSK 6,名、形、动,1,能够使人或生物中毒、受伤或死亡的物质（名）,سم؛ مادهٔ سمی (اسم),名,اسم,蛇的毒 (shé de dú) | 体内的毒 (tǐnèi de dú) | 毒进入血液 (dú jìnrù xuèyè),这种植物的毒可能危及生命。,Zhè zhǒng zhíwù de dú kěnéng wēijí shēngmìng.,سم این گیاه ممکن است جان انسان را به خطر بیندازد.,
320,毒,dú,HSK 6,名、形、动,2,含有能使人或生物中毒、受伤或死亡的物质（形）,سمی (صفت),形,صفت,这种蛇很毒 (zhè zhǒng shé hěn dú) | 毒得厉害 (dú de lìhai) | 又毒又危险 (yòu dú yòu wēixiǎn),这种蛇非常毒。,Zhè zhǒng shé fēicháng dú.,این مار بسیار سمی است.,
320,毒,dú,HSK 6,名、形、动,3,心肠或手段狠毒、残忍；言语尖刻、伤人（形）,بی‌رحم؛ نیش‌دار و زهرآگین (صفت),形,صفت,心肠很毒 (xīncháng hěn dú) | 手段太毒 (shǒuduàn tài dú) | 嘴真毒 (zuǐ zhēn dú),他嘴很毒，说话总让人难受。,"Tā zuǐ hěn dú, shuōhuà zǒng ràng rén nánshòu.",زبانش خیلی نیش‌دار است و حرف‌هایش همیشه دیگران را می‌رنجاند.,
320,毒,dú,HSK 6,名、形、动,4,阳光或日头强烈、灼热，使人感到难受（形）,سوزان و آزاردهنده (صفت),形,صفت,太阳很毒 (tàiyáng hěn dú) | 阳光太毒 (yángguāng tài dú) | 日头正毒 (rìtou zhèng dú),中午的太阳太毒了，最好别出门。,"Zhōngwǔ de tàiyáng tài dú le, zuìhǎo bié chūmén.",آفتاب ظهر خیلی سوزان و آزاردهنده است؛ بهتر است بیرون نروی.,
320,毒,dú,HSK 6,名、形、动,5,用有毒物质使人或动物中毒、受伤或死亡（及物动）,مسموم کردن؛ سم دادن (فعل گذرا),及物动,فعل گذرا,用药毒老鼠 (yòng yào dú lǎoshǔ) | 毒死害虫 (dúsǐ hàichóng) | 差点儿毒死他 (chàdiǎnr dúsǐ tā),有人用毒药毒死了那些老鼠。,Yǒurén yòng dúyào dúsǐ le nàxiē lǎoshǔ.,کسی آن موش‌ها را با سم کشت.,
321,渡,dù,HSK 6,动,1,横过江、河、湖、海等水面（及物动）,از رودخانه یا پهنهٔ آب عبور کردن (فعل گذرا),及物动,فعل گذرا,乘船渡河 (chéng chuán dù hé) | 渡江而过 (dù jiāng ér guò) | 游泳渡海 (yóuyǒng dù hǎi),他们乘船渡过了这条河。,Tāmen chéng chuán dùguo le zhè tiáo hé.,آن‌ها با قایق از این رودخانه عبور کردند.,
321,渡,dù,HSK 6,动,2,用船把人或物送过水面（及物动）,با قایق به آن سوی آب بردن (فعل گذرا),及物动,فعل گذرا,渡人过河 (dù rén guò hé) | 渡到对岸 (dù dào duì'àn) | 用船渡过去 (yòng chuán dù guòqù),船夫把游客渡到了对岸。,Chuánfū bǎ yóukè dù dào le duì'àn.,قایقران گردشگران را به آن سوی رودخانه برد.,
322,端,duān,HSK 6,名、动,1,物体的一头或一边（名）,سر؛ انتها؛ یک سوی چیزی (اسم),名,اسم,绳子的一端 (shéngzi de yì duān) | 桌子两端 (zhuōzi liǎng duān) | 从一端到另一端 (cóng yì duān dào lìng yì duān),绳子的一端断了。,Shéngzi de yì duān duàn le.,یک سر طناب پاره شد.,
322,端,duān,HSK 6,名、动,2,用手平稳地托着或拿着物品（及物动）,صاف و محکم در دست گرفتن یا بردن (فعل گذرا),及物动,فعل گذرا,端茶 (duān chá) | 端盘子 (duān pánzi) | 双手端着 (shuāngshǒu duānzhe),他端着一杯茶走了过来。,Tā duānzhe yì bēi chá zǒu le guòlái.,او با یک فنجان چای در دست به طرف ما آمد.,
322,端,duān,HSK 6,名、动,3,彻底捣毁或清除某个据点、团伙等，多用于口语（及物动）,بساط جایی یا گروهی را جمع کردن (فعل گذرا),及物动,فعل گذرا,端掉窝点 (duāndiào wōdiǎn) | 把老巢端了 (bǎ lǎocháo duān le) | 整个团伙被端 (zhěnggè tuánhuǒ bèi duān),警方把诈骗团伙的窝点端了。,Jǐngfāng bǎ zhàpiàn tuánhuǒ de wōdiǎn duān le.,پلیس بساط مخفیگاه گروه کلاهبرداری را جمع کرد.,
323,短缺,duǎn quē,HSK 6,动、名,1,数量不足，不能满足需要（动）,کمبود داشتن (فعل),动,فعل,短缺饮用水 (duǎnquē yǐnyòngshuǐ) | 严重短缺 (yánzhòng duǎnquē) | 长期短缺资金 (chángqī duǎnquē zījīn),当地严重短缺饮用水。,Dāngdì yánzhòng duǎnquē yǐnyòngshuǐ.,آن منطقه با کمبود شدید آب آشامیدنی روبه‌روست.,
323,短缺,duǎn quē,HSK 6,动、名,2,数量不足、不能满足需要的情况（名）,کمبود؛ کسری (اسم),名,اسم,劳动力短缺 (láodònglì duǎnquē) | 人才短缺 (réncái duǎnquē) | 缓解资源短缺 (huǎnjiě zīyuán duǎnquē),人才短缺是这个行业面临的现实问题。,Réncái duǎnquē shì zhège hángyè miànlín de xiànshí wèntí.,کمبود نیروی متخصص مشکلی واقعی در این صنعت است.,
324,对称,duì chèn,HSK 6,形,1,图形或物体的两部分在形状、大小、排列等方面彼此对应（形）,متقارن؛ قرینه (صفت),形,صفت,左右对称 (zuǒyòu duìchèn) | 完全对称 (wánquán duìchèn) | 对称结构 (duìchèn jiégòu),这座建筑左右完全对称。,Zhè zuò jiànzhù zuǒyòu wánquán duìchèn.,دو طرف این ساختمان کاملاً متقارن‌اند.,
325,对接,duì jiē,HSK 6,动,1,使两个物体的接口相互连接（动）,به هم متصل کردن یا شدن (فعل),动,فعل,飞船成功对接 (fēichuán chénggōng duìjiē) | 管道对接 (guǎndào duìjiē) | 与空间站对接 (yǔ kōngjiānzhàn duìjiē),飞船已经与空间站成功对接。,Fēichuán yǐjīng yǔ kōngjiānzhàn chénggōng duìjiē.,فضاپیما با موفقیت به ایستگاه فضایی متصل شده است.,
325,对接,duì jiē,HSK 6,动,2,使工作、系统、需求等相互联系、协调或衔接（动）,هماهنگ یا یکپارچه کردن (فعل),动,فعل,系统对接 (xìtǒng duìjiē) | 工作对接 (gōngzuò duìjiē) | 与客户对接 (yǔ kèhù duìjiē),项目负责人正在与客户对接具体需求。,Xiàngmù fùzérén zhèngzài yǔ kèhù duìjiē jùtǐ xūqiú.,مسئول پروژه در حال هماهنگ کردن نیازهای دقیق با مشتری است.,
326,对抗,duì kàng,HSK 6,动、名,1,双方互相抵抗、较量或敌对（不及物动）,مقابله کردن؛ رویاروی شدن (فعل ناگذر),不及物动,فعل ناگذر,与对手对抗 (yǔ duìshǒu duìkàng) | 公开对抗 (gōngkāi duìkàng) | 正面对抗强敌 (zhèngmiàn duìkàng qiángdí),我们的球队将与卫冕冠军正面对抗。,Wǒmen de qiúduì jiāng yǔ wèimiǎn guànjūn zhèngmiàn duìkàng.,تیم ما مستقیماً با قهرمان دورهٔ قبل روبه‌رو خواهد شد.,
326,对抗,duì kàng,HSK 6,动、名,2,双方相互抵抗、较量或敌对的状态和行为（名）,تقابل؛ رویارویی (اسم),名,اسم,军事对抗 (jūnshì duìkàng) | 激烈对抗 (jīliè duìkàng) | 全面对抗 (quánmiàn duìkàng),双方逐渐陷入了全面对抗。,Shuāngfāng zhújiàn xiànrù le quánmiàn duìkàng.,دو طرف به‌تدریج وارد تقابلی همه‌جانبه شدند.,
327,对立,duì lì,HSK 6,动、形、名,1,两种事物互相冲突、排斥或处于敌对状态（不及物动）,در تضاد یا تقابل بودن (فعل ناگذر),不及物动,فعل ناگذر,观点互相对立 (guāndiǎn hùxiāng duìlì) | 利益彼此对立 (lìyì bǐcǐ duìlì) | 与多数人对立 (yǔ duōshù rén duìlì),双方的观点完全对立。,Shuāngfāng de guāndiǎn wánquán duìlì.,دیدگاه‌های دو طرف کاملاً در تضادند.,
327,对立,duì lì,HSK 6,动、形、名,2,彼此相反、冲突或敌对的（形）,متضاد؛ مخالف (صفت),形,صفت,对立观点 (duìlì guāndiǎn) | 对立关系 (duìlì guānxì) | 对立双方 (duìlì shuāngfāng),他们代表着两种对立的观点。,Tāmen dàibiǎozhe liǎng zhǒng duìlì de guāndiǎn.,آن‌ها نمایندهٔ دو دیدگاه متضادند.,
327,对立,duì lì,HSK 6,动、形、名,3,双方相互冲突、排斥或敌对的状态（名）,تضاد؛ تقابل (اسم),名,اسم,形成对立 (xíngchéng duìlì) | 消除对立 (xiāochú duìlì) | 走向对立 (zǒuxiàng duìlì),沟通不足容易导致双方形成对立。,Gōutōng bùzú róngyì dǎozhì shuāngfāng xíngchéng duìlì.,ارتباط ناکافی ممکن است میان دو طرف تقابل ایجاد کند.,
328,对应,duì yìng,HSK 6,动、形,1,两个事物之间存在相配、相符或一一联系的关系（不及物动）,مطابقت داشتن؛ متناظر بودن (فعل ناگذر),不及物动,فعل ناگذر,一一对应 (yīyī duìyìng) | 与编号对应 (yǔ biānhào duìyìng) | 前后对应 (qiánhòu duìyìng),每个号码都对应一个名字。,Měi ge hàomǎ dōu duìyìng yí ge míngzi.,هر شماره با یک نام متناظر است.,
328,对应,duì yìng,HSK 6,动、形,2,与某个人或事物相配、相符或相关联的（形）,متناظر؛ مربوط (صفت),形,صفت,对应位置 (duìyìng wèizhi) | 对应数据 (duìyìng shùjù) | 对应措施 (duìyìng cuòshī),请把数字填在对应的位置。,Qǐng bǎ shùzì tián zài duìyìng de wèizhi.,لطفاً عددها را در محل متناظر وارد کنید.,
329,蹲,dūn,HSK 6,动,1,弯曲双腿，使身体降低，但臀部不着地（不及物动）,چمباتمه زدن (فعل ناگذر),不及物动,فعل ناگذر,蹲在地上 (dūn zài dìshang) | 蹲下来 (dūn xiàlái) | 蹲着休息 (dūnzhe xiūxi),孩子蹲在地上玩。,Háizi dūn zài dìshang wán.,کودک روی زمین چمباتمه زده و بازی می‌کند.,
329,蹲,dūn,HSK 6,动,2,长时间待在某处等候、观察或守着，多用于口语（不及物动）,مدتی در جایی منتظر یا در کمین ماندن (فعل ناگذر),不及物动,فعل ناگذر,在门口蹲了一夜 (zài ménkǒu dūn le yí yè) | 蹲在现场等 (dūn zài xiànchǎng děng) | 连续蹲了几天 (liánxù dūn le jǐ tiān),记者在门口蹲了一整夜。,Jìzhě zài ménkǒu dūn le yì zhěng yè.,خبرنگار تمام شب جلوی در منتظر ماند.,
329,蹲,dūn,HSK 6,动,3,被关在监狱里服刑，多用于口语（及物动）,زندان کشیدن (فعل گذرا),及物动,فعل گذرا,蹲监狱 (dūn jiānyù) | 蹲了三年 (dūn le sān nián) | 蹲过牢 (dūnguo láo),他因盗窃蹲了两年监狱。,Tā yīn dàoqiè dūn le liǎng nián jiānyù.,او به‌دلیل دزدی دو سال زندان کشید.,
330,顿时,dùn shí,HSK 6,副,1,在很短的时间内立刻出现某种情况或变化（副）,ناگهان؛ یکباره (قید),副,قید,顿时安静下来 (dùnshí ānjìng xiàlái) | 顿时明白 (dùnshí míngbai) | 顿时紧张起来 (dùnshí jǐnzhāng qǐlái),听到这个消息，他顿时沉默了。,"Tīngdào zhège xiāoxi, tā dùnshí chénmò le.",او با شنیدن این خبر ناگهان ساکت شد.,
331,夺,duó,HSK 6,动,1,用强力把别人拥有或控制的东西抢过来（及物动）,به‌زور گرفتن؛ قاپیدن (فعل گذرا),及物动,فعل گذرا,从手中夺过来 (cóng shǒu zhōng duó guòlái) | 一把夺下武器 (yì bǎ duóxià wǔqì) | 把信夺过去 (bǎ xìn duó guòqù),他一把夺过了我手里的信。,Tā yì bǎ duóguo le wǒ shǒu lǐ de xìn.,او نامه را یک‌دفعه از دستم قاپید.,
331,夺,duó,HSK 6,动,2,在竞争中取得名次、奖牌或荣誉（及物动）,بردن؛ به دست آوردن (فعل گذرا),及物动,فعل گذرا,夺第一 (duó dì-yī) | 夺金牌 (duó jīnpái) | 勇夺冠军 (yǒng duó guànjūn),她在这次比赛中勇夺第一。,Tā zài zhè cì bǐsài zhōng yǒng duó dì-yī.,او در این مسابقه توانست مقام اول را به دست آورد.,
332,躲避,duǒ bì,HSK 6,动,1,离开或藏起来，以避开危险、攻击、追捕等（及物动）,دوری کردن از؛ پنهان شدن برای در امان ماندن (فعل گذرا),及物动,فعل گذرا,躲避危险 (duǒbì wēixiǎn) | 躲避追捕 (duǒbì zhuībǔ) | 躲避风雨 (duǒbì fēngyǔ),人们跑进屋里躲避暴风雨。,Rénmen pǎo jìn wū lǐ duǒbì bàofēngyǔ.,مردم برای در امان ماندن از توفان به داخل ساختمان رفتند.,
332,躲避,duǒ bì,HSK 6,动,2,故意不面对或不处理问题、责任、现实等（及物动）,طفره رفتن از؛ شانه خالی کردن از (فعل گذرا),及物动,فعل گذرا,躲避责任 (duǒbì zérèn) | 躲避问题 (duǒbì wèntí) | 躲避现实 (duǒbì xiànshí),他一直在躲避这个问题。,Tā yìzhí zài duǒbì zhège wèntí.,او مدام از روبه‌رو شدن با این مسئله طفره می‌رود.,
333,多才多艺,duō cái duō yì,HSK 6,形,1,具有多方面的才能和技艺（形）,دارای استعدادهای گوناگون؛ چندهنره (صفت),形,صفت,多才多艺的演员 (duōcáiduōyì de yǎnyuán) | 十分多才多艺 (shífēn duōcáiduōyì) | 从小多才多艺 (cóngxiǎo duōcáiduōyì),她是一位多才多艺的艺术家。,Tā shì yí wèi duōcáiduōyì de yìshùjiā.,او هنرمندی با استعدادهای گوناگون است.,
334,多亏,duō kuī,HSK 6,介,1,表示由于某个人或有利因素的帮助，才取得好结果或避免坏结果（介）,به لطفِ؛ به‌خاطر کمکِ (حرف اضافه),介,حرف اضافه,多亏你的提醒 (duōkuī nǐ de tíxǐng) | 多亏大家帮忙 (duōkuī dàjiā bāngmáng) | 多亏及时发现 (duōkuī jíshí fāxiàn),多亏你的帮助，我们才顺利完成了任务。,"Duōkuī nǐ de bāngzhù, wǒmen cái shùnlì wánchéng le rènwu.",به لطف کمک تو توانستیم کار را با موفقیت به پایان برسانیم.,
335,多媒体,duō méi tǐ,HSK 6,名,1,综合运用文字、声音、图像、视频等多种形式传播信息的技术或内容（名）,چندرسانه‌ای؛ مالتی‌مدیا (اسم),名,اسم,多媒体教学 (duōméitǐ jiàoxué) | 多媒体设备 (duōméitǐ shèbèi) | 多媒体技术 (duōméitǐ jìshù),学校配备了先进的多媒体设备。,Xuéxiào pèibèi le xiānjìn de duōméitǐ shèbèi.,مدرسه به تجهیزات پیشرفتهٔ چندرسانه‌ای مجهز شده است.,
336,夺取,duó qǔ,HSK 6,动,1,通过斗争、竞争或使用力量取得胜利、权力、领土等（及物动）,به دست آوردن؛ تصرف کردن (فعل گذرا),及物动,فعل گذرا,夺取胜利 (duóqǔ shènglì) | 夺取政权 (duóqǔ zhèngquán) | 夺取阵地 (duóqǔ zhèndì),他们经过艰苦努力，最终夺取了胜利。,"Tāmen jīngguò jiānkǔ nǔlì, zuìzhōng duóqǔ le shènglì.",آن‌ها پس از تلاش فراوان سرانجام به پیروزی دست یافتند.,
337,多余,duō yú,HSK 6,形,1,超过实际需要，或没有必要的（形）,اضافی؛ زائد؛ غیرضروری (صفت),形,صفت,多余时间 (duōyú shíjiān) | 多余部分 (duōyú bùfen) | 多余的话 (duōyú de huà),请把多余的部分删掉。,Qǐng bǎ duōyú de bùfen shāndiào.,لطفاً بخش‌های اضافی را حذف کن.,
338,多元,duō yuán,HSK 6,形,1,由多种成分、形式、观点或发展方向组成的（形）,متنوع؛ چندگانه (صفت),形,صفت,多元文化 (duōyuán wénhuà) | 多元社会 (duōyuán shèhuì) | 多元发展 (duōyuán fāzhǎn),现代社会正变得越来越多元。,Xiàndài shèhuì zhèng biàn de yuèláiyuè duōyuán.,جامعهٔ امروز روزبه‌روز متنوع‌تر می‌شود.,
339,都市,dū shì,HSK 6,名,1,人口集中、经济文化发达的大城市（名）,کلان‌شهر؛ شهر بزرگ (اسم),名,اسم,现代都市 (xiàndài dūshì) | 国际都市 (guójì dūshì) | 都市生活 (dūshì shēnghuó),她更喜欢热闹的都市生活。,Tā gèng xǐhuan rènao de dūshì shēnghuó.,او زندگی پرجنب‌وجوش شهری را بیشتر دوست دارد.,
340,恶劣,è liè,HSK 6,形,1,环境、天气、条件等非常差，使人感到困难或不适（形）,نامساعد؛ بسیار بد (صفت),形,صفت,环境恶劣 (huánjìng èliè) | 天气恶劣 (tiānqì èliè) | 条件恶劣 (tiáojiàn èliè),由于天气十分恶劣，航班被取消了。,"Yóuyú tiānqì shífēn èliè, hángbān bèi qǔxiāo le.",به‌دلیل نامساعد بودن شدید هوا، پرواز لغو شد.,
340,恶劣,è liè,HSK 6,形,2,行为、态度、手段或影响等很坏，令人反感或造成严重后果（形）,ناپسند؛ زننده؛ مخرب (صفت),形,صفت,态度恶劣 (tàidu èliè) | 行为恶劣 (xíngwéi èliè) | 造成恶劣影响 (zàochéng èliè yǐngxiǎng),他的恶劣行为引起了大家的不满。,Tā de èliè xíngwéi yǐnqǐ le dàjiā de bùmǎn.,رفتار ناپسند او باعث نارضایتی همه شد.,
341,耳环,ěr huán,HSK 6,名,1,戴在耳垂或耳朵上的装饰品（名）,گوشواره (اسم),名,اسم,金耳环 (jīn ěrhuán) | 戴耳环 (dài ěrhuán) | 一对耳环 (yí duì ěrhuán),她戴着一对漂亮的耳环。,Tā dàizhe yí duì piàoliang de ěrhuán.,او یک جفت گوشوارهٔ زیبا به گوش داشت.,
342,儿科,ér kē,HSK 6,名,1,研究、诊断和治疗儿童疾病的医学专业或医院科室（名）,طب کودکان؛ بخش کودکان (اسم),名,اسم,儿科医生 (érkē yīshēng) | 儿科门诊 (érkē ménzhěn) | 去看儿科 (qù kàn érkē),医生建议我们带孩子去儿科检查。,Yīshēng jiànyì wǒmen dài háizi qù érkē jiǎnchá.,پزشک توصیه کرد کودک را برای معاینه به بخش کودکان ببریم.,
343,二氧化碳,èr yǎng huà tàn,HSK 6,名,1,由一个碳原子和两个氧原子组成的无色无味气体（名）,دی‌اکسید کربن (اسم),名,اسم,二氧化碳排放 (èryǎnghuàtàn páifàng) | 减少二氧化碳排放 (jiǎnshǎo èryǎnghuàtàn páifàng) | 二氧化碳浓度 (èryǎnghuàtàn nóngdù),植物能够吸收二氧化碳。,Zhíwù nénggòu xīshōu èryǎnghuàtàn.,گیاهان می‌توانند دی‌اکسید کربن را جذب کنند.,
344,恶心,ě xin,HSK 6,形、动,1,胃里不舒服，有想呕吐的感觉（形）,دچار حالت تهوع؛ دل‌به‌هم‌خورده (صفت),形,صفت,觉得恶心 (juéde ěxin) | 恶心得想吐 (ěxin de xiǎng tù) | 有点恶心 (yǒudiǎn ěxin),我坐车以后有点恶心。,Wǒ zuòchē yǐhòu yǒudiǎn ěxin.,بعد از ماشین‌سواری کمی حالت تهوع گرفتم.,
344,恶心,ě xin,HSK 6,形、动,2,使人感到厌恶、反感或不舒服，多用于口语（形）,چندش‌آور؛ حال‌به‌هم‌زن (صفت),形,صفت,画面太恶心 (huàmiàn tài ěxin) | 令人恶心 (lìng rén ěxin) | 恶心的行为 (ěxin de xíngwéi),他说的那些话真恶心。,Tā shuō de nàxiē huà zhēn ěxin.,حرف‌هایی که زد واقعاً حال‌به‌هم‌زن بود.,
344,恶心,ě xin,HSK 6,形、动,3,故意使别人感到厌恶、不舒服或难受，多用于口语（及物动）,حال کسی را به هم زدن؛ عمداً آزار دادن (فعل گذرا),及物动,فعل گذرا,故意恶心人 (gùyì ěxin rén) | 别来恶心我 (bié lái ěxin wǒ) | 用这种话恶心别人 (yòng zhè zhǒng huà ěxin biérén),他故意说这些话来恶心我。,Tā gùyì shuō zhèxiē huà lái ěxin wǒ.,او عمداً این حرف‌ها را زد تا حالم را به هم بزند.,
345,发病,fā bìng,HSK 6,动,1,疾病开始发作，或人开始出现病症（不及物动）,بروز کردن بیماری؛ دچار حمله یا علائم بیماری شدن (فعل ناگذر),不及物动,فعل ناگذر,突然发病 (tūrán fābìng) | 再次发病 (zàicì fābìng) | 发病时间 (fābìng shíjiān),他昨天突然发病，被送进了医院。,"Tā zuótiān tūrán fābìng, bèi sòngjìn le yīyuàn.",او دیروز ناگهان دچار حملهٔ بیماری شد و به بیمارستان انتقال یافت.,
346,发愁,fā chóu,HSK 6,动,1,因担心困难或问题而烦恼、忧虑（不及物动）,غصه خوردن؛ نگران بودن (فعل ناگذر),不及物动,فعل ناگذر,为工作发愁 (wèi gōngzuò fāchóu) | 别发愁 (bié fāchóu) | 整天发愁 (zhěngtiān fāchóu),别为这件事发愁。,Bié wèi zhè jiàn shì fāchóu.,برای این موضوع غصه نخور.,
347,发电,fā diàn,HSK 6,动,1,利用各种能源产生电能（不及物动）,برق تولید کردن (فعل ناگذر),不及物动,فعل ناگذر,风力发电 (fēnglì fādiàn) | 水力发电 (shuǐlì fādiàn) | 太阳能发电 (tàiyángnéng fādiàn),这座电站主要利用风力发电。,Zhè zuò diànzhàn zhǔyào lìyòng fēnglì fādiàn.,این نیروگاه عمدتاً با استفاده از نیروی باد برق تولید می‌کند.,
348,法定,fǎ dìng,HSK 6,形,1,由法律明确规定的（形）,مقرر در قانون؛ قانونی (صفت),形,صفت,法定年龄 (fǎdìng niánlíng) | 法定代表人 (fǎdìng dàibiǎorén) | 法定假日 (fǎdìng jiàrì),他已经达到了法定年龄。,Tā yǐjīng dádào le fǎdìng niánlíng.,او به سن قانونی رسیده است.,
349,发动,fā dòng,HSK 6,动,1,发起并开始战争、进攻、运动等（及物动）,آغاز کردن؛ به راه انداختن (فعل گذرا),及物动,فعل گذرا,发动战争 (fādòng zhànzhēng) | 发动进攻 (fādòng jìngōng) | 发动大规模行动 (fādòng dàguīmó xíngdòng),敌军突然发动了进攻。,Díjūn tūrán fādòng le jìngōng.,نیروهای دشمن ناگهان حمله را آغاز کردند.,
349,发动,fā dòng,HSK 6,动,2,动员、组织人们参加某项活动或采取行动（及物动）,بسیج یا ترغیب کردن (فعل گذرا),及物动,فعل گذرا,发动群众 (fādòng qúnzhòng) | 发动大家捐款 (fādòng dàjiā juānkuǎn) | 广泛发动社会力量 (guǎngfàn fādòng shèhuì lìliang),社区发动居民参加环保活动。,Shèqū fādòng jūmín cānjiā huánbǎo huódòng.,مسئولان محله ساکنان را به شرکت در فعالیت زیست‌محیطی ترغیب کردند.,
349,发动,fā dòng,HSK 6,动,3,使发动机、车辆或机器开始运转（及物动）,روشن کردن؛ استارت زدن (فعل گذرا),及物动,فعل گذرا,发动汽车 (fādòng qìchē) | 发动车辆 (fādòng chēliàng) | 怎么也发动不了 (zěnme yě fādòngbuliǎo),他发动汽车后就出发了。,Tā fādòng qìchē hòu jiù chūfā le.,او پس از روشن کردن خودرو حرکت کرد.,
350,发放,fā fàng,HSK 6,动,1,把物资、资料、证件等分发给有关人员（及物动）,توزیع یا تحویل دادن (فعل گذرا),及物动,فعل گذرا,发放资料 (fāfàng zīliào) | 发放物资 (fāfàng wùzī) | 发放证件 (fāfàng zhèngjiàn),工作人员正在向参加者发放资料。,Gōngzuò rényuán zhèngzài xiàng cānjiāzhě fāfàng zīliào.,کارکنان در حال توزیع مطالب میان شرکت‌کنندگان‌اند.,
350,发放,fā fàng,HSK 6,动,2,把工资、奖金、补贴、贷款等支付或提供给有关人员（及物动）,پرداخت یا اعطا کردن (فعل گذرا),及物动,فعل گذرا,发放工资 (fāfàng gōngzī) | 发放奖金 (fāfàng jiǎngjīn) | 发放贷款 (fāfàng dàikuǎn),公司将在月底发放工资。,Gōngsī jiāng zài yuèdǐ fāfàng gōngzī.,شرکت در پایان ماه حقوق‌ها را پرداخت خواهد کرد.,
351,法官,fǎ guān,HSK 6,名,1,依法审理案件并作出裁判的司法人员（名）,قاضی (اسم),名,اسم,主审法官 (zhǔshěn fǎguān) | 一名法官 (yì míng fǎguān) | 担任法官 (dānrèn fǎguān),法官依法作出了判决。,Fǎguān yīfǎ zuòchū le pànjué.,قاضی مطابق قانون حکم صادر کرد.,
352,发光,fā guāng,HSK 6,动,1,发出光亮（不及物动）,نور دادن؛ درخشیدن (فعل ناگذر),不及物动,فعل ناگذر,在黑暗中发光 (zài hēi'àn zhōng fāguāng) | 自己会发光 (zìjǐ huì fāguāng) | 发出微弱的光 (fāchū wēiruò de guāng),星星在夜空中发光。,Xīngxing zài yèkōng zhōng fāguāng.,ستاره‌ها در آسمان شب می‌درخشند.,
352,发光,fā guāng,HSK 6,动,2,比喻表现出色，展现出才能或价值（不及物动）,درخشیدن؛ توانایی خود را نشان دادن (فعل ناگذر),不及物动,فعل ناگذر,在舞台上发光 (zài wǔtái shàng fāguāng) | 终有一天会发光 (zhōng yǒu yì tiān huì fāguāng) | 在岗位上发光 (zài gǎngwèi shàng fāguāng),她终于在国际舞台上发光了。,Tā zhōngyú zài guójì wǔtái shàng fāguāng le.,او سرانجام در عرصهٔ بین‌المللی درخشید.,
353,法规,fǎ guī,HSK 6,名,1,法律、条例、规则等具有约束力的规定（名）,قوانین و مقررات (اسم),名,اسم,相关法规 (xiāngguān fǎguī) | 遵守法规 (zūnshǒu fǎguī) | 违反法规 (wéifǎn fǎguī),企业必须遵守相关法规。,Qǐyè bìxū zūnshǒu xiāngguān fǎguī.,شرکت‌ها باید قوانین و مقررات مربوط را رعایت کنند.,
354,犯,fàn,HSK 6,动,1,做出错误、违法或违反规则的行为（及物动）,مرتکب شدن (فعل گذرا),及物动,فعل گذرا,犯错误 (fàn cuòwù) | 犯严重错误 (fàn yánzhòng cuòwù) | 又犯同样的错 (yòu fàn tóngyàng de cuò),他承认自己犯了一个严重的错误。,Tā chéngrèn zìjǐ fàn le yí ge yánzhòng de cuòwù.,او پذیرفت که مرتکب اشتباه بزرگی شده است.,
354,犯,fàn,HSK 6,动,2,疾病或原有的病症重新发作（不及物动）,عود کردن؛ دوباره بروز کردن (فعل ناگذر),不及物动,فعل ناگذر,胃病又犯了 (wèibìng yòu fàn le) | 老毛病犯了 (lǎo máobìng fàn le) | 一到冬天就犯 (yí dào dōngtiān jiù fàn),他的胃病又犯了。,Tā de wèibìng yòu fàn le.,بیماری معده‌اش دوباره عود کرده است.,
354,犯,fàn,HSK 6,动,3,进攻或侵犯，多用于书面语或军事语境（不及物动）,حمله یا تجاوز کردن (فعل ناگذر),不及物动,فعل ناگذر,敌军来犯 (díjū láifàn) | 来犯之敌 (láifàn zhī dí) | 不敢再犯 (bù gǎn zài fàn),如果敌军来犯，我们必须做好准备。,"Rúguǒ díjū láifàn, wǒmen bìxū zuòhǎo zhǔnbèi.",اگر نیروهای دشمن حمله کنند، باید آماده باشیم.,
355,番,fān,HSK 6,量,1,用于表示费时、费力或包含一定过程的行为、思考和经历，常表示一次或一阵（量）,یک بار؛ یک دور؛ مقداری، برای کار یا فرایندی زمان‌بر (واحد شمارش),量,واحد شمارش,一番努力 (yì fān nǔlì) | 一番考虑 (yì fān kǎolǜ) | 一番讨论 (yì fān tǎolùn) | 几番尝试 (jǐ fān chángshì),经过一番讨论，大家终于达成了一致。,"Jīngguò yì fān tǎolùn, dàjiā zhōngyú dáchéng le yízhì.",پس از مدتی بحث، همه سرانجام به توافق رسیدند.,
355,番,fān,HSK 6,量,2,用于景象、风味、气象等，表示一种整体的面貌、情趣或境界（量）,یک جلوه؛ یک حال‌وهوا؛ نوعی (واحد شمارش),量,واحد شمارش,一番景象 (yì fān jǐngxiàng) | 一番风味 (yì fān fēngwèi) | 另一番天地 (lìng yì fān tiāndì),雨后的古城别有一番景象。,Yǔ hòu de gǔchéng bié yǒu yì fān jǐngxiàng.,شهر قدیمی پس از باران جلوه‌ای دیگر دارد.,
356,妨碍,fáng ài,HSK 6,动,1,使事情不能顺利进行，或对人、事物造成阻碍（及物动）,مانع شدن؛ مختل کردن (فعل گذرا),及物动,فعل گذرا,妨碍工作 (fáng'ài gōngzuò) | 妨碍交通 (fáng'ài jiāotōng) | 妨碍他人休息 (fáng'ài tārén xiūxi),车辆停在这里会妨碍交通。,Chēliàng tíng zài zhèlǐ huì fáng'ài jiāotōng.,توقف خودرو در اینجا باعث اختلال در رفت‌وآمد می‌شود.,
357,放大,fàng dà,HSK 6,动,1,使物体、图像、声音、信号等变大或增强（及物动）,بزرگ یا تقویت کردن (فعل گذرا),及物动,فعل گذرا,放大照片 (fàngdà zhàopiàn) | 放大字体 (fàngdà zìtǐ) | 放大声音 (fàngdà shēngyīn),请把图片放大一点。,Qǐng bǎ túpiàn fàngdà yìdiǎn.,لطفاً تصویر را کمی بزرگ‌تر کنید.,
357,放大,fàng dà,HSK 6,动,2,夸大或强化问题、差异、风险、情绪等（及物动）,بزرگ‌نمایی یا تشدید کردن (فعل گذرا),及物动,فعل گذرا,放大问题 (fàngdà wèntí) | 放大风险 (fàngdà fēngxiǎn) | 放大负面情绪 (fàngdà fùmiàn qíngxù),网络有时会放大人们的负面情绪。,Wǎngluò yǒushí huì fàngdà rénmen de fùmiàn qíngxù.,اینترنت گاهی احساسات منفی مردم را تشدید می‌کند.,
358,方方面面,fāng fāng miàn miàn,HSK 6,名,1,所有方面或各个方面（名）,همهٔ جنبه‌ها؛ همهٔ ابعاد (اسم),名,اسم,生活的方方面面 (shēnghuó de fāngfāngmiànmiàn) | 方方面面的问题 (fāngfāngmiànmiàn de wèntí) | 涉及方方面面 (shèjí fāngfāngmiànmiàn),这项政策会影响社会生活的方方面面。,Zhè xiàng zhèngcè huì yǐngxiǎng shèhuì shēnghuó de fāngfāngmiànmiàn.,این سیاست بر همهٔ جنبه‌های زندگی اجتماعی تأثیر خواهد گذاشت.,
359,放飞,fàng fēi,HSK 6,动,1,放开鸟、风筝等，使其飞翔（及物动）,رها یا به پرواز درآوردن (فعل گذرا),及物动,فعل گذرا,放飞小鸟 (fàngfēi xiǎoniǎo) | 放飞风筝 (fàngfēi fēngzheng) | 放飞信鸽 (fàngfēi xìngē),孩子们正在公园里放飞风筝。,Háizimen zhèngzài gōngyuán lǐ fàngfēi fēngzheng.,بچه‌ها در پارک در حال هوا کردن بادبادک‌اند.,
359,放飞,fàng fēi,HSK 6,动,2,比喻自由地追求梦想、希望等（及物动）,به آرزوها پر و بال دادن (فعل گذرا),及物动,فعل گذرا,放飞梦想 (fàngfēi mèngxiǎng) | 放飞希望 (fàngfēi xīwàng) | 勇敢放飞梦想 (yǒnggǎn fàngfēi mèngxiǎng),年轻人应该勇敢地放飞梦想。,Niánqīngrén yīnggāi yǒnggǎn de fàngfēi mèngxiǎng.,جوانان باید شجاعانه به آرزوهایشان پر و بال بدهند.,
360,房价,fáng jià,HSK 6,名,1,房屋买卖的价格（名）,قیمت مسکن؛ قیمت خانه (اسم),名,اسم,房价上涨 (fángjià shàngzhǎng) | 房价下跌 (fángjià xiàdiē) | 控制房价 (kòngzhì fángjià),最近这里的房价上涨得很快。,Zuìjìn zhèlǐ de fángjià shàngzhǎng de hěn kuài.,قیمت مسکن در این منطقه اخیراً به‌سرعت افزایش یافته است.,
371,发行,fā xíng,HSK 6,动,1,出版、制作后向公众出售或传播书刊、影视作品、音乐作品等（及物动）,منتشر و روانهٔ بازار کردنِ کتاب، فیلم یا اثر هنری (فعل گذرا),及物动,فعل گذرا,发行新书 (fāxíng xīnshū) | 发行影片 (fāxíng yǐngpiàn) | 正式发行 (zhèngshì fāxíng),这部影片将在下个月正式发行。,Zhè bù yǐngpiàn jiāng zài xià ge yuè zhèngshì fāxíng.,این فیلم ماه آینده رسماً روانهٔ بازار خواهد شد.,
371,发行,fā xíng,HSK 6,动,2,由政府、银行或公司向社会推出货币、债券、股票等（及物动）,منتشر و عرضه کردنِ پول، سهام یا اوراق بهادار (فعل گذرا),及物动,فعل گذرا,发行货币 (fāxíng huòbì) | 发行债券 (fāxíng zhàiquàn) | 发行股票 (fāxíng gǔpiào),这家公司计划发行新股。,Zhè jiā gōngsī jìhuà fāxíng xīn gǔ.,این شرکت قصد دارد سهام جدیدی عرضه کند.,
372,发炎,fā yán,HSK 6,动,1,身体的组织或器官发生炎症（不及物动）,ملتهب شدن؛ دچار التهاب شدن (فعل ناگذر),不及物动,فعل ناگذر,伤口发炎 (shāngkǒu fāyán) | 喉咙发炎 (hóulóng fāyán) | 牙龈发炎 (yáyín fāyán),他的伤口发炎了。,Tā de shāngkǒu fāyán le.,زخم او ملتهب شده است.,
373,发育,fā yù,HSK 6,动,1,生物体或身体的器官逐渐生长并成熟（不及物动）,رشد و نمو کردن؛ تکامل یافتن (فعل ناگذر),不及物动,فعل ناگذر,正常发育 (zhèngcháng fāyù) | 发育良好 (fāyù liánghǎo) | 发育成熟 (fāyù chéngshú),这个孩子发育得很正常。,Zhège háizi fāyù de hěn zhèngcháng.,رشد این کودک کاملاً طبیعی است.,
374,肥,féi,HSK 6,形、名,1,身体脂肪多或动物肉多，常含不够好看的意味（形）,چاق؛ فربه، گاهی با بار منفی (صفت),形,صفت,长得很肥 (zhǎng de hěn féi) | 又肥又壮 (yòu féi yòu zhuàng) | 养得很肥 (yǎng de hěn féi),这只猫被养得太肥了。,Zhè zhī māo bèi yǎng de tài féi le.,این گربه را بیش از حد چاق کرده‌اند.,
374,肥,féi,HSK 6,形、名,2,衣服、鞋袜等尺寸过大、过宽，较口语（形）,گشاد؛ بیش از حد بزرگ، محاوره‌ای (صفت),形,صفت,衣服有点肥 (yīfu yǒudiǎn féi) | 裤腰太肥 (kùyāo tài féi) | 穿着显肥 (chuānzhe xiǎn féi),这件外套有点肥，我穿着不合身。,"Zhè jiàn wàitào yǒudiǎn féi, wǒ chuānzhe bù héshēn.",این کت کمی گشاد است و اندازه‌ام نیست.,
374,肥,féi,HSK 6,形、名,3,土地含有较多养分，适合植物生长（形）,حاصلخیز (صفت),形,صفت,土地很肥 (tǔdì hěn féi) | 地越种越肥 (dì yuè zhòng yuè féi) | 又肥又松 (yòu féi yòu sōng),河边的土地又肥又松。,Hébiān de tǔdì yòu féi yòu sōng.,زمین کنار رودخانه هم حاصلخیز است و هم نرم.,
374,肥,féi,HSK 6,形、名,4,给农作物提供养分的肥料（名）,کود (اسم),名,اسم,一袋肥 (yí dài féi) | 给庄稼上肥 (gěi zhuāngjia shàng féi) | 地里缺肥 (dìli quē féi),这种肥适合用在菜地里。,Zhè zhǒng féi shìhé yòng zài càidì lǐ.,این نوع کود برای زمین سبزی‌کاری مناسب است.,
375,肺,fèi,HSK 6,名,1,人和部分动物体内进行呼吸的重要器官（名）,ریه (اسم),名,اسم,保护肺 (bǎohù fèi) | 健康的肺 (jiànkāng de fèi) | 肺有问题 (fèi yǒu wèntí),长期吸烟会伤害肺。,Chángqī xīyān huì shānghài fèi.,سیگار کشیدن طولانی‌مدت به ریه آسیب می‌زند.,
376,肥胖,féi pàng,HSK 6,形、名,1,身体脂肪过多的特征或状态（形、名）,چاق؛ چاقی (صفت، اسم),形、名,صفت، اسم,身体肥胖 (shēntǐ féipàng) | 过度肥胖 (guòdù féipàng) | 预防肥胖 (yùfáng féipàng),过度肥胖会增加患病风险。,Guòdù féipàng huì zēngjiā huànbìng fēngxiǎn.,چاقی بیش از حد خطر ابتلا به بیماری را افزایش می‌دهد.,
377,飞速,fēi sù,HSK 6,形、副,1,速度非常快的或非常迅速地（形、副）,بسیار سریع؛ به‌سرعت (صفت، قید),形、副,صفت، قید,飞速发展 (fēisù fāzhǎn) | 飞速增长 (fēisù zēngzhǎng) | 飞速前进 (fēisù qiánjìn),科技正在飞速发展。,Kējì zhèngzài fēisù fāzhǎn.,فناوری با سرعت بسیار زیادی در حال پیشرفت است.,
378,肥沃,féi wò,HSK 6,形,1,土地含有丰富养分，适合植物生长（形）,حاصلخیز (صفت),形,صفت,土地肥沃 (tǔdì féiwò) | 肥沃的土壤 (féiwò de tǔrǎng) | 肥沃的平原 (féiwò de píngyuán),这里的土壤十分肥沃。,Zhèlǐ de tǔrǎng shífēn féiwò.,خاک اینجا بسیار حاصلخیز است.,
379,肺炎,fèi yán,HSK 6,名,1,由感染等原因引起的肺部炎症（名）,ذات‌الریه؛ سینه‌پهلو (اسم),名,اسم,患肺炎 (huàn fèiyán) | 治疗肺炎 (zhìliáo fèiyán) | 肺炎患者 (fèiyán huànzhě),他因为得了肺炎住院了。,Tā yīnwèi dé le fèiyán zhùyuàn le.,او به دلیل ابتلا به ذات‌الریه بستری شد.,
380,粉,fěn,HSK 6,名、形,1,颗粒极细的末状物质（名）,پودر؛ مادهٔ پودری (اسم),名,اسم,磨成粉 (mó chéng fěn) | 一包粉 (yì bāo fěn) | 撒点粉 (sǎ diǎn fěn),请把这些药片磨成粉。,Qǐng bǎ zhèxiē yàopiàn mó chéng fěn.,لطفاً این قرص‌ها را پودر کنید.,
380,粉,fěn,HSK 6,名、形,2,用米、豆或薯类淀粉制成的条状食品，多见于南方口语（名）,نوعی رشتهٔ برنجی یا نشاسته‌ای، بیشتر در جنوب چین (اسم),名,اسم,吃粉 (chī fěn) | 一碗粉 (yì wǎn fěn) | 煮粉 (zhǔ fěn),南方很多人早餐喜欢吃粉。,Nánfāng hěnduō rén zǎocān xǐhuan chī fěn.,در جنوب چین بسیاری از مردم برای صبحانه رشتهٔ برنجی می‌خورند.,
380,粉,fěn,HSK 6,名、形,3,粉红色的，较口语（形）,صورتی، محاوره‌ای (صفت),形,صفت,粉裙子 (fěn qúnzi) | 粉外套 (fěn wàitào) | 淡粉 (dànfěn),她今天穿了一件粉外套。,Tā jīntiān chuān le yí jiàn fěn wàitào.,او امروز یک کت صورتی پوشیده است.,
380,粉,fěn,HSK 6,名、形,4,“粉丝”的简称，指崇拜或支持某人、某事物的人，多用于网络和口语（名）,هوادار؛ فن، در زبان اینترنتی و محاوره (اسم),名,اسم,忠实粉 (zhōngshí fěn) | 一名老粉 (yì míng lǎo fěn) | 很多粉 (hěnduō fěn),我是这个乐队的老粉。,Wǒ shì zhège yuèduì de lǎo fěn.,من از هواداران قدیمی این گروه موسیقی هستم.,
381,封闭,fēng bì,HSK 6,动、形,1,封住或关闭，使不能通行、进入或使用（及物动）,بستن؛ مسدود کردن (فعل گذرا),及物动,فعل گذرا,封闭道路 (fēngbì dàolù) | 封闭入口 (fēngbì rùkǒu) | 暂时封闭 (zànshí fēngbì),警方暂时封闭了这条道路。,Jǐngfāng zànshí fēngbì le zhè tiáo dàolù.,پلیس این جاده را موقتاً بست.,
381,封闭,fēng bì,HSK 6,动、形,2,与外界隔绝或不愿接受外界事物的（形）,بسته؛ منزوی؛ بسته به روی افکار تازه (صفت),形,صفت,封闭空间 (fēngbì kōngjiān) | 环境封闭 (huánjìng fēngbì) | 思想封闭 (sīxiǎng fēngbì),长期生活在封闭的环境里会限制人的视野。,Chángqī shēnghuó zài fēngbì de huánjìng lǐ huì xiànzhì rén de shìyě.,زندگی طولانی‌مدت در محیطی بسته دید انسان را محدود می‌کند.,
382,风光,fēng guāng,HSK 6,名、形,1,自然界中美丽的景色（名）,منظره؛ چشم‌انداز طبیعی (اسم),名,اسم,自然风光 (zìrán fēngguāng) | 风光秀丽 (fēngguāng xiùlì) | 欣赏风光 (xīnshǎng fēngguāng),这里的自然风光非常优美。,Zhèlǐ de zìrán fēngguāng fēicháng yōuměi.,مناظر طبیعی اینجا بسیار زیباست.,
382,风光,fēng guāng,HSK 6,名、形,2,受到重视、令人羡慕或显得很有体面的，常用于口语（形）,مطرح و موفق؛ باشکوه، محاوره‌ای (صفت),形,صفت,很风光 (hěn fēngguāng) | 曾经风光 (céngjīng fēngguāng) | 风光一时 (fēngguāng yìshí),他年轻时也曾风光过。,Tā niánqīng shí yě céng fēngguāng guo.,او در جوانی دورانی بسیار موفق و پرشکوه داشت.,
383,风力,fēng lì,HSK 6,名,1,风的强度或所产生的力量（名）,شدت باد؛ نیروی باد (اسم),名,اسم,风力很强 (fēnglì hěn qiáng) | 风力减弱 (fēnglì jiǎnruò) | 利用风力 (lìyòng fēnglì),今天下午风力会逐渐减弱。,Jīntiān xiàwǔ fēnglì huì zhújiàn jiǎnruò.,امروز بعدازظهر شدت باد به‌تدریج کاهش می‌یابد.,
384,分工,fēn gōng,HSK 6,动、名,1,把工作分别交给不同的人或单位承担（动）,تقسیم کار کردن (فعل),动,فعل,合理分工 (hélǐ fēngōng) | 重新分工 (chóngxīn fēngōng) | 按能力分工 (àn nénglì fēngōng),我们先分工，再开始工作。,"Wǒmen xiān fēngōng, zài kāishǐ gōngzuò.",ابتدا کار را تقسیم می‌کنیم و سپس دست‌به‌کار می‌شویم.,
384,分工,fēn gōng,HSK 6,动、名,2,不同人员或单位各自承担的工作及其划分（名）,تقسیم کار؛ تقسیم وظایف (اسم),名,اسم,明确的分工 (míngquè de fēngōng) | 社会分工 (shèhuì fēngōng) | 分工合理 (fēngōng hélǐ),团队里的分工非常明确。,Tuánduì lǐ de fēngōng fēicháng míngquè.,تقسیم وظایف در تیم کاملاً مشخص است.,
385,丰收,fēng shōu,HSK 6,动、名,1,农作物收成丰富、产量很高（不及物动）,محصول فراوان دادن؛ برداشت خوبی داشتن (فعل ناگذر),不及物动,فعل ناگذر,粮食丰收 (liángshi fēngshōu) | 水果丰收 (shuǐguǒ fēngshōu) | 今年丰收 (jīnnián fēngshōu),今年小麦又丰收了。,Jīnnián xiǎomài yòu fēngshōu le.,گندم امسال نیز محصول فراوانی داد.,
385,丰收,fēng shōu,HSK 6,动、名,2,丰富而良好的收获；也比喻在工作、学习、创作等方面取得的许多成果（名）,برداشت پربار؛ دستاورد فراوان (اسم),名,اسم,获得丰收 (huòdé fēngshōu) | 庆祝丰收 (qìngzhù fēngshōu) | 取得丰收 (qǔdé fēngshōu),今年的文艺创作获得了丰收。,Jīnnián de wényì chuàngzuò huòdé le fēngshōu.,آفرینش‌های ادبی و هنری امسال دستاوردهای فراوانی داشت.,
386,奉献,fèng xiàn,HSK 6,动、名,1,把自己的时间、精力、财物等无私地献给他人或事业（及物动）,وقف کردن؛ فدا کردن (فعل گذرا),及物动,فعل گذرا,奉献青春 (fèngxiàn qīngchūn) | 奉献力量 (fèngxiàn lìliang) | 奉献一生 (fèngxiàn yìshēng),他把一生奉献给了教育事业。,Tā bǎ yìshēng fèngxiàn gěi le jiàoyù shìyè.,او تمام عمرش را وقف آموزش کرد.,
386,奉献,fèng xiàn,HSK 6,动、名,2,为他人或社会无私付出的行为或精神（名）,فداکاری؛ ازخودگذشتگی (اسم),名,اسم,无私的奉献 (wúsī de fèngxiàn) | 默默的奉献 (mòmò de fèngxiàn) | 奉献精神 (fèngxiàn jīngshén),他的无私奉献感动了很多人。,Tā de wúsī fèngxiàn gǎndòng le hěnduō rén.,فداکاری بی‌دریغ او افراد زیادی را تحت تأثیر قرار داد.,
387,风雨,fēng yǔ,HSK 6,名,1,风和雨，常指恶劣的天气（名）,باد و باران (اسم),名,اسم,冒着风雨 (màozhe fēngyǔ) | 遭遇风雨 (zāoyù fēngyǔ) | 风雨交加 (fēngyǔ jiāojiā),他们冒着风雨继续赶路。,Tāmen màozhe fēngyǔ jìxù gǎnlù.,آن‌ها در میان باد و باران به راه خود ادامه دادند.,
387,风雨,fēng yǔ,HSK 6,名,2,生活中遇到的困难、挫折和考验，比喻用法（名）,سختی‌ها؛ فرازونشیب‌ها (اسم),名,اسم,经历风雨 (jīnglì fēngyǔ) | 历经风雨 (lìjīng fēngyǔ) | 经不起风雨 (jīngbuqǐ fēngyǔ),我们一起经历了很多风雨。,Wǒmen yìqǐ jīnglì le hěnduō fēngyǔ.,ما با هم سختی‌های زیادی را پشت سر گذاشته‌ایم.,
388,分级,fēn jí,HSK 6,动、名,1,按照一定标准划分为不同等级（及物动）,رده‌بندی کردن؛ درجه‌بندی کردن (فعل گذرا),及物动,فعل گذرا,给产品分级 (gěi chǎnpǐn fēnjí) | 按质量分级 (àn zhìliàng fēnjí) | 对风险分级 (duì fēngxiǎn fēnjí),这些水果会按照大小和质量分级。,Zhèxiē shuǐguǒ huì ànzhào dàxiǎo hé zhìliàng fēnjí.,این میوه‌ها براساس اندازه و کیفیت درجه‌بندی می‌شوند.,
388,分级,fēn jí,HSK 6,动、名,2,按照标准划分等级的方式或结果（名）,رده‌بندی؛ درجه‌بندی (اسم),名,اسم,电影分级 (diànyǐng fēnjí) | 风险分级 (fēngxiǎn fēnjí) | 分级制度 (fēnjí zhìdù),这个国家实行电影分级制度。,Zhège guójiā shíxíng diànyǐng fēnjí zhìdù.,این کشور نظام رده‌بندی فیلم دارد.,
389,愤怒,fèn nù,HSK 6,形、名,1,因受到不公平对待或强烈刺激而非常生气的（形）,خشمگین؛ بسیار عصبانی (صفت),形,صفت,感到愤怒 (gǎndào fènnù) | 十分愤怒 (shífēn fènnù) | 愤怒地质问 (fènnù de zhìwèn),大家对这个不公平的决定感到十分愤怒。,Dàjiā duì zhège bù gōngpíng de juédìng gǎndào shífēn fènnù.,همه از این تصمیم ناعادلانه بسیار خشمگین بودند.,
389,愤怒,fèn nù,HSK 6,形、名,2,强烈的生气和不满情绪（名）,خشم؛ عصبانیت شدید (اسم),名,اسم,表达愤怒 (biǎodá fènnù) | 控制愤怒 (kòngzhì fènnù) | 满腔愤怒 (mǎnqiāng fènnù),他无法控制自己的愤怒。,Tā wúfǎ kòngzhì zìjǐ de fènnù.,او نمی‌توانست خشم خود را کنترل کند.,
390,分期,fēn qī,HSK 6,动、名,1,把事情分成若干时期、阶段或次数进行（动）,مرحله‌بندی کردن؛ به‌صورت اقساطی انجام دادن (فعل),动,فعل,分期付款 (fēnqī fùkuǎn) | 分期建设 (fēnqī jiànshè) | 分期实施 (fēnqī shíshī),这个项目将分期建设。,Zhège xiàngmù jiāng fēnqī jiànshè.,این پروژه در چند مرحله ساخته خواهد شد.,
390,分期,fēn qī,HSK 6,动、名,2,分多次偿还款项的付款方式，常用于消费和贷款（名）,خرید یا پرداخت اقساطی (اسم),名,اسم,选择分期 (xuǎnzé fēnqī) | 办理分期 (bànlǐ fēnqī) | 免息分期 (miǎnxī fēnqī),买这部手机可以选择分期。,Mǎi zhè bù shǒujī kěyǐ xuǎnzé fēnqī.,برای خرید این تلفن همراه می‌توان پرداخت اقساطی را انتخاب کرد.,
391,分散,fēn sàn,HSK 6,动、形,1,使集中在一起的人、事物、力量或注意力等散开（及物动）,پراکنده کردن؛ پخش کردن (فعل گذرا),及物动,فعل گذرا,分散注意力 (fēnsàn zhùyìlì) | 分散风险 (fēnsàn fēngxiǎn) | 分散兵力 (fēnsàn bīnglì),不要让手机分散你的注意力。,Bú yào ràng shǒujī fēnsàn nǐ de zhùyìlì.,نگذار تلفن همراه حواست را پرت کند.,
391,分散,fēn sàn,HSK 6,动、形,2,散开或分布在不同的地方，不集中（不及物动、形）,پراکنده شدن؛ پراکنده و غیرمتمرکز بودن (فعل ناگذر، صفت),不及物动、形,فعل ناگذر، صفت,人群逐渐分散 (rénqún zhújiàn fēnsàn) | 居住分散 (jūzhù fēnsàn) | 分布比较分散 (fēnbù bǐjiào fēnsàn),会议结束后，人群很快就分散了。,"Huìyì jiéshù hòu, rénqún hěn kuài jiù fēnsàn le.",پس از پایان جلسه، جمعیت خیلی زود پراکنده شد.,
392,氛围,fēn wéi,HSK 6,名,1,某个环境中使人感受到的气氛（名）,جو؛ فضا (اسم),名,اسم,学习氛围 (xuéxí fēnwéi) | 工作氛围 (gōngzuò fēnwéi) | 节日氛围 (jiérì fēnwéi),这所学校的学习氛围很好。,Zhè suǒ xuéxiào de xuéxí fēnwéi hěn hǎo.,جو یادگیری در این مدرسه بسیار خوب است.,
393,服,fú,HSK 6,动,1,听从管理、约束或管教，多用于口语（动）,اطاعت کردن؛ به حرف مسئول یا بزرگ‌تر گوش دادن، محاوره‌ای (فعل),动,فعل,服管 (fú guǎn) | 不服管 (bù fú guǎn) | 不服管教 (bù fú guǎnjiào),这个孩子很懂事，也很服管。,"Zhège háizi hěn dǒngshì, yě hěn fú guǎn.",این بچه فهمیده است و به حرف بزرگ‌ترها گوش می‌دهد.,
393,服,fú,HSK 6,动,2,承认对方有本事、有道理或比自己强，多用于口语（及物动）,قبول داشتن؛ برتری یا حقانیت کسی را پذیرفتن، محاوره‌ای (فعل گذرا),及物动,فعل گذرا,大家都服他 (dàjiā dōu fú tā) | 谁也不服 (shéi yě bù fú) | 我服你 (wǒ fú nǐ),他办事公平，大家都很服他。,"Tā bànshì gōngpíng, dàjiā dōu hěn fú tā.",او منصفانه عمل می‌کند و همه قبولش دارند.,
393,服,fú,HSK 6,动,3,表示因惊讶、无奈、不满或佩服而一时不知道说什么，多用于“我服了”“服了你了”等口语表达（动）,دیگر حرفی ندارم؛ واقعاً که؛ تسلیمم، محاوره‌ای (فعل),动,فعل,我服了 (wǒ fú le) | 真服了 (zhēn fú le) | 服了你了 (fú le nǐ le),你居然又忘了带钥匙，我真服了你了！,"Nǐ jūrán yòu wàng le dài yàoshi, wǒ zhēn fú le nǐ le!",باز هم یادت رفت کلیدت را بیاوری؟ واقعاً دیگر نمی‌دانم چه بگویم!,
393,服,fú,HSK 6,动,4,吃药，常用于书面语或用药说明（及物动）,مصرف کردنِ دارو، رسمی (فعل گذرا),及物动,فعل گذرا,饭后服 (fànhòu fú) | 每日服两次 (měirì fú liǎng cì) | 按时服 (ànshí fú),这种药应在饭后服。,Zhè zhǒng yào yīng zài fànhòu fú.,این دارو باید بعد از غذا مصرف شود.,
394,浮,fú,HSK 6,动、形,1,停留在液体表面或从液体中升到表面（不及物动）,شناور بودن؛ روی سطح آمدن (فعل ناگذر),不及物动,فعل ناگذر,浮在水面 (fú zài shuǐmiàn) | 慢慢浮起来 (mànmàn fú qǐlái) | 浮到水面 (fú dào shuǐmiàn),几片树叶浮在水面上。,Jǐ piàn shùyè fú zài shuǐmiàn shàng.,چند برگ روی سطح آب شناورند.,
394,浮,fú,HSK 6,动、形,2,人或作风不稳重、不踏实，较口语（形）,سبک و بی‌ثبات؛ جدی و ریشه‌دار نبودن، محاوره‌ای (صفت),形,صفت,人有点浮 (rén yǒudiǎn fú) | 作风太浮 (zuòfēng tài fú) | 心浮下来 (xīn fú xiàlái),他最近有点浮，做事不够踏实。,"Tā zuìjìn yǒudiǎn fú, zuòshì bú gòu tāshi.",او اخیراً کمی بی‌ثبات شده و کارهایش را جدی و محکم انجام نمی‌دهد.,
395,服从,fú cóng,HSK 6,动,1,遵照命令、安排、决定或管理去做（及物动）,اطاعت کردن؛ تبعیت کردن (فعل گذرا),及物动,فعل گذرا,服从命令 (fúcóng mìnglìng) | 服从安排 (fúcóng ānpái) | 服从管理 (fúcóng guǎnlǐ),所有工作人员都必须服从现场安排。,Suǒyǒu gōngzuò rényuán dōu bìxū fúcóng xiànchǎng ānpái.,همه کارکنان باید از ترتیبات محل پیروی کنند.,
396,辅导,fǔ dǎo,HSK 6,动、名,1,在学习、工作或心理等方面给予具体指导和帮助（及物动）,راهنمایی کردن؛ آموزش تکمیلی یا مشاوره دادن (فعل گذرا),及物动,فعل گذرا,辅导学生 (fǔdǎo xuéshēng) | 辅导功课 (fǔdǎo gōngkè) | 辅导孩子学习 (fǔdǎo háizi xuéxí),老师放学后留下来辅导学生。,Lǎoshī fàngxué hòu liú xiàlái fǔdǎo xuéshēng.,معلم پس از تعطیلی مدرسه ماند تا به دانش‌آموزان آموزش تکمیلی بدهد.,
396,辅导,fǔ dǎo,HSK 6,动、名,2,在学习、考试或心理等方面给予的指导和帮助（名）,راهنمایی؛ آموزش تکمیلی؛ مشاوره (اسم),名,اسم,课后辅导 (kèhòu fǔdǎo) | 考试辅导 (kǎoshì fǔdǎo) | 心理辅导 (xīnlǐ fǔdǎo),这个学生需要一些课后辅导。,Zhège xuéshēng xūyào yìxiē kèhòu fǔdǎo.,این دانش‌آموز به مقداری آموزش تکمیلی پس از کلاس نیاز دارد.,
397,幅度,fú dù,HSK 6,名,1,事物变化、增长、下降或波动的大小（名）,میزان؛ دامنهٔ تغییر (اسم),名,اسم,增长幅度 (zēngzhǎng fúdù) | 下降幅度 (xiàjiàng fúdù) | 波动幅度 (bōdòng fúdù),今年房价的上涨幅度不大。,Jīnnián fángjià de shàngzhǎng fúdù bú dà.,میزان افزایش قیمت مسکن در سال جاری زیاد نیست.,
398,覆盖,fù gài,HSK 6,动,1,遮盖在物体的表面上（及物动）,پوشاندن؛ پوشیده شدن روی چیزی (فعل گذرا),及物动,فعل گذرا,覆盖地面 (fùgài dìmiàn) | 被积雪覆盖 (bèi jīxuě fùgài) | 覆盖一层薄膜 (fùgài yì céng báo mó),厚厚的积雪覆盖了整个山顶。,Hòuhòu de jīxuě fùgài le zhěnggè shāndǐng.,برف سنگینی تمام قله را پوشانده است.,
398,覆盖,fù gài,HSK 6,动,2,范围延伸到某个地区、人群或领域（及物动）,تحت پوشش قرار دادن؛ دربرگرفتن (فعل گذرا),及物动,فعل گذرا,覆盖全国 (fùgài quánguó) | 覆盖多个地区 (fùgài duō ge dìqū) | 覆盖广大用户 (fùgài guǎngdà yònghù),这个网络已经覆盖了大部分农村地区。,Zhège wǎngluò yǐjīng fùgài le dà bùfen nóngcūn dìqū.,این شبکه اکنون بیشتر مناطق روستایی را پوشش می‌دهد.,
398,覆盖,fù gài,HSK 6,动,3,用新的文件或数据替换原有的文件或数据，用于计算机领域（及物动）,بازنویسی و جایگزین کردنِ فایل یا داده، در رایانه (فعل گذرا),及物动,فعل گذرا,覆盖原文件 (fùgài yuán wénjiàn) | 覆盖数据 (fùgài shùjù) | 自动覆盖 (zìdòng fùgài),保存时不要覆盖原文件。,Bǎocún shí bú yào fùgài yuán wénjiàn.,هنگام ذخیره کردن، فایل اصلی را بازنویسی نکنید.,
399,符号,fú hào,HSK 6,名,1,用来表示某种意义、信息或关系的标记（名）,علامت؛ نماد (اسم),名,اسم,数学符号 (shùxué fúhào) | 标点符号 (biāodiǎn fúhào) | 特殊符号 (tèshū fúhào),这个符号表示什么意思？,Zhège fúhào biǎoshì shénme yìsi?,این علامت چه معنایی دارد؟,
400,附件,fù jiàn,HSK 6,名,1,附在正文、合同或电子邮件后面的文件（名）,پیوست؛ ضمیمهٔ سند یا پیام (اسم),名,اسم,邮件附件 (yóujiàn fùjiàn) | 合同附件 (hétong fùjiàn) | 查看附件 (chákàn fùjiàn),详细资料请查看邮件附件。,Xiángxì zīliào qǐng chákàn yóujiàn fùjiàn.,برای اطلاعات بیشتر، پیوست ایمیل را بررسی کنید.,
400,附件,fù jiàn,HSK 6,名,2,随主要设备或产品附带的零件、工具等（名）,متعلقات؛ قطعات جانبی (اسم),名,اسم,设备附件 (shèbèi fùjiàn) | 产品附件 (chǎnpǐn fùjiàn) | 全部附件 (quánbù fùjiàn),箱子里装着这台设备的全部附件。,Xiāngzi lǐ zhuāngzhe zhè tái shèbèi de quánbù fùjiàn.,تمام متعلقات این دستگاه داخل جعبه است.,
401,福利,fú lì,HSK 6,名,1,为改善个人或社会成员生活而提供的待遇、保障或服务（名）,مزایا؛ خدمات و حمایت‌های رفاهی (اسم),名,اسم,员工福利 (yuángōng fúlì) | 社会福利 (shèhuì fúlì) | 提高福利 (tígāo fúlì),这家公司为员工提供了很好的福利。,Zhè jiā gōngsī wèi yuángōng tígōng le hěn hǎo de fúlì.,این شرکت مزایای خوبی برای کارکنانش فراهم کرده است.,
402,负面,fù miàn,HSK 6,形,1,消极、不利或造成不良影响的（形）,منفی؛ نامطلوب (صفت),形,صفت,负面影响 (fùmiàn yǐngxiǎng) | 负面情绪 (fùmiàn qíngxù) | 负面评价 (fùmiàn píngjià),这件事给公司带来了负面影响。,Zhè jiàn shì gěi gōngsī dàilái le fùmiàn yǐngxiǎng.,این اتفاق تأثیری منفی بر شرکت گذاشت.,
403,夫人,fū rén,HSK 6,名,1,对已婚女性的尊称，现多用于正式场合或称呼有一定身份的女性（名）,بانو؛ خانم، رسمی و محترمانه (اسم),名,اسم,王夫人 (Wáng fūrén) | 尊敬的夫人 (zūnjìng de fūrén) | 夫人您好 (fūrén nín hǎo),王夫人已经在会议室等候了。,Wáng fūrén yǐjīng zài huìyìshì děnghòu le.,خانم وانگ در اتاق جلسه منتظر هستند.,
403,夫人,fū rén,HSK 6,名,2,对别人的妻子的尊称，也可在正式场合称自己的妻子（名）,همسرِ کسی، رسمی و محترمانه (اسم),名,اسم,总统夫人 (zǒngtǒng fūrén) | 携夫人出席 (xié fūrén chūxí) | 他和夫人 (tā hé fūrén),他和夫人一起出席了晚宴。,Tā hé fūrén yìqǐ chūxí le wǎnyàn.,او به همراه همسرش در ضیافت شام شرکت کرد.,
404,服用,fú yòng,HSK 6,动,1,吃或喝药物（及物动）,مصرف کردنِ دارو (فعل گذرا),及物动,فعل گذرا,服用药物 (fúyòng yàowù) | 按时服用 (ànshí fúyòng) | 饭后服用 (fànhòu fúyòng),请按照医生的要求服用这种药。,Qǐng ànzhào yīshēng de yāoqiú fúyòng zhè zhǒng yào.,لطفاً این دارو را مطابق دستور پزشک مصرف کنید.,
405,富裕,fù yù,HSK 6,形,1,拥有较多财产，生活条件充足（形）,مرفه؛ ثروتمند (صفت),形,صفت,生活富裕 (shēnghuó fùyù) | 富裕家庭 (fùyù jiātíng) | 逐渐富裕 (zhújiàn fùyù),这个地区的居民逐渐富裕起来了。,Zhège dìqū de jūmín zhújiàn fùyù qǐlái le.,ساکنان این منطقه به‌تدریج مرفه‌تر شده‌اند.,
406,赋予,fù yǔ,HSK 6,动,1,给予某人权利、责任、使命等，或使事物具有某种意义、特点等，较正式（及物动）,اعطا کردن؛ بخشیدن، رسمی (فعل گذرا),及物动,فعل گذرا,赋予权利 (fùyǔ quánlì) | 赋予使命 (fùyǔ shǐmìng) | 赋予意义 (fùyǔ yìyì),法律赋予公民平等的权利。,Fǎlǜ fùyǔ gōngmín píngděng de quánlì.,قانون حقوق برابر را به شهروندان اعطا می‌کند.,
407,辅助,fǔ zhù,HSK 6,动、形,1,从旁提供帮助，使某项工作更容易完成（及物动）,کمک کردن؛ یاری رساندن (فعل گذرا),及物动,فعل گذرا,辅助学习 (fǔzhù xuéxí) | 辅助医生诊断 (fǔzhù yīshēng zhěnduàn) | 辅助完成任务 (fǔzhù wánchéng rènwu),人工智能可以辅助医生诊断疾病。,Réngōng zhìnéng kěyǐ fǔzhù yīshēng zhěnduàn jíbìng.,هوش مصنوعی می‌تواند به پزشکان در تشخیص بیماری کمک کند.,
407,辅助,fǔ zhù,HSK 6,动、形,2,起帮助或补充作用的（形）,کمکی؛ جانبی (صفت),形,صفت,辅助设备 (fǔzhù shèbèi) | 辅助功能 (fǔzhù gōngnéng) | 辅助材料 (fǔzhù cáiliào),这套辅助设备可以提高工作效率。,Zhè tào fǔzhù shèbèi kěyǐ tígāo gōngzuò xiàolǜ.,این تجهیزات کمکی می‌تواند بازده کار را افزایش دهد.,
408,改编,gǎi biān,HSK 6,动,1,根据原有作品重新编写，改成另一种形式或体裁（及物动）,اقتباس کردن؛ بازنویسی کردن (فعل گذرا),及物动,فعل گذرا,改编成电影 (gǎibiān chéng diànyǐng) | 由小说改编 (yóu xiǎoshuō gǎibiān) | 改编剧本 (gǎibiān jùběn),这部电影是根据一部小说改编的。,Zhè bù diànyǐng shì gēnjù yí bù xiǎoshuō gǎibiān de.,این فیلم با اقتباس از یک رمان ساخته شده است.,
408,改编,gǎi biān,HSK 6,动,2,改变原有的组织或编制，多用于军队等正式语境（及物动）,تجدید سازمان کردن، بیشتر دربارهٔ نیروهای نظامی (فعل گذرا),及物动,فعل گذرا,改编部队 (gǎibiān bùduì) | 接受改编 (jiēshòu gǎibiān) | 完成改编 (wánchéng gǎibiān),这支部队后来被改编为一个独立团。,Zhè zhī bùduì hòulái bèi gǎibiān wéi yí ge dúlì tuán.,این نیرو بعدها به یک هنگ مستقل تجدید سازمان یافت.,
409,概率,gài lǜ,HSK 6,名,1,某件事情发生的可能性大小（名）,احتمال؛ احتمال وقوع (اسم),名,اسم,成功概率 (chénggōng gàilǜ) | 发生概率 (fāshēng gàilǜ) | 概率很低 (gàilǜ hěn dī),这次实验成功的概率很高。,Zhè cì shíyàn chénggōng de gàilǜ hěn gāo.,احتمال موفقیت این آزمایش بسیار زیاد است.,
410,改造,gǎi zào,HSK 6,动,1,在原有基础上改变事物的结构、功能或面貌，使其符合新的要求（及物动）,بازسازی کردن؛ تغییر کاربری یا ساختار دادن (فعل گذرا),及物动,فعل گذرا,改造旧房 (gǎizào jiùfáng) | 改造设备 (gǎizào shèbèi) | 改造旧城区 (gǎizào jiù chéngqū),政府正在改造这片老旧街区。,Zhèngfǔ zhèngzài gǎizào zhè piàn lǎojiù jiēqū.,دولت در حال بازسازی این محلهٔ قدیمی است.,
410,改造,gǎi zào,HSK 6,动,2,从根本上改变自然、社会、组织或人的思想和行为（及物动）,دگرگون کردن؛ اصلاح کردن (فعل گذرا),及物动,فعل گذرا,改造自然 (gǎizào zìrán) | 改造社会 (gǎizào shèhuì) | 改造思想 (gǎizào sīxiǎng),教育可以帮助人改造错误的思想。,Jiàoyù kěyǐ bāngzhù rén gǎizào cuòwù de sīxiǎng.,آموزش می‌تواند به اصلاح افکار نادرست افراد کمک کند.,
411,肝,gān,HSK 6,名,1,人和高等动物体内具有代谢、解毒等功能的重要器官（名）,کبد؛ جگر (اسم),名,اسم,肝功能 (gān gōngnéng) | 检查肝 (jiǎnchá gān) | 肝不好 (gān bù hǎo),医生建议他检查一下肝。,Yīshēng jiànyì tā jiǎnchá yíxià gān.,پزشک به او توصیه کرد کبدش را معاینه کند.,
412,干脆,gān cuì,HSK 6,形、副,1,说话或做事爽快、直接，不犹豫也不拖拉（形）,قاطع؛ بی‌معطلی و بی‌تعارف (صفت),形,صفت,办事干脆 (bànshì gāncuì) | 回答得很干脆 (huídá de hěn gāncuì) | 做事不够干脆 (zuòshì bú gòu gāncuì),他回答得很干脆，没有丝毫犹豫。,"Tā huídá de hěn gāncuì, méiyǒu sīháo yóuyù.",او بی‌درنگ و قاطع پاسخ داد و ذره‌ای تردید نکرد.,
412,干脆,gān cuì,HSK 6,形、副,2,表示索性采取某种简单、直接的做法（副）,یکسره؛ بهتر است اصلاً (قید),副,قید,干脆不去 (gāncuì bú qù) | 干脆告诉他 (gāncuì gàosu tā) | 干脆放弃 (gāncuì fàngqì),时间不够，我们干脆明天再去吧。,"Shíjiān bú gòu, wǒmen gāncuì míngtiān zài qù ba.",وقت کافی نیست؛ بهتر است اصلاً فردا برویم.,
413,尴尬,gān gà,HSK 6,形,1,处境不自然或难以应付，使人感到难为情（形）,معذب؛ ناجور؛ خجالت‌آور (صفت),形,صفت,感到尴尬 (gǎndào gāngà) | 场面尴尬 (chǎngmiàn gāngà) | 陷入尴尬 (xiànrù gāngà),他说错了对方的名字，显得很尴尬。,"Tā shuō cuò le duìfāng de míngzi, xiǎnde hěn gāngà.",او نام طرف مقابل را اشتباه گفت و بسیار معذب شد.,
414,钢笔,gāng bǐ,HSK 6,名,1,笔尖由金属制成、使用墨水书写的笔（名）,خودنویس (اسم),名,اسم,一支钢笔 (yì zhī gāngbǐ) | 用钢笔写字 (yòng gāngbǐ xiězì) | 钢笔没水了 (gāngbǐ méi shuǐ le),这支钢笔写起来很流畅。,Zhè zhī gāngbǐ xiě qǐlái hěn liúchàng.,این خودنویس بسیار روان می‌نویسد.,
415,港口,gǎng kǒu,HSK 6,名,1,供船舶停靠、装卸货物和人员上下的地方（名）,بندر؛ بندرگاه (اسم),名,اسم,重要港口 (zhòngyào gǎngkǒu) | 港口城市 (gǎngkǒu chéngshì) | 建设港口 (jiànshè gǎngkǒu),这座港口每天都有大量船只进出。,Zhè zuò gǎngkǒu měitiān dōu yǒu dàliàng chuánzhī jìnchū.,هر روز شمار زیادی شناور وارد این بندر می‌شوند و از آن خارج می‌شوند.,
416,岗位,gǎng wèi,HSK 6,名,1,由个人承担具体职责的工作职位或工作位置（名）,سمت؛ پست شغلی (اسم),名,اسم,坚守岗位 (jiānshǒu gǎngwèi) | 调整岗位 (tiáozhěng gǎngwèi) | 岗位职责 (gǎngwèi zhízé),他找到了一个适合自己的岗位。,Tā zhǎodào le yí ge shìhé zìjǐ de gǎngwèi.,او یک موقعیت شغلی مناسب برای خودش پیدا کرد.,
417,干旱,gān hàn,HSK 6,形、名,1,因降水少而缺乏水分的（形）,خشک؛ کم‌بارش (صفت),形,صفت,气候干旱 (qìhòu gānhàn) | 干旱地区 (gānhàn dìqū) | 土地干旱 (tǔdì gānhàn),这个地区气候干旱，降水很少。,"Zhège dìqū qìhòu gānhàn, jiàngshuǐ hěn shǎo.",آب‌وهوای این منطقه خشک است و بارندگی بسیار کمی دارد.,
417,干旱,gān hàn,HSK 6,形、名,2,因长期降水不足而造成的严重缺水现象（名）,خشکسالی (اسم),名,اسم,遭受干旱 (zāoshòu gānhàn) | 严重干旱 (yánzhòng gānhàn) | 应对干旱 (yìngduì gānhàn),持续的干旱影响了粮食生产。,Chíxù de gānhàn yǐngxiǎng le liángshi shēngchǎn.,خشکسالی مداوم بر تولید مواد غذایی تأثیر گذاشت.,
418,感激,gǎn jī,HSK 6,动,1,因得到帮助、关心或好意而心怀感谢（及物动）,سپاسگزار بودن؛ قدردان بودن (فعل گذرا),及物动,فعل گذرا,感激某人 (gǎnjī mǒurén) | 十分感激 (shífēn gǎnjī) | 心存感激 (xīncún gǎnjī),我非常感激你在困难时对我的帮助。,Wǒ fēicháng gǎnjī nǐ zài kùnnan shí duì wǒ de bāngzhù.,از کمکی که در دوران سخت به من کردی بسیار سپاسگزارم.,
419,赶忙,gǎn máng,HSK 6,副,1,因事情紧急而马上采取行动（副）,فوراً؛ با عجله (قید),副,قید,赶忙解释 (gǎnmáng jiěshì) | 赶忙过去 (gǎnmáng guòqù) | 赶忙站起来 (gǎnmáng zhàn qǐlái),听到孩子的哭声，她赶忙跑了过去。,"Tīngdào háizi de kūshēng, tā gǎnmáng pǎo le guòqù.",با شنیدن صدای گریهٔ کودک، فوراً به‌طرف او دوید.,
420,感染,gǎn rǎn,HSK 6,动,1,病原体进入人体或其他生物体并造成感染，也指使其染病（动）,آلوده یا مبتلا شدن؛ آلوده کردن (فعل),动,فعل,感染病毒 (gǎnrǎn bìngdú) | 伤口感染 (shāngkǒu gǎnrǎn) | 避免感染 (bìmiǎn gǎnrǎn),很多人感染了这种病毒。,Hěnduō rén gǎnrǎn le zhè zhǒng bìngdú.,افراد زیادی به این ویروس مبتلا شدند.,
420,感染,gǎn rǎn,HSK 6,动,2,通过语言、行为或艺术等影响他人的情绪和感受（及物动）,از نظر عاطفی تحت تأثیر قرار دادن (فعل گذرا),及物动,فعل گذرا,感染观众 (gǎnrǎn guānzhòng) | 深深感染 (shēnshēn gǎnrǎn) | 被热情感染 (bèi rèqíng gǎnrǎn),她充满热情的演讲感染了现场的观众。,Tā chōngmǎn rèqíng de yǎnjiǎng gǎnrǎn le xiànchǎng de guānzhòng.,سخنرانی پرشور او حاضران را از نظر عاطفی تحت تأثیر قرار داد.,
421,干扰,gān rǎo,HSK 6,动、名,1,扰乱人、设备或活动，使其不能正常工作或进行（及物动）,مختل کردن؛ مزاحم شدن (فعل گذرا),及物动,فعل گذرا,干扰工作 (gānrǎo gōngzuò) | 干扰判断 (gānrǎo pànduàn) | 干扰信号 (gānrǎo xìnhào),请不要干扰别人工作。,Qǐng bú yào gānrǎo biérén gōngzuò.,لطفاً مزاحم کار دیگران نشوید.,
421,干扰,gān rǎo,HSK 6,动、名,2,妨碍正常工作或活动的影响（名）,اختلال؛ مزاحمت؛ تداخل (اسم),名,اسم,受到干扰 (shòudào gānrǎo) | 外界干扰 (wàijiè gānrǎo) | 信号干扰 (xìnhào gānrǎo),通话受到了信号干扰。,Tōnghuà shòudào le xìnhào gānrǎo.,تماس به‌دلیل تداخل سیگنال دچار اختلال شد.,
422,感想,gǎn xiǎng,HSK 6,名,1,接触某件事物或经历某件事以后产生的想法和感受（名）,برداشت؛ نظر و احساس (اسم),名,اسم,谈谈感想 (tántan gǎnxiǎng) | 发表感想 (fābiǎo gǎnxiǎng) | 写下感想 (xiěxià gǎnxiǎng),请谈谈你看完这部电影后的感想。,Qǐng tántan nǐ kànwán zhè bù diànyǐng hòu de gǎnxiǎng.,لطفاً برداشت و احساست را پس از دیدن این فیلم بیان کن.,
423,干燥,gān zào,HSK 6,形、动,1,缺少水分或湿度很低的（形）,خشک؛ کم‌رطوبت (صفت),形,صفت,空气干燥 (kōngqì gānzào) | 皮肤干燥 (pífū gānzào) | 气候干燥 (qìhòu gānzào),冬天室内的空气很干燥。,Dōngtiān shìnèi de kōngqì hěn gānzào.,هوای داخل خانه در زمستان بسیار خشک است.,
423,干燥,gān zào,HSK 6,形、动,2,通过加热、通风等方法除去物体中的水分，多用于专业或生产语境（及物动）,خشک کردن، در کاربرد تخصصی یا صنعتی (فعل گذرا),及物动,فعل گذرا,干燥木材 (gānzào mùcái) | 干燥食品 (gānzào shípǐn) | 低温干燥 (dīwēn gānzào),这台机器可以快速干燥水果。,Zhè tái jīqì kěyǐ kuàisù gānzào shuǐguǒ.,این دستگاه می‌تواند میوه‌ها را به‌سرعت خشک کند.,
424,高层,gāo céng,HSK 6,名、形,1,楼层较多的，或建筑物中位置较高的楼层（形、名）,بلندمرتبه؛ طبقات بالا (صفت، اسم),形、名,صفت، اسم,高层建筑 (gāocéng jiànzhù) | 高层住宅 (gāocéng zhùzhái) | 住在高层 (zhù zài gāocéng),住在高层可以看到更远的地方。,Zhù zài gāocéng kěyǐ kàndào gèng yuǎn de dìfang.,از طبقات بالا می‌توان فاصلهٔ دورتری را دید.,
424,高层,gāo céng,HSK 6,名、形,2,组织或机构中具有较高职位和决策权的人员（名）,مدیران یا مقامات ارشد (اسم),名,اسم,公司高层 (gōngsī gāocéng) | 高层作出决定 (gāocéng zuòchū juédìng) | 进入高层 (jìnrù gāocéng),公司高层已经批准了这项计划。,Gōngsī gāocéng yǐjīng pīzhǔn le zhè xiàng jìhuà.,مدیران ارشد شرکت این طرح را تأیید کرده‌اند.,
424,高层,gāo céng,HSK 6,名、形,3,职位、级别或交流层次较高的（形）,عالی‌رتبه؛ در سطح بالا (صفت),形,صفت,高层领导 (gāocéng lǐngdǎo) | 高层会议 (gāocéng huìyì) | 高层交流 (gāocéng jiāoliú),两国将举行高层会谈。,Liǎng guó jiāng jǔxíng gāocéng huìtán.,دو کشور گفت‌وگوهایی در سطح عالی برگزار خواهند کرد.,
425,高超,gāo chāo,HSK 6,形,1,技术、能力或艺术水平非常高（形）,بسیار ماهر؛ چیره‌دست؛ در سطح بسیار بالا (صفت),形,صفت,技艺高超 (jìyì gāochāo) | 医术高超 (yīshù gāochāo) | 演技高超 (yǎnjì gāochāo),这位医生医术高超，经验也很丰富。,"Zhè wèi yīshēng yīshù gāochāo, jīngyàn yě hěn fēngfù.",این پزشک بسیار ماهر و باتجربه است.,
426,高等,gāo děng,HSK 6,形,1,等级、程度或发展阶段较高的（形）,عالی؛ پیشرفته؛ سطح‌بالا (صفت),形,صفت,高等教育 (gāoděng jiàoyù) | 高等数学 (gāoděng shùxué) | 高等动物 (gāoděng dòngwù),她正在国外接受高等教育。,Tā zhèngzài guówài jiēshòu gāoděng jiàoyù.,او در خارج از کشور مشغول تحصیلات عالی است.,
427,高端,gāo duān,HSK 6,形,1,在技术、质量、价格或市场定位等方面处于较高档次的（形）,رده‌بالا؛ ممتاز؛ پیشرفته (صفت),形,صفت,高端产品 (gāoduān chǎnpǐn) | 高端市场 (gāoduān shìchǎng) | 高端品牌 (gāoduān pǐnpái),这家公司主要生产高端医疗设备。,Zhè jiā gōngsī zhǔyào shēngchǎn gāoduān yīliáo shèbèi.,این شرکت عمدتاً تجهیزات پزشکی پیشرفته و رده‌بالا تولید می‌کند.,
428,高峰,gāo fēng,HSK 6,名,1,高大的山峰（名）,قلهٔ بلند (اسم),名,اسم,登上高峰 (dēngshàng gāofēng) | 攀登高峰 (pāndēng gāofēng) | 一座高峰 (yí zuò gāofēng),登山队终于登上了这座高峰。,Dēngshānduì zhōngyú dēngshàng le zhè zuò gāofēng.,گروه کوهنوردی سرانجام به این قلهٔ بلند صعود کرد.,
428,高峰,gāo fēng,HSK 6,名,2,事物发展或活动最旺盛、程度最高的阶段（名）,اوج؛ زمان اوج (اسم),名,اسم,达到高峰 (dádào gāofēng) | 事业高峰 (shìyè gāofēng) | 交通高峰 (jiāotōng gāofēng),他在四十岁时达到了事业的高峰。,Tā zài sìshí suì shí dádào le shìyè de gāofēng.,او در چهل‌سالگی به اوج فعالیت حرفه‌ای خود رسید.,
429,稿件,gǎo jiàn,HSK 6,名,1,准备发表、出版或播出的文章、图像等作品（名）,مطلب یا اثر آمادهٔ انتشار؛ نسخهٔ ارسالی (اسم),名,اسم,收到稿件 (shōudào gǎojiàn) | 修改稿件 (xiūgǎi gǎojiàn) | 审核稿件 (shěnhé gǎojiàn),编辑已经收到你寄来的稿件。,Biānjí yǐjīng shōudào nǐ jìlái de gǎojiàn.,ویراستار مطلبی را که فرستاده بودی دریافت کرده است.,
430,高尚,gāo shàng,HSK 6,形,1,道德、品格、情操或理想等崇高而值得尊敬的（形）,والا؛ شریف؛ والامنش (صفت),形,صفت,品德高尚 (pǐndé gāoshàng) | 情操高尚 (qíngcāo gāoshàng) | 高尚理想 (gāoshàng lǐxiǎng),他是一位品德高尚、值得尊敬的人。,"Tā shì yí wèi pǐndé gāoshàng, zhídé zūnjìng de rén.",او فردی شریف و شایستهٔ احترام است.,
431,高手,gāo shǒu,HSK 6,名,1,在某种技能、活动或专业领域中水平很高的人（名）,خبره؛ استادکار؛ فرد بسیار ماهر (اسم),名,اسم,电脑高手 (diànnǎo gāoshǒu) | 围棋高手 (wéiqí gāoshǒu) | 武林高手 (wǔlín gāoshǒu),他是我们团队里的编程高手。,Tā shì wǒmen tuánduì lǐ de biānchéng gāoshǒu.,او متخصص برنامه‌نویسی تیم ماست.,
432,高新技术,gāo xīn jì shù,HSK 6,名,1,建立在最新科学成果基础上、技术水平较高的新技术（名）,فناوری پیشرفته و نوین (اسم),名,اسم,发展高新技术 (fāzhǎn gāoxīn jìshù) | 引进高新技术 (yǐnjìn gāoxīn jìshù) | 高新技术产业 (gāoxīn jìshù chǎnyè),这家公司专门研发高新技术。,Zhè jiā gōngsī zhuānmén yánfā gāoxīn jìshù.,این شرکت به‌طور تخصصی روی فناوری‌های پیشرفته و نوین تحقیق و توسعه می‌کند.,
433,高原,gāo yuán,HSK 6,名,1,海拔较高、地势相对平坦的广大地区（名）,فلات (اسم),名,اسم,青藏高原 (Qīng-Zàng Gāoyuán) | 高原地区 (gāoyuán dìqū) | 高原气候 (gāoyuán qìhòu),青藏高原是世界上海拔最高的高原。,Qīng-Zàng Gāoyuán shì shìjiè shàng hǎibá zuì gāo de gāoyuán.,فلات چینگهای‌ـ‌تبت مرتفع‌ترین فلات جهان است.,
434,稿子,gǎozi,HSK 6,名,1,文章、讲话等的文字材料，可以是草稿或已经完成的文本，较口语（名）,متن؛ دست‌نوشته؛ پیش‌نویس، محاوره‌ای (اسم),名,اسم,写稿子 (xiě gǎozi) | 修改稿子 (xiūgǎi gǎozi) | 准备稿子 (zhǔnbèi gǎozi),我还在修改明天演讲的稿子。,Wǒ hái zài xiūgǎi míngtiān yǎnjiǎng de gǎozi.,هنوز مشغول ویرایش متن سخنرانی فردا هستم.,
435,割,gē,HSK 6,动,1,用刀或其他锋利的东西切开、切断或使人受伤（及物动）,بریدن؛ زخم کردن با وسیلهٔ تیز (فعل گذرا),及物动,فعل گذرا,割开绳子 (gēkāi shéngzi) | 割下一块肉 (gēxià yí kuài ròu) | 把手割了 (bǎ shǒu gē le),他用刀割开了绳子。,Tā yòng dāo gēkāi le shéngzi.,او طناب را با چاقو برید.,
435,割,gē,HSK 6,动,2,用镰刀等工具收割庄稼或除去草（及物动）,درو کردن؛ چیدن (فعل گذرا),及物动,فعل گذرا,割麦子 (gē màizi) | 割稻子 (gē dàozi) | 割草 (gē cǎo),农民们正在地里割麦子。,Nóngmínmen zhèngzài dìli gē màizi.,کشاورزان در مزرعه مشغول درو کردن گندم هستند.,
436,隔壁,gé bì,HSK 6,名,1,紧邻的房间、房屋或位置，也可指住在那里的人（名）,جای بغلی؛ خانه یا اتاق کناری؛ همسایهٔ دیواربه‌دیوار (اسم),名,اسم,住在隔壁 (zhù zài gébì) | 隔壁房间 (gébì fángjiān) | 隔壁邻居 (gébì línjū),隔壁住着一位独居的老人。,Gébì zhùzhe yí wèi dújū de lǎorén.,در خانهٔ بغلی سالمندی تنها زندگی می‌کند.,
437,歌唱,gē chàng,HSK 6,动,1,发出有节奏、有旋律的声音来唱歌（不及物动）,آواز خواندن (فعل ناگذر),不及物动,فعل ناگذر,放声歌唱 (fàngshēng gēchàng) | 尽情歌唱 (jìnqíng gēchàng) | 一起歌唱 (yìqǐ gēchàng),孩子们在舞台上尽情歌唱。,Háizimen zài wǔtái shàng jìnqíng gēchàng.,بچه‌ها روی صحنه با شور و شوق آواز می‌خوانند.,
437,歌唱,gē chàng,HSK 6,动,2,用歌曲、诗文等赞美某人或某种事物（及物动）,ستودن؛ در وصف چیزی خواندن (فعل گذرا),及物动,فعل گذرا,歌唱祖国 (gēchàng zǔguó) | 歌唱生活 (gēchàng shēnghuó) | 歌唱英雄 (gēchàng yīngxióng),这首歌歌唱了普通劳动者的生活。,Zhè shǒu gē gēchàng le pǔtōng láodòngzhě de shēnghuó.,این ترانه در وصف زندگی کارگران عادی است.,
438,革命,gé mìng,HSK 6,名、动,1,通过重大政治行动推翻旧的社会制度或政权并建立新制度（名）,انقلاب سیاسی یا اجتماعی (اسم),名,اسم,发动革命 (fādòng gémìng) | 参加革命 (cānjiā gémìng) | 革命胜利 (gémìng shènglì),这场革命彻底改变了国家的政治制度。,Zhè chǎng gémìng chèdǐ gǎibiàn le guójiā de zhèngzhì zhìdù.,این انقلاب نظام سیاسی کشور را کاملاً تغییر داد.,
438,革命,gé mìng,HSK 6,名、动,2,在科技、生产、思想等领域发生的根本性重大变革（名）,تحول بنیادی؛ انقلاب (اسم),名,اسم,工业革命 (gōngyè gémìng) | 技术革命 (jìshù gémìng) | 信息革命 (xìnxī gémìng),互联网引发了一场深刻的信息革命。,Hùliánwǎng yǐnfā le yì chǎng shēnkè de xìnxī gémìng.,اینترنت انقلابی عمیق در حوزهٔ اطلاعات به وجود آورد.,
438,革命,gé mìng,HSK 6,名、动,3,为推翻旧制度或旧政权而进行斗争，多用于政治或历史语境（不及物动）,انقلاب کردن، در کاربرد سیاسی یا تاریخی (فعل ناگذر),不及物动,فعل ناگذر,起来革命 (qǐlái gémìng) | 为自由而革命 (wèi zìyóu ér gémìng) | 革命到底 (gémìng dàodǐ),他们决定起来革命，推翻旧制度。,"Tāmen juédìng qǐlái gémìng, tuīfān jiù zhìdù.",آن‌ها تصمیم گرفتند قیام کنند و نظام قدیم را براندازند.,
439,跟前,gēn qián,HSK 6,名,1,某人的面前或身边，也可指距离说话人很近的地方（名）,جلوی کسی؛ نزد و کنار کسی (اسم مکانی),名,اسم مکانی,走到跟前 (zǒu dào gēnqián) | 在我跟前 (zài wǒ gēnqián) | 父母跟前 (fùmǔ gēnqián),孩子跑到妈妈跟前，拉住了她的手。,"Háizi pǎo dào māma gēnqián, lāzhù le tā de shǒu.",کودک به‌طرف مادرش دوید و دست او را گرفت.,
440,跟随,gēn suí,HSK 6,动,1,跟在某人或某事物后面行动，也指随同某人学习、工作或采取相同做法（及物动）,دنبال کردن؛ همراه یا پیرو شدن (فعل گذرا),及物动,فعل گذرا,跟随导游 (gēnsuí dǎoyóu) | 紧紧跟随 (jǐnjǐn gēnsuí) | 跟随老师学习 (gēnsuí lǎoshī xuéxí),游客们跟随导游走进了博物馆。,Yóukèmen gēnsuí dǎoyóu zǒujìn le bówùguǎn.,گردشگران به‌دنبال راهنما وارد موزه شدند.,
441,跟踪,gēn zōng,HSK 6,动,1,跟在某人或某个目标后面进行监视或追踪（及物动）,تعقیب کردن؛ زیر نظر گرفتن (فعل گذرا),及物动,فعل گذرا,跟踪嫌疑人 (gēnzōng xiányírén) | 秘密跟踪 (mìmì gēnzōng) | 一路跟踪 (yílù gēnzōng),警方正在秘密跟踪嫌疑人。,Jǐngfāng zhèngzài mìmì gēnzōng xiányírén.,پلیس در حال تعقیب مخفیانهٔ مظنون است.,
441,跟踪,gēn zōng,HSK 6,动,2,持续观察并掌握事物的位置、状态或发展情况（及物动）,ردیابی کردن؛ پیگیری کردن (فعل گذرا),及物动,فعل گذرا,跟踪进展 (gēnzōng jìnzhǎn) | 跟踪货物 (gēnzōng huòwù) | 跟踪数据 (gēnzōng shùjù),你可以在网上跟踪货物的运输情况。,Nǐ kěyǐ zài wǎngshàng gēnzōng huòwù de yùnshū qíngkuàng.,می‌توانی وضعیت ارسال کالا را در اینترنت پیگیری کنی.,
442,个体,gè tǐ,HSK 6,名,1,相对于集体或总体而言，单独存在的人、生物或事物（名）,فرد؛ واحد مستقل (اسم),名,اسم,个体差异 (gètǐ chāyì) | 独立个体 (dúlì gètǐ) | 每个个体 (měi ge gètǐ),每个个体都有自己的特点。,Měi ge gètǐ dōu yǒu zìjǐ de tèdiǎn.,هر فرد ویژگی‌های خاص خودش را دارد.,
443,公,gōng,HSK 6,形,1,动物中雄性的，与“母”相对（形）,نر (صفت),形,صفت,公的 (gōng de) | 公猫 (gōng māo) | 公兔子 (gōng tùzi),这只兔子是公的。,Zhè zhī tùzi shì gōng de.,این خرگوش نر است.,
444,宫,gōng,HSK 6,名,1,帝王、皇室成员等居住的规模较大的建筑，主要用于历史语境（名）,کاخ؛ قصر، بیشتر در کاربرد تاریخی (اسم),名,اسم,住在宫里 (zhù zài gōng lǐ) | 进入宫中 (jìnrù gōngzhōng) | 被召进宫 (bèi zhào jìn gōng),皇帝和家人住在宫里。,Huángdì hé jiārén zhù zài gōng lǐ.,امپراتور و خانواده‌اش در کاخ زندگی می‌کردند.,
445,公安,gōng ān,HSK 6,名,1,负责维护社会治安、侦查案件等工作的政府机关，也可统称其工作人员（名）,پلیس و نهادهای امنیت عمومی (اسم),名,اسم,公安机关 (gōng'ān jīguān) | 公安人员 (gōng'ān rényuán) | 向公安报案 (xiàng gōng'ān bào'àn),公安机关正在调查这起案件。,Gōng'ān jīguān zhèngzài diàochá zhè qǐ ànjiàn.,پلیس در حال بررسی این پرونده است.,
446,工地,gōng dì,HSK 6,名,1,进行建筑、道路等工程施工的场所（名）,کارگاه؛ محل ساخت‌وساز (اسم),名,اسم,进入工地 (jìnrù gōngdì) | 工地现场 (gōngdì xiànchǎng) | 在工地干活 (zài gōngdì gànhuó),工人们正在工地上施工。,Gōngrénmen zhèngzài gōngdì shàng shīgōng.,کارگران در محل ساخت‌وساز مشغول کار هستند.,
447,工夫,gōngfu,HSK 6,名,1,时间或可以自由使用的时间（名）,وقت؛ فرصت (اسم),名,اسم,没工夫 (méi gōngfu) | 一会儿工夫 (yíhuìr gōngfu) | 三天工夫 (sān tiān gōngfu),我今天没工夫陪你出去。,Wǒ jīntiān méi gōngfu péi nǐ chūqù.,امروز وقت ندارم با تو بیرون بیایم.,
447,工夫,gōngfu,HSK 6,名,2,为完成某件事情花费的时间和精力（名）,وقت و زحمت؛ تلاش (اسم),名,اسم,下工夫 (xià gōngfu) | 花工夫 (huā gōngfu) | 费工夫 (fèi gōngfu),学好一门语言需要下工夫。,Xuéhǎo yì mén yǔyán xūyào xià gōngfu.,یادگیری درست یک زبان به وقت و تلاش نیاز دارد.,
447,工夫,gōngfu,HSK 6,名,3,长期练习形成的技能或修养，也常写作“功夫”（名）,مهارت؛ تبحر (اسم),名,اسم,真工夫 (zhēn gōngfu) | 手上有工夫 (shǒu shàng yǒu gōngfu) | 工夫很深 (gōngfu hěn shēn),他的书法很有工夫。,Tā de shūfǎ hěn yǒu gōngfu.,او در خوشنویسی مهارت زیادی دارد.,
448,公告,gōng gào,HSK 6,名,1,向公众正式发布的通知或说明（名）,اطلاعیه؛ اعلامیهٔ رسمی (اسم),名,اسم,发布公告 (fābù gōnggào) | 官方公告 (guānfāng gōnggào) | 查看公告 (chákàn gōnggào),学校发布了关于放假的最新公告。,Xuéxiào fābù le guānyú fàngjià de zuìxīn gōnggào.,مدرسه تازه‌ترین اطلاعیه دربارهٔ تعطیلات را منتشر کرد.,
449,巩固,gǒng gù,HSK 6,动、形,1,使已有的基础、成果、地位或关系等更加牢固（及物动）,تحکیم کردن؛ تثبیت کردن (فعل گذرا),及物动,فعل گذرا,巩固基础 (gǒnggù jīchǔ) | 巩固成果 (gǒnggù chéngguǒ) | 巩固关系 (gǒnggù guānxì),课后复习有助于巩固所学知识。,Kèhòu fùxí yǒuzhù yú gǒnggù suǒ xué zhīshi.,مرور درس پس از کلاس به تثبیت آموخته‌ها کمک می‌کند.,
449,巩固,gǒng gù,HSK 6,动、形,2,牢固而不容易动摇或改变的（形）,مستحکم؛ تثبیت‌شده (صفت),形,صفت,基础巩固 (jīchǔ gǒnggù) | 地位巩固 (dìwèi gǒnggù) | 不够巩固 (bú gòu gǒnggù),他的基础知识还不够巩固。,Tā de jīchǔ zhīshi hái bú gòu gǒnggù.,دانش پایهٔ او هنوز به‌اندازهٔ کافی تثبیت نشده است.,
450,共计,gòng jì,HSK 6,动、副,1,合计或总共达到某个数量（动、副）,در مجموع بودن؛ جمعاً (فعل، قید),动、副,فعل، قید,共计五百元 (gòngjì wǔbǎi yuán) | 共计三百人 (gòngjì sānbǎi rén) | 两项共计 (liǎng xiàng gòngjì),两项费用共计五百元。,Liǎng xiàng fèiyòng gòngjì wǔbǎi yuán.,مجموع این دو هزینه پانصد یوان است.,
451,供给,gōngjǐ,HSK 6,动,1,提供所需的东西（动）,تأمین کردن؛ فراهم کردن (فعل),动,فعل,供给能源（gōngjǐ néngyuán）；供给物资（gōngjǐ wùzī）；供给市场（gōngjǐ shìchǎng）,工厂负责供给原材料。,Gōngchǎng fùzé gōngjǐ yuáncáiliào.,کارخانه مسئول تأمین مواد اولیه است.,
451,供给,gōngjǐ,HSK 6,名,2,供应的数量或能力（名）,عرضه؛ تأمین (اسم),名,اسم,市场供给（shìchǎng gōngjǐ）；供给不足（gōngjǐ bùzú）；供给能力（gōngjǐ nénglì）,市场供给比较稳定。,Shìchǎng gōngjǐ bǐjiào wěndìng.,عرضه بازار نسبتاً پایدار است.,
451,供给,gōng jǐ,HSK 6,动、名,3,把生活、生产等所需要的物资、能源等提供给人或单位，较正式（及物动）,تأمین و در اختیار گذاشتن، رسمی (فعل گذرا),及物动,فعل گذرا,供给物资 (gōngjǐ wùzī) | 供给能源 (gōngjǐ néngyuán) | 供给生活用品 (gōngjǐ shēnghuó yòngpǐn),这座电站向附近的工厂供给电力。,Zhè zuò diànzhàn xiàng fùjìn de gōngchǎng gōngjǐ diànlì.,این نیروگاه برق کارخانه‌های اطراف را تأمین می‌کند.,
451,供给,gōng jǐ,HSK 6,动、名,4,为满足需求而提供的物资、数量或能力，常用于经济等正式语境（名）,عرضه؛ میزان عرضه، رسمی (اسم),名,اسم,市场供给 (shìchǎng gōngjǐ) | 商品供给 (shāngpǐn gōngjǐ) | 供给不足 (gōngjǐ bùzú),这种商品的市场供给比较稳定。,Zhè zhǒng shāngpǐn de shìchǎng gōngjǐ bǐjiào wěndìng.,عرضهٔ این کالا در بازار نسبتاً پایدار است.,
452,攻击,gōngjī,HSK 6,动,1,发起进攻；打击（动）,حمله کردن (فعل),动,فعل,攻击目标（gōngjī mùbiāo）；网络攻击（wǎngluò gōngjī）；语言攻击（yǔyán gōngjī）,敌人开始攻击。,Dírén kāishǐ gōngjī.,دشمن حمله را آغاز کرد.,
452,攻击,gōngjī,HSK 6,名,2,进攻行为（名）,حمله (اسم),名,اسم,发动攻击（fādòng gōngjī）；受到攻击（shòudào gōngjī）；猛烈攻击（měngliè gōngjī）,他遭到了网络攻击。,Tā zāodào le wǎngluò gōngjī.,او هدف حمله سایبری قرار گرفت.,
452,攻击,gōng jī,HSK 6,动、名,3,用武力、言语或技术手段等向某个目标发起进攻或造成伤害（及物动）,حمله کردن؛ مورد حمله قرار دادن (فعل گذرا),及物动,فعل گذرا,攻击目标 (gōngjī mùbiāo) | 攻击敌军 (gōngjī díjūn) | 攻击网站 (gōngjī wǎngzhàn),敌军开始攻击我们的阵地。,Díjūn kāishǐ gōngjī wǒmen de zhèndì.,نیروهای دشمن حمله به مواضع ما را آغاز کردند.,
452,攻击,gōng jī,HSK 6,动、名,4,针对某人或某个目标的进攻、伤害或破坏行为（名）,حمله (اسم),名,اسم,发动攻击 (fādòng gōngjī) | 受到攻击 (shòudào gōngjī) | 网络攻击 (wǎngluò gōngjī),该网站昨晚遭到了网络攻击。,Gāi wǎngzhàn zuówǎn zāodào le wǎngluò gōngjī.,این وب‌سایت دیشب هدف حملهٔ سایبری قرار گرفت.,
453,公开,gōngkāi,HSK 6,动,1,公开出来（动）,علنی کردن؛ منتشر کردن (فعل),动,فعل,公开信息（gōngkāi xìnxī）；公开发表（gōngkāi fābiǎo）；公开身份（gōngkāi shēnfèn）,公司公开了调查结果。,Gōngsī gōngkāi le diàochá jiéguǒ.,شرکت نتایج تحقیق را منتشر کرد.,
453,公开,gōngkāi,HSK 6,形,2,不保密的（形）,علنی؛ آشکار (صفت),形,صفت,公开场合（gōngkāi chǎnghé）；公开课（gōngkāi kè）；公开信（gōngkāi xìn）,这是一次公开会议。,Zhè shì yícì gōngkāi huìyì.,این یک جلسه علنی است.,
453,公开,gōng kāi,HSK 6,动、形、副,3,把原来保密或不为人知的事情向公众公布（及物动）,علنی یا افشا کردن؛ به اطلاع عموم رساندن (فعل گذرا),及物动,فعل گذرا,公开结果 (gōngkāi jiéguǒ) | 公开身份 (gōngkāi shēnfèn) | 向社会公开 (xiàng shèhuì gōngkāi),公司公开了调查结果。,Gōngsī gōngkāi le diàochá jiéguǒ.,شرکت نتایج بررسی را به اطلاع عموم رساند.,
453,公开,gōng kāi,HSK 6,动、形、副,4,不保密或允许公众参加、了解的（形）,علنی؛ عمومی؛ در دسترس همگان (صفت),形,صفت,公开会议 (gōngkāi huìyì) | 公开场合 (gōngkāi chǎnghé) | 信息公开 (xìnxī gōngkāi),这次会议将对公众公开。,Zhè cì huìyì jiāng duì gōngzhòng gōngkāi.,این جلسه برای عموم آزاد خواهد بود.,
453,公开,gōng kāi,HSK 6,动、形、副,5,不加掩饰地在公众面前进行或表达（副）,علناً؛ آشکارا (قید),副,قید,公开表示 (gōngkāi biǎoshì) | 公开批评 (gōngkāi pīpíng) | 公开道歉 (gōngkāi dàoqiàn),他公开表示反对这项决定。,Tā gōngkāi biǎoshì fǎnduì zhè xiàng juédìng.,او علناً مخالفت خود را با این تصمیم اعلام کرد.,
454,公民,gōngmín,HSK 6,名,1,具有某国国籍的人（名）,شهروند (اسم),名,اسم,公民权利（gōngmín quánlì）；公民义务（gōngmín yìwù）；公民社会（gōngmín shèhuì）,每个公民都有选举权。,Měi gè gōngmín dōu yǒu xuǎnjǔquán.,هر شهروند حق رأی دارد.,
454,公民,gōng mín,HSK 6,名,2,具有某个国家国籍，并依法享有权利、承担义务的人（名）,شهروند (اسم),名,اسم,公民权利 (gōngmín quánlì) | 公民义务 (gōngmín yìwù) | 本国公民 (běnguó gōngmín),每个公民都依法享有基本权利。,Měi ge gōngmín dōu yīfǎ xiǎngyǒu jīběn quánlì.,هر شهروند طبق قانون از حقوق اساسی برخوردار است.,
455,公认,gōngrèn,HSK 6,动,1,大家一致承认（动）,به‌طور عمومی پذیرفته شدن (فعل),动,فعل,公认标准（gōngrèn biāozhǔn）；公认事实（gōngrèn shìshí）；公认专家（gōngrèn zhuānjiā）,他是公认的专家。,Tā shì gōngrèn de zhuānjiā.,او متخصصی است که همگان او را پذیرفته‌اند.,
455,公认,gōng rèn,HSK 6,动,2,被大家普遍承认或一致认为（动）,مورد قبول همگان بودن؛ همگان کسی یا چیزی را چنین دانستن (فعل),动,فعل,公认的事实 (gōngrèn de shìshí) | 公认的标准 (gōngrèn de biāozhǔn) | 被公认为 (bèi gōngrèn wéi),他被公认为这个领域最出色的专家之一。,Tā bèi gōngrèn wéi zhège lǐngyù zuì chūsè de zhuānjiā zhī yī.,همگان او را یکی از برجسته‌ترین متخصصان این حوزه می‌دانند.,
456,功效,gōngxiào,HSK 6,名,1,作用和效果（名）,اثر؛ کارایی؛ اثربخشی (اسم),名,اسم,药物功效（yàowù gōngxiào）；治疗功效（zhìliáo gōngxiào）；功效显著（gōngxiào xiǎnzhù）,这种药功效很好。,Zhè zhǒng yào gōngxiào hěn hǎo.,این دارو اثربخشی خوبی دارد.,
456,功效,gōng xiào,HSK 6,名,2,药物、产品或方法所具有的功能和实际效果（名）,خاصیت؛ اثر؛ کارایی (اسم),名,اسم,药物功效 (yàowù gōngxiào) | 美容功效 (měiróng gōngxiào) | 功效显著 (gōngxiào xiǎnzhù),这种药有缓解疼痛的功效。,Zhè zhǒng yào yǒu huǎnjiě téngtòng de gōngxiào.,این دارو خاصیت تسکین درد دارد.,
457,工序,gōngxù,HSK 6,名,1,生产过程中的步骤（名）,مرحلهٔ تولید؛ فرایند کاری (اسم),名,اسم,生产工序（shēngchǎn gōngxù）；加工工序（jiāgōng gōngxù）；工序管理（gōngxù guǎnlǐ）,这道工序不能省略。,Zhè dào gōngxù bùnéng shěnglüè.,این مرحلهٔ تولید را نمی‌توان حذف کرد.,
457,工序,gōng xù,HSK 6,名,2,生产或加工过程中按照顺序进行的一道具体操作（名）,مرحلهٔ کار یا تولید (اسم),名,اسم,一道工序 (yí dào gōngxù) | 生产工序 (shēngchǎn gōngxù) | 简化工序 (jiǎnhuà gōngxù),这道工序不能省略。,Zhè dào gōngxù bùnéng shěnglüè.,این مرحله از فرایند تولید را نمی‌توان حذف کرد.,
458,公益,gōngyì,HSK 6,名,1,公共利益和福利事业（名）,امور خیریه؛ منفعت عمومی (اسم),名,اسم,公益活动（gōngyì huódòng）；公益组织（gōngyì zǔzhī）；公益项目（gōngyì xiàngmù）,他一直参加公益活动。,Tā yìzhí cānjiā gōngyì huódòng.,او همیشه در فعالیت‌های خیریه شرکت می‌کند.,
458,公益,gōng yì,HSK 6,名,2,社会公众的共同利益，或为公众利益服务的事业（名）,منفعت عمومی؛ امور عام‌المنفعه (اسم),名,اسم,热心公益 (rèxīn gōngyì) | 从事公益 (cóngshì gōngyì) | 公益活动 (gōngyì huódòng),他多年来一直热心公益。,Tā duōnián lái yìzhí rèxīn gōngyì.,او سال‌هاست که در امور عام‌المنفعه فعالیت می‌کند.,
459,供应,gōngyìng,HSK 6,动,1,提供所需要的东西（动）,عرضه کردن؛ تأمین کردن (فعل),动,فعل,供应市场（gōngyìng shìchǎng）；供应商品（gōngyìng shāngpǐn）；供应电力（gōngyìng diànlì）,公司负责供应原料。,Gōngsī fùzé gōngyìng yuánliào.,شرکت مسئول تأمین مواد اولیه است.,
459,供应,gōngyìng,HSK 6,名,2,供应情况（名）,عرضه؛ تأمین (اسم),名,اسم,能源供应（néngyuán gōngyìng）；供应不足（gōngyìng bùzú）；供应链（gōngyìngliàn）,今年能源供应稳定。,Jīnnián néngyuán gōngyìng wěndìng.,امسال عرضهٔ انرژی پایدار بوده است.,
459,供应,gōng yìng,HSK 6,动、名,3,持续提供人们生活、生产或使用所需要的商品、物资或能源（及物动）,تأمین یا عرضه کردن (فعل گذرا),及物动,فعل گذرا,供应原料 (gōngyìng yuánliào) | 供应商品 (gōngyìng shāngpǐn) | 供应电力 (gōngyìng diànlì),这家公司向多家工厂供应原料。,Zhè jiā gōngsī xiàng duō jiā gōngchǎng gōngyìng yuánliào.,این شرکت مواد اولیهٔ چندین کارخانه را تأمین می‌کند.,
459,供应,gōng yìng,HSK 6,动、名,4,商品、物资或能源的提供情况或数量（名）,عرضه؛ وضعیت تأمین (اسم),名,اسم,能源供应 (néngyuán gōngyìng) | 供应充足 (gōngyìng chōngzú) | 保证供应 (bǎozhèng gōngyìng),今年冬季的能源供应比较稳定。,Jīnnián dōngjì de néngyuán gōngyìng bǐjiào wěndìng.,تأمین انرژی در زمستان امسال نسبتاً پایدار است.,
460,公元,gōngyuán,HSK 6,名,1,国际通用纪年法（名）,میلادی؛ دوران مشترک (اسم),名,اسم,公元前（gōngyuánqián）；公元后（gōngyuánhòu）；公元二〇二六年（Gōngyuán èr líng èr liù nián）,这座建筑建于公元八世纪。,Zhè zuò jiànzhù jiànyú Gōngyuán bā shìjì.,این بنا در قرن هشتم میلادی ساخته شده است.,
460,公元,gōng yuán,HSK 6,名,2,国际通用的纪年体系，以传统上认定的耶稣诞生之年为起点（名）,گاه‌شماری میلادی؛ میلادی (اسم),名,اسم,公元前 (gōngyuán qián) | 公元八世纪 (gōngyuán bā shìjì) | 公元一世纪 (gōngyuán yī shìjì),这座建筑建于公元八世纪。,Zhè zuò jiànzhù jiànyú gōngyuán bā shìjì.,این بنا در قرن هشتم میلادی ساخته شده است.,
461,公正,gōng zhèng,HSK 6,形,1,处理事情公平、正直，不偏向任何一方（形）,عادل؛ منصف و بی‌طرف (صفت),形,صفت,办事公正 (bànshì gōngzhèng) | 公正处理 (gōngzhèng chǔlǐ) | 公正评价 (gōngzhèng píngjià),法官审理案件时必须保持公正。,Fǎguān shěnlǐ ànjiàn shí bìxū bǎochí gōngzhèng.,قاضی هنگام رسیدگی به پرونده باید منصف و بی‌طرف باشد.,
462,公众,gōng zhòng,HSK 6,名,1,社会上的普通民众或社会大众（名）,عموم مردم (اسم),名,اسم,社会公众 (shèhuì gōngzhòng) | 面向公众 (miànxiàng gōngzhòng) | 公众关注 (gōngzhòng guānzhù),这件事引起了公众的广泛关注。,Zhè jiàn shì yǐnqǐ le gōngzhòng de guǎngfàn guānzhù.,این موضوع توجه گستردهٔ عموم مردم را جلب کرد.,
463,公主,gōng zhǔ,HSK 6,名,1,君主、国王或皇帝的女儿（名）,شاهزاده‌خانم (اسم),名,اسم,一位公主 (yí wèi gōngzhǔ) | 扮演公主 (bànyǎn gōngzhǔ) | 公主的婚礼 (gōngzhǔ de hūnlǐ),小女孩梦想成为童话里的公主。,Xiǎo nǚhái mèngxiǎng chéngwéi tónghuà lǐ de gōngzhǔ.,دختر کوچک آرزو دارد شاهزاده‌خانمِ قصه‌ها شود.,
464,沟,gōu,HSK 6,名,1,地面上天然形成或人工挖出的狭长低凹部分，常用于流水、排水等（名）,جوی؛ شیار یا گودال باریک و دراز (اسم),名,اسم,一条沟 (yì tiáo gōu) | 路边的沟 (lùbiān de gōu) | 挖一条沟 (wā yì tiáo gōu),工人们在路边挖了一条沟。,Gōngrénmen zài lùbiān wā le yì tiáo gōu.,کارگران کنار جاده یک جوی حفر کردند.,
465,构造,gòu zào,HSK 6,名、动,1,事物各个组成部分的安排、组织及相互关系（名）,ساختار؛ ساختمان اجزا (اسم),名,اسم,内部构造 (nèibù gòuzào) | 地质构造 (dìzhì gòuzào) | 人体构造 (réntǐ gòuzào),人体的内部构造十分复杂。,Réntǐ de nèibù gòuzào shífēn fùzá.,ساختار داخلی بدن انسان بسیار پیچیده است.,
465,构造,gòu zào,HSK 6,名、动,2,按照一定的方式组织各个部分，形成一个整体，多用于技术或学术语境（及物动）,ساختن؛ ساختاربندی کردن، در کاربرد تخصصی (فعل گذرا),及物动,فعل گذرا,构造模型 (gòuzào móxíng) | 构造体系 (gòuzào tǐxì) | 构造理论框架 (gòuzào lǐlùn kuāngjià),研究人员构造了一个新的理论模型。,Yánjiū rényuán gòuzào le yí ge xīn de lǐlùn móxíng.,پژوهشگران مدل نظری جدیدی ساختند.,
466,顾,gù,HSK 6,动,1,照看或照料人、家庭、店铺等，多用于口语（及物动）,مراقبت کردن؛ رسیدگی کردن، محاوره‌ای (فعل گذرا),及物动,فعل گذرا,顾孩子 (gù háizi) | 顾家 (gù jiā) | 顾店 (gù diàn),她白天工作，晚上还要顾孩子。,"Tā báitiān gōngzuò, wǎnshang hái yào gù háizi.",او روزها کار می‌کند و شب‌ها نیز باید از بچه مراقبت کند.,
466,顾,gù,HSK 6,动,2,考虑到某人、某事或某种后果（及物动）,در نظر گرفتن؛ ملاحظه کردن (فعل گذرا),及物动,فعل گذرا,顾大局 (gù dàjú) | 不顾后果 (bú gù hòuguǒ) | 只顾自己 (zhǐ gù zìjǐ),做决定时不能只顾自己。,Zuò juédìng shí bùnéng zhǐ gù zìjǐ.,هنگام تصمیم‌گیری نباید فقط خودت را در نظر بگیری.,
467,拐,guǎi,HSK 6,动、名,1,行进时改变方向，转向另一条路或另一边（不及物动）,پیچیدن؛ تغییر مسیر دادن (فعل ناگذر),不及物动,فعل ناگذر,向左拐 (xiàng zuǒ guǎi) | 向右拐 (xiàng yòu guǎi) | 拐进小路 (guǎi jìn xiǎolù),到前面的路口向右拐。,Dào qiánmiàn de lùkǒu xiàng yòu guǎi.,در تقاطع جلو به راست بپیچ.,
467,拐,guǎi,HSK 6,动、名,2,用欺骗、诱惑等手段把人带走（及物动）,فریب دادن و با خود بردن؛ ربودن (فعل گذرا),及物动,فعل گذرا,拐走孩子 (guǎizǒu háizi) | 把人拐走 (bǎ rén guǎizǒu) | 被拐儿童 (bèi guǎi értóng),警方救出了几个被拐的儿童。,Jǐngfāng jiùchū le jǐ ge bèi guǎi de értóng.,پلیس چند کودک ربوده‌شده را نجات داد.,
467,拐,guǎi,HSK 6,动、名,3,“拐杖”的简称，多用于口语（名）,عصا؛ چوب زیر بغل، محاوره‌ای (اسم),名,اسم,拄着拐 (zhǔzhe guǎi) | 一根拐 (yì gēn guǎi) | 离不开拐 (líbukāi guǎi),老人拄着一根拐慢慢往前走。,Lǎorén zhǔzhe yì gēn guǎi mànmàn wǎng qián zǒu.,پیرمرد با تکیه بر عصا آهسته به جلو می‌رفت.,
468,拐弯,guǎi wān,HSK 6,动,1,行进时转向另一个方向（不及物动）,پیچیدن (فعل ناگذر),不及物动,فعل ناگذر,向左拐弯 (xiàng zuǒ guǎiwān) | 到路口拐弯 (dào lùkǒu guǎiwān) | 车辆拐弯 (chēliàng guǎiwān),汽车到前面的路口就拐弯了。,Qìchē dào qiánmiàn de lùkǒu jiù guǎiwān le.,خودرو در تقاطع جلو پیچید.,
468,拐弯,guǎi wān,HSK 6,动,2,比喻说话不直接，而是绕着表达（动）,غیرمستقیم و سربسته حرف زدن (فعل),动,فعل,说话爱拐弯 (shuōhuà ài guǎiwān) | 有话别拐弯 (yǒu huà bié guǎiwān) | 拐着弯说 (guǎizhe wān shuō),有话就直说，别跟我拐弯。,"Yǒu huà jiù zhí shuō, bié gēn wǒ guǎiwān.",اگر حرفی داری مستقیم بگو و با من سربسته صحبت نکن.,
469,罐,guàn,HSK 6,名、量,1,用金属、玻璃、陶瓷等制成、用来盛东西的容器（名）,قوطی؛ ظرف دهان‌گشاد (اسم),名,اسم,一个空罐 (yí ge kōng guàn) | 玻璃罐 (bōli guàn) | 铁罐 (tiě guàn),桌上放着一个装茶叶的玻璃罐。,Zhuō shàng fàngzhe yí ge zhuāng cháyè de bōli guàn.,روی میز یک ظرف شیشه‌ای حاوی چای قرار دارد.,
469,罐,guàn,HSK 6,名、量,2,用于计算装在罐子里的物品（量）,قوطی؛ شیشه، به‌عنوان واحد شمارش (واحد شمارش),量,واحد شمارش,一罐可乐 (yí guàn kělè) | 一罐奶粉 (yí guàn nǎifěn) | 两罐啤酒 (liǎng guàn píjiǔ),我从冰箱里拿了一罐可乐。,Wǒ cóng bīngxiāng lǐ ná le yí guàn kělè.,یک قوطی نوشابه از یخچال برداشتم.,
470,官,guān,HSK 6,名,1,在政府中担任一定职务的人，现代单独使用时常带口语或传统色彩（名）,مقام دولتی یا حکومتی، محاوره‌ای یا سنتی (اسم),名,اسم,当官 (dāng guān) | 一个大官 (yí ge dà guān) | 官不大 (guān bú dà),他年轻时曾经在地方上当过官。,Tā niánqīng shí céngjīng zài dìfāng shàng dāngguo guān.,او در جوانی مدتی از مقامات محلی بود.,
471,关爱,guān ài,HSK 6,动、名,1,关心并爱护某人（及物动）,با محبت به کسی توجه و از او حمایت کردن (فعل گذرا),及物动,فعل گذرا,关爱儿童 (guān'ài értóng) | 关爱老人 (guān'ài lǎorén) | 关爱他人 (guān'ài tārén),我们应该更加关爱独居老人。,Wǒmen yīnggāi gèngjiā guān'ài dújū lǎorén.,باید به سالمندانی که تنها زندگی می‌کنند بیشتر توجه و محبت کنیم.,
471,关爱,guān ài,HSK 6,动、名,2,对他人的关心、爱护和帮助（名）,محبت؛ توجه و حمایت (اسم),名,اسم,给予关爱 (jǐyǔ guān'ài) | 感受到关爱 (gǎnshòudào guān'ài) | 需要关爱 (xūyào guān'ài),每个孩子都需要家人的关爱。,Měi ge háizi dōu xūyào jiārén de guān'ài.,هر کودکی به محبت و توجه خانواده نیاز دارد.,
472,管道,guǎn dào,HSK 6,名,1,输送液体、气体或其他物质的管子或成套管路（名）,لوله؛ خط لوله (اسم),名,اسم,天然气管道 (tiānránqì guǎndào) | 输油管道 (shūyóu guǎndào) | 地下管道 (dìxià guǎndào),地下的天然气管道需要维修。,Dìxià de tiānránqì guǎndào xūyào wéixiū.,خط لولهٔ زیرزمینی گاز به تعمیر نیاز دارد.,
472,管道,guǎn dào,HSK 6,名,2,信息、资源或意见等传递和流通的途径，比喻用法，在港台地区较常见（名）,کانال؛ مجرای ارتباطی، کاربرد استعاری (اسم),名,اسم,沟通管道 (gōutōng guǎndào) | 信息管道 (xìnxī guǎndào) | 传播管道 (chuánbō guǎndào),双方建立了新的沟通管道。,Shuāngfāng jiànlì le xīn de gōutōng guǎndào.,دو طرف کانال ارتباطی جدیدی ایجاد کردند.,
473,官方,guān fāng,HSK 6,名、形,1,政府或有关的正式机构（名）,مقامات رسمی؛ نهادهای دولتی یا رسمی (اسم),名,اسم,官方表示 (guānfāng biǎoshì) | 官方回应 (guānfāng huíyìng) | 等待官方确认 (děngdài guānfāng quèrèn),官方尚未对此作出回应。,Guānfāng shàngwèi duì cǐ zuòchū huíyìng.,مقامات رسمی هنوز به این موضوع واکنش نشان نداده‌اند.,
473,官方,guān fāng,HSK 6,名、形,2,由政府或正式机构发布、认可或管理的（形）,رسمی؛ دولتی (صفت),形,صفت,官方网站 (guānfāng wǎngzhàn) | 官方消息 (guānfāng xiāoxi) | 官方文件 (guānfāng wénjiàn),请以官方网站发布的消息为准。,Qǐng yǐ guānfāng wǎngzhàn fābù de xiāoxi wéi zhǔn.,لطفاً اطلاعات منتشرشده در وب‌سایت رسمی را ملاک قرار دهید.,
474,广阔,guǎng kuò,HSK 6,形,1,面积、范围或发展空间很大（形）,وسیع؛ گسترده (صفت),形,صفت,地域广阔 (dìyù guǎngkuò) | 广阔市场 (guǎngkuò shìchǎng) | 广阔前景 (guǎngkuò qiánjǐng),这片草原十分广阔。,Zhè piàn cǎoyuán shífēn guǎngkuò.,این دشت بسیار وسیع است.,
475,观光,guān guāng,HSK 6,动,1,到一个地方参观、游览，欣赏当地的景色或名胜（不及物动）,به گردش و بازدید رفتن (فعل ناگذر),不及物动,فعل ناگذر,来此观光 (lái cǐ guānguāng) | 乘船观光 (chéng chuán guānguāng) | 到国外观光 (dào guówài guānguāng),每年都有很多游客来这里观光。,Měinián dōu yǒu hěnduō yóukè lái zhèlǐ guānguāng.,هر سال گردشگران زیادی برای گردش و بازدید به اینجا می‌آیند.,
476,关怀,guān huái,HSK 6,动、名,1,关心并在精神、生活等方面给予照顾或帮助，较正式（及物动）,مورد توجه و حمایت قرار دادن، رسمی (فعل گذرا),及物动,فعل گذرا,关怀老人 (guānhuái lǎorén) | 关怀员工 (guānhuái yuángōng) | 关怀下一代 (guānhuái xià yí dài),社会应该更多地关怀独居老人。,Shèhuì yīnggāi gèng duō de guānhuái dújū lǎorén.,جامعه باید به سالمندانی که تنها زندگی می‌کنند توجه و حمایت بیشتری نشان دهد.,
476,关怀,guān huái,HSK 6,动、名,2,对他人的关心、照顾和帮助，较正式（名）,توجه؛ حمایت؛ دلجویی، رسمی (اسم),名,اسم,得到关怀 (dédào guānhuái) | 亲切关怀 (qīnqiè guānhuái) | 人文关怀 (rénwén guānhuái),感谢大家对我的关怀。,Gǎnxiè dàjiā duì wǒ de guānhuái.,از توجه و حمایت همه نسبت به خودم سپاسگزارم.,
477,关联,guān lián,HSK 6,动、名,1,两个或多个事物之间存在联系（不及物动）,با یکدیگر مرتبط بودن (فعل ناگذر),不及物动,فعل ناگذر,相互关联 (xiānghù guānlián) | 密切关联 (mìqiè guānlián) | 与此关联 (yǔ cǐ guānlián),这两个问题相互关联，不能分开处理。,"Zhè liǎng ge wèntí xiānghù guānlián, bùnéng fēnkāi chǔlǐ.",این دو مسئله به یکدیگر مرتبط‌اند و نمی‌توان آن‌ها را جداگانه بررسی کرد.,
477,关联,guān lián,HSK 6,动、名,2,使一个人或事物与另一个人或事物建立联系，常用于技术、账户等语境（及物动）,مرتبط یا متصل کردن (فعل گذرا),及物动,فعل گذرا,关联账户 (guānlián zhànghù) | 关联设备 (guānlián shèbèi) | 关联数据 (guānlián shùjù),请先把手机与个人账户关联。,Qǐng xiān bǎ shǒujī yǔ gèrén zhànghù guānlián.,لطفاً ابتدا تلفن همراه را به حساب شخصی متصل کنید.,
477,关联,guān lián,HSK 6,动、名,3,事物之间存在的联系或关系（名）,ارتباط؛ وابستگی (اسم),名,اسم,存在关联 (cúnzài guānlián) | 没有关联 (méiyǒu guānlián) | 直接关联 (zhíjiē guānlián),目前没有证据表明两件事之间存在关联。,Mùqián méiyǒu zhèngjù biǎomíng liǎng jiàn shì zhījiān cúnzài guānlián.,در حال حاضر مدرکی وجود ندارد که نشان دهد میان این دو اتفاق ارتباطی هست.,
478,观赏,guān shǎng,HSK 6,动,1,观看并欣赏具有美感或趣味的景物、动植物、表演等（及物动）,تماشا کردن و لذت بردن از زیبایی آن (فعل گذرا),及物动,فعل گذرا,观赏花卉 (guānshǎng huāhuì) | 观赏演出 (guānshǎng yǎnchū) | 观赏日出 (guānshǎng rìchū),游客们正在湖边观赏日落。,Yóukèmen zhèngzài húbiān guānshǎng rìluò.,گردشگران کنار دریاچه مشغول تماشای غروب آفتاب‌اند.,
479,官员,guān yuán,HSK 6,名,1,在政府机构中担任一定职务的人员（名）,مقام دولتی؛ کارگزار حکومتی (اسم),名,اسم,高级官员 (gāojí guānyuán) | 政府官员 (zhèngfǔ guānyuán) | 外交官员 (wàijiāo guānyuán),多名政府官员出席了会议。,Duō míng zhèngfǔ guānyuán chūxí le huìyì.,چند تن از مقامات دولتی در جلسه حضور یافتند.,
480,古典,gǔ diǎn,HSK 6,形,1,属于传统经典类型，或由古代流传下来并被视为典范的（形）,کلاسیک؛ متعلق به آثار سنتی و اصیل (صفت),形,صفت,古典音乐 (gǔdiǎn yīnyuè) | 古典文学 (gǔdiǎn wénxué) | 古典艺术 (gǔdiǎn yìshù),她从小就喜欢古典音乐。,Tā cóngxiǎo jiù xǐhuan gǔdiǎn yīnyuè.,او از کودکی موسیقی کلاسیک را دوست داشته است.,
480,古典,gǔ diǎn,HSK 6,形,2,具有古代传统、典雅风格或气质的（形）,به سبک سنتی و کهن؛ اصیل و باوقار (صفت),形,صفت,古典风格 (gǔdiǎn fēnggé) | 古典气质 (gǔdiǎn qìzhì) | 古典之美 (gǔdiǎn zhī měi),这座建筑具有浓厚的古典风格。,Zhè zuò jiànzhù jùyǒu nónghòu de gǔdiǎn fēnggé.,این ساختمان سبک سنتی و کلاسیک چشمگیری دارد.,
481,孤独,gū dú,HSK 6,形,1,独自一人或缺少陪伴、理解和情感联系，因而感到寂寞的（形）,تنها؛ دچار احساس تنهایی (صفت),形,صفت,感到孤独 (gǎndào gūdú) | 内心孤独 (nèixīn gūdú) | 孤独地生活 (gūdú de shēnghuó),一个人生活有时会让人感到孤独。,Yí ge rén shēnghuó yǒushí huì ràng rén gǎndào gūdú.,تنها زندگی کردن گاهی باعث احساس تنهایی می‌شود.,
482,姑姑,gūgu,HSK 6,名,1,父亲的姐妹（名）,عمه (اسم),名,اسم,我的姑姑 (wǒ de gūgu) | 姑姑家 (gūgu jiā) | 去看姑姑 (qù kàn gūgu),姑姑给我买了一件礼物。,Gūgu gěi wǒ mǎi le yí jiàn lǐwù.,عمه‌ام برایم هدیه‌ای خرید.,
483,跪,guì,HSK 6,动,1,弯曲双腿，使一个或两个膝盖着地（不及物动）,زانو زدن؛ روی زانو نشستن (فعل ناگذر),不及物动,فعل ناگذر,跪在地上 (guì zài dìshang) | 双膝跪地 (shuāngxī guì dì) | 跪下来 (guìxia lai),他突然跪下来请求原谅。,Tā tūrán guìxia lai qǐngqiú yuánliàng.,او ناگهان زانو زد و درخواست بخشش کرد.,
484,归,guī,HSK 6,动,1,返回原来的地方，主要用于书面语或文学语境（不及物动）,بازگشتن، ادبی و رسمی (فعل ناگذر),不及物动,فعل ناگذر,何时归 (héshí guī) | 多年未归 (duōnián wèi guī) | 深夜才归 (shēnyè cái guī),这位游子离家多年未归。,Zhè wèi yóuzǐ líjiā duōnián wèi guī.,این دور از وطن سال‌هاست که به خانه بازنگشته است.,
484,归,guī,HSK 6,动,2,所有权、使用权等属于某人或某个组织（动）,متعلق به کسی یا نهادی بودن (فعل),动,فعل,归谁所有 (guī shéi suǒyǒu) | 归个人所有 (guī gèrén suǒyǒu) | 最后归我 (zuìhòu guī wǒ),这些土地归国家所有。,Zhèxiē tǔdì guī guójiā suǒyǒu.,این زمین‌ها متعلق به دولت‌اند.,
484,归,guī,HSK 6,动,3,某项工作、事务或人员由某人或某个部门管理、负责（动）,بر عهدهٔ کسی یا نهادی بودن (فعل),动,فعل,归我负责 (guī wǒ fùzé) | 归他管理 (guī tā guǎnlǐ) | 不归我管 (bù guī wǒ guǎn),这个项目以后归你负责。,Zhège xiàngmù yǐhòu guī nǐ fùzé.,از این پس مسئولیت این پروژه بر عهدهٔ توست.,
485,轨道,guǐdào,HSK 6,名,1,供火车、电车等车辆行驶的钢轨线路,ریل؛ خط ریلی (اسم),名,اسم,铺设轨道 (pūshè guǐdào) | 铁路轨道 (tiělù guǐdào) | 沿轨道行驶 (yán guǐdào xíngshǐ),工人们正在铺设新的轨道。,Gōngrénmen zhèngzài pūshè xīn de guǐdào.,کارگران در حال احداث خط ریلی جدیدی هستند.,
485,轨道,guǐdào,HSK 6,名,2,天体、人造卫星等围绕另一天体运行的路线,مدار (اسم),名,اسم,卫星轨道 (wèixīng guǐdào) | 预定轨道 (yùdìng guǐdào) | 进入轨道 (jìnrù guǐdào),卫星已经进入预定轨道。,Wèixīng yǐjīng jìnrù yùdìng guǐdào.,ماهواره وارد مدار تعیین‌شده شده است.,
485,轨道,guǐdào,HSK 6,名,3,事物发展或运行所遵循的正常路线或状态，比喻用法,مسیر؛ روال عادی (اسم، استعاری),名,اسم، استعاری,进入正常轨道 (jìnrù zhèngcháng guǐdào) | 走上轨道 (zǒushàng guǐdào) | 偏离轨道 (piānlí guǐdào),经过几个月的调整，工作终于走上了正常轨道。,"Jīngguò jǐ ge yuè de tiáozhěng, gōngzuò zhōngyú zǒushàng le zhèngcháng guǐdào.",پس از چند ماه اصلاح، کار سرانجام در روال عادی قرار گرفت.,
486,规范,guī fàn,HSK 6,名、动、形,1,共同遵守的标准、规则或要求（名）,استاندارد؛ ضابطه؛ هنجار (اسم),名,اسم,行业规范 (hángyè guīfàn) | 技术规范 (jìshù guīfàn) | 行为规范 (xíngwéi guīfàn),所有操作都必须符合安全规范。,Suǒyǒu cāozuò dōu bìxū fúhé ānquán guīfàn.,همهٔ عملیات باید با ضوابط ایمنی مطابقت داشته باشد.,
486,规范,guī fàn,HSK 6,名、动、形,2,使行为、管理或秩序等符合一定的标准和规则（及物动）,ضابطه‌مند و سامان‌دهی کردن (فعل گذرا),及物动,فعل گذرا,规范管理 (guīfàn guǎnlǐ) | 规范市场秩序 (guīfàn shìchǎng zhìxù) | 规范经营行为 (guīfàn jīngyíng xíngwéi),政府正在采取措施规范市场秩序。,Zhèngfǔ zhèngzài cǎiqǔ cuòshī guīfàn shìchǎng zhìxù.,دولت در حال اتخاذ تدابیری برای سامان‌دهی بازار است.,
486,规范,guī fàn,HSK 6,名、动、形,3,符合规定的标准、形式或要求的（形）,استاندارد؛ مطابق اصول و ضوابط (صفت),形,صفت,书写规范 (shūxiě guīfàn) | 操作规范 (cāozuò guīfàn) | 用语规范 (yòngyǔ guīfàn),他的汉字书写很规范。,Tā de Hànzì shūxiě hěn guīfàn.,شیوهٔ نوشتن نویسه‌های چینی او کاملاً مطابق اصول است.,
487,规划,guī huà,HSK 6,动、名,1,对未来发展或具体事项作出全面、长远的安排（及物动）,برنامه‌ریزی و طرح‌ریزی کردن (فعل گذرا),及物动,فعل گذرا,规划城市 (guīhuà chéngshì) | 规划未来 (guīhuà wèilái) | 规划路线 (guīhuà lùxiàn),我们需要提前规划未来的发展方向。,Wǒmen xūyào tíqián guīhuà wèilái de fāzhǎn fāngxiàng.,باید از پیش برای مسیر توسعهٔ آینده برنامه‌ریزی کنیم.,
487,规划,guī huà,HSK 6,动、名,2,对未来发展作出的系统、长远的计划（名）,برنامه؛ طرح بلندمدت (اسم),名,اسم,城市规划 (chéngshì guīhuà) | 发展规划 (fāzhǎn guīhuà) | 长期规划 (chángqī guīhuà),政府公布了未来五年的发展规划。,Zhèngfǔ gōngbù le wèilái wǔ nián de fāzhǎn guīhuà.,دولت برنامهٔ توسعهٔ پنج سال آینده را اعلام کرد.,
488,归还,guī huán,HSK 6,动,1,把借来、捡到或暂时使用的东西交还给主人或原处（及物动）,پس دادن؛ بازگرداندن (فعل گذرا),及物动,فعل گذرا,归还图书 (guīhuán túshū) | 归还失物 (guīhuán shīwù) | 按时归还 (ànshí guīhuán),请在月底前归还这些图书。,Qǐng zài yuèdǐ qián guīhuán zhèxiē túshū.,لطفاً این کتاب‌ها را تا پایان ماه پس بدهید.,
489,规矩,guīju,HSK 6,名、形,1,要求人们遵守的规则、习惯或做事方式（名）,قاعده؛ مقررات؛ رسم (اسم),名,اسم,守规矩 (shǒu guīju) | 定规矩 (dìng guīju) | 坏了规矩 (huài le guīju),到了别人家就要守人家的规矩。,Dào le biérén jiā jiù yào shǒu rénjia de guīju.,وقتی به خانهٔ دیگران می‌روی، باید قواعد آن‌ها را رعایت کنی.,
489,规矩,guīju,HSK 6,名、形,2,行为端正、守规则，不随便惹事的（形）,مؤدب؛ منضبط؛ سربه‌راه (صفت),形,صفت,孩子很规矩 (háizi hěn guīju) | 行为规矩 (xíngwéi guīju) | 老实规矩 (lǎoshi guīju),这个孩子在客人面前很规矩。,Zhège háizi zài kèrén miànqián hěn guīju.,این کودک جلوی مهمان‌ها بسیار مؤدب و سربه‌راه است.,
490,贵重,guì zhòng,HSK 6,形,1,价值很高，需要妥善保管的（形）,گران‌بها؛ ارزشمند (صفت),形,صفت,贵重物品 (guìzhòng wùpǐn) | 贵重首饰 (guìzhòng shǒushì) | 贵重礼物 (guìzhòng lǐwù),请随身保管好贵重物品。,Qǐng suíshēn bǎoguǎn hǎo guìzhòng wùpǐn.,لطفاً از اشیای گران‌بهای خود به‌خوبی مراقبت کنید.,
491,古迹,gǔ jì,HSK 6,名,1,古代遗留下来、具有历史或文化价值的建筑、遗址等（名）,اثر تاریخی؛ بنای تاریخی (اسم),名,اسم,参观古迹 (cānguān gǔjì) | 保护古迹 (bǎohù gǔjì) | 古迹众多 (gǔjì zhòngduō),这座城市保存着许多古迹。,Zhè zuò chéngshì bǎocúnzhe xǔduō gǔjì.,در این شهر آثار تاریخی فراوانی حفظ شده است.,
492,棍,gùn,HSK 6,名,1,用木头、金属等制成的细长棒状物（名）,چوب؛ چماق؛ میله (اسم),名,اسم,一根棍 (yì gēn gùn) | 手里拿着棍 (shǒu lǐ názhe gùn) | 用棍打 (yòng gùn dǎ),他拿起一根棍，把门顶住了。,"Tā náqǐ yì gēn gùn, bǎ mén dǐngzhù le.",او چوبی برداشت و در را با آن نگه داشت.,
493,国宝,guó bǎo,HSK 6,名,1,对国家具有极高价值的珍贵文物；也可指被视为国家象征的珍稀动物或杰出人物（名）,گنجینهٔ ملی (اسم),名,اسم,一件国宝 (yí jiàn guóbǎo) | 保护国宝 (bǎohù guóbǎo) | 被誉为国宝 (bèi yùwéi guóbǎo),大熊猫常被称为中国的国宝。,Dàxióngmāo cháng bèi chēngwéi Zhōngguó de guóbǎo.,پاندای غول‌پیکر اغلب گنجینهٔ ملی چین دانسته می‌شود.,
494,国产,guó chǎn,HSK 6,形,1,由本国自行生产或制造的（形）,ساخت داخل؛ تولید داخلی (صفت),形,صفت,国产汽车 (guóchǎn qìchē) | 国产手机 (guóchǎn shǒujī) | 国产品牌 (guóchǎn pǐnpái),这是一部性能不错的国产手机。,Zhè shì yí bù xìngnéng búcuò de guóchǎn shǒujī.,این تلفن همراه ساخت داخل، عملکرد خوبی دارد.,
495,过渡,guò dù,HSK 6,动、名,1,从一种状态、阶段或制度逐渐转变到另一种（不及物动）,گذار کردن؛ به‌تدریج منتقل شدن (فعل ناگذر),不及物动,فعل ناگذر,逐步过渡 (zhúbù guòdù) | 平稳过渡 (píngwěn guòdù) | 过渡到新阶段 (guòdù dào xīn jiēduàn),公司正在从传统生产方式向自动化生产过渡。,Gōngsī zhèngzài cóng chuántǒng shēngchǎn fāngshì xiàng zìdònghuà shēngchǎn guòdù.,شرکت در حال گذار از روش تولید سنتی به تولید خودکار است.,
495,过渡,guò dù,HSK 6,动、名,2,从一种状态、阶段或制度转变到另一种的过程（名）,گذار؛ فرایند انتقال (اسم),名,اسم,需要一个过渡 (xūyào yí ge guòdù) | 平稳的过渡 (píngwěn de guòdù) | 完成过渡 (wánchéng guòdù),新旧制度之间需要一个过渡。,Xīn jiù zhìdù zhījiān xūyào yí ge guòdù.,میان نظام قدیم و جدید به یک دورهٔ گذار نیاز است.,
496,国歌,guó gē,HSK 6,名,1,由国家正式规定、代表该国家的歌曲（名）,سرود ملی (اسم),名,اسم,奏国歌 (zòu guógē) | 唱国歌 (chàng guógē) | 国歌响起 (guógē xiǎngqǐ),国旗升起时，大家一起唱国歌。,"Guóqí shēngqǐ shí, dàjiā yìqǐ chàng guógē.",هنگام بالا رفتن پرچم، همه با هم سرود ملی را خواندند.,
497,过后,guò hòu,HSK 6,名,1,某件事情发生或结束以后（名）,بعد؛ پس از آن (اسم زمانی),名,اسم زمانی,事情过后 (shìqing guòhòu) | 多年过后 (duōnián guòhòu) | 过后再说 (guòhòu zài shuō),会议过后，我们再详细讨论这个问题。,"Huìyì guòhòu, wǒmen zài xiángxì tǎolùn zhège wèntí.",بعد از جلسه، این موضوع را با جزئیات بیشتری بررسی می‌کنیم.,
498,国旗,guó qí,HSK 6,名,1,由国家正式规定、代表该国家的旗帜（名）,پرچم ملی (اسم),名,اسم,升国旗 (shēng guóqí) | 挥舞国旗 (huīwǔ guóqí) | 国旗升起 (guóqí shēngqǐ),学校每周一早上举行升国旗仪式。,Xuéxiào měi Zhōuyī zǎoshang jǔxíng shēng guóqí yíshì.,مدرسه هر دوشنبه صبح مراسم برافراشتن پرچم ملی برگزار می‌کند.,
499,国情,guó qíng,HSK 6,名,1,一个国家在政治、经济、社会、文化、自然条件等方面的实际情况（名）,شرایط و وضعیت کلی یک کشور (اسم),名,اسم,了解国情 (liǎojiě guóqíng) | 基本国情 (jīběn guóqíng) | 符合国情 (fúhé guóqíng),制定政策时必须充分考虑本国国情。,Zhìdìng zhèngcè shí bìxū chōngfèn kǎolǜ běnguó guóqíng.,هنگام تدوین سیاست‌ها باید شرایط واقعی کشور را کاملاً در نظر گرفت.,
500,过时,guò shí,HSK 6,动、形,1,超过规定的时间或期限，因而失去效力（动）,از موعد گذشتن؛ اعتبارش تمام شدن (فعل),动,فعل,过时作废 (guòshí zuòfèi) | 过时不候 (guòshí bú hòu) | 已经过时 (yǐjīng guòshí),这张门票过时就作废了。,Zhè zhāng ménpiào guòshí jiù zuòfèi le.,این بلیت پس از گذشتن موعدش باطل می‌شود.,
500,过时,guò shí,HSK 6,动、形,2,不再流行、先进或适合当前需要的（形）,ازمدافتاده؛ منسوخ؛ قدیمی (صفت),形,صفت,观念过时 (guānniàn guòshí) | 技术过时 (jìshù guòshí) | 设计过时 (shèjì guòshí),这种技术早就已经过时了。,Zhè zhǒng jìshù zǎo jiù yǐjīng guòshí le.,این فناوری مدت‌هاست که منسوخ شده است.,
501,国王,guó wáng,HSK 6,名,1,君主制国家中男性的最高统治者（名）,پادشاه (اسم),名,اسم,一位国王 (yí wèi guówáng) | 年轻的国王 (niánqīng de guówáng) | 国王登基 (guówáng dēngjī),国王向全国发表了讲话。,Guówáng xiàng quánguó fābiǎo le jiǎnghuà.,پادشاه برای مردم سراسر کشور سخنرانی کرد.,
502,股票,gǔ piào,HSK 6,名,1,表示持有人拥有股份公司一定份额所有权的凭证或权益（名）,سهام؛ برگهٔ سهام (اسم),名,اسم,买股票 (mǎi gǔpiào) | 卖股票 (mài gǔpiào) | 股票价格 (gǔpiào jiàgé),他买了一些科技公司的股票。,Tā mǎi le yìxiē kējì gōngsī de gǔpiào.,او مقداری از سهام شرکت‌های فناوری را خرید.,
503,古人,gǔ rén,HSK 6,名,1,生活在古代的人，也可泛指过去时代的人（名）,مردمان گذشته؛ پیشینیان (اسم),名,اسم,古人认为 (gǔrén rènwéi) | 古人常说 (gǔrén cháng shuō) | 古人的智慧 (gǔrén de zhìhuì),古人给我们留下了许多宝贵的经验和智慧。,Gǔrén gěi wǒmen liúxià le xǔduō bǎoguì de jīngyàn hé zhìhuì.,پیشینیان تجربه‌ها و دانسته‌های ارزشمند فراوانی برای ما به جا گذاشته‌اند.,
504,股市,gǔ shì,HSK 6,名,1,买卖股票的市场，也指股票市场的整体行情（名）,بازار سهام؛ بورس (اسم),名,اسم,股市行情 (gǔshì hángqíng) | 股市波动 (gǔshì bōdòng) | 投资股市 (tóuzī gǔshì),最近股市波动很大。,Zuìjìn gǔshì bōdòng hěn dà.,بازار سهام اخیراً نوسان زیادی داشته است.,
505,固体,gù tǐ,HSK 6,名,1,在通常条件下具有固定形状和体积的物质（名）,جامد؛ مادهٔ جامد (اسم),名,اسم,固体废物 (gùtǐ fèiwù) | 固体燃料 (gùtǐ ránliào) | 变成固体 (biànchéng gùtǐ),水结冰以后会变成固体。,Shuǐ jiébīng yǐhòu huì biànchéng gùtǐ.,آب پس از یخ زدن به ماده‌ای جامد تبدیل می‌شود.,
506,骨头,gǔtou,HSK 6,名,1,人或动物体内构成骨骼的坚硬组织（名）,استخوان (اسم),名,اسم,骨头断了 (gǔtou duàn le) | 伤到骨头 (shāng dào gǔtou) | 骨头疼 (gǔtou téng),医生说他的骨头没有受伤。,Yīshēng shuō tā de gǔtou méiyǒu shòushāng.,پزشک گفت استخوان او آسیب ندیده است.,
507,顾问,gù wèn,HSK 6,名,1,受聘为个人或机构提供专业意见和指导的人（名）,مشاور (اسم),名,اسم,法律顾问 (fǎlǜ gùwèn) | 技术顾问 (jìshù gùwèn) | 担任顾问 (dānrèn gùwèn),他担任这家公司的法律顾问。,Tā dānrèn zhè jiā gōngsī de fǎlǜ gùwèn.,او مشاور حقوقی این شرکت است.,
508,鼓舞,gǔ wǔ,HSK 6,动、名,1,使人振作起来，增强信心、勇气或积极性（及物动）,روحیه دادن؛ دلگرم و تشویق کردن (فعل گذرا),及物动,فعل گذرا,鼓舞士气 (gǔwǔ shìqì) | 鼓舞大家 (gǔwǔ dàjiā) | 互相鼓舞 (hùxiāng gǔwǔ),老师的话深深鼓舞了我们。,Lǎoshī de huà shēnshēn gǔwǔ le wǒmen.,سخنان معلم بسیار به ما روحیه داد.,
508,鼓舞,gǔ wǔ,HSK 6,动、名,2,使人振作、增强信心或勇气的力量和影响（名）,دلگرمی؛ تقویت روحیه (اسم),名,اسم,受到鼓舞 (shòudào gǔwǔ) | 巨大鼓舞 (jùdà gǔwǔ) | 给人鼓舞 (gěi rén gǔwǔ),这个消息给了大家很大的鼓舞。,Zhège xiāoxi gěi le dàjiā hěn dà de gǔwǔ.,این خبر دلگرمی بزرگی برای همه بود.,
509,故障,gù zhàng,HSK 6,名,1,机器、设备或系统出现问题，不能正常运行的情况（名）,خرابی؛ نقص فنی (اسم),名,اسم,发生故障 (fāshēng gùzhàng) | 排除故障 (páichú gùzhàng) | 系统故障 (xìtǒng gùzhàng),由于设备发生故障，生产暂时停止了。,"Yóuyú shèbèi fāshēng gùzhàng, shēngchǎn zànshí tíngzhǐ le.",تولید به‌دلیل بروز نقص فنی در تجهیزات موقتاً متوقف شد.,
510,害,hài,HSK 6,动,1,使人、动物或事物受到伤害、损失或不良影响（及物动）,آسیب یا زیان رساندن (فعل گذرا),及物动,فعل گذرا,害别人 (hài biérén) | 害自己 (hài zìjǐ) | 被他害了 (bèi tā hài le),吸烟不但害自己，也会害身边的人。,"Xīyān búdàn hài zìjǐ, yě huì hài shēnbiān de rén.",سیگار کشیدن نه‌تنها به خود فرد، بلکه به اطرافیانش نیز آسیب می‌رساند.,
510,害,hài,HSK 6,动,2,因自己的行为使别人遇到麻烦、遭受损失或出现不好的结果，常用于“害得”结构（及物动）,باعث دردسر یا نتیجه‌ای بد برای کسی شدن (فعل گذرا),及物动,فعل گذرا,害得我迟到 (hài de wǒ chídào) | 害人白等 (hài rén bái děng) | 害得大家担心 (hài de dàjiā dānxīn),你怎么不早点儿告诉我，害得我白跑了一趟！,"Nǐ zěnme bù zǎodiǎnr gàosu wǒ, hài de wǒ bái pǎo le yí tàng!",چرا زودتر به من نگفتی؟ باعث شدی بیهوده تا آنجا بروم!,
511,海内外,hǎi nèi wài,HSK 6,名,1,国内和国外，较正式（名）,داخل و خارج از کشور، رسمی (اسم),名,اسم,海内外人士 (hǎinèiwài rénshì) | 面向海内外 (miànxiàng hǎinèiwài) | 享誉海内外 (xiǎngyù hǎinèiwài),这个品牌在海内外都很有名。,Zhège pǐnpái zài hǎinèiwài dōu hěn yǒumíng.,این برند در داخل و خارج از کشور بسیار مشهور است.,
512,海岸,hǎi àn,HSK 6,名,1,海洋与陆地相接的地带（名）,ساحل؛ کرانهٔ دریا (اسم),名,اسم,沿着海岸 (yánzhe hǎi'àn) | 海岸附近 (hǎi'àn fùjìn) | 海岸地区 (hǎi'àn dìqū),他们沿着海岸向南走。,Tāmen yánzhe hǎi'àn xiàng nán zǒu.,آن‌ها در امتداد ساحل به‌سمت جنوب حرکت کردند.,
513,海拔,hǎi bá,HSK 6,名,1,某个地点高出平均海平面的垂直距离（名）,ارتفاع از سطح دریا (اسم),名,اسم,海拔三千米 (hǎibá sānqiān mǐ) | 海拔较高 (hǎibá jiào gāo) | 平均海拔 (píngjūn hǎibá),这里的海拔超过三千米。,Zhèlǐ de hǎibá chāoguò sānqiān mǐ.,ارتفاع اینجا از سطح دریا بیش از سه هزار متر است.,
514,海面,hǎi miàn,HSK 6,名,1,海水的表面（名）,سطح دریا (اسم),名,اسم,海面上 (hǎimiàn shàng) | 海面平静 (hǎimiàn píngjìng) | 辽阔的海面 (liáokuò de hǎimiàn),今天早上的海面十分平静。,Jīntiān zǎoshang de hǎimiàn shífēn píngjìng.,سطح دریا امروز صبح بسیار آرام بود.,
515,海域,hǎi yù,HSK 6,名,1,具有一定范围或归属的海洋区域（名）,محدودهٔ دریایی؛ آب‌های یک منطقه (اسم),名,اسم,附近海域 (fùjìn hǎiyù) | 相关海域 (xiāngguān hǎiyù) | 进入该海域 (jìnrù gāi hǎiyù),事故发生在附近海域。,Shìgù fāshēng zài fùjìn hǎiyù.,این حادثه در آب‌های اطراف رخ داد.,
516,寒冬,hán dōng,HSK 6,名,1,天气非常寒冷的冬天（名）,زمستان سخت و سرد (اسم),名,اسم,度过寒冬 (dùguò hándōng) | 漫长的寒冬 (màncháng de hándōng) | 寒冬来临 (hándōng láilín),人们正在为即将到来的寒冬做准备。,Rénmen zhèngzài wèi jíjiāng dàolái de hándōng zuò zhǔnbèi.,مردم در حال آماده شدن برای زمستان سخت پیش رو هستند.,
517,航空,háng kōng,HSK 6,名,1,飞机在空中飞行的活动及与此有关的运输、工业等事业（名）,هوانوردی؛ حمل‌ونقل هوایی (اسم),名,اسم,民用航空 (mínyòng hángkōng) | 航空运输 (hángkōng yùnshū) | 航空工业 (hángkōng gōngyè),现代航空的发展改变了人们的出行方式。,Xiàndài hángkōng de fāzhǎn gǎibiàn le rénmen de chūxíng fāngshì.,توسعهٔ هوانوردی مدرن شیوهٔ سفر مردم را تغییر داده است.,
518,罕见,hǎn jiàn,HSK 6,形,1,很少发生、出现或见到的（形）,نادر؛ کمیاب (صفت),形,صفت,罕见疾病 (hǎnjiàn jíbìng) | 罕见现象 (hǎnjiàn xiànxiàng) | 十分罕见 (shífēn hǎnjiàn),这样的自然现象十分罕见。,Zhèyàng de zìrán xiànxiàng shífēn hǎnjiàn.,چنین پدیدهٔ طبیعی‌ای بسیار نادر است.,
519,含义,hán yì,HSK 6,名,1,词语、句子、行为或事物所包含和表达的意思（名）,معنا؛ مفهوم؛ دلالت (اسم),名,اسم,真正含义 (zhēnzhèng hányì) | 深刻含义 (shēnkè hányì) | 理解含义 (lǐjiě hányì),我不太明白这句话的真正含义。,Wǒ bú tài míngbai zhè jù huà de zhēnzhèng hányì.,معنای واقعی این جمله را به‌خوبی متوجه نمی‌شوم.,
520,旱灾,hàn zāi,HSK 6,名,1,长期缺少降水造成严重缺水、农作物减产等损失的灾害（名）,فاجعه و خسارت ناشی از خشکسالی (اسم),名,اسم,发生旱灾 (fāshēng hànzāi) | 遭受旱灾 (zāoshòu hànzāi) | 严重旱灾 (yánzhòng hànzāi),今年部分地区遭受了严重旱灾。,Jīnnián bùfen dìqū zāoshòu le yánzhòng hànzāi.,امسال برخی مناطق دچار خسارت شدید ناشی از خشکسالی شدند.,
521,毫不,háo bù,HSK 6,副,1,一点儿也不，后面常接表示心理、态度或行为的动词、形容词（副）,اصلاً؛ ذره‌ای هم؛ به‌هیچ‌وجه (قید),副,قید,毫不犹豫 (háobù yóuyù) | 毫不怀疑 (háobù huáiyí) | 毫不在意 (háobù zàiyì),他毫不犹豫地接受了这个任务。,Tā háobù yóuyù de jiēshòu le zhège rènwu.,او بدون ذره‌ای تردید این مأموریت را پذیرفت.,
522,毫无,háo wú,HSK 6,副,1,完全没有，后面通常接名词（副）,هیچ؛ مطلقاً بدون؛ کاملاً فاقد (قید),副,قید,毫无办法 (háowú bànfǎ) | 毫无意义 (háowú yìyì) | 毫无兴趣 (háowú xìngqù),这样的争论毫无意义。,Zhèyàng de zhēnglùn háowú yìyì.,چنین بحثی هیچ فایده و معنایی ندارد.,
523,好不,hǎo bù,HSK 6,副,1,表示程度很深，相当于“非常”，多见于带有感叹语气的表达（副）,بسیار؛ چه‌قدر، با لحن احساسی (قید),副,قید,好不热闹 (hǎobù rènao) | 好不威风 (hǎobù wēifēng) | 好不自在 (hǎobù zìzài),节日的广场人山人海，好不热闹。,"Jiérì de guǎngchǎng rénshānrénhǎi, hǎobù rènao.",میدان در روز جشن پر از جمعیت بود و چه شور و هیاهویی داشت.,
524,好感,hǎo gǎn,HSK 6,名,1,对某人或某事物产生的喜欢、欣赏或肯定的感觉（名）,حس مثبت؛ نظر مساعد؛ علاقه (اسم),名,اسم,产生好感 (chǎnshēng hǎogǎn) | 对他有好感 (duì tā yǒu hǎogǎn) | 增加好感 (zēngjiā hǎogǎn),第一次见面时，我就对她产生了好感。,"Dì-yī cì jiànmiàn shí, wǒ jiù duì tā chǎnshēng le hǎogǎn.",از همان دیدار اول نسبت به او حس مثبتی پیدا کردم.,
525,好客,hào kè,HSK 6,形,1,喜欢并热情地招待客人的（形）,مهمان‌نواز (صفت),形,صفت,热情好客 (rèqíng hàokè) | 主人好客 (zhǔrén hàokè) | 十分好客 (shífēn hàokè),这里的人热情好客，让我们感觉很亲切。,"Zhèlǐ de rén rèqíng hàokè, ràng wǒmen gǎnjué hěn qīnqiè.",مردم اینجا گرم و مهمان‌نوازند و به ما احساس صمیمیت می‌دهند.,
526,毫米,háo mǐ,HSK 6,量,1,长度单位，一毫米等于千分之一米（量）,میلی‌متر (واحد شمارش),量,واحد شمارش,三毫米厚 (sān háomǐ hòu) | 直径五毫米 (zhíjìng wǔ háomǐ) | 不到一毫米 (bú dào yì háomǐ),这块玻璃厚五毫米。,Zhè kuài bōli hòu wǔ háomǐ.,ضخامت این شیشه پنج میلی‌متر است.,
527,好容易,hǎo róng yì,HSK 6,副,1,经过很大努力或等待很久以后才实现，相当于“好不容易”（副）,پس از کلی زحمت بالاخره (قید),副,قید,好容易才完成 (hǎoróngyì cái wánchéng) | 好容易找到 (hǎoróngyì zhǎodào) | 好容易等到 (hǎoróngyì děngdào),我们找了很久，好容易才找到他。,"Wǒmen zhǎo le hěn jiǔ, hǎoróngyì cái zhǎodào tā.",خیلی دنبالش گشتیم و پس از کلی زحمت بالاخره پیدایش کردیم.,
528,毫升,háo shēng,HSK 6,量,1,容量单位，一毫升等于千分之一升（量）,میلی‌لیتر (واحد شمارش),量,واحد شمارش,一百毫升水 (yìbǎi háoshēng shuǐ) | 容量五百毫升 (róngliàng wǔbǎi háoshēng) | 每次十毫升 (měi cì shí háoshēng),请加入一百毫升水。,Qǐng jiārù yìbǎi háoshēng shuǐ.,لطفاً صد میلی‌لیتر آب اضافه کنید.,
529,好学,hào xué,HSK 6,形,1,喜欢学习、愿意主动获取知识的（形）,مشتاق یادگیری؛ اهل آموختن (صفت),形,صفت,勤奋好学 (qínfèn hàoxué) | 好学上进 (hàoxué shàngjìn) | 从小好学 (cóngxiǎo hàoxué),他从小就很好学，对什么都充满好奇。,"Tā cóngxiǎo jiù hěn hàoxué, duì shénme dōu chōngmǎn hàoqí.",او از کودکی مشتاق یادگیری بود و دربارهٔ همه‌چیز کنجکاوی می‌کرد.,
530,号召,hào zhào,HSK 6,动、名,1,公开呼吁人们共同采取某种行动或响应某种主张（及物动）,فراخواندن؛ دعوت عمومی کردن (فعل گذرا),及物动,فعل گذرا,号召大家 (hàozhào dàjiā) | 号召群众 (hàozhào qúnzhòng) | 号召全社会 (hàozhào quán shèhuì),学校号召大家节约用水。,Xuéxiào hàozhào dàjiā jiéyuē yòngshuǐ.,مدرسه همه را به صرفه‌جویی در مصرف آب فراخواند.,
530,号召,hào zhào,HSK 6,动、名,2,要求或鼓励大家共同采取行动的公开倡议（名）,فراخوان؛ دعوت عمومی (اسم),名,اسم,发出号召 (fāchū hàozhào) | 响应号召 (xiǎngyìng hàozhào) | 听从号召 (tīngcóng hàozhào),许多年轻人响应号召，参加了志愿活动。,"Xǔduō niánqīngrén xiǎngyìng hàozhào, cānjiā le zhìyuàn huódòng.",بسیاری از جوانان به این فراخوان پاسخ دادند و در فعالیت داوطلبانه شرکت کردند.,
531,合并,hé bìng,HSK 6,动、名,1,把两个或多个组织、事物等合成一个，或彼此合在一起（动）,ادغام کردن؛ ادغام شدن (فعل گذرا، ناگذر),动,فعل گذرا، ناگذر,合并文件 (hébìng wénjiàn) | 合并部门 (hébìng bùmén) | 两家公司合并 (liǎng jiā gōngsī hébìng),两家公司决定在明年正式合并。,Liǎng jiā gōngsī juédìng zài míngnián zhèngshì hébìng.,دو شرکت تصمیم گرفتند سال آینده رسماً با یکدیگر ادغام شوند.,
531,合并,hé bìng,HSK 6,动、名,2,两个或多个组织、事物等合成一个的过程或结果（名）,ادغام (اسم),名,اسم,完成合并 (wánchéng hébìng) | 公司合并 (gōngsī hébìng) | 合并方案 (hébìng fāng'àn),两家公司的合并已经完成。,Liǎng jiā gōngsī de hébìng yǐjīng wánchéng.,ادغام دو شرکت به پایان رسیده است.,
532,合成,hé chéng,HSK 6,动、名,1,把不同的部分、材料或信息组合成新的整体（及物动）,ترکیب کردن؛ سنتز کردن (فعل گذرا),及物动,فعل گذرا,合成新材料 (héchéng xīn cáiliào) | 合成图像 (héchéng túxiàng) | 人工合成 (réngōng héchéng),科学家成功合成了一种新材料。,Kēxuéjiā chénggōng héchéng le yì zhǒng xīn cáiliào.,دانشمندان با موفقیت مادهٔ جدیدی را سنتز کردند.,
532,合成,hé chéng,HSK 6,动、名,2,不同部分、材料或信息组合成新整体的过程（名）,سنتز؛ ترکیب (اسم),名,اسم,化学合成 (huàxué héchéng) | 语音合成 (yǔyīn héchéng) | 图像合成 (túxiàng héchéng),这种物质的化学合成过程十分复杂。,Zhè zhǒng wùzhì de huàxué héchéng guòchéng shífēn fùzá.,فرایند سنتز شیمیایی این ماده بسیار پیچیده است.,
533,嘿,hēi,HSK 6,叹,1,用于招呼、引起注意，也可表示惊讶、赞叹等，具体语气由上下文决定（叹）,هی؛ اِ؛ عجب، بسته به لحن (حرف ندا),叹,حرف ندا,"嘿，你看 (hēi, nǐ kàn) | 嘿，等等 (hēi, děngdeng) | 嘿，真不错 (hēi, zhēn búcuò)",嘿，你要去哪儿？,"Hēi, nǐ yào qù nǎr?",هی، کجا می‌خواهی بروی؟,
534,黑暗,hēi àn,HSK 6,形、名,1,没有光或光线非常弱的（形）,تاریک (صفت),形,صفت,黑暗的房间 (hēi'àn de fángjiān) | 环境黑暗 (huánjìng hēi'àn) | 变得黑暗 (biànde hēi'àn),停电以后，整个房间变得十分黑暗。,"Tíngdiàn yǐhòu, zhěnggè fángjiān biànde shífēn hēi'àn.",پس از قطع برق، تمام اتاق بسیار تاریک شد.,
534,黑暗,hēi àn,HSK 6,形、名,2,没有光亮的状态或环境（名）,تاریکی؛ ظلمت (اسم),名,اسم,陷入黑暗 (xiànrù hēi'àn) | 驱散黑暗 (qūsàn hēi'àn) | 黑暗之中 (hēi'àn zhī zhōng),远处的灯光照亮了黑暗。,Yuǎnchù de dēngguāng zhàoliàng le hēi'àn.,نور چراغی در دوردست تاریکی را روشن کرد.,
534,黑暗,hēi àn,HSK 6,形、名,3,社会、制度或时代等腐败、残酷，缺少正义或希望的（形）,تیره؛ فاسد و ستمگرانه (صفت),形,صفت,黑暗时代 (hēi'àn shídài) | 社会黑暗 (shèhuì hēi'àn) | 政治黑暗 (zhèngzhì hēi'àn),那是一个政治黑暗、社会动荡的年代。,"Nà shì yí ge zhèngzhì hēi'àn, shèhuì dòngdàng de niándài.",آن دوره، زمانهٔ فساد سیاسی و ناآرامی اجتماعی بود.,
535,恨,hèn,HSK 6,动、名,1,对某人或某事物怀有强烈的厌恶或憎恨（及物动）,متنفر بودن؛ نفرت داشتن (فعل گذرا),及物动,فعل گذرا,恨别人 (hèn biérén) | 恨自己 (hèn zìjǐ) | 又爱又恨 (yòu ài yòu hèn),我最恨故意欺骗别人的人。,Wǒ zuì hèn gùyì qīpiàn biérén de rén.,بیش از همه از کسانی متنفرم که عمداً دیگران را فریب می‌دهند.,
535,恨,hèn,HSK 6,动、名,2,对某人或某事物怀有的强烈怨恨（名）,نفرت؛ کینه (اسم),名,اسم,心中有恨 (xīnzhōng yǒu hèn) | 充满恨意 (chōngmǎn hènyì) | 爱与恨 (ài yǔ hèn),他心中已经没有恨了。,Tā xīnzhōng yǐjīng méiyǒu hèn le.,دیگر هیچ کینه‌ای در دل او نمانده است.,
535,恨,hèn,HSK 6,动、名,3,因无法弥补的事情而产生的遗憾或悔恨，多用于书面语或文学语境（名）,حسرت؛ افسوس، ادبی و رسمی (اسم),名,اسم,终身之恨 (zhōngshēn zhī hèn) | 千古之恨 (qiāngǔ zhī hèn) | 留下无尽的恨 (liúxià wújìn de hèn),没能见父亲最后一面，成了他终身之恨。,"Méi néng jiàn fùqīn zuìhòu yí miàn, chéng le tā zhōngshēn zhī hèn.",اینکه نتوانست برای آخرین بار پدرش را ببیند، به حسرتی همیشگی برای او تبدیل شد.,
536,狠,hěn,HSK 6,形、副,1,性情凶狠、手段严厉，对人不留情的（形）,بی‌رحم؛ سنگدل؛ سخت‌گیر (صفت),形,صفت,心很狠 (xīn hěn hěn) | 手段太狠 (shǒuduàn tài hěn) | 对自己狠 (duì zìjǐ hěn),他对别人狠，对自己更狠。,"Tā duì biérén hěn, duì zìjǐ gèng hěn.",او با دیگران سخت‌گیر است و با خودش حتی سخت‌گیرتر.,
536,狠,hěn,HSK 6,形、副,2,表示动作力度大、态度坚决或毫不留情（副）,به‌شدت؛ با قاطعیت و سخت‌گیری (قید),副,قید,狠下决心 (hěn xià juéxīn) | 狠抓质量 (hěn zhuā zhìliàng) | 狠批一顿 (hěn pī yí dùn),公司决定狠抓产品质量。,Gōngsī juédìng hěn zhuā chǎnpǐn zhìliàng.,شرکت تصمیم گرفت با جدیت فراوان بر کیفیت محصولات نظارت کند.,
537,横,héng,HSK 6,形、动,1,方向与竖直相对，呈左右延伸状态的（形）,افقی؛ عرضی (صفت),形,صفت,横着放 (héngzhe fàng) | 横着写 (héngzhe xiě) | 一横一竖 (yì héng yí shù),这张纸应该横着放。,Zhè zhāng zhǐ yīnggāi héngzhe fàng.,این کاغذ باید به‌صورت افقی قرار داده شود.,
537,横,héng,HSK 6,形、动,2,横向放置、伸展或挡在某处（不及物动）,به‌صورت عرضی قرار گرفتن؛ سر راه قرار داشتن (فعل ناگذر),不及物动,فعل ناگذر,横在路上 (héng zài lùshang) | 横在门口 (héng zài ménkǒu) | 横过来 (héng guòlái),一棵大树横在路中间。,Yì kē dà shù héng zài lù zhōngjiān.,درخت بزرگی به‌صورت عرضی وسط جاده افتاده بود.,
537,横,hèng,HSK 6,形、动,3,态度蛮横、凶狠，不讲道理的，多用于口语（形）,گستاخ؛ زورگو؛ پرخاشگر، محاوره‌ای (صفت),形,صفت,态度很横 (tàidu hěn hèng) | 横得很 (hèng de hěn) | 别这么横 (bié zhème hèng),他仗着有人支持，说话特别横。,"Tā zhàngzhe yǒu rén zhīchí, shuōhuà tèbié hèng.",او چون کسی از او حمایت می‌کند، بسیار گستاخانه حرف می‌زند.,
538,衡量,héng liáng,HSK 6,动,1,按照一定的标准进行比较、评价或判断（及物动）,سنجیدن؛ ارزیابی کردن (فعل گذرا),及物动,فعل گذرا,衡量价值 (héngliáng jiàzhí) | 衡量得失 (héngliáng déshī) | 用标准衡量 (yòng biāozhǔn héngliáng),不能只用金钱衡量一个人的成功。,Bùnéng zhǐ yòng jīnqián héngliáng yí ge rén de chénggōng.,موفقیت یک فرد را نباید فقط با پول سنجید.,
539,痕迹,hén jì,HSK 6,名,1,人或事物经过、发生或存在以后留下的印记或迹象（名）,رد؛ اثر؛ نشانه (اسم),名,اسم,留下痕迹 (liúxià hénjì) | 明显的痕迹 (míngxiǎn de hénjì) | 没有任何痕迹 (méiyǒu rènhé hénjì),现场没有留下任何明显的痕迹。,Xiànchǎng méiyǒu liúxià rènhé míngxiǎn de hénjì.,در محل هیچ رد مشخصی باقی نمانده بود.,
540,和平,hé píng,HSK 6,名、形,1,没有战争、暴力或严重冲突的状态（名）,صلح (اسم),名,اسم,维护和平 (wéihù hépíng) | 世界和平 (shìjiè hépíng) | 渴望和平 (kěwàng hépíng),世界各国人民都渴望和平。,Shìjiè gè guó rénmín dōu kěwàng hépíng.,مردم کشورهای جهان همگی خواهان صلح‌اند.,
540,和平,hé píng,HSK 6,名、形,2,不使用战争或暴力，而通过协商等方式解决问题的（形）,صلح‌آمیز؛ مسالمت‌آمیز (صفت),形,صفت,和平方式 (hépíng fāngshì) | 和平谈判 (hépíng tánpàn) | 和平解决 (hépíng jiějué),双方希望通过和平谈判解决争端。,Shuāngfāng xīwàng tōngguò hépíng tánpàn jiějué zhēngduān.,دو طرف امیدوارند اختلاف را از طریق مذاکرات صلح‌آمیز حل کنند.,
541,和谐,hé xié,HSK 6,形,1,各部分之间配合协调，关系融洽，没有明显矛盾或冲突的（形）,هماهنگ؛ سازگار؛ صمیمانه (صفت),形,صفت,社会和谐 (shèhuì héxié) | 关系和谐 (guānxì héxié) | 色彩和谐 (sècǎi héxié),这一家人相处得十分和谐。,Zhè yì jiā rén xiāngchǔ de shífēn héxié.,اعضای این خانواده با یکدیگر رابطه‌ای بسیار صمیمانه و هماهنگ دارند.,
542,核心,hé xīn,HSK 6,名,1,事物中最重要、起主要作用或处于中心地位的部分（名）,هسته؛ بخش اصلی و محوری (اسم),名,اسم,问题的核心 (wèntí de héxīn) | 核心技术 (héxīn jìshù) | 团队核心 (tuánduì héxīn),我们需要先找到问题的核心。,Wǒmen xūyào xiān zhǎodào wèntí de héxīn.,ابتدا باید بخش اصلی مسئله را پیدا کنیم.,
543,宏大,hóng dà,HSK 6,形,1,规模、场面、目标或构想等巨大而有气势的（形）,عظیم؛ کلان؛ باشکوه (صفت),形,صفت,规模宏大 (guīmó hóngdà) | 场面宏大 (chǎngmiàn hóngdà) | 构想宏大 (gòuxiǎng hóngdà),这项工程规模宏大，需要多年才能完成。,"Zhè xiàng gōngchéng guīmó hóngdà, xūyào duōnián cái néng wánchéng.",این پروژه ابعادی عظیم دارد و تکمیل آن چندین سال زمان می‌برد.,
544,洪水,hóng shuǐ,HSK 6,名,1,因暴雨、河水上涨等原因形成并淹没陆地的大量水流（名）,سیل (اسم),名,اسم,洪水泛滥 (hóngshuǐ fànlàn) | 遭遇洪水 (zāoyù hóngshuǐ) | 抵御洪水 (dǐyù hóngshuǐ),洪水冲毁了村外的桥梁。,Hóngshuǐ chōnghuǐ le cūn wài de qiáoliáng.,سیل پل بیرون روستا را ویران کرد.,
545,后代,hòu dài,HSK 6,名,1,某个人、家族或生物繁衍下来的子孙，也可泛指未来的世代（名）,نوادگان؛ نسل‌های آینده (اسم),名,اسم,他的后代 (tā de hòudài) | 留给后代 (liúgěi hòudài) | 造福后代 (zàofú hòudài),我们有责任为后代保护自然环境。,Wǒmen yǒu zérèn wèi hòudài bǎohù zìrán huánjìng.,ما مسئولیم محیط‌زیست طبیعی را برای نسل‌های آینده حفظ کنیم.,
546,后期,hòu qī,HSK 6,名,1,一段时期、过程或项目中靠后的阶段（名）,مرحلهٔ پایانی؛ بخش دوم یک دوره (اسم),名,اسم,项目后期 (xiàngmù hòuqī) | 治疗后期 (zhìliáo hòuqī) | 发展后期 (fāzhǎn hòuqī),项目进入后期以后，工作更加繁忙了。,"Xiàngmù jìnrù hòuqī yǐhòu, gōngzuò gèngjiā fánmáng le.",پس از ورود پروژه به مرحلهٔ پایانی، کارها سنگین‌تر شد.,
546,后期,hòu qī,HSK 6,名,2,影视、摄影、音频等完成拍摄或录制后的剪辑、配音、特效等制作工作（名）,پس‌تولید (اسم),名,اسم,负责后期 (fùzé hòuqī) | 做后期 (zuò hòuqī) | 后期剪辑 (hòuqī jiǎnjí),这部电影的后期由专业团队负责。,Zhè bù diànyǐng de hòuqī yóu zhuānyè tuánduì fùzé.,پس‌تولید این فیلم بر عهدهٔ یک تیم حرفه‌ای است.,
547,后人,hòu rén,HSK 6,名,1,某个人或家族的后代子孙（名）,نوادگان؛ بازماندگان (اسم),名,اسم,他的后人 (tā de hòurén) | 没有后人 (méiyǒu hòurén) | 寻找后人 (xúnzhǎo hòurén),他的后人至今仍生活在这座城市。,Tā de hòurén zhìjīn réng shēnghuó zài zhè zuò chéngshì.,نوادگان او هنوز در این شهر زندگی می‌کنند.,
547,后人,hòu rén,HSK 6,名,2,生活在某个时代以后的人（名）,آیندگان؛ نسل‌های بعد (اسم),名,اسم,留给后人 (liúgěi hòurén) | 造福后人 (zàofú hòurén) | 供后人研究 (gōng hòurén yánjiū),古人给后人留下了丰富的文化遗产。,Gǔrén gěi hòurén liúxià le fēngfù de wénhuà yíchǎn.,پیشینیان میراث فرهنگی ارزشمندی برای آیندگان به جا گذاشته‌اند.,
548,后退,hòu tuì,HSK 6,动,1,向后移动，或从原来的位置向后撤（不及物动）,عقب رفتن؛ جابه‌جا شدن به سمت عقب (فعل ناگذر),不及物动,فعل ناگذر,后退一步 (hòutuì yí bù) | 向后退 (xiàng hòu tuì) | 请往后退 (qǐng wǎng hòu tuì),这里很危险，请后退几步。,"Zhèlǐ hěn wēixiǎn, qǐng hòutuì jǐ bù.",اینجا خطرناک است؛ لطفاً چند قدم عقب بروید.,
548,后退,hòu tuì,HSK 6,动,2,在困难、压力或原则面前退缩，改变立场（不及物动，比喻）,عقب‌نشینی کردن؛ جا زدن؛ کوتاه آمدن (فعل ناگذر، استعاری),不及物动，比喻,فعل ناگذر، استعاری,绝不后退 (jué bù hòutuì) | 面对困难不后退 (miànduì kùnnan bù hòutuì) | 在原则问题上后退 (zài yuánzé wèntí shang hòutuì),面对压力，他没有后退，而是选择勇敢面对。,"Miànduì yālì, tā méiyǒu hòutuì, ér shì xuǎnzé yǒnggǎn miànduì.",او در برابر فشار عقب‌نشینی نکرد، بلکه مواجههٔ شجاعانه را انتخاب نمود.,
548,后退,hòu tuì,HSK 6,动,3,指历史、时代、社会或经济等宏观趋势向较差的状态倒退，不用于个人学业或技能（不及物动，比喻）,پسرفت کردن؛ عقب‌گرد داشتن (فعل ناگذر، مربوط به روندها، جامعه، تاریخ یا اقتصاد، نه تحصیلی),不及物动，比喻,فعل ناگذر، مربوط به روندها، جامعه، تاریخ یا اقتصاد، نه تحصیلی,历史不会后退 (lìshǐ bú huì hòutuì) | 时代在后退 (shídài zài hòutuì) | 经济后退 (jīngjì hòutuì),历史的轮子是向前滚动的，绝不会后退。,"Lìshǐ de lúnzi shì xiàng qián gǔndòng de, jué bú huì hòutuì.",چرخ تاریخ به سمت جلو در حرکت است و هرگز پسرفت نمی‌کند.,
549,后者,hòu zhě,HSK 6,名,1,前面提到的两个人或事物中的第二个（名）,دومی؛ مورد دوم (اسم),名,اسم,前者和后者 (qiánzhě hé hòuzhě) | 选择后者 (xuǎnzé hòuzhě) | 更喜欢后者 (gèng xǐhuan hòuzhě),这两个方案中，我更喜欢后者。,"Zhè liǎng ge fāng'àn zhōng, wǒ gèng xǐhuan hòuzhě.",از میان این دو طرح، دومی را بیشتر می‌پسندم.,
550,壶,hú,HSK 6,名、量,1,用陶瓷、金属、玻璃等制成，通常有盖、把手或壶嘴，用来盛液体的容器（名）,قوری؛ کتری؛ ظرف مخصوص مایعات (اسم),名,اسم,一把壶 (yì bǎ hú) | 壶里有水 (hú lǐ yǒu shuǐ) | 手里提着壶 (shǒu lǐ tízhe hú),桌上放着一把壶，里面还有热水。,"Zhuō shàng fàngzhe yì bǎ hú, lǐmiàn hái yǒu rèshuǐ.",روی میز یک کتری بود که هنوز مقداری آب گرم در آن داشت.,
550,壶,hú,HSK 6,名、量,2,用于计算装在壶里的液体（量）,قوری؛ کتری، به‌عنوان واحد شمارش (واحد شمارش),量,واحد شمارش,一壶茶 (yì hú chá) | 一壶水 (yì hú shuǐ) | 两壶酒 (liǎng hú jiǔ),我们坐下以后点了一壶茶。,Wǒmen zuòxia yǐhòu diǎn le yì hú chá.,پس از نشستن، یک قوری چای سفارش دادیم.,
551,户,hù,HSK 6,量,1,用于计算家庭、住户等（量）,خانوار (واحد شمارش),量,واحد شمارش,一户人家 (yí hù rénjiā) | 三百多户 (sānbǎi duō hù) | 每户居民 (měi hù jūmín),村里有三百多户人家。,Cūn lǐ yǒu sānbǎi duō hù rénjiā.,در این روستا بیش از سیصد خانوار زندگی می‌کنند.,
551,户,hù,HSK 6,名,2,家庭或住户（名）,خانوار؛ خانوادهٔ ساکن در یک واحد (اسم),名,اسم,这一户 (zhè yí hù) | 家家户户 (jiājiāhùhù) | 户主姓名 (hùzhǔ xìngmíng),这一户已经搬走了。,Zhè yí hù yǐjīng bānzǒu le.,این خانواده اسباب‌کشی کرده‌اند.,
552,滑冰,huá bīng,HSK 6,动,1,穿着冰鞋在冰面上滑行（不及物动）,اسکیت روی یخ کردن (فعل ناگذر),不及物动,فعل ناگذر,去滑冰 (qù huábīng) | 学习滑冰 (xuéxí huábīng) | 喜欢滑冰 (xǐhuan huábīng),孩子们正在湖面上滑冰。,Háizimen zhèngzài húmiàn shàng huábīng.,بچه‌ها روی سطح دریاچه اسکیت می‌کنند.,
553,花朵,huā duǒ,HSK 6,名,1,花的总称，尤指已经开放的花（名）,گل؛ گلِ شکفته (اسم),名,اسم,美丽的花朵 (měilì de huāduǒ) | 盛开的花朵 (shèngkāi de huāduǒ) | 鲜艳的花朵 (xiānyàn de huāduǒ),花园里开满了美丽的花朵。,Huāyuán lǐ kāimǎn le měilì de huāduǒ.,باغ پر از گل‌های زیبای شکفته است.,
554,划分,huà fēn,HSK 6,动,1,按照一定标准把整体分成若干部分，或确定彼此的界限（及物动）,تقسیم‌بندی کردن؛ مرزبندی کردن (فعل گذرا),及物动,فعل گذرا,划分区域 (huàfēn qūyù) | 划分等级 (huàfēn děngjí) | 划分责任 (huàfēn zérèn),老师把学生划分成了三个小组。,Lǎoshī bǎ xuésheng huàfēn chéng le sān ge xiǎozǔ.,معلم دانش‌آموزان را به سه گروه تقسیم کرد.,
555,怀,huái,HSK 6,动,1,心里存有某种感情、想法或愿望，常用于书面语（及物动）,در دل داشتن؛ در سر داشتن، بیشتر رسمی (فعل گذرا),及物动,فعل گذرا,怀着希望 (huáizhe xīwàng) | 心怀感激 (xīnhuái gǎnjī) | 不怀好意 (bù huái hǎoyì),他怀着希望继续努力。,Tā huáizhe xīwàng jìxù nǔlì.,او با امیدی که در دل داشت به تلاش ادامه داد.,
556,怀念,huái niàn,HSK 6,动,1,对过去的人、地方或事物深切地想念（及物动）,دلتنگ بودن برای؛ با دلتنگی یاد کردن از (فعل گذرا),及物动,فعل گذرا,怀念家乡 (huáiniàn jiāxiāng) | 怀念亲人 (huáiniàn qīnrén) | 怀念童年 (huáiniàn tóngnián),我很怀念童年的生活。,Wǒ hěn huáiniàn tóngnián de shēnghuó.,خیلی دلتنگ روزهای کودکی‌ام هستم.,
557,怀孕,huái yùn,HSK 6,动,1,女性或雌性动物体内有了胎儿（不及物动）,باردار بودن؛ باردار شدن (فعل ناگذر),不及物动,فعل ناگذر,已经怀孕 (yǐjīng huáiyùn) | 怀孕三个月 (huáiyùn sān ge yuè) | 怀孕期间 (huáiyùn qījiān),她已经怀孕三个月了。,Tā yǐjīng huáiyùn sān ge yuè le.,او سه ماه است که باردار است.,
558,环,huán,HSK 6,名,1,圆形或近似圆形的物体,حلقه (اسم، شیء فیزیکی و گرد),名,اسم، شیء فیزیکی و گرد,一个铁环 (yí ge tiěhuán) | 金属环 (jīnshǔ huán) | 环的直径 (huán de zhíjìng),绳子穿过了一个铁环。,Shéngzi chuānguò le yí ge tiěhuán.,طناب از یک حلقهٔ فلزی عبور کرده است.,
558,环,huán,HSK 6,名,2,比喻相互联系的事物中的一个环节或部分,مرحله؛ بخش؛ حلقه (اسم، مربوط به زنجیرهٔ فرایند یا سیستم),名,اسم، مربوط به زنجیرهٔ فرایند یا سیستم,重要一环 (zhòngyào yì huán) | 关键一环 (guānjiàn yì huán) | 最后一环 (zuìhòu yì huán),质量检查是生产过程中重要的一环。,Zhìliàng jiǎnchá shì shēngchǎn guòchéng zhōng zhòngyào de yì huán.,کنترل کیفیت یکی از مراحل (حلقه‌های) مهم فرایند تولید است.,
558,环,huán,HSK 6,名,3,指环形公路、环行铁道等城市交通干线,کمربندی؛ بزرگراه/مسیر حلقوی (اسم، شهری),名,اسم، شهری,二环 (Èrhuán - کمربندی دوم) | 三环 (Sānhuán - کمربندی سوم) | 环线 (huánxiàn - خط حلقوی) | 外环 (wàihuán),他家住在北京的二环附近。,Tā jiā zhù zài Běijīng de Èrhuán fùjìn.,خانهٔ او نزدیک کمربندی دوم پکن است.,
559,患,huàn,HSK 6,动,1,得某种疾病，常用于较正式的表达（及物动）,به بیماری‌ای مبتلا بودن یا شدن، رسمی (فعل گذرا),及物动,فعل گذرا,患重病 (huàn zhòngbìng) | 患心脏病 (huàn xīnzàngbìng) | 患癌症 (huàn áizhèng),他年轻时曾患过重病。,Tā niánqīng shí céng huànguo zhòngbìng.,او در جوانی به بیماری سختی مبتلا شده بود.,
560,黄,huáng,HSK 6,形,1,像金子或成熟柠檬那样的颜色（形）,زرد (صفت),形,صفت,叶子变黄 (yèzi biàn huáng) | 脸色发黄 (liǎnsè fāhuáng) | 又干又黄 (yòu gān yòu huáng),秋天到了，树叶渐渐变黄了。,"Qiūtiān dào le, shùyè jiànjiàn biàn huáng le.",پاییز فرا رسید و برگ‌ها کم‌کم زرد شدند.,
560,黄,huáng,HSK 6,动,2,计划、事情等失败或没有实现，多用于口语（不及物动）,به هم خوردن؛ شکست خوردن، محاوره‌ای (فعل ناگذر),不及物动,فعل ناگذر,事情黄了 (shìqing huáng le) | 生意黄了 (shēngyi huáng le) | 差点儿黄了 (chàdiǎnr huáng le),因为资金不足，这个项目最后黄了。,"Yīnwèi zījīn bùzú, zhège xiàngmù zuìhòu huáng le.",این پروژه در نهایت به‌دلیل کمبود بودجه به هم خورد.,
561,皇帝,huáng dì,HSK 6,名,1,古代帝国或封建王朝的最高统治者（名）,امپراتور (اسم),名,اسم,历代皇帝 (lìdài huángdì) | 当皇帝 (dāng huángdì) | 皇帝下令 (huángdì xiàlìng),这位皇帝在位四十多年。,Zhè wèi huángdì zàiwèi sìshí duō nián.,این امپراتور بیش از چهل سال سلطنت کرد.,
562,欢乐,huān lè,HSK 6,形、名,1,快乐而喜悦的（形）,شاد؛ شادی‌بخش (صفت),形,صفت,欢乐的气氛 (huānlè de qìfēn) | 欢乐的时光 (huānlè de shíguāng) | 欢乐的歌声 (huānlè de gēshēng),大家在欢乐的气氛中迎接新年。,Dàjiā zài huānlè de qìfēn zhōng yíngjiē xīnnián.,همه در فضایی شاد به استقبال سال نو رفتند.,
562,欢乐,huān lè,HSK 6,形、名,2,快乐、喜悦的心情或气氛（名）,شادی؛ نشاط (اسم),名,اسم,带来欢乐 (dàilái huānlè) | 充满欢乐 (chōngmǎn huānlè) | 分享欢乐 (fēnxiǎng huānlè),孩子们的笑声给大家带来了欢乐。,Háizimen de xiàoshēng gěi dàjiā dàilái le huānlè.,صدای خندهٔ بچه‌ها برای همه شادی آورد.,
563,幻想,huàn xiǎng,HSK 6,动、名,1,想象尚未实现或难以实现的事情，常含不切实际的意味（及物动）,در خیال مجسم کردن؛ خیال‌پردازی کردن دربارهٔ (فعل گذرا),及物动,فعل گذرا,幻想未来 (huànxiǎng wèilái) | 幻想一夜成名 (huànxiǎng yí yè chéngmíng) | 不切实际地幻想 (bù qiè shíjì de huànxiǎng),他常常幻想自己有一天会成为明星。,Tā chángcháng huànxiǎng zìjǐ yǒu yì tiān huì chéngwéi míngxīng.,او اغلب خیال می‌کند که روزی ستاره خواهد شد.,
563,幻想,huàn xiǎng,HSK 6,动、名,2,对尚未实现或难以实现的事情所作的想象（名）,خیال؛ رؤیای دور از واقعیت (اسم),名,اسم,美好的幻想 (měihǎo de huànxiǎng) | 幻想破灭 (huànxiǎng pòmiè) | 沉浸在幻想中 (chénjìn zài huànxiǎng zhōng),他终于明白，这只是一种不切实际的幻想。,"Tā zhōngyú míngbai, zhè zhǐshì yì zhǒng bù qiè shíjì de huànxiǎng.",او سرانجام فهمید که این فقط خیالی دور از واقعیت است.,
564,还原,huán yuán,HSK 6,动,1,使事物恢复原来的状态或样子（及物动）,به حالت اولیه برگرداندن؛ بازیابی کردن (فعل گذرا),及物动,فعل گذرا,还原原貌 (huányuán yuánmào) | 还原设置 (huányuán shèzhì) | 还原成原状 (huányuán chéng yuánzhuàng),修复人员尽量把古画还原成原来的样子。,Xiūfù rényuán jǐnliàng bǎ gǔhuà huányuán chéng yuánlái de yàngzi.,مرمتگران تلاش کردند نقاشی قدیمی را به شکل اولیه‌اش برگردانند.,
564,还原,huán yuán,HSK 6,动,2,根据已有的信息重新呈现事情原来的情况或过程（及物动）,بازسازی کردن؛ آنچه رخ داده را بازنمایی کردن (فعل گذرا),及物动,فعل گذرا,还原现场 (huányuán xiànchǎng) | 还原真相 (huányuán zhēnxiàng) | 还原事情经过 (huányuán shìqing jīngguò),警方通过监控录像还原了事情的经过。,Jǐngfāng tōngguò jiānkòng lùxiàng huányuán le shìqing de jīngguò.,پلیس با استفاده از تصاویر دوربین، روند ماجرا را بازسازی کرد.,
564,还原,huán yuán,HSK 6,动,3,在化学反应中使物质得到电子或失去氧（及物动）,احیا کردن، در شیمی (فعل گذرا),及物动,فعل گذرا,还原反应 (huányuán fǎnyìng) | 还原金属 (huányuán jīnshǔ) | 被还原成铁 (bèi huányuán chéng tiě),氧化铁可以被还原成铁。,Yǎnghuàtiě kěyǐ bèi huányuán chéng tiě.,اکسید آهن را می‌توان به آهن احیا کرد.,
565,患者,huàn zhě,HSK 6,名,1,患有疾病、正在接受诊断或治疗的人（名）,بیمار (اسم),名,اسم,癌症患者 (áizhèng huànzhě) | 重症患者 (zhòngzhèng huànzhě) | 患者家属 (huànzhě jiāshǔ),医生正在为患者检查身体。,Yīshēng zhèngzài wèi huànzhě jiǎnchá shēntǐ.,پزشک در حال معاینهٔ بیمار است.,
566,花生,huā shēng,HSK 6,名,1,一种豆科作物及其可以食用的种子（名）,بادام‌زمینی (اسم),名,اسم,种花生 (zhòng huāshēng) | 炒花生 (chǎo huāshēng) | 一把花生 (yì bǎ huāshēng),我对花生过敏，不能吃。,"Wǒ duì huāshēng guòmǐn, bù néng chī.",من به بادام‌زمینی حساسیت دارم و نمی‌توانم آن را بخورم.,
567,化石,huà shí,HSK 6,名,1,保存在岩层中的古代生物遗体、遗迹或印痕（名）,فسیل (اسم),名,اسم,恐龙化石 (kǒnglóng huàshí) | 植物化石 (zhíwù huàshí) | 发现化石 (fāxiàn huàshí),科学家发现了一块新的恐龙化石。,Kēxuéjiā fāxiàn le yí kuài xīn de kǒnglóng huàshí.,دانشمندان فسیل جدیدی از یک دایناسور کشف کردند.,
568,话筒,huà tǒng,HSK 6,名,1,把声音转换成电信号并传送或放大的设备（名）,میکروفون (اسم),名,اسم,无线话筒 (wúxiàn huàtǒng) | 拿起话筒 (náqǐ huàtǒng) | 对着话筒说话 (duìzhe huàtǒng shuōhuà),请把话筒递给下一位发言人。,Qǐng bǎ huàtǒng dì gěi xià yí wèi fāyánrén.,لطفاً میکروفون را به سخنران بعدی بدهید.,
569,滑行,huá xíng,HSK 6,动,1,物体不离开接触面而平稳地向前移动；也特指飞机在地面移动（不及物动）,سر خوردن؛ روی زمین حرکت کردنِ هواپیما (فعل ناگذر),不及物动,فعل ناگذر,向前滑行 (xiàng qián huáxíng) | 在冰面上滑行 (zài bīngmiàn shàng huáxíng) | 在跑道上滑行 (zài pǎodào shàng huáxíng),飞机正在跑道上缓慢滑行。,Fēijī zhèngzài pǎodào shàng huǎnmàn huáxíng.,هواپیما به‌آرامی روی باند حرکت می‌کند.,
570,滑雪,huá xuě,HSK 6,动,1,穿着滑雪板在雪地上滑行（不及物动）,اسکی کردن (فعل ناگذر),不及物动,فعل ناگذر,去滑雪 (qù huáxuě) | 学习滑雪 (xuéxí huáxuě) | 喜欢滑雪 (xǐhuan huáxuě),他们打算周末去山上滑雪。,Tāmen dǎsuàn zhōumò qù shān shàng huáxuě.,آن‌ها قصد دارند آخر هفته برای اسکی به کوه بروند.,
571,化妆,huà zhuāng,HSK 6,动,1,使用化妆品修饰容貌（不及物动）,آرایش کردن (فعل ناگذر),不及物动,فعل ناگذر,正在化妆 (zhèngzài huàzhuāng) | 学习化妆 (xuéxí huàzhuāng) | 化了淡妆 (huà le dànzhuāng),她每天出门前都会化妆。,Tā měitiān chūmén qián dōu huì huàzhuāng.,او هر روز پیش از بیرون رفتن آرایش می‌کند.,
572,汇,huì,HSK 6,动,1,水流、人群等从不同方向聚集到一起（不及物动）,به هم پیوستن؛ در یک جا جمع شدن (فعل ناگذر),不及物动,فعل ناگذر,汇在一起 (huì zài yìqǐ) | 汇成大河 (huì chéng dàhé) | 汇入大海 (huìrù dàhǎi),几条小河在这里汇成了一条大河。,Jǐ tiáo xiǎohé zài zhèlǐ huì chéng le yì tiáo dàhé.,چند رود کوچک در اینجا به هم می‌پیوندند و رود بزرگی را تشکیل می‌دهند.,
572,汇,huì,HSK 6,动,2,通过银行等把钱转给别人或转到别处（及物动）,حواله کردن؛ انتقال دادن پول (فعل گذرا),及物动,فعل گذرا,汇一笔钱 (huì yì bǐ qián) | 汇到国外 (huì dào guówài) | 汇给家人 (huì gěi jiārén),我已经把钱汇到你的账户里了。,Wǒ yǐjīng bǎ qián huì dào nǐ de zhànghù lǐ le.,من پول را به حساب تو منتقل کرده‌ام.,
573,回报,huí bào,HSK 6,动、名,1,以行动报答别人给予的帮助、关心或支持（及物动）,جبران کردن؛ پاسخِ محبت یا کمک کسی را دادن (فعل گذرا),及物动,فعل گذرا,回报父母 (huíbào fùmǔ) | 回报社会 (huíbào shèhuì) | 回报大家的支持 (huíbào dàjiā de zhīchí),我会用实际行动回报父母。,Wǒ huì yòng shíjì xíngdòng huíbào fùmǔ.,با عمل، زحمات پدر و مادرم را جبران خواهم کرد.,
573,回报,huí bào,HSK 6,动、名,2,付出或投资后得到的好处、收益或结果（名）,نتیجه؛ پاداش؛ بازده (اسم),名,اسم,获得回报 (huòdé huíbào) | 投资回报 (tóuzī huíbào) | 丰厚的回报 (fēnghòu de huíbào),他的努力终于得到了回报。,Tā de nǔlì zhōngyú dédào le huíbào.,تلاش‌های او سرانجام نتیجه داد.,
574,汇报,huì bào,HSK 6,动、名,1,向上级或有关人员报告工作、情况等（及物动）,گزارش دادن (فعل گذرا),及物动,فعل گذرا,汇报工作 (huìbào gōngzuò) | 汇报情况 (huìbào qíngkuàng) | 向领导汇报 (xiàng lǐngdǎo huìbào),请及时向负责人汇报情况。,Qǐng jíshí xiàng fùzérén huìbào qíngkuàng.,لطفاً وضعیت را به‌موقع به مسئول مربوط گزارش دهید.,
574,汇报,huì bào,HSK 6,动、名,2,向上级或有关人员所作的报告（名）,گزارش کاری یا رسمی (اسم),名,اسم,工作汇报 (gōngzuò huìbào) | 听取汇报 (tīngqǔ huìbào) | 书面汇报 (shūmiàn huìbào),领导听取了各部门的工作汇报。,Lǐngdǎo tīngqǔ le gè bùmén de gōngzuò huìbào.,مدیر گزارش کاری بخش‌های مختلف را شنید.,
575,灰尘,huī chén,HSK 6,名,1,空气中或物体表面的细小尘土（名）,گردوغبار (اسم),名,اسم,擦掉灰尘 (cādiào huīchén) | 落满灰尘 (luòmǎn huīchén) | 一层灰尘 (yì céng huīchén),桌子上落了一层厚厚的灰尘。,Zhuōzi shàng luò le yì céng hòuhòu de huīchén.,لایه‌ای ضخیم از گردوغبار روی میز نشسته است.,
576,回顾,huí gù,HSK 6,动,1,回想、检查或总结过去发生的事情（及物动）,مرور کردن؛ به گذشته نگریستن (فعل گذرا),及物动,فعل گذرا,回顾历史 (huígù lìshǐ) | 回顾过去 (huígù guòqù) | 回顾这一年 (huígù zhè yì nián),让我们一起回顾过去一年的工作。,Ràng wǒmen yìqǐ huígù guòqù yì nián de gōngzuò.,بیایید فعالیت‌های سال گذشته را با هم مرور کنیم.,
577,绘画,huì huà,HSK 6,动、名,1,用笔、颜料等画出形象（动）,نقاشی کردن (فعل),动,فعل,学习绘画 (xuéxí huìhuà) | 从事绘画 (cóngshì huìhuà) | 喜爱绘画 (xǐ'ài huìhuà),她从小就喜欢绘画。,Tā cóngxiǎo jiù xǐhuan huìhuà.,او از کودکی به نقاشی کردن علاقه داشت.,
577,绘画,huì huà,HSK 6,动、名,2,用线条、色彩等表现形象的艺术或作品（名）,نقاشی؛ هنر نقاشی (اسم),名,اسم,中国绘画 (Zhōngguó huìhuà) | 现代绘画 (xiàndài huìhuà) | 绘画作品 (huìhuà zuòpǐn),这家博物馆收藏了许多现代绘画。,Zhè jiā bówùguǎn shōucáng le xǔduō xiàndài huìhuà.,این موزه نقاشی‌های مدرن بسیاری در مجموعهٔ خود دارد.,
578,会见,huì jiàn,HSK 6,动、名,1,正式地与某人见面，多用于重要人物或公务场合（及物动）,به‌طور رسمی دیدار کردن با (فعل گذرا),及物动,فعل گذرا,会见代表团 (huìjiàn dàibiǎotuán) | 会见记者 (huìjiàn jìzhě) | 会见外国客人 (huìjiàn wàiguó kèrén),总统会见了外国代表团。,Zǒngtǒng huìjiàn le wàiguó dàibiǎotuán.,رئیس‌جمهور با هیئت خارجی دیدار کرد.,
578,会见,huì jiàn,HSK 6,动、名,2,正式的见面或接见（名）,دیدار رسمی (اسم),名,اسم,举行会见 (jǔxíng huìjiàn) | 正式会见 (zhèngshì huìjiàn) | 安排会见 (ānpái huìjiàn),双方举行了一次正式会见。,Shuāngfāng jǔxíng le yí cì zhèngshì huìjiàn.,دو طرف دیداری رسمی برگزار کردند.,
579,汇款,huì kuǎn,HSK 6,动、名,1,通过银行、邮局或网络把钱转给别人或转到别处（动）,پول حواله کردن؛ پول انتقال دادن (فعل),动,فعل,向国外汇款 (xiàng guówài huìkuǎn) | 网上汇款 (wǎngshàng huìkuǎn) | 给家人汇款 (gěi jiārén huìkuǎn),我昨天已经给家里汇款了。,Wǒ zuótiān yǐjīng gěi jiālǐ huìkuǎn le.,من دیروز برای خانواده‌ام پول حواله کردم.,
579,汇款,huì kuǎn,HSK 6,动、名,2,通过银行、邮局等汇出的款项（名）,وجه حواله‌شده؛ حوالهٔ بانکی (اسم),名,اسم,收到汇款 (shōudào huìkuǎn) | 一笔汇款 (yì bǐ huìkuǎn) | 汇款到账 (huìkuǎn dàozhàng),我们已经收到了你的汇款。,Wǒmen yǐjīng shōudào le nǐ de huìkuǎn.,ما وجه حواله‌شدهٔ تو را دریافت کرده‌ایم.,
580,回头,huí tóu,HSK 6,动、副,1,把头转向后面或转向另一方向（不及物动）,سر برگرداندن؛ برگشتن و نگاه کردن (فعل ناگذر),不及物动,فعل ناگذر,回头看 (huítóu kàn) | 突然回头 (tūrán huítóu) | 回头望了一眼 (huítóu wàng le yì yǎn),他听见有人叫他，马上回头看。,"Tā tīngjiàn yǒurén jiào tā, mǎshàng huítóu kàn.",وقتی شنید کسی صدایش می‌زند، فوراً سرش را برگرداند.,
580,回头,huí tóu,HSK 6,动、副,2,停止错误的行为或改变原来的错误选择（不及物动）,از راه اشتباه برگشتن؛ تجدیدنظر کردن (فعل ناگذر),不及物动,فعل ناگذر,现在回头 (xiànzài huítóu) | 及时回头 (jíshí huítóu) | 回头还来得及 (huítóu hái láidejí),你现在回头还来得及。,Nǐ xiànzài huítóu hái láidejí.,هنوز برای برگشتن از این راه اشتباه دیر نشده است.,
580,回头,huí tóu,HSK 6,动、副,3,过一会儿或以后，多用于口语（副）,بعداً؛ کمی دیگر، محاوره‌ای (قید),副,قید,回头再说 (huítóu zàishuō) | 回头联系 (huítóu liánxì) | 回头告诉你 (huítóu gàosu nǐ),我现在有点忙，回头再给你打电话。,"Wǒ xiànzài yǒudiǎn máng, huítóu zài gěi nǐ dǎ diànhuà.",الآن کمی سرم شلوغ است؛ بعداً به تو تلفن می‌کنم.,
581,灰心,huī xīn,HSK 6,动,1,因遭遇困难或失败而失去信心（不及物动）,دلسرد شدن؛ امید خود را از دست دادن (فعل ناگذر),不及物动,فعل ناگذر,不要灰心 (bú yào huīxīn) | 感到灰心 (gǎndào huīxīn) | 令人灰心 (lìngrén huīxīn),一次失败算不了什么，千万别灰心。,"Yí cì shībài suàn bu liǎo shénme, qiānwàn bié huīxīn.",یک بار شکست خوردن چیزی نیست؛ به‌هیچ‌وجه دلسرد نشو.,
582,忽略,hū lüè,HSK 6,动,1,没有注意到，或没有给予应有的重视（及物动）,نادیده گرفتن؛ از چیزی غفلت کردن (فعل گذرا),及物动,فعل گذرا,忽略细节 (hūlüè xìjié) | 忽略问题 (hūlüè wèntí) | 容易被忽略 (róngyì bèi hūlüè),我们不能忽略任何一个重要细节。,Wǒmen bù néng hūlüè rènhé yí ge zhòngyào xìjié.,نباید هیچ جزئیات مهمی را نادیده بگیریم.,
583,混,hùn,HSK 6,动,1,使不同的东西掺杂在一起，或掺杂在一起（动）,قاطی کردن؛ قاطی شدن (فعل),动,فعل,混在一起 (hùn zài yìqǐ) | 混成一团 (hùn chéng yì tuán) | 别混进去 (bié hùn jìnqu),不要把不同种类的垃圾混在一起。,Bú yào bǎ bùtóng zhǒnglèi de lājī hùn zài yìqǐ.,زباله‌های مختلف را با هم قاطی نکن.,
583,混,hùn,HSK 6,动,2,隐藏真实身份或趁人不注意进入某处（不及物动）,مخفیانه وارد شدن؛ خود را میان دیگران جا زدن (فعل ناگذر),不及物动,فعل ناگذر,混进会场 (hùnjìn huìchǎng) | 混在人群中 (hùn zài rénqún zhōng) | 趁乱混进去 (chènluàn hùn jìnqu),他没有邀请函，却混进了会场。,"Tā méiyǒu yāoqǐnghán, què hùnjìn le huìchǎng.",او دعوت‌نامه نداشت، اما مخفیانه وارد محل مراسم شد.,
583,混,hùn,HSK 6,动,3,没有明确目标地生活或工作；也指在某种环境中谋生、发展，多用于口语（不及物动）,روزگار گذراندن؛ در محیطی برای خود جایی باز کردن، محاوره‌ای (فعل ناگذر),不及物动,فعل ناگذر,混日子 (hùn rìzi) | 在外面混 (zài wàimian hùn) | 混得不错 (hùn de búcuò),他大学毕业后在北京混了几年。,Tā dàxué bìyè hòu zài Běijīng hùn le jǐ nián.,او پس از فارغ‌التحصیلی چند سالی در پکن کار و زندگی کرد.,
584,混合,hùn hé,HSK 6,动、形,1,把不同的物质或事物掺在一起（及物动）,مخلوط کردن؛ درهم آمیختن (فعل گذرا),及物动,فعل گذرا,混合两种颜色 (hùnhé liǎng zhǒng yánsè) | 充分混合 (chōngfèn hùnhé) | 混合在一起 (hùnhé zài yìqǐ),请把面粉和水充分混合。,Qǐng bǎ miànfěn hé shuǐ chōngfèn hùnhé.,لطفاً آرد و آب را کاملاً با هم مخلوط کنید.,
584,混合,hùn hé,HSK 6,动、形,2,由不同种类、成分或形式共同组成的（形）,ترکیبی؛ مختلط (صفت),形,صفت,混合动力 (hùnhé dònglì) | 混合结构 (hùnhé jiégòu) | 混合模式 (hùnhé móshì),这辆汽车使用混合动力。,Zhè liàng qìchē shǐyòng hùnhé dònglì.,این خودرو از نیروی محرکهٔ ترکیبی استفاده می‌کند.,
585,混乱,hùn luàn,HSK 6,形、名,1,没有秩序、条理或正常状态的（形）,آشفته؛ بی‌نظم (صفت),形,صفت,秩序混乱 (zhìxù hùnluàn) | 思想混乱 (sīxiǎng hùnluàn) | 场面混乱 (chǎngmiàn hùnluàn),事故发生后，现场十分混乱。,"Shìgù fāshēng hòu, xiànchǎng shífēn hùnluàn.",پس از وقوع حادثه، محل بسیار آشفته بود.,
585,混乱,hùn luàn,HSK 6,形、名,2,没有秩序或条理的状态（名）,آشفتگی؛ هرج‌ومرج (اسم),名,اسم,造成混乱 (zàochéng hùnluàn) | 陷入混乱 (xiànrù hùnluàn) | 引起混乱 (yǐnqǐ hùnluàn),错误的消息引起了不小的混乱。,Cuòwù de xiāoxi yǐnqǐ le bù xiǎo de hùnluàn.,خبر نادرست آشفتگی زیادی ایجاد کرد.,
586,婚姻,hūn yīn,HSK 6,名,1,结婚以及由此形成的夫妻关系（名）,ازدواج؛ رابطهٔ زناشویی (اسم),名,اسم,幸福的婚姻 (xìngfú de hūnyīn) | 婚姻关系 (hūnyīn guānxì) | 维持婚姻 (wéichí hūnyīn),相互尊重对婚姻非常重要。,Xiānghù zūnzhòng duì hūnyīn fēicháng zhòngyào.,احترام متقابل برای زندگی زناشویی بسیار مهم است.,
587,货币,huò bì,HSK 6,名,1,在商品交换中作为支付手段和价值尺度的钱（名）,پول؛ واحد پول (اسم),名,اسم,数字货币 (shùzì huòbì) | 发行货币 (fāxíng huòbì) | 当地货币 (dāngdì huòbì),人民币是中国的法定货币。,Rénmínbì shì Zhōngguó de fǎdìng huòbì.,رنمینبی واحد پول رسمی چین است.,
588,火柴,huǒ chái,HSK 6,名,1,一端涂有易燃物、摩擦后可以点火的小细棒（名）,کبریت (اسم),名,اسم,一盒火柴 (yì hé huǒchái) | 划火柴 (huá huǒchái) | 点燃火柴 (diǎnrán huǒchái),他划了一根火柴，把蜡烛点燃了。,"Tā huá le yì gēn huǒchái, bǎ làzhú diǎnrán le.",او کبریتی روشن کرد و شمع را روشن کرد.,
589,货车,huò chē,HSK 6,名,1,主要用于运输货物的道路车辆（名）,کامیون؛ خودروی باری (اسم),名,اسم,大型货车 (dàxíng huòchē) | 一辆货车 (yí liàng huòchē) | 货车司机 (huòchē sījī),一辆大型货车停在仓库门口。,Yí liàng dàxíng huòchē tíng zài cāngkù ménkǒu.,یک کامیون بزرگ جلوی انبار توقف کرده است.,
589,货车,huò chē,HSK 6,名,2,铁路上用于运输货物的车辆或列车（名）,واگن باری؛ قطار باری (اسم),名,اسم,铁路货车 (tiělù huòchē) | 一列货车 (yí liè huòchē) | 货车车厢 (huòchē chēxiāng),一列货车缓慢地驶过车站。,Yí liè huòchē huǎnmàn de shǐguò chēzhàn.,یک قطار باری به‌آرامی از ایستگاه عبور کرد.,
590,活力,huó lì,HSK 6,名,1,旺盛的生命力或使人、组织、社会等积极发展的力量（名）,سرزندگی؛ انرژی؛ پویایی (اسم),名,اسم,充满活力 (chōngmǎn huólì) | 保持活力 (bǎochí huólì) | 经济活力 (jīngjì huólì),年轻人的加入给团队带来了新的活力。,Niánqīngrén de jiārù gěi tuánduì dàilái le xīn de huólì.,پیوستن جوانان انرژی تازه‌ای به گروه بخشید.,
591,活跃,huó yuè,HSK 6,形、动,1,积极而有生气；活动频繁（形）,فعال؛ پرجنب‌وجوش؛ پررونق (صفت),形,صفت,思维活跃 (sīwéi huóyuè) | 市场活跃 (shìchǎng huóyuè) | 气氛活跃 (qìfēn huóyuè),课堂气氛非常活跃。,Kètáng qìfēn fēicháng huóyuè.,فضای کلاس بسیار پرنشاط و پویا بود.,
591,活跃,huó yuè,HSK 6,形、动,2,使气氛、思想或活动等变得积极而有生气（及物动）,گرم و پرنشاط کردن؛ رونق بخشیدن به (فعل گذرا),及物动,فعل گذرا,活跃气氛 (huóyuè qìfēn) | 活跃市场 (huóyuè shìchǎng) | 活跃文化生活 (huóyuè wénhuà shēnghuó),老师讲了个笑话来活跃课堂气氛。,Lǎoshī jiǎng le ge xiàohuà lái huóyuè kètáng qìfēn.,معلم برای گرم‌تر کردن فضای کلاس لطیفه‌ای تعریف کرد.,
592,火灾,huǒ zāi,HSK 6,名,1,失火造成的灾害（名）,آتش‌سوزی (اسم),名,اسم,发生火灾 (fāshēng huǒzāi) | 森林火灾 (sēnlín huǒzāi) | 预防火灾 (yùfáng huǒzāi),这场火灾造成了巨大损失。,Zhè chǎng huǒzāi zàochéng le jùdà sǔnshī.,این آتش‌سوزی خسارت سنگینی به بار آورد.,
593,互助,hù zhù,HSK 6,动、名,1,彼此帮助（不及物动）,به یکدیگر کمک کردن؛ همیاری کردن (فعل ناگذر),不及物动,فعل ناگذر,团结互助 (tuánjié hùzhù) | 友爱互助 (yǒu'ài hùzhù) | 邻里互助 (línlǐ hùzhù),遇到困难时，邻居们总是互助互爱。,"Yùdào kùnnan shí, línjūmen zǒngshì hùzhù hù'ài.",هنگام بروز مشکل، همسایه‌ها همیشه به یکدیگر کمک و محبت می‌کنند.,
593,互助,hù zhù,HSK 6,动、名,2,彼此帮助的行为或关系（名）,همیاری؛ کمک متقابل (اسم),名,اسم,互助精神 (hùzhù jīngshén) | 开展互助 (kāizhǎn hùzhù) | 建立互助关系 (jiànlì hùzhù guānxì),团队成员之间的互助非常重要。,Tuánduì chéngyuán zhījiān de hùzhù fēicháng zhòngyào.,همیاری میان اعضای گروه بسیار مهم است.,
594,胡子,hú zi,HSK 6,名,1,长在嘴周围、下巴或两腮上的毛（名）,ریش و سبیل؛ موی صورت (اسم),名,اسم,留胡子 (liú húzi) | 刮胡子 (guā húzi) | 长胡子 (cháng húzi),他留着一脸浓密的胡子。,Tā liúzhe yì liǎn nóngmì de húzi.,او ریش‌وسبیل پرپشتی دارد.,
595,嫁,jià,HSK 6,动,1,女子与别人结婚，主语是女性本身（不及物动）,شوهر کردن؛ ازدواج کردن (مخصوص زن، فعل ناگذر),不及物动,مخصوص زن، فعل ناگذر,嫁给医生 (jià gěi yīshēng) | 嫁到外地 (jià dào wàidì) | 不想嫁 (bù xiǎng jià),她去年嫁给了一位医生。,Tā qùnián jià gěi le yí wèi yīshēng.,او سال گذشته با یک پزشک ازدواج کرد (شوهر کرد).,
595,嫁,jià,HSK 6,动,2,让女儿或其他女性亲属与某人结婚，主语是父母或长辈（及物动）,شوهر دادن؛ دختری را به ازدواج کسی درآوردن (فعل گذرا),及物动,فعل گذرا,把女儿嫁给他 (bǎ nǚ'ér jià gěi tā) | 嫁女儿 (jià nǚ'ér) | 不愿意嫁女儿 (bú yuànyì jià nǚ'ér),父母不愿意把女儿嫁到很远的地方。,Fùmǔ bú yuànyì bǎ nǚ'ér jià dào hěn yuǎn de dìfang.,والدین تمایل ندارند دخترشان را به جایی بسیار دور شوهر دهند.,
596,夹,jiā,HSK 6,动,1,从两边把物体固定、拿住或取起来（及物动）,میان دو چیز گرفتن؛ با انبر یا چاپستیک برداشتن (فعل گذرا),及物动,فعل گذرا,夹菜 (jiā cài) | 夹住纸张 (jiāzhù zhǐzhāng) | 用筷子夹 (yòng kuàizi jiā),他用筷子夹了一块肉。,Tā yòng kuàizi jiā le yí kuài ròu.,او با چاپستیک تکه‌ای گوشت برداشت.,
596,夹,jiā,HSK 6,动,2,把人或物放在两个事物之间，或处在两个事物之间（动）,میان دو چیز گذاشتن؛ میان دو چیز قرار داشتن (فعل),动,فعل,夹在书里 (jiā zài shū lǐ) | 夹在中间 (jiā zài zhōngjiān) | 中间夹着一张纸 (zhōngjiān jiāzhe yì zhāng zhǐ),我把照片夹在了书里。,Wǒ bǎ zhàopiàn jiā zài le shū lǐ.,عکس را لای کتاب گذاشتم.,
597,加倍,jiā bèi,HSK 6,动、副,1,增加到原来的两倍，也可泛指增加很多（不及物动）,دو برابر شدن؛ چند برابر شدن (فعل ناگذر),不及物动,فعل ناگذر,工资加倍 (gōngzī jiābèi) | 数量加倍 (shùliàng jiābèi) | 价格加倍 (jiàgé jiābèi),如果按时完成任务，奖金就会加倍。,"Rúguǒ ànshí wánchéng rènwu, jiǎngjīn jiù huì jiābèi.",اگر کار به‌موقع تمام شود، پاداش دو برابر خواهد شد.,
597,加倍,jiā bèi,HSK 6,动、副,2,以比平常更大的程度，多修饰努力、小心等（副）,دوچندان؛ با شدت بیشتر (قید),副,قید,加倍努力 (jiābèi nǔlì) | 加倍小心 (jiābèi xiǎoxīn) | 加倍珍惜 (jiābèi zhēnxī),经历这次失败后，我们更要加倍努力。,"Jīnglì zhè cì shībài hòu, wǒmen gèng yào jiābèi nǔlì.",پس از این شکست باید دوچندان تلاش کنیم.,
598,家常,jiā cháng,HSK 6,形、名,1,普通家庭日常使用、制作或食用的（形）,خانگی؛ معمول و روزمره (صفت),形,صفت,家常菜 (jiācháng cài) | 家常饭 (jiācháng fàn) | 家常做法 (jiācháng zuòfǎ),这家小饭馆主要卖家常菜。,Zhè jiā xiǎo fànguǎn zhǔyào mài jiācháng cài.,این رستوران کوچک بیشتر غذای خانگی می‌فروشد.,
598,家常,jiā cháng,HSK 6,形、名,2,家庭日常生活中的事情，多用于谈论日常生活（名）,امور و احوال روزمرهٔ زندگی (اسم),名,اسم,聊家常 (liáo jiācháng) | 拉家常 (lā jiācháng) | 谈谈家常 (tántan jiācháng),两位老人坐在门口聊家常。,Liǎng wèi lǎorén zuò zài ménkǒu liáo jiācháng.,دو سالمند جلوی در نشسته بودند و دربارهٔ احوال و امور روزمره صحبت می‌کردند.,
599,家家户户,jiā jiā hù hù,HSK 6,名,1,每一家；所有家庭（名）,تک‌تک خانواده‌ها؛ همهٔ خانه‌ها (اسم),名,اسم,走进家家户户 (zǒujìn jiājiāhùhù) | 家家户户都知道 (jiājiāhùhù dōu zhīdao) | 送到家家户户 (sòng dào jiājiāhùhù),春节时，家家户户都会贴春联。,"Chūnjié shí, jiājiāhùhù dōu huì tiē chūnlián.",در عید بهار، همهٔ خانواده‌ها دوبیتی‌های مخصوص سال نو را بر در خانه می‌چسبانند.,
600,加剧,jiā jù,HSK 6,动,1,使不好的情况变得更严重，或不好的情况变得更严重（动）,تشدید کردن؛ شدت گرفتن (فعل),动,فعل,矛盾加剧 (máodùn jiājù) | 加剧紧张局势 (jiājù jǐnzhāng júshì) | 病情不断加剧 (bìngqíng búduàn jiājù),原材料短缺进一步加剧了市场竞争。,Yuáncáiliào duǎnquē jìnyíbù jiājù le shìchǎng jìngzhēng.,کمبود مواد اولیه رقابت در بازار را بیش‌ازپیش تشدید کرد.,
601,家居,jiā jū,HSK 6,名,1,家庭居住的环境以及用于布置家庭的家具、装饰和用品（名）,محیط و وسایل خانه؛ دکوراسیون منزل (اسم),名,اسم,家居环境 (jiājū huánjìng) | 家居用品 (jiājū yòngpǐn) | 家居设计 (jiājū shèjì),这家店出售各种家居用品。,Zhè jiā diàn chūshòu gèzhǒng jiājū yòngpǐn.,این فروشگاه انواع وسایل و لوازم خانه را می‌فروشد.,
602,剑,jiàn,HSK 6,名,1,一种长条形、两边或一边有刃的古代兵器（名）,شمشیر (اسم),名,اسم,一把剑 (yì bǎ jiàn) | 拔出剑 (báchū jiàn) | 挥剑战斗 (huī jiàn zhàndòu),他拔出剑，准备与敌人战斗。,"Tā báchū jiàn, zhǔnbèi yǔ dírén zhàndòu.",او شمشیرش را از غلاف بیرون کشید و آمادهٔ نبرد با دشمن شد.,
603,箭,jiàn,HSK 6,名,1,搭在弓上射出的细长武器（名）,تیرِ کمان (اسم),名,اسم,一支箭 (yì zhī jiàn) | 射出一箭 (shèchū yí jiàn) | 身中数箭 (shēn zhòng shù jiàn),他一箭射中了目标。,Tā yí jiàn shèzhòng le mùbiāo.,او با یک تیر به هدف زد.,
604,尖,jiān,HSK 6,形,1,物体末端细小而锐利，容易刺入其他物体（形）,نوک‌تیز؛ تیز (صفت),形,صفت,刀很尖 (dāo hěn jiān) | 削得很尖 (xiāo de hěn jiān) | 又细又尖 (yòu xì yòu jiān),这根针很尖，拿的时候要小心。,"Zhè gēn zhēn hěn jiān, ná de shíhou yào xiǎoxīn.",این سوزن بسیار تیز است؛ هنگام برداشتنش مراقب باش.,
604,尖,jiān,HSK 6,形,2,声音高而刺耳（形）,زیر و گوش‌خراش (صفت),形,صفت,声音很尖 (shēngyīn hěn jiān) | 嗓音又高又尖 (sǎngyīn yòu gāo yòu jiān) | 尖着嗓子说话 (jiānzhe sǎngzi shuōhuà),她的声音太尖，听起来有些刺耳。,"Tā de shēngyīn tài jiān, tīng qǐlái yǒuxiē cì'ěr.",صدای او بیش از حد زیر است و کمی گوش‌خراش به نظر می‌رسد.,
605,肩膀,jiān bǎng,HSK 6,名,1,人的胳膊和躯干相连的部位（名）,شانه (اسم),名,اسم,肩膀疼 (jiānbǎng téng) | 拍拍肩膀 (pāipai jiānbǎng) | 宽阔的肩膀 (kuānkuò de jiānbǎng),他搬东西时弄伤了肩膀。,Tā bān dōngxi shí nòngshāng le jiānbǎng.,او هنگام جابه‌جا کردن وسایل شانه‌اش را آسیب زد.,
606,检测,jiǎn cè,HSK 6,动,1,用一定的方法检查并测定物体的性能、质量、成分或某种情况（及物动）,آزمایش و بررسی کردن؛ سنجیدن (فعل گذرا),及物动,فعل گذرا,检测产品质量 (jiǎncè chǎnpǐn zhìliàng) | 检测病毒 (jiǎncè bìngdú) | 定期检测 (dìngqī jiǎncè),工作人员正在检测这批产品的质量。,Gōngzuò rényuán zhèngzài jiǎncè zhè pī chǎnpǐn de zhìliàng.,کارکنان در حال آزمایش و بررسی کیفیت این محموله از محصولات هستند.,
607,监测,jiān cè,HSK 6,动,1,持续或定期观察、测量并记录某种情况的变化（及物动）,پایش کردن؛ به‌طور مستمر زیر نظر گرفتن (فعل گذرا),及物动,فعل گذرا,监测空气质量 (jiāncè kōngqì zhìliàng) | 实时监测 (shíshí jiāncè) | 持续监测病情 (chíxù jiāncè bìngqíng),这个系统全天监测空气质量。,Zhège xìtǒng quántiān jiāncè kōngqì zhìliàng.,این سامانه به‌صورت شبانه‌روزی کیفیت هوا را پایش می‌کند.,
608,鉴定,jiàn dìng,HSK 6,动,1,通过专业检查辨别并确定事物的真伪、性质、质量或身份（及物动）,کارشناسی و تعیین اصالت یا ماهیت کردن (فعل گذرا),及物动,فعل گذرا,鉴定文物真伪 (jiàndìng wénwù zhēnwěi) | 鉴定作品年代 (jiàndìng zuòpǐn niándài) | 请专家鉴定 (qǐng zhuānjiā jiàndìng),专家正在鉴定这幅画的真伪。,Zhuānjiā zhèngzài jiàndìng zhè fú huà de zhēnwěi.,کارشناس در حال بررسی اصالت این نقاشی است.,
609,坚定,jiān dìng,HSK 6,形、动,1,立场、意志、态度等稳定而不动摇（形）,راسخ؛ استوار؛ قاطع (صفت),形,صفت,立场坚定 (lìchǎng jiāndìng) | 意志坚定 (yìzhì jiāndìng) | 态度坚定 (tàidu jiāndìng),她拒绝得非常坚定，没有丝毫犹豫。,"Tā jùjué de fēicháng jiāndìng, méiyǒu sīháo yóuyù.",او کاملاً قاطعانه مخالفت کرد و ذره‌ای تردید نداشت.,
609,坚定,jiān dìng,HSK 6,形、动,2,使信心、信念、立场或决心变得稳固而不动摇（及物动）,استوارتر کردن؛ تقویت کردن (فعل گذرا),及物动,فعل گذرا,坚定信心 (jiāndìng xìnxīn) | 坚定信念 (jiāndìng xìnniàn) | 坚定决心 (jiāndìng juéxīn),这次成功坚定了他继续研究的信心。,Zhè cì chénggōng jiāndìng le tā jìxù yánjiū de xìnxīn.,این موفقیت اعتماد او را برای ادامهٔ پژوهش استوارتر کرد.,
610,监督,jiān dū,HSK 6,动、名,1,察看并督促个人或机构按照规定做事（及物动）,نظارت کردن بر؛ بر اجرای کار نظارت داشتن (فعل گذرا),及物动,فعل گذرا,监督工程质量 (jiāndū gōngchéng zhìliàng) | 监督政策执行 (jiāndū zhèngcè zhíxíng) | 互相监督 (hùxiāng jiāndū),公众有权监督政府的工作。,Gōngzhòng yǒu quán jiāndū zhèngfǔ de gōngzuò.,مردم حق دارند بر عملکرد دولت نظارت کنند.,
610,监督,jiān dū,HSK 6,动、名,2,察看、检查并督促有关方面遵守规定的行为或机制（名）,نظارت؛ سازوکار نظارتی (اسم),名,اسم,接受监督 (jiēshòu jiāndū) | 加强监督 (jiāqiáng jiāndū) | 社会监督 (shèhuì jiāndū),整个过程都要接受社会监督。,Zhěngge guòchéng dōu yào jiēshòu shèhuì jiāndū.,تمام این فرایند باید تحت نظارت عمومی باشد.,
611,酱,jiàng,HSK 6,名,1,用豆、麦、辣椒、水果等制成的浓稠调味食品（名）,سس غلیظ؛ خمیر چاشنی (اسم),名,اسم,一碟酱 (yì dié jiàng) | 蘸酱吃 (zhàn jiàng chī) | 自制的酱 (zìzhì de jiàng),这种酱有点辣，你先尝一尝。,"Zhè zhǒng jiàng yǒudiǎn là, nǐ xiān cháng yi cháng.",این سس کمی تند است؛ اول کمی از آن بچش.,
612,间隔,jiàn gé,HSK 6,名、动,1,事物在时间或空间上的距离（名）,فاصله؛ بازهٔ زمانی یا مکانی (اسم),名,اسم,时间间隔 (shíjiān jiàngé) | 间隔太短 (jiàngé tài duǎn) | 保持一定间隔 (bǎochí yídìng jiàngé),两次检查之间的间隔是一周。,Liǎng cì jiǎnchá zhījiān de jiàngé shì yì zhōu.,فاصلهٔ میان دو معاینه یک هفته است.,
612,间隔,jiàn gé,HSK 6,名、动,2,在时间或空间上相隔一定的距离（不及物动）,فاصله داشتن؛ با فاصله انجام شدن (فعل ناگذر),不及物动,فعل ناگذر,间隔一天 (jiàngé yì tiān) | 间隔五米 (jiàngé wǔ mǐ) | 间隔时间太长 (jiàngé shíjiān tài cháng),两场比赛间隔了三天。,Liǎng chǎng bǐsài jiàngé le sān tiān.,میان دو مسابقه سه روز فاصله بود.,
613,讲解,jiǎng jiě,HSK 6,动、名,1,解释并说明知识、道理、内容或操作方法（及物动）,توضیح دادن؛ تشریح کردن (فعل گذرا),及物动,فعل گذرا,讲解语法 (jiǎngjiě yǔfǎ) | 详细讲解 (xiángxì jiǎngjiě) | 为游客讲解 (wèi yóukè jiǎngjiě),老师正在给学生讲解这道题。,Lǎoshī zhèngzài gěi xuésheng jiǎngjiě zhè dào tí.,معلم در حال توضیح این سؤال برای دانش‌آموزان است.,
613,讲解,jiǎng jiě,HSK 6,动、名,2,对知识、内容或事物所作的解释和说明（名）,توضیح؛ شرح (اسم),名,اسم,听取讲解 (tīngqǔ jiǎngjiě) | 专业讲解 (zhuānyè jiǎngjiě) | 详细的讲解 (xiángxì de jiǎngjiě),听完导游的讲解，我们对这里的历史有了更多了解。,"Tīngwán dǎoyóu de jiǎngjiě, wǒmen duì zhèlǐ de lìshǐ yǒu le gèng duō liǎojiě.",پس از شنیدن توضیحات راهنما، با تاریخ این مکان بیشتر آشنا شدیم.,
614,将军,jiāngjun,HSK 6,名,1,军队中的高级将领,ژنرال؛ فرماندهٔ ارشد نظامی (اسم),名,اسم,一位将军 (yí wèi jiāngjun) | 年轻的将军 (niánqīng de jiāngjun) | 将军下令 (jiāngjun xiàlìng),这位将军有着丰富的作战经验。,Zhè wèi jiāngjun yǒuzhe fēngfù de zuòzhàn jīngyàn.,این ژنرال تجربهٔ رزمی فراوانی دارد.,
614,将军,jiāngjūn,HSK 6,动,2,下棋时攻击对方的将、帅或王，使其受到直接威胁,کیش دادن (در شطرنج) (فعل گذرا),动,فعل گذرا,给对方将军 (gěi duìfāng jiāngjūn) | 被将军 (bèi jiāngjūn) | 步步将军 (bù bù jiāngjūn),他这一步棋将军了对方。,Tā zhè yí bù qí jiāngjūn le duìfāng.,او با این حرکت به حریف کیش داد.,
614,将军,jiāngjūn,HSK 6,动,3,比喻使人处于难以应付的境地，或给对方出难题,در تنگنا قرار دادن؛ در عمل انجام‌شده گذاشتن (فعل گذرا، استعاری),动,فعل گذرا، استعاری,将军 (jiāngjūn) | 被将军 (bèi jiāngjūn) | 将他一军 (jiāng tā yì jūn),你这不是在将我的军吗？,Nǐ zhè bú shì zài jiāng wǒ de jūn ma?,تو داری مرا در عمل انجام‌شده (تنگنا) قرار می‌دهی؟,
614,将军,jiāngjūn,HSK 6,名,4,军队中的高级军官（名）,ژنرال؛ فرماندهٔ ارشد نظامی (اسم),名,اسم,一位将军 (yí wèi jiāngjūn) | 老将军 (lǎo jiāngjūn) | 著名将军 (zhùmíng jiāngjūn) | 军中将军 (jūn zhōng jiāngjūn),这位将军指挥过多次战役。,Zhè wèi jiāngjūn zhǐhuī guo duō cì zhànyì.,این ژنرال چندین نبرد را فرماندهی کرده بود.,
614,将军,jiāngjūn,HSK 6,动,5,下棋时攻击对方的王、将或帅，使对方必须应对（动）,کیش دادن در شطرنج/شطرنج چینی (فعل، بازی),动,فعل، بازی,我将军了 (wǒ jiāngjūn le) | 被将军 (bèi jiāngjūn) | 给对方将军 (gěi duìfāng jiāngjūn) | 连续将军 (liánxù jiāngjūn),他用车将军了。,Tā yòng jū jiāngjūn le.,او با رخ کیش داد.,
615,奖牌,jiǎng pái,HSK 6,名,1,颁发给比赛优胜者或有突出成绩者的纪念牌（名）,مدال (اسم),名,اسم,一枚奖牌 (yì méi jiǎngpái) | 获得奖牌 (huòdé jiǎngpái) | 赢得奖牌 (yíngdé jiǎngpái),她在这次比赛中获得了一枚金牌。,Tā zài zhè cì bǐsài zhōng huòdé le yì méi jīnpái.,او در این مسابقه یک مدال طلا به دست آورد.,
616,奖品,jiǎng pǐn,HSK 6,名,1,作为奖励发给获奖者的物品（名）,جایزه؛ کالای جایزه (اسم),名,اسم,领取奖品 (lǐngqǔ jiǎngpǐn) | 丰富的奖品 (fēngfù de jiǎngpǐn) | 准备奖品 (zhǔnbèi jiǎngpǐn),获奖者可以到台上领取奖品。,Huòjiǎngzhě kěyǐ dào tái shàng lǐngqǔ jiǎngpǐn.,برندگان می‌توانند برای دریافت جایزه به روی صحنه بروند.,
617,坚固,jiān gù,HSK 6,形,1,结实牢固，不容易损坏、倒塌或动摇（形）,محکم؛ مقاوم و بادوام (صفت),形,صفت,结构坚固 (jiégòu jiāngù) | 坚固耐用 (jiāngù nàiyòng) | 十分坚固 (shífēn jiāngù),这座桥的结构非常坚固。,Zhè zuò qiáo de jiégòu fēicháng jiāngù.,ساختار این پل بسیار محکم است.,
618,酱油,jiàng yóu,HSK 6,名,1,以大豆等为主要原料酿制成的深色液体调味品（名）,سس سویا (اسم),名,اسم,一瓶酱油 (yì píng jiàngyóu) | 加点酱油 (jiā diǎn jiàngyóu) | 蘸酱油吃 (zhàn jiàngyóu chī),炒菜时可以加一点酱油。,Chǎocài shí kěyǐ jiā yìdiǎn jiàngyóu.,هنگام تفت دادن غذا می‌توان کمی سس سویا اضافه کرد.,
619,简化,jiǎn huà,HSK 6,动,1,使复杂的事物变得简单（及物动）,ساده‌تر کردن؛ ساده‌سازی کردن (فعل گذرا),及物动,فعل گذرا,简化程序 (jiǎnhuà chéngxù) | 简化手续 (jiǎnhuà shǒuxù) | 简化工作流程 (jiǎnhuà gōngzuò liúchéng),我们需要进一步简化申请手续。,Wǒmen xūyào jìnyíbù jiǎnhuà shēnqǐng shǒuxù.,باید مراحل درخواست را باز هم ساده‌تر کنیم.,
620,间接,jiàn jiē,HSK 6,形,1,通过其他人或事物发生联系，而不是直接发生或进行的（形）,غیرمستقیم؛ باواسطه (صفت),形,صفت,间接影响 (jiànjiē yǐngxiǎng) | 间接证据 (jiànjiē zhèngjù) | 间接原因 (jiànjiē yuányīn),目前只有间接证据，没有直接证据。,"Mùqián zhǐ yǒu jiànjiē zhèngjù, méiyǒu zhíjiē zhèngjù.",در حال حاضر فقط شواهد غیرمستقیم وجود دارد و مدرک مستقیمی در دست نیست.,
621,简介,jiǎn jiè,HSK 6,名,1,简要介绍人物、机构、作品或内容的文字或话语（名）,معرفی مختصر؛ شرح اجمالی (اسم),名,اسم,公司简介 (gōngsī jiǎnjiè) | 作者简介 (zuòzhě jiǎnjiè) | 内容简介 (nèiróng jiǎnjiè),请先阅读一下这家公司的简介。,Qǐng xiān yuèdú yíxià zhè jiā gōngsī de jiǎnjiè.,لطفاً ابتدا معرفی مختصر این شرکت را بخوانید.,
622,坚决,jiān jué,HSK 6,形,1,态度、主张或行动明确而坚定，毫不犹豫（形）,قاطع؛ مصمم (صفت),形,صفت,坚决反对 (jiānjué fǎnduì) | 坚决支持 (jiānjué zhīchí) | 态度坚决 (tàidu jiānjué),他态度坚决，不肯改变自己的决定。,"Tā tàidu jiānjué, bù kěn gǎibiàn zìjǐ de juédìng.",او موضعی قاطع داشت و حاضر نبود تصمیمش را تغییر دهد.,
623,艰难,jiān nán,HSK 6,形,1,困难而不容易完成、进行或度过（形）,سخت؛ دشوار (صفت),形,صفت,生活艰难 (shēnghuó jiānnán) | 艰难的选择 (jiānnán de xuǎnzé) | 艰难地前进 (jiānnán de qiánjìn),他们度过了一段十分艰难的日子。,Tāmen dùguò le yí duàn shífēn jiānnán de rìzi.,آن‌ها دوره‌ای بسیار سخت را پشت سر گذاشتند.,
624,健全,jiàn quán,HSK 6,形、动,1,制度、组织或体系等完整而有效，没有明显缺陷（形）,کامل و کارآمد؛ برخوردار از سازوکار درست (صفت),形,صفت,制度健全 (zhìdù jiànquán) | 体系健全 (tǐxì jiànquán) | 机制比较健全 (jīzhì bǐjiào jiànquán),这家公司有一套健全的管理制度。,Zhè jiā gōngsī yǒu yí tào jiànquán de guǎnlǐ zhìdù.,این شرکت از نظام مدیریتی کامل و کارآمدی برخوردار است.,
624,健全,jiàn quán,HSK 6,形、动,2,身体、心理或人格正常而健康（形）,سالم و متعادل (صفت),形,صفت,身心健全 (shēnxīn jiànquán) | 人格健全 (réngé jiànquán) | 发育健全 (fāyù jiànquán),学校不仅要传授知识，也要培养人格健全的学生。,"Xuéxiào bùjǐn yào chuánshòu zhīshi, yě yào péiyǎng réngé jiànquán de xuésheng.",مدرسه افزون بر آموزش دانش، باید دانش‌آموزانی با شخصیت سالم و متعادل پرورش دهد.,
624,健全,jiàn quán,HSK 6,形、动,3,使制度、组织或体系等变得完整而有效（及物动）,تکمیل و تقویت کردن (فعل گذرا),及物动,فعل گذرا,健全制度 (jiànquán zhìdù) | 健全机制 (jiànquán jīzhì) | 健全保障体系 (jiànquán bǎozhàng tǐxì),政府正在进一步健全社会保障体系。,Zhèngfǔ zhèngzài jìnyíbù jiànquán shèhuì bǎozhàng tǐxì.,دولت در حال تکمیل و تقویت بیشتر نظام تأمین اجتماعی است.,
625,减弱,jiǎn ruò,HSK 6,动,1,力量、程度、影响等变得较弱（不及物动）,ضعیف‌تر شدن؛ کاهش یافتن (فعل ناگذر),不及物动,فعل ناگذر,风力减弱 (fēnglì jiǎnruò) | 疼痛减弱 (téngtòng jiǎnruò) | 影响逐渐减弱 (yǐngxiǎng zhújiàn jiǎnruò),药物起效后，疼痛明显减弱了。,"Yàowù qǐxiào hòu, téngtòng míngxiǎn jiǎnruò le.",پس از اثر کردن دارو، درد به‌طور محسوسی کاهش یافت.,
625,减弱,jiǎn ruò,HSK 6,动,2,使力量、程度、影响或效果等变弱（及物动）,کاهش دادن؛ تضعیف کردن (فعل گذرا),及物动,فعل گذرا,减弱影响 (jiǎnruò yǐngxiǎng) | 减弱效果 (jiǎnruò xiàoguǒ) | 减弱信号强度 (jiǎnruò xìnhào qiángdù),厚厚的墙壁会减弱无线网络信号。,Hòuhòu de qiángbì huì jiǎnruò wúxiàn wǎngluò xìnhào.,دیوارهای ضخیم سیگنال شبکهٔ بی‌سیم را ضعیف می‌کنند.,
626,艰辛,jiān xīn,HSK 6,形、名,1,充满困难，需要付出很多辛苦和努力（形）,سخت و طاقت‌فرسا (صفت),形,صفت,生活艰辛 (shēnghuó jiānxīn) | 艰辛的历程 (jiānxīn de lìchéng) | 艰辛的工作 (jiānxīn de gōngzuò),他们经历了一段艰辛的创业过程。,Tāmen jīnglì le yí duàn jiānxīn de chuàngyè guòchéng.,آن‌ها دوره‌ای سخت و طاقت‌فرسا را برای راه‌اندازی کسب‌وکارشان پشت سر گذاشتند.,
626,艰辛,jiān xīn,HSK 6,形、名,2,经历的困难和辛苦（名）,سختی؛ مشقت (اسم),名,اسم,历尽艰辛 (lìjìn jiānxīn) | 经历艰辛 (jīnglì jiānxīn) | 不怕艰辛 (bú pà jiānxīn),他们历尽艰辛，终于完成了这项工程。,"Tāmen lìjìn jiānxīn, zhōngyú wánchéng le zhè xiàng gōngchéng.",آن‌ها پس از تحمل سختی‌های فراوان، سرانجام این پروژه را به پایان رساندند.,
627,减压,jiǎn yā,HSK 6,动,1,减轻精神或心理上的压力（不及物动）,از استرس کاستن؛ رفع فشار روانی کردن (فعل ناگذر),不及物动,فعل ناگذر,运动减压 (yùndòng jiǎnyā) | 帮助减压 (bāngzhù jiǎnyā) | 学会减压 (xuéhuì jiǎnyā),工作压力大时，我会通过跑步减压。,"Gōngzuò yālì dà shí, wǒ huì tōngguò pǎobù jiǎnyā.",وقتی فشار کاری زیاد است، با دویدن استرسم را کم می‌کنم.,
627,减压,jiǎn yā,HSK 6,动,2,降低容器、设备或系统内部的压力（动）,فشار را کاهش دادن؛ فشارزدایی کردن (فعل),动,فعل,设备减压 (shèbèi jiǎnyā) | 缓慢减压 (huǎnmàn jiǎnyā) | 减压处理 (jiǎnyā chǔlǐ),打开容器之前，必须先进行减压。,"Dǎkāi róngqì zhīqián, bìxū xiān jìnxíng jiǎnyā.",پیش از باز کردن مخزن، ابتدا باید فشار آن را کاهش داد.,
628,检验,jiǎn yàn,HSK 6,动、名,1,通过检查、实验或实践判断是否符合要求或是否正确（及物动）,آزمایش و ارزیابی کردن؛ صحت چیزی را سنجیدن (فعل گذرا),及物动,فعل گذرا,检验产品质量 (jiǎnyàn chǎnpǐn zhìliàng) | 检验研究成果 (jiǎnyàn yánjiū chéngguǒ),实践可以检验这个理论是否正确。,Shíjiàn kěyǐ jiǎnyàn zhège lǐlùn shìfǒu zhèngquè.,عمل می‌تواند درستی این نظریه را بیازماید.,
628,检验,jiǎn yàn,HSK 6,动、名,2,为判断质量、性能、成分或正确性而进行的检查或实验（名）,آزمایش؛ بازرسی فنی (اسم),名,اسم,质量检验 (zhìliàng jiǎnyàn) | 医学检验 (yīxué jiǎnyàn) | 接受检验 (jiēshòu jiǎnyàn) | 经得起检验 (jīngdeqǐ jiǎnyàn),所有产品出厂前都要接受质量检验。,Suǒyǒu chǎnpǐn chūchǎng qián dōu yào jiēshòu zhìliàng jiǎnyàn.,همهٔ محصولات باید پیش از خروج از کارخانه تحت بازرسی کیفیت قرار گیرند.,
629,坚硬,jiān yìng,HSK 6,形,1,质地很硬，不容易被压弯、切开或改变形状（形）,سخت و سفت (صفت),形,صفت,质地坚硬 (zhìdì jiānyìng) | 外壳坚硬 (wàiké jiānyìng) | 坚硬的岩石 (jiānyìng de yánshí),这种岩石非常坚硬，很难切开。,"Zhè zhǒng yánshí fēicháng jiānyìng, hěn nán qiēkāi.",این نوع سنگ بسیار سخت است و به‌سختی بریده می‌شود.,
630,兼职,jiān zhí,HSK 6,动、形、名,1,在本职工作或学习以外兼任其他工作（不及物动）,در کنار کار یا تحصیل، کار دیگری انجام دادن (فعل ناگذر),不及物动,فعل ناگذر,在学校兼职 (zài xuéxiào jiānzhí) | 兼职做翻译 (jiānzhí zuò fānyì) | 利用周末兼职 (lìyòng zhōumò jiānzhí),她读大学时曾在一家餐厅兼职。,Tā dú dàxué shí céng zài yì jiā cāntīng jiānzhí.,او در دوران دانشگاه در یک رستوران کار پاره‌وقت می‌کرد.,
630,兼职,jiān zhí,HSK 6,动、形、名,2,不是全职、由人在主要工作以外兼任的（形）,پاره‌وقت؛ غیرتمام‌وقت (صفت),形,صفت,兼职教师 (jiānzhí jiàoshī) | 兼职翻译 (jiānzhí fānyì) | 兼职岗位 (jiānzhí gǎngwèi),学校正在招聘兼职教师。,Xuéxiào zhèngzài zhāopìn jiānzhí jiàoshī.,مدرسه در حال استخدام معلم پاره‌وقت است.,
630,兼职,jiān zhí,HSK 6,动、形、名,3,在主要工作或学习以外从事的工作（名）,کار پاره‌وقت؛ شغل جانبی (اسم),名,اسم,找兼职 (zhǎo jiānzhí) | 做兼职 (zuò jiānzhí) | 一份兼职 (yí fèn jiānzhí),很多大学生会在假期找一份兼职。,Hěnduō dàxuéshēng huì zài jiàqī zhǎo yí fèn jiānzhí.,بسیاری از دانشجویان در تعطیلات به دنبال یک کار پاره‌وقت می‌گردند.,
631,建筑物,jiàn zhù wù,HSK 6,名,1,人工建造并固定在地面上的房屋或其他工程设施（名）,ساختمان؛ بنا (اسم),名,اسم,高层建筑物 (gāocéng jiànzhùwù) | 历史建筑物 (lìshǐ jiànzhùwù) | 拆除建筑物 (chāichú jiànzhùwù),这座建筑物有一百多年的历史。,Zhè zuò jiànzhùwù yǒu yìbǎi duō nián de lìshǐ.,این بنا بیش از صد سال قدمت دارد.,
632,胶带,jiāo dài,HSK 6,名,1,一面或两面有黏性、用于粘贴或固定物品的带状材料（名）,نوارچسب (اسم),名,اسم,透明胶带 (tòumíng jiāodài) | 双面胶带 (shuāngmiàn jiāodài) | 一卷胶带 (yì juǎn jiāodài),请用胶带把纸箱封好。,Qǐng yòng jiāodài bǎ zhǐxiāng fēnghǎo.,لطفاً کارتن را با نوارچسب محکم ببند.,
633,焦点,jiāo diǎn,HSK 6,名,1,受到集中关注或讨论的人、事情或问题（名）,کانون توجه؛ محور بحث (اسم),名,اسم,成为焦点 (chéngwéi jiāodiǎn) | 讨论的焦点 (tǎolùn de jiāodiǎn) | 关注的焦点 (guānzhù de jiāodiǎn),环境保护成了这次会议讨论的焦点。,Huánjìng bǎohù chéng le zhè cì huìyì tǎolùn de jiāodiǎn.,حفاظت از محیط‌زیست به محور بحث این جلسه تبدیل شد.,
633,焦点,jiāo diǎn,HSK 6,名,2,光线经过反射或折射后会聚的点；也指成像最清晰的位置（名）,نقطهٔ کانونی؛ محل فوکوس (اسم),名,اسم,光学焦点 (guāngxué jiāodiǎn) | 调整焦点 (tiáozhěng jiāodiǎn) | 焦点位置 (jiāodiǎn wèizhi),拍照前要先把焦点对准人物的脸。,Pāizhào qián yào xiān bǎ jiāodiǎn duìzhǔn rénwù de liǎn.,پیش از عکس گرفتن باید فوکوس را روی چهرهٔ شخص تنظیم کرد.,
634,交际,jiāo jì,HSK 6,动,1,与别人接触、来往并进行沟通（不及物动）,معاشرت کردن؛ با دیگران ارتباط برقرار کردن (فعل ناگذر),不及物动,فعل ناگذر,善于交际 (shànyú jiāojì) | 不爱交际 (bú ài jiāojì) | 交际能力强 (jiāojì nénglì qiáng),她性格开朗，也很善于交际。,"Tā xìnggé kāilǎng, yě hěn shànyú jiāojì.",او شخصیتی برون‌گرا دارد و در معاشرت با دیگران نیز بسیار توانمند است.,
635,焦虑,jiāo lǜ,HSK 6,形、名,1,因担心或紧张而心神不安（形）,مضطرب؛ نگران و بی‌قرار (صفت),形,صفت,感到焦虑 (gǎndào jiāolǜ) | 十分焦虑 (shífēn jiāolǜ) | 焦虑不安 (jiāolǜ bù'ān),考试结果出来以前，他一直很焦虑。,"Kǎoshì jiéguǒ chūlái yǐqián, tā yìzhí hěn jiāolǜ.",او تا پیش از اعلام نتیجهٔ امتحان مدام مضطرب بود.,
635,焦虑,jiāo lǜ,HSK 6,形、名,2,因担心、紧张而产生的不安情绪（名）,اضطراب؛ نگرانی (اسم),名,اسم,缓解焦虑 (huǎnjiě jiāolǜ) | 引起焦虑 (yǐnqǐ jiāolǜ) | 减少焦虑 (jiǎnshǎo jiāolǜ),适当运动有助于缓解焦虑。,Shìdàng yùndòng yǒuzhù yú huǎnjiě jiāolǜ.,ورزش مناسب به کاهش اضطراب کمک می‌کند.,
636,角落,jiǎo luò,HSK 6,名,1,两面相接形成的地方，或某个地方偏僻、不显眼的部分（名）,گوشه؛ کنج (اسم),名,اسم,房间的角落 (fángjiān de jiǎoluò) | 躲在角落里 (duǒ zài jiǎoluò lǐ) | 每个角落 (měi ge jiǎoluò),猫躲在房间的角落里。,Māo duǒ zài fángjiān de jiǎoluò lǐ.,گربه در گوشهٔ اتاق پنهان شده بود.,
637,胶水,jiāo shuǐ,HSK 6,名,1,用于粘合物品的黏性液体（名）,چسب مایع (اسم),名,اسم,涂上胶水 (túshàng jiāoshuǐ) | 一瓶胶水 (yì píng jiāoshuǐ) | 用胶水粘 (yòng jiāoshuǐ zhān),请用胶水把这两张纸粘在一起。,Qǐng yòng jiāoshuǐ bǎ zhè liǎng zhāng zhǐ zhān zài yìqǐ.,لطفاً این دو برگ کاغذ را با چسب مایع به هم بچسبان.,
638,交谈,jiāo tán,HSK 6,动,1,两个人或多个人互相谈话（不及物动）,گفت‌وگو کردن؛ با یکدیگر صحبت کردن (فعل ناگذر),不及物动,فعل ناگذر,亲切交谈 (qīnqiè jiāotán) | 深入交谈 (shēnrù jiāotán) | 与朋友交谈 (yǔ péngyou jiāotán),我们坐在咖啡馆里交谈了两个小时。,Wǒmen zuò zài kāfēiguǎn lǐ jiāotán le liǎng ge xiǎoshí.,ما در کافه نشستیم و دو ساعت با هم گفت‌وگو کردیم.,
639,郊外,jiāo wài,HSK 6,名,1,城市周围、城区以外的地区（名）,حومهٔ بیرونی شهر؛ خارج شهر (اسم),名,اسم,住在郊外 (zhù zài jiāowài) | 到郊外散步 (dào jiāowài sànbù) | 郊外的风景 (jiāowài de fēngjǐng),周末我们打算去郊外走走。,Zhōumò wǒmen dǎsuàn qù jiāowài zǒuzou.,قصد داریم آخر هفته برای گردش به خارج شهر برویم.,
640,较为,jiào wéi,HSK 6,副,1,表示具有一定程度，相当于“比较”，多用于书面语（副）,نسبتاً؛ تا اندازه‌ای، بیشتر رسمی (قید),副,قید,较为复杂 (jiàowéi fùzá) | 较为明显 (jiàowéi míngxiǎn) | 较为合理 (jiàowéi hélǐ),与其他方法相比，这个方法较为简单。,"Yǔ qítā fāngfǎ xiāngbǐ, zhège fāngfǎ jiàowéi jiǎndān.",این روش در مقایسه با روش‌های دیگر نسبتاً ساده است.,
641,教训,jiào xùn,HSK 6,名、动,1,从错误、失败或不好的经历中得到的认识和经验（名）,درس؛ عبرت (اسم),名,اسم,吸取教训 (xīqǔ jiàoxùn) | 深刻的教训 (shēnkè de jiàoxùn) | 总结教训 (zǒngjié jiàoxùn),我们应该吸取这次失败的教训。,Wǒmen yīnggāi xīqǔ zhè cì shībài de jiàoxùn.,باید از این شکست درس بگیریم.,
641,教训,jiào xùn,HSK 6,名、动,2,通过批评、责备或惩罚使人认识错误（及物动）,برای عبرت سرزنش یا تنبیه کردن (فعل گذرا),及物动,فعل گذرا,教训孩子 (jiàoxùn háizi) | 教训他一顿 (jiàoxùn tā yí dùn) | 狠狠地教训 (hěnhěn de jiàoxùn),父亲严厉地教训了他一顿。,Fùqīn yánlì de jiàoxùn le tā yí dùn.,پدرش او را به‌شدت سرزنش کرد تا عبرت بگیرد.,
642,脚印,jiǎo yìn,HSK 6,名,1,脚踩过后在地面留下的痕迹（名）,رد پا (اسم),名,اسم,留下脚印 (liúxià jiǎoyìn) | 清晰的脚印 (qīngxī de jiǎoyìn) | 一串脚印 (yí chuàn jiǎoyìn),雪地上留下了一串脚印。,Xuědì shàng liúxià le yí chuàn jiǎoyìn.,ردیفی از ردپاها روی برف باقی مانده بود.,
643,假设,jiǎ shè,HSK 6,动、名,1,暂且把某种情况当作真实或可能发生的情况来考虑（及物动）,فرض کردن (فعل گذرا),及物动,فعل گذرا,假设一种情况 (jiǎshè yì zhǒng qíngkuàng) | 假设问题存在 (jiǎshè wèntí cúnzài) | 不妨假设 (bùfáng jiǎshè),假设你是老板，你会怎么处理这件事？,"Jiǎshè nǐ shì lǎobǎn, nǐ huì zěnme chǔlǐ zhè jiàn shì?",فرض کن مدیر هستی؛ این موضوع را چگونه مدیریت می‌کنی؟,
643,假设,jiǎ shè,HSK 6,动、名,2,根据已有事实提出、尚待验证的解释或设想（名）,فرضیه؛ فرض (اسم),名,اسم,提出假设 (tíchū jiǎshè) | 验证假设 (yànzhèng jiǎshè) | 科学假设 (kēxué jiǎshè),实验结果支持了我们的假设。,Shíyàn jiéguǒ zhīchí le wǒmen de jiǎshè.,نتایج آزمایش فرضیهٔ ما را تأیید کرد.,
644,家属,jiā shǔ,HSK 6,名,1,某人的配偶、子女等关系密切的家庭成员（名）,اعضای نزدیک خانواده (اسم),名,اسم,患者家属 (huànzhě jiāshǔ) | 职工家属 (zhígōng jiāshǔ) | 通知家属 (tōngzhī jiāshǔ),医院已经通知了患者家属。,Yīyuàn yǐjīng tōngzhī le huànzhě jiāshǔ.,بیمارستان اعضای خانوادهٔ بیمار را مطلع کرده است.,
645,加以,jiā yǐ,HSK 6,动,1,用在双音节动词前，表示对前面提到的人或事物采取某种行动，多用于书面语（动）,در مورد آن ... کردن، رسمی (فعل),动,فعل,加以说明 (jiāyǐ shuōmíng) | 加以解决 (jiāyǐ jiějué) | 加以限制 (jiāyǐ xiànzhì),发现问题后，必须及时加以解决。,"Fāxiàn wèntí hòu, bìxū jíshí jiāyǐ jiějué.",پس از شناسایی مشکل، باید آن را به‌موقع حل کرد.,
646,家园,jiā yuán,HSK 6,名,1,自己或一个群体长期生活的地方，常含有亲切、珍爱的感情色彩（名）,خانه و کاشانه؛ سرزمین زندگی (اسم),名,اسم,建设家园 (jiànshè jiāyuán) | 保护家园 (bǎohù jiāyuán) | 重返家园 (chóngfǎn jiāyuán),洪水过后，人们开始重建家园。,"Hóngshuǐ guòhòu, rénmen kāishǐ chóngjiàn jiāyuán.",پس از سیل، مردم بازسازی خانه و کاشانهٔ خود را آغاز کردند.,
647,加重,jiā zhòng,HSK 6,动,1,病情、负担、程度等变得更重或更严重（不及物动）,سنگین‌تر شدن؛ شدت گرفتن (فعل ناگذر),不及物动,فعل ناگذر,病情加重 (bìngqíng jiāzhòng) | 负担加重 (fùdān jiāzhòng) | 症状明显加重 (zhèngzhuàng míngxiǎn jiāzhòng),他的病情昨天突然加重了。,Tā de bìngqíng zuótiān tūrán jiāzhòng le.,وضعیت بیماری او دیروز ناگهان وخیم‌تر شد.,
647,加重,jiā zhòng,HSK 6,动,2,使负担、程度、处罚或不好的情况变得更重或更严重（及物动）,سنگین‌تر کردن؛ شدت بخشیدن به (فعل گذرا),及物动,فعل گذرا,加重负担 (jiāzhòng fùdān) | 加重处罚 (jiāzhòng chǔfá) | 加重环境污染 (jiāzhòng huánjìng wūrǎn),提高费用会加重普通家庭的负担。,Tígāo fèiyòng huì jiāzhòng pǔtōng jiātíng de fùdān.,افزایش هزینه‌ها بار مالی خانواده‌های معمولی را سنگین‌تر می‌کند.,
648,击败,jī bài,HSK 6,动,1,在战争、比赛或竞争中战胜对方（及物动）,شکست دادن؛ مغلوب کردن (فعل گذرا),及物动,فعل گذرا,击败对手 (jībài duìshǒu) | 轻松击败 (qīngsōng jībài) | 最终击败 (zuìzhōng jībài),他们在决赛中击败了上届冠军。,Tāmen zài juésài zhōng jībài le shàng jiè guànjūn.,آن‌ها در مسابقهٔ نهایی قهرمان دورهٔ قبل را شکست دادند.,
649,即便,jí biàn,HSK 6,连,1,表示让步的假设，相当于“即使”，常与“也”呼应（连）,حتی اگر؛ حتی در صورتی که (حرف ربط),连,حرف ربط,即便如此 (jíbiàn rúcǐ) | 即便失败 (jíbiàn shībài) | 即便没人支持 (jíbiàn méi rén zhīchí),即便明天下雨，我们也会按计划出发。,"Jíbiàn míngtiān xiàyǔ, wǒmen yě huì àn jìhuà chūfā.",حتی اگر فردا باران ببارد، طبق برنامه حرکت خواهیم کرد.,
650,继承,jì chéng,HSK 6,动,1,依法取得死者留下的财产、权利或职位等（及物动）,به ارث بردن (فعل گذرا),及物动,فعل گذرا,继承遗产 (jìchéng yíchǎn) | 继承财产 (jìchéng cáichǎn) | 依法继承 (yīfǎ jìchéng),她依法继承了父亲留下的财产。,Tā yīfǎ jìchéng le fùqīn liúxià de cáichǎn.,او طبق قانون دارایی به‌جامانده از پدرش را به ارث برد.,
650,继承,jì chéng,HSK 6,动,2,接受并继续前人的事业、思想、文化或传统（及物动）,ادامه دادن؛ به میراث گرفتن (فعل گذرا),及物动,فعل گذرا,继承传统 (jìchéng chuántǒng) | 继承精神 (jìchéng jīngshén) | 继承文化遗产 (jìchéng wénhuà yíchǎn),我们应该继承和发扬优秀的文化传统。,Wǒmen yīnggāi jìchéng hé fāyáng yōuxiù de wénhuà chuántǒng.,باید سنت‌های فرهنگی ارزشمند را حفظ کنیم و گسترش دهیم.,
651,基地,jī dì,HSK 6,名,1,作为军事、生产、训练、科研等活动基础的场所（名）,پایگاه؛ مرکز فعالیت (اسم),名,اسم,军事基地 (jūnshì jīdì) | 生产基地 (shēngchǎn jīdì) | 训练基地 (xùnliàn jīdì),这里是公司最大的生产基地。,Zhèlǐ shì gōngsī zuì dà de shēngchǎn jīdì.,اینجا بزرگ‌ترین مرکز تولید شرکت است.,
652,机动车,jī dòng chē,HSK 6,名,1,由发动机等动力装置驱动或牵引、在道路上行驶的车辆（名）,وسیلهٔ نقلیهٔ موتوری (اسم),名,اسم,驾驶机动车 (jiàshǐ jīdòngchē) | 禁止机动车通行 (jìnzhǐ jīdòngchē tōngxíng) | 一辆机动车 (yí liàng jīdòngchē),这条路禁止机动车通行。,Zhè tiáo lù jìnzhǐ jīdòngchē tōngxíng.,عبور وسایل نقلیهٔ موتوری از این خیابان ممنوع است.,
653,极端,jí duān,HSK 6,形、名,1,程度达到极点或严重偏离正常范围的（形）,بسیار شدید؛ افراطی (صفت),形,صفت,极端天气 (jíduān tiānqì) | 极端行为 (jíduān xíngwéi) | 想法太极端 (xiǎngfǎ tài jíduān),用这种方式解决问题未免太极端了。,Yòng zhè zhǒng fāngshì jiějué wèntí wèimiǎn tài jíduān le.,حل کردن مشکل به این روش بیش از حد افراطی است.,
653,极端,jí duān,HSK 6,形、名,2,事物发展方向上最偏激或相反的状态（名）,حد افراط؛ یکی از دو سرِ کاملاً متضاد (اسم),名,اسم,走向极端 (zǒuxiàng jíduān) | 两个极端 (liǎng ge jíduān) | 从一个极端到另一个极端 (cóng yí ge jíduān dào lìng yí ge jíduān),我们不能从一个极端走向另一个极端。,Wǒmen bù néng cóng yí ge jíduān zǒuxiàng lìng yí ge jíduān.,نباید از یک حد افراط به حد افراطِ مقابل برویم.,
654,解,jiě,HSK 6,动,1,把系着、扣着或缠着的东西松开（及物动）,باز کردن؛ گره یا بست چیزی را گشودن (فعل گذرا),及物动,فعل گذرا,解绳子 (jiě shéngzi) | 解鞋带 (jiě xiédài) | 解扣子 (jiě kòuzi),他弯下腰解开了鞋带。,Tā wānxià yāo jiěkāi le xiédài.,او خم شد و بند کفشش را باز کرد。,
654,解,jiě,HSK 6,动,2,明白、理解，多用于书面语及否定形式（及物动）,فهمیدن؛ درک کردن (فعل گذرا، بیشتر رسمی/در ساختار منفی),及物动,فعل گذرا، بیشتر رسمی/در ساختار منفی,不解其意 (bù jiě qí yì) | 令人不解 (lìngrén bùjiě) | 深感不解 (shēngǎn bùjiě),他的突然离开令人十分不解。,Tā de tūrán líkāi lìngrén shífēn bùjiě.,رفتن ناگهانی او بسیار گیج‌کننده بود و کسی دلیلش را نمی‌فهمید。,
654,解,jiě,HSK 6,动,3,通过计算或思考求出题目、方程或谜的答案（及物动）,حل کردن (فعل گذرا),及物动,فعل گذرا,解方程 (jiě fāngchéng) | 解一道题 (jiě yí dào tí) | 解不开这个谜 (jiěbukāi zhège mí),这道数学题我解了半天也没解出来。,Zhè dào shùxué tí wǒ jiě le bàntiān yě méi jiěchūlái.,مدت زیادی روی این مسئلهٔ ریاضی کار کردم، اما نتوانستم آن را حل کنم。,
655,饥饿,jī è,HSK 6,形、名,1,因长时间没有进食而非常想吃东西；也指缺少食物的（形）,گرسنه؛ دچار کمبود غذا (صفت),形,صفت,感到饥饿 (gǎndào jī'è) | 十分饥饿 (shífēn jī'è) | 饥饿的人群 (jī'è de rénqún),走了一整天以后，我们又累又饥饿。,"Zǒu le yì zhěng tiān yǐhòu, wǒmen yòu lèi yòu jī'è.",پس از یک روز کامل پیاده‌روی، هم خسته بودیم و هم گرسنه.,
655,饥饿,jī è,HSK 6,形、名,2,缺少食物或长时间没有进食的状态（名）,گرسنگی (اسم),名,اسم,忍受饥饿 (rěnshòu jī'è) | 消除饥饿 (xiāochú jī'è) | 摆脱饥饿 (bǎituō jī'è),战争使许多人陷入了饥饿。,Zhànzhēng shǐ xǔduō rén xiànrù le jī'è.,جنگ افراد زیادی را گرفتار گرسنگی کرد.,
656,杰出,jié chū,HSK 6,形,1,才能、成就或贡献等远远超过一般水平的（形）,برجسته؛ ممتاز (صفت),形,صفت,杰出人才 (jiéchū réncái) | 杰出贡献 (jiéchū gòngxiàn) | 杰出的科学家 (jiéchū de kēxuéjiā),她是一位杰出的医学研究者。,Tā shì yí wèi jiéchū de yīxué yánjiūzhě.,او پژوهشگری برجسته در حوزهٔ پزشکی است.,
657,解答,jiě dá,HSK 6,动、名,1,通过解释、分析或计算回答问题（及物动）,پاسخ دادن و توضیح دادن؛ حل کردن (فعل گذرا),及物动,فعل گذرا,解答问题 (jiědá wèntí) | 耐心解答 (nàixīn jiědá) | 解答疑问 (jiědá yíwèn),老师耐心地解答了学生提出的问题。,Lǎoshī nàixīn de jiědá le xuésheng tíchū de wèntí.,معلم با حوصله به پرسش دانش‌آموز پاسخ داد و آن را توضیح داد.,
657,解答,jiě dá,HSK 6,动、名,2,对问题、习题等给出的答案或解法（名）,پاسخ؛ راه‌حل (اسم),名,اسم,正确解答 (zhèngquè jiědá) | 参考解答 (cānkǎo jiědá) | 查看解答 (chákàn jiědá),书的最后附有所有练习题的参考解答。,Shū de zuìhòu fùyǒu suǒyǒu liànxítí de cānkǎo jiědá.,در پایان کتاب پاسخ‌های پیشنهادی همهٔ تمرین‌ها آمده است.,
658,解读,jiě dú,HSK 6,动,1,通过分析对文字、政策、现象或数据等的内容和意义作出解释（及物动）,تفسیر و تحلیل کردن (فعل گذرا),及物动,فعل گذرا,解读政策 (jiědú zhèngcè) | 解读数据 (jiědú shùjù) | 从不同角度解读 (cóng bùtóng jiǎodù jiědú),专家从法律角度解读了这项新政策。,Zhuānjiā cóng fǎlǜ jiǎodù jiědú le zhè xiàng xīn zhèngcè.,کارشناس این سیاست جدید را از دیدگاه حقوقی تحلیل و تفسیر کرد.,
659,解放,jiě fàng,HSK 6,动、名,1,解除压迫、束缚或限制，使人、思想或生产力获得自由（及物动）,آزاد کردن؛ از قید و محدودیت رها کردن (فعل گذرا),及物动,فعل گذرا,解放思想 (jiěfàng sīxiǎng) | 解放生产力 (jiěfàng shēngchǎnlì) | 解放被压迫者 (jiěfàng bèi yāpòzhě),自动化设备把工人从繁重的劳动中解放了出来。,Zìdònghuà shèbèi bǎ gōngrén cóng fánzhòng de láodòng zhōng jiěfàng le chūlái.,تجهیزات خودکار کارگران را از کار سنگین و طاقت‌فرسا رها کرد.,
659,解放,jiě fàng,HSK 6,动、名,2,摆脱压迫、束缚或限制而获得自由（名）,آزادی؛ رهایی (اسم),名,اسم,民族解放 (mínzú jiěfàng) | 思想解放 (sīxiǎng jiěfàng) | 获得解放 (huòdé jiěfàng),这个民族经过长期斗争终于获得了解放。,Zhège mínzú jīngguò chángqī dòuzhēng zhōngyú huòdé le jiěfàng.,این ملت پس از مبارزه‌ای طولانی سرانجام به آزادی دست یافت.,
660,借鉴,jiè jiàn,HSK 6,动,1,把别人的经验、方法或做法作为参考并吸收其中有用的部分（及物动）,از تجربه یا روش دیگران بهره گرفتن؛ الگو گرفتن از (فعل گذرا),及物动,فعل گذرا,借鉴经验 (jièjiàn jīngyàn) | 借鉴做法 (jièjiàn zuòfǎ) | 值得借鉴 (zhídé jièjiàn),我们可以借鉴其他国家的成功经验。,Wǒmen kěyǐ jièjiàn qítā guójiā de chénggōng jīngyàn.,می‌توانیم از تجربه‌های موفق کشورهای دیگر بهره بگیریم.,
661,接连,jiē lián,HSK 6,副,1,一次接着一次，连续不断地（副）,پیاپی؛ یکی پس از دیگری (قید),副,قید,接连发生 (jiēlián fāshēng) | 接连出现 (jiēlián chūxiàn) | 接连获胜 (jiēlián huòshèng),他接连赢了三场比赛。,Tā jiēlián yíng le sān chǎng bǐsài.,او سه مسابقه را پیاپی برد.,
662,节能,jié néng,HSK 6,动、形,1,节约能源，减少能源消耗（不及物动）,در مصرف انرژی صرفه‌جویی کردن (فعل ناگذر),不及物动,فعل ناگذر,有助于节能 (yǒuzhù yú jiénéng) | 节能降耗 (jiénéng jiànghào) | 促进节能 (cùjìn jiénéng),随手关灯既节能又省钱。,Suíshǒu guān dēng jì jiénéng yòu shěngqián.,خاموش کردن چراغ‌های اضافی هم در مصرف انرژی صرفه‌جویی می‌کند و هم هزینه‌ها را کاهش می‌دهد.,
662,节能,jié néng,HSK 6,动、形,2,能源消耗较少的（形）,کم‌مصرف؛ صرفه‌جو در مصرف انرژی (صفت),形,صفت,节能设备 (jiénéng shèbèi) | 节能产品 (jiénéng chǎnpǐn) | 更加节能 (gèngjiā jiénéng),这种新型空调比旧型号更加节能。,Zhè zhǒng xīnxíng kōngtiáo bǐ jiù xínghào gèngjiā jiénéng.,این مدل جدید کولر از مدل قدیمی کم‌مصرف‌تر است.,
663,结实,jiē shi,HSK 6,形,1,物体坚固耐用，不容易损坏（形）,محکم؛ بادوام (صفت),形,صفت,椅子很结实 (yǐzi hěn jiēshi) | 绳子结实 (shéngzi jiēshi) | 做得很结实 (zuò de hěn jiēshi),这把椅子很结实，可以用很多年。,"Zhè bǎ yǐzi hěn jiēshi, kěyǐ yòng hěnduō nián.",این صندلی بسیار محکم است و می‌توان سال‌ها از آن استفاده کرد.,
663,结实,jiē shi,HSK 6,形,2,身体健壮、有力（形）,تنومند؛ قوی‌بنیه (صفت),形,صفت,身体结实 (shēntǐ jiēshi) | 长得很结实 (zhǎng de hěn jiēshi) | 又高又结实 (yòu gāo yòu jiēshi),他从小身体就很结实，很少生病。,"Tā cóngxiǎo shēntǐ jiù hěn jiēshi, hěn shǎo shēngbìng.",او از کودکی بدنی قوی داشت و به‌ندرت بیمار می‌شد.,
664,解说,jiě shuō,HSK 6,动、名,1,对事物、比赛、表演等进行解释和说明（及物动）,شرح و توضیح دادن؛ گزارش کردن (فعل گذرا),及物动,فعل گذرا,解说比赛 (jiěshuō bǐsài) | 现场解说 (xiànchǎng jiěshuō) | 为观众解说 (wèi guānzhòng jiěshuō),导游正在为游客解说这座古建筑的历史。,Dǎoyóu zhèngzài wèi yóukè jiěshuō zhè zuò gǔ jiànzhù de lìshǐ.,راهنما در حال شرح تاریخ این بنای قدیمی برای گردشگران است.,
664,解说,jiě shuō,HSK 6,动、名,2,对事物、比赛或表演所作的说明和评论（名）,شرح؛ گزارش و توضیحات (اسم),名,اسم,比赛解说 (bǐsài jiěshuō) | 现场解说 (xiànchǎng jiěshuō) | 精彩的解说 (jīngcǎi de jiěshuō),这位主持人的比赛解说非常精彩。,Zhè wèi zhǔchírén de bǐsài jiěshuō fēicháng jīngcǎi.,گزارش این مجری از مسابقه بسیار جذاب بود.,
665,街头,jiē tóu,HSK 6,名,1,街道上或公共街区中（名）,خیابان؛ فضای عمومی خیابان (اسم),名,اسم,走上街头 (zǒushàng jiētóu) | 街头表演 (jiētóu biǎoyǎn) | 街头采访 (jiētóu cǎifǎng),周末的街头到处都是游客。,Zhōumò de jiētóu dàochù dōu shì yóukè.,آخر هفته خیابان‌ها پر از گردشگر است.,
666,结尾,jié wěi,HSK 6,名、动,1,文章、故事、讲话、事情等最后的部分（名）,پایان؛ بخش پایانی (اسم),名,اسم,故事的结尾 (gùshi de jiéwěi) | 文章结尾 (wénzhāng jiéwěi) | 修改结尾 (xiūgǎi jiéwěi),这个故事的结尾非常感人。,Zhège gùshi de jiéwěi fēicháng gǎnrén.,پایان این داستان بسیار تأثیرگذار است.,
666,结尾,jié wěi,HSK 6,名、动,2,在某种内容、方式或情形中结束（不及物动）,با چیزی پایان یافتن (فعل ناگذر),不及物动,فعل ناگذر,以掌声结尾 (yǐ zhǎngshēng jiéwěi) | 以悲剧结尾 (yǐ bēijù jiéwěi) | 用一句话结尾 (yòng yí jù huà jiéwěi),演讲以一句著名的格言结尾。,Yǎnjiǎng yǐ yí jù zhùmíng de géyán jiéwěi.,سخنرانی با یک گفتهٔ مشهور به پایان رسید.,
667,截至,jié zhì,HSK 6,介,1,截止到某个时间，表示统计或情况所达到的时间界限（介）,تا؛ تا پایانِ (حرف اضافه),介,حرف اضافه,截至目前 (jiézhì mùqián) | 截至今天 (jiézhì jīntiān) | 截至去年年底 (jiézhì qùnián niándǐ),截至目前，已经有一百多人报名。,"Jiézhì mùqián, yǐjīng yǒu yìbǎi duō rén bàomíng.",تا این لحظه بیش از صد نفر ثبت‌نام کرده‌اند.,
668,截止,jié zhǐ,HSK 6,动,1,到规定的时间停止受理、进行或计算（不及物动）,به پایان رسیدن؛ مهلتش تمام شدن (فعل ناگذر),不及物动,فعل ناگذر,报名截止 (bàomíng jiézhǐ) | 申请截止 (shēnqǐng jiézhǐ) | 到此截止 (dàocǐ jiézhǐ),本次比赛的报名已经截止了。,Běn cì bǐsài de bàomíng yǐjīng jiézhǐ le.,مهلت ثبت‌نام این مسابقه به پایان رسیده است.,
670,借助,jiè zhù,HSK 6,动,1,依靠别人、工具、条件或力量来达到某种目的（及物动）,کمک گرفتن از؛ با استفاده از (فعل گذرا),及物动,فعل گذرا,借助工具 (jièzhù gōngjù) | 借助网络 (jièzhù wǎngluò) | 借助外部力量 (jièzhù wàibù lìliang),研究人员借助新技术解决了这个问题。,Yánjiū rényuán jièzhù xīn jìshù jiějué le zhège wèntí.,پژوهشگران با استفاده از فناوری جدید این مشکل را حل کردند.,
671,节奏,jié zòu,HSK 6,名,1,音乐、语言或动作中有规律的强弱、长短和快慢变化（名）,ریتم؛ ضرباهنگ (اسم),名,اسم,音乐节奏 (yīnyuè jiézòu) | 节奏明快 (jiézòu míngkuài) | 跟上节奏 (gēnshàng jiézòu),这首歌的节奏轻快，很适合跳舞。,"Zhè shǒu gē de jiézòu qīngkuài, hěn shìhé tiàowǔ.",ریتم این آهنگ شاد و تند است و برای رقصیدن بسیار مناسب است.,
671,节奏,jié zòu,HSK 6,名,2,生活、工作或事情发展过程中快慢、松紧的规律（名）,سرعت و روال؛ آهنگ پیشرفت (اسم),名,اسم,生活节奏 (shēnghuó jiézòu) | 工作节奏 (gōngzuò jiézòu) | 加快节奏 (jiākuài jiézòu),大城市的生活节奏通常比较快。,Dà chéngshì de shēnghuó jiézòu tōngcháng bǐjiào kuài.,سرعت و آهنگ زندگی در شهرهای بزرگ معمولاً بیشتر است.,
672,激发,jī fā,HSK 6,动,1,通过刺激或鼓励使兴趣、热情、潜力等产生或发挥出来（及物动）,برانگیختن؛ فعال کردن (فعل گذرا),及物动,فعل گذرا,激发兴趣 (jīfā xìngqù) | 激发潜力 (jīfā qiánlì) | 激发热情 (jīfā rèqíng),老师的鼓励激发了学生的学习兴趣。,Lǎoshī de gǔlì jīfā le xuésheng de xuéxí xìngqù.,تشویق معلم علاقهٔ دانش‌آموزان به یادگیری را برانگیخت.,
673,基金,jī jīn,HSK 6,名,1,为特定目的设立、统一管理和使用的一笔资金（名）,صندوق مالی؛ بودجهٔ اختصاصی (اسم),名,اسم,设立基金 (shèlì jījīn) | 教育基金 (jiàoyù jījīn) | 慈善基金 (císhàn jījīn),这笔教育基金专门用于帮助贫困学生。,Zhè bǐ jiàoyù jījīn zhuānmén yòngyú bāngzhù pínkùn xuésheng.,این صندوق آموزشی مخصوص کمک به دانش‌آموزان کم‌بضاعت است.,
673,基金,jī jīn,HSK 6,名,2,集中投资者的资金并由专业机构进行投资的金融产品（名）,صندوق سرمایه‌گذاری (اسم),名,اسم,购买基金 (gòumǎi jījīn) | 投资基金 (tóuzī jījīn) | 基金收益 (jījīn shōuyì),投资基金既可能获得收益，也存在风险。,"Tóuzī jījīn jì kěnéng huòdé shōuyì, yě cúnzài fēngxiǎn.",سرمایه‌گذاری در صندوق می‌تواند سودآور باشد، اما با ریسک نیز همراه است.,
674,急救,jí jiù,HSK 6,动、名,1,对突然患病或受重伤的人进行紧急救治（及物动）,امداد فوری کردن؛ اقدامات اولیهٔ درمانی انجام دادن (فعل گذرا),及物动,فعل گذرا,急救伤员 (jíjiù shāngyuán) | 立即急救 (lìjí jíjiù) | 现场急救病人 (xiànchǎng jíjiù bìngrén),医护人员正在急救一名重伤者。,Yīhù rényuán zhèngzài jíjiù yì míng zhòngshāngzhě.,کادر درمان در حال انجام اقدامات فوری برای یک مصدوم بدحال هستند.,
674,急救,jí jiù,HSK 6,动、名,2,对突然患病或受伤者采取的紧急救护措施（名）,کمک‌های اولیه؛ امداد فوری (اسم),名,اسم,现场急救 (xiànchǎng jíjiù) | 接受急救 (jiēshòu jíjiù) | 学习急救 (xuéxí jíjiù),每个人都应该学习一些基本的急救知识。,Měi ge rén dōu yīnggāi xuéxí yìxiē jīběn de jíjiù zhīshi.,همه باید مقداری از اصول اولیهٔ کمک‌های اولیه را بیاموزند.,
675,季军,jì jūn,HSK 6,名,1,比赛中获得第三名的人或队伍（名）,نفر یا تیم سوم؛ دارندهٔ مقام سوم (اسم),名,اسم,获得季军 (huòdé jìjūn) | 全国季军 (quánguó jìjūn) | 上届季军 (shàng jiè jìjūn),他们在全国比赛中获得了季军。,Tāmen zài quánguó bǐsài zhōng huòdé le jìjūn.,آن‌ها در مسابقات کشوری مقام سوم را کسب کردند.,
676,激励,jī lì,HSK 6,动、名,1,激发并鼓励人积极行动或继续努力（及物动）,انگیزه دادن؛ تشویق کردن (فعل گذرا),及物动,فعل گذرا,激励员工 (jīlì yuángōng) | 互相激励 (hùxiāng jīlì) | 激励大家前进 (jīlì dàjiā qiánjìn),老师的话激励我们继续努力。,Lǎoshī de huà jīlì wǒmen jìxù nǔlì.,سخنان معلم به ما انگیزه داد که به تلاش ادامه دهیم.,
676,激励,jī lì,HSK 6,动、名,2,能够激发积极性或推动人行动的措施、力量或鼓励（名）,انگیزه؛ مشوق (اسم),名,اسم,物质激励 (wùzhì jīlì) | 精神激励 (jīngshén jīlì) | 有效的激励 (yǒuxiào de jīlì),适当的激励可以提高员工的积极性。,Shìdàng de jīlì kěyǐ tígāo yuángōng de jījíxìng.,مشوق مناسب می‌تواند انگیزهٔ کارکنان را افزایش دهد.,
677,纪律,jì lǜ,HSK 6,名,1,组织或集体为维护秩序而要求成员遵守的行为规则（名）,انضباط؛ مقررات رفتاری (اسم),名,اسم,遵守纪律 (zūnshǒu jìlǜ) | 违反纪律 (wéifǎn jìlǜ) | 严格的纪律 (yángé de jìlǜ),所有学生都必须遵守学校纪律。,Suǒyǒu xuésheng dōu bìxū zūnshǒu xuéxiào jìlǜ.,همهٔ دانش‌آموزان باید مقررات مدرسه را رعایت کنند.,
678,寂寞,jì mò,HSK 6,形,1,因独自一人或缺少陪伴、交流而感到孤单（形）,تنها و دلتنگ (صفت),形,صفت,感到寂寞 (gǎndào jìmò) | 内心寂寞 (nèixīn jìmò) | 一个人很寂寞 (yí ge rén hěn jìmò),刚搬到这座城市时，她常常感到寂寞。,"Gāng bān dào zhè zuò chéngshì shí, tā chángcháng gǎndào jìmò.",او در اوایل مهاجرت به این شهر اغلب احساس تنهایی می‌کرد.,
679,尽,jìn,HSK 6,动、副,1,尽量用出全部力量，或努力履行责任、义务等（及物动）,تمام توان را به کار بردن؛ وظیفه‌ای را به‌جا آوردن (فعل گذرا),及物动,فعل گذرا,尽最大努力 (jìn zuì dà nǔlì) | 尽自己的责任 (jìn zìjǐ de zérèn) | 尽一份力量 (jìn yí fèn lìliang),我们一定会尽最大努力帮助你。,Wǒmen yídìng huì jìn zuì dà nǔlì bāngzhù nǐ.,حتماً تمام تلاشمان را برای کمک به تو به کار خواهیم گرفت.,
679,尽,jìn,HSK 6,动、副,2,全是、总是，多用于口语（副）,همه؛ مدام، محاوره‌ای (قید),副,قید,尽是借口 (jìn shì jièkǒu) | 尽说空话 (jìn shuō kōnghuà) | 尽挑好的 (jìn tiāo hǎo de),他说的尽是些没用的借口。,Tā shuō de jìn shì xiē méi yòng de jièkǒu.,حرف‌های او همه بهانه‌های بی‌فایده است.,
680,进而,jìn ér,HSK 6,副,1,在前一行动或情况的基础上进一步产生后面的行动或结果，多用于书面语（副）,و در ادامه؛ و از آن طریق، بیشتر رسمی (قید),副,قید,进而提高 (jìn'ér tígāo) | 进而推动 (jìn'ér tuīdòng) | 进而形成 (jìn'ér xíngchéng),这项研究有助于了解问题，进而找到解决办法。,"Zhè xiàng yánjiū yǒuzhù yú liǎojiě wèntí, jìn'ér zhǎodào jiějué bànfǎ.",این پژوهش به شناخت مشکل و در ادامه یافتن راه‌حل آن کمک می‌کند.,
681,进度,jìn dù,HSK 6,名,1,工作、工程或计划进行到的程度（名）,میزان پیشرفت؛ روند اجرای کار (اسم),名,اسم,工程进度 (gōngchéng jìndù) | 项目进度 (xiàngmù jìndù) | 加快进度 (jiākuài jìndù),工程进度比原计划快。,Gōngchéng jìndù bǐ yuán jìhuà kuài.,پیشرفت پروژه از برنامهٔ اولیه جلوتر است.,
682,金额,jīn é,HSK 6,名,1,钱的具体数额（名）,مبلغ؛ مقدار پول (اسم),名,اسم,合同金额 (hétóng jīn'é) | 贷款金额 (dàikuǎn jīn'é) | 确认金额 (quèrèn jīn'é),付款前请仔细确认金额。,Fùkuǎn qián qǐng zǐxì quèrèn jīn'é.,لطفاً پیش از پرداخت، مبلغ را با دقت بررسی کنید.,
683,净,jìng,HSK 6,形、副,1,没有污垢或杂质，多用于书面语，口语常说“干净”（形）,پاک؛ تمیز، بیشتر رسمی (صفت),形,صفت,擦得很净 (cā de hěn jìng) | 洗净双手 (xǐjìng shuāngshǒu) | 洁净如新 (jiéjìng rú xīn),桌子已经擦得很净了。,Zhuōzi yǐjīng cā de hěn jìng le.,میز کاملاً تمیز شده است.,
683,净,jìng,HSK 6,形、副,2,扣除成本、包装或其他部分以后剩下的（形）,خالص؛ پس از کسر هزینه یا وزن اضافی (صفت),形,صفت,净利润 (jìng lìrùn) | 净收入 (jìng shōurù) | 净重五公斤 (jìngzhòng wǔ gōngjīn),公司去年的净利润增长了百分之十。,Gōngsī qùnián de jìng lìrùn zēngzhǎng le bǎifēnzhī shí.,سود خالص شرکت در سال گذشته ده درصد افزایش یافت.,
683,净,jìng,HSK 6,形、副,3,表示全是或总是做某事，常含不满意味，多用于口语（副）,همه‌اش؛ مدام، معمولاً با لحنی انتقادی (قید),副,قید,净说废话 (jìng shuō fèihuà) | 净出问题 (jìng chū wèntí) | 净想着玩 (jìng xiǎngzhe wán),你别净说别人的缺点。,Nǐ bié jìng shuō biérén de quēdiǎn.,همه‌اش از عیب‌های دیگران حرف نزن.,
684,井,jǐng,HSK 6,名,1,从地面向下挖成、用于取得地下水的深洞（名）,چاه آب (اسم),名,اسم,一口井 (yì kǒu jǐng) | 挖一口井 (wā yì kǒu jǐng) | 从井里打水 (cóng jǐng lǐ dǎ shuǐ),村里还有一口用了上百年的老井。,Cūn lǐ hái yǒu yì kǒu yòng le shàng bǎi nián de lǎo jǐng.,در روستا هنوز چاه قدیمی‌ای وجود دارد که بیش از صد سال از آن استفاده شده است.,
685,警告,jǐng gào,HSK 6,动、名,1,提醒或告诫对方注意危险、错误或可能产生的严重后果（及物动）,هشدار دادن؛ اخطار کردن به (فعل گذرا),及物动,فعل گذرا,警告司机 (jǐnggào sījī) | 严厉警告 (yánlì jǐnggào) | 警告他别靠近 (jǐnggào tā bié kàojìn),警察警告他不要再次超速。,Jǐngchá jǐnggào tā bú yào zàicì chāosù.,پلیس به او اخطار داد که دوباره با سرعت غیرمجاز رانندگی نکند.,
685,警告,jǐng gào,HSK 6,动、名,2,为提醒危险、制止错误或进行处分而发出的告诫（名）,هشدار؛ اخطار (اسم),名,اسم,口头警告 (kǒutóu jǐnggào) | 书面警告 (shūmiàn jǐnggào) | 发出警告 (fāchū jǐnggào),这是给你的最后一次警告。,Zhè shì gěi nǐ de zuìhòu yí cì jǐnggào.,این آخرین اخطاری است که به تو داده می‌شود.,
686,景观,jǐng guān,HSK 6,名,1,某一地区自然形成或人工建造的、可供观赏的景色（名）,چشم‌انداز؛ منظر طبیعی یا شهری (اسم),名,اسم,自然景观 (zìrán jǐngguān) | 城市景观 (chéngshì jǐngguān) | 独特的景观 (dútè de jǐngguān),这片湿地有着独特的自然景观。,Zhè piàn shīdì yǒuzhe dútè de zìrán jǐngguān.,این تالاب چشم‌انداز طبیعی منحصربه‌فردی دارد.,
687,精美,jīng měi,HSK 6,形,1,制作精细而美观（形）,ظریف و زیبا؛ نفیس (صفت),形,صفت,制作精美 (zhìzuò jīngměi) | 包装精美 (bāozhuāng jīngměi) | 图案精美 (tú'àn jīngměi),这本书的印刷和装帧都非常精美。,Zhè běn shū de yìnshuā hé zhuāngzhēn dōu fēicháng jīngměi.,چاپ و صحافی این کتاب بسیار ظریف و زیباست.,
688,精确,jīng què,HSK 6,形,1,非常准确，误差很小（形）,بسیار دقیق؛ کم‌خطا (صفت),形,صفت,精确计算 (jīngquè jìsuàn) | 精确测量 (jīngquè cèliáng) | 数据精确 (shùjù jīngquè),这种仪器可以精确测量物体的重量。,Zhè zhǒng yíqì kěyǐ jīngquè cèliáng wùtǐ de zhòngliàng.,این دستگاه می‌تواند وزن اجسام را با دقت زیادی اندازه‌گیری کند.,
689,惊人,jīng rén,HSK 6,形,1,程度、数量或结果等超出一般情况，使人感到惊讶（形）,شگفت‌آور؛ حیرت‌انگیز (صفت),形,صفت,速度惊人 (sùdù jīngrén) | 取得惊人成绩 (qǔdé jīngrén chéngjì) | 变化十分惊人 (biànhuà shífēn jīngrén),这座城市近几年的变化十分惊人。,Zhè zuò chéngshì jìn jǐ nián de biànhuà shífēn jīngrén.,تغییرات این شهر در چند سال اخیر بسیار شگفت‌آور بوده است.,
690,竞赛,jìng sài,HSK 6,名,1,为比较知识、技能、速度等而举行的比赛（名）,مسابقه؛ رقابت سازمان‌یافته (اسم),名,اسم,数学竞赛 (shùxué jìngsài) | 知识竞赛 (zhīshi jìngsài) | 参加竞赛 (cānjiā jìngsài),她参加了全国大学生英语竞赛。,Tā cānjiā le quánguó dàxuéshēng Yīngyǔ jìngsài.,او در مسابقهٔ سراسری زبان انگلیسی دانشجویان شرکت کرد.,
691,经商,jīng shāng,HSK 6,动,1,从事商品买卖或其他商业活动（不及物动）,تجارت کردن؛ به کسب‌وکار مشغول بودن (فعل ناگذر),不及物动,فعل ناگذر,出国经商 (chūguó jīngshāng) | 经商多年 (jīngshāng duōnián) | 靠经商致富 (kào jīngshāng zhìfù),他的父亲经商已经二十多年了。,Tā de fùqīn jīngshāng yǐjīng èrshí duō nián le.,پدرش بیش از بیست سال است که به تجارت مشغول است.,
692,精通,jīng tōng,HSK 6,动,1,对某种知识、技能或业务掌握得非常全面、熟练（及物动）,کاملاً مسلط بودن به؛ تبحر داشتن در (فعل گذرا),及物动,فعل گذرا,精通外语 (jīngtōng wàiyǔ) | 精通业务 (jīngtōng yèwù) | 精通计算机技术 (jīngtōng jìsuànjī jìshù),她精通三门外语。,Tā jīngtōng sān mén wàiyǔ.,او به سه زبان خارجی کاملاً مسلط است.,
693,镜头,jìng tóu,HSK 6,名,1,照相机、摄像机等用于成像的光学部件（名）,لنز دوربین (اسم),名,اسم,广角镜头 (guǎngjiǎo jìngtóu) | 更换镜头 (gēnghuàn jìngtóu) | 清洁镜头 (qīngjié jìngtóu),摄影师给相机换了一个镜头。,Shèyǐngshī gěi xiàngjī huàn le yí ge jìngtóu.,عکاس لنز دوربین را عوض کرد.,
693,镜头,jìng tóu,HSK 6,名,2,照相机或摄像机所对着的拍摄范围，常借指摄像机（名）,دوربین؛ قاب دوربین (اسم),名,اسم,面对镜头 (miànduì jìngtóu) | 看着镜头 (kànzhe jìngtóu) | 避开镜头 (bìkāi jìngtóu),接受采访时，请看着镜头说话。,"Jiēshòu cǎifǎng shí, qǐng kànzhe jìngtóu shuōhuà.",هنگام مصاحبه لطفاً رو به دوربین صحبت کنید.,
693,镜头,jìng tóu,HSK 6,名,3,电影、电视中连续拍摄下来的一段画面（名）,نما؛ شاتِ فیلم (اسم),名,اسم,特写镜头 (tèxiě jìngtóu) | 最后一个镜头 (zuìhòu yí ge jìngtóu) | 切换镜头 (qiēhuàn jìngtóu),电影的最后一个镜头令人难忘。,Diànyǐng de zuìhòu yí ge jìngtóu lìngrén nánwàng.,آخرین نمای فیلم فراموش‌نشدنی بود.,
694,景象,jǐng xiàng,HSK 6,名,1,眼前呈现出来的景色或情形（名）,منظره؛ صحنه؛ وضعیت دیدنی (اسم),名,اسم,繁荣的景象 (fánróng de jǐngxiàng) | 热闹的景象 (rènao de jǐngxiàng) | 一片忙碌的景象 (yí piàn mánglù de jǐngxiàng),节日前的市场呈现出一片繁忙的景象。,Jiérì qián de shìchǎng chéngxiàn chū yí piàn fánmáng de jǐngxiàng.,بازار پیش از عید صحنه‌ای پرجنب‌وجوش و شلوغ داشت.,
695,精心,jīng xīn,HSK 6,副,1,特别用心、细致地（副）,با دقت و توجه فراوان (قید),副,قید,精心设计 (jīngxīn shèjì) | 精心准备 (jīngxīn zhǔnbèi) | 精心照顾 (jīngxīn zhàogù),他们为这次活动进行了精心准备。,Tāmen wèi zhè cì huódòng jìnxíng le jīngxīn zhǔnbèi.,آن‌ها این برنامه را با دقت و توجه فراوان آماده کردند.,
696,惊讶,jīng yà,HSK 6,形,1,因事情出乎意料而感到吃惊（形）,متعجب؛ شگفت‌زده (صفت),形,صفت,感到惊讶 (gǎndào jīngyà) | 十分惊讶 (shífēn jīngyà) | 惊讶的表情 (jīngyà de biǎoqíng),听到这个消息，我感到十分惊讶。,"Tīngdào zhège xiāoxi, wǒ gǎndào shífēn jīngyà.",با شنیدن این خبر بسیار شگفت‌زده شدم.,
697,精致,jīng zhì,HSK 6,形,1,制作精巧细致，外观美观（形）,ظریف؛ خوش‌ساخت؛ نفیس (صفت),形,صفت,做工精致 (zuògōng jīngzhì) | 设计精致 (shèjì jīngzhì) | 小巧精致 (xiǎoqiǎo jīngzhì),这件工艺品做得十分精致。,Zhè jiàn gōngyìpǐn zuò de shífēn jīngzhì.,این اثر صنایع‌دستی بسیار ظریف و خوش‌ساخت است.,
698,颈椎,jǐng zhuī,HSK 6,名,1,位于颈部、连接头部和胸椎的脊椎骨（名）,مهره‌های گردنی؛ بخش گردنی ستون فقرات (اسم),名,اسم,保护颈椎 (bǎohù jǐngzhuī) | 颈椎受伤 (jǐngzhuī shòushāng) | 检查颈椎 (jiǎnchá jǐngzhuī),长时间低头看手机容易损伤颈椎。,Cháng shíjiān dītóu kàn shǒujī róngyì sǔnshāng jǐngzhuī.,پایین نگه داشتن سر برای مدت طولانی هنگام کار با تلفن همراه می‌تواند به مهره‌های گردن آسیب بزند.,
699,精准,jīng zhǔn,HSK 6,形,1,非常准确并且有明确针对性的，多用于书面语（形）,دقیق و هدفمند (صفت),形,صفت,精准定位 (jīngzhǔn dìngwèi) | 精准预测 (jīngzhǔn yùcè) | 精准识别 (jīngzhǔn shíbié),这个系统能够精准识别不同的目标。,Zhège xìtǒng nénggòu jīngzhǔn shíbié bùtóng de mùbiāo.,این سامانه می‌تواند هدف‌های مختلف را به‌طور دقیق شناسایی کند.,
700,进化,jìn huà,HSK 6,动、名,1,生物在长期发展中逐渐发生变化；也比喻事物逐步发展、改进（不及物动）,فرگشت یافتن؛ تکامل یافتن (فعل ناگذر),不及物动,فعل ناگذر,不断进化 (búduàn jìnhuà) | 人类逐渐进化 (rénlèi zhújiàn jìnhuà) | 随环境进化 (suí huánjìng jìnhuà),生物会随着环境的变化不断进化。,Shēngwù huì suízhe huánjìng de biànhuà búduàn jìnhuà.,جانداران همراه با تغییرات محیط پیوسته فرگشت می‌یابند.,
700,进化,jìn huà,HSK 6,动、名,2,生物经过许多代逐渐发生遗传变化的过程（名）,فرگشت؛ تکامل زیستی (اسم),名,اسم,生物进化 (shēngwù jìnhuà) | 人类进化 (rénlèi jìnhuà) | 研究进化过程 (yánjiū jìnhuà guòchéng),达尔文的理论对研究生物进化产生了深远影响。,Dá'ěrwén de lǐlùn duì yánjiū shēngwù jìnhuà chǎnshēng le shēnyuǎn yǐngxiǎng.,نظریهٔ داروین تأثیری عمیق بر مطالعهٔ فرگشت زیستی گذاشت.,
701,近来,jìn lái,HSK 6,名,1,从不久以前到现在的一段时间（名）,این اواخر؛ اخیراً (اسم زمانی),名,اسم زمانی,近来一直 (jìnlái yìzhí) | 近来经常 (jìnlái jīngcháng) | 近来情况 (jìnlái qíngkuàng),近来天气变化很大。,Jìnlái tiānqì biànhuà hěn dà.,این اواخر آب‌وهوا تغییرات زیادی داشته است.,
702,金牌,jīn pái,HSK 6,名、形,1,授予比赛第一名的金色奖牌（名）,مدال طلا (اسم),名,اسم,获得金牌 (huòdé jīnpái) | 一枚金牌 (yì méi jīnpái) | 奥运会金牌 (Àoyùnhuì jīnpái),她在奥运会上获得了一枚金牌。,Tā zài Àoyùnhuì shàng huòdé le yì méi jīnpái.,او در بازی‌های المپیک یک مدال طلا به دست آورد.,
702,金牌,jīn pái,HSK 6,名、形,2,水平最高、成绩突出或最受认可的，常用于宣传或称号（形）,برتر؛ درجه‌یک، بیشتر در عنوان‌ها و تبلیغات (صفت),形,صفت,金牌教练 (jīnpái jiàoliàn) | 金牌律师 (jīnpái lǜshī) | 金牌服务 (jīnpái fúwù),他曾培养出多名世界冠军，是一位金牌教练。,"Tā céng péiyǎng chū duō míng shìjiè guànjūn, shì yí wèi jīnpái jiàoliàn.",او چندین قهرمان جهان پرورش داده و مربی‌ای درجه‌یک است.,
703,金钱,jīn qián,HSK 6,名,1,作为交换手段的钱，常强调钱所代表的财富或利益（名）,پول؛ ثروت مالی (اسم),名,اسم,浪费金钱 (làngfèi jīnqián) | 追求金钱 (zhuīqiú jīnqián) | 金钱利益 (jīnqián lìyì),金钱买不到真正的幸福。,Jīnqián mǎi bu dào zhēnzhèng de xìngfú.,با پول نمی‌توان خوشبختی واقعی را خرید.,
704,金融,jīn róng,HSK 6,名,1,与货币流通、信用、银行、投资和资金融通有关的经济活动（名）,امور مالی؛ نظام مالی (اسم),名,اسم,金融市场 (jīnróng shìchǎng) | 金融机构 (jīnróng jīgòu) | 金融风险 (jīnróng fēngxiǎn),他毕业后一直在金融行业工作。,Tā bìyè hòu yìzhí zài jīnróng hángyè gōngzuò.,او از زمان فارغ‌التحصیلی در صنعت مالی کار می‌کند.,
705,近视,jìn shì,HSK 6,名、形,1,眼睛能看清近处却看不清远处的视力问题；也指有这种视力问题的（名、形）,نزدیک‌بینی؛ نزدیک‌بین (اسم، صفت),名、形,اسم، صفت,高度近视 (gāodù jìnshì) | 预防近视 (yùfáng jìnshì) | 有点近视 (yǒudiǎn jìnshì),他从小就近视，看远处时需要戴眼镜。,"Tā cóngxiǎo jiù jìnshì, kàn yuǎnchù shí xūyào dài yǎnjìng.",او از کودکی نزدیک‌بین بوده و برای دیدن اجسام دور باید عینک بزند.,
706,金属,jīn shǔ,HSK 6,名,1,通常具有光泽、导电性和导热性的一类物质，如铁、铜、金等（名）,فلز (اسم),名,اسم,金属材料 (jīnshǔ cáiliào) | 金属制品 (jīnshǔ zhìpǐn) | 回收金属 (huíshōu jīnshǔ),这种金属既轻又坚硬。,Zhè zhǒng jīnshǔ jì qīng yòu jiānyìng.,این فلز هم سبک است و هم سخت.,
707,进展,jìn zhǎn,HSK 6,名、动,1,事情向前发展的情况或取得的成果（名）,پیشرفت؛ وضعیت پیشرفت کار (اسم),名,اسم,研究进展 (yánjiū jìnzhǎn) | 取得进展 (qǔdé jìnzhǎn) | 了解最新进展 (liǎojiě zuìxīn jìnzhǎn),双方在谈判中取得了重要进展。,Shuāngfāng zài tánpàn zhōng qǔdé le zhòngyào jìnzhǎn.,دو طرف در مذاکرات به پیشرفت مهمی دست یافتند.,
707,进展,jìn zhǎn,HSK 6,名、动,2,事情按照一定方向向前发展（不及物动）,پیش رفتن؛ پیشرفت کردن (فعل ناگذر),不及物动,فعل ناگذر,进展顺利 (jìnzhǎn shùnlì) | 进展缓慢 (jìnzhǎn huǎnmàn) | 进展得很快 (jìnzhǎn de hěn kuài),目前各项工作都进展得很顺利。,Mùqián gè xiàng gōngzuò dōu jìnzhǎn de hěn shùnlì.,در حال حاضر همهٔ کارها به‌خوبی پیش می‌روند.,
708,金子,jīn zi,HSK 6,名,1,黄金，多用于口语（名）,طلا، محاوره‌ای (اسم),名,اسم,一块金子 (yí kuài jīnzi) | 真金子 (zhēn jīnzi) | 金子做的 (jīnzi zuò de),这枚戒指是用金子做的。,Zhè méi jièzhi shì yòng jīnzi zuò de.,این انگشتر از طلا ساخته شده است.,
709,技巧,jì qiǎo,HSK 6,名,1,通过练习获得、能使事情做得更好或更有效的方法和技能（名）,فن؛ تکنیک؛ روش ماهرانه (اسم),名,اسم,学习技巧 (xuéxí jìqiǎo) | 沟通技巧 (gōutōng jìqiǎo) | 掌握技巧 (zhǎngwò jìqiǎo),掌握正确的学习技巧可以提高学习效率。,Zhǎngwò zhèngquè de xuéxí jìqiǎo kěyǐ tígāo xuéxí xiàolǜ.,تسلط بر روش‌های درست مطالعه می‌تواند بازده یادگیری را افزایش دهد.,
710,急切,jí qiè,HSK 6,形,1,愿望、需要或心情十分迫切，急于立即实现或得到满足（形）,بی‌صبر و مشتاق؛ فوری و مبرم (صفت),形,صفت,心情急切 (xīnqíng jíqiè) | 急切希望 (jíqiè xīwàng) | 急切需要 (jíqiè xūyào),他急切地想知道考试结果。,Tā jíqiè de xiǎng zhīdao kǎoshì jiéguǒ.,او بی‌صبرانه می‌خواست نتیجهٔ امتحان را بداند.,
711,激情,jī qíng,HSK 6,名,1,强烈而高涨的感情或热情（名）,شور؛ اشتیاق فراوان (اسم),名,اسم,充满激情 (chōngmǎn jīqíng) | 保持激情 (bǎochí jīqíng) | 激发激情 (jīfā jīqíng),他始终对自己的工作充满激情。,Tā shǐzhōng duì zìjǐ de gōngzuò chōngmǎn jīqíng.,او همواره نسبت به کارش شور و اشتیاق فراوانی دارد.,
712,集团,jí tuán,HSK 6,名,1,为共同利益或目的组成的较大组织，常指由多个企业组成的经济组织（名）,گروه سازمان‌یافته؛ گروه بزرگ اقتصادی (اسم),名,اسم,企业集团 (qǐyè jítuán) | 大型集团 (dàxíng jítuán) | 犯罪集团 (fànzuì jítuán),他在一家大型企业集团工作。,Tā zài yì jiā dàxíng qǐyè jítuán gōngzuò.,او در یک گروه بزرگ اقتصادی کار می‌کند.,
713,就读,jiù dú,HSK 6,动,1,在某所学校或某类教育机构学习，多用于书面语（不及物动）,در جایی مشغول تحصیل بودن، رسمی (فعل ناگذر),不及物动,فعل ناگذر,就读于某校 (jiùdú yú mǒu xiào) | 在国外就读 (zài guówài jiùdú) | 就读期间 (jiùdú qījiān),她目前就读于北京大学。,Tā mùqián jiùdú yú Běijīng Dàxué.,او در حال حاضر در دانشگاه پکن مشغول تحصیل است.,
714,纠纷,jiū fēn,HSK 6,名,1,因权利、利益、责任等问题产生的争执或矛盾，常用于法律、商业等语境（名）,اختلاف؛ دعوی؛ نزاع (اسم),名,اسم,发生纠纷 (fāshēng jiūfēn) | 合同纠纷 (hétóng jiūfēn) | 解决纠纷 (jiějué jiūfēn),双方因付款问题发生了合同纠纷。,Shuāngfāng yīn fùkuǎn wèntí fāshēng le hétóng jiūfēn.,میان دو طرف بر سر پرداخت، اختلاف قراردادی به وجود آمد.,
715,酒精,jiǔ jīng,HSK 6,名,1,乙醇，一种存在于酒类中、也用于消毒和工业生产的化学物质（名）,الکل؛ اتانول (اسم),名,اسم,医用酒精 (yīyòng jiǔjīng) | 酒精含量 (jiǔjīng hánliàng) | 用酒精消毒 (yòng jiǔjīng xiāodú),请先用酒精给伤口周围消毒。,Qǐng xiān yòng jiǔjīng gěi shāngkǒu zhōuwéi xiāodú.,لطفاً ابتدا اطراف زخم را با الکل ضدعفونی کنید.,
716,舅舅,jiù jiu,HSK 6,名,1,母亲的哥哥或弟弟（名）,دایی (اسم),名,اسم,我舅舅 (wǒ jiùjiu) | 舅舅家 (jiùjiu jiā) | 去看舅舅 (qù kàn jiùjiu),我舅舅一家住在上海。,Wǒ jiùjiu yì jiā zhù zài Shànghǎi.,دایی‌ام و خانواده‌اش در شانگهای زندگی می‌کنند.,
717,救命,jiù mìng,HSK 6,动、叹,1,使人免于死亡，保住生命（动）,جان کسی را نجات دادن (فعل),动,فعل,及时救命 (jíshí jiùmìng) | 关键时刻能救命 (guānjiàn shíkè néng jiùmìng) | 救了他的命 (jiù le tā de mìng),这种药在紧急情况下可以救命。,Zhè zhǒng yào zài jǐnjí qíngkuàng xià kěyǐ jiùmìng.,این دارو در شرایط اضطراری می‌تواند جان انسان را نجات دهد.,
717,救命,jiù mìng,HSK 6,动、叹,2,遇到生命危险时请求别人救助的呼喊（叹）,کمک!؛ نجاتم دهید! (حرف ندا),叹,حرف ندا,大喊救命 (dàhǎn jiùmìng) | 高声呼喊救命 (gāoshēng hūhǎn jiùmìng) | 不停地喊救命 (bùtíng de hǎn jiùmìng),落水的人大声喊道：“救命！”,Luòshuǐ de rén dàshēng hǎndào: “Jiùmìng!”,فردی که در آب افتاده بود با صدای بلند فریاد زد: «کمک!»,
718,酒水,jiǔ shuǐ,HSK 6,名,1,酒类和其他饮料的统称，多用于餐饮行业（名）,نوشیدنی‌های الکلی و غیرالکلی، در صنعت پذیرایی (اسم),名,اسم,提供酒水 (tígōng jiǔshuǐ) | 自带酒水 (zìdài jiǔshuǐ) | 酒水免费 (jiǔshuǐ miǎnfèi),宴会将免费提供各种酒水。,Yànhuì jiāng miǎnfèi tígōng gèzhǒng jiǔshuǐ.,در مهمانی انواع نوشیدنی‌های الکلی و غیرالکلی به‌رایگان ارائه خواهد شد.,
719,就算,jiù suàn,HSK 6,连,1,表示让步的假设，相当于“即使”，多用于口语，常与“也”呼应（连）,حتی اگر، محاوره‌ای (حرف ربط),连,حرف ربط,就算这样 (jiùsuàn zhèyàng) | 就算失败 (jiùsuàn shībài) | 就算没人同意 (jiùsuàn méi rén tóngyì),就算失败了，我们也不能轻易放弃。,"Jiùsuàn shībài le, wǒmen yě bù néng qīngyì fàngqì.",حتی اگر شکست بخوریم، نباید به‌آسانی تسلیم شویم.,
720,救援,jiù yuán,HSK 6,动、名,1,帮助处于灾难或危险中的人脱离困境（及物动）,امداد رساندن به؛ نجات دادن (فعل گذرا),及物动,فعل گذرا,救援灾民 (jiùyuán zāimín) | 救援被困人员 (jiùyuán bèikùn rényuán) | 前往现场救援 (qiánwǎng xiànchǎng jiùyuán),救援队正在寻找并救援被困人员。,Jiùyuánduì zhèngzài xúnzhǎo bìng jiùyuán bèikùn rényuán.,گروه امداد در حال یافتن و نجات افراد گرفتار است.,
720,救援,jiù yuán,HSK 6,动、名,2,帮助受灾或遇险人员脱离危险的行动（名）,عملیات امداد و نجات (اسم),名,اسم,展开救援 (zhǎnkāi jiùyuán) | 紧急救援 (jǐnjí jiùyuán) | 救援持续三天 (jiùyuán chíxù sān tiān),由于天气恶劣，救援进行得十分困难。,"Yóuyú tiānqì èliè, jiùyuán jìnxíng de shífēn kùnnan.",به‌دلیل نامساعد بودن هوا، عملیات امداد و نجات با دشواری زیادی انجام می‌شد.,
721,救灾,jiù zāi,HSK 6,动,1,救助灾区群众，减轻自然灾害或重大事故造成的损失（不及物动）,در مناطق حادثه‌دیده امدادرسانی کردن (فعل ناگذر),不及物动,فعل ناگذر,赶赴灾区救灾 (gǎnfù zāiqū jiùzāi) | 积极参与救灾 (jījí cānyù jiùzāi) | 全力救灾 (quánlì jiùzāi),大批救援人员赶到灾区救灾。,Dàpī jiùyuán rényuán gǎndào zāiqū jiùzāi.,تعداد زیادی نیروی امدادی برای کمک‌رسانی به منطقهٔ حادثه‌دیده رفتند.,
722,纠正,jiū zhèng,HSK 6,动,1,改正错误、不正确的做法或偏差（及物动）,اصلاح کردن؛ تصحیح کردن (فعل گذرا),及物动,فعل گذرا,纠正错误 (jiūzhèng cuòwù) | 纠正偏差 (jiūzhèng piānchā) | 纠正发音 (jiūzhèng fāyīn),老师及时纠正了我的发音。,Lǎoshī jíshí jiūzhèng le wǒ de fāyīn.,معلم تلفظم را به‌موقع اصلاح کرد.,
723,救助,jiù zhù,HSK 6,动、名,1,帮助处于危险、灾难、贫困或其他困难中的人（及物动）,کمک و حمایت کردن از؛ امداد رساندن به (فعل گذرا),及物动,فعل گذرا,救助灾民 (jiùzhù zāimín) | 救助贫困儿童 (jiùzhù pínkùn értóng) | 及时救助伤者 (jíshí jiùzhù shāngzhě),当地政府及时救助了受灾群众。,Dāngdì zhèngfǔ jíshí jiùzhù le shòuzāi qúnzhòng.,دولت محلی به‌موقع از مردم آسیب‌دیده حمایت کرد.,
723,救助,jiù zhù,HSK 6,动、名,2,向处于危险、贫困或其他困难中的人提供的帮助和保障，常用于政府或公益语境（名）,کمک حمایتی؛ امداد، بیشتر در امور دولتی و خیریه (اسم),名,اسم,申请救助 (shēnqǐng jiùzhù) | 得到救助 (dédào jiùzhù) | 提供紧急救助 (tígōng jǐnjí jiùzhù),暂时失去住所的人可以向政府申请救助。,Zànshí shīqù zhùsuǒ de rén kěyǐ xiàng zhèngfǔ shēnqǐng jiùzhù.,افرادی که موقتاً سرپناه خود را از دست داده‌اند می‌توانند از دولت درخواست کمک کنند.,
724,极为,jí wéi,HSK 6,副,1,表示程度非常高，多用于书面语（副）,بسیار؛ به‌شدت، بیشتر رسمی (قید),副,قید,极为重要 (jíwéi zhòngyào) | 极为罕见 (jíwéi hǎnjiàn) | 极为复杂 (jíwéi fùzá),保护这些历史资料极为重要。,Bǎohù zhèxiē lìshǐ zīliào jíwéi zhòngyào.,حفاظت از این اسناد تاریخی بسیار مهم است.,
725,吉祥,jí xiáng,HSK 6,形,1,能够带来好运、幸福或美好结果的（形）,خوش‌یمن؛ مبارک؛ فرخنده (صفت),形,صفت,吉祥的象征 (jíxiáng de xiàngzhēng) | 吉祥的日子 (jíxiáng de rìzi) | 寓意吉祥 (yùyì jíxiáng),在中国文化中，红色通常被认为是吉祥的颜色。,"Zài Zhōngguó wénhuà zhōng, hóngsè tōngcháng bèi rènwéi shì jíxiáng de yánsè.",در فرهنگ چین، رنگ قرمز معمولاً رنگی خوش‌یمن دانسته می‌شود.,
726,机械,jī xiè,HSK 6,名、形,1,机器、装置以及相关设备的统称（名）,ماشین‌آلات؛ تجهیزات مکانیکی (اسم),名,اسم,农业机械 (nóngyè jīxiè) | 大型机械 (dàxíng jīxiè) | 操作机械 (cāozuò jīxiè),这家工厂引进了一批先进机械。,Zhè jiā gōngchǎng yǐnjìn le yì pī xiānjìn jīxiè.,این کارخانه تعدادی ماشین‌آلات پیشرفته وارد کرده است.,
726,机械,jī xiè,HSK 6,名、形,2,做事像机器一样死板、重复，缺少变化或灵活性（形）,خشک و مکانیکی؛ بدون انعطاف (صفت),形,صفت,机械地重复 (jīxiè de chóngfù) | 动作机械 (dòngzuò jīxiè) | 机械地执行 (jīxiè de zhíxíng),学习语言不能只是机械地背诵课文。,Xuéxí yǔyán bù néng zhǐshì jīxiè de bèisòng kèwén.,برای یادگیری زبان نباید متن‌ها را فقط به‌صورت طوطی‌وار حفظ کرد.,
727,技艺,jì yì,HSK 6,名,1,需要长期学习和实践才能掌握的技术、手艺或艺术才能（名）,فن و هنر؛ مهارت تخصصی (اسم),名,اسم,传统技艺 (chuántǒng jìyì) | 精湛的技艺 (jīngzhàn de jìyì) | 学习制作技艺 (xuéxí zhìzuò jìyì),这位工匠有着十分精湛的技艺。,Zhè wèi gōngjiàng yǒuzhe shífēn jīngzhàn de jìyì.,این استادکار از مهارتی بسیار چشمگیر برخوردار است.,
728,基因,jī yīn,HSK 6,名,1,控制生物遗传特征的基本遗传单位（名）,ژن (اسم),名,اسم,基因检测 (jīyīn jiǎncè) | 基因发生变化 (jīyīn fāshēng biànhuà) | 研究基因 (yánjiū jīyīn),科学家发现了一个与这种疾病有关的基因。,Kēxuéjiā fāxiàn le yí ge yǔ zhè zhǒng jíbìng yǒuguān de jīyīn.,دانشمندان ژنی مرتبط با این بیماری کشف کردند.,
729,给予,jǐ yǔ,HSK 6,动,1,把帮助、支持、权利、评价等给别人，多用于抽象事物和书面语（及物动）,دادن؛ ارائه کردن، بیشتر رسمی (فعل گذرا),及物动,فعل گذرا,给予帮助 (jǐyǔ bāngzhù) | 给予支持 (jǐyǔ zhīchí) | 给予高度评价 (jǐyǔ gāodù píngjià),老师在学习上给予了我很多帮助。,Lǎoshī zài xuéxí shàng jǐyǔ le wǒ hěnduō bāngzhù.,معلم در زمینهٔ تحصیل کمک زیادی به من کرد.,
730,机遇,jī yù,HSK 6,名,1,有利于发展或取得成功的机会，多用于较正式的语境（名）,فرصت مناسب؛ موقعیت مساعد (اسم),名,اسم,抓住机遇 (zhuāzhù jīyù) | 发展机遇 (fāzhǎn jīyù) | 面临新的机遇 (miànlín xīn de jīyù),企业应该抓住市场变化带来的机遇。,Qǐyè yīnggāi zhuāzhù shìchǎng biànhuà dàilái de jīyù.,شرکت‌ها باید از فرصت‌هایی که تغییرات بازار ایجاد می‌کند بهره بگیرند.,
731,机制,jī zhì,HSK 6,名,1,事物各部分相互作用并使其运行、发展的方式和原理（名）,سازوکار؛ مکانیسم (اسم),名,اسم,运行机制 (yùnxíng jīzhì) | 管理机制 (guǎnlǐ jīzhì) | 建立有效机制 (jiànlì yǒuxiào jīzhì),公司需要建立一套有效的管理机制。,Gōngsī xūyào jiànlì yí tào yǒuxiào de guǎnlǐ jīzhì.,شرکت باید سازوکار مدیریتی مؤثری ایجاد کند.,
732,局,jú,HSK 6,名、量,1,政府或机构中按业务设置的行政单位（名）,اداره؛ سازمان دولتی (اسم),名,اسم,市教育局 (shì jiàoyùjú) | 到局里办事 (dào jú lǐ bànshì) | 局里的工作人员 (jú lǐ de gōngzuò rényuán),他在市教育局工作。,Tā zài shì jiàoyùjú gōngzuò.,او در ادارهٔ آموزش شهر کار می‌کند.,
732,局,jú,HSK 6,名、量,2,用于计算棋类、球类等比赛的场次（量）,دست؛ دور، در بازی و مسابقه (واحد شمارش),量,واحد شمارش,下一局棋 (xià yì jú qí) | 赢了两局 (yíng le liǎng jú) | 最后一局比赛 (zuìhòu yì jú bǐsài),这场比赛一共打了五局。,Zhè chǎng bǐsài yígòng dǎ le wǔ jú.,این مسابقه در مجموع پنج دست طول کشید.,
732,局,jú,HSK 6,名、量,3,为聚餐、娱乐或交际而安排的聚会，多用于口语（名）,دورهمی؛ قرار اجتماعی، محاوره‌ای (اسم),名,اسم,晚上有个局 (wǎnshang yǒu ge jú) | 参加这个局 (cānjiā zhège jú) | 临时组个局 (línshí zǔ ge jú),我今晚有个局，不能和你一起吃饭。,"Wǒ jīnwǎn yǒu ge jú, bù néng hé nǐ yìqǐ chīfàn.",امشب یک دورهمی دارم و نمی‌توانم با تو شام بخورم.,
733,卷,juǎn,HSK 6,动、量,1,把平展的东西弯转成圆筒状（及物动）,لوله کردن؛ پیچیدن (فعل گذرا),及物动,فعل گذرا,把地图卷起来 (bǎ dìtú juǎn qǐlái) | 卷起袖子 (juǎnqǐ xiùzi) | 卷成一筒 (juǎn chéng yì tǒng),他把地图卷起来放进了背包。,Tā bǎ dìtú juǎn qǐlái fàngjìn le bēibāo.,او نقشه را لوله کرد و داخل کوله‌پشتی گذاشت.,
733,卷,juǎn,HSK 6,动、量,2,风、水等把物体带起或带走（及物动）,با خود بردن؛ در خود پیچیدن (فعل گذرا),及物动,فعل گذرا,卷起沙尘 (juǎnqǐ shāchén) | 卷走房屋 (juǎnzǒu fángwū) | 被海浪卷走 (bèi hǎilàng juǎnzǒu),巨浪把小船卷走了。,Jùlàng bǎ xiǎochuán juǎnzǒu le.,موج عظیم قایق کوچک را با خود برد.,
733,卷,juǎn,HSK 6,动、量,3,用于计算卷成圆筒状的东西（量）,حلقه؛ طاقه؛ رول (واحد شمارش),量,واحد شمارش,一卷纸 (yì juǎn zhǐ) | 一卷胶带 (yì juǎn jiāodài) | 两卷布 (liǎng juǎn bù),我买了两卷包装纸。,Wǒ mǎi le liǎng juǎn bāozhuāngzhǐ.,من دو رول کاغذ کادو خریدم.,
734,捐款,juān kuǎn,HSK 6,动、名,1,把钱无偿地捐给需要帮助的人或机构（不及物动）,کمک مالی کردن؛ پول اهدا کردن (فعل ناگذر),不及物动,فعل ناگذر,为灾区捐款 (wèi zāiqū juānkuǎn) | 自愿捐款 (zìyuàn juānkuǎn) | 号召大家捐款 (hàozhào dàjiā juānkuǎn),许多人主动为受灾群众捐款。,Xǔduō rén zhǔdòng wèi shòuzāi qúnzhòng juānkuǎn.,افراد زیادی داوطلبانه برای آسیب‌دیدگان کمک مالی کردند.,
734,捐款,juān kuǎn,HSK 6,动、名,2,无偿捐出的款项（名）,کمک مالی؛ مبلغ اهدایی (اسم),名,اسم,收到捐款 (shōudào juānkuǎn) | 募集捐款 (mùjí juānkuǎn) | 一笔捐款 (yì bǐ juānkuǎn),这笔捐款将用于购买救灾物资。,Zhè bǐ juānkuǎn jiāng yòngyú gòumǎi jiùzāi wùzī.,این کمک مالی برای خرید اقلام امدادی هزینه خواهد شد.,
735,捐赠,juān zèng,HSK 6,动、名,1,把钱财、物品等无偿地送给个人或机构（及物动）,اهدا کردن (فعل گذرا),及物动,فعل گذرا,捐赠物资 (juānzèng wùzī) | 捐赠图书 (juānzèng túshū) | 向医院捐赠设备 (xiàng yīyuàn juānzèng shèbèi),这家企业向学校捐赠了五十台电脑。,Zhè jiā qǐyè xiàng xuéxiào juānzèng le wǔshí tái diànnǎo.,این شرکت پنجاه رایانه به مدرسه اهدا کرد.,
735,捐赠,juān zèng,HSK 6,动、名,2,无偿赠送财物的行为，或所赠送的财物（名）,اهدا؛ کمک اهدایی (اسم),名,اسم,接受捐赠 (jiēshòu juānzèng) | 公开捐赠 (gōngkāi juānzèng) | 一次匿名捐赠 (yí cì nìmíng juānzèng),医院收到了一笔匿名捐赠。,Yīyuàn shōudào le yì bǐ nìmíng juānzèng.,بیمارستان یک کمک اهدایی ناشناس دریافت کرد.,
736,剧本,jù běn,HSK 6,名,1,为戏剧、电影、电视剧等创作的文字脚本（名）,نمایشنامه؛ فیلمنامه (اسم),名,اسم,电影剧本 (diànyǐng jùběn) | 创作剧本 (chuàngzuò jùběn) | 修改剧本 (xiūgǎi jùběn),导演对电影剧本作了一些修改。,Dǎoyǎn duì diànyǐng jùběn zuò le yìxiē xiūgǎi.,کارگردان تغییراتی در فیلمنامه ایجاد کرد.,
737,举动,jǔ dòng,HSK 6,名,1,人在特定情况下表现出来的动作或行为（名）,رفتار؛ اقدام (اسم),名,اسم,奇怪的举动 (qíguài de jǔdòng) | 危险举动 (wēixiǎn jǔdòng) | 一举一动 (yì jǔ yí dòng),他的异常举动引起了警方的注意。,Tā de yìcháng jǔdòng yǐnqǐ le jǐngfāng de zhùyì.,رفتار غیرعادی او توجه پلیس را جلب کرد.,
738,决策,jué cè,HSK 6,动、名,1,对重要问题作出决定或选择行动方案（不及物动）,تصمیم‌گیری کردن (فعل ناگذر),不及物动,فعل ناگذر,科学决策 (kēxué juécè) | 参与决策 (cānyù juécè) | 谨慎决策 (jǐnshèn juécè),面对重大问题，管理层必须谨慎决策。,"Miànduì zhòngdà wèntí, guǎnlǐcéng bìxū jǐnshèn juécè.",مدیران باید در مواجهه با مسائل مهم با احتیاط تصمیم‌گیری کنند.,
738,决策,jué cè,HSK 6,动、名,2,对重要问题作出的决定或确定的行动方案（名）,تصمیم؛ تصمیم راهبردی (اسم),名,اسم,重大决策 (zhòngdà juécè) | 战略决策 (zhànlüè juécè) | 作出决策 (zuòchū juécè),这项重大决策将影响公司的未来。,Zhè xiàng zhòngdà juécè jiāng yǐngxiǎng gōngsī de wèilái.,این تصمیم مهم بر آیندهٔ شرکت تأثیر خواهد گذاشت.,
739,绝望,jué wàng,HSK 6,形,1,完全失去希望的；因毫无希望而极度失望的（形）,ناامید؛ مأیوس (صفت),形,صفت,感到绝望 (gǎndào juéwàng) | 陷入绝望 (xiànrù juéwàng) | 绝望的表情 (juéwàng de biǎoqíng),即使情况很困难，我们也不能感到绝望。,"Jíshǐ qíngkuàng hěn kùnnan, wǒmen yě bù néng gǎndào juéwàng.",حتی اگر شرایط بسیار دشوار باشد، نباید ناامید شویم.,
740,菊花,jú huā,HSK 6,名,1,一种秋季开花、花形和颜色多样的观赏植物（名）,گل داوودی (اسم),名,اسم,一盆菊花 (yì pén júhuā) | 白色菊花 (báisè júhuā) | 欣赏菊花 (xīnshǎng júhuā),公园里的菊花在秋天开得非常漂亮。,Gōngyuán lǐ de júhuā zài qiūtiān kāi de fēicháng piàoliang.,گل‌های داوودی پارک در پاییز بسیار زیبا شکوفا می‌شوند.,
741,聚集,jù jí,HSK 6,动,1,人或事物从不同地方集中到一起（不及物动）,گرد آمدن؛ جمع شدن (فعل ناگذر),不及物动,فعل ناگذر,人群聚集 (rénqún jùjí) | 聚集在广场上 (jùjí zài guǎngchǎng shàng) | 大量聚集 (dàliàng jùjí),广场上聚集了很多人。,Guǎngchǎng shàng jùjí le hěnduō rén.,افراد زیادی در میدان جمع شده بودند.,
741,聚集,jù jí,HSK 6,动,2,使分散的人、事物或力量集中到一起（及物动）,گرد آوردن؛ متمرکز کردن (فعل گذرا),及物动,فعل گذرا,聚集力量 (jùjí lìliang) | 聚集人才 (jùjí réncái) | 聚集大量资金 (jùjí dàliàng zījīn),这个项目聚集了来自各地的优秀人才。,Zhège xiàngmù jùjí le láizì gèdì de yōuxiù réncái.,این پروژه افراد مستعدی را از مناطق مختلف گرد هم آورده است.,
742,俱乐部,jù lè bù,HSK 6,名,1,由具有共同兴趣的人组成、供成员参加活动的组织或场所（名）,باشگاه (اسم),名,اسم,足球俱乐部 (zúqiú jùlèbù) | 摄影俱乐部 (shèyǐng jùlèbù) | 加入俱乐部 (jiārù jùlèbù),他最近加入了学校的摄影俱乐部。,Tā zuìjìn jiārù le xuéxiào de shèyǐng jùlèbù.,او به‌تازگی به باشگاه عکاسی مدرسه پیوسته است.,
743,剧烈,jù liè,HSK 6,形,1,程度很高、变化很大或作用很强烈的（形）,شدید؛ پرقدرت (صفت),形,صفت,剧烈运动 (jùliè yùndòng) | 剧烈变化 (jùliè biànhuà) | 剧烈疼痛 (jùliè téngtòng),他突然感到胸口一阵剧烈疼痛。,Tā tūrán gǎndào xiōngkǒu yí zhèn jùliè téngtòng.,او ناگهان درد شدیدی در قفسهٔ سینه احساس کرد.,
744,局面,jú miàn,HSK 6,名,1,某一时期事情发展的整体形势或状态（名）,اوضاع؛ وضعیت کلی (اسم),名,اسم,控制局面 (kòngzhì júmiàn) | 紧张的局面 (jǐnzhāng de júmiàn) | 改变局面 (gǎibiàn júmiàn),经过多方努力，局面终于得到了控制。,"Jīngguò duōfāng nǔlì, júmiàn zhōngyú dédào le kòngzhì.",پس از تلاش طرف‌های مختلف، اوضاع سرانجام تحت کنترل درآمد.,
745,军队,jūn duì,HSK 6,名,1,国家为执行军事任务而建立的武装力量（名）,ارتش؛ نیروهای مسلح (اسم),名,اسم,现代军队 (xiàndài jūnduì) | 建设军队 (jiànshè jūnduì) | 军队进入灾区 (jūnduì jìnrù zāiqū),军队迅速赶到灾区参加救援。,Jūnduì xùnsù gǎndào zāiqū cānjiā jiùyuán.,ارتش به‌سرعت برای شرکت در عملیات امداد به منطقهٔ حادثه‌دیده رفت.,
746,军人,jūn rén,HSK 6,名,1,在军队中服役的人员（名）,فرد نظامی؛ عضو نیروهای مسلح (اسم),名,اسم,职业军人 (zhíyè jūnrén) | 现役军人 (xiànyì jūnrén) | 一名军人 (yì míng jūnrén),他的父亲曾经是一名职业军人。,Tā de fùqīn céngjīng shì yì míng zhíyè jūnrén.,پدرش پیش‌تر یک نظامی حرفه‌ای بود.,
747,均匀,jūn yún,HSK 6,形,1,各部分的数量、大小、密度或程度分布一致，没有明显差别（形）,یکنواخت؛ همسان و متعادل (صفت),形,صفت,分布均匀 (fēnbù jūnyún) | 搅拌均匀 (jiǎobàn jūnyún) | 颜色均匀 (yánsè jūnyún),请把颜料搅拌均匀后再使用。,Qǐng bǎ yánliào jiǎobàn jūnyún hòu zài shǐyòng.,لطفاً رنگ را کاملاً هم بزنید تا یکنواخت شود و سپس از آن استفاده کنید.,
748,局限,jú xiàn,HSK 6,动、名,1,把人、事物或认识限制在一定范围内（及物动）,محدود کردن به (فعل گذرا),及物动,فعل گذرا,局限于眼前 (júxiàn yú yǎnqián) | 局限在小范围内 (júxiàn zài xiǎo fànwéi nèi) | 不应局限于此 (bù yīng júxiàn yú cǐ),我们不能把研究局限在一个很小的范围内。,Wǒmen bù néng bǎ yánjiū júxiàn zài yí ge hěn xiǎo de fànwéi nèi.,نباید پژوهش را به محدوده‌ای بسیار کوچک محدود کنیم.,
748,局限,jú xiàn,HSK 6,动、名,2,受到限制的范围，或事物本身存在的不足（名）,محدودیت؛ کاستی (اسم),名,اسم,存在局限 (cúnzài júxiàn) | 自身的局限 (zìshēn de júxiàn) | 突破局限 (tūpò júxiàn),任何研究方法都有一定的局限。,Rènhé yánjiū fāngfǎ dōu yǒu yídìng de júxiàn.,هر روش پژوهشی محدودیت‌هایی دارد.,
749,开创,kāi chuàng,HSK 6,动,1,首次开辟并建立新的事业、道路或局面，多用于书面语（及物动）,بنیان گذاشتن؛ راه تازه‌ای گشودن، رسمی (فعل گذرا),及物动,فعل گذرا,开创新局面 (kāichuàng xīn júmiàn) | 开创事业 (kāichuàng shìyè) | 开创新时代 (kāichuàng xīn shídài),这项技术为行业开创了新的发展道路。,Zhè xiàng jìshù wèi hángyè kāichuàng le xīn de fāzhǎn dàolù.,این فناوری مسیر تازه‌ای برای توسعهٔ این صنعت گشود.,
750,开关,kāi guān,HSK 6,名,1,用于接通、切断电路或控制设备运行的装置（名）,کلید روشن و خاموش؛ کلید برق (اسم),名,اسم,电灯开关 (diàndēng kāiguān) | 总开关 (zǒng kāiguān) | 按下开关 (ànxià kāiguān),离开房间前，请关掉电灯开关。,"Líkāi fángjiān qián, qǐng guāndiào diàndēng kāiguān.",لطفاً پیش از ترک اتاق کلید چراغ را خاموش کنید.,
751,开启,kāi qǐ,HSK 6,动,1,打开门、设备或系统，使其可以使用或运行，多用于书面语（及物动）,باز یا فعال کردن، رسمی (فعل گذرا),及物动,فعل گذرا,开启大门 (kāiqǐ dàmén) | 开启设备 (kāiqǐ shèbèi) | 开启定位功能 (kāiqǐ dìngwèi gōngnéng),使用这个软件前，请先开启定位功能。,"Shǐyòng zhège ruǎnjiàn qián, qǐng xiān kāiqǐ dìngwèi gōngnéng.",پیش از استفاده از این نرم‌افزار، لطفاً ابتدا قابلیت مکان‌یابی را فعال کنید.,
751,开启,kāi qǐ,HSK 6,动,2,使某种活动、进程或新的阶段开始，多用于书面语（及物动）,آغاز کردن؛ سرآغاز چیزی شدن، رسمی (فعل گذرا),及物动,فعل گذرا,开启新阶段 (kāiqǐ xīn jiēduàn) | 开启新生活 (kāiqǐ xīn shēnghuó) | 开启新的篇章 (kāiqǐ xīn de piānzhāng),这次合作开启了双方关系的新阶段。,Zhè cì hézuò kāiqǐ le shuāngfāng guānxì de xīn jiēduàn.,این همکاری مرحلهٔ تازه‌ای را در روابط دو طرف آغاز کرد.,
752,开设,kāi shè,HSK 6,动,1,设立机构、店铺、账户等，或设置并提供课程、专业等（及物动）,دایر یا راه‌اندازی کردن؛ ارائه کردن (فعل گذرا),及物动,فعل گذرا,开设课程 (kāishè kèchéng) | 开设分店 (kāishè fēndiàn) | 开设银行账户 (kāishè yínháng zhànghù),学校今年新开设了三门语言课程。,Xuéxiào jīnnián xīn kāishè le sān mén yǔyán kèchéng.,مدرسه امسال سه درس زبان جدید ارائه کرده است.,
753,开头,kāi tóu,HSK 6,名,1,事情、文章、故事或一段时间最初的部分（名）,ابتدا؛ آغاز؛ بخش آغازین (اسم),名,اسم,故事的开头 (gùshi de kāitóu) | 从开头讲起 (cóng kāitóu jiǎngqǐ) | 开头很顺利 (kāitóu hěn shùnlì),这篇小说的开头很吸引人。,Zhè piān xiǎoshuō de kāitóu hěn xīyǐn rén.,آغاز این رمان بسیار جذاب است.,
754,砍,kǎn,HSK 6,动,1,用刀、斧等猛力切断或劈开（及物动）,با تبر یا چاقوی سنگین بریدن؛ قطع کردن (فعل گذرا),及物动,فعل گذرا,砍树 (kǎn shù) | 砍柴 (kǎn chái) | 砍下一根树枝 (kǎnxià yì gēn shùzhī),工人正在砍掉已经枯死的树。,Gōngrén zhèngzài kǎndiào yǐjīng kūsǐ de shù.,کارگران در حال قطع کردن درختان خشک‌شده هستند.,
754,砍,kǎn,HSK 6,动,2,大幅度降低价格、预算、数量等，多用于口语（及物动）,به‌شدت کاهش دادن، محاوره‌ای (فعل گذرا),及物动,فعل گذرا,砍掉预算 (kǎndiào yùsuàn) | 把价格砍到一半 (bǎ jiàgé kǎn dào yíbàn) | 费用砍了一半 (fèiyòng kǎn le yíbàn),公司把这个项目的预算砍了一半。,Gōngsī bǎ zhège xiàngmù de yùsuàn kǎn le yíbàn.,شرکت بودجهٔ این پروژه را به نصف کاهش داد.,
755,看不起,kàn bu qǐ,HSK 6,动,1,认为别人能力、地位或价值低而轻视对方（及物动）,تحقیر کردن؛ دست‌کم گرفتن (فعل گذرا),及物动,فعل گذرا,看不起别人 (kànbuqǐ biérén) | 被人看不起 (bèi rén kànbuqǐ) | 别看不起人 (bié kànbuqǐ rén),不要因为别人的工作普通就看不起他。,Bú yào yīnwèi biérén de gōngzuò pǔtōng jiù kànbuqǐ tā.,نباید کسی را فقط به‌دلیل معمولی بودن شغلش تحقیر کرد.,
756,看待,kàn dài,HSK 6,动,1,用某种观点、态度或方式认识和评价人或事物（及物动）,نگریستن به؛ تلقی و ارزیابی کردن (فعل گذرا),及物动,فعل گذرا,正确看待失败 (zhèngquè kàndài shībài) | 客观看待问题 (kèguān kàndài wèntí) | 理性看待变化 (lǐxìng kàndài biànhuà),我们应该理性地看待这次失败。,Wǒmen yīnggāi lǐxìng de kàndài zhè cì shībài.,باید به این شکست با دیدی منطقی نگاه کنیم.,
757,看得起,kàn de qǐ,HSK 6,动,1,认为某人有能力、有价值，因而尊重或重视对方（及物动）,برای کسی ارزش قائل شدن؛ کسی را شایسته دانستن (فعل گذرا),及物动,فعل گذرا,大家都看得起他 (dàjiā dōu kàndeqǐ tā) | 让人看得起 (ràng rén kàndeqǐ) | 真看得起我 (zhēn kàndeqǐ wǒ),谢谢你这么看得起我。,Xièxie nǐ zhème kàndeqǐ wǒ.,ممنونم که این‌قدر برای من ارزش قائل هستی.,
758,康复,kāng fù,HSK 6,动、名,1,患病或受伤后恢复健康或身体功能（不及物动）,بهبود یافتن؛ سلامتی خود را بازیافتن (فعل ناگذر),不及物动,فعل ناگذر,逐渐康复 (zhújiàn kāngfù) | 已经康复 (yǐjīng kāngfù) | 早日康复 (zǎorì kāngfù),经过几个月的治疗，他已经完全康复了。,"Jīngguò jǐ ge yuè de zhìliáo, tā yǐjīng wánquán kāngfù le.",او پس از چند ماه درمان کاملاً بهبود یافته است.,
758,康复,kāng fù,HSK 6,动、名,2,恢复健康或身体功能的过程以及相关的治疗训练（名）,بهبودی؛ توان‌بخشی (اسم),名,اسم,接受康复治疗 (jiēshòu kāngfù zhìliáo) | 进行康复训练 (jìnxíng kāngfù xùnliàn) | 康复过程 (kāngfù guòchéng),手术后，他需要接受一段时间的康复治疗。,"Shǒushù hòu, tā xūyào jiēshòu yí duàn shíjiān de kāngfù zhìliáo.",او پس از جراحی باید مدتی تحت درمان توان‌بخشی قرار گیرد.,
759,看好,kàn hǎo,HSK 6,动,1,照看好人或物，防止发生问题或丢失，多用于口语（及物动）,مراقب کسی یا چیزی بودن، محاوره‌ای (فعل گذرا),及物动,فعل گذرا,看好孩子 (kànhǎo háizi) | 看好行李 (kànhǎo xíngli) | 看好自己的东西 (kànhǎo zìjǐ de dōngxi),人多的时候一定要看好自己的行李。,Rén duō de shíhou yídìng yào kànhǎo zìjǐ de xíngli.,در مکان‌های شلوغ حتماً باید مراقب وسایلت باشی.,
759,看好,kàn hǎo,HSK 6,动,2,认为某人或某事物有能力、有优势或良好的发展前景（及物动）,نسبت به آیندهٔ کسی یا چیزی خوش‌بین بودن (فعل گذرا),及物动,فعل گذرا,看好这个项目 (kànhǎo zhège xiàngmù) | 看好市场前景 (kànhǎo shìchǎng qiánjǐng) | 普遍看好 (pǔbiàn kànhǎo),许多投资者都很看好这个行业。,Xǔduō tóuzīzhě dōu hěn kànhǎo zhège hángyè.,بسیاری از سرمایه‌گذاران به آیندهٔ این صنعت خوش‌بین هستند.,
760,看似,kàn sì,HSK 6,动,1,从表面看好像是某种情况，实际情况可能不同，多用于书面语（动）,در ظاهر به نظر رسیدن، بیشتر رسمی (فعل),动,فعل,看似简单 (kànsì jiǎndān) | 看似合理 (kànsì hélǐ) | 看似平静 (kànsì píngjìng),这个问题看似简单，其实非常复杂。,"Zhège wèntí kànsì jiǎndān, qíshí fēicháng fùzá.",این مسئله در ظاهر ساده به نظر می‌رسد، اما در واقع بسیار پیچیده است.,
761,看中,kàn zhòng,HSK 6,动,1,经过观察后认为某人或某物合适、满意，并想选择或得到（及物动）,پسندیدن و انتخاب کردن (فعل گذرا),及物动,فعل گذرا,看中一套房子 (kànzhòng yí tào fángzi) | 看中他的能力 (kànzhòng tā de nénglì) | 被公司看中 (bèi gōngsī kànzhòng),他看中了一套靠近学校的房子。,Tā kànzhòng le yí tào kàojìn xuéxiào de fángzi.,او خانه‌ای نزدیک مدرسه را پسندید و انتخاب کرد.,
762,看重,kàn zhòng,HSK 6,动,1,认为某人或某方面很重要、有价值，因而给予重视（及物动）,مهم دانستن؛ برای چیزی ارزش قائل شدن (فعل گذرا),及物动,فعل گذرا,看重能力 (kànzhòng nénglì) | 看重经验 (kànzhòng jīngyàn) | 更看重结果 (gèng kànzhòng jiéguǒ),这家公司比学历更看重实际能力。,Zhè jiā gōngsī bǐ xuélì gèng kànzhòng shíjì nénglì.,این شرکت برای توانایی عملی بیش از مدرک تحصیلی ارزش قائل است.,
763,考察,kǎo chá,HSK 6,动,1,到现场进行观察、调查和了解（及物动）,بازدید و بررسی کردن؛ تحقیق میدانی کردن دربارهٔ (فعل گذرا),及物动,فعل گذرا,实地考察 (shídì kǎochá) | 考察当地市场 (kǎochá dāngdì shìchǎng) | 到国外考察 (dào guówài kǎochá),公司派人去国外考察当地市场。,Gōngsī pài rén qù guówài kǎochá dāngdì shìchǎng.,شرکت افرادی را برای بررسی میدانی بازار محلی به خارج از کشور فرستاد.,
763,考察,kǎo chá,HSK 6,动,2,通过观察和调查评价人员的能力、品德或表现，多用于组织、人事语境（及物动）,ارزیابی کردن؛ شایستگی کسی را بررسی کردن (فعل گذرا),及物动,فعل گذرا,考察候选人 (kǎochá hòuxuǎnrén) | 重点考察能力 (zhòngdiǎn kǎochá nénglì) | 进行全面考察 (jìnxíng quánmiàn kǎochá),公司正在全面考察几名管理职位候选人。,Gōngsī zhèngzài quánmiàn kǎochá jǐ míng guǎnlǐ zhíwèi hòuxuǎnrén.,شرکت در حال ارزیابی کامل چند نامزد سمت مدیریتی است.,
764,考古,kǎo gǔ,HSK 6,动、名,1,通过调查、发掘和研究古代遗迹、遗物来了解古代社会（不及物动）,کاوش و پژوهش باستان‌شناختی کردن (فعل ناگذر),不及物动,فعل ناگذر,到遗址考古 (dào yízhǐ kǎogǔ) | 从事考古 (cóngshì kǎogǔ) | 进行现场考古 (jìnxíng xiànchǎng kǎogǔ),专家正在这处古代遗址进行考古。,Zhuānjiā zhèngzài zhè chù gǔdài yízhǐ jìnxíng kǎogǔ.,کارشناسان در این محوطهٔ باستانی مشغول کاوش باستان‌شناختی هستند.,
764,考古,kǎo gǔ,HSK 6,动、名,2,研究古代遗迹、遗物和人类社会历史的学科（名）,باستان‌شناسی (اسم),名,اسم,学习考古 (xuéxí kǎogǔ) | 考古专业 (kǎogǔ zhuānyè) | 对考古感兴趣 (duì kǎogǔ gǎn xìngqù),她在大学学习考古。,Tā zài dàxué xuéxí kǎogǔ.,او در دانشگاه باستان‌شناسی می‌خواند.,
765,考核,kǎo hé,HSK 6,动、名,1,按照一定标准检查并评价知识、能力或工作表现（及物动）,سنجش و ارزیابی کردن (فعل گذرا),及物动,فعل گذرا,考核员工表现 (kǎohé yuángōng biǎoxiàn) | 定期考核 (dìngqī kǎohé) | 严格考核 (yángé kǎohé),公司每年都会考核员工的工作表现。,Gōngsī měinián dōu huì kǎohé yuángōng de gōngzuò biǎoxiàn.,شرکت هر سال عملکرد کارکنان را ارزیابی می‌کند.,
765,考核,kǎo hé,HSK 6,动、名,2,按照标准进行的检查和评价（名）,ارزیابی؛ آزمون عملکرد (اسم),名,اسم,年度考核 (niándù kǎohé) | 绩效考核 (jìxiào kǎohé) | 通过考核 (tōngguò kǎohé),他顺利通过了公司组织的年度考核。,Tā shùnlì tōngguò le gōngsī zǔzhī de niándù kǎohé.,او ارزیابی سالانهٔ شرکت را با موفقیت پشت سر گذاشت.,
766,考验,kǎo yàn,HSK 6,动、名,1,通过困难、危险或实际情况检验人的能力、意志或品质（及物动）,آزمودن؛ محک زدن (فعل گذرا),及物动,فعل گذرا,考验能力 (kǎoyàn nénglì) | 考验耐心 (kǎoyàn nàixīn) | 考验团队合作 (kǎoyàn tuánduì hézuò),这项艰巨的任务考验着每个人的耐心。,Zhè xiàng jiānjù de rènwu kǎoyànzhe měi ge rén de nàixīn.,این وظیفهٔ دشوار صبر همه را محک می‌زند.,
766,考验,kǎo yàn,HSK 6,动、名,2,对能力、意志或品质的艰难检验（名）,آزمون دشوار؛ محک (اسم),名,اسم,严峻的考验 (yánjùn de kǎoyàn) | 经受考验 (jīngshòu kǎoyàn) | 面临考验 (miànlín kǎoyàn),这场危机对公司来说是一次严峻的考验。,Zhè chǎng wēijī duì gōngsī láishuō shì yí cì yánjùn de kǎoyàn.,این بحران برای شرکت آزمونی دشوار بود.,
767,卡片,kǎ piàn,HSK 6,名,1,用纸、塑料等制成、用于记录信息或表达祝福的小片（名）,کارت؛ کارت کوچک (اسم),名,اسم,一张卡片 (yì zhāng kǎpiàn) | 制作卡片 (zhìzuò kǎpiàn) | 在卡片上写字 (zài kǎpiàn shàng xiězì),请在卡片上写下你的姓名和电话号码。,Qǐng zài kǎpiàn shàng xiěxià nǐ de xìngmíng hé diànhuà hàomǎ.,لطفاً نام و شماره تلفنتان را روی کارت بنویسید.,
768,科,kē,HSK 6,名,1,学校课程、知识或学术领域的类别（名）,درس؛ رشته یا شاخهٔ علمی (اسم),名,اسم,哪一科 (nǎ yì kē) | 各科成绩 (gè kē chéngjì) | 最喜欢这一科 (zuì xǐhuan zhè yì kē),在所有课程中，他最喜欢数学这一科。,"Zài suǒyǒu kèchéng zhōng, tā zuì xǐhuan shùxué zhè yì kē.",از میان همهٔ درس‌ها، او درس ریاضی را بیشتر از همه دوست دارد.,
768,科,kē,HSK 6,名,2,政府机关、医院或其他机构内部按业务划分的部门（名）,بخش؛ واحد سازمانی (اسم),名,اسم,调到别的科 (diào dào bié de kē) | 科里的医生 (kē lǐ de yīshēng) | 科主任 (kē zhǔrèn),她被调到了医院的儿科工作。,Tā bèi diào dào le yīyuàn de érkē gōngzuò.,او برای کار به بخش کودکان بیمارستان منتقل شد.,
768,科,kē,HSK 6,名,3,生物分类单位之一，位于“目”和“属”之间（名）,تیره، در رده‌بندی زیستی (اسم),名,اسم,同科不同属 (tóng kē bùtóng shǔ) | 属于同一科 (shǔyú tóng yì kē) | 分成若干科 (fēnchéng ruògān kē),在生物分类中，科位于目和属之间。,"Zài shēngwù fēnlèi zhōng, kē wèiyú mù hé shǔ zhījiān.",در رده‌بندی زیستی، «تیره» میان «راسته» و «سرده» قرار دارد.,
769,客车,kè chē,HSK 6,名,1,专门用于运送乘客的公路或铁路车辆（名）,وسیلهٔ نقلیهٔ مسافربری؛ اتوبوس یا واگن مسافری (اسم),名,اسم,长途客车 (chángtú kèchē) | 一辆客车 (yí liàng kèchē) | 乘坐客车 (chéngzuò kèchē),我们乘坐长途客车前往机场。,Wǒmen chéngzuò chángtú kèchē qiánwǎng jīchǎng.,ما با اتوبوس بین‌شهری به فرودگاه رفتیم.,
770,科幻,kē huàn,HSK 6,名、形,1,以科学技术和对未来的想象为主要内容的文学、影视等类型；也指属于这一类型的（名、形）,ژانر علمی‌تخیلی؛ علمی‌تخیلی (اسم، صفت),名、形,اسم، صفت,科幻小说 (kēhuàn xiǎoshuō) | 科幻电影 (kēhuàn diànyǐng) | 喜欢科幻 (xǐhuan kēhuàn),他从小就喜欢阅读科幻小说。,Tā cóngxiǎo jiù xǐhuan yuèdú kēhuàn xiǎoshuō.,او از کودکی به خواندن داستان‌های علمی‌تخیلی علاقه داشته است.,
771,可口,kě kǒu,HSK 6,形,1,食物味道好，吃起来合口味（形）,خوشمزه؛ خوش‌طعم (صفت),形,صفت,饭菜可口 (fàncài kěkǒu) | 清淡可口 (qīngdàn kěkǒu) | 香甜可口 (xiāngtián kěkǒu),这家餐厅的饭菜既新鲜又可口。,Zhè jiā cāntīng de fàncài jì xīnxiān yòu kěkǒu.,غذاهای این رستوران هم تازه‌اند و هم خوش‌طعم.,
772,可怜,kě lián,HSK 6,形,1,处境不幸、痛苦而值得同情（形）,بیچاره؛ قابل ترحم (صفت),形,صفت,真可怜 (zhēn kělián) | 可怜的孩子 (kělián de háizi) | 看起来很可怜 (kàn qǐlái hěn kělián),那个失去家人的孩子很可怜。,Nàge shīqù jiārén de háizi hěn kělián.,آن کودک که خانواده‌اش را از دست داده بسیار بیچاره است.,
772,可怜,kě lián,HSK 6,形,2,数量、程度或水平低得不值一提，多用于“……得可怜”结构（形）,ناچیز؛ به‌طرز تأسف‌باری کم (صفت),形,صفت,少得可怜 (shǎo de kělián) | 收入低得可怜 (shōurù dī de kělián) | 知识少得可怜 (zhīshi shǎo de kělián),他每天休息的时间少得可怜。,Tā měitiān xiūxi de shíjiān shǎo de kělián.,زمان استراحت روزانهٔ او به‌طرز تأسف‌باری کم است.,
773,科目,kē mù,HSK 6,名,1,按照内容或性质划分的学习、考试项目（名）,درس؛ ماده یا بخش امتحانی (اسم),名,اسم,考试科目 (kǎoshì kēmù) | 必修科目 (bìxiū kēmù) | 增加考试科目 (zēngjiā kǎoshì kēmù),这次考试一共有五个科目。,Zhè cì kǎoshì yígòng yǒu wǔ ge kēmù.,این آزمون در مجموع پنج مادهٔ امتحانی دارد.,
773,科目,kē mù,HSK 6,名,2,会计中按照经济内容划分的账目类别（名）,سرفصل حسابداری؛ حساب (اسم),名,اسم,会计科目 (kuàijì kēmù) | 设置科目 (shèzhì kēmù) | 科目分类 (kēmù fēnlèi),这笔费用应该记入哪个会计科目？,Zhè bǐ fèiyòng yīnggāi jìrù nǎge kuàijì kēmù?,این هزینه باید در کدام سرفصل حسابداری ثبت شود؟,
774,肯,kěn,HSK 6,动,1,愿意或同意做某事，常用在其他动词前（助动）,حاضر یا مایل بودن به (فعل کمکی),助动,فعل کمکی,肯帮忙 (kěn bāngmáng) | 不肯承认 (bù kěn chéngrèn) | 肯努力学习 (kěn nǔlì xuéxí),只要你肯努力，就一定会有进步。,"Zhǐyào nǐ kěn nǔlì, jiù yídìng huì yǒu jìnbù.",اگر حاضر باشی تلاش کنی، حتماً پیشرفت خواهی کرد.,
775,科普,kē pǔ,HSK 6,动、名,1,向普通公众普及科学知识（及物动）,دانش علمی را برای عموم توضیح دادن؛ علم را ترویج کردن (فعل گذرا),及物动,فعل گذرا,向公众科普 (xiàng gōngzhòng kēpǔ) | 科普医学知识 (kēpǔ yīxué zhīshi) | 给大家科普一下 (gěi dàjiā kēpǔ yíxià),医生正在向公众科普疫苗的作用。,Yīshēng zhèngzài xiàng gōngzhòng kēpǔ yìmiáo de zuòyòng.,پزشک در حال توضیح نقش واکسن برای عموم مردم است.,
775,科普,kē pǔ,HSK 6,动、名,2,面向普通公众的科学知识普及工作或内容，是“科学普及”的简称（名）,ترویج علم؛ محتوای علمی برای عموم (اسم),名,اسم,开展科普 (kāizhǎn kēpǔ) | 做科普 (zuò kēpǔ) | 科普活动 (kēpǔ huódòng),这位教授长期从事科普工作。,Zhè wèi jiàoshòu chángqī cóngshì kēpǔ gōngzuò.,این استاد سال‌ها در زمینهٔ ترویج علم فعالیت کرده است.,
776,课题,kè tí,HSK 6,名,1,需要研究、讨论或解决的问题，尤指正式的研究项目（名）,موضوع یا پروژهٔ پژوهشی؛ مسئلهٔ قابل بررسی (اسم),名,اسم,研究课题 (yánjiū kètí) | 承担课题 (chéngdān kètí) | 确定课题 (quèdìng kètí),他们正在研究一个关于气候变化的新课题。,Tāmen zhèngzài yánjiū yí ge guānyú qìhòu biànhuà de xīn kètí.,آن‌ها در حال کار روی موضوع پژوهشی جدیدی دربارهٔ تغییرات اقلیمی هستند.,
777,渴望,kě wàng,HSK 6,动、名,1,非常迫切地希望得到某物或实现某事（及物动）,مشتاق بودن به؛ شدیداً آرزو داشتن (فعل گذرا),及物动,فعل گذرا,渴望成功 (kěwàng chénggōng) | 渴望自由 (kěwàng zìyóu) | 渴望得到理解 (kěwàng dédào lǐjiě),这些孩子渴望获得更多知识。,Zhèxiē háizi kěwàng huòdé gèng duō zhīshi.,این کودکان مشتاق کسب دانش بیشتری هستند.,
777,渴望,kě wàng,HSK 6,动、名,2,想得到某物或实现某事的强烈愿望（名）,اشتیاق شدید؛ آرزو (اسم),名,اسم,内心的渴望 (nèixīn de kěwàng) | 对自由的渴望 (duì zìyóu de kěwàng) | 表达渴望 (biǎodá kěwàng),他从未放弃对自由的渴望。,Tā cóngwèi fàngqì duì zìyóu de kěwàng.,او هرگز از آرزوی آزادی دست نکشید.,
778,可行,kě xíng,HSK 6,形,1,能够实行、行得通，多用于正式语境（形）,عملی؛ شدنی (صفت),形,صفت,切实可行 (qièshí kěxíng) | 技术上可行 (jìshù shàng kěxíng) | 方案完全可行 (fāng'àn wánquán kěxíng),经过讨论，大家认为这个方案完全可行。,"Jīngguò tǎolùn, dàjiā rènwéi zhège fāng'àn wánquán kěxíng.",پس از بحث، همه به این نتیجه رسیدند که این طرح کاملاً عملی است.,
779,空地,kòng dì,HSK 6,名,1,没有建筑物或其他物体占用的空旷地面（名）,زمین خالی؛ محوطهٔ باز (اسم),名,اسم,一块空地 (yí kuài kòngdì) | 站在空地上 (zhàn zài kòngdì shàng) | 利用这片空地 (lìyòng zhè piàn kòngdì),孩子们正在楼前的空地上踢足球。,Háizimen zhèngzài lóu qián de kòngdì shàng tī zúqiú.,بچه‌ها در زمین خالی جلوی ساختمان فوتبال بازی می‌کنند.,
780,恐惧,kǒng jù,HSK 6,动、名,1,因危险、威胁或未知事物而感到非常害怕（及物动）,ترسیدن از؛ هراس داشتن از (فعل گذرا),及物动,فعل گذرا,恐惧死亡 (kǒngjù sǐwáng) | 恐惧失败 (kǒngjù shībài) | 不再恐惧未知 (bú zài kǒngjù wèizhī),很多人会本能地恐惧未知的事物。,Hěnduō rén huì běnnéng de kǒngjù wèizhī de shìwù.,بسیاری از مردم به‌طور غریزی از ناشناخته‌ها می‌ترسند.,
780,恐惧,kǒng jù,HSK 6,动、名,2,因危险、威胁或未知事物产生的强烈害怕心理（名）,ترس؛ هراس (اسم),名,اسم,产生恐惧 (chǎnshēng kǒngjù) | 克服恐惧 (kèfú kǒngjù) | 内心的恐惧 (nèixīn de kǒngjù),他终于克服了内心的恐惧。,Tā zhōngyú kèfú le nèixīn de kǒngjù.,او سرانجام بر ترس درونی خود غلبه کرد.,
781,空闲,kòng xián,HSK 6,形,1,没有工作、任务或其他事情要做；有空（形）,وقت‌آزاددار؛ بی‌مشغله (صفت),形,صفت,周末比较空闲 (zhōumò bǐjiào kòngxián) | 空闲时间 (kòngxián shíjiān) | 最近不太空闲 (zuìjìn bú tài kòngxián),我周末比较空闲，可以过去帮你。,"Wǒ zhōumò bǐjiào kòngxián, kěyǐ guòqu bāng nǐ.",آخر هفته نسبتاً وقت آزاد دارم و می‌توانم برای کمکت بیایم.,
781,空闲,kòng xián,HSK 6,形,2,房间、设备、土地等没有被占用或使用的（形）,خالی؛ بدون استفاده (صفت),形,صفت,空闲房间 (kòngxián fángjiān) | 设备处于空闲状态 (shèbèi chǔyú kòngxián zhuàngtài) | 利用空闲土地 (lìyòng kòngxián tǔdì),仓库里还有一间空闲的房间。,Cāngkù lǐ hái yǒu yì jiān kòngxián de fángjiān.,در انبار هنوز یک اتاق خالی وجود دارد.,
782,扣,kòu,HSK 6,动,1,用纽扣、扣子等把衣物或物品连接、固定起来（及物动）,دکمه یا بست چیزی را بستن (فعل گذرا),及物动,فعل گذرا,扣纽扣 (kòu niǔkou) | 扣好外套 (kòuhǎo wàitào) | 扣上安全带 (kòushàng ānquándài),外面很冷，把外套的扣子扣好。,"Wàimian hěn lěng, bǎ wàitào de kòuzi kòuhǎo.",بیرون سرد است؛ دکمه‌های کتت را ببند.,
782,扣,kòu,HSK 6,动,2,把容器等倒过来盖在物体上，或使开口朝下放置（及物动）,وارونه روی چیزی گذاشتن؛ با ظرف پوشاندن (فعل گذرا),及物动,فعل گذرا,把碗扣在桌上 (bǎ wǎn kòu zài zhuō shàng) | 用盆扣住 (yòng pén kòuzhù) | 倒扣在地上 (dàokòu zài dìshang),她用一个大碗把食物扣住了。,Tā yòng yí ge dà wǎn bǎ shíwù kòuzhù le.,او با یک کاسهٔ بزرگ روی غذا را پوشاند.,
782,扣,kòu,HSK 6,动,3,强行留下人、车辆或物品，不让离开或取走（及物动）,توقیف کردن؛ نگه داشتن (فعل گذرا),及物动,فعل گذرا,扣住车辆 (kòuzhù chēliàng) | 货物被扣 (huòwù bèi kòu) | 把证件扣下 (bǎ zhèngjiàn kòuxià),这批货物在海关被扣了。,Zhè pī huòwù zài hǎiguān bèi kòu le.,این محموله در گمرک توقیف شد.,
782,扣,kòu,HSK 6,动,4,从工资、分数、费用等中减去一部分（及物动）,کسر کردن؛ کم کردن از (فعل گذرا),及物动,فعل گذرا,扣工资 (kòu gōngzī) | 扣五分 (kòu wǔ fēn) | 扣除手续费 (kòuchú shǒuxùfèi),答错一道题会被扣两分。,Dácuò yí dào tí huì bèi kòu liǎng fēn.,برای هر پاسخ نادرست دو نمره کم می‌شود.,
783,口感,kǒu gǎn,HSK 6,名,1,食物或饮料进入口中后给人的质地、软硬、细腻程度等综合感觉（名）,حس و بافت خوراکی در دهان (اسم),名,اسم,口感细腻 (kǒugǎn xìnì) | 口感酥脆 (kǒugǎn sūcuì) | 改善口感 (gǎishàn kǒugǎn),这种水果味道很甜，口感也很脆。,"Zhè zhǒng shuǐguǒ wèidào hěn tián, kǒugǎn yě hěn cuì.",این میوه طعم شیرینی دارد و بافتش نیز ترد است.,
784,口号,kǒu hào,HSK 6,名,1,为宣传主张、鼓舞人心或表达共同目标而提出的简短有力的语句（名）,شعار (اسم),名,اسم,提出口号 (tíchū kǒuhào) | 高喊口号 (gāohǎn kǒuhào) | 宣传口号 (xuānchuán kǒuhào),人群举着标语，高声喊着口号。,"Rénqún jǔzhe biāoyǔ, gāoshēng hǎnzhe kǒuhào.",جمعیت پلاکاردهایی در دست داشت و با صدای بلند شعار می‌داد.,
785,口腔,kǒu qiāng,HSK 6,名,1,由嘴唇、两颊、上腭、舌等围成的口内空间，多用于医学语境（名）,حفرهٔ دهان، اصطلاح پزشکی (اسم),名,اسم,保持口腔卫生 (bǎochí kǒuqiāng wèishēng) | 检查口腔 (jiǎnchá kǒuqiāng) | 口腔健康 (kǒuqiāng jiànkāng),每天认真刷牙有助于保持口腔健康。,Měitiān rènzhēn shuāyá yǒuzhù yú bǎochí kǒuqiāng jiànkāng.,مسواک زدن دقیق و روزانه به حفظ سلامت دهان کمک می‌کند.,
786,口头,kǒu tóu,HSK 6,形,1,通过说话而不是书写表达或进行的（形）,شفاهی؛ کلامی (صفت),形,صفت,口头协议 (kǒutóu xiéyì) | 口头通知 (kǒutóu tōngzhī) | 口头表达 (kǒutóu biǎodá),双方目前只达成了口头协议。,Shuāngfāng mùqián zhǐ dáchéng le kǒutóu xiéyì.,دو طرف در حال حاضر فقط به توافقی شفاهی رسیده‌اند.,
787,酷,kù,HSK 6,形,1,外表、行为或事物很有个性、很吸引人，多用于口语（形）,باحال؛ خفن، محاوره‌ای (صفت),形,صفت,看起来很酷 (kàn qǐlái hěn kù) | 造型很酷 (zàoxíng hěn kù) | 简直酷极了 (jiǎnzhí kù jí le),你今天的发型看起来很酷。,Nǐ jīntiān de fàxíng kàn qǐlái hěn kù.,مدل مویت امروز خیلی باحال به نظر می‌رسد.,
788,夸,kuā,HSK 6,动,1,称赞别人或某事物的优点（及物动）,تعریف و تمجید کردن از (فعل گذرا),及物动,فعل گذرا,夸孩子懂事 (kuā háizi dǒngshì) | 当面夸他 (dāngmiàn kuā tā) | 人人都夸 (rénrén dōu kuā),老师当着全班同学的面夸了他。,Lǎoshī dāngzhe quán bān tóngxué de miàn kuā le tā.,معلم در حضور همهٔ دانش‌آموزان کلاس از او تعریف کرد.,
788,夸,kuā,HSK 6,动,2,过分称赞自己或夸大自己的能力、成绩等，多用于口语（及物动）,لاف زدن؛ دربارهٔ خود اغراق کردن (فعل گذرا),及物动,فعل گذرا,夸自己有本事 (kuā zìjǐ yǒu běnshi) | 别把自己夸得太高 (bié bǎ zìjǐ kuā de tài gāo) | 总爱夸自己 (zǒng ài kuā zìjǐ),他总爱夸自己认识很多重要人物。,Tā zǒng ài kuā zìjǐ rènshi hěnduō zhòngyào rénwù.,او همیشه لاف می‌زند که افراد مهم زیادی را می‌شناسد.,
789,会计,kuài jì,HSK 6,名,1,负责记录、核算和管理单位财务的工作人员（名）,حسابدار (اسم),名,اسم,担任会计 (dānrèn kuàijì) | 招聘会计 (zhāopìn kuàijì) | 一名会计 (yì míng kuàijì),她在一家贸易公司担任会计。,Tā zài yì jiā màoyì gōngsī dānrèn kuàijì.,او در یک شرکت بازرگانی حسابدار است.,
789,会计,kuài jì,HSK 6,名,2,记录、核算和监督单位财务活动的工作或专业（名）,حسابداری (اسم),名,اسم,学习会计 (xuéxí kuàijì) | 会计专业 (kuàijì zhuānyè) | 从事会计工作 (cóngshì kuàijì gōngzuò),他在大学学习会计。,Tā zài dàxué xuéxí kuàijì.,او در دانشگاه حسابداری می‌خواند.,
790,快捷,kuài jié,HSK 6,形,1,速度快而且方便、有效率（形）,سریع و آسان؛ کارآمد (صفت),形,صفت,方便快捷 (fāngbiàn kuàijié) | 操作快捷 (cāozuò kuàijié) | 快捷的支付方式 (kuàijié de zhīfù fāngshì),网上办理手续既方便又快捷。,Wǎngshàng bànlǐ shǒuxù jì fāngbiàn yòu kuàijié.,انجام مراحل اداری به‌صورت اینترنتی هم آسان است و هم سریع.,
791,夸奖,kuā jiǎng,HSK 6,动、名,1,称赞或表扬别人的优点、表现或成绩（及物动）,تعریف و تمجید کردن از (فعل گذرا),及物动,فعل گذرا,夸奖孩子 (kuājiǎng háizi) | 当面夸奖 (dāngmiàn kuājiǎng) | 值得夸奖 (zhíde kuājiǎng),老师夸奖了他最近的进步。,Lǎoshī kuājiǎng le tā zuìjìn de jìnbù.,معلم از پیشرفت اخیر او تعریف کرد.,
791,夸奖,kuā jiǎng,HSK 6,动、名,2,称赞或表扬的话（名）,تعریف؛ تحسین (اسم),名,اسم,受到夸奖 (shòudào kuājiǎng) | 得到夸奖 (dédào kuājiǎng) | 听到夸奖 (tīngdào kuājiǎng),听到老师的夸奖，他有些不好意思。,"Tīngdào lǎoshī de kuājiǎng, tā yǒuxiē bù hǎoyìsi.",او با شنیدن تعریف معلم کمی خجالت‌زده شد.,
792,款,kuǎn,HSK 6,量、名,1,用于计算同一类产品中的不同式样或型号（量）,مدل؛ نوع (واحد شمارش),量,واحد شمارش,一款手机 (yì kuǎn shǒujī) | 多款产品 (duō kuǎn chǎnpǐn) | 推出新款 (tuīchū xīnkuǎn),这款手机很受年轻人欢迎。,Zhè kuǎn shǒujī hěn shòu niánqīngrén huānyíng.,این مدل تلفن همراه میان جوانان بسیار محبوب است.,
792,款,kuǎn,HSK 6,量、名,2,具有特定用途或来源的一笔钱（名）,وجه؛ مبلغ (اسم),名,اسم,一笔款 (yì bǐ kuǎn) | 款已到账 (kuǎn yǐ dàozhàng) | 支付这笔款 (zhīfù zhè bǐ kuǎn),这笔款已经汇入公司的账户。,Zhè bǐ kuǎn yǐjīng huìrù gōngsī de zhànghù.,این مبلغ به حساب شرکت واریز شده است.,
792,款,kuǎn,HSK 6,量、名,3,法律、规章或合同中的分项条文（名）,بند؛ جزءِ یک مادهٔ قانونی یا قرارداد (اسم),名,اسم,第一款 (dì-yī kuǎn) | 本条第二款 (běn tiáo dì-èr kuǎn) | 违反该款规定 (wéifǎn gāi kuǎn guīdìng),合同第三条第二款规定了付款时间。,Hétóng dì-sān tiáo dì-èr kuǎn guīdìng le fùkuǎn shíjiān.,بند دوم از مادهٔ سوم قرارداد، زمان پرداخت را تعیین کرده است.,
793,款式,kuǎn shì,HSK 6,名,1,服装、家具、产品等在形状和设计方面的样式（名）,مدل؛ طرح ظاهری (اسم),名,اسم,款式新颖 (kuǎnshì xīnyǐng) | 多种款式 (duō zhǒng kuǎnshì) | 选择款式 (xuǎnzé kuǎnshì),这件衣服的款式简单大方。,Zhè jiàn yīfu de kuǎnshì jiǎndān dàfang.,مدل این لباس ساده و شیک است.,
794,夸张,kuā zhāng,HSK 6,动、形、名,1,把事情说得或表现得超过实际程度（及物动）,اغراق کردن در؛ بزرگ‌نمایی کردن (فعل گذرا),及物动,فعل گذرا,夸张事实 (kuāzhāng shìshí) | 故意夸张 (gùyì kuāzhāng) | 夸张事情的严重性 (kuāzhāng shìqing de yánzhòngxìng),他夸张了这件事的严重程度。,Tā kuāzhāng le zhè jiàn shì de yánzhòng chéngdù.,او در میزان جدی بودن این موضوع اغراق کرد.,
794,夸张,kuā zhāng,HSK 6,动、形、名,2,明显超过正常或实际程度，显得不自然的（形）,اغراق‌آمیز؛ غیرطبیعی (صفت),形,صفت,表情夸张 (biǎoqíng kuāzhāng) | 动作夸张 (dòngzuò kuāzhāng) | 设计过于夸张 (shèjì guòyú kuāzhāng),这位演员的动作和表情都很夸张。,Zhè wèi yǎnyuán de dòngzuò hé biǎoqíng dōu hěn kuāzhāng.,حرکات و حالت چهرهٔ این بازیگر بسیار اغراق‌آمیز است.,
794,夸张,kuā zhāng,HSK 6,动、形、名,3,为了突出事物特征而有意扩大或缩小描述的修辞手法（名）,اغراق؛ مبالغه، در بلاغت (اسم),名,اسم,使用夸张 (shǐyòng kuāzhāng) | 夸张的修辞手法 (kuāzhāng de xiūcí shǒufǎ) | 运用夸张 (yùnyòng kuāzhāng),这句话运用了夸张的修辞手法。,Zhè jù huà yùnyòng le kuāzhāng de xiūcí shǒufǎ.,در این جمله از آرایهٔ اغراق استفاده شده است.,
795,亏损,kuī sǔn,HSK 6,动、名,1,收入少于支出或成本，因而遭受经济损失（不及物动）,زیان دادن؛ ضرر کردن (فعل ناگذر),不及物动,فعل ناگذر,连续亏损 (liánxù kuīsǔn) | 严重亏损 (yánzhòng kuīsǔn) | 企业长期亏损 (qǐyè chángqī kuīsǔn),这家公司去年连续亏损了六个月。,Zhè jiā gōngsī qùnián liánxù kuīsǔn le liù ge yuè.,این شرکت سال گذشته شش ماه پیاپی زیان داد.,
795,亏损,kuī sǔn,HSK 6,动、名,2,收入低于支出或成本而产生的经济损失（名）,زیان؛ ضرر مالی (اسم),名,اسم,出现亏损 (chūxiàn kuīsǔn) | 减少亏损 (jiǎnshǎo kuīsǔn) | 弥补亏损 (míbǔ kuīsǔn),企业正在采取措施弥补去年的亏损。,Qǐyè zhèngzài cǎiqǔ cuòshī míbǔ qùnián de kuīsǔn.,شرکت در حال انجام اقداماتی برای جبران زیان سال گذشته است.,
796,困扰,kùn rǎo,HSK 6,动、名,1,使人因问题或困难而长期烦恼、不安（及物动）,آزار دادن؛ ذهن کسی را درگیر کردن (فعل گذرا),及物动,فعل گذرا,长期困扰患者 (chángqī kùnrǎo huànzhě) | 一直困扰着我 (yìzhí kùnrǎozhe wǒ) | 被问题困扰 (bèi wèntí kùnrǎo),睡眠问题已经困扰他很长时间了。,Shuìmián wèntí yǐjīng kùnrǎo tā hěn cháng shíjiān le.,مشکل خواب مدت زیادی است که او را آزار می‌دهد.,
796,困扰,kùn rǎo,HSK 6,动、名,2,使人烦恼或不安的问题（名）,دغدغه؛ گرفتاری؛ عامل آزاردهنده (اسم),名,اسم,摆脱困扰 (bǎituō kùnrǎo) | 心理困扰 (xīnlǐ kùnrǎo) | 带来困扰 (dàilái kùnrǎo),专业咨询帮助他摆脱了长期的心理困扰。,Zhuānyè zīxún bāngzhù tā bǎituō le chángqī de xīnlǐ kùnrǎo.,مشاورهٔ تخصصی به او کمک کرد از دغدغه‌های روانی دیرینه‌اش رها شود.,
797,扩展,kuò zhǎn,HSK 6,动,1,使范围、业务、功能或内容等向外扩大或增加；也指其扩大、增加（动）,گسترش دادن؛ گسترش یافتن (فعل),动,فعل,扩展业务范围 (kuòzhǎn yèwù fànwéi) | 扩展软件功能 (kuòzhǎn ruǎnjiàn gōngnéng) | 扩展到海外市场 (kuòzhǎn dào hǎiwài shìchǎng),公司计划进一步扩展海外业务。,Gōngsī jìhuà jìnyíbù kuòzhǎn hǎiwài yèwù.,شرکت قصد دارد فعالیت‌های خارجی خود را بیشتر گسترش دهد.,
798,枯燥,kū zào,HSK 6,形,1,内容或生活单调乏味，不能引起兴趣（形）,کسل‌کننده؛ خشک و یکنواخت (صفت),形,صفت,内容枯燥 (nèiróng kūzào) | 生活枯燥 (shēnghuó kūzào) | 枯燥乏味 (kūzào fáwèi),这本教材内容有些枯燥，不容易读下去。,"Zhè běn jiàocái nèiróng yǒuxiē kūzào, bù róngyì dú xiàqù.",محتوای این کتاب درسی کمی خشک و کسل‌کننده است و ادامه دادن آن آسان نیست.,
799,啦,la,HSK 6,助,1,用在句末表示感叹、提醒、催促或情况发生变化等语气，常由“了”和“啊”合音而来（助）,ذرهٔ پایانی برای بیان تأکید، یادآوری، هیجان یا تغییر وضعیت (حرف کمکی),助,حرف کمکی,好啦 (hǎo la) | 走啦 (zǒu la) | 下雨啦 (xiàyǔ la),快点儿，我们要走啦！,"Kuài diǎnr, wǒmen yào zǒu la!",زود باش، دیگه داریم می‌ریم!,
800,赖,lài,HSK 6,动,1,依靠别人生活或解决问题，常含不愿独立的意味，多用于口语（及物动）,به کسی متکی بودن، با بار منفی و محاوره‌ای (فعل گذرا),及物动,فعل گذرا,总赖父母 (zǒng lài fùmǔ) | 什么都赖别人 (shénme dōu lài biérén) | 不能一直赖他 (bù néng yìzhí lài tā),你已经长大了，不能什么事都赖父母。,"Nǐ yǐjīng zhǎngdà le, bù néng shénme shì dōu lài fùmǔ.",دیگر بزرگ شده‌ای و نباید برای همه‌چیز به پدر و مادرت متکی باشی.,
800,赖,lài,HSK 6,动,2,停留在某处不肯离开或起来，多用于口语（不及物动）,ماندن و حاضر نشدن به رفتن یا بلند شدن، محاوره‌ای (فعل ناگذر),不及物动,فعل ناگذر,赖着不走 (làizhe bù zǒu) | 赖在床上 (lài zài chuáng shàng) | 赖在别人家里 (lài zài biérén jiā lǐ),他周末总喜欢赖在床上不起来。,Tā zhōumò zǒng xǐhuan lài zài chuáng shàng bù qǐlái.,او آخر هفته‌ها همیشه دوست دارد در تخت بماند و بلند نشود.,
800,赖,lài,HSK 6,动,3,不承认自己做过某事或应该承担的责任，多用于口语（动）,زیر بار نرفتن؛ مسئولیت را انکار کردن، محاوره‌ای (فعل),动,فعل,"想赖也赖不掉 (xiǎng lài yě làibudiào) | 做了还不承认，想赖 (zuò le hái bù chéngrèn, xiǎng lài) | 证据确凿赖不掉 (zhèngjù quèzáo làibudiào)",证据都在这里，你想赖也赖不掉。,"Zhèngjù dōu zài zhèlǐ, nǐ xiǎng lài yě làibudiào.",همهٔ مدارک اینجاست؛ حتی اگر بخواهی هم نمی‌توانی زیر بار مسئولیت نروی.,
800,赖,lài,HSK 6,动,4,把错误、问题或责任归到别人身上，多用于口语（及物动）,تقصیر را گردن کسی انداختن، محاوره‌ای (فعل گذرا),及物动,فعل گذرا,别赖我 (bié lài wǒ) | 全赖在他身上 (quán lài zài tā shēnshang) | 这事不能赖你 (zhè shì bù néng lài nǐ),这是我自己的决定，出了问题不能赖你。,"Zhè shì wǒ zìjǐ de juédìng, chū le wèntí bù néng lài nǐ.",این تصمیم خودم بود؛ اگر مشکلی پیش بیاید نمی‌توانم تقصیر را گردن تو بیندازم.,
801,来临,lái lín,HSK 6,动,1,某个时间、季节、机会或事件到来，多用于书面语（不及物动）,فرارسیدن؛ از راه رسیدن، بیشتر رسمی (فعل ناگذر),不及物动,فعل ناگذر,春天来临 (chūntiān láilín) | 危机来临 (wēijī láilín) | 来临之际 (láilín zhī jì),新的一年即将来临。,Xīn de yì nián jíjiāng láilín.,سال جدید به‌زودی فرا می‌رسد.,
802,来往,lái wǎng,HSK 6,动、名,1,人、车辆、船只等来来去去（不及物动）,در رفت‌وآمد بودن؛ آمدوشد کردن (فعل ناگذر),不及物动,فعل ناگذر,车辆来往 (chēliàng láiwǎng) | 船只频繁来往 (chuánzhī pínfán láiwǎng) | 来往的行人 (láiwǎng de xíngrén),这条路上每天都有很多车辆来往。,Zhè tiáo lù shàng měitiān dōu yǒu hěnduō chēliàng láiwǎng.,هر روز خودروهای زیادی در این خیابان رفت‌وآمد می‌کنند.,
802,来往,lái wǎng,HSK 6,动、名,2,人与人或家庭之间互相交往、联系（不及物动）,معاشرت و رفت‌وآمد داشتن (فعل ناگذر),不及物动,فعل ناگذر,经常来往 (jīngcháng láiwǎng) | 两家来往密切 (liǎng jiā láiwǎng mìqiè) | 不再来往 (bú zài láiwǎng),他们两家多年来一直来往密切。,Tāmen liǎng jiā duōnián lái yìzhí láiwǎng mìqiè.,این دو خانواده سال‌هاست که رفت‌وآمد نزدیکی با یکدیگر دارند.,
802,来往,lái wǎng,HSK 6,动、名,3,个人、机构或国家之间的联系、交往或交流（名）,رفت‌وآمد؛ ارتباط و مراوده (اسم),名,اسم,业务来往 (yèwù láiwǎng) | 经济来往 (jīngjì láiwǎng) | 保持来往 (bǎochí láiwǎng),两国之间的经济来往日益密切。,Liǎng guó zhījiān de jīngjì láiwǎng rìyì mìqiè.,مراودات اقتصادی میان دو کشور روزبه‌روز نزدیک‌تر می‌شود.,
803,辣椒,là jiāo,HSK 6,名,1,一种果实带有辣味、可作蔬菜或调味品的植物（名）,فلفل تند (اسم),名,اسم,红辣椒 (hóng làjiāo) | 青辣椒 (qīng làjiāo) | 切碎辣椒 (qiēsuì làjiāo),我不能吃太多辣椒。,Wǒ bù néng chī tài duō làjiāo.,من نمی‌توانم فلفل تند زیادی بخورم.,
804,拦,lán,HSK 6,动,1,挡住人或事物，不让其通过、前进或继续行动（及物动）,جلوی کسی یا چیزی را گرفتن؛ متوقف کردن (فعل گذرا),及物动,فعل گذرا,拦住汽车 (lánzhù qìchē) | 拦在门口 (lán zài ménkǒu) | 伸手拦他 (shēnshǒu lán tā),警察在路口拦住了那辆车。,Jǐngchá zài lùkǒu lánzhù le nà liàng chē.,پلیس در تقاطع جلوی آن خودرو را گرفت.,
805,栏,lán,HSK 6,名,1,报刊、网页、表格等按内容或用途划分的部分（名）,ستون؛ بخش؛ کادر (اسم),名,اسم,新闻栏 (xīnwén lán) | 姓名栏 (xìngmíng lán) | 在这一栏填写 (zài zhè yì lán tiánxiě),请在姓名栏里填写你的中文名字。,Qǐng zài xìngmíng lán lǐ tiánxiě nǐ de Zhōngwén míngzi.,لطفاً نام چینی خود را در کادر نام وارد کنید.,
806,烂,làn,HSK 6,形,1,食物、植物等腐败变质（形）,گندیده؛ فاسد (صفت),形,صفت,水果烂了 (shuǐguǒ làn le) | 烂苹果 (làn píngguǒ) | 已经烂掉 (yǐjīng làndiào),这些水果放得太久，已经烂了。,"Zhèxiē shuǐguǒ fàng de tài jiǔ, yǐjīng làn le.",این میوه‌ها بیش از حد مانده‌اند و گندیده‌اند.,
806,烂,làn,HSK 6,形,2,食物煮得非常软，容易咬碎或散开（形）,کاملاً نرم و پخته (صفت),形,صفت,煮得很烂 (zhǔ de hěn làn) | 炖得软烂 (dùn de ruǎnlàn) | 肉已经烂了 (ròu yǐjīng làn le),这块肉炖得很烂，老人也能吃。,"Zhè kuài ròu dùn de hěn làn, lǎorén yě néng chī.",این گوشت آن‌قدر نرم پخته شده که سالمندان هم می‌توانند آن را بخورند.,
806,烂,làn,HSK 6,形,3,质量、表现或结果非常差，多用于口语（形）,افتضاح؛ بسیار بد، محاوره‌ای (صفت),形,صفت,成绩很烂 (chéngjì hěn làn) | 演技太烂 (yǎnjì tài làn) | 烂得不得了 (làn de bùdéliǎo),这部电影的剧情实在太烂了。,Zhè bù diànyǐng de jùqíng shízài tài làn le.,داستان این فیلم واقعاً افتضاح است.,
807,狼,láng,HSK 6,名,1,一种外形像狗、通常成群生活的野生食肉动物（名）,گرگ (اسم),名,اسم,一匹狼 (yì pǐ láng) | 一群狼 (yì qún láng) | 遇到狼 (yùdào láng),夜里，远处传来了狼的叫声。,"Yèlǐ, yuǎnchù chuánlái le láng de jiàoshēng.",شب‌هنگام صدای زوزهٔ گرگ از دور به گوش رسید.,
808,朗读,lǎng dú,HSK 6,动,1,清楚、响亮而有感情地把文字读出来（及物动）,متنی را با صدای بلند خواندن؛ بلندخوانی کردن (فعل گذرا),及物动,فعل گذرا,朗读课文 (lǎngdú kèwén) | 大声朗读 (dàshēng lǎngdú) | 朗读一首诗 (lǎngdú yì shǒu shī),请为大家朗读这篇文章。,Qǐng wèi dàjiā lǎngdú zhè piān wénzhāng.,لطفاً این متن را با صدای بلند برای همه بخوانید.,
809,兰花,lán huā,HSK 6,名,1,兰科植物的统称，常指具有观赏价值的兰科花卉（名）,ارکیده (اسم),名,اسم,一盆兰花 (yì pén lánhuā) | 种植兰花 (zhòngzhí lánhuā) | 兰花开放 (lánhuā kāifàng),她在阳台上养了几盆兰花。,Tā zài yángtái shàng yǎng le jǐ pén lánhuā.,او چند گلدان ارکیده در بالکن پرورش می‌دهد.,
810,牢,láo,HSK 6,名、形,1,关押犯人的地方，现代多用于口语或较旧的表达（名）,زندان، بیشتر محاوره‌ای یا قدیمی (اسم),名,اسم,关进牢里 (guānjìn láo lǐ) | 从牢里逃走 (cóng láo lǐ táozǒu) | 在牢里待了多年 (zài láo lǐ dāi le duō nián),他在牢里待了很多年。,Tā zài láo lǐ dāi le hěnduō nián.,او سال‌های زیادی را در زندان گذراند.,
810,牢,láo,HSK 6,名、形,2,固定得紧，不容易松开、移动或脱落（形）,محکم؛ سفت (صفت),形,صفت,绑得很牢 (bǎng de hěn láo) | 门关得牢 (mén guān de láo) | 记得很牢 (jì de hěn láo),请把绳子绑牢，别让箱子掉下来。,"Qǐng bǎ shéngzi bǎng láo, bié ràng xiāngzi diào xiàlái.",لطفاً طناب را محکم ببند تا جعبه نیفتد.,
811,劳动力,láo dòng lì,HSK 6,名,1,人从事体力或脑力劳动的能力（名）,توانایی کار؛ توان کار کردن (اسم),名,اسم,具有劳动力 (jùyǒu láodònglì) | 丧失劳动力 (sàngshī láodònglì) | 恢复劳动力 (huīfù láodònglì),他因伤暂时丧失了劳动力。,Tā yīn shāng zànshí sàngshī le láodònglì.,او به‌دلیل آسیب‌دیدگی موقتاً توانایی کار کردن را از دست داد.,
811,劳动力,láo dòng lì,HSK 6,名,2,能够参加劳动的人口或人力资源（名）,نیروی کار (اسم),名,اسم,劳动力市场 (láodònglì shìchǎng) | 劳动力成本 (láodònglì chéngběn) | 劳动力不足 (láodònglì bùzú),这个地区的年轻劳动力正在不断减少。,Zhège dìqū de niánqīng láodònglì zhèngzài búduàn jiǎnshǎo.,نیروی کار جوان در این منطقه پیوسته در حال کاهش است.,
812,老实,lǎo shi,HSK 6,形,1,诚实本分，不说谎、不欺骗别人（形）,صادق؛ درستکار (صفت),形,صفت,为人老实 (wéirén lǎoshi) | 老实可靠 (lǎoshi kěkào) | 看起来很老实 (kàn qǐlái hěn lǎoshi),他为人老实，从来不欺骗别人。,"Tā wéirén lǎoshi, cónglái bù qīpiàn biérén.",او فردی صادق است و هرگز دیگران را فریب نمی‌دهد.,
812,老实,lǎo shi,HSK 6,形,2,行为规矩、安分，不惹麻烦，多用于口语（形）,سربه‌راه؛ آرام و مطیع، محاوره‌ای (صفت),形,صفت,老实一点 (lǎoshi yìdiǎn) | 老实待着 (lǎoshi dāizhe) | 变得老实了 (biàn de lǎoshi le),你给我老实待在这里，哪儿也别去。,"Nǐ gěi wǒ lǎoshi dāi zài zhèlǐ, nǎr yě bié qù.",آرام همین‌جا بمان و هیچ‌جا نرو.,
813,老鼠,lǎo shǔ,HSK 6,名,1,鼠类动物的通称，通常指体形较小、常在人类住所附近活动的鼠（名）,موش (اسم),名,اسم,一只老鼠 (yì zhī lǎoshǔ) | 抓老鼠 (zhuā lǎoshǔ) | 老鼠跑进厨房 (lǎoshǔ pǎojìn chúfáng),一只老鼠从厨房的角落里跑了出来。,Yì zhī lǎoshǔ cóng chúfáng de jiǎoluò lǐ pǎo le chūlái.,یک موش از گوشهٔ آشپزخانه بیرون دوید.,
814,老太太,lǎo tài tai,HSK 6,名,1,对年老女性的称呼，多用于口语（名）,پیرزن؛ خانم سالمند، محاوره‌ای (اسم),名,اسم,一位老太太 (yí wèi lǎotàitai) | 那个老太太 (nàge lǎotàitai) | 帮助老太太 (bāngzhù lǎotàitai),一位老太太正慢慢地穿过马路。,Yí wèi lǎotàitai zhèng mànmàn de chuānguò mǎlù.,خانمی سالمند به‌آرامی از خیابان عبور می‌کرد.,
815,雷,léi,HSK 6,名、动,1,云层放电时产生的巨大响声（名）,رعد (اسم),名,اسم,一声雷 (yì shēng léi) | 雷越来越响 (léi yuèláiyuè xiǎng) | 远处传来雷声 (yuǎnchù chuánlái léishēng),一声雷把熟睡的孩子惊醒了。,Yì shēng léi bǎ shúshuì de háizi jīngxǐng le.,صدای رعد کودکِ در خواب را بیدار کرد.,
815,雷,léi,HSK 6,名、动,2,因事物荒唐、奇怪或出人意料而使人震惊或难以接受，多用于网络和口语（及物动）,شوکه یا مبهوت کردن، اصطلاح اینترنتی و محاوره‌ای (فعل گذرا),及物动,فعل گذرا,把我雷到了 (bǎ wǒ léi dào le) | 被这句话雷到 (bèi zhè jù huà léidào) | 真是雷到我了 (zhēnshi léidào wǒ le),他的奇怪发言把大家都雷到了。,Tā de qíguài fāyán bǎ dàjiā dōu léidào le.,حرف‌های عجیب او همه را مبهوت کرد.,
815,雷,Léi,HSK 6,名,3,姓氏（名）,«لِی»، نام خانوادگی چینی (اسم خاص),名,اسم خاص,雷先生 (Léi xiānsheng) | 雷女士 (Léi nǚshì) | 姓雷 (xìng Léi),我们的新老师姓雷。,Wǒmen de xīn lǎoshī xìng Léi.,نام خانوادگی معلم جدید ما «لِی» است.,
816,类别,lèi bié,HSK 6,名,1,按照共同性质或特点划分出的种类（名）,دسته؛ رده؛ نوع (اسم),名,اسم,产品类别 (chǎnpǐn lèibié) | 不同类别 (bùtóng lèibié) | 按类别排列 (àn lèibié páiliè),请把这些文件按照类别分别整理。,Qǐng bǎ zhèxiē wénjiàn ànzhào lèibié fēnbié zhěnglǐ.,لطفاً این اسناد را بر اساس دسته‌بندی مرتب کنید.,
817,乐于,lè yú,HSK 6,动,1,愿意并且喜欢做某事，后面通常接动词或动词性短语（动）,با میل و رغبت انجام دادن؛ مایل بودن به (فعل),动,فعل,乐于助人 (lèyú zhùrén) | 乐于合作 (lèyú hézuò) | 乐于接受意见 (lèyú jiēshòu yìjiàn),他性格开朗，也很乐于帮助别人。,"Tā xìnggé kāilǎng, yě hěn lèyú bāngzhù biérén.",او شخصیتی گشاده‌رو دارد و با میل و رغبت به دیگران کمک می‌کند.,
818,立,lì,HSK 6,动,1,直着身体站着，多用于书面语（不及物动）,ایستادن، بیشتر رسمی یا ادبی (فعل ناگذر),不及物动,فعل ناگذر,立在门口 (lì zài ménkǒu) | 久久站立 (jiǔjiǔ zhànlì) | 迎风而立 (yíngfēng ér lì),他独自立在窗前，一句话也没说。,"Tā dúzì lì zài chuāng qián, yí jù huà yě méi shuō.",او تنها کنار پنجره ایستاده بود و هیچ نمی‌گفت.,
818,立,lì,HSK 6,动,2,使物体竖直地固定或放置（及物动）,به‌صورت عمودی برپا کردن (فعل گذرا),及物动,فعل گذرا,立一块牌子 (lì yí kuài páizi) | 立起一根柱子 (lìqǐ yì gēn zhùzi) | 在门前立碑 (zài mén qián lì bēi),他们在路口立了一块警示牌。,Tāmen zài lùkǒu lì le yí kuài jǐngshìpái.,آن‌ها در تقاطع یک تابلوی هشدار نصب کردند.,
818,立,lì,HSK 6,动,3,制定、订立或正式建立规则、字据、遗嘱等（及物动）,تنظیم یا وضع کردن؛ برقرار کردن (فعل گذرا),及物动,فعل گذرا,立规矩 (lì guīju) | 立遗嘱 (lì yízhǔ) | 立下字据 (lìxià zìjù),老人请律师帮自己立了一份遗嘱。,Lǎorén qǐng lǜshī bāng zìjǐ lì le yí fèn yízhǔ.,مرد سالمند از وکیل خواست برایش وصیت‌نامه‌ای تنظیم کند.,
819,粒,lì,HSK 6,量,1,用于计算体积较小、呈颗粒状的东西（量）,دانه؛ واحد شمارش ذرات کوچک (واحد شمارش),量,واحد شمارش,一粒米 (yí lì mǐ) | 一粒药 (yí lì yào) | 几粒种子 (jǐ lì zhǒngzi),医生让我每天饭后吃一粒药。,Yīshēng ràng wǒ měitiān fànhòu chī yí lì yào.,پزشک گفت هر روز پس از غذا یک قرص بخورم.,
820,理,lǐ,HSK 6,名、动,1,正确的道理、理由或应有的是非标准（名）,منطق؛ دلیل موجه؛ حق (اسم),名,اسم,说得有理 (shuō de yǒu lǐ) | 理在他这边 (lǐ zài tā zhèbiān) | 有理也说不清 (yǒu lǐ yě shuōbuqīng),这件事理在你这边，不用害怕。,"Zhè jiàn shì lǐ zài nǐ zhèbiān, bú yòng hàipà.",در این موضوع حق با توست؛ لازم نیست بترسی.,
820,理,lǐ,HSK 6,名、动,2,注意、回应或搭理某人，多用于否定句（及物动）,محل گذاشتن؛ پاسخ دادن به (فعل گذرا),及物动,فعل گذرا,不理我 (bù lǐ wǒ) | 谁也不理 (shéi yě bù lǐ) | 理都不理 (lǐ dōu bù lǐ),我跟他说话，他却一直不理我。,"Wǒ gēn tā shuōhuà, tā què yìzhí bù lǐ wǒ.",با او حرف زدم، اما مدام به من محل نمی‌گذاشت.,
820,理,lǐ,HSK 6,名、动,3,把头发、资料、物品等整理清楚或整齐（及物动）,مرتب و سامان‌دهی کردن (فعل گذرا),及物动,فعل گذرا,理一理头发 (lǐyili tóufa) | 理好资料 (lǐhǎo zīliào) | 把东西理整齐 (bǎ dōngxi lǐ zhěngqí),我先把桌上的资料理一理。,Wǒ xiān bǎ zhuō shàng de zīliào lǐyili.,اول اسناد روی میز را کمی مرتب می‌کنم.,
821,晾,liàng,HSK 6,动,1,把衣物、食物等放在通风处，使其自然变干（及物动）,برای خشک شدن در هوای آزاد گذاشتن یا آویختن (فعل گذرا),及物动,فعل گذرا,晾衣服 (liàng yīfu) | 晾在阳台上 (liàng zài yángtái shàng) | 晾到完全干 (liàng dào wánquán gān),我把洗好的衣服晾在了阳台上。,Wǒ bǎ xǐhǎo de yīfu liàng zài le yángtái shàng.,لباس‌های شسته‌شده را برای خشک شدن در بالکن آویختم.,
821,晾,liàng,HSK 6,动,2,把人放在一边，不理会或让其长时间等待，多用于口语（及物动）,کسی را معطل گذاشتن؛ به کسی بی‌اعتنایی کردن، محاوره‌ای (فعل گذرا),及物动,فعل گذرا,晾在一边 (liàng zài yìbiān) | 晾了半天 (liàng le bàntiān) | 故意晾着他 (gùyì liàngzhe tā),别把客人晾在一边，快去招呼一下。,"Bié bǎ kèrén liàng zài yìbiān, kuài qù zhāohu yíxià.",مهمان را نادیده و معطل نگذار؛ زود برو به او رسیدگی کن.,
822,两岸,liǎng àn,HSK 6,名,1,河流、湖泊或海峡两边的陆地（名）,دو ساحل؛ دو سوی رود یا تنگه (اسم),名,اسم,河流两岸 (héliú liǎng'àn) | 两岸风景 (liǎng'àn fēngjǐng) | 连接两岸 (liánjiē liǎng'àn),春天，河流两岸开满了鲜花。,"Chūntiān, héliú liǎng'àn kāimǎn le xiānhuā.",در بهار، دو سوی رود پر از گل می‌شود.,
822,两岸,liǎng àn,HSK 6,名,2,特指台湾海峡两边的中国大陆和台湾，常用于新闻和正式语境（名）,چینِ سرزمین اصلی و تایوان در دو سوی تنگهٔ تایوان (اسم),名,اسم,两岸关系 (liǎng'àn guānxì) | 两岸交流 (liǎng'àn jiāoliú) | 两岸经贸合作 (liǎng'àn jīngmào hézuò),近年来，两岸民间交流不断增加。,"Jìnnián lái, liǎng'àn mínjiān jiāoliú búduàn zēngjiā.",در سال‌های اخیر، تبادلات مردمی میان دو سوی تنگهٔ تایوان پیوسته افزایش یافته است.,
823,两极,liǎng jí,HSK 6,名,1,地球的南极和北极（名）,دو قطب زمین؛ قطب شمال و جنوب (اسم),名,اسم,地球两极 (Dìqiú liǎngjí) | 两极地区 (liǎngjí dìqū) | 两极气候 (liǎngjí qìhòu),全球变暖正在影响地球两极的生态环境。,Quánqiú biànnuǎn zhèngzài yǐngxiǎng Dìqiú liǎngjí de shēngtài huánjìng.,گرمایش جهانی بر محیط‌زیست دو قطب زمین تأثیر می‌گذارد.,
823,两极,liǎng jí,HSK 6,名,2,两个彼此相反的极端（名）,دو قطب متضاد؛ دو سرِ طیف (اسم),名,اسم,走向两极 (zǒuxiàng liǎngjí) | 处于两极 (chǔyú liǎngjí) | 两极之间 (liǎngjí zhījiān),人们对这个问题的看法逐渐走向两极。,Rénmen duì zhège wèntí de kànfǎ zhújiàn zǒuxiàng liǎngjí.,دیدگاه مردم دربارهٔ این موضوع به‌تدریج به دو قطب کاملاً متضاد تقسیم می‌شود.,
824,联合国,Lián hé guó,HSK 6,专,1,第二次世界大战后成立、致力于维护国际和平与安全等事务的国际组织（专）,سازمان ملل متحد (اسم خاص),专,اسم خاص,联合国大会 (Liánhéguó Dàhuì) | 联合国秘书长 (Liánhéguó Mìshūzhǎng) | 联合国成员国 (Liánhéguó chéngyuánguó),联合国总部设在纽约。,Liánhéguó zǒngbù shè zài Niǔyuē.,مقر سازمان ملل متحد در نیویورک قرار دارد.,
825,链接,liàn jiē,HSK 6,名、动,1,指向网页、文件或其他网络资源的地址或可点击内容（名）,پیوند؛ لینک اینترنتی (اسم),名,اسم,网页链接 (wǎngyè liànjiē) | 下载链接 (xiàzài liànjiē) | 发送链接 (fāsòng liànjiē),请把会议的链接发给我。,Qǐng bǎ huìyì de liànjiē fā gěi wǒ.,لطفاً لینک جلسه را برایم بفرست.,
825,链接,liàn jiē,HSK 6,名、动,2,使网页、文件、数据或系统在网络中相互连接或指向（动）,لینک دادن؛ به‌صورت دیجیتال متصل کردن (فعل),动,فعل,链接到官网 (liànjiē dào guānwǎng) | 将页面相互链接 (jiāng yèmiàn xiānghù liànjiē) | 链接外部资源 (liànjiē wàibù zīyuán),点击这个图标可以链接到官方网站。,Diǎnjī zhège túbiāo kěyǐ liànjiē dào guānfāng wǎngzhàn.,با کلیک روی این نماد می‌توان به وب‌سایت رسمی منتقل شد.,
826,联网,lián wǎng,HSK 6,动,1,连接到互联网或其他计算机网络（不及物动）,به اینترنت یا شبکه متصل شدن (فعل ناگذر),不及物动,فعل ناگذر,已经联网 (yǐjīng liánwǎng) | 无法联网 (wúfǎ liánwǎng) | 联网运行 (liánwǎng yùnxíng),这台电脑已经联网，可以正常使用。,"Zhè tái diànnǎo yǐjīng liánwǎng, kěyǐ zhèngcháng shǐyòng.",این رایانه به شبکه متصل شده و می‌توان به‌طور عادی از آن استفاده کرد.,
827,联想,lián xiǎng,HSK 6,动、名,1,由于看到、听到或想到某事物而想起另一相关事物（及物动）,چیزی را در ذهن تداعی کردن (فعل گذرا),及物动,فعل گذرا,联想到童年 (liánxiǎng dào tóngnián) | 让人联想到大海 (ràng rén liánxiǎng dào dàhǎi) | 很容易联想到 (hěn róngyì liánxiǎng dào),这首歌让我联想到童年的生活。,Zhè shǒu gē ràng wǒ liánxiǎng dào tóngnián de shēnghuó.,این آهنگ زندگی دوران کودکی را در ذهنم تداعی می‌کند.,
827,联想,lián xiǎng,HSK 6,动、名,2,由一种事物想到另一种相关事物的心理活动（名）,تداعی ذهنی (اسم),名,اسم,产生联想 (chǎnshēng liánxiǎng) | 引起丰富的联想 (yǐnqǐ fēngfù de liánxiǎng) | 自由联想 (zìyóu liánxiǎng),这幅画能引起人们丰富的联想。,Zhè fú huà néng yǐnqǐ rénmen fēngfù de liánxiǎng.,این نقاشی می‌تواند تداعی‌های ذهنی فراوانی در بیننده ایجاد کند.,
828,料,liào,HSK 6,名、动,1,制作物品所用的材料或加工用的原料，口语中也常指布料（名）,جنس؛ مادهٔ اولیه؛ پارچه (اسم),名,اسم,这种料 (zhè zhǒng liào) | 一块好料 (yí kuài hǎo liào) | 用什么料做 (yòng shénme liào zuò),这件衣服的料很结实，也很舒服。,"Zhè jiàn yīfu de liào hěn jiēshi, yě hěn shūfu.",جنس این لباس هم محکم است و هم راحت.,
828,料,liào,HSK 6,名、动,2,推测、预想事情的发展或结果，多用于书面语（及物动）,پیش‌بینی کردن؛ انتظار داشتن، بیشتر رسمی (فعل گذرا),及物动,فعل گذرا,料他不会来 (liào tā bú huì lái) | 早已料到 (zǎoyǐ liàodào) | 没料到结果 (méi liàodào jiéguǒ),谁也没料到天气会突然发生变化。,Shéi yě méi liàodào tiānqì huì tūrán fāshēng biànhuà.,هیچ‌کس انتظار نداشت هوا ناگهان تغییر کند.,
829,理财,lǐ cái,HSK 6,动,1,对个人或机构的钱财进行规划、管理和投资（不及物动）,امور مالی را مدیریت کردن؛ برای سرمایه برنامه‌ریزی کردن (فعل ناگذر),不及物动,فعل ناگذر,学会理财 (xuéhuì lǐcái) | 善于理财 (shànyú lǐcái) | 帮客户理财 (bāng kèhù lǐcái),年轻人应该尽早学会合理理财。,Niánqīngrén yīnggāi jǐnzǎo xuéhuì hélǐ lǐcái.,جوانان باید هرچه زودتر مدیریت درست امور مالی را یاد بگیرند.,
830,立场,lì chǎng,HSK 6,名,1,对问题、事件或利益关系所持的态度和观点（名）,موضع (اسم),名,اسم,表明立场 (biǎomíng lìchǎng) | 坚持立场 (jiānchí lìchǎng) | 改变立场 (gǎibiàn lìchǎng),双方在这个问题上的立场完全不同。,Shuāngfāng zài zhège wèntí shàng de lìchǎng wánquán bùtóng.,موضع دو طرف دربارهٔ این موضوع کاملاً متفاوت است.,
831,力度,lì dù,HSK 6,名,1,力量的大小，或采取某种措施的强度（名）,شدت؛ میزان قوت و جدیت (اسم),名,اسم,加大力度（jiādà lìdù）；打击力度（dǎjī lìdù）；支持力度（zhīchí lìdù）,政府加大了环境治理力度。,Zhèngfǔ jiādà le huánjìng zhìlǐ lìdù.,دولت بر شدت اقدامات خود برای حفاظت از محیط‌زیست افزود.,
832,历经,lì jīng,HSK 6,动,1,先后经历许多事情或较长的过程，书面语（及物动）,از سر گذراندن؛ پشت سر گذاشتن، رسمی (فعل گذرا),及物动,فعل گذرا,历经磨难（lìjīng mónàn）；历经考验（lìjīng kǎoyàn）；历经风雨（lìjīng fēngyǔ）,他历经许多困难，终于取得了成功。,"Tā lìjīng xǔduō kùnnan, zhōngyú qǔdé le chénggōng.",او سختی‌های فراوانی را پشت سر گذاشت و سرانجام موفق شد.,
833,理科,lǐ kē,HSK 6,名,1,以数学和自然科学为主要内容的学科类别，与“文科”相对（名）,رشته‌های ریاضی و علوم طبیعی (اسم),名,اسم,理科生（lǐkēshēng）；理科班（lǐkēbān）；学理科（xué lǐkē）,我高中时学的是理科。,Wǒ gāozhōng shí xué de shì lǐkē.,من در دبیرستان در رشتهٔ ریاضی و علوم طبیعی تحصیل می‌کردم.,
834,淋,lín,HSK 6,动,1,让雨水或其他液体落在身上而弄湿（不及物动）,زیر باران یا مایعی خیس شدن (فعل ناگذر),不及物动,فعل ناگذر,淋了雨（lín le yǔ）；全身淋湿（quánshēn línshī）；被雨淋（bèi yǔ lín）,他回家时淋了雨。,Tā huíjiā shí lín le yǔ.,او هنگام بازگشت به خانه زیر باران خیس شد.,
834,淋,lín,HSK 6,动,2,把液体从上面浇在物体上（及物动）,مایعی را روی چیزی ریختن (فعل گذرا),及物动,فعل گذرا,淋上酱汁（lín shàng jiàngzhī）；淋点儿水（lín diǎnr shuǐ）；往花上淋水（wǎng huā shàng lín shuǐ）,吃之前在菜上淋一点儿酱汁。,Chī zhīqián zài cài shàng lín yìdiǎnr jiàngzhī.,پیش از خوردن، کمی سس روی غذا بریزید.,
835,凌晨,líng chén,HSK 6,名,1,从零点以后到天亮以前的一段时间（名）,نیمه‌شب تا سپیده‌دم؛ ساعات اولیهٔ بامداد (اسم),名,اسم,凌晨两点（língchén liǎng diǎn）；凌晨时分（língchén shífēn）；凌晨到达（língchén dàodá）,飞机将在凌晨两点到达。,Fēijī jiāng zài língchén liǎng diǎn dàodá.,هواپیما ساعت دو بامداد خواهد رسید.,
836,历年,lì nián,HSK 6,名,1,过去的各个年份（名）,سال‌های گذشته (اسم),名,اسم,历年数据（lìnián shùjù）；历年试题（lìnián shìtí）；历年成绩（lìnián chéngjì）,我们比较了历年的销售数据。,Wǒmen bǐjiào le lìnián de xiāoshòu shùjù.,ما آمار فروش سال‌های گذشته را مقایسه کردیم.,
837,理念,lǐ niàn,HSK 6,名,1,指导行为、工作或发展的基本思想和原则（名）,دیدگاه و اصول راهنما؛ فلسفهٔ فکری (اسم),名,اسم,教育理念（jiàoyù lǐniàn）；经营理念（jīngyíng lǐniàn）；设计理念（shèjì lǐniàn）,公司的经营理念很先进。,Gōngsī de jīngyíng lǐniàn hěn xiānjìn.,فلسفهٔ مدیریتی شرکت بسیار پیشرو است.,
838,流程,liú chéng,HSK 6,名,1,完成一项工作或事务所需的各个步骤及其先后顺序（名）,فرایند؛ مراحل و ترتیب انجام کار (اسم),名,اسم,工作流程（gōngzuò liúchéng）；生产流程（shēngchǎn liúchéng）；审批流程（shěnpī liúchéng）,请按照规定的流程操作。,Qǐng ànzhào guīdìng de liúchéng cāozuò.,لطفاً مطابق فرایند تعیین‌شده عمل کنید.,
839,流动,liú dòng,HSK 6,动、形,1,液体或气体不断移动（不及物动）,جریان داشتن (فعل ناگذر),不及物动,فعل ناگذر,空气流动（kōngqì liúdòng）；血液流动（xuèyè liúdòng）；缓慢流动（huǎnmàn liúdòng）,打开窗户可以让空气流动。,Dǎkāi chuānghu kěyǐ ràng kōngqì liúdòng.,باز کردن پنجره باعث جریان یافتن هوا می‌شود.,
839,流动,liú dòng,HSK 6,动、形,2,人员、物资或资金等在不同地方之间移动（不及物动）,میان مکان‌های مختلف جابه‌جا شدن یا گردش کردن (فعل ناگذر),不及物动,فعل ناگذر,人员流动（rényuán liúdòng）；资金流动（zījīn liúdòng）；自由流动（zìyóu liúdòng）,近年来城市之间的人口流动更加频繁。,Jìnnián lái chéngshì zhījiān de rénkǒu liúdòng gèngjiā pínfán.,در سال‌های اخیر جابه‌جایی جمعیت میان شهرها بیشتر شده است.,
839,流动,liú dòng,HSK 6,动、形,3,经常移动或没有固定地点的（形）,سیار؛ فاقد محل ثابت (صفت),形,صفت,流动人口（liúdòng rénkǒu）；流动摊贩（liúdòng tānfàn）；流动图书馆（liúdòng túshūguǎn）,社区为流动人口提供了多项服务。,Shèqū wèi liúdòng rénkǒu tígōng le duō xiàng fúwù.,این محله خدمات گوناگونی به جمعیت مهاجر و غیربومی ارائه می‌دهد.,
840,浏览器,liú lǎn qì,HSK 6,名,1,用来访问和浏览网页的软件（名）,مرورگر وب (اسم),名,اسم,网页浏览器（wǎngyè liúlǎnqì）；浏览器设置（liúlǎnqì shèzhì）；更新浏览器（gēngxīn liúlǎnqì）,请用浏览器打开这个网页。,Qǐng yòng liúlǎnqì dǎkāi zhège wǎngyè.,لطفاً این صفحهٔ وب را با مرورگر باز کنید.,
841,流量,liú liàng,HSK 6,名,1,单位时间内通过某处的液体、气体、车辆或人员等的数量（名）,دبی؛ میزان عبور یا جریان (اسم),名,اسم,水的流量（shuǐ de liúliàng）；交通流量（jiāotōng liúliàng）；控制流量（kòngzhì liúliàng）,要根据需要控制水的流量。,Yào gēnjù xūyào kòngzhì shuǐ de liúliàng.,باید دبی آب را بر اساس نیاز کنترل کرد.,
841,流量,liú liàng,HSK 6,名,2,通过网络传输的数据量，也指手机套餐中可使用的数据量（名）,حجم داده؛ حجم اینترنت (اسم),名,اسم,手机流量（shǒujī liúliàng）；流量套餐（liúliàng tàocān）；消耗流量（xiāohào liúliàng）,我这个月的手机流量快用完了。,Wǒ zhège yuè de shǒujī liúliàng kuài yòngwán le.,حجم اینترنت گوشی من در این ماه تقریباً تمام شده است.,
841,流量,liú liàng,HSK 6,名,3,网站、账号或内容获得的访问量和关注度，网络用语（名）,بازدید و توجه اینترنتی، در زبان اینترنتی (اسم),名,اسم,获得流量（huòdé liúliàng）；吸引流量（xīyǐn liúliàng）；流量明星（liúliàng míngxīng）,这段视频为他的账号带来了不少流量。,Zhè duàn shìpín wèi tā de zhànghào dàilái le bùshǎo liúliàng.,این ویدئو بازدید زیادی برای حساب او به همراه آورد.,
842,流入,liú rù,HSK 6,动,1,液体或气体流进某个地方（不及物动）,به داخل جایی جاری شدن (فعل ناگذر),不及物动,فعل ناگذر,流入大海（liúrù dàhǎi）；流入河中（liúrù hé zhōng）；污水流入（wūshuǐ liúrù）,这条河最终流入大海。,Zhè tiáo hé zuìzhōng liúrù dàhǎi.,این رود سرانجام به دریا می‌ریزد.,
842,流入,liú rù,HSK 6,动,2,资金、人员或商品等进入某个地区、市场或领域（不及物动）,وارد یا سرازیر شدن (فعل ناگذر),不及物动,فعل ناگذر,资金流入（zījīn liúrù）；流入市场（liúrù shìchǎng）；人才流入（réncái liúrù）,大量资金流入了这个市场。,Dàliàng zījīn liúrù le zhège shìchǎng.,سرمایهٔ زیادی وارد این بازار شد.,
843,流通,liú tōng,HSK 6,动,1,空气等能够流动并保持畅通（不及物动）,جریان داشتن؛ در گردش بودن (فعل ناگذر),不及物动,فعل ناگذر,空气流通（kōngqì liútōng）；保持流通（bǎochí liútōng）；流通不畅（liútōng bùchàng）,开窗可以保持室内空气流通。,Kāi chuāng kěyǐ bǎochí shìnèi kōngqì liútōng.,باز کردن پنجره باعث گردش هوای داخل اتاق می‌شود.,
843,流通,liú tōng,HSK 6,动,2,商品、货币或信息等在社会中传递、交换或使用（不及物动）,در گردش یا مبادله بودن (فعل ناگذر),不及物动,فعل ناگذر,商品流通（shāngpǐn liútōng）；货币流通（huòbì liútōng）；信息流通（xìnxī liútōng）,这些商品可以在市场上自由流通。,Zhèxiē shāngpǐn kěyǐ zài shìchǎng shàng zìyóu liútōng.,این کالاها می‌توانند آزادانه در بازار گردش کنند.,
844,例外,lì wài,HSK 6,名,1,不符合一般规律或不包括在一般范围内的人或事物（名）,استثنا (اسم),名,اسم,没有例外（méiyǒu lìwài）；毫无例外（háowú lìwài）；唯一的例外（wéiyī de lìwài）,所有人都必须遵守规定，没有例外。,"Suǒyǒu rén dōu bìxū zūnshǒu guīdìng, méiyǒu lìwài.",همه باید مقررات را رعایت کنند و هیچ استثنایی وجود ندارد.,
845,利息,lì xī,HSK 6,名,1,因存款或借款而获得或支付的钱（名）,بهره؛ سود پول (اسم),名,اسم,支付利息（zhīfù lìxī）；收取利息（shōuqǔ lìxī）；利息收入（lìxī shōurù）,这笔贷款每年要支付不少利息。,Zhè bǐ dàikuǎn měinián yào zhīfù bùshǎo lìxī.,برای این وام هر سال باید بهرهٔ زیادی پرداخت کرد.,
846,理性,lǐ xìng,HSK 6,名、形,1,根据事实进行冷静分析和判断的能力（名）,عقلانیت؛ قدرت داوری منطقی (اسم),名,اسم,保持理性（bǎochí lǐxìng）；失去理性（shīqù lǐxìng）；恢复理性（huīfù lǐxìng）,越是遇到困难，越要保持理性。,"Yuè shì yùdào kùnnan, yuè yào bǎochí lǐxìng.",هرچه با دشواری بیشتری روبه‌رو می‌شویم، بیشتر باید عقلانی رفتار کنیم.,
846,理性,lǐ xìng,HSK 6,名、形,2,冷静、客观并合乎道理的（形）,عقلانی؛ منطقی (صفت),形,صفت,理性分析（lǐxìng fēnxī）；理性选择（lǐxìng xuǎnzé）；理性消费（lǐxìng xiāofèi）,我们应该理性地看待这个问题。,Wǒmen yīnggāi lǐxìng de kàndài zhège wèntí.,باید با دیدی منطقی به این مسئله نگاه کنیم.,
847,露,lù,HSK 6,名、动,1,夜间水汽在地面或物体上凝结成的小水滴（名）,شبنم (اسم),名,اسم,清晨的露（qīngchén de lù）；结露（jiélù）；露珠（lùzhū）,清晨的草叶上带着露。,Qīngchén de cǎoyè shàng dàizhe lù.,صبح زود روی برگ‌های علف شبنم نشسته بود.,
847,露,lù,HSK 6,名、动,2,使隐藏的事物显现出来，多用于书面语（及物动）,آشکار کردن؛ نمایان ساختن، رسمی (فعل گذرا),及物动,فعل گذرا,露出笑容（lùchū xiàoróng）；露出真面目（lùchū zhēn miànmù）；露出破绽（lùchū pòzhàn）,她的脸上露出了笑容。,Tā de liǎn shàng lùchū le xiàoróng.,لبخندی بر چهره‌اش نمایان شد.,
847,露,lòu,HSK 6,名、动,3,显现出来或让身体、身份等被人看见，口语（动）,پیدا یا نمایان شدن؛ خود را نشان دادن، محاوره‌ای (فعل),动,فعل,露面（lòumiàn）；露脸（lòuliǎn）；露一手（lòu yì shǒu）,他已经好几天没露面了。,Tā yǐjīng hǎo jǐ tiān méi lòumiàn le.,چند روزی است که او پیدایش نشده است.,
848,楼道,lóu dào,HSK 6,名,1,楼房内部供人通行的公共走廊和楼梯区域（名）,راهرو و راه‌پلهٔ ساختمان (اسم),名,اسم,楼道里（lóudào lǐ）；打扫楼道（dǎsǎo lóudào）；楼道灯（lóudào dēng）,请不要在楼道里堆放杂物。,Qǐng búyào zài lóudào lǐ duīfàng záwù.,لطفاً در راهرو و راه‌پلهٔ ساختمان وسایل اضافی نگذارید.,
849,漏洞,lòu dòng,HSK 6,名,1,物体上会使水、气体等漏出的孔洞（名）,سوراخ یا شکافِ نشت‌دهنده (اسم),名,اسم,堵住漏洞（dǔzhù lòudòng）；管道漏洞（guǎndào lòudòng）；发现漏洞（fāxiàn lòudòng）,工人很快堵住了管道上的漏洞。,Gōngrén hěn kuài dǔzhù le guǎndào shàng de lòudòng.,کارگران به‌سرعت شکاف لوله را که باعث نشت می‌شد بستند.,
849,漏洞,lòu dòng,HSK 6,名,2,制度、法律、管理或计算机系统中容易引发问题的缺陷（名）,خلأ؛ نقص؛ آسیب‌پذیری (اسم),名,اسم,法律漏洞（fǎlǜ lòudòng）；安全漏洞（ānquán lòudòng）；管理漏洞（guǎnlǐ lòudòng）,技术人员修复了系统中的安全漏洞。,Jìshù rényuán xiūfù le xìtǒng zhōng de ānquán lòudòng.,کارشناسان فنی آسیب‌پذیری امنیتی سامانه را برطرف کردند.,
850,率,lǜ,HSK 6,名、动,1,两个相关数值相除所得的比值，多用于构词或专业用语（名）,نرخ؛ نسبت، بیشتر در اصطلاحات تخصصی (اسم),名,اسم,成功率（chénggōnglǜ）；增长率（zēngzhǎnglǜ）；失业率（shīyèlǜ）,今年的就业率比去年有所提高。,Jīnnián de jiùyèlǜ bǐ qùnián yǒusuǒ tígāo.,نرخ اشتغال امسال در مقایسه با سال گذشته افزایش یافته است.,
850,率,shuài,HSK 6,名、动,2,带领人或队伍行动，书面语（及物动）,رهبری کردن؛ هدایت کردن، رسمی (فعل گذرا),及物动,فعل گذرا,率队出发（shuàiduì chūfā）；率军作战（shuàijūn zuòzhàn）；率代表团访问（shuài dàibiǎotuán fǎngwèn）,教练率队参加了全国比赛。,Jiàoliàn shuàiduì cānjiā le quánguó bǐsài.,مربی تیم را برای شرکت در مسابقات کشوری هدایت کرد.,
851,路程,lù chéng,HSK 6,名,1,从一个地方到另一个地方的距离（名）,مسافت راه (اسم),名,اسم,路程很远（lùchéng hěn yuǎn）；计算路程（jìsuàn lùchéng）；缩短路程（suōduǎn lùchéng）,从这里到机场的路程不远。,Cóng zhèlǐ dào jīchǎng de lùchéng bù yuǎn.,مسافت از اینجا تا فرودگاه زیاد نیست.,
852,旅程,lǚ chéng,HSK 6,名,1,从出发到结束的整个旅行过程（名）,سفر؛ طول سفر (اسم),名,اسم,愉快的旅程（yúkuài de lǚchéng）；开始旅程（kāishǐ lǚchéng）；结束旅程（jiéshù lǚchéng）,祝你旅程愉快。,Zhù nǐ lǚchéng yúkuài.,سفر خوبی داشته باشی.,
853,绿化,lǜ huà,HSK 6,动、名,1,通过种植树木花草使环境变得更美、更适宜生活（及物动）,با ایجاد فضای سبز محیطی را سرسبز کردن (فعل گذرا),及物动,فعل گذرا,绿化城市（lǜhuà chéngshì）；绿化荒山（lǜhuà huāngshān）；绿化环境（lǜhuà huánjìng）,当地计划在道路两旁种树，绿化环境。,"Dāngdì jìhuà zài dàolù liǎngpáng zhòng shù, lǜhuà huánjìng.",قرار است با کاشت درخت در دو سوی جاده، محیط آن منطقه سرسبز شود.,
853,绿化,lǜ huà,HSK 6,动、名,2,种植和保护树木花草、改善环境的工作（名）,فضای سبز؛ عملیات سرسبزسازی (اسم),名,اسم,城市绿化（chéngshì lǜhuà）；绿化工程（lǜhuà gōngchéng）；加强绿化（jiāqiáng lǜhuà）,政府十分重视城市绿化。,Zhèngfǔ shífēn zhòngshì chéngshì lǜhuà.,دولت اهمیت زیادی برای توسعهٔ فضای سبز شهری قائل است.,
854,路况,lù kuàng,HSK 6,名,1,道路的质量、通行条件和交通状况（名）,وضعیت جاده و ترافیک (اسم),名,اسم,实时路况（shíshí lùkuàng）；查看路况（chákàn lùkuàng）；路况良好（lùkuàng liánghǎo）,出发前最好先查看一下路况。,Chūfā qián zuìhǎo xiān chákàn yíxià lùkuàng.,بهتر است پیش از حرکت، وضعیت جاده و ترافیک را بررسی کنید.,
855,路面,lù miàn,HSK 6,名,1,供车辆和行人通行的道路表面（名）,سطح جاده (اسم),名,اسم,路面湿滑（lùmiàn shīhuá）；维修路面（wéixiū lùmiàn）；路面积水（lùmiàn jīshuǐ）,下雨后路面很滑。,Xiàyǔ hòu lùmiàn hěn huá.,سطح جاده پس از باران بسیار لغزنده است.,
856,轮,lún,HSK 6,名、动、量,1,能够绕轴转动的圆形部件（名）,چرخ (اسم),名,اسم,换一个轮（huàn yí ge lún）；轮转不动（lún zhuǎnbudòng）；轮坏了（lún huài le）,这个轮已经转不动了。,Zhège lún yǐjīng zhuǎnbudòng le.,این چرخ دیگر نمی‌چرخد.,
856,轮,lún,HSK 6,名、动、量,2,用于按次序进行的比赛、谈判、检查等（量）,دور؛ مرحله (واحد شمارش),量,واحد شمارش,第一轮比赛（dì-yī lún bǐsài）；新一轮谈判（xīn yì lún tánpàn）；进行一轮检查（jìnxíng yì lún jiǎnchá）,比赛已经进入第二轮。,Bǐsài yǐjīng jìnrù dì-èr lún.,مسابقات وارد دور دوم شده است.,
856,轮,lún,HSK 6,名、动、量,3,按照一定次序接替进行（动）,نوبت به کسی رسیدن؛ نوبتی انجام دادن (فعل),动,فعل,轮到我（lún dào wǒ）；轮不上（lún bu shàng）；轮着值班（lúnzhe zhíbān）,这次轮到你发言了。,Zhè cì lún dào nǐ fāyán le.,این بار نوبت توست که صحبت کنی.,
857,轮船,lún chuán,HSK 6,名,1,以机械动力在水上航行的较大型船只（名）,کشتی موتوری؛ کشتی مسافربری یا باری (اسم),名,اسم,乘坐轮船（chéngzuò lúnchuán）；大型轮船（dàxíng lúnchuán）；轮船靠岸（lúnchuán kào'àn）,我们乘坐轮船前往上海。,Wǒmen chéngzuò lúnchuán qiánwǎng Shànghǎi.,ما با کشتی به شانگهای رفتیم.,
858,轮流,lún liú,HSK 6,副,1,按照次序一个接替一个地（副）,به‌نوبت؛ یکی پس از دیگری (قید),副,قید,轮流值班（lúnliú zhíbān）；轮流使用（lúnliú shǐyòng）；轮流发言（lúnliú fāyán）,大家轮流介绍了自己。,Dàjiā lúnliú jièshào le zìjǐ.,همه به‌نوبت خودشان را معرفی کردند.,
859,论坛,lùn tán,HSK 6,名,1,围绕某一主题讨论问题、交流意见的会议或平台（名）,همایش؛ مجمع گفت‌وگو (اسم),名,اسم,经济论坛（jīngjì lùntán）；国际论坛（guójì lùntán）；举办论坛（jǔbàn lùntán）,这次经济论坛吸引了许多专家。,Zhè cì jīngjì lùntán xīyǐn le xǔduō zhuānjiā.,این همایش اقتصادی کارشناسان زیادی را جذب کرد.,
859,论坛,lùn tán,HSK 6,名,2,供用户在互联网上发表和讨论内容的平台（名）,انجمن اینترنتی؛ فروم (اسم),名,اسم,网络论坛（wǎngluò lùntán）；论坛用户（lùntán yònghù）；浏览论坛（liúlǎn lùntán）,他经常在这个论坛上分享经验。,Tā jīngcháng zài zhège lùntán shàng fēnxiǎng jīngyàn.,او اغلب تجربه‌هایش را در این انجمن اینترنتی به اشتراک می‌گذارد.,
860,轮椅,lún yǐ,HSK 6,名,1,供行走不便的人乘坐、装有轮子的椅子（名）,ویلچر؛ صندلی چرخ‌دار (اسم),名,اسم,坐轮椅（zuò lúnyǐ）；电动轮椅（diàndòng lúnyǐ）；使用轮椅（shǐyòng lúnyǐ）,老人坐着轮椅出去散步。,Lǎorén zuòzhe lúnyǐ chūqù sànbù.,مرد سالمند با ویلچر برای گردش بیرون رفت.,
861,轮子,lún zi,HSK 6,名,1,能够绕轴转动的圆形部件（名）,چرخ (اسم),名,اسم,汽车轮子（qìchē lúnzi）；自行车轮子（zìxíngchē lúnzi）；换轮子（huàn lúnzi）,自行车的轮子坏了。,Zìxíngchē de lúnzi huài le.,چرخ دوچرخه خراب شده است.,
862,落地,luò dì,HSK 6,动,1,从空中降到地面或在地面停稳（不及物动）,فرود آمدن؛ به زمین رسیدن (فعل ناگذر),不及物动,فعل ناگذر,飞机落地（fēijī luòdì）；安全落地（ānquán luòdì）；双脚落地（shuāngjiǎo luòdì）,飞机已经安全落地。,Fēijī yǐjīng ānquán luòdì.,هواپیما به‌سلامت فرود آمده است.,
862,落地,luò dì,HSK 6,动,2,计划、政策或项目等开始实际执行并产生具体成果（不及物动）,عملاً اجرا شدن؛ به مرحلهٔ اجرا رسیدن (فعل ناگذر),不及物动,فعل ناگذر,政策落地（zhèngcè luòdì）；项目落地（xiàngmù luòdì）；推动落地（tuīdòng luòdì）,新的扶持政策将在下个月正式落地。,Xīn de fúchí zhèngcè jiāng zài xià ge yuè zhèngshì luòdì.,سیاست حمایتی جدید ماه آینده رسماً به اجرا درمی‌آید.,
863,落后,luò hòu,HSK 6,动、形,1,在速度、进度、成绩或排名等方面处于别人后面（不及物动）,عقب افتادن؛ عقب بودن (فعل ناگذر),不及物动,فعل ناگذر,比分落后（bǐfēn luòhòu）；落后两分（luòhòu liǎng fēn）；暂时落后（zànshí luòhòu）,我们的队上半场落后两分。,Wǒmen de duì shàngbànchǎng luòhòu liǎng fēn.,تیم ما در نیمهٔ اول دو امتیاز عقب بود.,
863,落后,luò hòu,HSK 6,动、形,2,发展水平较低，或不符合时代发展（形）,عقب‌مانده؛ قدیمی و ناکارآمد (صفت),形,صفت,经济落后（jīngjì luòhòu）；技术落后（jìshù luòhòu）；观念落后（guānniàn luòhòu）,这个地区过去经济比较落后。,Zhège dìqū guòqù jīngjì bǐjiào luòhòu.,اقتصاد این منطقه در گذشته نسبتاً عقب‌مانده بود.,
864,旅途,lǚ tú,HSK 6,名,1,从出发到到达目的地的旅行过程（名）,راه و مدت سفر (اسم),名,اسم,漫长的旅途（màncháng de lǚtú）；旅途愉快（lǚtú yúkuài）；旅途劳累（lǚtú láolèi）,漫长的旅途让大家感到很疲惫。,Màncháng de lǚtú ràng dàjiā gǎndào hěn píbèi.,راه طولانی سفر همه را بسیار خسته کرد.,
865,录像,lù xiàng,HSK 6,动、名,1,用设备把活动的画面和声音记录下来（动）,فیلم‌برداری و ضبط کردن (فعل),动,فعل,给演出录像（gěi yǎnchū lùxiàng）；全程录像（quánchéng lùxiàng）；录像保存（lùxiàng bǎocún）,工作人员正在给这场演出录像。,Gōngzuò rényuán zhèngzài gěi zhè chǎng yǎnchū lùxiàng.,کارکنان در حال فیلم‌برداری از این اجرا هستند.,
865,录像,lù xiàng,HSK 6,动、名,2,用设备记录下来的活动影像（名）,فیلم ضبط‌شده؛ ویدئوی ضبط‌شده (اسم),名,اسم,查看录像（chákàn lùxiàng）；监控录像（jiānkòng lùxiàng）；会议录像（huìyì lùxiàng）,警方查看了现场的监控录像。,Jǐngfāng chákàn le xiànchǎng de jiānkòng lùxiàng.,پلیس فیلم دوربین مداربستهٔ محل را بررسی کرد.,
866,履行,lǚ xíng,HSK 6,动,1,按照约定或规定完成应尽的责任、义务等，正式用语（及物动）,به‌جا آوردن؛ انجام دادنِ تعهد یا وظیفه، رسمی (فعل گذرا),及物动,فعل گذرا,履行职责（lǚxíng zhízé）；履行义务（lǚxíng yìwù）；履行承诺（lǚxíng chéngnuò）,双方都必须履行合同规定的义务。,Shuāngfāng dōu bìxū lǚxíng hétóng guīdìng de yìwù.,هر دو طرف باید تعهدات تعیین‌شده در قرارداد را انجام دهند.,
867,录用,lù yòng,HSK 6,动,1,经过选拔或考察后正式聘用（及物动）,پس از گزینش استخدام کردن (فعل گذرا),及物动,فعل گذرا,正式录用（zhèngshì lùyòng）；择优录用（zéyōu lùyòng）；被公司录用（bèi gōngsī lùyòng）,她通过面试后被公司录用了。,Tā tōngguò miànshì hòu bèi gōngsī lùyòng le.,او پس از موفقیت در مصاحبه توسط شرکت استخدام شد.,
868,录制,lù zhì,HSK 6,动,1,把声音或影像记录并制作下来（及物动）,ضبط و تهیه کردنِ صدا یا تصویر (فعل گذرا),及物动,فعل گذرا,录制节目（lùzhì jiémù）；录制视频（lùzhì shìpín）；录制歌曲（lùzhì gēqǔ）,他们正在录制一档新节目。,Tāmen zhèngzài lùzhì yí dàng xīn jiémù.,آن‌ها در حال ضبط یک برنامهٔ جدید هستند.,
869,嘛,ma,HSK 6,助,1,用于陈述句末，表示所说的道理或原因很明显，口语（助）,برای نشان‌دادن بدیهی‌بودن حرف، محاوره‌ای (حرف کمکی),助,حرف کمکی,当然嘛（dāngrán ma）；就是嘛（jiùshì ma）；本来嘛（běnlái ma）,他还是个孩子嘛，别对他要求太高。,"Tā háishi ge háizi ma, bié duì tā yāoqiú tài gāo.",خب او هنوز بچه است؛ از او انتظار زیادی نداشته باش.,
869,嘛,ma,HSK 6,助,2,用于请求、劝说或催促，使语气带有撒娇或不耐烦的色彩，口语（助）,برای نرم‌تر یا اصرارآمیز کردن درخواست، محاوره‌ای (حرف کمکی),助,حرف کمکی,别急嘛（bié jí ma）；快说嘛（kuài shuō ma）；帮帮我嘛（bāngbang wǒ ma）,别生气嘛，我只是开个玩笑。,"Bié shēngqì ma, wǒ zhǐshì kāi ge wánxiào.",دیگه عصبانی نشو؛ فقط شوخی کردم.,
870,马虎,mǎ hu,HSK 6,形,1,做事不认真、不细致（形）,بی‌دقت؛ سهل‌انگار (صفت),形,صفت,做事马虎（zuòshì mǎhu）；不能马虎（bùnéng mǎhu）；太马虎了（tài mǎhu le）,填写这些资料时千万不能马虎。,Tiánxiě zhèxiē zīliào shí qiānwàn bùnéng mǎhu.,هنگام تکمیل این اطلاعات به‌هیچ‌وجه نباید بی‌دقتی کرد.,
871,埋,mái,HSK 6,动,1,用土、沙等盖住物体，或把物体放在土、沙等下面（及物动）,دفن کردن؛ زیر خاک یا شن قرار دادن (فعل گذرا),及物动,فعل گذرا,埋在地下（mái zài dìxià）；挖坑埋掉（wā kēng mái diào）；埋得很深（mái de hěn shēn）,他把盒子埋在了树下。,Tā bǎ hézi mái zài le shù xià.,او جعبه را زیر درخت دفن کرد.,
871,埋,mái,HSK 6,动,2,把感情、秘密等藏在心里，不表现出来（及物动）,احساس یا رازی را در دل پنهان کردن (فعل گذرا),及物动,فعل گذرا,埋在心里（mái zài xīnli）；深埋心底（shēn mái xīndǐ）；埋藏秘密（máicáng mìmì）,她把这段往事一直埋在心里。,Tā bǎ zhè duàn wǎngshì yìzhí mái zài xīnli.,او تمام این مدت آن خاطره را در دلش پنهان کرده بود.,
872,迈,mài,HSK 6,动,1,抬起腿向前跨步，也可比喻向某个目标前进（动）,گام برداشتن؛ به‌سوی چیزی پیش رفتن (فعل),动,فعل,迈一大步（mài yí dà bù）；迈过门槛（mài guò ménkǎn）；迈向目标（màixiàng mùbiāo）,我们朝着目标迈出了一大步。,Wǒmen cháozhe mùbiāo màichū le yí dà bù.,ما گام بزرگی به‌سوی هدف برداشتیم.,
873,麦克风,mài kè fēng,HSK 6,名,1,把声音转换成电信号、用于录音或扩音的设备（名）,میکروفون (اسم),名,اسم,无线麦克风（wúxiàn màikèfēng）；打开麦克风（dǎkāi màikèfēng）；关闭麦克风（guānbì màikèfēng）,发言前请先打开麦克风。,Fāyán qián qǐng xiān dǎkāi màikèfēng.,لطفاً پیش از صحبت‌کردن میکروفون را روشن کنید.,
874,漫长,màn cháng,HSK 6,形,1,时间或路程长得让人感觉没有尽头（形）,بسیار طولانی؛ طولانی و طاقت‌فرسا (صفت),形,صفت,漫长岁月（màncháng suìyuè）；漫长过程（màncháng guòchéng）；漫长等待（màncháng děngdài）,经过漫长的等待，我们终于收到了回复。,"Jīngguò màncháng de děngdài, wǒmen zhōngyú shōudào le huífù.",پس از انتظاری طولانی، سرانجام پاسخ را دریافت کردیم.,
875,盲人,máng rén,HSK 6,名,1,完全或严重丧失视力的人（名）,فرد نابینا (اسم),名,اسم,帮助盲人（bāngzhù mángrén）；盲人学校（mángrén xuéxiào）；盲人通道（mángrén tōngdào）,这种设备可以帮助盲人安全出行。,Zhè zhǒng shèbèi kěyǐ bāngzhù mángrén ānquán chūxíng.,این وسیله می‌تواند به افراد نابینا کمک کند با ایمنی رفت‌وآمد کنند.,
876,漫画,màn huà,HSK 6,名,1,用连续画面讲述故事，或以夸张、幽默手法表现人物和事件的图画作品（名）,کمیک؛ کارتون؛ تصویر طنزآمیز (اسم),名,اسم,看漫画（kàn mànhuà）；画漫画（huà mànhuà）；日本漫画（Rìběn mànhuà）,他从小就喜欢看日本漫画。,Tā cóngxiǎo jiù xǐhuan kàn Rìběn mànhuà.,او از کودکی به خواندن کمیک‌های ژاپنی علاقه داشت.,
877,冒,mào,HSK 6,动,1,气体、液体、汗水等从里面或表面向外出现（不及物动）,بیرون زدن؛ خارج شدن (فعل ناگذر),不及物动,فعل ناگذر,不停冒烟（bùtíng mào yān）；额头冒汗（étóu mào hàn）；水面冒泡（shuǐmiàn mào pào）,锅里不断冒出热气。,Guō lǐ búduàn màochū rèqì.,پیوسته از قابلمه بخار بیرون می‌آمد.,
877,冒,mào,HSK 6,动,2,不顾恶劣条件或危险而行动（及物动）,با وجود شرایط سخت یا خطر اقدام کردن (فعل گذرا),及物动,فعل گذرا,冒雨前进（mào yǔ qiánjìn）；冒着严寒（màozhe yánhán）；冒生命危险（mào shēngmìng wēixiǎn）,他冒着生命危险救出了那个孩子。,Tā màozhe shēngmìng wēixiǎn jiùchū le nàge háizi.,او با به‌خطر انداختن جانش آن کودک را نجات داد.,
878,冒险,mào xiǎn,HSK 6,动,1,不顾可能发生的危险或失败而行动（动）,خطر کردن؛ دست به کار پرخطری زدن (فعل),动,فعل,不愿冒险（bú yuàn màoxiǎn）；值得冒险（zhíde màoxiǎn）；冒险一试（màoxiǎn yí shì）,情况还不明确，我们不能轻易冒险。,"Qíngkuàng hái bù míngquè, wǒmen bùnéng qīngyì màoxiǎn.",وضعیت هنوز روشن نیست و نباید بی‌دلیل خطر کنیم.,
879,贸易,mào yì,HSK 6,名,1,国家、地区或企业之间进行的商品和服务交换活动（名）,تجارت؛ بازرگانی (اسم),名,اسم,国际贸易（guójì màoyì）；对外贸易（duìwài màoyì）；贸易合作（màoyì hézuò）,两国进一步加强了贸易合作。,Liǎng guó jìnyíbù jiāqiáng le màoyì hézuò.,دو کشور همکاری تجاری خود را بیش از پیش تقویت کردند.,
880,码头,mǎ tóu,HSK 6,名,1,建在水边、供船只停靠和上下人员或装卸货物的设施（名）,اسکله (اسم),名,اسم,货运码头（huòyùn mǎtóu）；客运码头（kèyùn mǎtóu）；停靠码头（tíngkào mǎtóu）,客船已经停靠在码头了。,Kèchuán yǐjīng tíngkào zài mǎtóu le.,کشتی مسافربری در اسکله پهلو گرفته است.,
881,蚂蚁,mǎ yǐ,HSK 6,名,1,身体较小、通常成群生活的一种昆虫（名）,مورچه (اسم),名,اسم,一群蚂蚁（yì qún mǎyǐ）；成群的蚂蚁（chéngqún de mǎyǐ）；观察蚂蚁（guānchá mǎyǐ）,地上有一群蚂蚁。,Dìshang yǒu yì qún mǎyǐ.,روی زمین گروهی مورچه وجود دارد.,
882,煤,méi,HSK 6,名,1,由古代植物形成、可以燃烧并用作燃料的黑色矿物（名）,زغال‌سنگ (اسم),名,اسم,挖煤（wā méi）；烧煤（shāo méi）；用煤发电（yòng méi fādiàn）,这个地区过去主要靠挖煤发展经济。,Zhège dìqū guòqù zhǔyào kào wā méi fāzhǎn jīngjì.,اقتصاد این منطقه در گذشته عمدتاً بر استخراج زغال‌سنگ متکی بود.,
883,美观,měi guān,HSK 6,形,1,外形或布局好看、协调（形）,زیبا؛ خوش‌ظاهر (صفت),形,صفت,设计美观（shèjì měiguān）；造型美观（zàoxíng měiguān）；美观大方（měiguān dàfāng）,这种设计既实用又美观。,Zhè zhǒng shèjì jì shíyòng yòu měiguān.,این طراحی هم کاربردی است و هم زیبا.,
884,梅花,méi huā,HSK 6,名,1,梅树在冬末春初开放的花（名）,شکوفهٔ درخت مِی؛ شکوفهٔ آلوی چینی (اسم),名,اسم,欣赏梅花（xīnshǎng méihuā）；梅花盛开（méihuā shèngkāi）；一枝梅花（yì zhī méihuā）,公园里的梅花已经开了。,Gōngyuán lǐ de méihuā yǐjīng kāi le.,شکوفه‌های درخت مِی در پارک باز شده‌اند.,
884,梅花,méi huā,HSK 6,名,2,扑克牌四种花色之一，形状为黑色三叶图案（名）,خاج در ورق بازی (اسم),名,اسم,梅花五（méihuā wǔ）；梅花国王（méihuā guówáng）；一张梅花（yì zhāng méihuā）,他打出了一张梅花五。,Tā dǎchū le yì zhāng méihuā wǔ.,او ورق پنج خاج را بازی کرد.,
885,眉毛,méi mao,HSK 6,名,1,长在眼睛上方的毛（名）,ابرو (اسم),名,اسم,浓密的眉毛（nóngmì de méimao）；画眉毛（huà méimao）；修眉毛（xiū méimao）,她的眉毛又浓又黑。,Tā de méimao yòu nóng yòu hēi.,ابروهای او پرپشت و سیاه است.,
886,密,mì,HSK 6,形,1,事物数量多，彼此之间的距离小（形）,متراکم؛ فشرده؛ پرپشت (صفت),形,صفت,树林很密（shùlín hěn mì）；针脚很密（zhēnjiǎo hěn mì）；又浓又密（yòu nóng yòu mì）,这里的树长得很密。,Zhèlǐ de shù zhǎng de hěn mì.,درختان اینجا بسیار متراکم رشد کرده‌اند.,
887,棉,mián,HSK 6,名,1,棉花或由棉花制成的纤维材料（名）,پنبه؛ جنس پنبه‌ای (اسم),名,اسم,纯棉（chúnmián）；棉做的（mián zuò de）；棉的衣服（mián de yīfu）,这件衣服是纯棉的。,Zhè jiàn yīfu shì chúnmián de.,این لباس از پنبهٔ خالص است.,
888,免,miǎn,HSK 6,动,1,取消原来应当承担、支付或接受的事物（及物动）,معاف کردن؛ بخشیدن (فعل گذرا),及物动,فعل گذرا,免交费用（miǎn jiāo fèiyòng）；免受处罚（miǎn shòu chǔfá）；免去责任（miǎnqù zérèn）,符合条件的学生可以免交学费。,Fúhé tiáojiàn de xuéshēng kěyǐ miǎn jiāo xuéfèi.,دانش‌آموزان واجد شرایط می‌توانند از پرداخت شهریه معاف شوند.,
888,免,miǎn,HSK 6,动,2,撤销某人的职务，正式用语（及物动）,از مقام برکنار کردن، رسمی (فعل گذرا),及物动,فعل گذرا,免去职务（miǎnqù zhíwù）；免了他的职（miǎn le tā de zhí）；被免去职务（bèi miǎnqù zhíwù）,他因严重失职被免去了职务。,Tā yīn yánzhòng shīzhí bèi miǎnqù le zhíwù.,او به دلیل کوتاهی جدی از مقامش برکنار شد.,
889,面部,miàn bù,HSK 6,名,1,人的脸部，正式用语（名）,ناحیهٔ صورت، رسمی (اسم),名,اسم,面部表情（miànbù biǎoqíng）；面部特征（miànbù tèzhēng）；面部护理（miànbù hùlǐ）,医生仔细检查了他的面部。,Yīshēng zǐxì jiǎnchá le tā de miànbù.,پزشک ناحیهٔ صورت او را با دقت معاینه کرد.,
890,面粉,miàn fěn,HSK 6,名,1,小麦磨成的粉末，常用来制作面食和糕点（名）,آرد گندم (اسم),名,اسم,一袋面粉（yí dài miànfěn）；加入面粉（jiārù miànfěn）；用面粉制作（yòng miànfěn zhìzuò）,妈妈正在用面粉做馒头。,Māma zhèngzài yòng miànfěn zuò mántou.,مادرم در حال درست‌کردن نان بخارپز با آرد است.,
891,勉强,miǎn qiǎng,HSK 6,动、形、副,1,能力或条件不足，但仍尽力完成，表示达到最低程度（副）,به‌سختی؛ با زحمت (قید),副,قید,勉强通过（miǎnqiǎng tōngguò）；勉强维持（miǎnqiǎng wéichí）；勉强完成（miǎnqiǎng wánchéng）,他身体还很虚弱，只能勉强走几步。,"Tā shēntǐ hái hěn xūruò, zhǐ néng miǎnqiǎng zǒu jǐ bù.",او هنوز بسیار ضعیف است و فقط به‌سختی می‌تواند چند قدم راه برود.,
891,勉强,miǎn qiǎng,HSK 6,动、形、副,2,心里不愿意，但还是接受或去做（副）,با اکراه؛ از روی ناچاری (قید),副,قید,勉强同意（miǎnqiǎng tóngyì）；勉强接受（miǎnqiǎng jiēshòu）；勉强答应（miǎnqiǎng dāying）,在大家的劝说下，他勉强答应了。,"Zài dàjiā de quànshuō xià, tā miǎnqiǎng dāying le.",او با اصرار دیگران، با اکراه قبول کرد.,
891,勉强,miǎn qiǎng,HSK 6,动、形、副,3,强迫别人做不愿意做的事（及物动）,مجبور کردن؛ به کاری واداشتن (فعل گذرا),及物动,فعل گذرا,不要勉强他（búyào miǎnqiǎng tā）；勉强自己（miǎnqiǎng zìjǐ）；不能勉强别人（bùnéng miǎnqiǎng biérén）,如果他不愿意，你就别勉强他。,"Rúguǒ tā bú yuànyì, nǐ jiù bié miǎnqiǎng tā.",اگر تمایلی ندارد، مجبورش نکن.,
891,勉强,miǎn qiǎng,HSK 6,动、形、副,4,理由、解释等不自然或不充分，难以使人信服（形）,زورکی؛ ناموجه؛ قانع‌کننده نبودن (صفت),形,صفت,理由勉强（lǐyóu miǎnqiǎng）；解释很勉强（jiěshì hěn miǎnqiǎng）；说法太勉强（shuōfǎ tài miǎnqiǎng）,他的这个解释听起来很勉强。,Tā de zhège jiěshì tīng qǐlái hěn miǎnqiǎng.,این توضیح او زورکی و غیرقانع‌کننده به نظر می‌رسد.,
892,免税,miǎn shuì,HSK 6,动,1,按照规定不需要缴纳税款（动）,از مالیات معاف بودن (فعل),动,فعل,可以免税（kěyǐ miǎnshuì）；进口免税（jìnkǒu miǎnshuì）；享受免税（xiǎngshòu miǎnshuì）,符合规定的商品可以免税。,Fúhé guīdìng de shāngpǐn kěyǐ miǎnshuì.,کالاهای واجد شرایط می‌توانند از مالیات معاف باشند.,
893,免疫,miǎn yì,HSK 6,名、动,1,身体识别并抵抗病原体或有害物质的能力和作用（名）,ایمنی بدن؛ مصونیت (اسم),名,اسم,免疫功能（miǎnyì gōngnéng）；获得免疫（huòdé miǎnyì）；产生免疫（chǎnshēng miǎnyì）,接种疫苗后，人体会逐渐产生免疫。,"Jiēzhòng yìmiáo hòu, réntǐ huì zhújiàn chǎnshēng miǎnyì.",بدن پس از واکسیناسیون به‌تدریج ایمنی پیدا می‌کند.,
893,免疫,miǎn yì,HSK 6,名、动,2,不再受到某种事物的影响，口语、比喻用法（不及物动）,نسبت به چیزی بی‌تأثیر یا مقاوم شدن، محاوره‌ای و استعاری (فعل ناگذر),不及物动,فعل ناگذر,对广告免疫（duì guǎnggào miǎnyì）；已经免疫（yǐjīng miǎnyì）；完全免疫（wánquán miǎnyì）,我已经对这种广告完全免疫了。,Wǒ yǐjīng duì zhè zhǒng guǎnggào wánquán miǎnyì le.,من دیگر اصلاً تحت تأثیر این نوع تبلیغات قرار نمی‌گیرم.,
894,面子,miàn zi,HSK 6,名,1,希望得到别人尊重、避免被人轻视的尊严和体面，口语（名）,آبرو؛ وجهه (اسم),名,اسم,给面子（gěi miànzi）；要面子（yào miànzi）；丢面子（diū miànzi）,他很要面子，不愿意当众承认错误。,"Tā hěn yào miànzi, bú yuànyì dāngzhòng chéngrèn cuòwù.",او خیلی به حفظ آبرو اهمیت می‌دهد و حاضر نیست جلوی دیگران به اشتباهش اعتراف کند.,
895,妙,miào,HSK 6,形,1,好得出人意料，或方法巧妙、高明（形）,عالی؛ هوشمندانه؛ ماهرانه (صفت),形,صفت,办法很妙（bànfǎ hěn miào）；妙在这里（miào zài zhèlǐ）；想法真妙（xiǎngfǎ zhēn miào）,这个办法真妙，一下就解决了问题。,"Zhège bànfǎ zhēn miào, yíxià jiù jiějué le wèntí.",این راهکار واقعاً هوشمندانه است و فوراً مشکل را حل کرد.,
896,描绘,miáo huì,HSK 6,动,1,用文字、语言或图画具体地表现人物、景象或情景（及物动）,به تصویر کشیدن؛ با کلام یا تصویر توصیف کردن (فعل گذرا),及物动,فعل گذرا,描绘风景（miáohuì fēngjǐng）；描绘未来（miáohuì wèilái）；生动描绘（shēngdòng miáohuì）,作者生动地描绘了当地的自然风光。,Zuòzhě shēngdòng de miáohuì le dāngdì de zìrán fēngguāng.,نویسنده مناظر طبیعی آن منطقه را به‌زیبایی به تصویر کشیده است.,
897,描写,miáo xiě,HSK 6,动,1,用文字具体地表现人物、事物或环境（及物动）,با نوشتار توصیف کردن (فعل گذرا),及物动,فعل گذرا,描写人物（miáoxiě rénwù）；描写环境（miáoxiě huánjìng）；细致描写（xìzhì miáoxiě）,这篇文章细致地描写了农村生活。,Zhè piān wénzhāng xìzhì de miáoxiě le nóngcūn shēnghuó.,این مقاله زندگی روستایی را با جزئیات توصیف کرده است.,
898,弥补,mí bǔ,HSK 6,动,1,补足不足之处，或补偿损失、缺陷等（及物动）,جبران کردن؛ برطرف کردنِ کمبود (فعل گذرا),及物动,فعل گذرا,弥补损失（míbǔ sǔnshī）；弥补不足（míbǔ bùzú）；弥补缺陷（míbǔ quēxiàn）,经验可以弥补知识上的不足。,Jīngyàn kěyǐ míbǔ zhīshi shàng de bùzú.,تجربه می‌تواند کمبود دانش را جبران کند.,
899,密度,mì dù,HSK 6,名,1,单位面积或体积内所含物质、人员或事物的数量或质量（名）,چگالی؛ تراکم (اسم),名,اسم,人口密度（rénkǒu mìdù）；建筑密度（jiànzhù mìdù）；密度较高（mìdù jiào gāo）,这个城市中心的人口密度很高。,Zhège chéngshì zhōngxīn de rénkǒu mìdù hěn gāo.,تراکم جمعیت در مرکز این شهر بسیار بالاست.,
900,灭,miè,HSK 6,动,1,使火、灯光等停止燃烧或发光（及物动）,خاموش کردن (فعل گذرا),及物动,فعل گذرا,灭了火（miè le huǒ）；把灯灭了（bǎ dēng miè le）；灭掉火苗（mièdiào huǒmiáo）,离开前请把灯灭了。,Líkāi qián qǐng bǎ dēng miè le.,لطفاً پیش از رفتن چراغ را خاموش کنید.,
900,灭,miè,HSK 6,动,2,火、灯光等停止燃烧或发光（不及物动）,خاموش شدن (فعل ناگذر),不及物动,فعل ناگذر,火灭了（huǒ miè le）；灯突然灭了（dēng tūrán miè le）；完全灭了（wánquán miè le）,风一吹，蜡烛就灭了。,"Fēng yì chuī, làzhú jiù miè le.",با وزیدن باد، شمع خاموش شد.,
900,灭,miè,HSK 6,动,3,消除、杀死或彻底破坏人、动物或有害事物（及物动）,از بین بردن؛ نابود کردن (فعل گذرا),及物动,فعل گذرا,灭害虫（miè hàichóng）；灭敌人（miè dírén）；把它灭掉（bǎ tā mièdiào）,工作人员正在想办法灭害虫。,Gōngzuò rényuán zhèngzài xiǎng bànfǎ miè hàichóng.,کارکنان در حال یافتن راهی برای از بین بردن آفات هستند.,
900,灭,miè,HSK 6,动,4,国家、组织或物种等不再存在，多用于书面语（不及物动）,منقرض یا نابود شدن، رسمی (فعل ناگذر),不及物动,فعل ناگذر,国家已灭（guójiā yǐ miè）；物种将灭（wùzhǒng jiāng miè）；兴衰存灭（xīngshuāi cúnmiè）,这个古代王国早已灭了。,Zhège gǔdài wángguó zǎoyǐ miè le.,این پادشاهی باستانی مدت‌ها پیش از میان رفته است.,
901,蜜蜂,mì fēng,HSK 6,名,1,能采集花蜜和花粉、酿造蜂蜜的一种昆虫（名）,زنبور عسل (اسم),名,اسم,一群蜜蜂（yì qún mìfēng）；养蜜蜂（yǎng mìfēng）；蜜蜂采蜜（mìfēng cǎimì）,一群蜜蜂正在花丛中采蜜。,Yì qún mìfēng zhèngzài huācóng zhōng cǎimì.,گروهی زنبور عسل در میان گل‌ها مشغول جمع‌آوری شهد هستند.,
902,密集,mì jí,HSK 6,形,1,人或事物数量多，并且集中在较小的范围内（形）,متراکم؛ فشرده (صفت),形,صفت,人口密集（rénkǒu mìjí）；建筑密集（jiànzhù mìjí）；密集分布（mìjí fēnbù）,这个地区人口非常密集。,Zhège dìqū rénkǒu fēicháng mìjí.,جمعیت این منطقه بسیار متراکم است.,
903,名额,míng’é,HSK 6,名,1,规定可以录取、参加或获得某种资格的人数（名）,ظرفیت؛ تعداد سهمیه (اسم),名,اسم,招生名额（zhāoshēng míng’é）；录取名额（lùqǔ míng’é）；名额有限（míng’é yǒuxiàn）,这次培训只有十个名额。,Zhè cì péixùn zhǐyǒu shí ge míng’é.,این دورهٔ آموزشی فقط ده نفر ظرفیت دارد.,
904,民歌,mín gē,HSK 6,名,1,在民间产生并流传、具有民族或地方特色的歌曲（名）,ترانهٔ فولکلور؛ آواز مردمی (اسم),名,اسم,传统民歌（chuántǒng míngē）；演唱民歌（yǎnchàng míngē）；民歌表演（míngē biǎoyǎn）,她很喜欢演唱中国传统民歌。,Tā hěn xǐhuan yǎnchàng Zhōngguó chuántǒng míngē.,او به خواندن ترانه‌های فولکلور سنتی چین بسیار علاقه دارد.,
905,明亮,míng liàng,HSK 6,形,1,光线充足，或颜色、光彩鲜明（形）,روشن؛ درخشان (صفت),形,صفت,光线明亮（guāngxiàn míngliàng）；房间明亮（fángjiān míngliàng）；眼睛明亮（yǎnjing míngliàng）,这间房宽敞又明亮。,Zhè jiān fáng kuānchang yòu míngliàng.,این اتاق هم جادار است و هم روشن.,
906,命令,mìng lìng,HSK 6,名、动,1,上级要求下级必须执行的指示（名）,دستور؛ فرمان (اسم),名,اسم,发布命令（fābù mìnglìng）；执行命令（zhíxíng mìnglìng）；服从命令（fúcóng mìnglìng）,士兵必须服从命令。,Shìbīng bìxū fúcóng mìnglìng.,سربازان باید از فرمان اطاعت کنند.,
906,命令,mìng lìng,HSK 6,名、动,2,以强制性的语气要求某人做某事（及物动）,دستور دادن؛ فرمان دادن (فعل گذرا),及物动,فعل گذرا,命令撤退（mìnglìng chètuì）；命令某人离开（mìnglìng mǒurén líkāi）；命令立即停止（mìnglìng lìjí tíngzhǐ）,老板命令员工立即停止工作。,Lǎobǎn mìnglìng yuángōng lìjí tíngzhǐ gōngzuò.,رئیس به کارکنان دستور داد فوراً کار را متوقف کنند.,
907,明明,míng míng,HSK 6,副,1,表示事实非常清楚，常带有不满、反驳或意外的语气（副）,به‌وضوح؛ با اینکه کاملاً مشخص است (قید),副,قید,明明知道（míngmíng zhīdào）；明明可以（míngmíng kěyǐ）；明明不是（míngmíng bú shì）,他明明知道答案，却不肯告诉我。,"Tā míngmíng zhīdào dá’àn, què bù kěn gàosu wǒ.",او با اینکه به‌وضوح پاسخ را می‌دانست، حاضر نشد آن را به من بگوید.,
908,命名,mìng míng,HSK 6,动,1,给人或事物确定名称（及物动）,نام‌گذاری کردن؛ نامیدن (فعل گذرا),及物动,فعل گذرا,正式命名（zhèngshì mìngmíng）；命名为（mìngmíng wéi）；重新命名（chóngxīn mìngmíng）,这座桥被命名为“友谊桥”。,Zhè zuò qiáo bèi mìngmíng wéi “Yǒuyì Qiáo”.,این پل «پل دوستی» نام‌گذاری شد.,
909,名气,míng qi,HSK 6,名,1,被人知道和关注的程度，常用于口语（名）,شهرت؛ آوازه (اسم),名,اسم,很有名气（hěn yǒu míngqi）；名气很大（míngqi hěn dà）；小有名气（xiǎo yǒu míngqi）,这位医生在当地很有名气。,Zhè wèi yīshēng zài dāngdì hěn yǒu míngqi.,این پزشک در آن منطقه شهرت زیادی دارد.,
910,名胜,míng shèng,HSK 6,名,1,因风景、历史或文化价值而出名的地方（名）,مکان دیدنی مشهور؛ جاذبهٔ تاریخی یا طبیعی (اسم),名,اسم,游览名胜（yóulǎn míngshèng）；各地名胜（gèdì míngshèng）；著名的名胜（zhùmíng de míngshèng）,杭州有许多值得游览的名胜。,Hángzhōu yǒu xǔduō zhíde yóulǎn de míngshèng.,هانگژو مکان‌های دیدنی مشهور زیادی دارد که ارزش بازدید دارند.,
911,民间,mín jiān,HSK 6,名、形,1,普通人民群众中间（名）,میان مردم؛ در میان عامهٔ مردم (اسم مکانی),名,اسم مکانی,流传于民间（liúchuán yú mínjiān）；来自民间（láizì mínjiān）；深入民间（shēnrù mínjiān）,这个故事已经在民间流传了几百年。,Zhège gùshi yǐjīng zài mínjiān liúchuán le jǐ bǎi nián.,این داستان چند صد سال است که میان مردم رواج دارد.,
911,民间,mín jiān,HSK 6,名、形,2,非官方的，由个人或社会团体开展的（形）,غیردولتی؛ مردمی (صفت),形,صفت,民间组织（mínjiān zǔzhī）；民间交流（mínjiān jiāoliú）；民间资本（mínjiān zīběn）,两国之间的民间交流越来越密切。,Liǎng guó zhījiān de mínjiān jiāoliú yuèláiyuè mìqiè.,ارتباطات مردمی میان دو کشور روزبه‌روز گسترده‌تر می‌شود.,
912,民俗,mín sú,HSK 6,名,1,一个民族或地区在民间长期形成并流传的风俗习惯（名）,آداب‌ورسوم بومی و مردمی (اسم),名,اسم,传统民俗（chuántǒng mínsú）；地方民俗（dìfāng mínsú）；了解民俗（liǎojiě mínsú）,春节期间各地有不同的传统民俗。,Chūnjié qījiān gèdì yǒu bùtóng de chuántǒng mínsú.,در ایام عید بهار، مناطق مختلف آداب‌ورسوم سنتی متفاوتی دارند.,
913,民宿,mín sù,HSK 6,名,1,由个人经营、通常具有当地特色的小型住宿场所（名）,اقامتگاه محلی؛ مهمان‌خانهٔ خصوصی (اسم),名,اسم,特色民宿（tèsè mínsù）；预订民宿（yùdìng mínsù）；经营民宿（jīngyíng mínsù）,我们旅行时预订了一家当地民宿。,Wǒmen lǚxíng shí yùdìng le yì jiā dāngdì mínsù.,ما هنگام سفر یک اقامتگاه محلی رزرو کردیم.,
914,民众,mín zhòng,HSK 6,名,1,社会上的广大人民，正式用语（名）,مردم؛ عموم جامعه، رسمی (اسم),名,اسم,广大民众（guǎngdà mínzhòng）；普通民众（pǔtōng mínzhòng）；获得民众支持（huòdé mínzhòng zhīchí）,这项政策得到了广大民众的支持。,Zhè xiàng zhèngcè dédào le guǎngdà mínzhòng de zhīchí.,این سیاست حمایت گستردهٔ مردم را به دست آورد.,
915,民主,mín zhǔ,HSK 6,名、形,1,人民有权参与国家或社会公共事务管理的制度和原则（名）,دموکراسی؛ مردم‌سالاری (اسم),名,اسم,发展民主（fāzhǎn mínzhǔ）；追求民主（zhuīqiú mínzhǔ）；民主与法治（mínzhǔ yǔ fǎzhì）,民主需要完善的法律制度来保障。,Mínzhǔ xūyào wánshàn de fǎlǜ zhìdù lái bǎozhàng.,دموکراسی برای تضمین‌شدن به نظام حقوقی کاملی نیاز دارد.,
915,民主,mín zhǔ,HSK 6,名、形,2,平等地听取和尊重多数人的意见，不由少数人独断决定的（形）,دموکراتیک؛ مبتنی بر نظر جمع (صفت),形,صفت,民主选举（mínzhǔ xuǎnjǔ）；民主讨论（mínzhǔ tǎolùn）；作风民主（zuòfēng mínzhǔ）,这位领导作风很民主，愿意听取大家的意见。,"Zhè wèi lǐngdǎo zuòfēng hěn mínzhǔ, yuànyì tīngqǔ dàjiā de yìjiàn.",شیوهٔ مدیریت این مسئول دموکراتیک است و مایل است نظر همه را بشنود.,
916,迷人,mí rén,HSK 6,形,1,很有吸引力，使人喜欢或陶醉（形）,جذاب؛ دل‌انگیز (صفت),形,صفت,景色迷人（jǐngsè mírén）；笑容迷人（xiàoróng mírén）；迷人的风景（mírén de fēngjǐng）,这里的自然风光非常迷人。,Zhèlǐ de zìrán fēngguāng fēicháng mírén.,مناظر طبیعی اینجا بسیار دل‌انگیز است.,
917,模仿,mó fǎng,HSK 6,动,1,按照别人或其他事物的样子、声音或行为去做（及物动）,تقلید کردن؛ الگوبرداری کردن (فعل گذرا),及物动,فعل گذرا,模仿动作（mófǎng dòngzuò）；模仿声音（mófǎng shēngyīn）；模仿别人（mófǎng biérén）,孩子常常模仿大人的言行。,Háizi chángcháng mófǎng dàrén de yánxíng.,کودکان اغلب از رفتار و گفتار بزرگسالان تقلید می‌کنند.,
918,默默,mò mò,HSK 6,副,1,不说话地；沉默地（副）,در سکوت؛ بی‌آنکه حرفی بزند (قید),副,قید,默默不语（mòmò bùyǔ）；默默看着（mòmò kànzhe）；默默离开（mòmò líkāi）,她默默地坐在窗边，一句话也没说。,"Tā mòmò de zuò zài chuāngbiān, yí jù huà yě méi shuō.",او در سکوت کنار پنجره نشسته بود و هیچ حرفی نمی‌زد.,
918,默默,mò mò,HSK 6,副,2,不引人注意、不公开表现地（副）,بی‌سروصدا؛ بدون خودنمایی (قید),副,قید,默默工作（mòmò gōngzuò）；默默支持（mòmò zhīchí）；默默奉献（mòmò fèngxiàn）,这些年来，他一直在背后默默支持我。,"Zhèxiē nián lái, tā yìzhí zài bèihòu mòmò zhīchí wǒ.",او در تمام این سال‌ها بی‌سروصدا از من حمایت کرده است.,
919,模拟,mó nǐ,HSK 6,动、名、形,1,按照真实事物或情况的特点进行仿造或重现（及物动）,شبیه‌سازی کردن (فعل گذرا),及物动,فعل گذرا,模拟真实环境（mónǐ zhēnshí huánjìng）；模拟飞行（mónǐ fēixíng）；模拟事故现场（mónǐ shìgù xiànchǎng）,这套设备可以模拟不同的天气条件。,Zhè tào shèbèi kěyǐ mónǐ bùtóng de tiānqì tiáojiàn.,این دستگاه می‌تواند شرایط آب‌وهوایی مختلف را شبیه‌سازی کند.,
919,模拟,mó nǐ,HSK 6,动、名、形,2,对真实事物、过程或情况进行仿造和重现的活动（名）,شبیه‌سازی (اسم),名,اسم,计算机模拟（jìsuànjī mónǐ）；进行模拟（jìnxíng mónǐ）；情景模拟（qíngjǐng mónǐ）,研究人员通过计算机模拟预测了实验结果。,Yánjiū rényuán tōngguò jìsuànjī mónǐ yùcè le shíyàn jiéguǒ.,پژوهشگران با شبیه‌سازی رایانه‌ای نتیجهٔ آزمایش را پیش‌بینی کردند.,
919,模拟,mó nǐ,HSK 6,动、名、形,3,用连续变化的物理量表示信息的，电子技术用语（形）,آنالوگ، در الکترونیک (صفت),形,صفت,模拟信号（mónǐ xìnhào）；模拟电路（mónǐ diànlù）；模拟设备（mónǐ shèbèi）,这种设备可以把模拟信号转换成数字信号。,Zhè zhǒng shèbèi kěyǐ bǎ mónǐ xìnhào zhuǎnhuàn chéng shùzì xìnhào.,این دستگاه می‌تواند سیگنال آنالوگ را به سیگنال دیجیتال تبدیل کند.,
920,模特儿,mó tèr,HSK 6,名,1,为展示服装、产品，或供绘画、摄影等创作而展示自身形象的人（名）,مدل؛ مانکن (اسم),名,اسم,时装模特儿（shízhuāng mótèr）；职业模特儿（zhíyè mótèr）；担任模特儿（dānrèn mótèr）,她是一名职业时装模特儿。,Tā shì yì míng zhíyè shízhuāng mótèr.,او یک مدل حرفه‌ای لباس است.,
921,摩托车,mó tuō chē,HSK 6,名,1,由发动机驱动、通常有两个轮子的机动车（名）,موتورسیکلت (اسم),名,اسم,骑摩托车（qí mótuōchē）；驾驶摩托车（jiàshǐ mótuōchē）；摩托车比赛（mótuōchē bǐsài）,他每天骑摩托车上班。,Tā měitiān qí mótuōchē shàngbān.,او هر روز با موتورسیکلت به محل کار می‌رود.,
922,模型,mó xíng,HSK 6,名,1,按照实物的形状和结构，通常按一定比例制成的物体（名）,ماکت؛ مدل فیزیکی (اسم),名,اسم,建筑模型（jiànzhù móxíng）；飞机模型（fēijī móxíng）；制作模型（zhìzuò móxíng）,学生制作了一个建筑模型。,Xuéshēng zhìzuò le yí ge jiànzhù móxíng.,دانش‌آموزان یک ماکت معماری ساختند.,
922,模型,mó xíng,HSK 6,名,2,用来说明、分析或预测事物结构和规律的理论或计算形式（名）,مدل نظری یا محاسباتی (اسم),名,اسم,数学模型（shùxué móxíng）；经济模型（jīngjì móxíng）；预测模型（yùcè móxíng）,研究人员建立了一个新的预测模型。,Yánjiū rényuán jiànlì le yí ge xīn de yùcè móxíng.,پژوهشگران یک مدل پیش‌بینی جدید ایجاد کردند.,
923,母,mǔ,HSK 6,名、形,1,母亲，常用于书面语或固定表达（名）,مادر، رسمی (اسم),名,اسم,母与子（mǔ yǔ zǐ）；自幼丧母（zìyòu sàng mǔ）；随母生活（suí mǔ shēnghuó）,他自幼丧母，由父亲抚养长大。,"Tā zìyòu sàng mǔ, yóu fùqīn fǔyǎng zhǎngdà.",او در کودکی مادرش را از دست داد و پدرش او را بزرگ کرد.,
923,母,mǔ,HSK 6,名、形,2,动物中能够产卵或生育幼仔的；雌性的（形）,ماده (صفت),形,صفت,一公一母（yì gōng yì mǔ）；母的动物（mǔ de dòngwù）；分辨公母（fēnbiàn gōngmǔ）,这两只猫一只是公的，一只是母的。,"Zhè liǎng zhī māo yì zhī shì gōng de, yì zhī shì mǔ de.",از این دو گربه، یکی نر و دیگری ماده است.,
924,木材,mù cái,HSK 6,名,1,树木砍伐并经过初步加工后得到的建筑或制造材料（名）,چوب؛ الوار (اسم),名,اسم,优质木材（yōuzhì mùcái）；加工木材（jiāgōng mùcái）；木材市场（mùcái shìchǎng）,这种木材很适合制作家具。,Zhè zhǒng mùcái hěn shìhé zhìzuò jiājù.,این نوع چوب برای ساخت مبلمان بسیار مناسب است.,
925,目录,mù lù,HSK 6,名,1,按照一定顺序列出的书籍篇章、物品或资料名称的清单（名）,فهرست؛ فهرست مطالب (اسم),名,اسم,书籍目录（shūjí mùlù）；查看目录（chákàn mùlù）；列出目录（lièchū mùlù）,请先查看这本书的目录。,Qǐng xiān chákàn zhè běn shū de mùlù.,لطفاً ابتدا فهرست مطالب این کتاب را ببینید.,
925,目录,mù lù,HSK 6,名,2,计算机中用于组织和存放文件的结构或位置（名）,دایرکتوری؛ پوشهٔ رایانه‌ای (اسم),名,اسم,根目录（gēn mùlù）；创建目录（chuàngjiàn mùlù）；目录结构（mùlù jiégòu）,请把文件保存到这个目录中。,Qǐng bǎ wénjiàn bǎocún dào zhège mùlù zhōng.,لطفاً فایل را در این دایرکتوری ذخیره کنید.,
926,模样,mú yàng,HSK 6,名,1,人或事物呈现出来的外形、样子或状态（名）,ظاهر؛ قیافه؛ شکل و حالت (اسم),名,اسم,什么模样（shénme múyàng）；小时候的模样（xiǎoshíhou de múyàng）；变了模样（biàn le múyàng）,多年不见，他已经完全变了模样。,"Duōnián bú jiàn, tā yǐjīng wánquán biàn le múyàng.",پس از سال‌ها دوری، ظاهر او کاملاً تغییر کرده است.,
927,母语,mǔ yǔ,HSK 6,名,1,一个人最早从家庭或生活环境中自然学会的语言（名）,زبان مادری (اسم),名,اسم,母语者（mǔyǔzhě）；母语环境（mǔyǔ huánjìng）；以汉语为母语（yǐ Hànyǔ wéi mǔyǔ）,汉语是他的母语。,Hànyǔ shì tā de mǔyǔ.,زبان چینی زبان مادری اوست.,
928,奶粉,nǎi fěn,HSK 6,名,1,把牛奶等乳类加工成的粉末状食品（名）,شیر خشک (اسم),名,اسم,婴儿奶粉（yīng’ér nǎifěn）；冲奶粉（chōng nǎifěn）；一罐奶粉（yí guàn nǎifěn）,她正在给孩子冲奶粉。,Tā zhèngzài gěi háizi chōng nǎifěn.,او در حال آماده‌کردن شیر خشک برای کودک است.,
929,难点,nán diǎn,HSK 6,名,1,学习、工作或研究中难以理解、掌握或解决的部分（名）,بخش دشوار؛ نکتهٔ سخت (اسم),名,اسم,学习难点（xuéxí nándiǎn）；技术难点（jìshù nándiǎn）；突破难点（tūpò nándiǎn）,数据不足是这项研究的一个难点。,Shùjù bùzú shì zhè xiàng yánjiū de yí ge nándiǎn.,کمبود داده یکی از بخش‌های دشوار این پژوهش است.,
930,南极洲,nán jí zhōu,HSK 6,专,1,位于地球最南部、南极周围的大陆（专）,قارهٔ جنوبگان (اسم خاص),专,اسم خاص,南极洲大陆（Nánjízhōu Dàlù）；前往南极洲（qiánwǎng Nánjízhōu）；研究南极洲（yánjiū Nánjízhōu）,科学家正在研究南极洲的气候变化。,Kēxuéjiā zhèngzài yánjiū Nánjízhōu de qìhòu biànhuà.,دانشمندان در حال بررسی تغییرات اقلیمی قارهٔ جنوبگان هستند.,
931,南美洲,nán měi zhōu,HSK 6,专,1,位于西半球南部、南北美洲大陆南部的洲（专）,آمریکای جنوبی (اسم خاص),专,اسم خاص,南美洲国家（Nánměizhōu guójiā）；前往南美洲（qiánwǎng Nánměizhōu）；南美洲文化（Nánměizhōu wénhuà）,他计划明年去南美洲旅行。,Tā jìhuà míngnián qù Nánměizhōu lǚxíng.,او قصد دارد سال آینده به آمریکای جنوبی سفر کند.,
932,难免,nán miǎn,HSK 6,副,1,由于某种原因很难避免某种情况（副）,ناگزیر؛ اجتناب‌ناپذیر (قید),副,قید,难免犯错（nánmiǎn fàncuò）；难免会紧张（nánmiǎn huì jǐnzhāng）；难免出现问题（nánmiǎn chūxiàn wèntí）,第一次做这种工作，难免会犯错误。,"Dì-yī cì zuò zhè zhǒng gōngzuò, nánmiǎn huì fàn cuòwù.",هنگام انجام این کار برای نخستین بار، اشتباه‌کردن اجتناب‌ناپذیر است.,
933,脑袋,nǎo dai,HSK 6,名,1,人的头部，口语（名）,سر؛ کله، محاوره‌ای (اسم),名,اسم,摸摸脑袋（mōmo nǎodai）；脑袋疼（nǎodai téng）；撞到脑袋（zhuàngdào nǎodai）,他的脑袋撞到了墙上。,Tā de nǎodai zhuàngdào le qiáng shàng.,سرش به دیوار برخورد کرد.,
933,脑袋,nǎo dai,HSK 6,名,2,思考、理解或记忆的能力，口语（名）,ذهن؛ قدرت فکر، محاوره‌ای (اسم),名,اسم,脑袋灵活（nǎodai línghuó）；脑袋清醒（nǎodai qīngxǐng）；动动脑袋（dòngdong nǎodai）,他的脑袋很灵活，学什么都很快。,"Tā de nǎodai hěn línghuó, xué shénme dōu hěn kuài.",ذهن او بسیار فعال است و هر چیزی را سریع یاد می‌گیرد.,
934,脑子,nǎo zi,HSK 6,名,1,头部内部的脑，口语（名）,مغز، محاوره‌ای (اسم),名,اسم,伤到脑子（shāngdào nǎozi）；脑子受伤（nǎozi shòushāng）；保护脑子（bǎohù nǎozi）,这次事故没有伤到他的脑子。,Zhè cì shìgù méiyǒu shāngdào tā de nǎozi.,در این حادثه به مغز او آسیبی نرسید.,
934,脑子,nǎo zi,HSK 6,名,2,思考、理解、记忆等心理活动的能力，口语（名）,ذهن؛ قدرت فکر (اسم),名,اسم,动脑子（dòng nǎozi）；脑子清醒（nǎozi qīngxǐng）；脑子转得快（nǎozi zhuǎn de kuài）,遇到问题时应该多动动脑子。,Yùdào wèntí shí yīnggāi duō dòngdong nǎozi.,هنگام روبه‌روشدن با مشکل باید بیشتر فکر کرد.,
935,内涵,nèi hán,HSK 6,名、动,1,事物内部所包含的内容、意义或价值（名）,محتوا و معنای درونی؛ عمق (اسم),名,اسم,文化内涵（wénhuà nèihán）；丰富内涵（fēngfù nèihán）；内涵深刻（nèihán shēnkè）,这部作品具有深刻的文化内涵。,Zhè bù zuòpǐn jùyǒu shēnkè de wénhuà nèihán.,این اثر از محتوای فرهنگی عمیقی برخوردار است.,
935,内涵,nèi hán,HSK 6,名、动,2,一个概念所包含的本质属性，逻辑学用语（名）,مجموع ویژگی‌های ذاتی یک مفهوم، در منطق (اسم),名,اسم,概念的内涵（gàiniàn de nèihán）；内涵与外延（nèihán yǔ wàiyán）；明确内涵（míngquè nèihán）,我们首先要明确这个概念的内涵。,Wǒmen shǒuxiān yào míngquè zhège gàiniàn de nèihán.,ابتدا باید ویژگی‌های ذاتی این مفهوم را مشخص کنیم.,
935,内涵,nèi hán,HSK 6,名、动,3,不直接点名地讽刺、批评或影射某人，网络用语（及物动）,غیرمستقیم کنایه زدن یا طعنه زدن، در زبان اینترنتی (فعل گذرا),及物动,فعل گذرا,内涵别人（nèihán biérén）；公开内涵（gōngkāi nèihán）；被人内涵（bèi rén nèihán）,他虽然没有说出名字，但大家都知道他在内涵谁。,"Tā suīrán méiyǒu shuōchū míngzi, dàn dàjiā dōu zhīdào tā zài nèihán shéi.",با اینکه نامی نبرد، همه فهمیدند که به چه کسی طعنه می‌زند.,
936,内科,nèi kē,HSK 6,名,1,主要用非手术方法诊断和治疗内脏器官疾病的医学科室或学科（名）,پزشکی داخلی؛ بخش داخلی (اسم),名,اسم,内科医生（nèikē yīshēng）；内科门诊（nèikē ménzhěn）；去内科检查（qù nèikē jiǎnchá）,医生建议他去内科做进一步检查。,Yīshēng jiànyì tā qù nèikē zuò jìnyíbù jiǎnchá.,پزشک به او توصیه کرد برای بررسی بیشتر به بخش داخلی مراجعه کند.,
937,内外,nèi wài,HSK 6,名,1,里面和外面，也可指内部和外部两个方面（名）,داخل و خارج؛ جنبه‌های داخلی و خارجی (اسم),名,اسم,房屋内外（fángwū nèiwài）；校内外（xiàonèiwài）；内外兼顾（nèiwài jiāngù）,工作人员把房屋内外都检查了一遍。,Gōngzuò rényuán bǎ fángwū nèiwài dōu jiǎnchá le yí biàn.,کارکنان داخل و خارج ساختمان را به‌طور کامل بررسی کردند.,
937,内外,nèi wài,HSK 6,方,2,放在数量词后面，表示接近这个数量，书面语（方）,حدود؛ کم‌وبیش، رسمی (قید مقدار),方,قید مقدار,十天内外（shí tiān nèiwài）；五十岁内外（wǔshí suì nèiwài）；百人内外（bǎi rén nèiwài）,整个工程大约需要十天内外。,Zhěngge gōngchéng dàyuē xūyào shí tiān nèiwài.,کل پروژه حدود ده روز زمان می‌برد.,
938,内衣,nèi yī,HSK 6,名,1,贴身穿在外衣里面的衣物（名）,لباس زیر (اسم),名,اسم,一套内衣（yí tào nèiyī）；保暖内衣（bǎonuǎn nèiyī）；购买内衣（gòumǎi nèiyī）,这家商店出售各种内衣。,Zhè jiā shāngdiàn chūshòu gèzhǒng nèiyī.,این فروشگاه انواع لباس زیر می‌فروشد.,
939,能量,néng liàng,HSK 6,名,1,物质系统做功或发生变化的能力，物理学用语（名）,انرژی، در فیزیک (اسم),名,اسم,释放能量（shìfàng néngliàng）；吸收能量（xīshōu néngliàng）；能量转换（néngliàng zhuǎnhuàn）,太阳能够提供大量能量。,Tàiyáng nénggòu tígōng dàliàng néngliàng.,خورشید می‌تواند مقدار زیادی انرژی فراهم کند.,
939,能量,néng liàng,HSK 6,名,2,使人积极行动的精神力量或影响力（名）,انرژی و نیروی روحی (اسم),名,اسم,充满能量（chōngmǎn néngliàng）；传递能量（chuándì néngliàng）；积极的能量（jījí de néngliàng）,和她交谈总能让人充满能量。,Hé tā jiāotán zǒng néng ràng rén chōngmǎn néngliàng.,صحبت با او همیشه به آدم انرژی می‌دهد.,
940,能源,néng yuán,HSK 6,名,1,可以产生热能、光能、动力等供人类利用的资源（名）,منابع انرژی (اسم),名,اسم,清洁能源（qīngjié néngyuán）；可再生能源（kě zàishēng néngyuán）；节约能源（jiéyuē néngyuán）,许多国家正在积极发展清洁能源。,Xǔduō guójiā zhèngzài jījí fāzhǎn qīngjié néngyuán.,بسیاری از کشورها در حال توسعهٔ منابع انرژی پاک هستند.,
941,泥,ní,HSK 6,名,1,土和水混合形成的柔软、黏稠物质（名）,گِل؛ لجن (اسم),名,اسم,沾满泥（zhānmǎn ní）；踩进泥里（cǎi jìn ní lǐ）；一身泥（yì shēn ní）,下雨后，路上到处都是泥。,"Xiàyǔ hòu, lù shàng dàochù dōu shì ní.",پس از باران، همه‌جای جاده گِلی شده بود.,
942,年度,nián dù,HSK 6,名,1,根据工作、业务或统计需要划分的一年时间（名）,سال کاری یا آماری؛ دورهٔ یک‌ساله (اسم),名,اسم,本年度（běn niándù）；上一年度（shàng yí niándù）；年度报告（niándù bàogào）,公司公布了上一年度的财务报告。,Gōngsī gōngbù le shàng yí niándù de cáiwù bàogào.,شرکت گزارش مالی سال گذشته را منتشر کرد.,
943,念书,niàn shū,HSK 6,动,1,在学校学习或读书，口语（动）,درس خواندن؛ تحصیل کردن، محاوره‌ای (فعل),动,فعل,认真念书（rènzhēn niànshū）；在国外念书（zài guówài niànshū）；念了几年书（niàn le jǐ nián shū）,他小时候念书非常用功。,Tā xiǎoshíhou niànshū fēicháng yònggōng.,او در کودکی بسیار سخت درس می‌خواند.,
944,年终,nián zhōng,HSK 6,名,1,一年的末尾（名）,پایان سال (اسم),名,اسم,年终总结（niánzhōng zǒngjié）；年终奖金（niánzhōng jiǎngjīn）；临近年终（línjìn niánzhōng）,公司将在年终发放奖金。,Gōngsī jiāng zài niánzhōng fāfàng jiǎngjīn.,شرکت در پایان سال پاداش پرداخت خواهد کرد.,
945,扭,niǔ,HSK 6,动,1,转动身体的一部分或用手使物体转动（及物动）,چرخاندن؛ پیچاندن (فعل گذرا),及物动,فعل گذرا,扭头看（niǔ tóu kàn）；扭动把手（niǔdòng bǎshou）；把盖子扭开（bǎ gàizi niǔkāi）,他扭头看了我一眼。,Tā niǔ tóu kàn le wǒ yì yǎn.,او سرش را چرخاند و نگاهی به من انداخت.,
945,扭,niǔ,HSK 6,动,2,身体的关节或肌肉因转动不当而受伤（及物动）,پیچاندن و آسیب‌زدن به مفصل یا عضله (فعل گذرا),及物动,فعل گذرا,扭了脚（niǔ le jiǎo）；扭到腰（niǔdào yāo）；扭伤手腕（niǔshāng shǒuwàn）,我下楼时不小心扭了脚。,Wǒ xià lóu shí bù xiǎoxīn niǔ le jiǎo.,هنگام پایین‌آمدن از پله‌ها پایم پیچ خورد.,
945,扭,niǔ,HSK 6,动,3,身体左右摆动（不及物动）,بدن را تاب دادن؛ با پیچ‌وتاب حرکت کردن (فعل ناگذر),不及物动,فعل ناگذر,扭来扭去（niǔlái-niǔqù）；随着音乐扭（suízhe yīnyuè niǔ）；高兴地扭起来（gāoxìng de niǔ qǐlái）,孩子们随着音乐高兴地扭了起来。,Háizimen suízhe yīnyuè gāoxìng de niǔ le qǐlái.,بچه‌ها با شادی همراه موسیقی بدنشان را تاب دادند.,
946,农产品,nóng chǎn pǐn,HSK 6,名,1,通过种植业、畜牧业、渔业等农业生产获得的产品（名）,محصولات کشاورزی (اسم),名,اسم,销售农产品（xiāoshòu nóngchǎnpǐn）；农产品市场（nóngchǎnpǐn shìchǎng）；农产品加工（nóngchǎnpǐn jiāgōng）,当地农民通过网络销售农产品。,Dāngdì nóngmín tōngguò wǎngluò xiāoshòu nóngchǎnpǐn.,کشاورزان محلی محصولات کشاورزی خود را از طریق اینترنت می‌فروشند.,
947,浓厚,nóng hòu,HSK 6,形,1,烟雾、云层、味道或色彩等浓重而明显（形）,غلیظ؛ پررنگ؛ قوی (صفت),形,صفت,烟雾浓厚（yānwù nónghòu）；色彩浓厚（sècǎi nónghòu）；味道浓厚（wèidào nónghòu）,空气中有一股浓厚的烟味。,Kōngqì zhōng yǒu yì gǔ nónghòu de yānwèi.,بوی شدید دود در هوا پیچیده بود.,
947,浓厚,nóng hòu,HSK 6,形,2,兴趣、气氛或某种思想感情色彩很强（形）,عمیق؛ شدید؛ پررنگ (صفت),形,صفت,兴趣浓厚（xìngqù nónghòu）；气氛浓厚（qìfēn nónghòu）；文化色彩浓厚（wénhuà sècǎi nónghòu）,他从小就对历史有浓厚的兴趣。,Tā cóngxiǎo jiù duì lìshǐ yǒu nónghòu de xìngqù.,او از کودکی علاقهٔ عمیقی به تاریخ داشته است.,
948,农田,nóng tián,HSK 6,名,1,用于种植农作物的土地（名）,زمین کشاورزی؛ کشتزار (اسم),名,اسم,大片农田（dàpiàn nóngtián）；灌溉农田（guàngài nóngtián）；保护农田（bǎohù nóngtián）,洪水淹没了附近的大片农田。,Hóngshuǐ yānmò le fùjìn de dàpiàn nóngtián.,سیل بخش وسیعی از زمین‌های کشاورزی اطراف را زیر آب برد.,
949,暖,nuǎn,HSK 6,形、动,1,温度适宜，使人感觉不冷（形）,گرم؛ مطبوع (صفت),形,صفت,天气很暖（tiānqì hěn nuǎn）；屋里暖（wū lǐ nuǎn）；暖色灯光（nuǎnsè dēngguāng）,今天阳光很好，外面很暖。,"Jīntiān yángguāng hěn hǎo, wàimiàn hěn nuǎn.",امروز هوا آفتابی و بیرون گرم است.,
949,暖,nuǎn,HSK 6,形、动,2,使身体或物体变得温暖（及物动）,گرم کردن (فعل گذرا),及物动,فعل گذرا,暖暖手（nuǎnnuan shǒu）；暖一下身子（nuǎn yíxià shēnzi）；把饭暖一暖（bǎ fàn nuǎn yi nuǎn）,先喝点儿热水暖暖身子吧。,Xiān hē diǎnr rèshuǐ nuǎnnuan shēnzi ba.,اول کمی آب گرم بنوش تا بدنت گرم شود.,
950,暖气,nuǎn qì,HSK 6,名,1,温暖的空气或气流（名）,هوای گرم؛ جریان هوای گرم (اسم),名,اسم,一股暖气（yì gǔ nuǎnqì）；冒出暖气（màochū nuǎnqì）；暖气扑面（nuǎnqì pūmiàn）,门一打开，一股暖气扑面而来。,"Mén yì dǎkāi, yì gǔ nuǎnqì pūmiàn ér lái.",به‌محض بازشدن در، موجی از هوای گرم به صورتمان خورد.,
950,暖气,nuǎn qì,HSK 6,名,2,使室内保持温暖的供暖设备或系统（名）,سیستم گرمایش؛ شوفاژ (اسم),名,اسم,开暖气（kāi nuǎnqì）；关暖气（guān nuǎnqì）；安装暖气（ānzhuāng nuǎnqì）,天气冷了，我们把暖气打开吧。,"Tiānqì lěng le, wǒmen bǎ nuǎnqì dǎkāi ba.",هوا سرد شده است؛ بیایید سیستم گرمایش را روشن کنیم.,
951,偶像,ǒu xiàng,HSK 6,名,1,被当作神灵而供人崇拜的塑像或形象（名）,بُت؛ تندیس مورد پرستش (اسم),名,اسم,崇拜偶像（chóngbài ǒuxiàng）；供奉偶像（gòngfèng ǒuxiàng）；宗教偶像（zōngjiào ǒuxiàng）,庙里供奉着一尊古老的偶像。,Miào lǐ gòngfèngzhe yì zūn gǔlǎo de ǒuxiàng.,در معبد بُتی قدیمی قرار داشت که آن را می‌پرستیدند.,
951,偶像,ǒu xiàng,HSK 6,名,2,受到很多人喜爱、崇拜或模仿的人（名）,چهرهٔ محبوب؛ فرد مورد تحسین (اسم),名,اسم,年轻人的偶像（niánqīngrén de ǒuxiàng）；成为偶像（chéngwéi ǒuxiàng）；心中的偶像（xīnzhōng de ǒuxiàng）,这位运动员是许多年轻人的偶像。,Zhè wèi yùndòngyuán shì xǔduō niánqīngrén de ǒuxiàng.,این ورزشکار چهرهٔ محبوب و مورد تحسین بسیاری از جوانان است.,
952,排除,pái chú,HSK 6,动,1,除去妨碍正常进行的困难、危险或干扰等（及物动）,برطرف کردن؛ از میان برداشتن (فعل گذرا),及物动,فعل گذرا,排除困难（páichú kùnnan）；排除故障（páichú gùzhàng）；排除干扰（páichú gānrǎo）,技术人员很快排除了设备故障。,Jìshù rényuán hěn kuài páichú le shèbèi gùzhàng.,کارشناسان فنی به‌سرعت نقص دستگاه را برطرف کردند.,
952,排除,pái chú,HSK 6,动,2,把人或事物从某个范围中除去，不包括在内（及物动）,کنار گذاشتن؛ از یک گروه یا محدوده خارج کردن (فعل گذرا),及物动,فعل گذرا,排除在外（páichú zàiwài）；排除不合格者（páichú bù hégé zhě）；不能排除任何人（bùnéng páichú rènhé rén）,我们不能因为年龄而把他排除在外。,Wǒmen bùnéng yīnwèi niánlíng ér bǎ tā páichú zàiwài.,نباید او را به‌دلیل سنش کنار بگذاریم.,
952,排除,pái chú,HSK 6,动,3,经过分析或检查，认定某种可能性不存在（及物动）,منتفی دانستن؛ احتمال چیزی را رد کردن (فعل گذرا),及物动,فعل گذرا,排除可能性（páichú kěnéngxìng）；排除嫌疑（páichú xiányí）；不能排除（bùnéng páichú）,医生还不能排除感染的可能性。,Yīshēng hái bùnéng páichú gǎnrǎn de kěnéngxìng.,پزشک هنوز نمی‌تواند احتمال عفونت را رد کند.,
953,排放,pái fàng,HSK 6,动、名,1,把废气、废水或其他物质排到外面（及物动）,منتشر یا تخلیه کردن (فعل گذرا),及物动,فعل گذرا,排放废水（páifàng fèishuǐ）；排放废气（páifàng fèiqì）；排放污染物（páifàng wūrǎnwù）,这家工厂不得向河中排放废水。,Zhè jiā gōngchǎng bùdé xiàng hé zhōng páifàng fèishuǐ.,این کارخانه اجازه ندارد فاضلاب را در رودخانه تخلیه کند.,
953,排放,pái fàng,HSK 6,动、名,2,向外排出废气、废水等的行为或数量（名）,انتشار یا تخلیهٔ آلاینده‌ها (اسم),名,اسم,减少排放（jiǎnshǎo páifàng）；控制排放（kòngzhì páifàng）；碳排放（tàn páifàng）,政府计划进一步减少碳排放。,Zhèngfǔ jìhuà jìnyíbù jiǎnshǎo tàn páifàng.,دولت قصد دارد انتشار کربن را بیش از پیش کاهش دهد.,
954,排练,pái liàn,HSK 6,动,1,为正式演出而按照安排反复练习（及物动）,برای اجرا تمرین کردن (فعل گذرا),及物动,فعل گذرا,排练节目（páiliàn jiémù）；排练舞蹈（páiliàn wǔdǎo）；排练话剧（páiliàn huàjù）,演员们正在排练一部新话剧。,Yǎnyuánmen zhèngzài páiliàn yí bù xīn huàjù.,بازیگران در حال تمرین یک نمایش جدید هستند.,
955,排名,pái míng,HSK 6,动、名,1,按照成绩、能力或某种标准排列名次（动）,رتبه‌بندی کردن؛ رتبه گرفتن (فعل),动,فعل,按成绩排名（àn chéngjì páimíng）；排名第三（páimíng dì-sān）；参与排名（cānyù páimíng）,参赛者将按照总成绩排名。,Cānsàizhě jiāng ànzhào zǒng chéngjì páimíng.,شرکت‌کنندگان بر اساس امتیاز کل رتبه‌بندی خواهند شد.,
955,排名,pái míng,HSK 6,动、名,2,按照一定标准排列出的名次（名）,رتبه؛ جایگاه در رتبه‌بندی (اسم),名,اسم,世界排名（shìjiè páimíng）；提高排名（tígāo páimíng）；排名很高（páimíng hěn gāo）,这所大学的世界排名很高。,Zhè suǒ dàxué de shìjiè páimíng hěn gāo.,رتبهٔ جهانی این دانشگاه بسیار بالاست.,
956,盘,pán,HSK 6,名、动、量,1,盛放食物等的浅而扁平的器具（名）,بشقاب؛ دیس (اسم),名,اسم,一个盘（yí ge pán）；把盘洗干净（bǎ pán xǐ gānjìng）；盘里装着菜（pán lǐ zhuāngzhe cài）,请把洗好的盘放在桌上。,Qǐng bǎ xǐhǎo de pán fàng zài zhuō shàng.,لطفاً بشقاب شسته‌شده را روی میز بگذارید.,
956,盘,pán,HSK 6,名、动、量,2,用于用盘盛放的食物（量）,بشقاب؛ پرس (واحد شمارش),量,واحد شمارش,一盘菜（yì pán cài）；一盘水果（yì pán shuǐguǒ）；两盘饺子（liǎng pán jiǎozi）,服务员端来了一盘水果。,Fúwùyuán duānlái le yì pán shuǐguǒ.,پیشخدمت یک بشقاب میوه آورد.,
956,盘,pán,HSK 6,名、动、量,3,用于棋类比赛或其他按局计算的活动（量）,دست؛ دور بازی (واحد شمارش),量,واحد شمارش,下一盘棋（xià yì pán qí）；两盘比赛（liǎng pán bǐsài）；再来一盘（zài lái yì pán）,我们吃完饭后下了一盘棋。,Wǒmen chīwán fàn hòu xià le yì pán qí.,ما پس از غذا یک دست شطرنج بازی کردیم.,
956,盘,pán,HSK 6,名、动、量,4,使长条形物体弯曲并绕成圆圈，或自身弯曲成圈（动）,حلقه‌کردن؛ پیچیدن؛ حلقه‌وار جمع شدن (فعل),动,فعل,把绳子盘起来（bǎ shéngzi pán qǐlái）；盘着腿坐（pánzhe tuǐ zuò）；蛇盘在树上（shé pán zài shù shàng）,他把电线整齐地盘了起来。,Tā bǎ diànxiàn zhěngqí de pán le qǐlái.,او سیم را مرتب حلقه کرد و جمع کرد.,
957,庞大,páng dà,HSK 6,形,1,规模、数量或组织结构非常大（形）,عظیم؛ بسیار گسترده (صفت),形,صفت,规模庞大（guīmó pángdà）；系统庞大（xìtǒng pángdà）；数量庞大（shùliàng pángdà）,这个项目需要一支庞大的专业团队。,Zhège xiàngmù xūyào yì zhī pángdà de zhuānyè tuánduì.,این پروژه به یک تیم تخصصی بسیار بزرگ نیاز دارد.,
958,盼望,pàn wàng,HSK 6,动,1,怀着急切的心情期待某人、某事或某个时刻到来（及物动）,مشتاقانه منتظر بودن؛ چشم‌انتظار بودن (فعل گذرا),及物动,فعل گذرا,盼望团聚（pànwàng tuánjù）；盼望回家（pànwàng huíjiā）；日夜盼望（rìyè pànwàng）,孩子们盼望着假期早点儿到来。,Háizimen pànwàngzhe jiàqī zǎodiǎnr dàolái.,بچه‌ها مشتاقانه منتظرند تعطیلات زودتر فرا برسد.,
959,泡,pào,HSK 6,名、动,1,液体中或液体表面形成的充满气体的圆形小球（名）,حباب (اسم),名,اسم,吹泡（chuī pào）；冒出泡来（màochū pào lái）；一个个泡（yí ge ge pào）,水烧开后不断冒出泡来。,Shuǐ shāokāi hòu búduàn màochū pào lái.,آب پس از جوش‌آمدن پیوسته حباب می‌زند.,
959,泡,pào,HSK 6,名、动,2,皮肤因摩擦、烫伤等形成的内部有液体的隆起（名）,تاول (اسم),名,اسم,脚上起泡（jiǎo shàng qǐ pào）；磨出一个泡（móchū yí ge pào）；泡破了（pào pò le）,新鞋把我的脚磨出了一个泡。,Xīn xié bǎ wǒ de jiǎo móchū le yí ge pào.,کفش نو پایم را تاول زد.,
959,泡,pào,HSK 6,名、动,3,把物品放在液体中浸一段时间（及物动）,خیساندن؛ در مایع قرار دادن (فعل گذرا),及物动,فعل گذرا,泡衣服（pào yīfu）；泡在水里（pào zài shuǐ lǐ）；泡热水澡（pào rèshuǐ zǎo）,洗衣服前先把它们在水里泡一会儿。,Xǐ yīfu qián xiān bǎ tāmen zài shuǐ lǐ pào yíhuìr.,پیش از شستن لباس‌ها، آن‌ها را مدتی در آب بخیسانید.,
959,泡,pào,HSK 6,名、动,4,用开水冲泡茶叶、方便面等（及物动）,دم‌کردن یا با آب جوش آماده‌کردن (فعل گذرا),及物动,فعل گذرا,泡茶（pào chá）；泡方便面（pào fāngbiànmiàn）；泡一杯咖啡（pào yì bēi kāfēi）,我来给你泡一杯茶。,Wǒ lái gěi nǐ pào yì bēi chá.,بگذار یک فنجان چای برایت دم کنم.,
959,泡,pào,HSK 6,名、动,5,长时间待在某个地方，口语（不及物动）,مدت زیادی جایی ماندن یا وقت گذراندن، محاوره‌ای (فعل ناگذر),不及物动,فعل ناگذر,泡在图书馆（pào zài túshūguǎn）；整天泡在网上（zhěngtiān pào zài wǎngshàng）；泡了一下午（pào le yí xiàwǔ）,他整个周末都泡在图书馆里。,Tā zhěngge zhōumò dōu pào zài túshūguǎn lǐ.,او تمام آخر هفته را در کتابخانه گذراند.,
960,抛,pāo,HSK 6,动,1,用力把物体扔出去（及物动）,پرت کردن (فعل گذرا),及物动,فعل گذرا,向上抛球（xiàng shàng pāo qiú）；抛向空中（pāo xiàng kōngzhōng）；用力一抛（yònglì yì pāo）,他把球高高地抛向空中。,Tā bǎ qiú gāogāo de pāo xiàng kōngzhōng.,او توپ را بلند به هوا پرتاب کرد.,
960,抛,pāo,HSK 6,动,2,丢下、放弃或把某事暂时放在一边（及物动）,رها کردن؛ کنار گذاشتن (فعل گذرا),及物动,فعل گذرا,抛在脑后（pāo zài nǎohòu）；抛到一边（pāo dào yìbiān）；抛下家人（pāoxià jiārén）,他把所有烦恼都抛在了脑后。,Tā bǎ suǒyǒu fánnǎo dōu pāo zài le nǎohòu.,او تمام نگرانی‌هایش را از ذهنش بیرون کرد.,
960,抛,pāo,HSK 6,动,3,大量卖出股票、商品等，常用于经济领域（及物动）,فروختن و عرضه‌کردن گسترده، در امور مالی (فعل گذرا),及物动,فعل گذرا,抛股票（pāo gǔpiào）；大量抛售（dàliàng pāoshòu）；低价抛出（dījià pāochū）,一些投资者开始抛手中的股票。,Yìxiē tóuzīzhě kāishǐ pāo shǒuzhōng de gǔpiào.,برخی سرمایه‌گذاران شروع به فروش سهام خود کردند.,
961,配备,pèi bèi,HSK 6,动,1,根据需要安排人员，或提供设备、武器等（及物动）,نیرو اختصاص دادن؛ به تجهیزات لازم مجهز کردن (فعل گذرا),及物动,فعل گذرا,配备人员（pèibèi rényuán）；配备设备（pèibèi shèbèi）；配备武器（pèibèi wǔqì）,每间办公室都配备了新的电脑。,Měi jiān bàngōngshì dōu pèibèi le xīn de diànnǎo.,هر دفتر به رایانه‌های جدید مجهز شده است.,
962,赔偿,péi cháng,HSK 6,动、名,1,因自己的行为给别人造成损失而给予补偿（及物动）,خسارت را جبران کردن؛ غرامت پرداخت کردن (فعل گذرا),及物动,فعل گذرا,赔偿损失（péicháng sǔnshī）；赔偿费用（péicháng fèiyòng）；依法赔偿（yīfǎ péicháng）,公司必须赔偿客户的损失。,Gōngsī bìxū péicháng kèhù de sǔnshī.,شرکت باید خسارت مشتری را جبران کند.,
962,赔偿,péi cháng,HSK 6,动、名,2,对受到的损失给予的金钱或其他补偿（名）,غرامت؛ جبران خسارت (اسم),名,اسم,要求赔偿（yāoqiú péicháng）；获得赔偿（huòdé péicháng）；支付赔偿（zhīfù péicháng）,受害者有权要求赔偿。,Shòuhàizhě yǒu quán yāoqiú péicháng.,فرد زیان‌دیده حق دارد درخواست غرامت کند.,
963,佩服,pèi fú,HSK 6,动,1,因某人的能力、品格或行为而感到钦佩（及物动）,تحسین کردن؛ به کسی آفرین گفتن (فعل گذرا),及物动,فعل گذرا,佩服勇气（pèifú yǒngqì）；十分佩服（shífēn pèifú）；令人佩服（lìngrén pèifú）,我很佩服她面对困难时的勇气。,Wǒ hěn pèifú tā miànduì kùnnan shí de yǒngqì.,من شجاعت او را در رویارویی با مشکلات بسیار تحسین می‌کنم.,
964,配套,pèi tào,HSK 6,动、形、名,1,按照需要把相关的设备、产品或措施组合起来，使其完整并相互配合（动）,اجزای مرتبط را هماهنگ و تکمیل کردن (فعل),动,فعل,配套生产（pèitào shēngchǎn）；配套使用（pèitào shǐyòng）；为设备配套软件（wèi shèbèi pèitào ruǎnjiàn）,公司为新设备配套了专用软件。,Gōngsī wèi xīn shèbèi pèitào le zhuānyòng ruǎnjiàn.,شرکت نرم‌افزار ویژه‌ای متناسب با دستگاه جدید فراهم کرد.,
964,配套,pèi tào,HSK 6,动、形、名,2,与主要事物相配合并起辅助作用的（形）,مکمل؛ هماهنگ و متناسب (صفت),形,صفت,配套设施（pèitào shèshī）；配套服务（pèitào fúwù）；配套措施（pèitào cuòshī）,新住宅区还需要建设学校等配套设施。,Xīn zhùzháiqū hái xūyào jiànshè xuéxiào děng pèitào shèshī.,منطقهٔ مسکونی جدید هنوز به امکانات مکملی مانند مدرسه نیاز دارد.,
964,配套,pèi tào,HSK 6,动、形、名,3,为满足生活或工作需要而设置的相关设施和服务，常用于房地产等领域（名）,امکانات و خدمات جانبی (اسم),名,اسم,生活配套（shēnghuó pèitào）；周边配套（zhōubiān pèitào）；完善配套（wánshàn pèitào）,这个小区周边配套很完善。,Zhège xiǎoqū zhōubiān pèitào hěn wánshàn.,امکانات و خدمات اطراف این مجتمع مسکونی بسیار کامل است.,
965,陪同,péi tóng,HSK 6,动,1,陪伴某人一起参加活动或前往某地，较正式（及物动）,همراهی کردن، رسمی (فعل گذرا),及物动,فعل گذرا,陪同参观（péitóng cānguān）；陪同前往（péitóng qiánwǎng）；全程陪同（quánchéng péitóng）,工作人员陪同客人参观了工厂。,Gōngzuò rényuán péitóng kèrén cānguān le gōngchǎng.,کارکنان مهمانان را در بازدید از کارخانه همراهی کردند.,
966,培育,péi yù,HSK 6,动,1,通过培养、繁殖等方法使植物、动物或新品种生长发展（及物动）,پرورش دادن؛ اصلاح و تولید نژاد یا رقم جدید (فعل گذرا),及物动,فعل گذرا,培育幼苗（péiyù yòumiáo）；培育新品种（péiyù xīn pǐnzhǒng）；人工培育（réngōng péiyù）,研究人员培育出了一种新的水稻品种。,Yánjiū rényuán péiyùchū le yì zhǒng xīn de shuǐdào pǐnzhǒng.,پژوهشگران رقم جدیدی از برنج پرورش دادند.,
966,培育,péi yù,HSK 6,动,2,有计划地培养人才，或促进产业、市场等形成和发展（及物动）,پرورش دادن؛ زمینهٔ رشد چیزی را فراهم کردن (فعل گذرا),及物动,فعل گذرا,培育人才（péiyù réncái）；培育市场（péiyù shìchǎng）；培育新产业（péiyù xīn chǎnyè）,学校十分重视培育创新人才。,Xuéxiào shífēn zhòngshì péiyù chuàngxīn réncái.,مدرسه به پرورش نیروهای خلاق اهمیت زیادی می‌دهد.,
967,喷,pēn,HSK 6,动,1,液体、气体或粉末从小孔中快速向外射出（不及物动）,فوران کردن؛ با فشار بیرون زدن (فعل ناگذر),不及物动,فعل ناگذر,水往外喷（shuǐ wǎng wài pēn）；喷出热气（pēnchū rèqì）；不断地喷（búduàn de pēn）,水从破裂的管道里喷了出来。,Shuǐ cóng pòliè de guǎndào lǐ pēn le chūlái.,آب از لولهٔ ترکیده با فشار بیرون زد.,
967,喷,pēn,HSK 6,动,2,用工具把液体、气体或粉末分散着射到物体上（及物动）,پاشیدن؛ اسپری کردن (فعل گذرا),及物动,فعل گذرا,喷香水（pēn xiāngshuǐ）；喷农药（pēn nóngyào）；往墙上喷水（wǎng qiáng shàng pēn shuǐ）,工人正在往墙上喷油漆。,Gōngrén zhèngzài wǎng qiáng shàng pēn yóuqī.,کارگران در حال پاشیدن رنگ روی دیوار هستند.,
968,捧,pěng,HSK 6,动,1,用双手托住或抱住物体（及物动）,با دو دست نگه داشتن (فعل گذرا),及物动,فعل گذرا,捧着杯子（pěngzhe bēizi）；双手捧住（shuāngshǒu pěngzhù）；捧在手里（pěng zài shǒu lǐ）,她双手捧着一杯热茶。,Tā shuāngshǒu pěngzhe yì bēi rè chá.,او یک فنجان چای داغ را با دو دست گرفته بود.,
968,捧,pěng,HSK 6,动,2,过分称赞或设法使某人受到欢迎、出名，口语（及物动）,بیش‌ازحد تعریف کردن؛ کسی را مشهور و محبوب کردن، محاوره‌ای (فعل گذرا),及物动,فعل گذرا,把演员捧红（bǎ yǎnyuán pěnghóng）；大家都捧他（dàjiā dōu pěng tā）；被媒体捧起来（bèi méitǐ pěng qǐlái）,这位歌手是被那档节目捧红的。,Zhè wèi gēshǒu shì bèi nà dàng jiémù pěnghóng de.,این خواننده به‌واسطهٔ آن برنامه مشهور شد.,
969,碰撞,pèng zhuàng,HSK 6,动、名,1,物体相互撞击，或物体撞到另一个物体（动、名）,برخورد کردن؛ تصادم (فعل، اسم),动、名,فعل، اسم,车辆碰撞（chēliàng pèngzhuàng）；发生碰撞（fāshēng pèngzhuàng）；避免碰撞（bìmiǎn pèngzhuàng）,两辆汽车在路口发生了碰撞。,Liǎng liàng qìchē zài lùkǒu fāshēng le pèngzhuàng.,دو خودرو در تقاطع با یکدیگر برخورد کردند.,
969,碰撞,pèng zhuàng,HSK 6,动、名,2,不同的思想、观点或文化相遇后相互影响或发生冲突，比喻用法（动、名）,تقابل یا برخورد افکار و فرهنگ‌ها، استعاری (فعل، اسم),动、名,فعل، اسم,思想碰撞（sīxiǎng pèngzhuàng）；文化碰撞（wénhuà pèngzhuàng）；观点发生碰撞（guāndiǎn fāshēng pèngzhuàng）,不同观点在讨论中不断碰撞。,Bùtóng guāndiǎn zài tǎolùn zhōng búduàn pèngzhuàng.,دیدگاه‌های مختلف در جریان بحث پیوسته با یکدیگر برخورد می‌کنند.,
970,皮,pí,HSK 6,名、形,1,人或动物身体表面的组织，口语（名）,پوست بدن، محاوره‌ای (اسم),名,اسم,擦破皮（cāpò pí）；皮很厚（pí hěn hòu）；掉了一层皮（diào le yì céng pí）,他摔倒时擦破了膝盖上的皮。,Tā shuāidǎo shí cāpò le xīgài shàng de pí.,هنگام زمین‌خوردن پوست زانویش خراشیده شد.,
970,皮,pí,HSK 6,名、形,2,经过加工、可以制作衣物或用品的动物皮（名）,چرم؛ پوست حیوان (اسم),名,اسم,真皮（zhēnpí）；皮做的（pí zuò de）；一块皮（yí kuài pí）,这双鞋是真皮做的。,Zhè shuāng xié shì zhēnpí zuò de.,این کفش از چرم طبیعی ساخته شده است.,
970,皮,pí,HSK 6,名、形,3,水果、植物或物体外面的一层（名）,پوست؛ پوسته؛ روکش بیرونی (اسم),名,اسم,削苹果皮（xiāo píngguǒ pí）；剥去外皮（bōqù wàipí）；包一层皮（bāo yì céng pí）,这种苹果的皮很薄，可以直接吃。,"Zhè zhǒng píngguǒ de pí hěn báo, kěyǐ zhíjiē chī.",پوست این نوع سیب نازک است و می‌توان آن را خورد.,
970,皮,pí,HSK 6,名、形,4,孩子顽皮、不听话，口语（形）,شیطان؛ بازیگوش (صفت),形,صفت,孩子很皮（háizi hěn pí）；太皮了（tài pí le）；又皮又淘气（yòu pí yòu táoqì）,这个孩子虽然有点儿皮，但是很聪明。,"Zhège háizi suīrán yǒudiǎnr pí, dànshì hěn cōngming.",این بچه با اینکه کمی شیطان است، خیلی باهوش است.,
971,披,pī,HSK 6,动,1,把衣服、布等覆盖或搭在肩背上，也指头发等散开覆盖在肩背上（及物动）,روی شانه یا بدن انداختن؛ روی شانه‌ها رها کردن (فعل گذرا),及物动,فعل گذرا,披上外套（pīshàng wàitào）；披着毛毯（pīzhe máotǎn）；披在肩上（pī zài jiān shàng）,天有点儿冷，她在肩上披了一件外套。,"Tiān yǒudiǎnr lěng, tā zài jiān shàng pī le yí jiàn wàitào.",هوا کمی سرد بود و او کتی روی شانه‌هایش انداخت.,
972,片刻,piàn kè,HSK 6,名,1,很短的一段时间，较正式（名）,لحظه‌ای کوتاه؛ مدت کوتاه (اسم),名,اسم,等待片刻（děngdài piànkè）；停留片刻（tíngliú piànkè）；沉默片刻（chénmò piànkè）,他沉默了片刻，然后回答了我的问题。,"Tā chénmò le piànkè, ránhòu huídá le wǒ de wèntí.",او لحظه‌ای سکوت کرد و سپس به سؤالم پاسخ داد.,
973,片面,piàn miàn,HSK 6,形,1,只注意到事物的某一方面，不全面（形）,یک‌جانبه؛ ناقص و ناکامل (صفت),形,صفت,理解片面（lǐjiě piànmiàn）；片面看待（piànmiàn kàndài）；观点片面（guāndiǎn piànmiàn）,只根据这一点作出判断太片面了。,Zhǐ gēnjù zhè yì diǎn zuòchū pànduàn tài piànmiàn le.,قضاوت‌کردن تنها بر اساس این یک مورد، بسیار یک‌جانبه است.,
974,骗子,piàn zi,HSK 6,名,1,用欺骗手段获取钱财、信任或其他利益的人（名）,کلاهبردار؛ فریبکار (اسم),名,اسم,网络骗子（wǎngluò piànzi）；遇到骗子（yùdào piànzi）；识破骗子（shípò piànzi）,她后来才发现对方是个骗子。,Tā hòulái cái fāxiàn duìfāng shì ge piànzi.,او تازه بعداً فهمید که طرف مقابل کلاهبردار است.,
975,飘,piāo,HSK 6,动,1,物体随风或气流在空中轻轻移动（不及物动）,در هوا شناور بودن؛ با باد حرکت کردن (فعل ناگذر),不及物动,فعل ناگذر,随风飘（suífēng piāo）；在空中飘（zài kōngzhōng piāo）；飘向远处（piāo xiàng yuǎnchù）,几片树叶在空中随风飘着。,Jǐ piàn shùyè zài kōngzhōng suífēng piāozhe.,چند برگ همراه باد در هوا شناور بودند.,
975,飘,piāo,HSK 6,动,2,声音、气味等随着空气传到某处（不及物动）,در هوا پیچیدن؛ از دور به مشام یا گوش رسیدن (فعل ناگذر),不及物动,فعل ناگذر,飘来香味（piāolái xiāngwèi）；飘出歌声（piāochū gēshēng）；随风飘来（suífēng piāolái）,厨房里飘来一阵饭菜的香味。,Chúfáng lǐ piāolái yí zhèn fàncài de xiāngwèi.,بوی خوش غذا از آشپزخانه به مشام رسید.,
975,飘,piāo,HSK 6,动,3,因取得一点成绩而得意、自满，不再踏实，口语（不及物动）,از خودراضی و مغرور شدن، محاوره‌ای (فعل ناگذر),不及物动,فعل ناگذر,有点儿飘了（yǒudiǎnr piāo le）；别飘（bié piāo）；一成功就飘（yì chénggōng jiù piāo）,才取得一点儿成绩，你可别飘了。,"Cái qǔdé yìdiǎnr chéngjì, nǐ kě bié piāo le.",تازه کمی موفق شده‌ای؛ مبادا از خودراضی شوی.,
975,飘,piāo,HSK 6,动,4,长期在外生活，居无定所或生活不稳定，口语（不及物动）,دور از خانه و بی‌ثبات زندگی کردن، محاوره‌ای (فعل ناگذر),不及物动,فعل ناگذر,在外面飘（zài wàimian piāo）；飘了很多年（piāo le hěn duō nián）；独自在外飘（dúzì zài wài piāo）,他独自在外面飘了很多年。,Tā dúzì zài wàimian piāo le hěn duō nián.,او سال‌های زیادی دور از خانه و با زندگی بی‌ثبات گذراند.,
976,漂,piāo,HSK 6,动,1,浮在液体表面，或随着水流移动（不及物动）,روی آب شناور بودن؛ با جریان آب حرکت کردن (فعل ناگذر),不及物动,فعل ناگذر,漂在水面（piāo zài shuǐmiàn）；顺水漂（shùn shuǐ piāo）；漂向岸边（piāo xiàng ànbiān）,一只空瓶子漂在河面上。,Yì zhī kōng píngzi piāo zài hémiàn shàng.,یک بطری خالی روی سطح رودخانه شناور بود.,
976,漂,piāo,HSK 6,动,2,在外地生活或四处移动，没有固定、稳定的住所，口语（不及物动）,دور از خانه یا بدون محل ثابت زندگی کردن، محاوره‌ای (فعل ناگذر),不及物动,فعل ناگذر,在外漂（zài wài piāo）；四处漂（sìchù piāo）；漂了几年（piāo le jǐ nián）,他年轻时曾经在国外漂了几年。,Tā niánqīng shí céngjīng zài guówài piāo le jǐ nián.,او در جوانی چند سالی را در خارج از کشور با زندگی بی‌ثبات گذراند.,
976,漂,piǎo,HSK 6,动,3,用水冲洗，使衣物等除去杂质或变白（及物动）,آب‌کشی یا سفید کردن (فعل گذرا),及物动,فعل گذرا,漂洗衣服（piǎoxǐ yīfu）；漂得干净（piǎo de gānjìng）；把布漂白（bǎ bù piǎobái）,这些衣服还要用清水再漂一遍。,Zhèxiē yīfu hái yào yòng qīngshuǐ zài piǎo yí biàn.,این لباس‌ها باید یک بار دیگر با آب تمیز آب‌کشی شوند.,
977,疲劳,pí láo,HSK 6,形、名,1,身体或精神因过度活动而感到累（形）,خسته؛ فرسوده (صفت),形,صفت,身体疲劳（shēntǐ píláo）；感到疲劳（gǎndào píláo）；过度疲劳（guòdù píláo）,连续工作十个小时后，他感到非常疲劳。,"Liánxù gōngzuò shí ge xiǎoshí hòu, tā gǎndào fēicháng píláo.",او پس از ده ساعت کار مداوم بسیار خسته شد.,
977,疲劳,pí láo,HSK 6,形、名,2,身体或精神过度劳累的状态（名）,خستگی؛ فرسودگی (اسم),名,اسم,消除疲劳（xiāochú píláo）；缓解疲劳（huǎnjiě píláo）；产生疲劳（chǎnshēng píláo）,适当休息有助于缓解疲劳。,Shìdàng xiūxi yǒuzhù yú huǎnjiě píláo.,استراحت کافی به کاهش خستگی کمک می‌کند.,
978,品尝,pǐn cháng,HSK 6,动,1,仔细品味食物或饮料的味道（及物动）,چشیدن؛ با دقت مزه‌کردن (فعل گذرا),及物动,فعل گذرا,品尝美食（pǐncháng měishí）；品尝佳肴（pǐncháng jiāyáo）；品尝当地茶叶（pǐncháng dāngdì cháyè）,游客品尝了当地的特色美食。,Yóukè pǐncháng le dāngdì de tèsè měishí.,گردشگران غذاهای ویژهٔ محلی را چشیدند.,
979,频道,pín dào,HSK 6,名,1,电视、广播或网络平台中专门播放某类内容的栏目或传播途径（名）,شبکه؛ کانال (اسم),名,اسم,电视频道（diànshì píndào）；新闻频道（xīnwén píndào）；网络视频频道（wǎngluò shìpín píndào）,这个频道主要播放儿童节目。,Zhège píndào zhǔyào bōfàng értóng jiémù.,این شبکه عمدتاً برنامه‌های کودکان پخش می‌کند.,
979,频道,pín dào,HSK 6,名,2,通信设备中按照频率划分的信号传输通道（名）,کانال فرکانسی یا ارتباطی (اسم),名,اسم,通信频道（tōngxìn píndào）；切换频道（qiēhuàn píndào）；频道受到干扰（píndào shòudào gānrǎo）,请切换到指定的通信频道。,Qǐng qiēhuàn dào zhǐdìng de tōngxìn píndào.,لطفاً به کانال ارتباطی تعیین‌شده تغییر دهید.,
980,频繁,pín fán,HSK 6,形,1,在较短时间内发生或进行的次数很多（形）,مکرر؛ پی‌درپی (صفت),形,صفت,联系频繁（liánxì pínfán）；频繁发生（pínfán fāshēng）；活动频繁（huódòng pínfán）,近年来两国之间的交流越来越频繁。,Jìnnián lái liǎng guó zhījiān de jiāoliú yuèláiyuè pínfán.,در سال‌های اخیر تبادلات میان دو کشور پیوسته بیشتر شده است.,
981,平等,píng děng,HSK 6,形、名,1,地位、权利、机会或待遇等相同，没有高低或多少的差别（形）,برابر؛ دارای حقوق یا جایگاه یکسان (صفت),形,صفت,地位平等（dìwèi píngděng）；男女平等（nánnǚ píngděng）；平等对待（píngděng duìdài）,每个人都应该得到平等的对待。,Měi ge rén dōu yīnggāi dédào píngděng de duìdài.,با هر فردی باید به‌طور برابر رفتار شود.,
981,平等,píng děng,HSK 6,形、名,2,人们在地位、权利、机会或待遇等方面相同的状态（名）,برابری (اسم),名,اسم,追求平等（zhuīqiú píngděng）；实现平等（shíxiàn píngděng）；自由与平等（zìyóu yǔ píngděng）,法律应该保障所有人的平等。,Fǎlǜ yīnggāi bǎozhàng suǒyǒu rén de píngděng.,قانون باید برابری همه را تضمین کند.,
982,平凡,píng fán,HSK 6,形,1,普通而没有特别突出之处（形）,عادی؛ معمولی (صفت),形,صفت,生活平凡（shēnghuó píngfán）；平凡人物（píngfán rénwù）；平凡岗位（píngfán gǎngwèi）,他过着平凡而幸福的生活。,Tā guòzhe píngfán ér xìngfú de shēnghuó.,او زندگی معمولی اما خوشبختی دارد.,
983,平方,píng fāng,HSK 6,名,1,一个数与它本身相乘所得的数（名）,مربع یک عدد؛ توان دوم (اسم),名,اسم,求平方（qiú píngfāng）；三的平方（sān de píngfāng）；平方等于（píngfāng děngyú）,五的平方是二十五。,Wǔ de píngfāng shì èrshíwǔ.,مربع عدد پنج برابر با بیست‌وپنج است.,
984,平方米,píng fāng mǐ,HSK 6,量,1,面积单位，边长为一米的正方形的面积（量）,متر مربع (واحد اندازه‌گیری),量,واحد اندازه‌گیری,十平方米（shí píngfāngmǐ）；每平方米（měi píngfāngmǐ）；面积为一百平方米（miànjī wéi yìbǎi píngfāngmǐ）,这套房子的面积是一百平方米。,Zhè tào fángzi de miànjī shì yìbǎi píngfāngmǐ.,مساحت این خانه صد متر مربع است.,
985,评估,píng gū,HSK 6,动、名,1,根据一定标准对事物的情况、价值或风险等进行分析和判断（及物动）,ارزیابی کردن؛ سنجیدن (فعل گذرا),及物动,فعل گذرا,评估风险（pínggū fēngxiǎn）；评估价值（pínggū jiàzhí）；全面评估（quánmiàn pínggū）,专家正在评估这个项目的风险。,Zhuānjiā zhèngzài pínggū zhège xiàngmù de fēngxiǎn.,کارشناسان در حال ارزیابی خطرات این پروژه هستند.,
985,评估,píng gū,HSK 6,动、名,2,按照一定标准进行分析和判断的过程或结果（名）,ارزیابی؛ سنجش (اسم),名,اسم,风险评估（fēngxiǎn pínggū）；接受评估（jiēshòu pínggū）；进行评估（jìnxíng pínggū）,项目开始前需要进行全面评估。,Xiàngmù kāishǐ qián xūyào jìnxíng quánmiàn pínggū.,پیش از آغاز پروژه باید ارزیابی جامعی انجام شود.,
986,评论,píng lùn,HSK 6,动、名,1,对人物、事件或作品等发表看法和评价（及物动）,دربارهٔ چیزی نظر دادن؛ نقد کردن (فعل گذرا),及物动,فعل گذرا,评论电影（pínglùn diànyǐng）；评论时事（pínglùn shíshì）；公开评论（gōngkāi pínglùn）,许多观众在网上评论了这部电影。,Xǔduō guānzhòng zài wǎngshàng pínglùn le zhè bù diànyǐng.,بسیاری از تماشاگران در اینترنت دربارهٔ این فیلم نظر دادند.,
986,评论,píng lùn,HSK 6,动、名,2,对人物、事件或作品等发表的看法或评价（名）,نظر؛ نقد؛ دیدگاه (اسم),名,اسم,用户评论（yònghù pínglùn）；发表评论（fābiǎo pínglùn）；新闻评论（xīnwén pínglùn）,这件商品收到了很多正面评论。,Zhè jiàn shāngpǐn shōudào le hěn duō zhèngmiàn pínglùn.,این کالا نظرهای مثبت زیادی دریافت کرده است.,
987,评选,píng xuǎn,HSK 6,动、名,1,通过评价和比较选出优秀的人或事物（及物动）,با ارزیابی برگزیدن؛ انتخاب کردن (فعل گذرا),及物动,فعل گذرا,评选优秀员工（píngxuǎn yōuxiù yuángōng）；评选最佳作品（píngxuǎn zuìjiā zuòpǐn）；公开评选（gōngkāi píngxuǎn）,公司正在评选本年度的优秀员工。,Gōngsī zhèngzài píngxuǎn běn niándù de yōuxiù yuángōng.,شرکت در حال انتخاب کارکنان برتر سال است.,
987,评选,píng xuǎn,HSK 6,动、名,2,通过评价和比较选出优秀对象的活动（名）,گزینش؛ فرایند انتخاب برترین‌ها (اسم),名,اسم,参加评选（cānjiā píngxuǎn）；年度评选（niándù píngxuǎn）；评选结果（píngxuǎn jiéguǒ）,这部作品参加了年度最佳影片评选。,Zhè bù zuòpǐn cānjiā le niándù zuìjiā yǐngpiàn píngxuǎn.,این اثر در گزینش بهترین فیلم سال شرکت کرد.,
988,贫困,pín kùn,HSK 6,形、名,1,生活困难，缺少维持正常生活所需的经济条件（形）,فقیر؛ محروم؛ کم‌برخوردار (صفت),形,صفت,贫困家庭（pínkùn jiātíng）；贫困地区（pínkùn dìqū）；生活贫困（shēnghuó pínkùn）,政府为贫困家庭提供了经济援助。,Zhèngfǔ wèi pínkùn jiātíng tígōng le jīngjì yuánzhù.,دولت به خانواده‌های کم‌برخوردار کمک مالی ارائه کرد.,
988,贫困,pín kùn,HSK 6,形、名,2,缺少维持正常生活所需经济条件的状态（名）,فقر؛ محرومیت اقتصادی (اسم),名,اسم,摆脱贫困（bǎituō pínkùn）；消除贫困（xiāochú pínkùn）；陷入贫困（xiànrù pínkùn）,教育可以帮助人们摆脱贫困。,Jiàoyù kěyǐ bāngzhù rénmen bǎituō pínkùn.,آموزش می‌تواند به مردم کمک کند از فقر رهایی یابند.,
989,频率,pín lǜ,HSK 6,名,1,某种现象在单位时间内发生或重复的次数（名）,بسامد؛ فرکانس؛ میزان تکرار (اسم),名,اسم,发生频率（fāshēng pínlǜ）；使用频率（shǐyòng pínlǜ）；无线电频率（wúxiàndiàn pínlǜ）,这种问题最近发生的频率很高。,Zhè zhǒng wèntí zuìjìn fāshēng de pínlǜ hěn gāo.,این مشکل اخیراً با دفعات زیادی رخ می‌دهد.,
990,坡,pō,HSK 6,名,1,倾斜的地面或表面（名）,شیب؛ سطح شیب‌دار (اسم),名,اسم,坡很陡（pō hěn dǒu）；爬上坡（pá shàng pō）；一个缓坡（yí ge huǎnpō）,前面的坡很陡，骑车要小心。,"Qiánmian de pō hěn dǒu, qí chē yào xiǎoxīn.",شیب پیش رو بسیار تند است؛ هنگام دوچرخه‌سواری احتیاط کنید.,
991,泼,pō,HSK 6,动、形,1,用力把液体向外倒出或洒出（及物动）,مایع را پاشیدن یا ریختن (فعل گذرا),及物动,فعل گذرا,往地上泼水（wǎng dìshang pō shuǐ）；泼了一身水（pō le yì shēn shuǐ）；把水泼出去（bǎ shuǐ pō chūqù）,不要把水泼到别人身上。,Búyào bǎ shuǐ pō dào biérén shēnshang.,آب را روی دیگران نپاش.,
991,泼,pō,HSK 6,动、形,2,性格凶悍、蛮横，不讲道理，口语、贬义（形）,پرخاشگر؛ گستاخ و زورگو، محاوره‌ای و منفی (صفت),形,صفت,脾气很泼（píqi hěn pō）；这个人真泼（zhège rén zhēn pō）；又凶又泼（yòu xiōng yòu pō）,她吵起架来又凶又泼。,Tā chǎo qǐ jià lái yòu xiōng yòu pō.,او هنگام دعوا بسیار پرخاشگر و گستاخ می‌شود.,
992,破产,pò chǎn,HSK 6,动,1,个人或企业因无法偿还债务而在经济上失败（不及物动）,ورشکست شدن (فعل ناگذر),不及物动,فعل ناگذر,宣布破产（xuānbù pòchǎn）；申请破产（shēnqǐng pòchǎn）；面临破产（miànlín pòchǎn）,这家公司因经营困难而破产了。,Zhè jiā gōngsī yīn jīngyíng kùnnan ér pòchǎn le.,این شرکت به‌دلیل مشکلات مالی و عملیاتی ورشکست شد.,
992,破产,pò chǎn,HSK 6,动,2,计划、希望或某种信用等完全失败或丧失，比喻用法（不及物动）,کاملاً شکست خوردن یا از بین رفتن، استعاری (فعل ناگذر),不及物动,فعل ناگذر,计划破产（jìhuà pòchǎn）；希望破产（xīwàng pòchǎn）；信用破产（xìnyòng pòchǎn）,由于资金不足，他们的创业计划破产了。,"Yóuyú zījīn bùzú, tāmen de chuàngyè jìhuà pòchǎn le.",به‌دلیل کمبود سرمایه، برنامهٔ کارآفرینی آن‌ها شکست خورد.,
993,迫切,pò qiè,HSK 6,形,1,需要、愿望或心情十分急切，不能等待（形）,فوری؛ مبرم؛ شدید (صفت),形,صفت,迫切需要（pòqiè xūyào）；愿望迫切（yuànwàng pòqiè）；迫切要求（pòqiè yāoqiú）,我们迫切需要找到解决问题的办法。,Wǒmen pòqiè xūyào zhǎodào jiějué wèntí de bànfǎ.,ما به‌شدت نیاز داریم راهی برای حل این مشکل پیدا کنیم.,
994,扑,pū,HSK 6,动,1,身体突然快速地朝某人或某物冲过去（不及物动）,به‌سمت کسی یا چیزی پریدن؛ هجوم بردن (فعل ناگذر),不及物动,فعل ناگذر,扑向主人（pūxiàng zhǔrén）；猛地扑过去（měng de pū guòqù）；迎面扑来（yíngmiàn pūlái）,小狗一看到主人就扑了过去。,Xiǎogǒu yí kàndào zhǔrén jiù pū le guòqù.,سگ کوچک به‌محض دیدن صاحبش به‌سمت او پرید.,
995,铺,pū,HSK 6,动、名,1,把物品展开或平放在某个表面上（及物动）,پهن کردن؛ گستردن (فعل گذرا),及物动,فعل گذرا,铺地毯（pū dìtǎn）；铺床单（pū chuángdān）；铺在地上（pū zài dìshang）,工作人员正在大厅里铺地毯。,Gōngzuò rényuán zhèngzài dàtīng lǐ pū dìtǎn.,کارکنان در حال پهن‌کردن فرش در سالن هستند.,
995,铺,pū,HSK 6,动、名,2,在道路或地面上铺设石头、砖、水泥等材料（及物动）,سنگ‌فرش یا روکش‌کردن؛ ساختن سطح راه (فعل گذرا),及物动,فعل گذرا,铺水泥（pū shuǐní）；铺石板（pū shíbǎn）；铺一条路（pū yì tiáo lù）,工人们正在用石板铺路。,Gōngrenmen zhèngzài yòng shíbǎn pū lù.,کارگران در حال سنگ‌فرش‌کردن جاده هستند.,
995,铺,pù,HSK 6,动、名,3,出售商品或提供服务的小店，口语中也说“铺子”（名）,مغازهٔ کوچک؛ دکان (اسم),名,اسم,开了个铺（kāi le ge pù）；进铺看看（jìn pù kànkan）；街边的铺（jiēbiān de pù）,他在街边开了个修鞋铺。,Tā zài jiēbiān kāi le ge xiūxié pù.,او کنار خیابان یک دکان تعمیر کفش باز کرد.,
995,铺,pù,HSK 6,动、名,4,供人躺卧的床位，常用于火车、宿舍等场合（名）,تخت؛ جای خواب (اسم),名,اسم,自己的铺（zìjǐ de pù）；铺在上面（pù zài shàngmian）；整理好铺（zhěnglǐ hǎo pù）,他把行李放在自己的铺上。,Tā bǎ xíngli fàng zài zìjǐ de pù shàng.,او وسایلش را روی تخت خودش گذاشت.,
996,扑灭,pū miè,HSK 6,动,1,采取行动使火停止燃烧（及物动）,خاموش کردن؛ مهار کردن آتش (فعل گذرا),及物动,فعل گذرا,扑灭大火（pūmiè dàhuǒ）；及时扑灭（jíshí pūmiè）；成功扑灭（chénggōng pūmiè）,消防员终于扑灭了森林大火。,Xiāofángyuán zhōngyú pūmiè le sēnlín dàhuǒ.,آتش‌نشانان سرانجام آتش‌سوزی گستردهٔ جنگل را خاموش کردند.,
997,朴素,pǔ sù,HSK 6,形,1,生活、衣着或装饰简单，不奢侈、不华丽（形）,ساده؛ بی‌تجمل (صفت),形,صفت,生活朴素（shēnghuó pǔsù）；穿着朴素（chuānzhuó pǔsù）；风格朴素（fēnggé pǔsù）,她平时穿着十分朴素。,Tā píngshí chuānzhuó shífēn pǔsù.,او معمولاً بسیار ساده و بی‌تجمل لباس می‌پوشد.,
997,朴素,pǔ sù,HSK 6,形,2,语言、思想或感情自然真实，不浮夸（形）,ساده و بی‌آلایش؛ صادقانه (صفت),形,صفت,语言朴素（yǔyán pǔsù）；感情朴素（gǎnqíng pǔsù）；朴素的道理（pǔsù de dàolǐ）,这篇文章语言朴素，感情真挚。,"Zhè piān wénzhāng yǔyán pǔsù, gǎnqíng zhēnzhì.",زبان این مقاله ساده و احساس آن صادقانه است.,
998,恰当,qià dàng,HSK 6,形,1,适合具体情况或要求，没有不妥之处（形）,مناسب؛ بجا (صفت),形,صفت,处理恰当（chǔlǐ qiàdàng）；用词恰当（yòngcí qiàdàng）；选择恰当（xuǎnzé qiàdàng）,他用一个恰当的例子解释了这个概念。,Tā yòng yí ge qiàdàng de lìzi jiěshì le zhège gàiniàn.,او این مفهوم را با مثالی مناسب توضیح داد.,
999,恰好,qià hǎo,HSK 6,副,1,在时间、数量或条件等方面正好合适或相同（副）,دقیقاً؛ درست به‌اندازه یا به‌موقع (قید),副,قید,时间恰好（shíjiān qiàhǎo）；数量恰好（shùliàng qiàhǎo）；恰好够用（qiàhǎo gòuyòng）,这些钱恰好够买一张车票。,Zhèxiē qián qiàhǎo gòu mǎi yì zhāng chēpiào.,این پول دقیقاً برای خرید یک بلیت کافی است.,
999,恰好,qià hǎo,HSK 6,副,2,事情碰巧在某个时候发生或情况碰巧如此（副）,اتفاقاً؛ از قضا (قید),副,قید,恰好遇到（qiàhǎo yùdào）；恰好认识（qiàhǎo rènshi）；恰好不在（qiàhǎo bú zài）,我恰好认识负责这个项目的人。,Wǒ qiàhǎo rènshi fùzé zhège xiàngmù de rén.,من اتفاقاً فرد مسئول این پروژه را می‌شناسم.,
1000,牵,qiān,HSK 6,动,1,用手拉着，或用绳子等拉住人或动物，使其跟随或移动（及物动）,دست کسی را گرفتن و همراه بردن؛ حیوانی را با طناب هدایت کردن (فعل گذرا),及物动,فعل گذرا,牵着孩子（qiānzhe háizi）；牵一匹马（qiān yì pǐ mǎ）；用绳子牵着（yòng shéngzi qiānzhe）,妈妈牵着孩子过马路。,Māma qiānzhe háizi guò mǎlù.,مادر دست کودک را گرفت و او را از خیابان عبور داد.,
1001,枪,qiāng,HSK 6,名,1,利用火药或其他动力发射子弹的武器（名）,تفنگ؛ سلاح گرم (اسم),名,اسم,一把枪（yì bǎ qiāng）；拿着枪（názhe qiāng）；开枪射击（kāi qiāng shèjī）,警察在现场发现了一把枪。,Jǐngchá zài xiànchǎng fāxiàn le yì bǎ qiāng.,پلیس یک قبضه اسلحه در محل پیدا کرد.,
1001,枪,qiāng,HSK 6,名,2,古代一种装有尖头的长柄兵器，也用于传统武术（名）,نیزه (اسم),名,اسم,一杆枪（yì gǎn qiāng）；手持长枪（shǒuchí chángqiāng）；练习使枪（liànxí shǐ qiāng）,士兵手里拿着一杆长枪。,Shìbīng shǒu lǐ názhe yì gǎn chángqiāng.,سرباز نیزه‌ای بلند در دست داشت.,
1002,墙壁,qiáng bì,HSK 6,名,1,建筑物中用来分隔或围护空间的垂直表面（名）,دیوار؛ سطح دیوار (اسم),名,اسم,粉刷墙壁（fěnshuā qiángbì）；墙壁上（qiángbì shàng）；白色的墙壁（báisè de qiángbì）,房间的墙壁刚刚粉刷过。,Fángjiān de qiángbì gānggāng fěnshuā guo.,دیوارهای اتاق به‌تازگی رنگ شده‌اند.,
1003,强化,qiáng huà,HSK 6,动,1,使某种能力、作用、意识或管理等变得更强（及物动）,تقویت کردن؛ شدت بخشیدن (فعل گذرا),及物动,فعل گذرا,强化管理（qiánghuà guǎnlǐ）；强化训练（qiánghuà xùnliàn）；强化安全意识（qiánghuà ānquán yìshí）,公司需要进一步强化安全管理。,Gōngsī xūyào jìnyíbù qiánghuà ānquán guǎnlǐ.,شرکت باید مدیریت ایمنی را بیش از پیش تقویت کند.,
1004,强迫,qiǎng pò,HSK 6,动,1,用压力或强制手段使别人做不愿意做的事（及物动）,مجبور کردن؛ به کاری واداشتن (فعل گذرا),及物动,فعل گذرا,强迫别人（qiǎngpò biérén）；强迫接受（qiǎngpò jiēshòu）；强迫某人离开（qiǎngpò mǒurén líkāi）,没有人可以强迫你作出决定。,Méiyǒu rén kěyǐ qiǎngpò nǐ zuòchū juédìng.,هیچ‌کس نمی‌تواند تو را به تصمیم‌گیری مجبور کند.,
1005,强壮,qiáng zhuàng,HSK 6,形,1,身体健康、有力（形）,قوی؛ نیرومند؛ تنومند (صفت),形,صفت,身体强壮（shēntǐ qiángzhuàng）；长得强壮（zhǎng de qiángzhuàng）；变得更强壮（biàn de gèng qiángzhuàng）,坚持锻炼能让身体变得更强壮。,Jiānchí duànliàn néng ràng shēntǐ biàn de gèng qiángzhuàng.,ورزش منظم می‌تواند بدن را قوی‌تر کند.,
1006,千家万户,qiān jiā wàn hù,HSK 6,名,1,数量非常多的家庭（名）,هزاران خانوار؛ خانواده‌های بی‌شمار (اسم),名,اسم,走进千家万户（zǒujìn qiānjiā-wànhù）；影响千家万户（yǐngxiǎng qiānjiā-wànhù）；服务千家万户（fúwù qiānjiā-wànhù）,这项政策关系到千家万户的生活。,Zhè xiàng zhèngcè guānxì dào qiānjiā-wànhù de shēnghuó.,این سیاست با زندگی هزاران خانوار ارتباط دارد.,
1007,前景,qián jǐng,HSK 6,名,1,事物未来发展的可能性和趋势（名）,چشم‌انداز؛ دورنمای آینده (اسم),名,اسم,发展前景（fāzhǎn qiánjǐng）；市场前景（shìchǎng qiánjǐng）；前景广阔（qiánjǐng guǎngkuò）,这个行业的发展前景十分广阔。,Zhège hángyè de fāzhǎn qiánjǐng shífēn guǎngkuò.,این صنعت چشم‌انداز توسعهٔ بسیار گسترده‌ای دارد.,
1007,前景,qián jǐng,HSK 6,名,2,画面、舞台或视野中靠近观察者的部分（名）,پیش‌زمینه (اسم),名,اسم,画面前景（huàmiàn qiánjǐng）；前景清晰（qiánjǐng qīngxī）；作为前景（zuòwéi qiánjǐng）,摄影师把花朵安排在画面的前景。,Shèyǐngshī bǎ huāduǒ ānpái zài huàmiàn de qiánjǐng.,عکاس گل‌ها را در پیش‌زمینهٔ تصویر قرار داد.,
1008,潜力,qián lì,HSK 6,名,1,尚未表现出来、但可能得到发挥的能力或发展可能（名）,استعداد نهفته؛ ظرفیت رشد؛ پتانسیل (اسم),名,اسم,发挥潜力（fāhuī qiánlì）；发展潜力（fāzhǎn qiánlì）；潜力巨大（qiánlì jùdà）,这个年轻人很有潜力。,Zhège niánqīngrén hěn yǒu qiánlì.,این جوان استعداد و ظرفیت رشد زیادی دارد.,
1009,前期,qián qī,HSK 6,名,1,某个过程或时期开始后的前一阶段（名）,مرحلهٔ اولیه؛ دورهٔ آغازین (اسم),名,اسم,项目前期（xiàngmù qiánqī）；前期准备（qiánqī zhǔnbèi）；前期工作（qiánqī gōngzuò）,项目目前还处于前期准备阶段。,Xiàngmù mùqián hái chǔyú qiánqī zhǔnbèi jiēduàn.,این پروژه در حال حاضر هنوز در مرحلهٔ آماده‌سازی اولیه است.,
1010,前提,qián tí,HSK 6,名,1,某件事成立或实现所必须具备的条件（名）,پیش‌شرط؛ شرط لازم (اسم),名,اسم,基本前提（jīběn qiántí）；以安全为前提（yǐ ānquán wéi qiántí）；在此前提下（zài cǐ qiántí xià）,相互信任是长期合作的重要前提。,Xiānghù xìnrèn shì chángqī hézuò de zhòngyào qiántí.,اعتماد متقابل پیش‌شرط مهم همکاری بلندمدت است.,
1010,前提,qián tí,HSK 6,名,2,推理或论证开始时作为依据的判断，逻辑学用语（名）,مقدمهٔ استدلال، در منطق (اسم),名,اسم,大前提（dà qiántí）；小前提（xiǎo qiántí）；推理前提（tuīlǐ qiántí）,如果前提不成立，推理的结论也可能是错误的。,"Rúguǒ qiántí bù chénglì, tuīlǐ de jiélùn yě kěnéng shì cuòwù de.",اگر مقدمه درست نباشد، نتیجهٔ استدلال نیز ممکن است نادرست باشد.,
1011,谦虚,qiān xū,HSK 6,形,1,不自满、不夸大自己的能力，并愿意接受别人的意见（形）,فروتن؛ متواضع (صفت),形,صفت,保持谦虚（bǎochí qiānxū）；为人谦虚（wéirén qiānxū）；谦虚好学（qiānxū hàoxué）,他虽然取得了很大成功，但仍然很谦虚。,"Tā suīrán qǔdé le hěn dà chénggōng, dàn réngrán hěn qiānxū.",او با وجود موفقیت‌های بزرگ، همچنان بسیار متواضع است.,
1012,前者,qián zhě,HSK 6,名,1,前面提到的两个人或事物中的第一个（名）,مورد اول؛ اولی (اسم),名,اسم,前者与后者（qiánzhě yǔ hòuzhě）；选择前者（xuǎnzé qiánzhě）；前者更重要（qiánzhě gèng zhòngyào）,这两个方案中，我更喜欢前者。,"Zhè liǎng ge fāng’àn zhōng, wǒ gèng xǐhuan qiánzhě.",از میان این دو طرح، من اولی را بیشتر می‌پسندم.,
1013,瞧,qiáo,HSK 6,动,1,看；观察，口语（动）,نگاه کردن؛ دیدن، محاوره‌ای (فعل),动,فعل,瞧一眼（qiáo yì yǎn）；让我瞧瞧（ràng wǒ qiáoqiao）；往外瞧（wǎng wài qiáo）,让我瞧瞧你买了什么。,Ràng wǒ qiáoqiao nǐ mǎi le shénme.,بگذار ببینم چه خریده‌ای.,
1014,桥梁,qiáo liáng,HSK 6,名,1,架设在河流、山谷或道路等上面，供人和车辆通行的建筑物（名）,پل (اسم),名,اسم,修建桥梁（xiūjiàn qiáoliáng）；桥梁工程（qiáoliáng gōngchéng）；桥梁结构（qiáoliáng jiégòu）,工程师正在检查这座桥梁的结构。,Gōngchéngshī zhèngzài jiǎnchá zhè zuò qiáoliáng de jiégòu.,مهندسان در حال بررسی سازهٔ این پل هستند.,
1014,桥梁,qiáo liáng,HSK 6,名,2,使不同的人、组织或事物建立联系的中间力量，比喻用法（名）,پل ارتباطی، استعاری (اسم),名,اسم,友谊的桥梁（yǒuyì de qiáoliáng）；沟通的桥梁（gōutōng de qiáoliáng）；搭建桥梁（dājiàn qiáoliáng）,语言是不同文化之间沟通的桥梁。,Yǔyán shì bùtóng wénhuà zhījiān gōutōng de qiáoliáng.,زبان پل ارتباطی میان فرهنگ‌های مختلف است.,
1015,巧妙,qiǎo miào,HSK 6,形,1,方法、设计或安排等灵活高明，能够很好地解决问题（形）,هوشمندانه؛ ماهرانه (صفت),形,صفت,设计巧妙（shèjì qiǎomiào）；构思巧妙（gòusī qiǎomiào）；方法巧妙（fāngfǎ qiǎomiào）,他用一种巧妙的方法解决了这个问题。,Tā yòng yì zhǒng qiǎomiào de fāngfǎ jiějué le zhège wèntí.,او این مشکل را با روشی هوشمندانه حل کرد.,
1016,恰恰,qià qià,HSK 6,副,1,正好如此，常强调事实与预想或所说的情况相反（副）,دقیقاً؛ درست، اغلب برخلاف انتظار (قید),副,قید,恰恰相反（qiàqià xiāngfǎn）；恰恰说明（qiàqià shuōmíng）；恰恰是（qiàqià shì）,他的沉默恰恰说明他很在意这件事。,Tā de chénmò qiàqià shuōmíng tā hěn zàiyì zhè jiàn shì.,سکوت او دقیقاً نشان می‌دهد که این موضوع برایش مهم است.,
1017,起初,qǐ chū,HSK 6,名,1,事情刚开始的一段时间（名）,ابتدا؛ اوایل (اسم زمانی),名,اسم زمانی,起初以为（qǐchū yǐwéi）；起初并不知道（qǐchū bìng bù zhīdào）；起初的计划（qǐchū de jìhuà）,起初我不太习惯这里的生活。,Qǐchū wǒ bú tài xíguàn zhèlǐ de shēnghuó.,اوایل چندان به زندگی در اینجا عادت نداشتم.,
1018,起点,qǐ diǎn,HSK 6,名,1,道路、比赛或某个发展过程开始的地方或阶段（名）,نقطهٔ آغاز؛ مبدأ (اسم),名,اسم,比赛起点（bǐsài qǐdiǎn）；回到起点（huídào qǐdiǎn）；新的起点（xīn de qǐdiǎn）,大学毕业是她人生的一个新起点。,Dàxué bìyè shì tā rénshēng de yí ge xīn qǐdiǎn.,فارغ‌التحصیلی از دانشگاه نقطهٔ آغاز تازه‌ای در زندگی اوست.,
1019,启动,qǐ dòng,HSK 6,动,1,使机器、设备或系统开始运行，或自身开始运行（动）,راه‌اندازی کردن؛ شروع به کار کردن (فعل),动,فعل,启动电脑（qǐdòng diànnǎo）；启动系统（qǐdòng xìtǒng）；无法启动（wúfǎ qǐdòng）,按下这个按钮就可以启动机器。,Ànxià zhège ànniǔ jiù kěyǐ qǐdòng jīqì.,با فشردن این دکمه می‌توان دستگاه را راه‌اندازی کرد.,
1019,启动,qǐ dòng,HSK 6,动,2,使项目、计划或活动正式开始实施，或正式开始实施（动）,آغاز و اجرایی کردن؛ رسماً آغاز شدن (فعل),动,فعل,启动项目（qǐdòng xiàngmù）；启动计划（qǐdòng jìhuà）；正式启动（zhèngshì qǐdòng）,新的研究项目已经正式启动。,Xīn de yánjiū xiàngmù yǐjīng zhèngshì qǐdòng.,پروژهٔ پژوهشی جدید رسماً آغاز شده است.,
1020,切实,qiè shí,HSK 6,形、副,1,符合实际情况，能够真正解决问题或产生效果的（形）,عملی؛ واقعی و مؤثر (صفت),形,صفت,切实可行（qièshí kěxíng）；切实措施（qièshí cuòshī）；切实有效（qièshí yǒuxiào）,我们需要制定一个切实可行的计划。,Wǒmen xūyào zhìdìng yí ge qièshí kěxíng de jìhuà.,ما باید برنامه‌ای عملی و قابل‌اجرا تدوین کنیم.,
1020,切实,qiè shí,HSK 6,形、副,2,认真而实际地，确保取得真正效果，正式用语（副）,به‌طور جدی و عملی؛ به‌گونه‌ای مؤثر (قید),副,قید,切实加强（qièshí jiāqiáng）；切实解决（qièshí jiějué）；切实保障（qièshí bǎozhàng）,政府应该切实解决居民面临的困难。,Zhèngfǔ yīnggāi qièshí jiějué jūmín miànlín de kùnnan.,دولت باید مشکلات پیش روی ساکنان را به‌طور جدی و عملی حل کند.,
1021,启发,qǐ fā,HSK 6,动、名,1,通过引导使人产生新的认识、想法或思路（及物动）,ذهن کسی را باز کردن؛ به فکر واداشتن (فعل گذرا),及物动,فعل گذرا,启发学生思考（qǐfā xuéshēng sīkǎo）；启发思维（qǐfā sīwéi）；启发想象力（qǐfā xiǎngxiànglì）,老师用一个问题启发学生独立思考。,Lǎoshī yòng yí ge wèntí qǐfā xuéshēng dúlì sīkǎo.,معلم با طرح یک سؤال، دانش‌آموزان را به تفکر مستقل واداشت.,
1021,启发,qǐ fā,HSK 6,动、名,2,使人产生新认识或新想法的影响（名）,الهام؛ ایده و بینش تازه (اسم),名,اسم,受到启发（shòudào qǐfā）；得到启发（dédào qǐfā）；很有启发（hěn yǒu qǐfā）,他的经验给了我很大的启发。,Tā de jīngyàn gěi le wǒ hěn dà de qǐfā.,تجربهٔ او بینش و ایده‌های تازه‌ای به من داد.,
1022,气氛,qì fēn,HSK 6,名,1,某个环境或群体中给人感受到的情绪和状态（名）,فضا؛ جو؛ حال‌وهوا (اسم),名,اسم,气氛热烈（qìfēn rèliè）；营造气氛（yíngzào qìfēn）；紧张的气氛（jǐnzhāng de qìfēn）,会议现场的气氛非常热烈。,Huìyì xiànchǎng de qìfēn fēicháng rèliè.,فضای جلسه بسیار پرشور بود.,
1023,其间,qí jiān,HSK 6,名,1,在前面所说的那段时间里，书面语（名）,در آن مدت؛ در این فاصله، رسمی (اسم زمانی),名,اسم زمانی,其间发生（qíjiān fāshēng）；其间曾经（qíjiān céngjīng）；其间没有中断（qíjiān méiyǒu zhōngduàn）,他在国外生活了五年，其间回国两次。,"Tā zài guówài shēnghuó le wǔ nián, qíjiān huíguó liǎng cì.",او پنج سال در خارج از کشور زندگی کرد و در این مدت دو بار به کشور بازگشت.,
1023,其间,qí jiān,HSK 6,名,2,在前面所说的事物、地点或范围中间，书面语（名）,در میان آن‌ها؛ در محدودهٔ موردنظر، رسمی (اسم مکانی),名,اسم مکانی,穿行其间（chuānxíng qíjiān）；置身其间（zhìshēn qíjiān）；其间有一条河（qíjiān yǒu yì tiáo hé）,两座山相对而立，其间有一条小河。,"Liǎng zuò shān xiāngduì ér lì, qíjiān yǒu yì tiáo xiǎohé.",دو کوه روبه‌روی هم قرار دارند و رود کوچکی میان آن‌ها جاری است.,
1024,清,qīng,HSK 6,形、动、专,1,液体透明、纯净，没有混浊或杂质（形）,زلال؛ شفاف؛ پاک (صفت),形,صفت,水很清（shuǐ hěn qīng）；清得见底（qīng de jiàndǐ）；又清又凉（yòu qīng yòu liáng）,这里的河水很清，可以看见水底。,"Zhèlǐ de héshuǐ hěn qīng, kěyǐ kànjiàn shuǐdǐ.",آب رودخانهٔ اینجا بسیار زلال است و می‌توان کف آن را دید.,
1024,清,qīng,HSK 6,形、动、专,2,清楚、明白，常用在动词后作结果补语（形）,روشن؛ واضح، اغلب در نقش مکمل نتیجه (صفت),形,صفت,听清（tīngqīng）；说清（shuōqīng）；弄清事实（nòngqīng shìshí）,我没听清他说了什么。,Wǒ méi tīngqīng tā shuō le shénme.,من درست نشنیدم که او چه گفت.,
1024,清,qīng,HSK 6,形、动、专,3,除去不需要的东西，使某处干净或空出来（及物动）,پاک‌سازی کردن؛ خالی کردن (فعل گذرا),及物动,فعل گذرا,清一下桌子（qīng yíxià zhuōzi）；把房间清空（bǎ fángjiān qīngkōng）；清出一块地方（qīngchū yí kuài dìfang）,请先把桌子上的东西清一清。,Qǐng xiān bǎ zhuōzi shàng de dōngxi qīng yi qīng.,لطفاً ابتدا وسایل روی میز را جمع و میز را خالی کنید.,
1024,清,Qīng,HSK 6,形、动、专,4,中国历史上的清朝（专）,دودمان چینگ (اسم خاص),专,اسم خاص,明清时期（Míng-Qīng shíqī）；清末（Qīngmò）；清初（Qīngchū）,这座建筑始建于清初。,Zhè zuò jiànzhù shǐjiàn yú Qīngchū.,ساخت این بنا در اوایل دورهٔ دودمان چینگ آغاز شد.,
1025,清晨,qīng chén,HSK 6,名,1,太阳出来前后的一段早晨时间（名）,صبح زود؛ سحرگاه (اسم),名,اسم,清晨出发（qīngchén chūfā）；清晨散步（qīngchén sànbù）；清晨时分（qīngchén shífēn）,我喜欢在清晨出去散步。,Wǒ xǐhuan zài qīngchén chūqù sànbù.,من دوست دارم صبح زود برای پیاده‌روی بیرون بروم.,
1026,青春,qīng chūn,HSK 6,名,1,从少年到成年初期的一段年轻时期，也指这一时期的活力（名）,جوانی؛ دوران و شور جوانی (اسم),名,اسم,珍惜青春（zhēnxī qīngchūn）；充满青春活力（chōngmǎn qīngchūn huólì）；奉献青春（fèngxiàn qīngchūn）,她把最美好的青春献给了教育事业。,Tā bǎ zuì měihǎo de qīngchūn xiàn gěi le jiàoyù shìyè.,او بهترین سال‌های جوانی‌اش را وقف آموزش کرد.,
1027,青春期,qīng chūn qī,HSK 6,名,1,儿童逐渐发育为成年人的生理和心理过渡时期（名）,دوران بلوغ؛ دورهٔ گذار به بزرگسالی (اسم),名,اسم,进入青春期（jìnrù qīngchūnqī）；青春期变化（qīngchūnqī biànhuà）；青春期教育（qīngchūnqī jiàoyù）,孩子进入青春期后，身体和心理都会发生变化。,"Háizi jìnrù qīngchūnqī hòu, shēntǐ hé xīnlǐ dōu huì fāshēng biànhuà.",با ورود کودک به دوران بلوغ، جسم و روان او دستخوش تغییر می‌شود.,
1028,清淡,qīng dàn,HSK 6,形,1,食物油、盐或调味料较少，味道不浓（形）,سبک؛ کم‌چرب و کم‌نمک؛ ملایم (صفت),形,صفت,饮食清淡（yǐnshí qīngdàn）；口味清淡（kǒuwèi qīngdàn）；清淡的饭菜（qīngdàn de fàncài）,医生建议他最近吃得清淡一些。,Yīshēng jiànyì tā zuìjìn chī de qīngdàn yìxiē.,پزشک به او توصیه کرد این روزها غذاهای سبک‌تری بخورد.,
1028,清淡,qīng dàn,HSK 6,形,2,颜色、风格等较浅或不浓重（形）,ملایم؛ کم‌رنگ؛ ساده (صفت),形,صفت,颜色清淡（yánsè qīngdàn）；色彩清淡（sècǎi qīngdàn）；风格清淡（fēnggé qīngdàn）,这幅画的色彩比较清淡。,Zhè fú huà de sècǎi bǐjiào qīngdàn.,رنگ‌های این نقاشی نسبتاً ملایم است.,
1028,清淡,qīng dàn,HSK 6,形,3,生意、市场或活动不活跃、不繁忙（形）,کم‌رونق؛ کساد (صفت),形,صفت,生意清淡（shēngyi qīngdàn）；市场清淡（shìchǎng qīngdàn）；交易清淡（jiāoyì qīngdàn）,这家餐厅最近生意比较清淡。,Zhè jiā cāntīng zuìjìn shēngyi bǐjiào qīngdàn.,کسب‌وکار این رستوران اخیراً نسبتاً کم‌رونق بوده است.,
1029,情节,qíng jié,HSK 6,名,1,小说、电影、戏剧等作品中事件发展变化的过程和内容（名）,پیرنگ؛ خط داستانی؛ روند ماجراها (اسم),名,اسم,故事情节（gùshi qíngjié）；情节复杂（qíngjié fùzá）；推动情节发展（tuīdòng qíngjié fāzhǎn）,这部电影的情节紧张而且很吸引人。,Zhè bù diànyǐng de qíngjié jǐnzhāng érqiě hěn xīyǐn rén.,پیرنگ این فیلم پرتنش و بسیار جذاب است.,
1029,情节,qíng jié,HSK 6,名,2,事件或案件中与性质和严重程度有关的具体情况（名）,جزئیات و شرایط یک رویداد یا پرونده (اسم),名,اسم,犯罪情节（fànzuì qíngjié）；情节严重（qíngjié yánzhòng）；情节轻微（qíngjié qīngwēi）,法院认为他的违法情节比较轻微。,Fǎyuàn rènwéi tā de wéifǎ qíngjié bǐjiào qīngwēi.,دادگاه تشخیص داد که تخلف او از شدت زیادی برخوردار نبوده است.,
1030,清洁,qīng jié,HSK 6,动、形,1,除去灰尘、污垢等，使某处或某物干净（及物动）,تمیز کردن؛ پاک‌سازی کردن (فعل گذرا),及物动,فعل گذرا,清洁房间（qīngjié fángjiān）；清洁设备（qīngjié shèbèi）；彻底清洁（chèdǐ qīngjié）,工作人员每天都会清洁办公室。,Gōngzuò rényuán měitiān dōu huì qīngjié bàngōngshì.,کارکنان هر روز دفتر را تمیز می‌کنند.,
1030,清洁,qīng jié,HSK 6,动、形,2,没有灰尘、污垢或污染的（形）,پاکیزه؛ پاک و بدون آلودگی (صفت),形,صفت,环境清洁（huánjìng qīngjié）；清洁能源（qīngjié néngyuán）；保持清洁（bǎochí qīngjié）,使用清洁能源有助于减少空气污染。,Shǐyòng qīngjié néngyuán yǒuzhù yú jiǎnshǎo kōngqì wūrǎn.,استفاده از انرژی پاک به کاهش آلودگی هوا کمک می‌کند.,
1031,晴朗,qíng lǎng,HSK 6,形,1,天空没有或很少有云雾，光线明亮（形）,صاف؛ آفتابی (صفت),形,صفت,天气晴朗（tiānqì qínglǎng）；天空晴朗（tiānkōng qínglǎng）；晴朗的早晨（qínglǎng de zǎochén）,今天天气晴朗，很适合出去散步。,"Jīntiān tiānqì qínglǎng, hěn shìhé chūqù sànbù.",امروز هوا صاف و آفتابی است و برای پیاده‌روی بسیار مناسب است.,
1032,清理,qīng lǐ,HSK 6,动,1,除去没有用或不需要的东西，并整理干净（及物动）,پاک‌سازی و مرتب کردن (فعل گذرا),及物动,فعل گذرا,清理垃圾（qīnglǐ lājī）；清理房间（qīnglǐ fángjiān）；清理现场（qīnglǐ xiànchǎng）,活动结束后，工作人员开始清理现场。,"Huódòng jiéshù hòu, gōngzuò rényuán kāishǐ qīnglǐ xiànchǎng.",پس از پایان برنامه، کارکنان پاک‌سازی محل را آغاز کردند.,
1033,清扫,qīng sǎo,HSK 6,动,1,用扫、擦等方式清除垃圾、灰尘、积雪等（及物动）,جارو و تمیز کردن (فعل گذرا),及物动,فعل گذرا,清扫街道（qīngsǎo jiēdào）；清扫地面（qīngsǎo dìmiàn）；清扫积雪（qīngsǎo jīxuě）,清洁工每天早晨清扫街道。,Qīngjiégōng měitiān zǎochén qīngsǎo jiēdào.,رفتگران هر روز صبح خیابان‌ها را جارو و تمیز می‌کنند.,
1034,倾听,qīng tīng,HSK 6,动,1,认真、专心地听别人说话或听某种声音，较正式（及物动）,با دقت گوش دادن، رسمی (فعل گذرا),及物动,فعل گذرا,倾听意见（qīngtīng yìjiàn）；耐心倾听（nàixīn qīngtīng）；倾听内心的声音（qīngtīng nèixīn de shēngyīn）,我们应该耐心倾听别人的意见。,Wǒmen yīnggāi nàixīn qīngtīng biérén de yìjiàn.,باید با حوصله به نظرهای دیگران گوش دهیم.,
1035,清洗,qīng xǐ,HSK 6,动,1,用水、清洁剂或专门设备除去物体上的污垢（及物动）,شستن؛ تمیز کردن (فعل گذرا),及物动,فعل گذرا,清洗衣物（qīngxǐ yīwù）；清洗设备（qīngxǐ shèbèi）；彻底清洗（chèdǐ qīngxǐ）,这些设备需要定期清洗。,Zhèxiē shèbèi xūyào dìngqī qīngxǐ.,این تجهیزات باید به‌طور منظم شسته و تمیز شوند.,
1035,清洗,qīng xǐ,HSK 6,动,2,检查数据并删除、修改无效或错误的内容，计算机和统计用语（及物动）,پاک‌سازی داده‌ها، در رایانه و آمار (فعل گذرا),及物动,فعل گذرا,清洗数据（qīngxǐ shùjù）；数据清洗（shùjù qīngxǐ）；自动清洗（zìdòng qīngxǐ）,分析数据前必须先清洗原始数据。,Fēnxī shùjù qián bìxū xiān qīngxǐ yuánshǐ shùjù.,پیش از تحلیل داده‌ها باید ابتدا داده‌های خام را پاک‌سازی کرد.,
1035,清洗,qīng xǐ,HSK 6,动,3,用强制手段排除组织中的某些成员，常用于政治语境、贬义（及物动）,تصفیه کردن، در بافت سیاسی و با بار منفی (فعل گذرا),及物动,فعل گذرا,清洗反对者（qīngxǐ fǎnduìzhě）；进行政治清洗（jìnxíng zhèngzhì qīngxǐ）；遭到清洗（zāodào qīngxǐ）,不少反对者在那场政治运动中遭到清洗。,Bùshǎo fǎnduìzhě zài nà chǎng zhèngzhì yùndòng zhōng zāodào qīngxǐ.,بسیاری از مخالفان در آن جنبش سیاسی تصفیه شدند.,
1036,清晰,qīng xī,HSK 6,形,1,图像、声音、思路或表达等清楚，容易看见、听见或理解（形）,واضح؛ روشن (صفت),形,صفت,画面清晰（huàmiàn qīngxī）；声音清晰（shēngyīn qīngxī）；表达清晰（biǎodá qīngxī）,录音里的声音非常清晰。,Lùyīn lǐ de shēngyīn fēicháng qīngxī.,صدا در فایل ضبط‌شده بسیار واضح است.,
1037,倾向,qīng xiàng,HSK 6,名、动,1,思想、行为或事物发展所表现出的方向（名）,گرایش؛ تمایل (اسم),名,اسم,政治倾向（zhèngzhì qīngxiàng）；发展倾向（fāzhǎn qīngxiàng）；明显的倾向（míngxiǎn de qīngxiàng）,调查结果显示出明显的消费倾向。,Diàochá jiéguǒ xiǎnshìchū míngxiǎn de xiāofèi qīngxiàng.,نتایج بررسی گرایش مصرفی مشخصی را نشان می‌دهد.,
1037,倾向,qīng xiàng,HSK 6,名、动,2,在几种选择或看法中比较愿意接受其中一种，常与“于”连用（不及物动）,تمایل داشتن؛ متمایل بودن (فعل ناگذر),不及物动,فعل ناگذر,倾向于同意（qīngxiàng yú tóngyì）；更倾向于（gèng qīngxiàng yú）；倾向于选择（qīngxiàng yú xuǎnzé）,年轻消费者更倾向于在网上购物。,Niánqīng xiāofèizhě gèng qīngxiàng yú zài wǎngshàng gòuwù.,مصرف‌کنندگان جوان بیشتر به خرید اینترنتی تمایل دارند.,
1038,情形,qíng xíng,HSK 6,名,1,事情发生、发展或存在的具体状态，较正式（名）,وضعیت؛ شرایط، رسمی (اسم),名,اسم,实际情形（shíjì qíngxíng）；了解情形（liǎojiě qíngxíng）；特殊情形（tèshū qíngxíng）,我们需要先了解事情的具体情形。,Wǒmen xūyào xiān liǎojiě shìqing de jùtǐ qíngxíng.,ابتدا باید از وضعیت دقیق ماجرا آگاه شویم.,
1039,清醒,qīng xǐng,HSK 6,形,1,从睡眠、昏迷或醉酒等状态中醒来，能够感知周围情况（形）,به‌هوش؛ هوشیار (صفت),形,صفت,保持清醒（bǎochí qīngxǐng）；恢复清醒（huīfù qīngxǐng）；意识清醒（yìshí qīngxǐng）,病人已经恢复清醒，可以正常交流了。,"Bìngrén yǐjīng huīfù qīngxǐng, kěyǐ zhèngcháng jiāoliú le.",بیمار به هوش آمده و اکنون می‌تواند به‌طور عادی صحبت کند.,
1039,清醒,qīng xǐng,HSK 6,形,2,头脑冷静，能够正确认识和判断事物（形）,آگاه؛ هوشیار و واقع‌بین (صفت),形,صفت,头脑清醒（tóunǎo qīngxǐng）；清醒认识（qīngxǐng rènshi）；保持清醒判断（bǎochí qīngxǐng pànduàn）,面对复杂局面，我们必须保持清醒的头脑。,"Miànduì fùzá júmiàn, wǒmen bìxū bǎochí qīngxǐng de tóunǎo.",در رویارویی با شرایط پیچیده باید هوشیار و واقع‌بین بمانیم.,
1040,勤劳,qín láo,HSK 6,形,1,努力劳动，不怕辛苦、不懒惰（形）,سخت‌کوش؛ کوشا (صفت),形,صفت,勤劳的人（qínláo de rén）；勤劳勇敢（qínláo yǒnggǎn）；勤劳朴实（qínláo pǔshí）,当地人民以勤劳和朴实著称。,Dāngdì rénmín yǐ qínláo hé pǔshí zhùchēng.,مردم آن منطقه به سخت‌کوشی و سادگی شهرت دارند.,
1041,亲密,qīn mì,HSK 6,形,1,人与人之间关系很近、感情深厚（形）,صمیمی؛ نزدیک (صفت),形,صفت,关系亲密（guānxì qīnmì）；亲密朋友（qīnmì péngyou）；十分亲密（shífēn qīnmì）,他们从小就是非常亲密的朋友。,Tāmen cóngxiǎo jiù shì fēicháng qīnmì de péngyou.,آن‌ها از کودکی دوستان بسیار صمیمی بوده‌اند.,
1042,亲属,qīn shǔ,HSK 6,名,1,因血缘或婚姻关系而形成的家庭成员和亲戚，较正式（名）,خویشاوند؛ بستگان، رسمی (اسم),名,اسم,亲属关系（qīnshǔ guānxì）；联系亲属（liánxì qīnshǔ）；直系亲属（zhíxì qīnshǔ）,医院已经联系了伤者的亲属。,Yīyuàn yǐjīng liánxì le shāngzhě de qīnshǔ.,بیمارستان با بستگان فرد مصدوم تماس گرفته است.,
1043,欺骗,qī piàn,HSK 6,动、名,1,用谎话、假象或不正当手段使别人产生错误认识（及物动）,فریب دادن؛ گول زدن (فعل گذرا),及物动,فعل گذرا,欺骗消费者（qīpiàn xiāofèizhě）；故意欺骗（gùyì qīpiàn）；欺骗自己（qīpiàn zìjǐ）,他不应该用谎话欺骗自己的朋友。,Tā bù yīnggāi yòng huǎnghuà qīpiàn zìjǐ de péngyou.,او نباید با دروغ دوستانش را فریب دهد.,
1043,欺骗,qī piàn,HSK 6,动、名,2,使人产生错误认识的不诚实行为（名）,فریب؛ نیرنگ (اسم),名,اسم,受到欺骗（shòudào qīpiàn）；一种欺骗（yì zhǒng qīpiàn）；揭穿欺骗（jiēchuān qīpiàn）,他后来才发现这一切都是欺骗。,Tā hòulái cái fāxiàn zhè yíqiè dōu shì qīpiàn.,او تازه بعداً فهمید که همهٔ این‌ها فریب بوده است.,
1044,齐全,qí quán,HSK 6,形,1,种类或应有的东西完整，没有缺少（形）,کامل؛ دارای همهٔ موارد لازم (صفت),形,صفت,设备齐全（shèbèi qíquán）；资料齐全（zīliào qíquán）；手续齐全（shǒuxù qíquán）,这家医院设备齐全，能够进行多种检查。,"Zhè jiā yīyuàn shèbèi qíquán, nénggòu jìnxíng duō zhǒng jiǎnchá.",این بیمارستان تجهیزات کاملی دارد و می‌تواند آزمایش‌های گوناگونی انجام دهد.,
1045,启示,qǐ shì,HSK 6,动、名,1,通过某件事使人认识到某种道理（及物动）,درسی به کسی دادن؛ باعث رسیدن به بینشی شدن (فعل گذرا),及物动,فعل گذرا,启示我们（qǐshì wǒmen）；深刻启示（shēnkè qǐshì）；历史启示人们（lìshǐ qǐshì rénmen）,这次失败启示我们必须做好充分准备。,Zhè cì shībài qǐshì wǒmen bìxū zuòhǎo chōngfèn zhǔnbèi.,این شکست به ما آموخت که باید کاملاً آماده باشیم.,
1045,启示,qǐ shì,HSK 6,动、名,2,从经历、事件或作品中领悟到的道理或认识（名）,درس؛ بینش (اسم),名,اسم,得到启示（dédào qǐshì）；重要启示（zhòngyào qǐshì）；带来启示（dàilái qǐshì）,这次经历给了我很多启示。,Zhè cì jīnglì gěi le wǒ hěn duō qǐshì.,این تجربه درس‌ها و بینش‌های زیادی به من داد.,
1046,启事,qǐ shì,HSK 6,名,1,为了公开说明或寻找某件事物而刊登、张贴的简短文字（名）,اعلان؛ اطلاعیهٔ عمومی (اسم),名,اسم,招聘启事（zhāopìn qǐshì）；寻人启事（xúnrén qǐshì）；遗失启事（yíshī qǐshì）,公司在网上发布了一则招聘启事。,Gōngsī zài wǎngshàng fābù le yì zé zhāopìn qǐshì.,شرکت یک آگهی استخدام در اینترنت منتشر کرد.,
1047,气体,qì tǐ,HSK 6,名,1,没有固定形状和体积、能自由扩散的一种物质状态或处于这种状态的物质（名）,گاز؛ ماده در حالت گازی (اسم),名,اسم,有害气体（yǒuhài qìtǐ）；气体压力（qìtǐ yālì）；释放气体（shìfàng qìtǐ）,这种气体对人体有害。,Zhè zhǒng qìtǐ duì réntǐ yǒuhài.,این گاز برای بدن انسان مضر است.,
1048,求,qiú,HSK 6,动,1,恳切地请求别人做某事（及物动）,التماس یا خواهش کردن (فعل گذرا),及物动,فعل گذرا,求你帮忙（qiú nǐ bāngmáng）；求人办事（qiú rén bànshì）；苦苦地求（kǔkǔ de qiú）,我求你再给我一次机会。,Wǒ qiú nǐ zài gěi wǒ yí cì jīhuì.,از تو خواهش می‌کنم یک فرصت دیگر به من بدهی.,
1048,求,qiú,HSK 6,动,2,设法获得或追求某种事物、目标或状态（及物动）,در پی چیزی بودن؛ به‌دنبال به‌دست‌آوردن چیزی بودن (فعل گذرا),及物动,فعل گذرا,求发展（qiú fāzhǎn）；求和平（qiú hépíng）；不求回报（bù qiú huíbào）,他帮助别人从来不求回报。,Tā bāngzhù biérén cónglái bù qiú huíbào.,او هنگام کمک به دیگران هرگز انتظار جبران ندارد.,
1048,求,qiú,HSK 6,动,3,通过计算或推理得出答案或数值（及物动）,محاسبه یا پیدا کردنِ پاسخ (فعل گذرا),及物动,فعل گذرا,求面积（qiú miànjī）；求答案（qiú dá’àn）；求未知数（qiú wèizhīshù）,请先求出这个图形的面积。,Qǐng xiān qiúchū zhège túxíng de miànjī.,لطفاً ابتدا مساحت این شکل را محاسبه کنید.,
1049,求婚,qiú hūn,HSK 6,动、名,1,请求对方与自己结婚（不及物动）,خواستگاری کردن؛ پیشنهاد ازدواج دادن (فعل ناگذر),不及物动,فعل ناگذر,向她求婚（xiàng tā qiúhūn）；当众求婚（dāngzhòng qiúhūn）；正式求婚（zhèngshì qiúhūn）,他在海边向女朋友求婚。,Tā zài hǎibiān xiàng nǚpéngyou qiúhūn.,او در کنار دریا از دوست‌دخترش خواستگاری کرد.,
1049,求婚,qiú hūn,HSK 6,动、名,2,请求对方与自己结婚的行为（名）,خواستگاری؛ پیشنهاد ازدواج (اسم),名,اسم,接受求婚（jiēshòu qiúhūn）；拒绝求婚（jùjué qiúhūn）；浪漫的求婚（làngmàn de qiúhūn）,她接受了男朋友的求婚。,Tā jiēshòu le nánpéngyou de qiúhūn.,او پیشنهاد ازدواج دوست‌پسرش را پذیرفت.,
1050,求救,qiú jiù,HSK 6,动,1,因遇到危险或困难而请求别人救助（不及物动）,کمک خواستن؛ درخواست نجات کردن (فعل ناگذر),不及物动,فعل ناگذر,大声求救（dàshēng qiújiù）；向警方求救（xiàng jǐngfāng qiújiù）；紧急求救（jǐnjí qiújiù）,他受伤后立即向路人求救。,Tā shòushāng hòu lìjí xiàng lùrén qiújiù.,او پس از مجروح‌شدن فوراً از رهگذران کمک خواست.,
1051,求职,qiú zhí,HSK 6,动,1,寻找并申请适合自己的工作（不及物动）,دنبال کار گشتن؛ برای استخدام اقدام کردن (فعل ناگذر),不及物动,فعل ناگذر,毕业后求职（bìyè hòu qiúzhí）；上网求职（shàngwǎng qiúzhí）；外出求职（wàichū qiúzhí）,很多大学生毕业后开始求职。,Hěn duō dàxuéshēng bìyè hòu kāishǐ qiúzhí.,بسیاری از دانشجویان پس از فارغ‌التحصیلی شروع به جست‌وجوی کار می‌کنند.,
1052,求助,qiú zhù,HSK 6,动,1,请求别人给予帮助（不及物动）,کمک خواستن؛ درخواست کمک کردن (فعل ناگذر),不及物动,فعل ناگذر,向老师求助（xiàng lǎoshī qiúzhù）；紧急求助（jǐnjí qiúzhù）；打电话求助（dǎ diànhuà qiúzhù）,遇到困难时，可以向老师求助。,"Yùdào kùnnan shí, kěyǐ xiàng lǎoshī qiúzhù.",هنگام روبه‌روشدن با مشکل می‌توانی از معلم کمک بخواهی.,
1053,期望,qī wàng,HSK 6,动、名,1,希望某件事发生或某个目标实现，较正式（及物动）,انتظار داشتن؛ امیدوار بودن، رسمی (فعل گذرا),及物动,فعل گذرا,期望成功（qīwàng chénggōng）；期望得到支持（qīwàng dédào zhīchí）；期望有所改善（qīwàng yǒusuǒ gǎishàn）,我们期望这个问题能够尽快解决。,Wǒmen qīwàng zhège wèntí nénggòu jǐnkuài jiějué.,ما امیدواریم این مشکل هرچه زودتر حل شود.,
1053,期望,qī wàng,HSK 6,动、名,2,对人或事物未来达到某种结果的希望（名）,انتظار؛ امید (اسم),名,اسم,抱有期望（bàoyǒu qīwàng）；符合期望（fúhé qīwàng）；很高的期望（hěn gāo de qīwàng）,父母对孩子抱有很高的期望。,Fùmǔ duì háizi bàoyǒu hěn gāo de qīwàng.,والدین انتظار زیادی از فرزندشان دارند.,
1054,气味,qì wèi,HSK 6,名,1,物体散发出来、能被嗅觉感知的味道（名）,بو (اسم),名,اسم,奇怪的气味（qíguài de qìwèi）；闻到气味（wéndào qìwèi）；散发气味（sànfā qìwèi）,房间里有一股奇怪的气味。,Fángjiān lǐ yǒu yì gǔ qíguài de qìwèi.,بوی عجیبی در اتاق پیچیده است.,
1055,期限,qī xiàn,HSK 6,名,1,规定完成某件事或保持某种效力的时间范围（名）,مهلت؛ مدت تعیین‌شده (اسم),名,اسم,规定期限（guīdìng qīxiàn）；合同期限（hétóng qīxiàn）；延长期限（yáncháng qīxiàn）,请在规定的期限内提交申请。,Qǐng zài guīdìng de qīxiàn nèi tíjiāo shēnqǐng.,لطفاً درخواست را در مهلت تعیین‌شده ارائه کنید.,
1056,起源,qǐ yuán,HSK 6,名、动,1,事物最初产生的时间、地点、原因或根源（名）,خاستگاه؛ منشأ (اسم),名,اسم,人类的起源（rénlèi de qǐyuán）；历史起源（lìshǐ qǐyuán）；探索起源（tànsuǒ qǐyuán）,科学家一直在研究人类的起源。,Kēxuéjiā yìzhí zài yánjiū rénlèi de qǐyuán.,دانشمندان مدت‌هاست که خاستگاه انسان را بررسی می‌کنند.,
1056,起源,qǐ yuán,HSK 6,名、动,2,最初产生或开始，常与“于”连用（不及物动）,سرچشمه گرفتن؛ منشأ داشتن (فعل ناگذر),不及物动,فعل ناگذر,起源于中国（qǐyuán yú Zhōngguó）；起源于古代（qǐyuán yú gǔdài）；起源很早（qǐyuán hěn zǎo）,这种传统起源于中国古代。,Zhè zhǒng chuántǒng qǐyuán yú Zhōngguó gǔdài.,این سنت از چین باستان سرچشمه گرفته است.,
1057,气质,qì zhì,HSK 6,名,1,一个人的性格、修养和精神状态在外表及行为中表现出的特点（名）,خُلق‌وخو؛ منش و جلوهٔ شخصیتی (اسم),名,اسم,独特气质（dútè qìzhì）；气质优雅（qìzhì yōuyǎ）；很有气质（hěn yǒu qìzhì）,她举止大方，很有气质。,"Tā jǔzhǐ dàfāng, hěn yǒu qìzhì.",رفتار او باوقار است و شخصیت جذابی دارد.,
1058,棋子,qí zi,HSK 6,名,1,下棋时放在棋盘上、按照规则移动的子（名）,مهرهٔ بازی‌های تخته‌ای مانند شطرنج (اسم),名,اسم,移动棋子（yídòng qízi）；拿起棋子（náqǐ qízi）；黑色棋子（hēisè qízi）,他拿起一枚棋子，考虑下一步怎么走。,"Tā náqǐ yì méi qízi, kǎolǜ xià yí bù zěnme zǒu.",او مهره‌ای را برداشت و به حرکت بعدی فکر کرد.,
1058,棋子,qí zi,HSK 6,名,2,被别人控制和利用、无法自主行动的人，比喻用法（名）,مهره و ابزار دست دیگران، استعاری (اسم),名,اسم,成为棋子（chéngwéi qízi）；被当作棋子（bèi dàngzuò qízi）；利用棋子（lìyòng qízi）,他不愿意成为别人手中的棋子。,Tā bú yuànyì chéngwéi biérén shǒu zhōng de qízi.,او نمی‌خواهد به مهره‌ای در دست دیگران تبدیل شود.,
1059,曲,qū,HSK 6,动、名、专,1,使身体或物体弯曲，书面语（及物动）,خم کردن، رسمی (فعل گذرا),及物动,فعل گذرا,曲着腿（qūzhe tuǐ）；曲起手指（qūqǐ shǒuzhǐ）；曲身行礼（qūshēn xínglǐ）,他曲着腿坐在地上。,Tā qūzhe tuǐ zuò zài dìshang.,او با پاهای خم‌شده روی زمین نشسته بود.,
1059,曲,qǔ,HSK 6,动、名、专,2,歌曲、乐曲或戏曲中的一段音乐（名）,قطعهٔ موسیقی؛ آهنگ (اسم),名,اسم,一首曲（yì shǒu qǔ）；作曲（zuò qǔ）；演奏此曲（yǎnzòu cǐ qǔ）,这首曲旋律优美，我很喜欢。,"Zhè shǒu qǔ xuánlǜ yōuměi, wǒ hěn xǐhuan.",این قطعه ملودی زیبایی دارد و من آن را بسیار دوست دارم.,
1059,曲,Qū,HSK 6,动、名、专,3,姓氏（专）,نام خانوادگی «چیو» (اسم خاص),专,اسم خاص,曲老师（Qū lǎoshī）；曲先生（Qū xiānsheng）；姓曲（xìng Qū）,曲老师今天没有来学校。,Qū lǎoshī jīntiān méiyǒu lái xuéxiào.,استاد چیو امروز به مدرسه نیامد.,
1060,娶,qǔ,HSK 6,动,1,男子与女子结婚，把对方作为妻子（及物动）,زن گرفتن؛ با زنی ازدواج کردن (فعل گذرا),及物动,فعل گذرا,娶她为妻（qǔ tā wéi qī）；娶了个当地姑娘（qǔ le ge dāngdì gūniang）；想娶她（xiǎng qǔ tā）,他去年娶了一位中国姑娘。,Tā qùnián qǔ le yí wèi Zhōngguó gūniang.,او سال گذشته با یک دختر چینی ازدواج کرد.,
1061,券,quàn,HSK 6,名,1,用来证明某种资格、兑换物品或享受优惠的票据或凭证（名）,کوپن؛ بن؛ بلیت یا برگهٔ اعتبار (اسم),名,اسم,一张券（yì zhāng quàn）；使用此券（shǐyòng cǐ quàn）；领取优惠券（lǐngqǔ yōuhuìquàn）,凭这张券可以免费领取一杯咖啡。,Píng zhè zhāng quàn kěyǐ miǎnfèi lǐngqǔ yì bēi kāfēi.,با این کوپن می‌توان یک فنجان قهوهٔ رایگان دریافت کرد.,
1062,圈,quān,HSK 6,名、动、量,1,圆形或近似圆形的形状、边界（名）,دایره؛ حلقه (اسم),名,اسم,画一个圈（huà yí ge quān）；围成一圈（wéichéng yì quān）；圈里圈外（quān lǐ quān wài）,老师在错误的答案外面画了一个圈。,Lǎoshī zài cuòwù de dá’àn wàimian huà le yí ge quān.,معلم دور پاسخ اشتباه یک دایره کشید.,
1062,圈,quān,HSK 6,名、动、量,2,用于计算环绕、转动或循环的次数（量）,دور (واحد شمارش),量,واحد شمارش,跑一圈（pǎo yì quān）；绕两圈（rào liǎng quān）；转了几圈（zhuàn le jǐ quān）,他每天早晨绕着公园跑三圈。,Tā měitiān zǎochén ràozhe gōngyuán pǎo sān quān.,او هر روز صبح سه دور اطراف پارک می‌دود.,
1062,圈,quān,HSK 6,名、动、量,3,具有共同职业、兴趣或社会关系的人群或活动范围（名）,حوزه؛ محفل؛ دایرهٔ اجتماعی (اسم),名,اسم,艺术圈（yìshù quān）；社交圈（shèjiāo quān）；进入这个圈（jìnrù zhège quān）,他在艺术圈里很有名。,Tā zài yìshù quān lǐ hěn yǒumíng.,او در محافل هنری بسیار مشهور است.,
1062,圈,quān,HSK 6,名、动、量,4,画圆作记号，或围住、限制在一定范围内（及物动）,دور چیزی خط کشیدن؛ محصور کردن (فعل گذرا),及物动,فعل گذرا,把答案圈出来（bǎ dá’àn quān chūlái）；圈一块地（quān yí kuài dì）；用绳子圈住（yòng shéngzi quānzhù）,请把正确答案圈出来。,Qǐng bǎ zhèngquè dá’àn quān chūlái.,لطفاً دور پاسخ درست خط بکشید.,
1062,圈,juàn,HSK 6,名、动、量,5,饲养家畜、家禽的棚栏或围起来的地方（名）,آغل؛ طویله؛ جایگاه محصور حیوانات (اسم),名,اسم,赶进圈里（gǎn jìn juàn lǐ）；打扫圈（dǎsǎo juàn）；圈里养着羊（juàn lǐ yǎngzhe yáng）,农民把羊赶回了圈里。,Nóngmín bǎ yáng gǎnhuí le juàn lǐ.,کشاورز گوسفندها را به آغل برگرداند.,
1063,全程,quán chéng,HSK 6,名、副,1,从出发到到达的全部路程，或从开始到结束的整个过程（名）,تمام مسیر؛ کل فرایند (اسم),名,اسم,跑完全程（pǎowán quánchéng）；全程共十公里（quánchéng gòng shí gōnglǐ）；比赛全程（bǐsài quánchéng）,这场比赛全程共二十公里。,Zhè chǎng bǐsài quánchéng gòng èrshí gōnglǐ.,مسافت کامل این مسابقه بیست کیلومتر است.,
1063,全程,quán chéng,HSK 6,名、副,2,从开始到结束的整个过程中（副）,در تمام مدت؛ از ابتدا تا انتها (قید),副,قید,全程参与（quánchéng cānyù）；全程陪同（quánchéng péitóng）；全程记录（quánchéng jìlù）,工作人员全程陪同游客参观。,Gōngzuò rényuán quánchéng péitóng yóukè cānguān.,کارکنان در تمام مدت بازدید، گردشگران را همراهی کردند.,
1064,权力,quán lì,HSK 6,名,1,在一定范围内支配、管理或指挥他人和事务的力量或权限（名）,قدرت؛ اختیار حاکمیتی یا مدیریتی (اسم),名,اسم,掌握权力（zhǎngwò quánlì）；行使权力（xíngshǐ quánlì）；限制权力（xiànzhì quánlì）,任何权力都应该受到监督。,Rènhé quánlì dōu yīnggāi shòudào jiāndū.,هر قدرتی باید تحت نظارت قرار گیرد.,
1065,取代,qǔ dài,HSK 6,动,1,代替原来的人或事物，占据其位置或发挥其作用（及物动）,جایگزین شدن؛ جای کسی یا چیزی را گرفتن (فعل گذرا),及物动,فعل گذرا,取代传统方法（qǔdài chuántǒng fāngfǎ）；被机器取代（bèi jīqì qǔdài）；逐渐取代（zhújiàn qǔdài）,人工智能可能会取代一部分工作岗位。,Réngōng zhìnéng kěnéng huì qǔdài yí bùfen gōngzuò gǎngwèi.,هوش مصنوعی ممکن است جای برخی موقعیت‌های شغلی را بگیرد.,
1066,渠道,qú dào,HSK 6,名,1,人工修建的、用来引水、排水或灌溉的水道（名）,کانال آب؛ آبراه (اسم),名,اسم,修建渠道（xiūjiàn qúdào）；灌溉渠道（guàngài qúdào）；疏通渠道（shūtōng qúdào）,农民修建了一条渠道引水灌溉农田。,Nóngmín xiūjiàn le yì tiáo qúdào yǐnshuǐ guàngài nóngtián.,کشاورزان کانالی ساختند تا آب را برای آبیاری زمین‌های کشاورزی هدایت کنند.,
1066,渠道,qú dào,HSK 6,名,2,获得、传递或销售信息、商品等的途径和方式（名）,کانال؛ راه؛ مجرای دسترسی یا انتقال (اسم),名,اسم,销售渠道（xiāoshòu qúdào）；信息渠道（xìnxī qúdào）；沟通渠道（gōutōng qúdào）,公司正在开拓新的销售渠道。,Gōngsī zhèngzài kāituò xīn de xiāoshòu qúdào.,شرکت در حال ایجاد کانال‌های فروش جدید است.,
1067,确立,què lì,HSK 6,动,1,经过明确选择或认可，使目标、原则、关系或地位等建立并固定下来，正式用语（及物动）,تعیین و تثبیت کردن، رسمی (فعل گذرا),及物动,فعل گذرا,确立目标（quèlì mùbiāo）；确立原则（quèlì yuánzé）；确立地位（quèlì dìwèi）,公司确立了未来五年的发展目标。,Gōngsī quèlì le wèilái wǔ nián de fāzhǎn mùbiāo.,شرکت اهداف توسعهٔ پنج سال آینده را تعیین کرد.,
1068,缺陷,quē xiàn,HSK 6,名,1,结构、设计、功能或身体等方面存在的不完整或不正常之处（名）,نقص؛ عیب (اسم),名,اسم,设计缺陷（shèjì quēxiàn）；技术缺陷（jìshù quēxiàn）；存在缺陷（cúnzài quēxiàn）,这种产品存在严重的设计缺陷。,Zhè zhǒng chǎnpǐn cúnzài yánzhòng de shèjì quēxiàn.,این محصول دارای نقص جدی در طراحی است.,
1069,区分,qū fēn,HSK 6,动,1,根据不同特点辨别两种或多种人或事物（及物动）,تشخیص دادن؛ از هم متمایز کردن (فعل گذرا),及物动,فعل گذرا,区分真假（qūfēn zhēnjiǎ）；区分不同类型（qūfēn bùtóng lèixíng）；很难区分（hěn nán qūfēn）,我们要学会区分真实信息和虚假信息。,Wǒmen yào xuéhuì qūfēn zhēnshí xìnxī hé xūjiǎ xìnxī.,باید یاد بگیریم اطلاعات واقعی را از اطلاعات جعلی تشخیص دهیم.,
1070,群众,qún zhòng,HSK 6,名,1,社会中的广大普通人民，常用于正式、政治或新闻语境（名）,مردم؛ تودهٔ مردم، رسمی (اسم),名,اسم,服务群众（fúwù qúnzhòng）；联系群众（liánxì qúnzhòng）；广大群众（guǎngdà qúnzhòng）,政府工作人员应该主动了解群众的需要。,Zhèngfǔ gōngzuò rényuán yīnggāi zhǔdòng liǎojiě qúnzhòng de xūyào.,کارکنان دولت باید فعالانه از نیازهای مردم آگاه شوند.,
1071,趣味,qù wèi,HSK 6,名,1,使人感到有趣、有吸引力的意味（名）,جذابیت؛ گیرایی (اسم),名,اسم,富有趣味（fùyǒu qùwèi）；增添趣味（zēngtiān qùwèi）；趣味十足（qùwèi shízú）,这个游戏既简单又富有趣味。,Zhège yóuxì jì jiǎndān yòu fùyǒu qùwèi.,این بازی هم ساده است و هم جذاب.,
1071,趣味,qù wèi,HSK 6,名,2,个人的兴趣、爱好或审美倾向（名）,علایق؛ ذوق و سلیقه (اسم),名,اسم,趣味相投（qùwèi xiāngtóu）；生活趣味（shēnghuó qùwèi）；趣味高雅（qùwèi gāoyǎ）,他们趣味相投，很快就成了朋友。,"Tāmen qùwèi xiāngtóu, hěn kuài jiù chéng le péngyou.",آن‌ها علایق مشترکی داشتند و خیلی زود دوست شدند.,
1072,染,rǎn,HSK 6,动,1,用染料使物体着色（及物动）,رنگ کردن (فعل متعدی),及物动,فعل متعدی,染布（rǎn bù）；染头发（rǎn tóufa）；染成红色（rǎn chéng hóngsè）,她把头发染成了棕色。,Tā bǎ tóufa rǎn chéng le zōngsè.,او موهایش را قهوه‌ای کرد.,
1072,染,rǎn,HSK 6,动,2,感染疾病或沾染不良习惯（及物动）,مبتلا شدن؛ دچار عادت بد شدن (فعل متعدی),及物动,فعل متعدی,染上疾病（rǎnshàng jíbìng）；染病（rǎnbìng）；染上恶习（rǎnshàng èxí）,他在旅行期间染上了疾病。,Tā zài lǚxíng qījiān rǎnshàng le jíbìng.,او در طول سفر به بیماری مبتلا شد.,
1073,燃料,rán liào,HSK 6,名,1,燃烧时能够产生热量或动力的物质（名）,سوخت (اسم),名,اسم,燃料消耗（ránliào xiāohào）；燃料价格（ránliào jiàgé）；清洁燃料（qīngjié ránliào）,天然气是一种常用燃料。,Tiānránqì shì yì zhǒng chángyòng ránliào.,گاز طبیعی یکی از سوخت‌های رایج است.,
1074,热点,rè diǎn,HSK 6,名,1,受到广泛关注的问题、事件或地区（名）,موضوع یا منطقه کانون توجه (اسم),名,اسم,社会热点（shèhuì rèdiǎn）；热点问题（rèdiǎn wèntí）；成为热点（chéngwéi rèdiǎn）,人工智能已经成为社会热点。,Réngōng zhìnéng yǐjīng chéngwéi shèhuì rèdiǎn.,هوش مصنوعی به موضوعی داغ در جامعه تبدیل شده است.,
1074,热点,rè diǎn,HSK 6,名,2,供设备无线接入互联网的网络接入点（名）,نقطه اتصال اینترنت؛ هات‌اسپات (اسم),名,اسم,无线热点（wúxiàn rèdiǎn）；打开热点（dǎkāi rèdiǎn）；连接热点（liánjiē rèdiǎn）,你可以打开手机热点让我上网。,Nǐ kěyǐ dǎkāi shǒujī rèdiǎn ràng wǒ shàngwǎng.,می‌توانی نقطه اتصال گوشی را روشن کنی تا به اینترنت وصل شوم.,
1075,热度,rè dù,HSK 6,名,1,物体冷热的程度（名）,میزان گرما؛ حرارت (اسم),名,اسم,感受热度（gǎnshòu rèdù）；热度上升（rèdù shàngshēng）；保持热度（bǎochí rèdù）,锅里的水已经有些热度了。,Guō lǐ de shuǐ yǐjīng yǒuxiē rèdù le.,آب داخل قابلمه کمی گرم شده است.,
1075,热度,rè dù,HSK 6,名,2,受到关注或欢迎的程度（名）,میزان توجه یا محبوبیت (اسم),名,اسم,话题热度（huàtí rèdù）；市场热度（shìchǎng rèdù）；热度下降（rèdù xiàjiàng）,这部电影上映后热度很高。,Zhè bù diànyǐng shàngyìng hòu rèdù hěn gāo.,این فیلم پس از اکران توجه زیادی جلب کرد.,
1075,热度,rè dù,HSK 6,名,3,对某事物一时产生的热情（名）,شور و اشتیاق (اسم),名,اسم,三分钟热度（sān fēnzhōng rèdù）；热度不减（rèdù bù jiǎn）；失去热度（shīqù rèdù）,学习不能只有三分钟热度。,Xuéxí bùnéng zhǐ yǒu sān fēnzhōng rèdù.,برای یادگیری نباید فقط اشتیاقی زودگذر داشت.,
1076,热门,rè mén,HSK 6,形,1,受到很多人关注、欢迎或追求的（形）,محبوب؛ پرطرفدار؛ پرتقاضا (صفت),形,صفت,热门话题（rèmén huàtí）；热门专业（rèmén zhuānyè）；热门景点（rèmén jǐngdiǎn）,计算机科学是目前的热门专业。,Jìsuànjī kēxué shì mùqián de rèmén zhuānyè.,علوم رایانه در حال حاضر رشته‌ای پرطرفدار است.,
1077,认错,rèn cuò,HSK 6,动,1,承认自己犯了错误（不及物动）,به اشتباه خود اعتراف کردن (فعل لازم),不及物动,فعل لازم,主动认错（zhǔdòng rèncuò）；向父母认错（xiàng fùmǔ rèncuò）；拒不认错（jùbù rèncuò）,他发现自己错了，便主动向大家认错。,"Tā fāxiàn zìjǐ cuò le, biàn zhǔdòng xiàng dàjiā rèncuò.",او وقتی فهمید اشتباه کرده است، داوطلبانه به خطای خود اعتراف کرد.,
1077,认错,rèn cuò,HSK 6,动,2,把人或事物错误地认成另一个（及物动）,اشتباه گرفتن (فعل متعدی),及物动,فعل متعدی,认错人（rèncuò rén）；认错方向（rèncuò fāngxiàng）；把号码认错（bǎ hàomǎ rèncuò）,我把他认错成了他的哥哥。,Wǒ bǎ tā rèncuò chéng le tā de gēge.,من او را با برادرش اشتباه گرفتم.,
1078,认定,rèn dìng,HSK 6,动,1,经过判断后正式确定某种事实、性质或责任（及物动）,به‌طور رسمی تشخیص دادن؛ محرز دانستن (فعل متعدی),及物动,فعل متعدی,认定事实（rèndìng shìshí）；认定责任（rèndìng zérèn）；依法认定（yīfǎ rèndìng）,法院认定证据不足。,Fǎyuàn rèndìng zhèngjù bùzú.,دادگاه تشخیص داد که شواهد کافی نیست.,
1078,认定,rèn dìng,HSK 6,动,2,坚定地认为或选定（及物动）,قطعی دانستن؛ انتخاب خود دانستن (فعل متعدی),及物动,فعل متعدی,认定目标（rèndìng mùbiāo）；认定他是凶手（rèndìng tā shì xiōngshǒu）；认定一个人（rèndìng yí gè rén）,她认定了这个目标，就不会轻易放弃。,"Tā rèndìng le zhège mùbiāo, jiù bú huì qīngyì fàngqì.",او وقتی این هدف را قطعی دانست، دیگر به‌آسانی از آن دست نمی‌کشد.,
1079,仍旧,réng jiù,HSK 6,副,1,情况继续保持原来的样子，没有改变（副）,همچنان؛ هنوز مانند گذشته (قید),副,قید,仍旧有效（réngjiù yǒuxiào）；仍旧保持（réngjiù bǎochí）；仍旧不变（réngjiù bú biàn）,多年过去了，他仍旧住在这里。,"Duōnián guòqù le, tā réngjiù zhù zài zhèlǐ.",سال‌ها گذشته است، اما او همچنان اینجا زندگی می‌کند.,
1080,人工智能,rén gōng zhì néng,HSK 6,名,1,使计算机系统模拟人类学习、推理等智能活动的技术和学科（名）,هوش مصنوعی (اسم),名,اسم,人工智能技术（réngōng zhìnéng jìshù）；人工智能系统（réngōng zhìnéng xìtǒng）；发展人工智能（fāzhǎn réngōng zhìnéng）,人工智能正在改变我们的生活。,Réngōng zhìnéng zhèngzài gǎibiàn wǒmen de shēnghuó.,هوش مصنوعی در حال تغییر زندگی ماست.,
1081,人家,rén jia,HSK 6,代,1,泛指自己或说话对象以外的人（代）,دیگران؛ مردم (ضمیر),代,ضمیر,听人家说（tīng rénjia shuō）；替人家着想（tì rénjia zhuóxiǎng）；别批评人家（bié pīpíng rénjia）,不要总是批评人家。,Búyào zǒngshì pīpíng rénjia.,همیشه دیگران را سرزنش نکن.,
1081,人家,rén jia,HSK 6,代,2,指前面提到或双方知道的某个人或某些人（代）,او؛ آن‌ها؛ طرف مقابل (ضمیر),代,ضمیر,人家不愿意（rénjia bú yuànyì）；问问人家（wènwen rénjia）；人家已经走了（rénjia yǐjīng zǒu le）,既然人家不愿意，你就别勉强了。,"Jìrán rénjia bú yuànyì, nǐ jiù bié miǎnqiǎng le.",حالا که او مایل نیست، دیگر مجبورش نکن.,
1081,人家,rén jia,HSK 6,代,3,在亲昵、撒娇或不满的语气中指自己（代）（口语）,من؛ خودم (ضمیر، محاوره‌ای),口语,ضمیر، محاوره‌ای,人家不知道（rénjia bù zhīdào）；人家不想去（rénjia bù xiǎng qù）；人家等了很久（rénjia děng le hěn jiǔ）,人家都等你半天了！,Rénjia dōu děng nǐ bàntiān le!,من کلی منتظرت مانده‌ام!,
1081,人家,rén jiā,HSK 6,名,4,家庭；住户（名）,خانواده؛ خانوار (اسم),名,اسم,一户人家（yí hù rénjiā）；普通人家（pǔtōng rénjiā）；附近的人家（fùjìn de rénjiā）,山脚下住着几户人家。,Shānjiǎo xià zhùzhe jǐ hù rénjiā.,چند خانوار در دامنه کوه زندگی می‌کنند.,
1082,人均,rén jūn,HSK 6,动,1,按每个人平均计算（动）,به‌طور سرانه محاسبه شدن (فعل),动,فعل,人均收入（rénjūn shōurù）；人均消费（rénjūn xiāofèi）；人均居住面积（rénjūn jūzhù miànjī）,这个城市的人均收入较高。,Zhège chéngshì de rénjūn shōurù jiào gāo.,درآمد سرانه این شهر نسبتاً بالاست.,
1083,认可,rèn kě,HSK 6,动,1,认为正确、合格或有价值，并表示同意或接受（及物动）,تأیید کردن؛ معتبر دانستن؛ پذیرفتن (فعل متعدی),及物动,فعل متعدی,认可能力（rènkě nénglì）；认可方案（rènkě fāng'àn）；获得认可（huòdé rènkě）,专家认可了这个方案的可行性。,Zhuānjiā rènkě le zhège fāng'àn de kěxíngxìng.,کارشناسان عملی‌بودن این طرح را تأیید کردند.,
1083,认可,rèn kě,HSK 6,名,2,同意、承认或肯定（名）,تأیید؛ پذیرش؛ به‌رسمیت‌شناختن (اسم),名,اسم,得到认可（dédào rènkě）；社会认可（shèhuì rènkě）；广泛认可（guǎngfàn rènkě）,他的能力得到了大家的认可。,Tā de nénglì dédào le dàjiā de rènkě.,توانایی او مورد تأیید همه قرار گرفت.,
1084,人山人海,rén shān rén hǎi,HSK 6,形,1,形容聚集的人非常多（形）,مملو از جمعیت؛ بسیار شلوغ (صفت),形,صفت,现场人山人海（xiànchǎng rénshānrénhǎi）；街上人山人海（jiēshang rénshānrénhǎi）；人山人海的景象（rénshānrénhǎi de jǐngxiàng）,节日期间，街上人山人海。,"Jiérì qījiān, jiēshang rénshānrénhǎi.",در روزهای جشن، خیابان‌ها مملو از جمعیت است.,
1085,人士,rén shì,HSK 6,名,1,属于某个社会阶层、行业或具有某种身份的人（名）（正式）,افراد یک قشر یا حوزه؛ اشخاص (اسم، رسمی),正式,اسم، رسمی,专业人士（zhuānyè rénshì）；各界人士（gèjiè rénshì）；社会各界人士（shèhuì gèjiè rénshì）,许多专业人士参加了这次会议。,Xǔduō zhuānyè rénshì cānjiā le zhè cì huìyì.,بسیاری از افراد متخصص در این جلسه شرکت کردند.,
1086,人事,rén shì,HSK 6,名,1,有关人员任用、调动、考核等管理工作（名）,امور کارکنان؛ منابع انسانی (اسم),名,اسم,人事部门（rénshì bùmén）；人事管理（rénshì guǎnlǐ）；人事安排（rénshì ānpái）,她负责公司的人事工作。,Tā fùzé gōngsī de rénshì gōngzuò.,او مسئول امور کارکنان شرکت است.,
1087,忍受,rěn shòu,HSK 6,动,1,勉强承受痛苦、困难或令人不快的事物（及物动）,تحمل کردن؛ تاب آوردن (فعل متعدی),及物动,فعل متعدی,忍受痛苦（rěnshòu tòngkǔ）；忍受压力（rěnshòu yālì）；难以忍受（nányǐ rěnshòu）,我无法忍受这种噪音。,Wǒ wúfǎ rěnshòu zhè zhǒng zàoyīn.,من نمی‌توانم این سروصدا را تحمل کنم.,
1088,认同,rèn tóng,HSK 6,动,1,认为某种观点、做法或价值正确，并表示接受（及物动）,موافق بودن؛ پذیرفتن؛ تأیید کردن (فعل متعدی),及物动,فعل متعدی,认同观点（rèntóng guāndiǎn）；认同做法（rèntóng zuòfǎ）；得到认同（dédào rèntóng）,很多人认同他的观点。,Hěnduō rén rèntóng tā de guāndiǎn.,افراد زیادی با دیدگاه او موافق‌اند.,
1088,认同,rèn tóng,HSK 6,名,2,对某种身份、文化或群体产生的归属感和接受感（名）,هویت‌پذیری؛ احساس تعلق (اسم),名,اسم,文化认同（wénhuà rèntóng）；身份认同（shēnfèn rèntóng）；自我认同（zìwǒ rèntóng）,语言是文化认同的重要组成部分。,Yǔyán shì wénhuà rèntóng de zhòngyào zǔchéng bùfen.,زبان بخش مهمی از احساس تعلق فرهنگی است.,
1089,人为,rén wéi,HSK 6,形,1,由人的行为造成或通过人的力量形成的，而非自然产生的（形）,ناشی از عامل انسانی؛ ساخته یا ایجادشده به‌دست انسان (صفت),形,صفت,人为因素（rénwéi yīnsù）；人为破坏（rénwéi pòhuài）；人为错误（rénwéi cuòwù）,事故是由人为错误造成的。,Shìgù shì yóu rénwéi cuòwù zàochéng de.,این حادثه بر اثر خطای انسانی رخ داد.,
1090,人行道,rén xíng dào,HSK 6,名,1,道路两侧专供行人通行的部分（名）,پیاده‌رو (اسم),名,اسم,走人行道（zǒu rénxíngdào）；人行道上（rénxíngdào shàng）；占用人行道（zhànyòng rénxíngdào）,行人应该走人行道。,Xíngrén yīnggāi zǒu rénxíngdào.,عابران باید از پیاده‌رو عبور کنند.,
1091,认知,rèn zhī,HSK 6,动,1,通过思维活动认识和理解事物（及物动）,شناختن؛ درک کردن (فعل متعدی),及物动,فعل متعدی,认知世界（rènzhī shìjiè）；认知自我（rènzhī zìwǒ）；重新认知（chóngxīn rènzhī）,孩子通过观察逐渐认知世界。,Háizi tōngguò guānchá zhújiàn rènzhī shìjiè.,کودک با مشاهده به‌تدریج جهان را می‌شناسد.,
1091,认知,rèn zhī,HSK 6,名,2,认识、理解事物的心理过程及其结果（名）,شناخت؛ ادراک (اسم),名,اسم,认知能力（rènzhī nénglì）；认知水平（rènzhī shuǐpíng）；认知科学（rènzhī kēxué）,学习语言有助于提高认知能力。,Xuéxí yǔyán yǒuzhù yú tígāo rènzhī nénglì.,یادگیری زبان به تقویت توانایی شناختی کمک می‌کند.,
1092,热水器,rè shuǐ qì,HSK 6,名,1,把水加热以供生活使用的设备（名）,آب‌گرم‌کن (اسم),名,اسم,电热水器（diàn rèshuǐqì）；燃气热水器（ránqì rèshuǐqì）；安装热水器（ānzhuāng rèshuǐqì）,家里的热水器坏了。,Jiālǐ de rèshuǐqì huài le.,آب‌گرم‌کن خانه خراب شده است.,
1093,热线,rè xiàn,HSK 6,名,1,专门用于咨询、服务、投诉或求助的电话线路（名）,خط ویژه تلفنی؛ خط پاسخ‌گویی (اسم),名,اسم,服务热线（fúwù rèxiàn）；咨询热线（zīxún rèxiàn）；求助热线（qiúzhù rèxiàn）,如需帮助，请拨打服务热线。,"Rú xū bāngzhù, qǐng bōdǎ fúwù rèxiàn.",اگر به کمک نیاز دارید، با خط ویژه خدمات تماس بگیرید.,
1094,热议,rè yì,HSK 6,动,1,许多人热烈而广泛地讨论（及物动）,به‌طور گسترده و داغ درباره چیزی بحث کردن (فعل متعدی),及物动,فعل متعدی,网友热议（wǎngyǒu rèyì）；公众热议（gōngzhòng rèyì）；热议新政策（rèyì xīn zhèngcè）,网友们正在热议这项新政策。,Wǎngyǒumen zhèngzài rèyì zhè xiàng xīn zhèngcè.,کاربران اینترنتی به‌شدت درباره این سیاست جدید بحث می‌کنند.,
1094,热议,rè yì,HSK 6,名,2,热烈而广泛的讨论（名）,بحث داغ و گسترده (اسم),名,اسم,引发热议（yǐnfā rèyì）；社会热议（shèhuì rèyì）；成为热议话题（chéngwéi rèyì huàtí）,这个消息在网上引发了热议。,Zhège xiāoxi zài wǎngshàng yǐnfā le rèyì.,این خبر در اینترنت بحث گسترده‌ای به راه انداخت.,
1095,日后,rì hòu,HSK 6,时间词,1,从现在或所说的时间以后（时间词）（书面）,بعداً؛ در آینده (قید زمان، رسمی),书面,قید زمان، رسمی,日后再说（rìhòu zài shuō）；日后处理（rìhòu chǔlǐ）；留待日后（liúdài rìhòu）,这些资料日后可能会有用。,Zhèxiē zīliào rìhòu kěnéng huì yǒuyòng.,این اطلاعات ممکن است در آینده مفید باشند.,
1096,日前,rì qián,HSK 6,时间词,1,几天以前；不久以前（时间词）（书面）,چند روز پیش؛ اخیراً (قید زمان، رسمی),书面,قید زمان، رسمی,日前公布（rìqián gōngbù）；日前发生（rìqián fāshēng）；日前表示（rìqián biǎoshì）,该公司日前发布了一份公告。,Gāi gōngsī rìqián fābù le yí fèn gōnggào.,این شرکت چند روز پیش اطلاعیه‌ای منتشر کرد.,
1097,日夜,rì yè,HSK 6,名,1,白天和夜晚（名）,روز و شب (اسم),名,اسم,不分日夜（bù fēn rìyè）；一个日夜（yí gè rìyè）；经过几个日夜（jīngguò jǐ gè rìyè）,救援工作持续了三个日夜。,Jiùyuán gōngzuò chíxù le sān gè rìyè.,عملیات امداد سه شبانه‌روز ادامه داشت.,
1097,日夜,rì yè,HSK 6,副,2,白天黑夜不停地（副）,شبانه‌روز؛ شب و روز (قید),副,قید,日夜工作（rìyè gōngzuò）；日夜守护（rìyè shǒuhù）；日夜不停（rìyè bùtíng）,医护人员日夜照顾病人。,Yīhù rényuán rìyè zhàogù bìngrén.,کادر درمان شبانه‌روز از بیماران مراقبت می‌کنند.,
1098,日益,rì yì,HSK 6,副,1,程度一天比一天加深（副）（书面）,روزبه‌روز؛ به‌طور فزاینده (قید، رسمی),书面,قید، رسمی,日益增加（rìyì zēngjiā）；日益严重（rìyì yánzhòng）；日益明显（rìyì míngxiǎn）,环境问题日益严重。,Huánjìng wèntí rìyì yánzhòng.,مشکلات زیست‌محیطی روزبه‌روز شدیدتر می‌شوند.,
1099,融合,róng hé,HSK 6,动,1,不同的事物相互结合，形成协调的整体（不及物动）,در هم آمیختن؛ یکپارچه شدن (فعل لازم),不及物动,فعل لازم,相互融合（xiānghù rónghé）；逐渐融合（zhújiàn rónghé）；与当地文化融合（yǔ dāngdì wénhuà rónghé）,不同文化在这座城市里逐渐融合。,Bùtóng wénhuà zài zhè zuò chéngshì lǐ zhújiàn rónghé.,فرهنگ‌های گوناگون در این شهر به‌تدریج با یکدیگر در می‌آمیزند.,
1099,融合,róng hé,HSK 6,动,2,把不同的事物结合成协调的整体（及物动）,در هم آمیختن؛ تلفیق کردن (فعل متعدی),及物动,فعل متعدی,融合传统与现代（rónghé chuántǒng yǔ xiàndài）；融合多种元素（rónghé duō zhǒng yuánsù）；融合不同技术（rónghé bùtóng jìshù）,这项设计融合了传统与现代元素。,Zhè xiàng shèjì rónghé le chuántǒng yǔ xiàndài yuánsù.,این طراحی عناصر سنتی و مدرن را با هم تلفیق کرده است.,
1099,融合,róng hé,HSK 6,名,3,不同事物相互结合的过程或状态（名）,هم‌آمیزی؛ تلفیق؛ یکپارچگی (اسم),名,اسم,文化融合（wénhuà rónghé）；产业融合（chǎnyè rónghé）；促进融合（cùjìn rónghé）,互联网促进了不同产业的融合。,Hùliánwǎng cùjìn le bùtóng chǎnyè de rónghé.,اینترنت به یکپارچگی صنایع مختلف کمک کرده است.,
1100,融化,róng huà,HSK 6,动,1,固体受热后变成液体（不及物动）,ذوب شدن؛ آب شدن (فعل لازم),不及物动,فعل لازم,冰雪融化（bīngxuě rónghuà）；逐渐融化（zhújiàn rónghuà）；完全融化（wánquán rónghuà）,太阳出来后，冰开始融化。,"Tàiyáng chūlái hòu, bīng kāishǐ rónghuà.",پس از بیرون آمدن خورشید، یخ شروع به آب شدن کرد.,
1100,融化,róng huà,HSK 6,动,2,使固体变成液体；使冷漠、隔阂等消失（及物动）,ذوب کردن؛ از میان بردن سردی یا فاصله (فعل متعدی),及物动,فعل متعدی,融化巧克力（rónghuà qiǎokèlì）；融化冰块（rónghuà bīngkuài）；融化内心的坚冰（rónghuà nèixīn de jiānbīng）,温暖的话语融化了他内心的坚冰。,Wēnnuǎn de huàyǔ rónghuà le tā nèixīn de jiānbīng.,سخنان گرم، یخ درون او را آب کرد.,
1101,容量,róng liàng,HSK 6,名,1,容器、设备或系统能够容纳、储存的数量（名）,ظرفیت؛ گنجایش (اسم),名,اسم,电池容量（diànchí róngliàng）；存储容量（cúnchǔ róngliàng）；扩大容量（kuòdà róngliàng）,这个水箱的容量是一千升。,Zhège shuǐxiāng de róngliàng shì yìqiān shēng.,ظرفیت این مخزن آب هزار لیتر است.,
1102,融入,róng rù,HSK 6,动,1,进入某个群体、环境或事物并成为其中的一部分（不及物动）,جزئی از چیزی شدن؛ در آن جا افتادن (فعل لازم),不及物动,فعل لازم,融入社会（róngrù shèhuì）；融入团队（róngrù tuánduì）；融入当地生活（róngrù dāngdì shēnghuó）,他很快融入了新的团队。,Tā hěn kuài róngrù le xīn de tuánduì.,او خیلی زود در تیم جدید جا افتاد.,
1102,融入,róng rù,HSK 6,动,2,把某种事物加入另一事物，使其成为整体的一部分（及物动）,گنجاندن؛ درآمیختن (فعل متعدی),及物动,فعل متعدی,融入情感（róngrù qínggǎn）；融入设计（róngrù shèjì）；融入传统元素（róngrù chuántǒng yuánsù）,设计师把传统元素融入了现代建筑。,Shèjìshī bǎ chuántǒng yuánsù róngrù le xiàndài jiànzhù.,طراح عناصر سنتی را در معماری مدرن گنجاند.,
1103,荣誉,róng yù,HSK 6,名,1,因成就或优秀表现而获得的光荣名誉或称号（名）,افتخار؛ اعتبار افتخارآمیز (اسم),名,اسم,获得荣誉（huòdé róngyù）；荣誉称号（róngyù chēnghào）；维护荣誉（wéihù róngyù）,能够代表国家参赛是我的荣誉。,Nénggòu dàibiǎo guójiā cānsài shì wǒ de róngyù.,شرکت در مسابقه به نمایندگی از کشور برای من افتخار است.,
1104,柔软,róu ruǎn,HSK 6,形,1,质地软，容易弯曲或改变形状（形）,نرم؛ انعطاف‌پذیر (صفت),形,صفت,质地柔软（zhìdì róuruǎn）；柔软的布料（róuruǎn de bùliào）；柔软舒适（róuruǎn shūshì）,这种布料非常柔软。,Zhè zhǒng bùliào fēicháng róuruǎn.,این نوع پارچه بسیار نرم است.,
1104,柔软,róu ruǎn,HSK 6,形,2,内心、感情等温和细腻，容易被触动（形）,لطیف؛ نرم و حساس (صفت),形,صفت,内心柔软（nèixīn róuruǎn）；心地柔软（xīndì róuruǎn）；柔软的一面（róuruǎn de yí miàn）,他外表严肃，内心却很柔软。,"Tā wàibiǎo yánsù, nèixīn què hěn róuruǎn.",ظاهرش جدی است، اما قلب بسیار لطیفی دارد.,
1105,入境,rù jìng,HSK 6,动,1,从境外进入一个国家或地区（不及物动）,وارد کشور یا منطقه شدن (فعل لازم),不及物动,فعل لازم,允许入境（yǔnxǔ rùjìng）；禁止入境（jìnzhǐ rùjìng）；入境检查（rùjìng jiǎnchá）,旅客入境时需要出示护照。,Lǚkè rùjìng shí xūyào chūshì hùzhào.,مسافران هنگام ورود به کشور باید گذرنامه خود را ارائه دهند.,
1106,入门,rù mén,HSK 6,动,1,初步掌握某种知识或技能（不及物动）,با اصول اولیه آشنا شدن؛ وارد یک حوزه شدن (فعل لازم),不及物动,فعل لازم,学习入门（xuéxí rùmén）；刚刚入门（gānggāng rùmén）；引导入门（yǐndǎo rùmén）,学习书法并不难，入门以后就会越来越有趣。,"Xuéxí shūfǎ bìng bù nán, rùmén yǐhòu jiù huì yuèláiyuè yǒuqù.",یادگیری خوش‌نویسی دشوار نیست و پس از آشنایی با اصول اولیه، جذاب‌تر می‌شود.,
1106,入门,rù mén,HSK 6,形,2,适合初学者学习或使用的（形）,مقدماتی؛ مناسب مبتدیان (صفت),形,صفت,入门课程（rùmén kèchéng）；入门教材（rùmén jiàocái）；入门指南（rùmén zhǐnán）,这是一本适合初学者的入门教材。,Zhè shì yì běn shìhé chūxuézhě de rùmén jiàocái.,این کتاب آموزشی مقدماتی برای افراد مبتدی مناسب است.,
1107,弱点,ruò diǎn,HSK 6,名,1,能力、性格、事物结构等方面薄弱或容易受到影响的地方（名）,نقطه‌ضعف؛ بخش آسیب‌پذیر (اسم),名,اسم,发现弱点（fāxiàn ruòdiǎn）；克服弱点（kèfú ruòdiǎn）；抓住弱点（zhuāzhù ruòdiǎn）,我们应该正视并努力克服自己的弱点。,Wǒmen yīnggāi zhèngshì bìng nǔlì kèfú zìjǐ de ruòdiǎn.,باید با نقاط ضعف خود روبه‌رو شویم و برای غلبه بر آن‌ها تلاش کنیم.,
1108,入选,rù xuǎn,HSK 6,动,1,经过评选后被列入某个名单、范围或行列（不及物动）,انتخاب شدن؛ برگزیده شدن (فعل لازم),不及物动,فعل لازم,成功入选（chénggōng rùxuǎn）；入选名单（rùxuǎn míngdān）；入选国家队（rùxuǎn guójiāduì）,他的作品成功入选了本次展览。,Tā de zuòpǐn chénggōng rùxuǎn le běn cì zhǎnlǎn.,اثر او با موفقیت برای این نمایشگاه انتخاب شد.,
1109,撒,sǎ,HSK 6,动,1,把颗粒状、粉末状或片状的东西分散着扔出去（及物动）,پاشیدن؛ پراکنده کردن (فعل متعدی),及物动,فعل متعدی,撒种子（sǎ zhǒngzi）；撒盐（sǎ yán）；撒花瓣（sǎ huābàn）,农民把种子均匀地撒在地里。,Nóngmín bǎ zhǒngzi jūnyún de sǎ zài dì lǐ.,کشاورز بذرها را به‌طور یکنواخت روی زمین پاشید.,
1109,撒,sā,HSK 6,动,2,放开原来抓住、系住或收拢的东西（及物动）,رها کردن؛ باز کردن (فعل متعدی),及物动,فعل متعدی,撒开手（sākāi shǒu）；撒网（sā wǎng）；撒开绳子（sākāi shéngzi）,孩子突然撒开我的手跑了出去。,Háizi tūrán sākāi wǒ de shǒu pǎo le chūqù.,کودک ناگهان دستم را رها کرد و به بیرون دوید.,
1109,撒,sā,HSK 6,动,3,排泄尿液（不及物动）（口语）,ادرار کردن (فعل لازم، محاوره‌ای),口语,فعل لازم، محاوره‌ای,撒尿（sā niào）；撒一泡尿（sā yí pāo niào）；到外面撒尿（dào wàimiàn sā niào）,小狗在树旁撒了一泡尿。,Xiǎogǒu zài shù páng sā le yí pāo niào.,سگ کوچک کنار درخت ادرار کرد.,
1110,塞,sāi,HSK 6,动,1,把东西放进狭窄的地方或容器中（及物动）,داخل چیزی چپاندن؛ فرو کردن (فعل متعدی),及物动,فعل متعدی,塞进口袋（sāi jìn kǒudài）；塞进箱子（sāi jìn xiāngzi）；往嘴里塞（wǎng zuǐ lǐ sāi）,他把钥匙随手塞进了口袋。,Tā bǎ yàoshi suíshǒu sāi jìn le kǒudài.,او کلید را بی‌اختیار داخل جیبش چپاند.,
1110,塞,sāi,HSK 6,动,2,用东西填满空隙或堵住通道（及物动）,پر کردن؛ مسدود کردن (فعل متعدی),及物动,فعل متعدی,塞住漏洞（sāizhù lòudòng）；塞满东西（sāimǎn dōngxi）；把洞塞上（bǎ dòng sāishàng）,请用布把这个洞塞住。,Qǐng yòng bù bǎ zhège dòng sāizhù.,لطفاً این سوراخ را با پارچه مسدود کنید.,
1110,塞,sāi,HSK 6,动,3,因拥挤或堵塞而不能顺利通过（不及物动）（口语）,گرفته یا مسدود شدن (فعل لازم، محاوره‌ای),口语,فعل لازم، محاوره‌ای,路塞了（lù sāi le）；水管塞了（shuǐguǎn sāi le）；鼻子塞住了（bízi sāizhù le）,厨房的水管又塞了。,Chúfáng de shuǐguǎn yòu sāi le.,لوله آب آشپزخانه دوباره گرفته است.,
1111,赛事,sài shì,HSK 6,名,1,有组织进行的体育比赛活动（名）,رویداد یا مسابقه ورزشی (اسم),名,اسم,国际赛事（guójì sàishì）；大型赛事（dàxíng sàishì）；举办赛事（jǔbàn sàishì）,这座城市今年将举办多项国际赛事。,Zhè zuò chéngshì jīnnián jiāng jǔbàn duō xiàng guójì sàishì.,این شهر امسال میزبان چندین رویداد ورزشی بین‌المللی خواهد بود.,
1112,散,sàn,HSK 6,动,1,聚集在一起的人或事物分开；聚会结束后离开（不及物动）,پراکنده شدن؛ متفرق شدن (فعل لازم),不及物动,فعل لازم,人群散了（rénqún sàn le）；烟雾散去（yānwù sànqù）；大家都散了（dàjiā dōu sàn le）,会议结束后，大家都散了。,"Huìyì jiéshù hòu, dàjiā dōu sàn le.",پس از پایان جلسه، همه متفرق شدند.,
1112,散,sǎn,HSK 6,形,2,没有集中、结合或整理在一起的（形）,پراکنده؛ باز؛ نامتمرکز (صفت),形,صفت,头发散着（tóufa sǎnzhe）；队伍很散（duìwu hěn sǎn）；东西放得很散（dōngxi fàng de hěn sǎn）,她的头发散在肩上。,Tā de tóufa sǎn zài jiān shàng.,موهایش روی شانه‌هایش باز و پراکنده بود.,
1112,散,sǎn,HSK 6,形,3,纪律、注意力或精神不集中（形）,شل و بی‌نظم؛ حواس‌پرت (صفت),形,صفت,纪律很散（jìlǜ hěn sǎn）；精神有点散（jīngshén yǒudiǎn sǎn）；心思散了（xīnsi sǎn le）,最近大家的心思有点散。,Zuìjìn dàjiā de xīnsi yǒudiǎn sǎn.,این اواخر حواس همه کمی پرت شده است.,
1113,散发,sàn fā,HSK 6,动,1,向周围发出气味、光、热量等（及物动）,پخش کردن؛ ساطع کردن (فعل متعدی),及物动,فعل متعدی,散发香味（sànfā xiāngwèi）；散发热量（sànfā rèliàng）；散发光芒（sànfā guāngmáng）,花朵散发出淡淡的香味。,Huāduǒ sànfā chū dàndàn de xiāngwèi.,گل‌ها رایحه‌ای ملایم پخش می‌کنند.,
1113,散发,sàn fā,HSK 6,动,2,把印刷品、物品等分发给许多人（及物动）,توزیع کردن؛ پخش کردن (فعل متعدی),及物动,فعل متعدی,散发传单（sànfā chuándān）；散发资料（sànfā zīliào）；向群众散发（xiàng qúnzhòng sànfā）,工作人员在门口散发宣传资料。,Gōngzuò rényuán zài ménkǒu sànfā xuānchuán zīliào.,کارکنان جلوی در مطالب تبلیغاتی توزیع می‌کردند.,
1114,丧失,sàng shī,HSK 6,动,1,失去原来具有的权利、能力、信心、机会等（及物动）（正式）,از دست دادن (فعل متعدی، رسمی),正式,فعل متعدی، رسمی,丧失信心（sàngshī xìnxīn）；丧失能力（sàngshī nénglì）；丧失机会（sàngshī jīhuì）,这场事故使他丧失了工作能力。,Zhè chǎng shìgù shǐ tā sàngshī le gōngzuò nénglì.,این حادثه باعث شد توانایی کار کردن را از دست بدهد.,
1115,嗓子,sǎng zi,HSK 6,名,1,咽喉部位（名）（口语）,گلو (اسم، محاوره‌ای),口语,اسم، محاوره‌ای,嗓子疼（sǎngzi téng）；嗓子发炎（sǎngzi fāyán）；保护嗓子（bǎohù sǎngzi）,我今天嗓子有点疼。,Wǒ jīntiān sǎngzi yǒudiǎn téng.,امروز گلویم کمی درد می‌کند.,
1115,嗓子,sǎng zi,HSK 6,名,2,人的声音或发声条件（名）（口语）,صدا؛ توانایی آوازخواندن (اسم، محاوره‌ای),口语,اسم، محاوره‌ای,好嗓子（hǎo sǎngzi）；嗓子洪亮（sǎngzi hóngliàng）；亮开嗓子（liàngkāi sǎngzi）,她天生有一副好嗓子。,Tā tiānshēng yǒu yí fù hǎo sǎngzi.,او از بدو تولد صدای بسیار خوبی داشته است.,
1116,散文,sǎn wén,HSK 6,名,1,与诗歌、韵文相对，不讲究押韵和固定格式的文章体裁（名）,نثر؛ نوشته غیرمنظوم (اسم),名,اسم,散文体（sǎnwéntǐ）；散文形式（sǎnwén xíngshì）；用散文写作（yòng sǎnwén xiězuò）,这部作品主要采用散文形式写成。,Zhè bù zuòpǐn zhǔyào cǎiyòng sǎnwén xíngshì xiěchéng.,این اثر عمدتاً به شکل نثر نوشته شده است.,
1116,散文,sǎn wén,HSK 6,名,2,形式自由、注重表达真实感受和意境的文学作品（名）,نثر ادبی؛ جستار ادبی (اسم),名,اسم,写散文（xiě sǎnwén）；散文作品（sǎnwén zuòpǐn）；现代散文（xiàndài sǎnwén）,他写了一篇描写故乡的散文。,Tā xiě le yì piān miáoxiě gùxiāng de sǎnwén.,او نثری ادبی درباره زادگاهش نوشت.,
1117,扫描,sǎo miáo,HSK 6,动,1,用电子、光学或医疗设备按一定顺序检查并获取图像或信息（及物动）,اسکن کردن؛ پویش کردن (فعل متعدی),及物动,فعل متعدی,扫描文件（sǎomiáo wénjiàn）；扫描二维码（sǎomiáo èrwéimǎ）；扫描身体（sǎomiáo shēntǐ）,请扫描二维码完成付款。,Qǐng sǎomiáo èrwéimǎ wánchéng fùkuǎn.,لطفاً برای تکمیل پرداخت، کد QR را اسکن کنید.,
1117,扫描,sǎo miáo,HSK 6,动,2,目光迅速而全面地察看某个范围（及物动）,از نظر گذراندن؛ با نگاه کاویدن (فعل متعدی),及物动,فعل متعدی,扫描全场（sǎomiáo quánchǎng）；目光扫描四周（mùguāng sǎomiáo sìzhōu）；快速扫描人群（kuàisù sǎomiáo rénqún）,他的目光迅速扫描了一遍整个房间。,Tā de mùguāng xùnsù sǎomiáo le yí biàn zhěnggè fángjiān.,او به‌سرعت تمام اتاق را از نظر گذراند.,
1117,扫描,sǎo miáo,HSK 6,名,3,使用设备进行检查、成像或读取信息的过程（名）,اسکن؛ پویش (اسم),名,اسم,进行扫描（jìnxíng sǎomiáo）；全身扫描（quánshēn sǎomiáo）；扫描结果（sǎomiáo jiéguǒ）,医生建议他做一次脑部扫描。,Yīshēng jiànyì tā zuò yí cì nǎobù sǎomiáo.,پزشک توصیه کرد یک اسکن مغزی انجام دهد.,
1118,杀,shā,HSK 6,动,1,使人或动物失去生命；消灭有害生物（及物动）,کشتن؛ از بین بردن جاندار (فعل متعدی),及物动,فعل متعدی,杀害动物（shāhài dòngwù）；杀死害虫（shāsǐ hàichóng）；杀了一只鸡（shā le yì zhī jī）,这种药可以杀死害虫。,Zhè zhǒng yào kěyǐ shāsǐ hàichóng.,این دارو می‌تواند آفت‌ها را از بین ببرد.,
1119,刹车,shā chē,HSK 6,动,1,使用制动装置使车辆减速或停止（不及物动）,ترمز کردن (فعل لازم),不及物动,فعل لازم,紧急刹车（jǐnjí shāchē）；突然刹车（tūrán shāchē）；及时刹车（jíshí shāchē）,司机及时刹车，避免了事故。,"Sījī jíshí shāchē, bìmiǎn le shìgù.",راننده به‌موقع ترمز کرد و از وقوع حادثه جلوگیری کرد.,
1119,刹车,shā chē,HSK 6,名,2,使车辆减速或停止的制动装置（名）,ترمز (اسم),名,اسم,踩刹车（cǎi shāchē）；刹车失灵（shāchē shīlíng）；检查刹车（jiǎnchá shāchē）,这辆车的刹车出了问题。,Zhè liàng chē de shāchē chū le wèntí.,ترمز این خودرو دچار مشکل شده است.,
1120,筛选,shāi xuǎn,HSK 6,动,1,用筛子把大小不同的颗粒分开（及物动）,الک کردن؛ غربال کردن (فعل متعدی),及物动,فعل متعدی,筛选沙粒（shāixuǎn shālì）；筛选种子（shāixuǎn zhǒngzi）；筛选原料（shāixuǎn yuánliào）,工人正在筛选大小不同的沙粒。,Gōngrén zhèngzài shāixuǎn dàxiǎo bùtóng de shālì.,کارگران در حال غربال‌کردن دانه‌های شن با اندازه‌های متفاوت‌اند.,
1120,筛选,shāi xuǎn,HSK 6,动,2,按照一定条件进行选择，排除不符合要求的对象（及物动）,فیلتر و انتخاب کردن؛ گزینش کردن (فعل متعدی),及物动,فعل متعدی,筛选信息（shāixuǎn xìnxī）；筛选候选人（shāixuǎn hòuxuǎnrén）；严格筛选（yángé shāixuǎn）,公司正在从申请者中筛选合适的人才。,Gōngsī zhèngzài cóng shēnqǐngzhě zhōng shāixuǎn héshì de réncái.,شرکت در حال گزینش نیروهای مناسب از میان متقاضیان است.,
1121,闪,shǎn,HSK 6,动,1,光亮突然出现或忽明忽暗（不及物动）,برق زدن؛ چشمک زدن (فعل لازم),不及物动,فعل لازم,灯光直闪（dēngguāng zhí shǎn）；眼前一闪（yǎnqián yì shǎn）；闪了一下（shǎn le yíxià）,远处的灯光闪了几下。,Yuǎnchù de dēngguāng shǎn le jǐ xià.,چراغ دوردست چند بار چشمک زد.,
1121,闪,shǎn,HSK 6,动,2,突然、快速地移动或躲开（不及物动）,به‌سرعت کنار رفتن؛ جاخالی دادن (فعل لازم),不及物动,فعل لازم,闪到一边（shǎn dào yìbiān）；往旁边闪（wǎng pángbiān shǎn）；闪身躲开（shǎnshēn duǒkāi）,他迅速往旁边一闪，躲开了汽车。,"Tā xùnsù wǎng pángbiān yì shǎn, duǒkāi le qìchē.",او سریع کنار رفت و از جلوی خودرو جاخالی داد.,
1121,闪,shǎn,HSK 6,动,3,因突然用力或姿势不当而扭伤身体某部位（及物动）（口语）,رگ‌به‌رگ کردن؛ پیچاندن (فعل متعدی، محاوره‌ای),口语,فعل متعدی، محاوره‌ای,闪了腰（shǎn le yāo）；闪着脖子（shǎnzháo bózi）；小心别闪着（xiǎoxīn bié shǎnzháo）,他搬箱子时不小心闪了腰。,Tā bān xiāngzi shí bù xiǎoxīn shǎn le yāo.,او هنگام جابه‌جایی جعبه، کمرش را رگ‌به‌رگ کرد.,
1121,闪,shǎn,HSK 6,动,4,念头、形象等突然在脑中出现（不及物动）,ناگهان به ذهن آمدن؛ از ذهن گذشتن (فعل لازم),不及物动,فعل لازم,脑中一闪（nǎozhōng yì shǎn）；闪过一个念头（shǎnguò yí gè niàntou）；眼前闪过（yǎnqián shǎnguò）,一个奇怪的念头从他脑中闪过。,Yí gè qíguài de niàntou cóng tā nǎozhōng shǎnguò.,فکری عجیب ناگهان از ذهنش گذشت.,
1122,闪电,shǎn diàn,HSK 6,名,1,云层放电时产生的强烈光亮（名）,آذرخش؛ برق آسمان (اسم),名,اسم,一道闪电（yí dào shǎndiàn）；闪电划过天空（shǎndiàn huáguò tiānkōng）；被闪电击中（bèi shǎndiàn jīzhòng）,一道闪电划过了夜空。,Yí dào shǎndiàn huáguò le yèkōng.,آذرخشی آسمان شب را شکافت.,
1123,山顶,shān dǐng,HSK 6,名,1,山的最高处（名）,قله؛ بالای کوه (اسم),名,اسم,登上山顶（dēngshàng shāndǐng）；到达山顶（dàodá shāndǐng）；山顶积雪（shāndǐng jīxuě）,我们终于登上了山顶。,Wǒmen zhōngyú dēngshàng le shāndǐng.,ما سرانجام به بالای کوه رسیدیم.,
1124,山峰,shān fēng,HSK 6,名,1,山中高耸突出的顶部或独立的高山（名）,قله کوه (اسم),名,اسم,高耸的山峰（gāosǒng de shānfēng）；山峰连绵（shānfēng liánmián）；攀登山峰（pāndēng shānfēng）,远处的山峰终年覆盖着积雪。,Yuǎnchù de shānfēng zhōngnián fùgàizhe jīxuě.,قله‌های دوردست در تمام سال پوشیده از برف‌اند.,
1125,商标,shāng biāo,HSK 6,名,1,用来区别商品或服务来源的文字、图形等专用标志（名）,علامت تجاری؛ نشان تجاری (اسم),名,اسم,注册商标（zhùcè shāngbiāo）；商标保护（shāngbiāo bǎohù）；使用商标（shǐyòng shāngbiāo）,这个商标已经依法注册。,Zhège shāngbiāo yǐjīng yīfǎ zhùcè.,این علامت تجاری به‌طور قانونی ثبت شده است.,
1126,上当,shàng dàng,HSK 6,动,1,受到欺骗而相信错误的信息或遭受损失（不及物动）（口语）,فریب خوردن؛ گول خوردن (فعل لازم، محاوره‌ای),口语,فعل لازم، محاوره‌ای,上当受骗（shàngdàng shòupiàn）；容易上当（róngyì shàngdàng）；小心上当（xiǎoxīn shàngdàng）,不要相信这种广告，小心上当。,"Búyào xiāngxìn zhè zhǒng guǎnggào, xiǎoxīn shàngdàng.",این نوع تبلیغات را باور نکن؛ مراقب باش فریب نخوری.,
1127,上级,shàng jí,HSK 6,名,1,同一组织系统中级别较高的人员或机构（名）,مافوق؛ مقام یا نهاد بالاتر (اسم),名,اسم,服从上级（fúcóng shàngjí）；向上级汇报（xiàng shàngjí huìbào）；上级部门（shàngjí bùmén）,这件事需要向上级汇报。,Zhè jiàn shì xūyào xiàng shàngjí huìbào.,این موضوع باید به مقام بالاتر گزارش شود.,
1128,上进,shàng jìn,HSK 6,形,1,有进取心，积极努力地提高自己（形）,پیشرفت‌طلب؛ دارای انگیزه پیشرفت (صفت),形,صفت,积极上进（jījí shàngjìn）；好学上进（hàoxué shàngjìn）；不求上进（bù qiú shàngjìn）,他是一个勤奋上进的年轻人。,Tā shì yí gè qínfèn shàngjìn de niánqīngrén.,او جوانی سخت‌کوش و پیشرفت‌طلب است.,
1129,伤口,shāng kǒu,HSK 6,名,1,身体受到外伤后破损的部位（名）,زخم؛ محل جراحت (اسم),名,اسم,包扎伤口（bāozā shāngkǒu）；伤口感染（shāngkǒu gǎnrǎn）；伤口愈合（shāngkǒu yùhé）,医生仔细检查了他的伤口。,Yīshēng zǐxì jiǎnchá le tā de shāngkǒu.,پزشک زخم او را با دقت بررسی کرد.,
1129,伤口,shāng kǒu,HSK 6,名,2,感情或心灵受到的伤害（名）（比喻）,زخم روحی؛ آسیب عاطفی (اسم، مجازی),比喻,اسم، مجازی,心灵的伤口（xīnlíng de shāngkǒu）；揭开伤口（jiēkāi shāngkǒu）；抚平伤口（fǔpíng shāngkǒu）,时间慢慢抚平了她心灵的伤口。,Shíjiān mànmàn fǔpíng le tā xīnlíng de shāngkǒu.,زمان به‌آرامی زخم روحی او را التیام بخشید.,
1130,上市,shàng shì,HSK 6,动,1,商品开始进入市场销售（不及物动）,به بازار عرضه شدن (فعل لازم),不及物动,فعل لازم,新产品上市（xīn chǎnpǐn shàngshì）；正式上市（zhèngshì shàngshì）；上市销售（shàngshì xiāoshòu）,这款手机将在下个月正式上市。,Zhè kuǎn shǒujī jiāng zài xià gè yuè zhèngshì shàngshì.,این مدل تلفن همراه ماه آینده رسماً به بازار عرضه می‌شود.,
1130,上市,shàng shì,HSK 6,动,2,公司的股票获准在证券交易所公开交易（不及物动）（金融）,وارد بورس شدن؛ سهامی عام شدن (فعل لازم، مالی),金融,فعل لازم، مالی,公司上市（gōngsī shàngshì）；成功上市（chénggōng shàngshì）；上市融资（shàngshì róngzī）,这家公司计划明年上市。,Zhè jiā gōngsī jìhuà míngnián shàngshì.,این شرکت قصد دارد سال آینده وارد بورس شود.,
1141,涉及,shè jí,HSK 6,动,1,牵涉到某个人、事物、问题或范围（及物动）（书面）,مربوط بودن به؛ دربرگرفتن (فعل متعدی، رسمی),书面,فعل متعدی، رسمی,涉及法律问题（shèjí fǎlǜ wèntí）；涉及多个领域（shèjí duō gè lǐngyù）；涉及个人隐私（shèjí gèrén yǐnsī）,这个问题涉及很多方面。,Zhège wèntí shèjí hěn duō fāngmiàn.,این موضوع جنبه‌های زیادی را دربرمی‌گیرد.,
1142,射击,shè jī,HSK 6,动,1,用枪等武器向目标发射子弹（不及物动）,تیراندازی کردن (فعل لازم),不及物动,فعل لازم,向目标射击（xiàng mùbiāo shèjī）；连续射击（liánxù shèjī）；停止射击（tíngzhǐ shèjī）,士兵奉命向目标射击。,Shìbīng fèngmìng xiàng mùbiāo shèjī.,سربازان به دستور فرمانده به سوی هدف تیراندازی کردند.,
1142,射击,shè jī,HSK 6,名,2,用枪射击的活动或体育项目（名）,تیراندازی؛ ورزش تیراندازی (اسم),名,اسم,射击训练（shèjī xùnliàn）；射击比赛（shèjī bǐsài）；练习射击（liànxí shèjī）,她在射击比赛中获得了冠军。,Tā zài shèjī bǐsài zhōng huòdé le guànjūn.,او در مسابقه تیراندازی به مقام نخست رسید.,
1143,神,shén,HSK 6,名,1,宗教、神话中具有超自然力量的存在（名）,خدا؛ ایزد؛ موجود فراطبیعی (اسم),名,اسم,信奉神（xìnfèng shén）；山里的神（shān lǐ de shén）；向神祈祷（xiàng shén qídǎo）,古人相信山里住着神。,Gǔrén xiāngxìn shān lǐ zhùzhe shén.,مردمان باستان باور داشتند که در کوه‌ها ایزدی زندگی می‌کند.,
1143,神,shén,HSK 6,形,2,非常奇妙、高明或准确，令人惊叹（形）（口语）,شگفت‌انگیز؛ خارق‌العاده (صفت، محاوره‌ای),口语,صفت، محاوره‌ای,真神（zhēn shén）；太神了（tài shén le）；算得很神（suàn de hěn shén）,他猜得太神了，结果完全正确。,"Tā cāi de tài shén le, jiéguǒ wánquán zhèngquè.",حدس او شگفت‌انگیز بود و نتیجه کاملاً درست از آب درآمد.,
1144,生成,shēng chéng,HSK 6,动,1,事物产生并形成（不及物动）,ایجاد شدن؛ شکل گرفتن (فعل لازم),不及物动,فعل لازم,自动生成（zìdòng shēngchéng）；逐渐生成（zhújiàn shēngchéng）；生成完毕（shēngchéng wánbì）,报告已经自动生成。,Bàogào yǐjīng zìdòng shēngchéng.,گزارش به‌طور خودکار ایجاد شده است.,
1144,生成,shēng chéng,HSK 6,动,2,使数据、文件、物质等产生或形成（及物动）,ایجاد کردن؛ تولید کردن (فعل متعدی),及物动,فعل متعدی,生成报告（shēngchéng bàogào）；生成数据（shēngchéng shùjù）；生成图像（shēngchéng túxiàng）,系统可以自动生成报告。,Xìtǒng kěyǐ zìdòng shēngchéng bàogào.,سامانه می‌تواند گزارش را به‌طور خودکار تولید کند.,
1145,声调,shēng diào,HSK 6,名,1,语言中能够区别意义的音高变化（名）（语言学）,نواخت؛ آهنگ هجایی (اسم، زبان‌شناسی),语言学,اسم، زبان‌شناسی,汉语声调（Hànyǔ shēngdiào）；四个声调（sì gè shēngdiào）；声调变化（shēngdiào biànhuà）,普通话有四个基本声调。,Pǔtōnghuà yǒu sì gè jīběn shēngdiào.,چینی معیار چهار نواخت اصلی دارد.,
1145,声调,shēng diào,HSK 6,名,2,说话时声音高低、强弱的变化和表现出的语气（名）,لحن؛ آهنگ صدا (اسم),名,اسم,声调低沉（shēngdiào dīchén）；提高声调（tígāo shēngdiào）；温和的声调（wēnhé de shēngdiào）,他说话的声调突然变得严厉起来。,Tā shuōhuà de shēngdiào tūrán biàn de yánlì qǐlái.,لحن صحبت او ناگهان تند شد.,
1146,生命力,shēng mìng lì,HSK 6,名,1,生物维持生存、生长和繁殖的能力（名）,نیروی حیات؛ توان زنده‌ماندن و رشد (اسم),名,اسم,生命力顽强（shēngmìnglì wánqiáng）；具有生命力（jùyǒu shēngmìnglì）；旺盛的生命力（wàngshèng de shēngmìnglì）,这种植物具有顽强的生命力。,Zhè zhǒng zhíwù jùyǒu wánqiáng de shēngmìnglì.,این گیاه نیروی حیات و مقاومت زیادی دارد.,
1146,生命力,shēng mìng lì,HSK 6,名,2,事物持续存在、发展并产生影响的能力（名）（比喻）,پویایی؛ ماندگاری و توان رشد (اسم، مجازی),比喻,اسم، مجازی,艺术生命力（yìshù shēngmìnglì）；市场生命力（shìchǎng shēngmìnglì）；保持生命力（bǎochí shēngmìnglì）,优秀的文学作品具有持久的生命力。,Yōuxiù de wénxué zuòpǐn jùyǒu chíjiǔ de shēngmìnglì.,آثار ادبی برجسته ماندگاری زیادی دارند.,
1147,生态,shēng tài,HSK 6,名,1,生物的生存状态以及生物与环境之间的相互关系（名）,وضعیت بوم‌شناختی؛ زیست‌بوم (اسم),名,اسم,保护生态（bǎohù shēngtài）；生态平衡（shēngtài pínghéng）；改善生态（gǎishàn shēngtài）,过度开发会破坏当地生态。,Guòdù kāifā huì pòhuài dāngdì shēngtài.,بهره‌برداری بیش از حد به زیست‌بوم محلی آسیب می‌زند.,
1147,生态,shēng tài,HSK 6,名,2,一个行业、社会领域或系统中各部分相互依存形成的整体环境（名）（比喻）,زیست‌بوم یک حوزه؛ محیط و شبکه مرتبط (اسم، مجازی),比喻,اسم، مجازی,商业生态（shāngyè shēngtài）；网络生态（wǎngluò shēngtài）；行业生态（hángyè shēngtài）,新技术正在改变整个行业的生态。,Xīn jìshù zhèngzài gǎibiàn zhěnggè hángyè de shēngtài.,فناوری جدید در حال تغییر زیست‌بوم کل این صنعت است.,
1148,升学,shēng xué,HSK 6,动,1,从较低一级的学校进入较高一级的学校学习（不及物动）,وارد مقطع تحصیلی بالاتر شدن؛ ادامه تحصیل دادن (فعل لازم),不及物动,فعل لازم,准备升学（zhǔnbèi shēngxué）；升学考试（shēngxué kǎoshì）；升学压力（shēngxué yālì）,他正在为明年的升学考试做准备。,Tā zhèngzài wèi míngnián de shēngxué kǎoshì zuò zhǔnbèi.,او در حال آماده‌شدن برای آزمون ورود به مقطع بالاتر در سال آینده است.,
1149,剩余,shèng yú,HSK 6,动,1,从原有数量中使用或减去一部分后还有剩下（不及物动）,باقی ماندن؛ اضافه آمدن (فعل لازم),不及物动,فعل لازم,资金剩余（zījīn shèngyú）；剩余不多（shèngyú bù duō）；还剩余一些（hái shèngyú yìxiē）,工程结束后还剩余一部分资金。,Gōngchéng jiéshù hòu hái shèngyú yí bùfen zījīn.,پس از پایان پروژه، بخشی از بودجه باقی ماند.,
1149,剩余,shèng yú,HSK 6,形,2,使用或减去一部分以后留下的（形）,باقی‌مانده؛ مازاد (صفت),形,صفت,剩余时间（shèngyú shíjiān）；剩余资金（shèngyú zījīn）；剩余部分（shèngyú bùfen）,请利用剩余时间完成任务。,Qǐng lìyòng shèngyú shíjiān wánchéng rènwu.,لطفاً از زمان باقی‌مانده برای تکمیل کار استفاده کنید.,
1150,神经,shén jīng,HSK 6,名,1,连接中枢神经系统和身体各部分、传递信息的组织（名）,عصب (اسم),名,اسم,神经系统（shénjīng xìtǒng）；神经受损（shénjīng shòusǔn）；压迫神经（yāpò shénjīng）,医生发现他的腿部神经受到了损伤。,Yīshēng fāxiàn tā de tuǐbù shénjīng shòudào le sǔnshāng.,پزشک متوجه شد عصب‌های پای او آسیب دیده‌اند.,
1150,神经,shén jīng,HSK 6,形,2,言行反常、不合常理或过度敏感的（形）（口语，贬义）,عجیب و نامتعادل؛ عصبی و حساس (صفت، محاوره‌ای و تحقیرآمیز),口语，贬义,صفت، محاوره‌ای و تحقیرآمیز,太神经了（tài shénjīng le）；有点神经（yǒudiǎn shénjīng）；变得很神经（biàn de hěn shénjīng）,你别这么神经，我只是开个玩笑。,"Nǐ bié zhème shénjīng, wǒ zhǐshì kāi ge wánxiào.",این‌قدر رفتار عجیب نکن؛ فقط شوخی کردم.,
1151,审美,shěn měi,HSK 6,动,1,感受、理解和评价事物的美（及物动）,زیبایی را درک و ارزیابی کردن (فعل متعدی),及物动,فعل متعدی,学会审美（xuéhuì shěnměi）；懂得审美（dǒngde shěnměi）；培养审美能力（péiyǎng shěnměi nénglì）,艺术教育能帮助孩子学会审美。,Yìshù jiàoyù néng bāngzhù háizi xuéhuì shěnměi.,آموزش هنر می‌تواند به کودکان در درک و ارزیابی زیبایی کمک کند.,
1151,审美,shěn měi,HSK 6,名,2,对美的感受、理解、评价和喜好（名）,درک و سلیقه زیبایی‌شناختی (اسم),名,اسم,个人审美（gèrén shěnměi）；提高审美（tígāo shěnměi）；审美差异（shěnměi chāyì）,每个人的审美都有所不同。,Měi gè rén de shěnměi dōu yǒusuǒ bùtóng.,درک و سلیقه زیبایی‌شناختی هر فرد متفاوت است.,
1152,神奇,shén qí,HSK 6,形,1,非常奇妙，令人难以理解或难以置信（形）,شگفت‌انگیز؛ خارق‌العاده (صفت),形,صفت,神奇的力量（shénqí de lìliàng）；效果神奇（xiàoguǒ shénqí）；神奇现象（shénqí xiànxiàng）,大自然中有许多神奇的现象。,Dàzìrán zhōng yǒu xǔduō shénqí de xiànxiàng.,در طبیعت پدیده‌های شگفت‌انگیز زیادی وجود دارد.,
1153,身心,shēn xīn,HSK 6,名,1,身体和精神（名）,جسم و روان (اسم),名,اسم,身心健康（shēnxīn jiànkāng）；身心疲惫（shēnxīn píbèi）；放松身心（fàngsōng shēnxīn）,适当运动有益于身心健康。,Shìdàng yùndòng yǒuyì yú shēnxīn jiànkāng.,ورزش مناسب برای سلامت جسم و روان مفید است.,
1154,深夜,shēn yè,HSK 6,时间词,1,夜晚很晚的时候（时间词）,آخر شب؛ نیمه‌های شب (قید زمان),时间词,قید زمان,工作到深夜（gōngzuò dào shēnyè）；深夜回家（shēnyè huí jiā）；直到深夜（zhídào shēnyè）,他工作到深夜才回家。,Tā gōngzuò dào shēnyè cái huí jiā.,او تا آخر شب کار کرد و سپس به خانه برگشت.,
1155,舌头,shé tou,HSK 6,名,1,口腔内能够辨别味道并帮助咀嚼、吞咽和发音的器官（名）,زبان؛ عضو داخل دهان (اسم),名,اسم,伸出舌头（shēnchū shétou）；舌头发麻（shétou fāmá）；咬到舌头（yǎodào shétou）,他喝热水时烫伤了舌头。,Tā hē rèshuǐ shí tàngshāng le shétou.,او هنگام نوشیدن آب داغ زبانش را سوزاند.,
1156,摄像,shè xiàng,HSK 6,动,1,用摄像设备连续记录活动影像（不及物动）,فیلم‌برداری کردن؛ تصویربرداری کردن (فعل لازم),不及物动,فعل لازم,现场摄像（xiànchǎng shèxiàng）；全程摄像（quánchéng shèxiàng）；负责摄像（fùzé shèxiàng）,活动期间禁止拍照和摄像。,Huódòng qījiān jìnzhǐ pāizhào hé shèxiàng.,در طول برنامه، عکاسی و فیلم‌برداری ممنوع است.,
1156,摄像,shè xiàng,HSK 6,名,2,记录活动影像的工作或技术（名）,فیلم‌برداری؛ تصویربرداری (اسم),名,اسم,摄像技术（shèxiàng jìshù）；专业摄像（zhuānyè shèxiàng）；摄像工作（shèxiàng gōngzuò）,这部纪录片的摄像由他负责。,Zhè bù jìlùpiàn de shèxiàng yóu tā fùzé.,فیلم‌برداری این مستند بر عهده اوست.,
1157,设想,shè xiǎng,HSK 6,动,1,想象某种可能发生的情况或未来的状态（及物动）,تصور کردن؛ در نظر گرفتن (فعل متعدی),及物动,فعل متعدی,设想未来（shèxiǎng wèilái）；设想各种情况（shèxiǎng gè zhǒng qíngkuàng）；不难设想（bù nán shèxiǎng）,我们应该提前设想可能出现的问题。,Wǒmen yīnggāi tíqián shèxiǎng kěnéng chūxiàn de wèntí.,باید مشکلات احتمالی را از قبل در نظر بگیریم.,
1157,设想,shè xiǎng,HSK 6,名,2,对未来或某件事情提出的想法、计划（名）,تصور؛ ایده؛ طرح پیشنهادی (اسم),名,اسم,提出设想（tíchū shèxiǎng）；初步设想（chūbù shèxiǎng）；大胆的设想（dàdǎn de shèxiǎng）,他提出了一个大胆的设想。,Tā tíchū le yí gè dàdǎn de shèxiǎng.,او ایده‌ای جسورانه مطرح کرد.,
1158,摄像头,shè xiàng tóu,HSK 6,名,1,采集并传输或记录影像的摄像装置（名）,دوربین؛ وب‌کم؛ دوربین مداربسته (اسم),名,اسم,监控摄像头（jiānkòng shèxiàngtóu）；安装摄像头（ānzhuāng shèxiàngtóu）；打开摄像头（dǎkāi shèxiàngtóu）,门口安装了一个监控摄像头。,Ménkǒu ānzhuāng le yí gè jiānkòng shèxiàngtóu.,جلوی در یک دوربین مداربسته نصب شده است.,
1159,识,shí,HSK 6,动,1,认识或辨认人、文字、道路等（及物动）（多用于固定表达）,شناختن؛ تشخیص دادن (فعل متعدی),多用于固定表达,فعل متعدی,识字（shí zì）；识人（shí rén）；不识路（bù shí lù）,他不识路，需要有人带他去。,"Tā bù shí lù, xūyào yǒurén dài tā qù.",او راه را نمی‌شناسد و باید کسی همراهی‌اش کند.,
1160,拾,shí,HSK 6,动,1,把地上散落或丢失的东西捡起来（及物动）（书面）,از روی زمین برداشتن؛ پیدا کردن (فعل متعدی، رسمی),书面,فعل متعدی، رسمی,拾起钱包（shíqǐ qiánbāo）；拾到手机（shídào shǒujī）；拾柴火（shí cháihuo）,他在路上拾到了一部手机。,Tā zài lùshang shídào le yí bù shǒujī.,او در خیابان یک تلفن همراه پیدا کرد.,
1160,拾,shí,HSK 6,数,2,数字“十”的大写形式（数）,صورت رسمی عدد ده (عدد),数,عدد,人民币壹拾元（Rénmínbì yī shí yuán）；拾万元整（shí wàn yuán zhěng）；大写数字拾（dàxiě shùzì shí）,支票上的金额写着“人民币壹拾万元整”。,Zhīpiào shàng de jīné xiězhe “Rénmínbì yī shí wàn yuán zhěng”.,مبلغ روی چک به حروف «صد هزار یوان کامل» نوشته شده بود.,
1161,识别,shí bié,HSK 6,动,1,根据特征辨认并区分人或事物（及物动）,شناسایی کردن؛ تشخیص دادن (فعل متعدی),及物动,فعل متعدی,识别身份（shíbié shēnfèn）；识别声音（shíbié shēngyīn）；准确识别（zhǔnquè shíbié）,系统可以自动识别不同人的声音。,Xìtǒng kěyǐ zìdòng shíbié bùtóng rén de shēngyīn.,سامانه می‌تواند صدای افراد مختلف را به‌طور خودکار شناسایی کند.,
1161,识别,shí bié,HSK 6,名,2,辨认、区分人或事物的过程或技术（名）,شناسایی؛ تشخیص (اسم),名,اسم,人脸识别（rénliǎn shíbié）；语音识别（yǔyīn shíbié）；身份识别（shēnfèn shíbié）,这款手机支持人脸识别。,Zhè kuǎn shǒujī zhīchí rénliǎn shíbié.,این مدل تلفن همراه از تشخیص چهره پشتیبانی می‌کند.,
1162,士兵,shì bīng,HSK 6,名,1,军队中接受军事训练并执行任务的普通成员（名）,سرباز (اسم),名,اسم,年轻士兵（niánqīng shìbīng）；训练士兵（xùnliàn shìbīng）；士兵服役（shìbīng fúyì）,士兵们正在接受军事训练。,Shìbīngmen zhèngzài jiēshòu jūnshì xùnliàn.,سربازان در حال گذراندن آموزش نظامی هستند.,
1163,诗词,shī cí,HSK 6,名,1,诗和中国传统文学体裁“词”的统称（名）,اشعار؛ شعر و غزل‌های سنتی چینی (اسم),名,اسم,古典诗词（gǔdiǎn shīcí）；创作诗词（chuàngzuò shīcí）；欣赏诗词（xīnshǎng shīcí）,她喜欢研究中国古典诗词。,Tā xǐhuān yánjiū Zhōngguó gǔdiǎn shīcí.,او به مطالعه اشعار کلاسیک چینی علاقه دارد.,
1164,适度,shì dù,HSK 6,形,1,程度适当，不过多也不过少（形）,متعادل؛ به‌اندازه؛ در حد مناسب (صفت),形,صفت,运动适度（yùndòng shìdù）；适度增长（shìdù zēngzhǎng）；保持适度（bǎochí shìdù）,工作和休息都应该适度。,Gōngzuò hé xiūxi dōu yīnggāi shìdù.,کار و استراحت هر دو باید در حد متعادل باشند.,
1165,湿度,shī dù,HSK 6,名,1,空气、物体等所含水分的程度（名）,رطوبت؛ میزان رطوبت (اسم),名,اسم,空气湿度（kōngqì shīdù）；测量湿度（cèliáng shīdù）；降低湿度（jiàngdī shīdù）,今天空气的湿度很高。,Jīntiān kōngqì de shīdù hěn gāo.,امروز رطوبت هوا بسیار بالاست.,
1166,示范,shì fàn,HSK 6,动,1,做出可供别人学习或模仿的样子（不及物动）,نشان دادن؛ عملاً آموزش دادن (فعل لازم),不及物动,فعل لازم,亲自示范（qīnzì shìfàn）；现场示范（xiànchǎng shìfàn）；给学生示范（gěi xuéshēng shìfàn）,老师先示范了一遍正确的动作。,Lǎoshī xiān shìfàn le yí biàn zhèngquè de dòngzuò.,معلم ابتدا حرکت درست را یک بار عملاً نشان داد.,
1166,示范,shì fàn,HSK 6,名,2,供别人学习、模仿的实例或行为（名）,نمونه عملی؛ الگو (اسم),名,اسم,做示范（zuò shìfàn）；示范作用（shìfàn zuòyòng）；良好示范（liánghǎo shìfàn）,他的做法为大家提供了良好的示范。,Tā de zuòfǎ wèi dàjiā tígōng le liánghǎo de shìfàn.,روش او الگوی عملی خوبی برای همه فراهم کرد.,
1167,释放,shì fàng,HSK 6,动,1,解除对人或动物的关押、控制，使其获得自由（及物动）,آزاد کردن؛ رها کردن (فعل متعدی),及物动,فعل متعدی,释放囚犯（shìfàng qiúfàn）；释放人质（shìfàng rénzhì）；立即释放（lìjí shìfàng）,警方安全释放了被困的动物。,Jǐngfāng ānquán shìfàng le bèikùn de dòngwù.,پلیس حیوان گرفتار را به‌سلامت آزاد کرد.,
1167,释放,shì fàng,HSK 6,动,2,把能量、气体、信号等放出来（及物动）,آزاد یا منتشر کردن (فعل متعدی),及物动,فعل متعدی,释放能量（shìfàng néngliàng）；释放气体（shìfàng qìtǐ）；释放信号（shìfàng xìnhào）,燃烧过程会释放大量热量。,Ránshāo guòchéng huì shìfàng dàliàng rèliàng.,فرایند سوختن مقدار زیادی گرما آزاد می‌کند.,
1167,释放,shì fàng,HSK 6,动,3,使压力、情绪或潜力得到缓解或表现（及物动）,تخلیه کردن؛ بروز دادن؛ شکوفا کردن (فعل متعدی),及物动,فعل متعدی,释放压力（shìfàng yālì）；释放情绪（shìfàng qíngxù）；释放潜力（shìfàng qiánlì）,运动可以帮助人们释放压力。,Yùndòng kěyǐ bāngzhù rénmen shìfàng yālì.,ورزش می‌تواند به افراد در تخلیه فشار روانی کمک کند.,
1168,师父,shī fu,HSK 6,名,1,传授技艺、武术等并与徒弟具有师徒关系的人（名）,استاد؛ مرشد (اسم),名,اسم,拜师父（bài shīfu）；跟师父学艺（gēn shīfu xuéyì）；师父教导（shīfu jiàodǎo）,他跟师父学了十年武术。,Tā gēn shīfu xué le shí nián wǔshù.,او ده سال نزد استادش هنرهای رزمی آموخت.,
1168,师父,shī fu,HSK 6,名,2,对僧人、尼姑或道士的尊称（名）,عنوان محترمانه برای راهب یا روحانی مذهبی (اسم),名,اسم,寺里的师父（sì lǐ de shīfu）；请教师父（qǐngjiào shīfu）；师父诵经（shīfu sòngjīng）,寺里的一位师父为我们介绍了这座古寺。,Sì lǐ de yí wèi shīfu wèi wǒmen jièshào le zhè zuò gǔsì.,یکی از راهبان معبد، این معبد باستانی را به ما معرفی کرد.,
1169,诗歌,shī gē,HSK 6,名,1,以有节奏、富有想象力的语言表达思想感情的文学体裁或作品（名）,شعر؛ سروده (اسم),名,اسم,现代诗歌（xiàndài shīgē）；创作诗歌（chuàngzuò shīgē）；诗歌朗诵（shīgē lǎngsòng）,她喜欢阅读和创作现代诗歌。,Tā xǐhuān yuèdú hé chuàngzuò xiàndài shīgē.,او به خواندن و سرودن شعر نو علاقه دارد.,
1170,时光,shí guāng,HSK 6,名,1,不断流逝的时间或人生中的一段日子（名）（书面）,زمان؛ روزگار؛ ایام (اسم، ادبی),书面,اسم، ادبی,美好时光（měihǎo shíguāng）；珍惜时光（zhēnxī shíguāng）；度过时光（dùguò shíguāng）,我们一起度过了一段美好的时光。,Wǒmen yìqǐ dùguò le yí duàn měihǎo de shíguāng.,ما دوران خوشی را در کنار هم گذراندیم.,
1171,事后,shì hòu,HSK 6,时间词,1,事情发生或处理完以后（时间词）,پس از ماجرا؛ بعد از وقوع کار (قید زمان),时间词,قید زمان,事后调查（shìhòu diàochá）；事后处理（shìhòu chǔlǐ）；事后才知道（shìhòu cái zhīdào）,事后我们才发现问题。,Shìhòu wǒmen cái fāxiàn wèntí.,ما تازه پس از ماجرا متوجه مشکل شدیم.,
1172,实话,shí huà,HSK 6,名,1,真实而不虚假的话（名）,حرف راست؛ حقیقت (اسم),名,اسم,说实话（shuō shíhuà）；讲实话（jiǎng shíhuà）；不肯说实话（bù kěn shuō shíhuà）,说实话，我不太喜欢这个方案。,"Shuō shíhuà, wǒ bú tài xǐhuān zhège fāng'àn.",راستش را بخواهید، من این طرح را چندان دوست ندارم.,
1173,实惠,shí huì,HSK 6,名,1,实际得到的好处或利益（名）,منفعت واقعی؛ سود ملموس (اسم),名,اسم,得到实惠（dédào shíhuì）；带来实惠（dàilái shíhuì）；获得更多实惠（huòdé gèng duō shíhuì）,这项政策给普通家庭带来了实惠。,Zhè xiàng zhèngcè gěi pǔtōng jiātíng dàilái le shíhuì.,این سیاست برای خانواده‌های عادی منفعت ملموسی به همراه آورد.,
1173,实惠,shí huì,HSK 6,形,2,价格合理而且实际好处多（形）,مقرون‌به‌صرفه؛ باصرفه (صفت),形,صفت,价格实惠（jiàgé shíhuì）；经济实惠（jīngjì shíhuì）；便宜实惠（piányi shíhuì）,这家餐厅的饭菜既便宜又实惠。,Zhè jiā cāntīng de fàncài jì piányi yòu shíhuì.,غذاهای این رستوران هم ارزان‌اند و هم مقرون‌به‌صرفه.,
1174,时机,shí jī,HSK 6,名,1,适合采取某种行动的时间或机会（名）,زمان مناسب؛ فرصت مناسب (اسم),名,اسم,抓住时机（zhuāzhù shíjī）；错过时机（cuòguò shíjī）；等待时机（děngdài shíjī）,现在是扩大市场的最佳时机。,Xiànzài shì kuòdà shìchǎng de zuìjiā shíjī.,اکنون بهترین زمان برای گسترش بازار است.,
1175,使劲,shǐ jìn,HSK 6,动,1,用较大的力量（不及物动）（口语）,زور زدن؛ نیرو به کار بردن (فعل لازم، محاوره‌ای),口语,فعل لازم، محاوره‌ای,一起使劲（yìqǐ shǐjìn）；再使点劲（zài shǐ diǎn jìn）；使不上劲（shǐ bu shàng jìn）,大家一起使劲，把车推出来。,"Dàjiā yìqǐ shǐjìn, bǎ chē tuī chūlái.",همه با هم زور بزنید تا خودرو را بیرون هل بدهیم.,
1175,使劲,shǐ jìn,HSK 6,副,2,用较大的力量做某个动作（副）（口语）,با قدرت؛ با تمام نیرو (قید، محاوره‌ای),口语,قید، محاوره‌ای,使劲推（shǐjìn tuī）；使劲拉（shǐjìn lā）；使劲敲门（shǐjìn qiāo mén）,他使劲推开了那扇门。,Tā shǐjìn tuīkāi le nà shàn mén.,او در را با تمام نیرو باز کرد.,
1176,视觉,shì jué,HSK 6,名,1,眼睛感受外界光线、颜色、形状等而产生的感觉（名）,بینایی؛ ادراک بصری (اسم),名,اسم,视觉感受（shìjué gǎnshòu）；视觉效果（shìjué xiàoguǒ）；视觉艺术（shìjué yìshù）,这部电影带来了强烈的视觉体验。,Zhè bù diànyǐng dàilái le qiángliè de shìjué tǐyàn.,این فیلم تجربه بصری قدرتمندی ایجاد کرد.,
1177,势力,shì lì,HSK 6,名,1,能够支配、控制或影响他人的力量（名）,قدرت؛ نفوذ (اسم),名,اسم,势力强大（shìlì qiángdà）；扩大势力（kuòdà shìlì）；势力范围（shìlì fànwéi）,这个家族在当地很有势力。,Zhège jiāzú zài dāngdì hěn yǒu shìlì.,این خانواده در آن منطقه نفوذ زیادی دارد.,
1177,势力,shì lì,HSK 6,名,2,具有一定权力和影响力的政治、社会集团或力量（名）,نیرو؛ جناح؛ گروه صاحب نفوذ (اسم),名,اسم,政治势力（zhèngzhì shìlì）；地方势力（dìfāng shìlì）；反对势力（fǎnduì shìlì）,各方势力正在争夺这一地区的控制权。,Gè fāng shìlì zhèngzài zhēngduó zhè yí dìqū de kòngzhìquán.,نیروهای مختلف برای به‌دست‌گرفتن کنترل این منطقه رقابت می‌کنند.,
1178,视力,shì lì,HSK 6,名,1,眼睛辨别物体形状、大小和远近的能力（名）,قدرت بینایی؛ دید چشم (اسم),名,اسم,保护视力（bǎohù shìlì）；视力下降（shìlì xiàjiàng）；检查视力（jiǎnchá shìlì）,长时间看屏幕可能会影响视力。,Cháng shíjiān kàn píngmù kěnéng huì yǐngxiǎng shìlì.,نگاه‌کردن طولانی‌مدت به صفحه‌نمایش ممکن است بر بینایی تأثیر بگذارد.,
1179,时尚,shí shàng,HSK 6,名,1,一定时期内受到许多人追求的生活方式、风格或潮流（名）,مد؛ جریان مد روز (اسم),名,اسم,追求时尚（zhuīqiú shíshàng）；引领时尚（yǐnlǐng shíshàng）；时尚潮流（shíshàng cháoliú）,年轻人往往更关注时尚。,Niánqīngrén wǎngwǎng gèng guānzhù shíshàng.,جوانان معمولاً توجه بیشتری به مد دارند.,
1179,时尚,shí shàng,HSK 6,形,2,符合当前流行趋势的（形）,شیک؛ مد روز (صفت),形,صفت,穿着时尚（chuānzhuó shíshàng）；设计时尚（shèjì shíshàng）；时尚的衣服（shíshàng de yīfu）,她的穿着既简单又时尚。,Tā de chuānzhuó jì jiǎndān yòu shíshàng.,لباس‌پوشیدن او هم ساده است و هم شیک.,
1180,实时,shí shí,HSK 6,形,1,与事情发生、数据变化几乎同时显示或处理的（形）,بلادرنگ؛ لحظه‌ای (صفت),形,صفت,实时数据（shíshí shùjù）；实时信息（shíshí xìnxī）；实时监控系统（shíshí jiānkòng xìtǒng）,平台会提供实时交通信息。,Píngtái huì tígōng shíshí jiāotōng xìnxī.,این سامانه اطلاعات لحظه‌ای ترافیک را ارائه می‌دهد.,
1180,实时,shí shí,HSK 6,副,2,与事情发生、数据变化几乎同时地（副）,به‌صورت بلادرنگ؛ در لحظه (قید),副,قید,实时更新（shíshí gēngxīn）；实时显示（shíshí xiǎnshì）；实时传输（shíshí chuánshū）,系统可以实时显示车辆的位置。,Xìtǒng kěyǐ shíshí xiǎnshì chēliàng de wèizhì.,سامانه می‌تواند موقعیت خودرو را به‌صورت لحظه‌ای نمایش دهد.,
1181,时速,shí sù,HSK 6,名,1,以一小时为单位计算的行驶速度（名）,سرعت بر ساعت (اسم),名,اسم,最高时速（zuìgāo shísù）；平均时速（píngjūn shísù）；时速达到一百公里（shísù dádào yìbǎi gōnglǐ）,这列火车的最高时速可达三百公里。,Zhè liè huǒchē de zuìgāo shísù kě dá sānbǎi gōnglǐ.,حداکثر سرعت این قطار به سیصد کیلومتر بر ساعت می‌رسد.,
1182,试图,shì tú,HSK 6,动,1,尝试实现某种目的，常表示结果尚未确定或没有成功（及物动）（书面）,کوشیدن؛ تلاش کردن (فعل متعدی، رسمی),书面,فعل متعدی، رسمی,试图解决（shìtú jiějué）；试图改变（shìtú gǎibiàn）；试图逃跑（shìtú táopǎo）,他试图向大家解释自己的决定。,Tā shìtú xiàng dàjiā jiěshì zìjǐ de juédìng.,او تلاش کرد تصمیم خود را برای همه توضیح دهد.,
1183,事务,shì wù,HSK 6,名,1,需要处理的事情或工作（名）（正式）,امور؛ کارهای اداری یا اجرایی (اسم، رسمی),正式,اسم، رسمی,日常事务（rìcháng shìwù）；处理事务（chǔlǐ shìwù）；外交事务（wàijiāo shìwù）,她负责处理公司的日常事务。,Tā fùzé chǔlǐ gōngsī de rìcháng shìwù.,او مسئول رسیدگی به امور روزمره شرکت است.,
1183,事务,shì wù,HSK 6,名,2,数据库中作为一个完整单位执行的一组操作（名）（计算机）,تراکنش (اسم، رایانه),计算机,اسم، رایانه,数据库事务（shùjùkù shìwù）；提交事务（tíjiāo shìwù）；回滚事务（huígǔn shìwù）,如果操作失败，系统会自动回滚事务。,"Rúguǒ cāozuò shībài, xìtǒng huì zìdòng huígǔn shìwù.",اگر عملیات ناموفق باشد، سامانه تراکنش را به‌طور خودکار بازمی‌گرداند.,
1184,事项,shì xiàng,HSK 6,名,1,需要注意、办理或说明的具体项目（名）（正式）,مورد؛ موضوع مشخص؛ بند (اسم، رسمی),正式,اسم، رسمی,注意事项（zhùyì shìxiàng）；重要事项（zhòngyào shìxiàng）；办理相关事项（bànlǐ xiāngguān shìxiàng）,请仔细阅读以下注意事项。,Qǐng zǐxì yuèdú yǐxià zhùyì shìxiàng.,لطفاً موارد زیر را با دقت مطالعه کنید.,
1185,适宜,shì yí,HSK 6,形,1,条件、程度等合适，符合实际需要（形）（正式）,مناسب؛ مساعد (صفت، رسمی),正式,صفت، رسمی,气候适宜（qìhòu shìyí）；温度适宜（wēndù shìyí）；适宜居住（shìyí jūzhù）,这里气候温和，非常适宜居住。,"Zhèlǐ qìhòu wēnhé, fēicháng shìyí jūzhù.",آب‌وهوای اینجا معتدل و برای زندگی بسیار مناسب است.,
1186,石油,shí yóu,HSK 6,名,1,从地下开采的可燃液体矿物，是重要的能源和化工原料（名）,نفت (اسم),名,اسم,开采石油（kāicǎi shíyóu）；石油资源（shíyóu zīyuán）；石油价格（shíyóu jiàgé）,这个国家出口大量石油。,Zhège guójiā chūkǒu dàliàng shíyóu.,این کشور مقدار زیادی نفت صادر می‌کند.,
1187,食欲,shí yù,HSK 6,名,1,想吃东西的生理欲望（名）,اشتها (اسم),名,اسم,增加食欲（zēngjiā shíyù）；食欲不振（shíyù bú zhèn）；失去食欲（shīqù shíyù）,天气太热可能会影响食欲。,Tiānqì tài rè kěnéng huì yǐngxiǎng shíyù.,گرمای بیش از حد هوا ممکن است بر اشتها تأثیر بگذارد.,
1188,实质,shí zhì,HSK 6,名,1,事物内在的、起决定作用的本质和内容（名）（书面）,ماهیت؛ جوهر؛ محتوای اساسی (اسم، رسمی),书面,اسم، رسمی,问题的实质（wèntí de shízhì）；看清实质（kànqīng shízhì）；实质没有改变（shízhì méiyǒu gǎibiàn）,我们需要透过现象看清问题的实质。,Wǒmen xūyào tòuguò xiànxiàng kànqīng wèntí de shízhì.,باید از ظاهر پدیده فراتر برویم و ماهیت مسئله را بشناسیم.,
1189,狮子,shī zi,HSK 6,名,1,生活在非洲、亚洲等地的大型猫科猛兽，雄性颈部通常有鬃毛（名）,شیر (اسم),名,اسم,一头狮子（yì tóu shīzi）；雄狮子（xióng shīzi）；狮子捕猎（shīzi bǔliè）,一头狮子正在草原上捕猎。,Yì tóu shīzi zhèngzài cǎoyuán shàng bǔliè.,شیری در دشت در حال شکار است.,
1190,十足,shí zú,HSK 6,形,1,某种力量、情绪或特点非常充足（形）,فراوان؛ بسیار زیاد؛ سرشار (صفت),形,صفت,信心十足（xìnxīn shízú）；干劲十足（gànjìn shízú）；活力十足（huólì shízú）,他对完成这项任务信心十足。,Tā duì wánchéng zhè xiàng rènwu xìnxīn shízú.,او برای انجام این کار کاملاً مطمئن و بااعتمادبه‌نفس است.,
1190,十足,shí zú,HSK 6,形,2,完全具有某种性质，常用于强调明显的特征（形）,تمام‌عیار؛ کامل؛ محض (صفت),形,صفت,十足的骗子（shízú de piànzi）；官气十足（guānqì shízú）；十足的讽刺（shízú de fěngcì）,他的承诺后来被证明是十足的谎言。,Tā de chéngnuò hòulái bèi zhèngmíng shì shízú de huǎngyán.,بعداً مشخص شد که وعده او دروغی محض بوده است.,
1191,手臂,shǒu bì,HSK 6,名,1,人体从肩膀到手腕的部分（名）,بازو؛ دست از شانه تا مچ (اسم),名,اسم,挥动手臂（huīdòng shǒubì）；手臂受伤（shǒubì shòushāng）；伸出手臂（shēnchū shǒubì）,他的右手臂在比赛中受伤了。,Tā de yòu shǒubì zài bǐsài zhōng shòushāng le.,بازوی راست او در مسابقه آسیب دید.,
1192,收藏,shōu cáng,HSK 6,动,1,收集并保存有价值、值得欣赏或有纪念意义的物品（及物动）,جمع‌آوری و نگهداری کردن (فعل متعدی),及物动,فعل متعدی,收藏古董（shōucáng gǔdǒng）；收藏邮票（shōucáng yóupiào）；收藏艺术品（shōucáng yìshùpǐn）,他收藏了许多珍贵的古董。,Tā shōucáng le xǔduō zhēnguì de gǔdǒng.,او اشیای عتیقه ارزشمند زیادی جمع‌آوری کرده است.,
1192,收藏,shōu cáng,HSK 6,动,2,把网页、文章、商品等保存到账户中以便以后查看（及物动）（网络）,نشان‌کردن؛ ذخیره‌کردن در برگزیده‌ها (فعل متعدی، اینترنت),网络,فعل متعدی، اینترنت,收藏网页（shōucáng wǎngyè）；收藏文章（shōucáng wénzhāng）；收藏商品（shōucáng shāngpǐn）,我先收藏这篇文章，以后再看。,"Wǒ xiān shōucáng zhè piān wénzhāng, yǐhòu zài kàn.",فعلاً این مقاله را نشان می‌کنم تا بعداً بخوانم.,
1192,收藏,shōu cáng,HSK 6,名,3,所收集保存的物品；网络账户中保存的内容（名）,مجموعه؛ موارد ذخیره‌شده (اسم),名,اسم,个人收藏（gèrén shōucáng）；珍贵收藏（zhēnguì shōucáng）；查看收藏（chákàn shōucáng）,这些邮票是他最珍贵的收藏。,Zhèxiē yóupiào shì tā zuì zhēnguì de shōucáng.,این تمبرها ارزشمندترین مجموعه او هستند.,
1193,手法,shǒu fǎ,HSK 6,名,1,艺术创作、医疗操作或处理事情时采用的技巧和方法（名）,شیوه؛ فن؛ تکنیک (اسم),名,اسم,写作手法（xiězuò shǒufǎ）；表现手法（biǎoxiàn shǒufǎ）；按摩手法（ànmó shǒufǎ）,这部小说采用了独特的叙事手法。,Zhè bù xiǎoshuō cǎiyòng le dútè de xùshì shǒufǎ.,این رمان از شیوه روایی ویژه‌ای استفاده کرده است.,
1193,手法,shǒu fǎ,HSK 6,名,2,为达到某种目的而采取的手段，常含贬义（名）,روش؛ ترفند؛ شگرد (اسم),名,اسم,作案手法（zuò'àn shǒufǎ）；欺骗手法（qīpiàn shǒufǎ）；手法恶劣（shǒufǎ èliè）,警方已经查明了罪犯的作案手法。,Jǐngfāng yǐjīng chámíng le zuìfàn de zuò'àn shǒufǎ.,پلیس شگرد مجرم را مشخص کرده است.,
1194,收购,shōu gòu,HSK 6,动,1,从生产者或持有者手中统一购买商品、农产品等（及物动）,خریداری و جمع‌آوری کردن (فعل متعدی),及物动,فعل متعدی,收购粮食（shōugòu liángshi）；收购农产品（shōugòu nóngchǎnpǐn）；按价收购（àn jià shōugòu）,这家工厂长期收购当地农民的水果。,Zhè jiā gōngchǎng chángqī shōugòu dāngdì nóngmín de shuǐguǒ.,این کارخانه مدت‌هاست میوه کشاورزان محلی را خریداری می‌کند.,
1194,收购,shōu gòu,HSK 6,动,2,通过购买股份或资产取得对企业的所有权或控制权（及物动）（商业）,خریدن و تصاحب کردن (فعل متعدی، تجاری),商业,فعل متعدی، تجاری,收购公司（shōugòu gōngsī）；收购股份（shōugòu gǔfèn）；被竞争对手收购（bèi jìngzhēng duìshǒu shōugòu）,这家公司被一家大型集团收购了。,Zhè jiā gōngsī bèi yì jiā dàxíng jítuán shōugòu le.,این شرکت توسط یک گروه بزرگ خریداری شد.,
1194,收购,shōu gòu,HSK 6,名,3,购买并取得企业所有权或控制权的商业行为（名）,خرید و تصاحب شرکت؛ اکتساب (اسم),名,اسم,完成收购（wánchéng shōugòu）；企业收购（qǐyè shōugòu）；收购协议（shōugòu xiéyì）,双方已经就这次收购达成协议。,Shuāngfāng yǐjīng jiù zhè cì shōugòu dáchéng xiéyì.,دو طرف درباره این خرید به توافق رسیده‌اند.,
1195,寿命,shòu mìng,HSK 6,名,1,人或生物从出生到死亡所经历的时间（名）,طول عمر (اسم),名,اسم,平均寿命（píngjūn shòumìng）；延长寿命（yáncháng shòumìng）；寿命较长（shòumìng jiào cháng）,这种动物的平均寿命约为十五年。,Zhè zhǒng dòngwù de píngjūn shòumìng yuē wéi shíwǔ nián.,میانگین طول عمر این حیوان حدود پانزده سال است.,
1195,寿命,shòu mìng,HSK 6,名,2,机器、设备、材料等能够正常使用的时间（名）,عمر مفید (اسم),名,اسم,使用寿命（shǐyòng shòumìng）；电池寿命（diànchí shòumìng）；缩短寿命（suōduǎn shòumìng）,正确保养可以延长设备的使用寿命。,Zhèngquè bǎoyǎng kěyǐ yáncháng shèbèi de shǐyòng shòumìng.,نگهداری صحیح می‌تواند عمر مفید دستگاه را افزایش دهد.,
1196,收取,shōu qǔ,HSK 6,动,1,接收、收下钱款、物品或资料（及物动）（正式）,دریافت کردن؛ وصول کردن (فعل متعدی، رسمی),正式,فعل متعدی، رسمی,收取费用（shōuqǔ fèiyòng）；收取租金（shōuqǔ zūjīn）；收取材料（shōuqǔ cáiliào）,这项服务不收取任何费用。,Zhè xiàng fúwù bù shōuqǔ rènhé fèiyòng.,برای این خدمات هیچ هزینه‌ای دریافت نمی‌شود.,
1197,手势,shǒu shì,HSK 6,名,1,用手或手指做出的、能够表达意思的动作（名）,اشاره یا حرکت دست (اسم),名,اسم,打手势（dǎ shǒushì）；做手势（zuò shǒushì）；用手势交流（yòng shǒushì jiāoliú）,他用手势示意大家保持安静。,Tā yòng shǒushì shìyì dàjiā bǎochí ānjìng.,او با اشاره دست از همه خواست ساکت بمانند.,
1198,首要,shǒu yào,HSK 6,形,1,在许多事物中最重要、居于第一位的（形）,مهم‌ترین؛ در اولویت نخست (صفت),形,صفت,首要任务（shǒuyào rènwu）；首要目标（shǒuyào mùbiāo）；首要条件（shǒuyào tiáojiàn）,保障安全是我们的首要任务。,Bǎozhàng ānquán shì wǒmen de shǒuyào rènwu.,تأمین ایمنی مهم‌ترین وظیفه ماست.,
1199,收益,shōu yì,HSK 6,名,1,通过生产、经营、投资等获得的经济利益或收入（名）,سود؛ درآمد؛ بازده مالی (اسم),名,اسم,投资收益（tóuzī shōuyì）；经济收益（jīngjì shōuyì）；提高收益（tígāo shōuyì）,这项投资带来了稳定的收益。,Zhè xiàng tóuzī dàilái le wěndìng de shōuyì.,این سرمایه‌گذاری بازده مالی پایداری به همراه داشت.,
1199,收益,shōu yì,HSK 6,动,2,获得知识、经验或其他好处（不及物动）（书面）,بهره بردن؛ سود بردن (فعل لازم، رسمی),书面,فعل لازم، رسمی,收益很多（shōuyì hěn duō）；收益不小（shōuyì bù xiǎo）；收益匪浅（shōuyì fěiqiǎn）,参加这次培训使我收益匪浅。,Cānjiā zhè cì péixùn shǐ wǒ shōuyì fěiqiǎn.,شرکت در این دوره آموزشی برای من بسیار سودمند بود.,
1200,受灾,shòu zāi,HSK 6,动,1,受到自然灾害或严重事故的损害（不及物动）,از بلا یا حادثه آسیب دیدن (فعل لازم),不及物动,فعل لازم,严重受灾（yánzhòng shòuzāi）；受灾地区（shòuzāi dìqū）；农田受灾（nóngtián shòuzāi）,连续暴雨导致多个地区严重受灾。,Liánxù bàoyǔ dǎozhì duō gè dìqū yánzhòng shòuzāi.,بارندگی شدید و مداوم باعث شد چندین منطقه خسارت سنگینی ببینند.,
1201,竖,shù,HSK 6,动,1,使物体直立起来（及物动）,راست یا عمودی قرار دادن (فعل متعدی),及物动,فعل متعدی,竖起牌子（shùqǐ páizi）；竖着放（shùzhe fàng）；竖起耳朵（shùqǐ ěrduo）,请把这块牌子竖起来。,Qǐng bǎ zhè kuài páizi shù qǐlái.,لطفاً این تابلو را به‌صورت عمودی قرار دهید.,
1201,竖,shù,HSK 6,形,2,方向从上到下的；与“横”相对（形）,عمودی؛ قائم (صفت),形,صفت,竖线（shùxiàn）；竖方向（shù fāngxiàng）；一横一竖（yì héng yí shù）,请在纸上画一条竖线。,Qǐng zài zhǐ shàng huà yì tiáo shùxiàn.,لطفاً یک خط عمودی روی کاغذ بکشید.,
1201,竖,shù,HSK 6,名,3,汉字笔画中从上向下写的一笔（名）,خط عمودی در نویسه چینی (اسم),名,اسم,写一竖（xiě yí shù）；横和竖（héng hé shù）；这一竖（zhè yí shù）,这个字的最后一笔是一竖。,Zhège zì de zuìhòu yì bǐ shì yí shù.,آخرین حرکت قلم در این نویسه یک خط عمودی است.,
1202,属,shǔ,HSK 6,动,1,归某人所有或归某个组织管辖（不及物动）（书面）,متعلق بودن؛ زیر نظر بودن (فعل لازم، رسمی),书面,فعل لازم، رسمی,财产属个人所有（cáichǎn shǔ gèrén suǒyǒu）；直属中央（zhíshǔ Zhōngyāng）；版权属作者（bǎnquán shǔ zuòzhě）,这座房子的产权属他个人所有。,Zhè zuò fángzi de chǎnquán shǔ tā gèrén suǒyǒu.,مالکیت این خانه متعلق به خود اوست.,
1202,属,shǔ,HSK 6,动,2,属于某种类型、性质或情况（不及物动）（书面）,جزو چیزی بودن؛ محسوب شدن (فعل لازم، رسمی),书面,فعل لازم، رسمی,属正常现象（shǔ zhèngcháng xiànxiàng）；属违法行为（shǔ wéifǎ xíngwéi）；纯属误会（chún shǔ wùhuì）,这种情况属正常现象，不必担心。,"Zhè zhǒng qíngkuàng shǔ zhèngcháng xiànxiàng, búbì dānxīn.",این وضعیت طبیعی محسوب می‌شود و نیازی به نگرانی نیست.,
1202,属,shǔ,HSK 6,动,3,出生年份对应十二生肖中的某种动物（不及物动）,متولد سال یکی از حیوانات زودیاک چینی بودن (فعل لازم),不及物动,فعل لازم,属龙（shǔ lóng）；属什么（shǔ shénme）；我属虎（wǒ shǔ hǔ）,我属虎，他属兔。,"Wǒ shǔ hǔ, tā shǔ tù.",من متولد سال ببرم و او متولد سال خرگوش است.,
1202,属,shǔ,HSK 6,名,4,生物分类中低于“科”、高于“种”的等级（名）（生物学）,سرده (اسم، زیست‌شناسی),生物学,اسم، زیست‌شناسی,同一个属（tóng yí gè shǔ）；不同属（bùtóng shǔ）；属和种（shǔ hé zhǒng）,狮子和老虎属于同一个属。,Shīzi hé lǎohǔ shǔyú tóng yí gè shǔ.,شیر و ببر به یک سرده تعلق دارند.,
1203,衰老,shuāi lǎo,HSK 6,动,1,随着年龄或时间增长而逐渐失去活力和功能（不及物动）,پیر شدن؛ فرسوده شدن (فعل لازم),不及物动,فعل لازم,逐渐衰老（zhújiàn shuāilǎo）；身体衰老（shēntǐ shuāilǎo）；细胞衰老（xìbāo shuāilǎo）,人体的各个器官会随着年龄增长而逐渐衰老。,Réntǐ de gè gè qìguān huì suízhe niánlíng zēngzhǎng ér zhújiàn shuāilǎo.,اندام‌های بدن با افزایش سن به‌تدریج فرسوده می‌شوند.,
1203,衰老,shuāi lǎo,HSK 6,形,2,年老而体力、功能或活力减弱的（形）,پیر و ناتوان؛ فرسوده (صفت),形,صفت,衰老的身体（shuāilǎo de shēntǐ）；皮肤衰老（pífū shuāilǎo）；显得衰老（xiǎnde shuāilǎo）,多年劳累使他显得十分衰老。,Duōnián láolèi shǐ tā xiǎnde shífēn shuāilǎo.,سال‌ها کار سخت باعث شده است بسیار پیر و فرسوده به نظر برسد.,
1204,率领,shuài lǐng,HSK 6,动,1,带领队伍或一群人共同执行任务、参加活动（及物动）（正式）,رهبری کردن؛ فرماندهی کردن (فعل متعدی، رسمی),正式,فعل متعدی، رسمی,率领军队（shuàilǐng jūnduì）；率领团队（shuàilǐng tuánduì）；率领代表团（shuàilǐng dàibiǎotuán）,教练率领球队赢得了冠军。,Jiàoliàn shuàilǐng qiúduì yíngdé le guànjūn.,مربی تیم را رهبری کرد و به قهرمانی رساند.,
1205,率先,shuài xiān,HSK 6,副,1,比其他人或事物更早地采取行动或达到某种状态（副）,پیش از دیگران؛ پیشگامانه (قید),副,قید,率先完成（shuàixiān wánchéng）；率先提出（shuàixiān tíchū）；率先实现（shuàixiān shíxiàn）,这座城市率先实施了新的环保政策。,Zhè zuò chéngshì shuàixiān shíshī le xīn de huánbǎo zhèngcè.,این شهر پیش از دیگران سیاست زیست‌محیطی جدید را اجرا کرد.,
1206,输出,shū chū,HSK 6,动,1,把商品、资本、技术、文化等向国外或外部输送（及物动）（正式）,صادر کردن؛ به بیرون انتقال دادن (فعل متعدی، رسمی),正式,فعل متعدی، رسمی,输出商品（shūchū shāngpǐn）；输出技术（shūchū jìshù）；输出资本（shūchū zīběn）,这个国家向海外输出大量农产品。,Zhège guójiā xiàng hǎiwài shūchū dàliàng nóngchǎnpǐn.,این کشور مقدار زیادی محصول کشاورزی به خارج صادر می‌کند.,
1206,输出,shū chū,HSK 6,动,2,设备、系统等向外传送数据、信号、能量或结果（及物动）,خروجی دادن؛ منتقل کردن (فعل متعدی),及物动,فعل متعدی,输出数据（shūchū shùjù）；输出信号（shūchū xìnhào）；输出图像（shūchū túxiàng）,系统可以同时输出多种格式的文件。,Xìtǒng kěyǐ tóngshí shūchū duō zhǒng géshì de wénjiàn.,سامانه می‌تواند هم‌زمان فایل‌هایی با چند قالب مختلف خروجی دهد.,
1206,输出,shū chū,HSK 6,名,3,设备、系统等向外传送的数据、信号、能量或结果（名）,خروجی (اسم),名,اسم,系统输出（xìtǒng shūchū）；功率输出（gōnglǜ shūchū）；检查输出（jiǎnchá shūchū）,模型的输出与预期结果基本一致。,Móxíng de shūchū yǔ yùqī jiéguǒ jīběn yízhì.,خروجی مدل تا حد زیادی با نتیجه مورد انتظار مطابقت دارد.,
1207,书画,shū huà,HSK 6,名,1,书法和绘画艺术或其作品的统称（名）,خوش‌نویسی و نقاشی؛ آثار خوش‌نویسی و نقاشی (اسم),名,اسم,书画作品（shūhuà zuòpǐn）；书画艺术（shūhuà yìshù）；收藏书画（shōucáng shūhuà）,这家博物馆收藏了许多古代书画。,Zhè jiā bówùguǎn shōucáng le xǔduō gǔdài shūhuà.,این موزه آثار خوش‌نویسی و نقاشی باستانی زیادی نگهداری می‌کند.,
1208,水稻,shuǐ dào,HSK 6,名,1,种植在水田中、果实加工后成为大米的农作物（名）,شالی؛ گیاه برنج شالیزاری (اسم),名,اسم,种植水稻（zhòngzhí shuǐdào）；水稻产量（shuǐdào chǎnliàng）；水稻品种（shuǐdào pǐnzhǒng）,这一地区适合种植水稻。,Zhè yí dìqū shìhé zhòngzhí shuǐdào.,این منطقه برای کشت شالی مناسب است.,
1209,水库,shuǐ kù,HSK 6,名,1,为蓄水、防洪、灌溉或发电而修建的大型人工水域（名）,آبگیر؛ مخزن سد (اسم),名,اسم,修建水库（xiūjiàn shuǐkù）；水库蓄水（shuǐkù xùshuǐ）；大型水库（dàxíng shuǐkù）,这座水库为附近的农田提供灌溉用水。,Zhè zuò shuǐkù wèi fùjìn de nóngtián tígōng guàngài yòngshuǐ.,این آبگیر آب مورد نیاز برای آبیاری زمین‌های کشاورزی اطراف را تأمین می‌کند.,
1210,水流,shuǐ liú,HSK 6,名,1,流动的水及其流动状态（名）,جریان آب (اسم),名,اسم,水流湍急（shuǐliú tuānjí）；水流速度（shuǐliú sùdù）；控制水流（kòngzhì shuǐliú）,雨后河里的水流变得十分湍急。,Yǔ hòu hé lǐ de shuǐliú biàn de shífēn tuānjí.,پس از باران، جریان آب رودخانه بسیار تند شد.,
1211,水面,shuǐ miàn,HSK 6,名,1,河流、湖泊、海洋等水体的表面（名）,سطح آب (اسم),名,اسم,浮出水面（fúchū shuǐmiàn）；水面平静（shuǐmiàn píngjìng）；水面上升（shuǐmiàn shàngshēng）,几只小船停在平静的水面上。,Jǐ zhī xiǎochuán tíng zài píngjìng de shuǐmiàn shàng.,چند قایق کوچک روی سطح آرام آب توقف کرده‌اند.,
1212,水泥,shuǐ ní,HSK 6,名,1,加水搅拌后能够凝固变硬的粉状建筑材料（名）,سیمان (اسم),名,اسم,水泥厂（shuǐní chǎng）；水泥路（shuǐní lù）；生产水泥（shēngchǎn shuǐní）,工人正在用水泥修补墙面。,Gōngrén zhèngzài yòng shuǐní xiūbǔ qiángmiàn.,کارگران در حال ترمیم دیوار با سیمان هستند.,
1213,书籍,shū jí,HSK 6,名,1,书的统称（名）（正式）,کتاب‌ها؛ آثار مکتوب (اسم، رسمی),正式,اسم، رسمی,阅读书籍（yuèdú shūjí）；专业书籍（zhuānyè shūjí）；出版书籍（chūbǎn shūjí）,图书馆收藏了大量历史书籍。,Túshūguǎn shōucáng le dàliàng lìshǐ shūjí.,کتابخانه مجموعه بزرگی از کتاب‌های تاریخی را نگهداری می‌کند.,
1214,树立,shù lì,HSK 6,动,1,建立并使某种抽象事物稳固地形成（及物动）（多用于积极事物）,ایجاد و تثبیت کردن؛ به وجود آوردن (فعل متعدی),多用于积极事物,فعل متعدی,树立榜样（shùlì bǎngyàng）；树立信心（shùlì xìnxīn）；树立良好形象（shùlì liánghǎo xíngxiàng）,企业应该树立良好的社会形象。,Qǐyè yīnggāi shùlì liánghǎo de shèhuì xíngxiàng.,شرکت‌ها باید تصویر اجتماعی مثبتی از خود ایجاد کنند.,
1215,书面,shū miàn,HSK 6,形,1,用文字表达或记录的；与“口头”相对（形）,کتبی؛ نوشتاری (صفت),形,صفت,书面通知（shūmiàn tōngzhī）；书面申请（shūmiàn shēnqǐng）；书面表达（shūmiàn biǎodá）,请提交一份书面申请。,Qǐng tíjiāo yí fèn shūmiàn shēnqǐng.,لطفاً یک درخواست کتبی ارائه دهید.,
1216,数目,shù mù,HSK 6,名,1,事物的数量（名）,تعداد؛ شمار (اسم),名,اسم,数目庞大（shùmù pángdà）；增加数目（zēngjiā shùmù）；具体数目（jùtǐ shùmù）,目前还无法确定参加者的具体数目。,Mùqián hái wúfǎ quèdìng cānjiāzhě de jùtǐ shùmù.,در حال حاضر هنوز نمی‌توان تعداد دقیق شرکت‌کنندگان را مشخص کرد.,
1217,瞬间,shùn jiān,HSK 6,名,1,极短的一段时间（名）,لحظه؛ آنی کوتاه (اسم),名,اسم,一瞬间（yí shùnjiān）；短暂的瞬间（duǎnzàn de shùnjiān）；美好瞬间（měihǎo shùnjiān）,爆炸发生的一瞬间，窗户全被震碎了。,"Bàozhà fāshēng de yí shùnjiān, chuānghu quán bèi zhènsuì le.",در لحظه وقوع انفجار، تمام پنجره‌ها شکستند.,
1217,瞬间,shùn jiān,HSK 6,副,2,在极短的时间内（副）,در یک لحظه؛ فوراً (قید),副,قید,瞬间消失（shùnjiān xiāoshī）；瞬间爆发（shùnjiān bàofā）；瞬间安静下来（shùnjiān ānjìng xiàlái）,听到这个消息后，房间里瞬间安静下来。,"Tīngdào zhège xiāoxi hòu, fángjiān lǐ shùnjiān ānjìng xiàlái.",پس از شنیدن این خبر، اتاق در یک لحظه ساکت شد.,
1218,薯片,shǔ piàn,HSK 6,名,1,把马铃薯切成薄片后油炸或烘烤制成的食品（名）,چیپس سیب‌زمینی (اسم),名,اسم,一包薯片（yì bāo shǔpiàn）；吃薯片（chī shǔpiàn）；原味薯片（yuánwèi shǔpiàn）,孩子们分着吃了一包薯片。,Háizimen fēnzhe chī le yì bāo shǔpiàn.,بچه‌ها یک بسته چیپس سیب‌زمینی را با هم خوردند.,
1219,输送,shū sòng,HSK 6,动,1,通过交通工具、管道、设备等把人员、物资、液体、气体或能量送到别处（及物动）,انتقال دادن؛ رساندن (فعل متعدی),及物动,فعل متعدی,输送物资（shūsòng wùzī）；输送天然气（shūsòng tiānránqì）；输送电力（shūsòng diànlì）,这条管道负责向城市输送天然气。,Zhè tiáo guǎndào fùzé xiàng chéngshì shūsòng tiānránqì.,این خط لوله وظیفه انتقال گاز طبیعی به شهر را بر عهده دارد.,
1220,书写,shū xiě,HSK 6,动,1,用笔或其他工具写出文字、符号等（及物动）（正式）,نوشتن؛ نگارش کردن (فعل متعدی، رسمی),正式,فعل متعدی، رسمی,书写汉字（shūxiě Hànzì）；正确书写（zhèngquè shūxiě）；书写姓名（shūxiě xìngmíng）,请用黑色的笔清楚地书写姓名。,Qǐng yòng hēisè de bǐ qīngchu de shūxiě xìngmíng.,لطفاً نام خود را با خودکار مشکی و خوانا بنویسید.,
1220,书写,shū xiě,HSK 6,动,2,用行动创造、表现或记录经历、历史等（及物动）（比喻）,رقم زدن؛ آفریدن (فعل متعدی، مجازی),比喻,فعل متعدی، مجازی,书写历史（shūxiě lìshǐ）；书写人生（shūxiě rénshēng）；书写新篇章（shūxiě xīn piānzhāng）,年轻一代正在用奋斗书写新的历史。,Niánqīng yí dài zhèngzài yòng fèndòu shūxiě xīn de lìshǐ.,نسل جوان با تلاش خود در حال رقم‌زدن تاریخی تازه است.,
1221,数字化,shù zì huà,HSK 6,动,1,把文字、图像、业务流程等转换成可由计算机处理的数字形式（及物动）,دیجیتالی کردن (فعل متعدی),及物动,فعل متعدی,数字化档案（shùzìhuà dàng'àn）；数字化资料（shùzìhuà zīliào）；将流程数字化（jiāng liúchéng shùzìhuà）,图书馆正在把古老文献数字化。,Túshūguǎn zhèngzài bǎ gǔlǎo wénxiàn shùzìhuà.,کتابخانه در حال دیجیتالی‌کردن اسناد قدیمی است.,
1221,数字化,shù zì huà,HSK 6,动,2,逐渐采用数字技术运行或管理（不及物动）,دیجیتالی شدن (فعل لازم),不及物动,فعل لازم,管理数字化（guǎnlǐ shùzìhuà）；逐步数字化（zhúbù shùzìhuà）；全面数字化（quánmiàn shùzìhuà）,公司的管理方式正在逐步数字化。,Gōngsī de guǎnlǐ fāngshì zhèngzài zhúbù shùzìhuà.,شیوه مدیریت شرکت به‌تدریج در حال دیجیتالی‌شدن است.,
1221,数字化,shù zì huà,HSK 6,名,3,采用数字技术改造信息、业务或社会活动的过程（名）,دیجیتالی‌سازی؛ تحول دیجیتال (اسم),名,اسم,推动数字化（tuīdòng shùzìhuà）；加快数字化（jiākuài shùzìhuà）；企业数字化（qǐyè shùzìhuà）,数字化提高了企业的工作效率。,Shùzìhuà tígāo le qǐyè de gōngzuò xiàolǜ.,دیجیتالی‌سازی بهره‌وری شرکت را افزایش داده است.,
1222,思路,sī lù,HSK 6,名,1,思考问题时思想展开的顺序和脉络（名）,روند و مسیر فکری (اسم),名,اسم,思路清晰（sīlù qīngxī）；打断思路（dǎduàn sīlù）；整理思路（zhěnglǐ sīlù）,请给我一点时间整理思路。,Qǐng gěi wǒ yìdiǎn shíjiān zhěnglǐ sīlù.,لطفاً کمی وقت بدهید تا افکارم را مرتب کنم.,
1222,思路,sī lù,HSK 6,名,2,处理工作或解决问题的想法和方向（名）,راه‌فکر؛ رویکرد؛ ایده کلی (اسم),名,اسم,解决问题的思路（jiějué wèntí de sīlù）；工作思路（gōngzuò sīlù）；提供新思路（tígōng xīn sīlù）,这个方法为解决问题提供了新的思路。,Zhège fāngfǎ wèi jiějué wèntí tígōng le xīn de sīlù.,این روش رویکرد تازه‌ای برای حل مسئله ارائه داد.,
1223,思念,sī niàn,HSK 6,动,1,因长时间分离而想念某个人或地方（及物动）,دلتنگ کسی یا جایی بودن؛ به یاد بودن (فعل متعدی),及物动,فعل متعدی,思念亲人（sīniàn qīnrén）；思念家乡（sīniàn jiāxiāng）；十分思念（shífēn sīniàn）,她在国外时常常思念家乡。,Tā zài guówài shí chángcháng sīniàn jiāxiāng.,او هنگام زندگی در خارج اغلب دلتنگ زادگاهش می‌شد.,
1223,思念,sī niàn,HSK 6,名,2,对分离的人或地方产生的想念之情（名）,دلتنگی؛ اشتیاق دیدار (اسم),名,اسم,表达思念（biǎodá sīniàn）；寄托思念（jìtuō sīniàn）；深深的思念（shēnshēn de sīniàn）,这封信表达了他对家人的思念。,Zhè fēng xìn biǎodá le tā duì jiārén de sīniàn.,این نامه دلتنگی او برای خانواده‌اش را بیان می‌کند.,
1224,死亡,sǐ wáng,HSK 6,动,1,人或生物失去生命（不及物动）（正式）,مردن؛ جان باختن (فعل لازم، رسمی),正式,فعل لازم، رسمی,因病死亡（yīnbìng sǐwáng）；当场死亡（dāngchǎng sǐwáng）；意外死亡（yìwài sǐwáng）,这棵树因长期缺水而死亡。,Zhè kē shù yīn chángqī quēshuǐ ér sǐwáng.,این درخت بر اثر کمبود طولانی‌مدت آب خشک شد و از بین رفت.,
1224,死亡,sǐ wáng,HSK 6,名,2,生命终止的状态或现象（名）（正式）,مرگ؛ فوت (اسم، رسمی),正式,اسم، رسمی,导致死亡（dǎozhì sǐwáng）；死亡原因（sǐwáng yuányīn）；面对死亡（miànduì sǐwáng）,警方正在调查他的死亡原因。,Jǐngfāng zhèngzài diàochá tā de sǐwáng yuányīn.,پلیس در حال بررسی علت مرگ اوست.,
1225,松,sōng,HSK 6,名,1,四季常绿、叶子呈针状的乔木（名）,درخت کاج (اسم),名,اسم,一棵松（yì kē sōng）；松的种类（sōng de zhǒnglèi）；山上的松（shān shàng de sōng）,悬崖边长着一棵古老的松。,Xuányá biān zhǎngzhe yì kē gǔlǎo de sōng.,کنار پرتگاه یک درخت کاج کهنسال روییده است.,
1225,松,sōng,HSK 6,形,2,结合得不紧密或固定得不牢（形）,شل؛ لق (صفت),形,صفت,绳子很松（shéngzi hěn sōng）；螺丝松了（luósī sōng le）；绑得太松（bǎng de tài sōng）,这颗螺丝有点松。,Zhè kē luósī yǒudiǎn sōng.,این پیچ کمی شل است.,
1225,松,sōng,HSK 6,形,3,要求、管理或纪律不严格（形）,سهل‌گیر؛ غیرسخت‌گیرانه (صفت),形,صفت,管理很松（guǎnlǐ hěn sōng）；要求太松（yāoqiú tài sōng）；纪律松（jìlǜ sōng）,这里对安全管理的要求太松了。,Zhèlǐ duì ānquán guǎnlǐ de yāoqiú tài sōng le.,الزامات مدیریت ایمنی در اینجا بیش از حد سهل‌گیرانه است.,
1225,松,sōng,HSK 6,动,4,使紧的东西变松或放开（及物动）,شل کردن؛ رها کردن (فعل متعدی),及物动,فعل متعدی,松一松绳子（sōng yì sōng shéngzi）；松开腰带（sōngkāi yāodài）；把手松开（bǎ shǒu sōngkāi）,这条腰带太紧了，你可以稍微松一松。,"Zhè tiáo yāodài tài jǐn le, nǐ kěyǐ shāowēi sōng yì sōng.",این کمربند خیلی سفت است؛ می‌توانی کمی شلش کنی.,
1226,艘,sōu,HSK 6,量,1,用于计算船只、舰艇等（量）,فروند؛ واحد شمارش کشتی و قایق (واحد شمارش),量,واحد شمارش,一艘船（yì sōu chuán）；两艘军舰（liǎng sōu jūnjiàn）；几艘渔船（jǐ sōu yúchuán）,港口停着三艘货船。,Gǎngkǒu tíngzhe sān sōu huòchuán.,سه فروند کشتی باری در بندر پهلو گرفته‌اند.,
1227,搜集,sōu jí,HSK 6,动,1,到处寻找并集中所需要的资料、信息或物品（及物动）,جست‌وجو و گردآوری کردن (فعل متعدی),及物动,فعل متعدی,搜集资料（sōují zīliào）；搜集证据（sōují zhèngjù）；广泛搜集（guǎngfàn sōují）,记者正在搜集与事件有关的证据。,Jìzhě zhèngzài sōují yǔ shìjiàn yǒuguān de zhèngjù.,خبرنگار در حال جست‌وجو و گردآوری شواهد مرتبط با این رویداد است.,
1228,算了,suàn le,HSK 6,动,1,决定不再追究、计较或继续做某事（不及物动）（口语）,بی‌خیال شدن؛ از پیگیری چیزی صرف‌نظر کردن (فعل لازم، محاوره‌ای),口语,فعل لازم، محاوره‌ای,这次就算了（zhè cì jiù suàn le）；不能就这么算了（bùnéng jiù zhème suàn le）；不去就算了（bú qù jiù suàn le）,既然他已经道歉了，这件事就算了吧。,"Jìrán tā yǐjīng dàoqiàn le, zhè jiàn shì jiù suàn le ba.",حالا که عذرخواهی کرده است، بی‌خیال این موضوع شویم.,
1228,算了,suàn le,HSK 6,叹,2,表示不想再说、再做或认为没有必要继续（叹）（口语）,بی‌خیال!؛ ولش کن! (حرف ندا، محاوره‌ای),口语,حرف ندا، محاوره‌ای,"算了吧（suàn le ba）；算了，别说了（suàn le, bié shuō le）；算了，不用了（suàn le, bú yòng le）",算了，别再为这件事争了。,"Suàn le, bié zài wèi zhè jiàn shì zhēng le.",بی‌خیال، دیگر سر این موضوع بحث نکنید.,
1229,算是,suàn shì,HSK 6,动,1,可以认为是或勉强称得上是（不及物动）（口语）,محسوب شدن؛ بتوان چیزی دانست (فعل لازم، محاوره‌ای),口语,فعل لازم، محاوره‌ای,算是朋友（suànshì péngyou）；算是成功（suànshì chénggōng）；还算是合理（hái suànshì hélǐ）,我们认识很多年了，也算是老朋友。,"Wǒmen rènshi hěn duō nián le, yě suànshì lǎo péngyou.",سال‌هاست یکدیگر را می‌شناسیم و می‌توان گفت دوستان قدیمی هستیم.,
1229,算是,suàn shì,HSK 6,副,2,表示经过一段时间或努力后终于达到某种结果（副）（口语）,بالاخره؛ سرانجام (قید، محاوره‌ای),口语,قید، محاوره‌ای,总算是完成了（zǒng suànshì wánchéng le）；算是解决了（suànshì jiějué le）；算是松了一口气（suànshì sōng le yì kǒu qì）,这个问题今天总算是解决了。,Zhège wèntí jīntiān zǒng suànshì jiějué le.,این مشکل امروز بالاخره حل شد.,
1230,虽,suī,HSK 6,连,1,虽然；引出让步关系的分句（连）（书面）,اگرچه؛ با اینکه (حرف ربط، رسمی),书面,حرف ربط، رسمی,虽有困难（suī yǒu kùnnan）；虽不完美（suī bù wánměi）；虽败犹荣（suī bài yóu róng）,这座房子虽小，却十分舒适。,"Zhè zuò fángzi suī xiǎo, què shífēn shūshì.",این خانه اگرچه کوچک است، بسیار راحت است.,
1231,岁数,suì shu,HSK 6,名,1,人的年龄（名）（口语）,سن؛ سال‌های عمر (اسم، محاوره‌ای),口语,اسم، محاوره‌ای,多大岁数（duō dà suìshu）；岁数大了（suìshu dà le）；上了岁数（shàng le suìshu）,您今年多大岁数了？,Nín jīnnián duō dà suìshu le?,امسال چند سالتان است؟,
1232,岁月,suì yuè,HSK 6,名,1,一段较长的时间或人生中经历的年月（名）（书面）,سال‌ها؛ روزگار؛ ایام (اسم، ادبی),书面,اسم، ادبی,漫长岁月（màncháng suìyuè）；艰苦岁月（jiānkǔ suìyuè）；岁月流逝（suìyuè liúshì）,他们共同度过了一段艰苦的岁月。,Tāmen gòngtóng dùguò le yí duàn jiānkǔ de suìyuè.,آن‌ها دوران سختی را در کنار یکدیگر گذراندند.,
1233,损坏,sǔn huài,HSK 6,动,1,物品、设备、建筑等受到破坏，失去部分或全部功能（不及物动）,خراب شدن؛ آسیب دیدن (فعل لازم),不及物动,فعل لازم,设备损坏（shèbèi sǔnhuài）；严重损坏（yánzhòng sǔnhuài）；容易损坏（róngyì sǔnhuài）,运输过程中有几件设备损坏了。,Yùnshū guòchéng zhōng yǒu jǐ jiàn shèbèi sǔnhuài le.,چند دستگاه در جریان حمل‌ونقل آسیب دیدند.,
1233,损坏,sǔn huài,HSK 6,动,2,使物品、设备、建筑等受到破坏或失去功能（及物动）,خراب کردن؛ آسیب رساندن به وسیله یا سازه (فعل متعدی),及物动,فعل متعدی,损坏设备（sǔnhuài shèbèi）；损坏公共设施（sǔnhuài gōnggòng shèshī）；人为损坏（rénwéi sǔnhuài）,请勿损坏公共设施。,Qǐng wù sǔnhuài gōnggòng shèshī.,لطفاً به تأسیسات عمومی آسیب نرسانید.,
1234,损伤,sǔn shāng,HSK 6,动,1,使身体组织、器官、功能或事物的完整性受到伤害（及物动）,آسیب زدن؛ صدمه وارد کردن (فعل متعدی),及物动,فعل متعدی,损伤神经（sǔnshāng shénjīng）；损伤肌肉（sǔnshāng jīròu）；损伤视力（sǔnshāng shìlì）,强烈的阳光可能会损伤眼睛。,Qiángliè de yángguāng kěnéng huì sǔnshāng yǎnjing.,نور شدید خورشید ممکن است به چشم‌ها آسیب بزند.,
1234,损伤,sǔn shāng,HSK 6,名,2,身体组织、器官或物体受到的伤害（名）,آسیب؛ صدمه؛ جراحت (اسم),名,اسم,神经损伤（shénjīng sǔnshāng）；肌肉损伤（jīròu sǔnshāng）；检查损伤（jiǎnchá sǔnshāng）,检查结果显示他的膝盖存在轻微损伤。,Jiǎnchá jiéguǒ xiǎnshì tā de xīgài cúnzài qīngwēi sǔnshāng.,نتیجه معاینه نشان داد که زانوی او کمی آسیب دیده است.,
1235,塑造,sù zào,HSK 6,动,1,用泥土、石膏等材料制作立体形象（及物动）,شکل دادن؛ پیکرتراشی کردن (فعل متعدی),及物动,فعل متعدی,塑造人物形象（sùzào rénwù xíngxiàng）；用泥塑造（yòng ní sùzào）；塑造雕像（sùzào diāoxiàng）,艺术家用黏土塑造了一匹马。,Yìshùjiā yòng niántǔ sùzào le yì pǐ mǎ.,هنرمند با گل رس پیکره یک اسب را ساخت.,
1235,塑造,sù zào,HSK 6,动,2,通过培养、描写或宣传等形成某种人物、性格或形象（及物动）（比喻）,شکل دادن؛ پرورش دادن؛ تصویرسازی کردن (فعل متعدی، مجازی),比喻,فعل متعدی، مجازی,塑造性格（sùzào xìnggé）；塑造形象（sùzào xíngxiàng）；塑造人物（sùzào rénwù）,家庭环境会塑造孩子的性格。,Jiātíng huánjìng huì sùzào háizi de xìnggé.,محیط خانواده شخصیت کودک را شکل می‌دهد.,
1236,素质,sù zhì,HSK 6,名,1,人的身体和心理在先天基础及后天影响下形成的基本条件（名）,بنیه و آمادگی جسمی‌ـ‌روانی (اسم),名,اسم,身体素质（shēntǐ sùzhì）；心理素质（xīnlǐ sùzhì）；素质良好（sùzhì liánghǎo）,运动员需要具备良好的身体和心理素质。,Yùndòngyuán xūyào jùbèi liánghǎo de shēntǐ hé xīnlǐ sùzhì.,ورزشکار باید از آمادگی جسمی و روانی خوبی برخوردار باشد.,
1236,素质,sù zhì,HSK 6,名,2,人在道德、文化、知识、能力等方面的修养和水平（名）,شایستگی؛ سطح فرهنگی و توانمندی (اسم),名,اسم,综合素质（zōnghé sùzhì）；专业素质（zhuānyè sùzhì）；提高素质（tígāo sùzhì）,这份工作对员工的专业素质要求很高。,Zhè fèn gōngzuò duì yuángōng de zhuānyè sùzhì yāoqiú hěn gāo.,این شغل به سطح بالایی از شایستگی حرفه‌ای کارکنان نیاز دارد.,
1237,塔,tǎ,HSK 6,名,1,高耸的多层或塔状建筑物，也指具有类似形状的设施（名）,برج؛ پاگودا؛ سازه برج‌مانند (اسم),名,اسم,一座塔（yí zuò tǎ）；古塔（gǔtǎ）；登上塔顶（dēngshàng tǎdǐng）,山顶上有一座古老的塔。,Shāndǐng shàng yǒu yí zuò gǔlǎo de tǎ.,بر فراز کوه یک برج باستانی قرار دارد.,
1238,台风,tái fēng,HSK 6,名,1,发生在西北太平洋和南海一带的强烈热带气旋（名）,توفند؛ تایفون (اسم),名,اسم,台风登陆（táifēng dēnglù）；遭遇台风（zāoyù táifēng）；台风预警（táifēng yùjǐng）,受台风影响，所有航班都被取消了。,"Shòu táifēng yǐngxiǎng, suǒyǒu hángbān dōu bèi qǔxiāo le.",بر اثر توفند، همه پروازها لغو شدند.,
1239,太空,tài kōng,HSK 6,名,1,地球大气层以外的宇宙空间（名）,فضای بیرونی؛ فضا (اسم),名,اسم,进入太空（jìnrù tàikōng）；探索太空（tànsuǒ tàikōng）；太空任务（tàikōng rènwu）,宇航员将在太空停留六个月。,Yǔhángyuán jiāng zài tàikōng tíngliú liù gè yuè.,فضانوردان شش ماه در فضا خواهند ماند.,
1240,台球,tái qiú,HSK 6,名,1,在有边框的台面上用球杆击球的体育运动（名）,بیلیارد (اسم),名,اسم,打台球（dǎ táiqiú）；台球比赛（táiqiú bǐsài）；台球俱乐部（táiqiú jùlèbù）,他们周末常常一起打台球。,Tāmen zhōumò chángcháng yìqǐ dǎ táiqiú.,آن‌ها آخر هفته‌ها اغلب با هم بیلیارد بازی می‌کنند.,
1240,台球,tái qiú,HSK 6,名,2,台球运动中使用的小球（名）,توپ بیلیارد (اسم),名,اسم,一颗台球（yì kē táiqiú）；击中台球（jīzhòng táiqiú）；彩色台球（cǎisè táiqiú）,一颗台球从桌面上掉了下来。,Yì kē táiqiú cóng zhuōmiàn shàng diào le xiàlái.,یک توپ بیلیارد از روی میز افتاد.,
1241,太阳能,tài yáng néng,HSK 6,名,1,由太阳辐射产生并可转化利用的能量（名）,انرژی خورشیدی (اسم),名,اسم,利用太阳能（lìyòng tàiyángnéng）；太阳能发电（tàiyángnéng fādiàn）；太阳能设备（tàiyángnéng shèbèi）,这座建筑主要利用太阳能发电。,Zhè zuò jiànzhù zhǔyào lìyòng tàiyángnéng fādiàn.,این ساختمان عمدتاً با استفاده از انرژی خورشیدی برق تولید می‌کند.,
1242,烫,tàng,HSK 6,形,1,温度很高，接触后会使人感到灼热（形）,بسیار داغ؛ سوزان (صفت),形,صفت,水太烫（shuǐ tài tàng）；碗很烫（wǎn hěn tàng）；摸起来烫（mō qǐlái tàng）,这杯茶太烫了，等一会儿再喝。,"Zhè bēi chá tài tàng le, děng yíhuìr zài hē.",این چای خیلی داغ است؛ کمی صبر کن و بعد بنوش.,
1242,烫,tàng,HSK 6,动,2,高温物体或液体使身体受到灼伤（及物动）,سوزاندن؛ داغ‌زدن (فعل متعدی),及物动,فعل متعدی,烫了手（tàng le shǒu）；被开水烫到（bèi kāishuǐ tàngdào）；小心别烫着（xiǎoxīn bié tàngzháo）,她倒热水时不小心烫了手。,Tā dào rèshuǐ shí bù xiǎoxīn tàng le shǒu.,او هنگام ریختن آب داغ دستش را سوزاند.,
1242,烫,tàng,HSK 6,动,3,用热水、蒸汽或高温器具加热、处理物品或食物（及物动）,با حرارت گرم یا آماده کردن؛ اتو یا آب‌جوش زدن (فعل متعدی),及物动,فعل متعدی,烫衣服（tàng yīfu）；烫青菜（tàng qīngcài）；用热水烫碗（yòng rèshuǐ tàng wǎn）,吃饭前先用开水把碗烫一下。,Chīfàn qián xiān yòng kāishuǐ bǎ wǎn tàng yíxià.,پیش از غذاخوردن، کاسه را یک بار با آب جوش ضدعفونی کن.,
1242,烫,tàng,HSK 6,动,4,用化学药剂和加热等方法使头发卷曲或改变发型（及物动）,مو را فر کردن؛ حالت دائم دادن (فعل متعدی),及物动,فعل متعدی,烫头发（tàng tóufa）；烫成卷发（tàng chéng juǎnfà）；刚烫的头发（gāng tàng de tóufa）,她昨天把头发烫成了卷发。,Tā zuótiān bǎ tóufa tàng chéng le juǎnfà.,او دیروز موهایش را فر کرد.,
1243,糖果,táng guǒ,HSK 6,名,1,以糖为主要原料制成的甜味食品（名）,آبنبات؛ شیرینی قندی (اسم),名,اسم,一颗糖果（yì kē tángguǒ）；水果糖果（shuǐguǒ tángguǒ）；分发糖果（fēnfā tángguǒ）,孩子从盒子里拿了一颗糖果。,Háizi cóng hézi lǐ ná le yì kē tángguǒ.,کودک یک آب‌نبات از جعبه برداشت.,
1244,汤圆,tāng yuán,HSK 6,名,1,用糯米粉制成、通常带有甜馅并煮食的圆形食品（名）,توپک برنجی چسبناک؛ تانگ‌یوان (اسم),名,اسم,煮汤圆（zhǔ tāngyuán）；一碗汤圆（yì wǎn tāngyuán）；芝麻馅汤圆（zhīma xiàn tāngyuán）,元宵节时，很多家庭都会煮汤圆。,"Yuánxiāojié shí, hěnduō jiātíng dōu huì zhǔ tāngyuán.",در جشن فانوس، بسیاری از خانواده‌ها تانگ‌یوان می‌پزند.,
1245,谈论,tán lùn,HSK 6,动,1,围绕某个人或某件事交换看法、发表意见（及物动）,درباره چیزی گفت‌وگو کردن؛ به بحث گذاشتن (فعل متعدی),及物动,فعل متعدی,谈论问题（tánlùn wèntí）；公开谈论（gōngkāi tánlùn）；谈论未来（tánlùn wèilái）,大家正在谈论昨天发生的事情。,Dàjiā zhèngzài tánlùn zuótiān fāshēng de shìqing.,همه در حال گفت‌وگو درباره اتفاق دیروز هستند.,
1246,谈判,tán pàn,HSK 6,动,1,有关各方通过协商解决争议或达成协议（不及物动）,مذاکره کردن (فعل لازم),不及物动,فعل لازم,进行谈判（jìnxíng tánpàn）；与对方谈判（yǔ duìfāng tánpàn）；谈判解决（tánpàn jiějué）,双方同意就价格问题继续谈判。,Shuāngfāng tóngyì jiù jiàgé wèntí jìxù tánpàn.,دو طرف موافقت کردند که مذاکره درباره قیمت را ادامه دهند.,
1246,谈判,tán pàn,HSK 6,名,2,为解决争议或达成协议而进行的正式协商（名）,مذاکره؛ مذاکرات (اسم),名,اسم,和平谈判（hépíng tánpàn）；商务谈判（shāngwù tánpàn）；谈判破裂（tánpàn pòliè）,经过多轮谈判，双方终于达成了协议。,"Jīngguò duō lún tánpàn, shuāngfāng zhōngyú dáchéng le xiéyì.",پس از چند دور مذاکره، دو طرف سرانجام به توافق رسیدند.,
1247,探索,tàn suǒ,HSK 6,动,1,进入未知或不熟悉的地方进行考察和寻找（及物动）,کاوش کردن؛ به جست‌وجوی مکانی ناشناخته پرداختن (فعل متعدی),及物动,فعل متعدی,探索太空（tànsuǒ tàikōng）；探索海底（tànsuǒ hǎidǐ）；探索未知区域（tànsuǒ wèizhī qūyù）,科学家正在利用机器人探索海底。,Kēxuéjiā zhèngzài lìyòng jīqìrén tànsuǒ hǎidǐ.,دانشمندان با استفاده از ربات در حال کاوش بستر دریا هستند.,
1247,探索,tàn suǒ,HSK 6,动,2,研究、尝试并寻找未知的规律、方法或答案（及物动）,بررسی و کشف کردن؛ در پی یافتن راه یا پاسخ بودن (فعل متعدی),及物动,فعل متعدی,探索规律（tànsuǒ guīlǜ）；探索新方法（tànsuǒ xīn fāngfǎ）；不断探索（búduàn tànsuǒ）,研究人员正在探索治疗这种疾病的新方法。,Yánjiū rényuán zhèngzài tànsuǒ zhìliáo zhè zhǒng jíbìng de xīn fāngfǎ.,پژوهشگران در حال یافتن روش‌های تازه‌ای برای درمان این بیماری هستند.,
1248,探讨,tàn tǎo,HSK 6,动,1,深入研究并讨论某个问题（及物动）（正式）,بررسی و بحث عمیق کردن (فعل متعدی، رسمی),正式,فعل متعدی، رسمی,探讨问题（tàntǎo wèntí）；深入探讨（shēnrù tàntǎo）；共同探讨（gòngtóng tàntǎo）,专家们共同探讨了城市发展的新方向。,Zhuānjiāmen gòngtóng tàntǎo le chéngshì fāzhǎn de xīn fāngxiàng.,کارشناسان با هم مسیرهای تازه توسعه شهری را به‌طور عمیق بررسی کردند.,
1249,弹性,tán xìng,HSK 6,名,1,物体受力变形后恢复原状的性质（名）,کشسانی؛ خاصیت ارتجاعی (اسم),名,اسم,具有弹性（jùyǒu tánxìng）；弹性良好（tánxìng liánghǎo）；失去弹性（shīqù tánxìng）,这种材料柔软而且很有弹性。,Zhè zhǒng cáiliào róuruǎn érqiě hěn yǒu tánxìng.,این ماده نرم است و خاصیت کشسانی زیادی دارد.,
1249,弹性,tán xìng,HSK 6,名,2,制度、时间或安排等可以根据情况调整的程度（名）（比喻）,انعطاف‌پذیری (اسم، مجازی),比喻,اسم، مجازی,保持弹性（bǎochí tánxìng）；增加弹性（zēngjiā tánxìng）；安排有弹性（ānpái yǒu tánxìng）,公司的工作时间具有一定的弹性。,Gōngsī de gōngzuò shíjiān jùyǒu yídìng de tánxìng.,ساعات کاری شرکت تا حدی انعطاف‌پذیر است.,
1249,弹性,tán xìng,HSK 6,名,3,一个经济变量随另一个变量变化而变化的程度（名）（经济学）,کشش (اسم، اقتصاد),经济学,اسم، اقتصاد,需求弹性（xūqiú tánxìng）；价格弹性（jiàgé tánxìng）；收入弹性（shōurù tánxìng）,这种商品的需求价格弹性较低。,Zhè zhǒng shāngpǐn de xūqiú jiàgé tánxìng jiào dī.,کشش قیمتی تقاضا برای این کالا نسبتاً پایین است.,
1250,逃,táo,HSK 6,动,1,为躲避危险、惩罚或限制而迅速离开（不及物动）,فرار کردن؛ گریختن (فعل لازم),不及物动,فعل لازم,逃出去（táo chūqù）；从监狱逃走（cóng jiānyù táozǒu）；逃到国外（táo dào guówài）,小偷发现警察后立即逃了。,Xiǎotōu fāxiàn jǐngchá hòu lìjí táo le.,دزد پس از دیدن پلیس فوراً فرار کرد.,
1251,掏,tāo,HSK 6,动,1,把手伸进袋子、口袋或容器中取出东西（及物动）,از داخل چیزی بیرون آوردن (فعل متعدی),及物动,فعل متعدی,掏出钥匙（tāochū yàoshi）；从口袋里掏（cóng kǒudài lǐ tāo）；掏出手机（tāochū shǒujī）,他从口袋里掏出了一串钥匙。,Tā cóng kǒudài lǐ tāochū le yí chuàn yàoshi.,او یک دسته کلید از جیبش بیرون آورد.,
1251,掏,tāo,HSK 6,动,2,挖、清除某个孔洞或里面的东西（及物动）,کندن؛ خالی یا تمیز کردن سوراخ (فعل متعدی),及物动,فعل متعدی,掏洞（tāo dòng）；掏耳朵（tāo ěrduo）；掏鸟窝（tāo niǎowō）,孩子们在墙角掏了一个小洞。,Háizimen zài qiángjiǎo tāo le yí gè xiǎo dòng.,بچه‌ها در گوشه دیوار سوراخ کوچکی کندند.,
1251,掏,tāo,HSK 6,动,3,拿出钱来支付（及物动）（口语）,پول پرداخت کردن؛ از جیب پول دادن (فعل متعدی، محاوره‌ای),口语,فعل متعدی، محاوره‌ای,自己掏钱（zìjǐ tāo qián）；掏一百元（tāo yìbǎi yuán）；不愿掏钱（bú yuàn tāo qián）,修理费用需要我自己掏钱。,Xiūlǐ fèiyòng xūyào wǒ zìjǐ tāo qián.,هزینه تعمیر را باید خودم از جیب بپردازم.,
1252,套餐,tào cān,HSK 6,名,1,餐厅把几种食物按固定组合和价格搭配成的一份餐食（名）,وعده ترکیبی؛ منوی ثابت (اسم),名,اسم,午餐套餐（wǔcān tàocān）；双人套餐（shuāngrén tàocān）；选择套餐（xuǎnzé tàocān）,我们点了一份双人套餐。,Wǒmen diǎn le yí fèn shuāngrén tàocān.,ما یک منوی ترکیبی دونفره سفارش دادیم.,
1252,套餐,tào cān,HSK 6,名,2,由多项商品或服务组合而成、按统一价格提供的方案（名）,بسته خدماتی یا فروش (اسم),名,اسم,手机套餐（shǒujī tàocān）；流量套餐（liúliàng tàocān）；选择套餐（xuǎnzé tàocān）,我想更换手机的流量套餐。,Wǒ xiǎng gēnghuàn shǒujī de liúliàng tàocān.,می‌خواهم بسته اینترنت تلفن همراهم را تغییر دهم.,
1253,逃跑,táo pǎo,HSK 6,动,1,为躲避危险、追捕、惩罚或限制而迅速离开（不及物动）,فرار کردن؛ گریختن (فعل لازم),不及物动,فعل لازم,迅速逃跑（xùnsù táopǎo）；试图逃跑（shìtú táopǎo）；逃跑路线（táopǎo lùxiàn）,小偷看到警察后转身逃跑了。,Xiǎotōu kàndào jǐngchá hòu zhuǎnshēn táopǎo le.,دزد پس از دیدن پلیس برگشت و فرار کرد.,
1254,淘气,táo qì,HSK 6,形,1,顽皮、不听话，喜欢做使人不省心的事（形）（多形容儿童）,شیطان؛ بازیگوش (صفت),多形容儿童,صفت,淘气的孩子（táoqì de háizi）；非常淘气（fēicháng táoqì）；又聪明又淘气（yòu cōngming yòu táoqì）,这个孩子虽然淘气，但非常聪明。,"Zhège háizi suīrán táoqì, dàn fēicháng cōngming.",این کودک با اینکه بازیگوش است، بسیار باهوش است.,
1255,淘汰,táo tài,HSK 6,动,1,通过选择或竞争去掉不合格、不适用或较差的人或事物（及物动）,حذف کردن؛ کنار گذاشتن (فعل متعدی),及物动,فعل متعدی,淘汰落后技术（táotài luòhòu jìshù）；淘汰对手（táotài duìshǒu）；逐步淘汰（zhúbù táotài）,公司决定逐步淘汰这些落后的设备。,Gōngsī juédìng zhúbù táotài zhèxiē luòhòu de shèbèi.,شرکت تصمیم گرفت این تجهیزات قدیمی را به‌تدریج کنار بگذارد.,
1255,淘汰,táo tài,HSK 6,动,2,在选择或竞争中因不合格、落后或失败而被去掉（不及物动）,حذف شدن؛ کنار گذاشته شدن (فعل لازم),不及物动,فعل لازم,惨遭淘汰（cǎnzāo táotài）；在首轮淘汰（zài shǒulún táotài）；逐渐淘汰（zhújiàn táotài）,这支球队在第一轮比赛中就淘汰了。,Zhè zhī qiúduì zài dì yī lún bǐsài zhōng jiù táotài le.,این تیم در همان دور نخست مسابقات حذف شد.,
1256,踏实,tā shi,HSK 6,形,1,心里安定，没有担忧或不安（形）,آسوده‌خاطر؛ مطمئن (صفت),形,صفت,心里踏实（xīnli tāshi）；感到踏实（gǎndào tāshi）；睡得踏实（shuì de tāshi）,确认孩子平安后，她心里终于踏实了。,"Quèrèn háizi píng'ān hòu, tā xīnli zhōngyú tāshi le.",پس از اطمینان از سلامت کودک، سرانجام خیالش راحت شد.,
1256,踏实,tā shi,HSK 6,形,2,做事认真、稳重，不浮躁或不虚假（形）,جدی و باثبات؛ سخت‌کوش و قابل‌اعتماد (صفت),形,صفت,工作踏实（gōngzuò tāshi）；踏实肯干（tāshi kěngàn）；做事踏实（zuòshì tāshi）,他工作认真踏实，大家都很信任他。,"Tā gōngzuò rènzhēn tāshi, dàjiā dōu hěn xìnrèn tā.",او جدی و باثبات کار می‌کند و همه به او اعتماد دارند.,
1257,特,tè,HSK 6,副,1,特别；程度超过一般（副）（口语）,خیلی؛ به‌ویژه (قید، محاوره‌ای),口语,قید، محاوره‌ای,特高兴（tè gāoxìng）；特好吃（tè hǎochī）；特有意思（tè yǒuyìsi）,这家店的面包特好吃。,Zhè jiā diàn de miànbāo tè hǎochī.,نان این فروشگاه خیلی خوشمزه است.,
1257,特,tè,HSK 6,形,2,与一般不同，具有明显而独特的特点（形）（口语）,خاص؛ متفاوت و منحصربه‌فرد (صفت، محاوره‌ای),口语,صفت، محاوره‌ای,风格很特（fēnggé hěn tè）；这个人挺特（zhège rén tǐng tè）；设计很特（shèjì hěn tè）,这家餐厅的装修风格很特。,Zhè jiā cāntīng de zhuāngxiū fēnggé hěn tè.,سبک دکوراسیون این رستوران خیلی خاص است.,
1258,特长,tè cháng,HSK 6,名,1,特别擅长的技能或优于一般人的能力（名）,مهارت ویژه؛ نقطه قوت (اسم),名,اسم,发挥特长（fāhuī tècháng）；个人特长（gèrén tècháng）；有何特长（yǒu hé tècháng）,每个人都应该充分发挥自己的特长。,Měi gè rén dōu yīnggāi chōngfèn fāhuī zìjǐ de tècháng.,هر فردی باید از مهارت‌های ویژه خود به‌خوبی استفاده کند.,
1259,特地,tè dì,HSK 6,副,1,为某个特定目的专门做某事（副）,مخصوصاً؛ به‌طور ویژه (قید),副,قید,特地前来（tèdì qiánlái）；特地准备（tèdì zhǔnbèi）；特地来看望（tèdì lái kànwàng）,我今天特地来向你表示感谢。,Wǒ jīntiān tèdì lái xiàng nǐ biǎoshì gǎnxiè.,امروز مخصوصاً آمدم تا از تو تشکر کنم.,
1260,特定,tè dìng,HSK 6,形,1,明确指定或限制在某个范围、对象、时间等之内的（形）,مشخص؛ معین؛ خاص (صفت),形,صفت,特定条件（tèdìng tiáojiàn）；特定人群（tèdìng rénqún）；特定时间（tèdìng shíjiān）,这种药只适用于特定人群。,Zhè zhǒng yào zhǐ shìyòng yú tèdìng rénqún.,این دارو فقط برای گروه مشخصی از افراد مناسب است.,
1261,特性,tè xìng,HSK 6,名,1,某个人、事物或材料所特有的性质和特点（名）,ویژگی خاص؛ خاصیت (اسم),名,اسم,材料特性（cáiliào tèxìng）；产品特性（chǎnpǐn tèxìng）；了解特性（liǎojiě tèxìng）,我们需要先了解这种材料的特性。,Wǒmen xūyào xiān liǎojiě zhè zhǒng cáiliào de tèxìng.,ابتدا باید ویژگی‌های این ماده را بشناسیم.,
1262,特意,tè yì,HSK 6,副,1,为了某个目的而有意识地专门做某事（副）,عمداً؛ مخصوصاً؛ به‌طور ویژه (قید),副,قید,特意安排（tèyì ānpái）；特意提醒（tèyì tíxǐng）；特意准备（tèyì zhǔnbèi）,她特意为客人准备了几道家乡菜。,Tā tèyì wèi kèrén zhǔnbèi le jǐ dào jiāxiāng cài.,او مخصوصاً برای مهمانان چند غذای محلی آماده کرد.,
1263,田,tián,HSK 6,名,1,种植农作物的土地（名）,زمین کشاورزی؛ کشتزار (اسم),名,اسم,一块田（yí kuài tián）；在田里劳动（zài tián lǐ láodòng）；田里的庄稼（tián lǐ de zhuāngjia）,农民正在田里种水稻。,Nóngmín zhèngzài tián lǐ zhòng shuǐdào.,کشاورزان در کشتزار مشغول کاشت برنج‌اند.,
1263,田,Tián,HSK 6,专,2,姓氏（专）,نام خانوادگی «تیان» (اسم خاص),专,اسم خاص,田先生（Tián xiānsheng）；田老师（Tián lǎoshī）；姓田（xìng Tián）,田老师是我们的语文老师。,Tián lǎoshī shì wǒmen de yǔwén lǎoshī.,استاد تیان معلم زبان و ادبیات چینی ماست.,
1264,添,tiān,HSK 6,动,1,在原有的人或事物上增加具体的东西（及物动）,اضافه کردن؛ افزودن (فعل متعدی),及物动,فعل متعدی,添水（tiān shuǐ）；添饭（tiān fàn）；添件衣服（tiān jiàn yīfu）,锅里的水不够，请再添一点。,"Guō lǐ de shuǐ bú gòu, qǐng zài tiān yìdiǎn.",آب داخل قابلمه کافی نیست؛ لطفاً کمی دیگر اضافه کن.,
1264,添,tiān,HSK 6,动,2,增加某种抽象的感受、效果、麻烦或负担（及物动）,افزودن؛ بیشتر کردن؛ به وجود آوردن (فعل متعدی),及物动,فعل متعدی,添麻烦（tiān máfan）；添乐趣（tiān lèqù）；添负担（tiān fùdān）,这件事给大家添了不少麻烦。,Zhè jiàn shì gěi dàjiā tiān le bù shǎo máfan.,این موضوع دردسر زیادی برای همه ایجاد کرد.,
1264,添,tiān,HSK 6,动,3,家庭中新增加孩子或其他成员（及物动）（口语）,صاحب فرزند یا عضو تازه شدن (فعل متعدی، محاوره‌ای),口语,فعل متعدی، محاوره‌ای,添了个孩子（tiān le gè háizi）；添个女儿（tiān gè nǚ'ér）；家里添人（jiālǐ tiān rén）,他们家去年添了一个女儿。,Tāmen jiā qùnián tiān le yí gè nǚ'ér.,خانواده آن‌ها سال گذشته صاحب یک دختر شدند.,
1265,天才,tiān cái,HSK 6,名,1,具有极高的先天才能、创造力或智慧的人（名）,نابغه (اسم),名,اسم,音乐天才（yīnyuè tiāncái）；被称为天才（bèi chēngwéi tiāncái）；年轻的天才（niánqīng de tiāncái）,他从小就被认为是音乐天才。,Tā cóngxiǎo jiù bèi rènwéi shì yīnyuè tiāncái.,او از کودکی نابغه موسیقی شناخته می‌شد.,
1265,天才,tiān cái,HSK 6,名,2,天生具有的突出才能（名）,استعداد ذاتی؛ نبوغ (اسم),名,اسم,具有天才（jùyǒu tiāncái）；艺术天才（yìshù tiāncái）；发挥天才（fāhuī tiāncái）,他的成功不仅依靠天才，也离不开努力。,"Tā de chénggōng bùjǐn yīkào tiāncái, yě líbukāi nǔlì.",موفقیت او تنها به استعداد ذاتی وابسته نبود، بلکه حاصل تلاش نیز بود.,
1266,添加,tiān jiā,HSK 6,动,1,在原有事物中加入新的内容、成分、项目等（及物动）,اضافه کردن؛ افزودن (فعل متعدی),及物动,فعل متعدی,添加成分（tiānjiā chéngfèn）；添加功能（tiānjiā gōngnéng）；添加联系人（tiānjiā liánxìrén）,请在系统中添加新的用户。,Qǐng zài xìtǒng zhōng tiānjiā xīn de yònghù.,لطفاً کاربر جدیدی به سامانه اضافه کنید.,
1267,田径,tián jìng,HSK 6,名,1,田赛和径赛的统称，包括跑步、跳跃、投掷等体育项目（名）,دوومیدانی (اسم),名,اسم,田径比赛（tiánjìng bǐsài）；田径运动员（tiánjìng yùndòngyuán）；参加田径训练（cānjiā tiánjìng xùnliàn）,她在全国田径比赛中获得了金牌。,Tā zài quánguó tiánjìng bǐsài zhōng huòdé le jīnpái.,او در مسابقات سراسری دوومیدانی مدال طلا گرفت.,
1268,天然,tiān rán,HSK 6,形,1,自然形成或天生具有的，不是人工制造、加工或刻意造成的（形）,طبیعی؛ ذاتی؛ دست‌نخورده (صفت),形,صفت,天然材料（tiānrán cáiliào）；天然资源（tiānrán zīyuán）；天然优势（tiānrán yōushì）,这个湖是天然形成的，不是人工修建的。,"Zhège hú shì tiānrán xíngchéng de, bú shì réngōng xiūjiàn de.",این دریاچه به‌طور طبیعی شکل گرفته و ساخته دست انسان نیست.,
1269,天然气,tiān rán qì,HSK 6,名,1,主要由甲烷组成、从地下开采的可燃气体（名）,گاز طبیعی (اسم),名,اسم,开采天然气（kāicǎi tiānránqì）；天然气管道（tiānránqì guǎndào）；天然气价格（tiānránqì jiàgé）,许多家庭使用天然气做饭和取暖。,Xǔduō jiātíng shǐyòng tiānránqì zuòfàn hé qǔnuǎn.,بسیاری از خانواده‌ها برای آشپزی و گرمایش از گاز طبیعی استفاده می‌کنند.,
1270,天文,tiān wén,HSK 6,名,1,有关天体、宇宙及其运行规律的现象和知识（名）,نجوم؛ پدیده‌ها و دانش اخترشناسی (اسم),名,اسم,天文知识（tiānwén zhīshi）；天文观测（tiānwén guāncè）；研究天文（yánjiū tiānwén）,他从小就对天文很感兴趣。,Tā cóngxiǎo jiù duì tiānwén hěn gǎn xìngqù.,او از کودکی به نجوم علاقه زیادی داشته است.,
1271,天下,tiān xià,HSK 6,名,1,整个世界、社会或所有地方（名）（书面）,جهان؛ همه‌جا؛ سراسر دنیا (اسم، ادبی),书面,اسم، ادبی,闻名天下（wénmíng tiānxià）；天下皆知（tiānxià jiē zhī）；走遍天下（zǒubiàn tiānxià）,天下没有免费的午餐。,Tiānxià méiyǒu miǎnfèi de wǔcān.,هیچ‌جای دنیا چیزی مجانی به دست نمی‌آید.,
1271,天下,tiān xià,HSK 6,名,2,国家、政权或统治权（名）（古、书面）,کشور؛ فرمانروایی؛ قدرت حکومتی (اسم، قدیمی و ادبی),古、书面,اسم، قدیمی و ادبی,统一天下（tǒngyī tiānxià）；打天下（dǎ tiānxià）；治理天下（zhìlǐ tiānxià）,这位皇帝希望统一天下。,Zhè wèi huángdì xīwàng tǒngyī tiānxià.,این امپراتور می‌خواست سراسر کشور را یکپارچه کند.,
1272,天真,tiān zhēn,HSK 6,形,1,心地单纯、坦率，没有虚假或复杂的想法（形）（褒义）,پاک و بی‌آلایش؛ معصوم (صفت، مثبت),褒义,صفت، مثبت,天真可爱（tiānzhēn kě'ài）；性格天真（xìnggé tiānzhēn）；天真的笑容（tiānzhēn de xiàoróng）,孩子脸上露出了天真的笑容。,Háizi liǎn shàng lùchū le tiānzhēn de xiàoróng.,لبخندی معصومانه بر چهره کودک نقش بست.,
1272,天真,tiān zhēn,HSK 6,形,2,想法过于简单，不了解现实的复杂性（形）（贬义）,ساده‌لوح؛ خام (صفت، منفی),贬义,صفت، منفی,想法天真（xiǎngfǎ tiānzhēn）；太天真了（tài tiānzhēn le）；天真的设想（tiānzhēn de shèxiǎng）,如果你以为问题会自己解决，那就太天真了。,"Rúguǒ nǐ yǐwéi wèntí huì zìjǐ jiějué, nà jiù tài tiānzhēn le.",اگر فکر می‌کنی مشکل خودبه‌خود حل می‌شود، بیش از حد ساده‌لوحی.,
1273,调节,tiáo jié,HSK 6,动,1,从数量、程度或状态上进行调整，使其符合需要或保持平衡（及物动）,تنظیم کردن؛ متعادل کردن (فعل متعدی),及物动,فعل متعدی,调节温度（tiáojié wēndù）；调节情绪（tiáojié qíngxù）；调节经济（tiáojié jīngjì）,人体能够自动调节体温。,Réntǐ nénggòu zìdòng tiáojié tǐwēn.,بدن انسان می‌تواند دمای خود را به‌طور خودکار تنظیم کند.,
1274,跳水,tiào shuǐ,HSK 6,动,1,从高处跳入水中（不及物动）,به داخل آب پریدن؛ شیرجه زدن (فعل لازم),不及物动,فعل لازم,从船上跳水（cóng chuán shàng tiàoshuǐ）；跳水救人（tiàoshuǐ jiù rén）；准备跳水（zhǔnbèi tiàoshuǐ）,他立即跳水救起了那个孩子。,Tā lìjí tiàoshuǐ jiùqǐ le nàge háizi.,او فوراً به داخل آب پرید و کودک را نجات داد.,
1274,跳水,tiào shuǐ,HSK 6,名,2,运动员从跳台或跳板跃入水中并完成规定动作的体育项目（名）,شیرجه؛ ورزش شیرجه (اسم),名,اسم,跳水比赛（tiàoshuǐ bǐsài）；跳水运动员（tiàoshuǐ yùndòngyuán）；练习跳水（liànxí tiàoshuǐ）,她在跳水比赛中获得了金牌。,Tā zài tiàoshuǐ bǐsài zhōng huòdé le jīnpái.,او در مسابقه شیرجه مدال طلا گرفت.,
1274,跳水,tiào shuǐ,HSK 6,动,3,价格、指数、成绩等在短时间内大幅下降（不及物动）（比喻、口语）,سقوط شدید کردن؛ ناگهان افت کردن (فعل لازم، مجازی و محاوره‌ای),比喻、口语,فعل لازم، مجازی و محاوره‌ای,股价跳水（gǔjià tiàoshuǐ）；市场跳水（shìchǎng tiàoshuǐ）；价格突然跳水（jiàgé tūrán tiàoshuǐ）,受这条消息影响，公司股价突然跳水。,"Shòu zhè tiáo xiāoxi yǐngxiǎng, gōngsī gǔjià tūrán tiàoshuǐ.",در پی انتشار این خبر، قیمت سهام شرکت ناگهان سقوط کرد.,
1275,题材,tí cái,HSK 6,名,1,文学、艺术、影视等作品所描写的生活内容或选取的素材（名）,موضوع و مواد خام اثر؛ سوژه (اسم),名,اسم,历史题材（lìshǐ tícái）；现实题材（xiànshí tícái）；选择题材（xuǎnzé tícái）,这部电影以家庭生活为题材。,Zhè bù diànyǐng yǐ jiātíng shēnghuó wéi tícái.,موضوع این فیلم زندگی خانوادگی است.,
1276,体操,tǐ cāo,HSK 6,名,1,通过徒手动作或器械动作锻炼身体、完成规定技巧的体育运动（名）,ژیمناستیک (اسم),名,اسم,体操比赛（tǐcāo bǐsài）；体操运动员（tǐcāo yùndòngyuán）；练习体操（liànxí tǐcāo）,她从六岁起就开始练习体操。,Tā cóng liù suì qǐ jiù kāishǐ liànxí tǐcāo.,او از شش‌سالگی تمرین ژیمناستیک را آغاز کرد.,
1277,贴近,tiē jìn,HSK 6,动,1,紧紧靠近某个人或物体（及物动）,نزدیک شدن؛ چسباندن به نزدیکی چیزی (فعل متعدی),及物动,فعل متعدی,贴近墙壁（tiējìn qiángbì）；贴近身体（tiējìn shēntǐ）；贴近耳朵（tiējìn ěrduo）,他把耳朵贴近门，想听听里面的声音。,"Tā bǎ ěrduo tiējìn mén, xiǎng tīngting lǐmiàn de shēngyīn.",او گوشش را به در نزدیک کرد تا صدای داخل را بشنود.,
1277,贴近,tiē jìn,HSK 6,动,2,与现实、生活、群众或实际需要保持密切联系（及物动）（比喻）,با چیزی هماهنگ و مرتبط بودن؛ به آن نزدیک بودن (فعل متعدی، مجازی),比喻,فعل متعدی، مجازی,贴近生活（tiējìn shēnghuó）；贴近实际（tiējìn shíjì）；贴近群众（tiējìn qúnzhòng）,这部电影的内容十分贴近现实生活。,Zhè bù diànyǐng de nèiróng shífēn tiējìn xiànshí shēnghuó.,محتوای این فیلم به زندگی واقعی بسیار نزدیک است.,
1278,体积,tǐ jī,HSK 6,名,1,物体所占空间的大小（名）,حجم (اسم),名,اسم,计算体积（jìsuàn tǐjī）；体积较大（tǐjī jiào dà）；减小体积（jiǎnxiǎo tǐjī）,这个箱子的体积太大，放不进汽车。,"Zhège xiāngzi de tǐjī tài dà, fàng bu jìn qìchē.",حجم این جعبه بیش از حد بزرگ است و داخل خودرو جا نمی‌شود.,
1279,听话,tīng huà,HSK 6,动,1,接受并按照别人的要求、劝告或指示去做（不及物动）,اطاعت کردن؛ به حرف کسی گوش دادن (فعل لازم),不及物动,فعل لازم,听父母的话（tīng fùmǔ de huà）；乖乖听话（guāiguāi tīnghuà）；不肯听话（bù kěn tīnghuà）,你要听话，按医生说的去做。,"Nǐ yào tīnghuà, àn yīshēng shuō de qù zuò.",باید به حرف گوش بدهی و طبق گفته پزشک عمل کنی.,
1279,听话,tīng huà,HSK 6,形,2,愿意服从要求或劝告的（形）,مطیع؛ حرف‌گوش‌کن (صفت),形,صفت,听话的孩子（tīnghuà de háizi）；很听话（hěn tīnghuà）；既懂事又听话（jì dǒngshì yòu tīnghuà）,他是个懂事又听话的孩子。,Tā shì ge dǒngshì yòu tīnghuà de háizi.,او کودکی فهمیده و حرف‌گوش‌کن است.,
1279,听话,tīng huà,HSK 6,形,3,机器、工具、头发等容易控制或按人的意愿起作用（形）（比喻、口语）,فرمان‌پذیر؛ خوش‌دست؛ قابل‌کنترل (صفت، مجازی و محاوره‌ای),比喻、口语,صفت، مجازی و محاوره‌ای,机器很听话（jīqì hěn tīnghuà）；头发不听话（tóufa bù tīnghuà）；方向盘很听话（fāngxiàngpán hěn tīnghuà）,今天我的头发怎么也不听话。,Jīntiān wǒ de tóufa zěnme yě bù tīnghuà.,امروز موهایم اصلاً حالت نمی‌گیرند.,
1280,听觉,tīng jué,HSK 6,名,1,耳朵感受声音并由神经系统形成的感觉（名）,حس شنوایی؛ ادراک شنیداری (اسم),名,اسم,听觉系统（tīngjué xìtǒng）；听觉受损（tīngjué shòusǔn）；听觉能力（tīngjué nénglì）,长期处于噪声环境中可能会损害听觉。,Chángqī chǔyú zàoshēng huánjìng zhōng kěnéng huì sǔnhài tīngjué.,قرارگرفتن طولانی‌مدت در محیط پرسر‌وصدا ممکن است به شنوایی آسیب بزند.,
1281,听取,tīng qǔ,HSK 6,动,1,有意识地听别人提出的意见、报告或说明（及物动）（正式）,گوش دادن و دریافت کردن (فعل متعدی، رسمی),正式,فعل متعدی، رسمی,听取意见（tīngqǔ yìjiàn）；听取汇报（tīngqǔ huìbào）；认真听取（rènzhēn tīngqǔ）,政府应该广泛听取公众的意见。,Zhèngfǔ yīnggāi guǎngfàn tīngqǔ gōngzhòng de yìjiàn.,دولت باید به‌طور گسترده به دیدگاه‌های مردم گوش دهد.,
1282,提取,tí qǔ,HSK 6,动,1,从银行账户、储存处等取出钱款或物品（及物动）,برداشت کردن؛ تحویل گرفتن (فعل متعدی),及物动,فعل متعدی,提取现金（tíqǔ xiànjīn）；提取存款（tíqǔ cúnkuǎn）；提取货物（tíqǔ huòwù）,客户可以从自动取款机提取现金。,Kèhù kěyǐ cóng zìdòng qǔkuǎnjī tíqǔ xiànjīn.,مشتری می‌تواند از دستگاه خودپرداز پول نقد برداشت کند.,
1282,提取,tí qǔ,HSK 6,动,2,从混合物、资料或数据中分离、抽取所需要的成分或信息（及物动）,استخراج کردن (فعل متعدی),及物动,فعل متعدی,提取成分（tíqǔ chéngfèn）；提取数据（tíqǔ shùjù）；提取特征（tíqǔ tèzhēng）,研究人员从植物中提取了有效成分。,Yánjiū rényuán cóng zhíwù zhōng tíqǔ le yǒuxiào chéngfèn.,پژوهشگران ماده مؤثر را از گیاه استخراج کردند.,
1283,提示,tí shì,HSK 6,动,1,提醒、指出或提供线索，使人注意或想到某件事（及物动）,یادآوری کردن؛ راهنمایی یا سرنخ دادن (فعل متعدی),及物动,فعل متعدی,提示风险（tíshì fēngxiǎn）；提示用户（tíshì yònghù）；及时提示（jíshí tíshì）,系统会提示用户及时保存文件。,Xìtǒng huì tíshì yònghù jíshí bǎocún wénjiàn.,سامانه به کاربر یادآوری می‌کند که فایل را به‌موقع ذخیره کند.,
1283,提示,tí shì,HSK 6,名,2,用于提醒、说明或提供线索的信息（名）,راهنما؛ یادآوری؛ پیام راهنما (اسم),名,اسم,操作提示（cāozuò tíshì）；安全提示（ānquán tíshì）；按照提示操作（ànzhào tíshì cāozuò）,请按照屏幕上的提示完成操作。,Qǐng ànzhào píngmù shàng de tíshì wánchéng cāozuò.,لطفاً طبق پیام راهنمای روی صفحه، عملیات را کامل کنید.,
1284,体系,tǐ xì,HSK 6,名,1,由相互联系的多个部分组成的完整系统或结构（名）,نظام؛ سامانه؛ چارچوب منسجم (اسم),名,اسم,理论体系（lǐlùn tǐxì）；管理体系（guǎnlǐ tǐxì）；建立体系（jiànlì tǐxì）,公司建立了完善的质量管理体系。,Gōngsī jiànlì le wánshàn de zhìliàng guǎnlǐ tǐxì.,شرکت نظام جامعی برای مدیریت کیفیت ایجاد کرده است.,
1285,铜,tóng,HSK 6,名,1,一种红褐色、导电性和导热性良好的金属元素（名）,مس (اسم),名,اسم,一块铜（yí kuài tóng）；铜的价格（tóng de jiàgé）；开采铜（kāicǎi tóng）,这根电线的内部是用铜制成的。,Zhè gēn diànxiàn de nèibù shì yòng tóng zhìchéng de.,بخش داخلی این سیم برق از مس ساخته شده است.,
1286,同伴,tóng bàn,HSK 6,名,1,一起生活、工作、旅行或参加活动的人（名）,همراه؛ هم‌گروه (اسم),名,اسم,旅行同伴（lǚxíng tóngbàn）；寻找同伴（xúnzhǎo tóngbàn）；与同伴合作（yǔ tóngbàn hézuò）,他和同伴一起完成了这次登山任务。,Tā hé tóngbàn yìqǐ wánchéng le zhè cì dēngshān rènwu.,او همراه با هم‌گروهش مأموریت کوهنوردی را به پایان رساند.,
1287,通道,tōng dào,HSK 6,名,1,供人、车辆等通行的道路、走廊或出入口（名）,گذرگاه؛ مسیر عبور؛ راهرو (اسم),名,اسم,安全通道（ānquán tōngdào）；紧急通道（jǐnjí tōngdào）；堵塞通道（dǔsè tōngdào）,请不要在安全通道内堆放物品。,Qǐng búyào zài ānquán tōngdào nèi duīfàng wùpǐn.,لطفاً در مسیر خروج اضطراری وسیله‌ای قرار ندهید.,
1287,通道,tōng dào,HSK 6,名,2,传送物质、能量、信息或实现某种联系的路径（名）,کانال؛ مجرای انتقال (اسم),名,اسم,通信通道（tōngxìn tōngdào）；数据通道（shùjù tōngdào）；信息通道（xìnxī tōngdào）,系统采用加密通道传输数据。,Xìtǒng cǎiyòng jiāmì tōngdào chuánshū shùjù.,سامانه داده‌ها را از طریق کانالی رمزگذاری‌شده انتقال می‌دهد.,
1288,通风,tōng fēng,HSK 6,动,1,空气能够在室内、容器等空间中流通（不及物动）,جریان داشتن هوا؛ تهویه داشتن (فعل لازم),不及物动,فعل لازم,房间通风（fángjiān tōngfēng）；保持通风（bǎochí tōngfēng）；通风良好（tōngfēng liánghǎo）,这个房间采光好，也很通风。,"Zhège fángjiān cǎiguāng hǎo, yě hěn tōngfēng.",این اتاق هم نورگیری خوبی دارد و هم هوای آن به‌خوبی جریان دارد.,
1288,通风,tōng fēng,HSK 6,动,2,使新鲜空气进入并使室内原有空气排出（不及物动）,هوا دادن؛ تهویه کردن (فعل لازم),不及物动,فعل لازم,开窗通风（kāi chuāng tōngfēng）；给房间通风（gěi fángjiān tōngfēng）；定期通风（dìngqī tōngfēng）,每天早上应该开窗通风。,Měitiān zǎoshang yīnggāi kāi chuāng tōngfēng.,هر روز صبح باید پنجره را باز کرد و به اتاق هوا داد.,
1289,同行,tóng háng,HSK 6,名,1,从事同一行业或职业的人（名）,هم‌صنف؛ همکار حرفه‌ای (اسم),名,اسم,业内同行（yènèi tóngháng）；同行竞争（tóngháng jìngzhēng）；与同行交流（yǔ tóngháng jiāoliú）,他经常与同行交流工作经验。,Tā jīngcháng yǔ tóngháng jiāoliú gōngzuò jīngyàn.,او اغلب با هم‌صنفان خود درباره تجربه‌های کاری گفت‌وگو می‌کند.,
1289,同行,tóng xíng,HSK 6,动,2,一起前往同一个地方或共同走一段路（不及物动）,همراه رفتن؛ هم‌مسیر بودن (فعل لازم),不及物动,فعل لازم,结伴同行（jiébàn tóngxíng）；与朋友同行（yǔ péngyou tóngxíng）；一路同行（yílù tóngxíng）,夜里路不安全，我们一起同行吧。,"Yèlǐ lù bù ānquán, wǒmen yìqǐ tóngxíng ba.",راه در شب امن نیست؛ بیا با هم برویم.,
1290,童话,tóng huà,HSK 6,名,1,以儿童为主要读者、通过幻想和想象讲述的故事（名）,داستان پریان؛ قصه کودکانه تخیلی (اسم),名,اسم,童话故事（tónghuà gùshi）；写童话（xiě tónghuà）；童话世界（tónghuà shìjiè）,这个童话讲述了一位勇敢公主的故事。,Zhège tónghuà jiǎngshù le yí wèi yǒnggǎn gōngzhǔ de gùshi.,این داستان پریان درباره شاهزاده‌خانمی شجاع است.,
1291,通话,tōng huà,HSK 6,动,1,通过电话或网络进行语音交谈（不及物动）,تلفنی صحبت کردن؛ تماس صوتی داشتن (فعل لازم),不及物动,فعل لازم,与家人通话（yǔ jiārén tōnghuà）；正在通话（zhèngzài tōnghuà）；通话十分钟（tōnghuà shí fēnzhōng）,我昨晚和父母通话了半个小时。,Wǒ zuówǎn hé fùmǔ tōnghuà le bàn gè xiǎoshí.,دیشب نیم ساعت با والدینم تلفنی صحبت کردم.,
1291,通话,tōng huà,HSK 6,名,2,通过电话或网络进行的语音交谈（名）,مکالمه تلفنی؛ تماس صوتی (اسم),名,اسم,结束通话（jiéshù tōnghuà）；通话记录（tōnghuà jìlù）；通话质量（tōnghuà zhìliàng）,网络不稳定影响了通话质量。,Wǎngluò bù wěndìng yǐngxiǎng le tōnghuà zhìliàng.,ناپایداری شبکه بر کیفیت تماس صوتی تأثیر گذاشت.,
1292,痛快,tòng kuai,HSK 6,形,1,心情舒畅、满足，没有压抑或不愉快（形）,دل‌خوش و سبک؛ سرحال و راضی (صفت),形,صفت,心里痛快（xīnli tòngkuai）；玩得痛快（wán de tòngkuai）；感到痛快（gǎndào tòngkuai）,今天大家玩得非常痛快。,Jīntiān dàjiā wán de fēicháng tòngkuai.,امروز همه حسابی خوش گذراندند.,
1292,痛快,tòng kuai,HSK 6,形,2,说话、做事直爽、干脆，不犹豫或不拖拉（形）,رک و صریح؛ قاطع و بی‌معطلی (صفت),形,صفت,说话痛快（shuōhuà tòngkuai）；答应得痛快（dāying de tòngkuai）；办事痛快（bànshì tòngkuai）,他很痛快地答应了我们的请求。,Tā hěn tòngkuai de dāying le wǒmen de qǐngqiú.,او بی‌درنگ و با صراحت درخواست ما را پذیرفت.,
1293,同类,tóng lèi,HSK 6,名,1,性质、特点或用途相同的一类人或事物（名）,هم‌نوع؛ موارد یک دسته (اسم),名,اسم,同类产品（tónglèi chǎnpǐn）；同类问题（tónglèi wèntí）；属于同类（shǔyú tónglèi）,这两种动物虽然外形相似，却不属于同类。,"Zhè liǎng zhǒng dòngwù suīrán wàixíng xiāngsì, què bù shǔyú tónglèi.",این دو حیوان با وجود ظاهر مشابه، هم‌نوع نیستند.,
1294,铜牌,tóng pái,HSK 6,名,1,体育比赛等奖给第三名的铜质或铜色奖牌（名）,مدال برنز (اسم),名,اسم,获得铜牌（huòdé tóngpái）；奥运铜牌（Àoyùn tóngpái）；铜牌得主（tóngpái dézhǔ）,她在本届比赛中获得了一枚铜牌。,Tā zài běn jiè bǐsài zhōng huòdé le yì méi tóngpái.,او در این دوره از مسابقات یک مدال برنز کسب کرد.,
1294,铜牌,tóng pái,HSK 6,名,2,用铜制成或呈铜色的牌子（名）,پلاک مسی یا برنزی (اسم),名,اسم,门前的铜牌（ménqián de tóngpái）；挂上铜牌（guàshàng tóngpái）；制作铜牌（zhìzuò tóngpái）,公司门口挂着一块写有名称的铜牌。,Gōngsī ménkǒu guàzhe yí kuài xiě yǒu míngchēng de tóngpái.,جلوی شرکت پلاکی برنزی با نام آن نصب شده است.,
1295,通信,tōng xìn,HSK 6,动,1,通过书信、电话、网络等方式互相传递信息（不及物动）,ارتباط برقرار کردن؛ پیام ردوبدل کردن (فعل لازم),不及物动,فعل لازم,保持通信（bǎochí tōngxìn）；与外界通信（yǔ wàijiè tōngxìn）；通过卫星通信（tōngguò wèixīng tōngxìn）,救援队通过卫星与总部通信。,Jiùyuánduì tōngguò wèixīng yǔ zǒngbù tōngxìn.,گروه امداد از طریق ماهواره با مرکز فرماندهی ارتباط برقرار می‌کند.,
1295,通信,tōng xìn,HSK 6,名,2,利用各种技术传递信息的过程、系统或领域（名）,ارتباطات؛ مخابرات (اسم),名,اسم,通信技术（tōngxìn jìshù）；移动通信（yídòng tōngxìn）；通信系统（tōngxìn xìtǒng）,现代通信技术改变了人们的生活方式。,Xiàndài tōngxìn jìshù gǎibiàn le rénmen de shēnghuó fāngshì.,فناوری ارتباطات مدرن شیوه زندگی مردم را تغییر داده است.,
1296,通讯,tōng xùn,HSK 6,动,1,利用电话、网络、无线电等工具传递信息（不及物动）,ارتباط برقرار کردن؛ پیام فرستادن (فعل لازم),不及物动,فعل لازم,与外界通讯（yǔ wàijiè tōngxùn）；通过卫星通讯（tōngguò wèixīng tōngxùn）；无法通讯（wúfǎ tōngxùn）,考察队只能通过卫星与外界通讯。,Kǎocháduì zhǐ néng tōngguò wèixīng yǔ wàijiè tōngxùn.,گروه اکتشاف فقط از طریق ماهواره می‌تواند با بیرون ارتباط برقرار کند.,
1296,通讯,tōng xùn,HSK 6,名,2,利用电子设备传递信息的过程、技术或联系状态（名）,ارتباطات؛ مخابرات (اسم),名,اسم,无线通讯（wúxiàn tōngxùn）；通讯设备（tōngxùn shèbèi）；通讯中断（tōngxùn zhōngduàn）,暴风雨导致当地通讯中断。,Bàofēngyǔ dǎozhì dāngdì tōngxùn zhōngduàn.,توفان باعث قطع ارتباطات در آن منطقه شد.,
1296,通讯,tōng xùn,HSK 6,名,3,详细报道人物、事件等的新闻体裁或文章（名）（新闻）,گزارش خبری تفصیلی (اسم، روزنامه‌نگاری),新闻,اسم، روزنامه‌نگاری,人物通讯（rénwù tōngxùn）；新闻通讯（xīnwén tōngxùn）；写一篇通讯（xiě yì piān tōngxùn）,记者写了一篇介绍救援人员的通讯。,Jìzhě xiě le yì piān jièshào jiùyuán rényuán de tōngxùn.,خبرنگار گزارشی تفصیلی درباره نیروهای امداد نوشت.,
1297,通用,tōng yòng,HSK 6,形,1,能够在不同地区、行业、设备或情形中普遍使用的（形）,عمومی؛ همه‌منظوره؛ دارای کاربرد مشترک (صفت),形,صفت,通用标准（tōngyòng biāozhǔn）；通用设备（tōngyòng shèbèi）；通用语言（tōngyòng yǔyán）,这种文件采用国际通用格式。,Zhè zhǒng wénjiàn cǎiyòng guójì tōngyòng géshì.,این فایل از قالبی با کاربرد بین‌المللی استفاده می‌کند.,
1297,通用,tōng yòng,HSK 6,动,2,不同的事物可以互相替代或共同使用（不及物动）,قابل‌استفاده به‌جای یکدیگر بودن؛ سازگار بودن (فعل لازم),不及物动,فعل لازم,可以通用（kěyǐ tōngyòng）；不能通用（bùnéng tōngyòng）；两地通用（liǎng dì tōngyòng）,这两种充电器不能通用。,Zhè liǎng zhǒng chōngdiànqì bùnéng tōngyòng.,این دو نوع شارژر را نمی‌توان به‌جای یکدیگر استفاده کرد.,
1298,透,tòu,HSK 6,动,1,液体、光线、空气等穿过物体或缝隙（不及物动）,نفوذ کردن؛ از میان چیزی عبور کردن (فعل لازم),不及物动,فعل لازم,雨水透进来（yǔshuǐ tòu jìnlái）；光透过来（guāng tòu guòlái）；往里透风（wǎng lǐ tòu fēng）,雨水从屋顶透了进来。,Yǔshuǐ cóng wūdǐng tòu le jìnlái.,آب باران از سقف به داخل نفوذ کرد.,
1298,透,tòu,HSK 6,动,2,暗中或有意把消息、想法等告诉别人（及物动）（口语）,خبر یا اطلاعاتی را درز دادن (فعل متعدی، محاوره‌ای),口语,فعل متعدی، محاوره‌ای,透个消息（tòu ge xiāoxi）；透口风（tòu kǒufēng）；向记者透消息（xiàng jìzhě tòu xiāoxi）,他提前向我透了一个消息。,Tā tíqián xiàng wǒ tòu le yí gè xiāoxi.,او از قبل خبری را به من درز داد.,
1298,透,tòu,HSK 6,形,3,能够让光线穿过；清澈或透明（形）,شفاف؛ نورگذر (صفت),形,صفت,玻璃很透（bōli hěn tòu）；又亮又透（yòu liàng yòu tòu）；这种布太透（zhè zhǒng bù tài tòu）,这件白衬衫太透了。,Zhè jiàn bái chènshān tài tòu le.,این پیراهن سفید بیش از حد نازک و بدن‌نماست.,
1298,透,tòu,HSK 6,副,4,表示某种状态或程度达到极点（副）（常作补语）,کاملاً؛ از حد و سراسر (قید، معمولاً مکمل),常作补语,قید، معمولاً مکمل,湿透了（shī tòu le）；熟透了（shú tòu le）；累透了（lèi tòu le）,我们全身都被雨淋湿透了。,Wǒmen quánshēn dōu bèi yǔ lín shī tòu le.,تمام بدنمان زیر باران کاملاً خیس شد.,
1299,偷,tōu,HSK 6,动,1,秘密拿走不属于自己的东西（及物动）,دزدیدن (فعل متعدی),及物动,فعل متعدی,偷东西（tōu dōngxi）；偷钱包（tōu qiánbāo）；被人偷走（bèi rén tōuzǒu）,有人偷了我的自行车。,Yǒurén tōu le wǒ de zìxíngchē.,کسی دوچرخه‌ام را دزدید.,
1299,偷,tōu,HSK 6,副,2,不让别人知道地；暗中地（副）,یواشکی؛ مخفیانه (قید),副,قید,偷看（tōu kàn）；偷笑（tōu xiào）；偷听（tōu tīng）,他趁老师不注意偷看了一眼手机。,Tā chèn lǎoshī bú zhùyì tōu kàn le yì yǎn shǒujī.,او وقتی معلم حواسش نبود، یواشکی نگاهی به تلفن همراهش انداخت.,
1300,透过,tòu guò,HSK 6,动,1,光线、视线、液体等穿过某个物体或空间（及物动）,از میان چیزی عبور کردن؛ به درون آن نفوذ کردن (فعل متعدی),及物动,فعل متعدی,透过窗户（tòuguò chuānghu）；透过玻璃（tòuguò bōli）；阳光透过树叶（yángguāng tòuguò shùyè）,阳光透过窗户照进房间。,Yángguāng tòuguò chuānghu zhào jìn fángjiān.,نور خورشید از پنجره عبور کرد و به داخل اتاق تابید.,
1300,透过,tòu guò,HSK 6,介,2,以某种事物为媒介、途径或观察依据（介）,از طریق؛ با بررسی یا به‌واسطه (حرف اضافه),介,حرف اضافه,透过现象看本质（tòuguò xiànxiàng kàn běnzhì）；透过数据分析（tòuguò shùjù fēnxī）；透过网络了解（tòuguò wǎngluò liǎojiě）,我们可以透过这些数据了解市场变化。,Wǒmen kěyǐ tòuguò zhèxiē shùjù liǎojiě shìchǎng biànhuà.,می‌توانیم از طریق این داده‌ها تغییرات بازار را درک کنیم.,
1301,透露,tòu lù,HSK 6,动,1,有意或无意地公开原本没有公开的消息、情况等（及物动）,فاش کردن؛ آشکار کردن (فعل متعدی),及物动,فعل متعدی,透露消息（tòulù xiāoxi）；透露细节（tòulù xìjié）；拒绝透露（jùjué tòulù）,公司没有透露谈判的具体内容。,Gōngsī méiyǒu tòulù tánpàn de jùtǐ nèiróng.,شرکت جزئیات مذاکرات را فاش نکرد.,
1301,透露,tòu lù,HSK 6,动,2,通过表情、语气、行为等显露出感情、态度或特点（及物动）,نشان دادن؛ از چیزی حکایت داشتن (فعل متعدی),及物动,فعل متعدی,透露出担忧（tòulù chū dānyōu）；透露出自信（tòulù chū zìxìn）；眼神透露不安（yǎnshén tòulù bù'ān）,他的语气中透露出一丝不安。,Tā de yǔqì zhōng tòulù chū yì sī bù'ān.,در لحن او اندکی نگرانی احساس می‌شد.,
1302,透明,tòu míng,HSK 6,形,1,物体能够让光线穿过，可以看见后面的东西（形）,شفاف؛ نورگذر (صفت),形,صفت,透明玻璃（tòumíng bōli）；完全透明（wánquán tòumíng）；透明容器（tòumíng róngqì）,瓶子是透明的，可以看见里面的水。,"Píngzi shì tòumíng de, kěyǐ kànjiàn lǐmiàn de shuǐ.",بطری شفاف است و می‌توان آب داخل آن را دید.,
1302,透明,tòu míng,HSK 6,形,2,信息、程序、管理等公开清楚，没有隐瞒（形）（比喻）,شفاف؛ آشکار و بدون ابهام (صفت، مجازی),比喻,صفت، مجازی,信息透明（xìnxī tòumíng）；过程透明（guòchéng tòumíng）；公开透明（gōngkāi tòumíng）,整个评选过程应该公开透明。,Zhěnggè píngxuǎn guòchéng yīnggāi gōngkāi tòumíng.,کل فرایند انتخاب باید علنی و شفاف باشد.,
1303,头脑,tóu nǎo,HSK 6,名,1,进行思考、记忆和判断的精神能力或意识状态（名）,ذهن؛ قوای فکری (اسم),名,اسم,头脑清醒（tóunǎo qīngxǐng）；保持头脑冷静（bǎochí tóunǎo lěngjìng）；头脑混乱（tóunǎo hùnluàn）,遇到紧急情况时一定要保持头脑冷静。,Yùdào jǐnjí qíngkuàng shí yídìng yào bǎochí tóunǎo lěngjìng.,در شرایط اضطراری حتماً باید ذهن خود را آرام نگه داشت.,
1303,头脑,tóu nǎo,HSK 6,名,2,理解、分析、判断或处理事情的能力（名）,عقل؛ قدرت تحلیل و تدبیر (اسم),名,اسم,有经济头脑（yǒu jīngjì tóunǎo）；很有头脑（hěn yǒu tóunǎo）；缺乏商业头脑（quēfá shāngyè tóunǎo）,她很有商业头脑，很快就发现了新的机会。,"Tā hěn yǒu shāngyè tóunǎo, hěn kuài jiù fāxiàn le xīn de jīhuì.",او شم تجاری خوبی دارد و خیلی زود فرصت تازه‌ای پیدا کرد.,
1304,投票,tóu piào,HSK 6,动,1,在选举或表决中表达自己的选择或意见（不及物动）,رأی دادن (فعل لازم),不及物动,فعل لازم,参加投票（cānjiā tóupiào）；投票支持（tóupiào zhīchí）；为候选人投票（wèi hòuxuǎnrén tóupiào）,大多数成员投票支持了这项提议。,Dàduōshù chéngyuán tóupiào zhīchí le zhè xiàng tíyì.,بیشتر اعضا به این پیشنهاد رأی موافق دادند.,
1304,投票,tóu piào,HSK 6,名,2,通过选票或其他方式进行选择、表决的活动（名）,رأی‌گیری (اسم),名,اسم,举行投票（jǔxíng tóupiào）；公开投票（gōngkāi tóupiào）；投票结果（tóupiào jiéguǒ）,最终结果将在投票结束后公布。,Zuìzhōng jiéguǒ jiāng zài tóupiào jiéshù hòu gōngbù.,نتیجه نهایی پس از پایان رأی‌گیری اعلام خواهد شد.,
1305,投诉,tóu sù,HSK 6,动,1,因权益受到损害或对服务不满而向有关机构反映并要求处理（不及物动）,شکایت کردن؛ اعتراض رسمی ثبت کردن (فعل لازم),不及物动,فعل لازم,向公司投诉（xiàng gōngsī tóusù）；投诉服务质量（tóusù fúwù zhìliàng）；正式投诉（zhèngshì tóusù）,消费者可以向有关部门投诉。,Xiāofèizhě kěyǐ xiàng yǒuguān bùmén tóusù.,مصرف‌کنندگان می‌توانند به نهاد مربوط شکایت کنند.,
1305,投诉,tóu sù,HSK 6,名,2,因权益受损或对服务不满而提出的正式意见或要求（名）,شکایت؛ اعتراض رسمی (اسم),名,اسم,收到投诉（shōudào tóusù）；处理投诉（chǔlǐ tóusù）；客户投诉（kèhù tóusù）,公司已经开始处理客户的投诉。,Gōngsī yǐjīng kāishǐ chǔlǐ kèhù de tóusù.,شرکت رسیدگی به شکایت مشتری را آغاز کرده است.,
1306,偷偷,tōu tōu,HSK 6,副,1,不让别人发现或知道地（副）（口语）,یواشکی؛ مخفیانه (قید، محاوره‌ای),口语,قید، محاوره‌ای,偷偷观察（tōutōu guānchá）；偷偷离开（tōutōu líkāi）；偷偷告诉（tōutōu gàosu）,孩子趁大家不注意偷偷吃了一块糖。,Háizi chèn dàjiā bú zhùyì tōutōu chī le yí kuài táng.,کودک وقتی حواس دیگران نبود، یواشکی یک تکه شیرینی خورد.,
1307,投资,tóu zī,HSK 6,动,1,投入资金、时间或精力，以期将来获得收益或实现目标（不及物动）,سرمایه‌گذاری کردن (فعل لازم),不及物动,فعل لازم,投资房地产（tóuzī fángdìchǎn）；投资新项目（tóuzī xīn xiàngmù）；长期投资（chángqī tóuzī）,公司决定投资新能源项目。,Gōngsī juédìng tóuzī xīn néngyuán xiàngmù.,شرکت تصمیم گرفت در پروژه انرژی‌های نو سرمایه‌گذاری کند.,
1307,投资,tóu zī,HSK 6,名,2,为获得收益或实现目标而投入的资金、时间或精力（名）,سرمایه‌گذاری؛ سرمایه (اسم),名,اسم,增加投资（zēngjiā tóuzī）；吸引投资（xīyǐn tóuzī）；投资回报（tóuzī huíbào）,这个项目需要大量的前期投资。,Zhège xiàngmù xūyào dàliàng de qiánqī tóuzī.,این پروژه به سرمایه‌گذاری اولیه زیادی نیاز دارد.,
1308,吐,tǔ,HSK 6,动,1,主动使嘴里的东西出来（及物动）,از دهان بیرون انداختن؛ تف کردن (فعل متعدی),及物动,فعل متعدی,吐痰（tǔ tán）；吐果核（tǔ guǒhé）；把水吐出来（bǎ shuǐ tǔ chūlái）,请不要把口香糖吐在地上。,Qǐng búyào bǎ kǒuxiāngtáng tǔ zài dìshang.,لطفاً آدامس را روی زمین نیندازید.,
1308,吐,tù,HSK 6,动,2,胃里的食物不由自主地从嘴里涌出（不及物动）,استفراغ کردن؛ بالا آوردن (فعل لازم),不及物动,فعل لازم,吃完就吐（chīwán jiù tù）；吐得厉害（tù de lìhai）；又吐了（yòu tù le）,孩子吃完药以后全吐了。,Háizi chīwán yào yǐhòu quán tù le.,کودک پس از خوردن دارو همه‌اش را بالا آورد.,
1308,吐,tǔ,HSK 6,动,3,说出原本不愿说或藏在心里的话、情况等（及物动）（口语）,به زبان آوردن؛ اعتراف کردن (فعل متعدی، محاوره‌ای),口语,فعل متعدی، محاوره‌ای,吐出实情（tǔchū shíqíng）；吐露心声（tǔlù xīnshēng）；有话快吐（yǒu huà kuài tǔ）,他终于吐出了事情的真相。,Tā zhōngyú tǔchū le shìqing de zhēnxiàng.,او سرانجام حقیقت ماجرا را به زبان آورد.,
1308,吐,tǔ,HSK 6,动,4,植物长出嫩芽、花穗等（及物动）（书面）,جوانه یا شکوفه زدن (فعل متعدی، ادبی),书面,فعل متعدی، ادبی,吐出嫩芽（tǔchū nènyá）；吐新芽（tǔ xīnyá）；开始吐穗（kāishǐ tǔsuì）,春天一到，树枝便吐出了嫩芽。,"Chūntiān yí dào, shùzhī biàn tǔchū le nènyá.",با فرارسیدن بهار، شاخه‌ها جوانه زدند.,
1309,图案,tú àn,HSK 6,名,1,为装饰、设计或表达某种意义而绘制的图形和花纹（名）,طرح؛ نقش؛ نگاره (اسم),名,اسم,设计图案（shèjì tú'àn）；装饰图案（zhuāngshì tú'àn）；传统图案（chuántǒng tú'àn）,地毯上有美丽的传统图案。,Dìtǎn shàng yǒu měilì de chuántǒng tú'àn.,روی فرش نقش‌های سنتی زیبایی وجود دارد.,
1310,团结,tuán jié,HSK 6,动,1,人们为共同目标联合起来、相互合作（不及物动）,متحد شدن؛ همبسته شدن (فعل لازم),不及物动,فعل لازم,团结起来（tuánjié qǐlái）；紧密团结（jǐnmì tuánjié）；团结奋斗（tuánjié fèndòu）,大家只有团结起来，才能解决这个难题。,"Dàjiā zhǐyǒu tuánjié qǐlái, cái néng jiějué zhège nántí.",همه فقط با متحدشدن می‌توانند این مشکل را حل کنند.,
1310,团结,tuán jié,HSK 6,动,2,使人们联合、和睦并共同合作（及物动）,متحد کردن؛ گرد هم آوردن (فعل متعدی),及物动,فعل متعدی,团结群众（tuánjié qúnzhòng）；团结各方力量（tuánjié gè fāng lìliàng）；团结全体成员（tuánjié quántǐ chéngyuán）,领导者应该团结所有成员共同完成任务。,Lǐngdǎozhě yīnggāi tuánjié suǒyǒu chéngyuán gòngtóng wánchéng rènwu.,رهبر باید همه اعضا را برای انجام مشترک کار متحد کند.,
1310,团结,tuán jié,HSK 6,形,3,关系和睦，能够相互支持、共同合作的（形）,متحد؛ همدل؛ منسجم (صفت),形,صفت,班级很团结（bānjí hěn tuánjié）；团结的集体（tuánjié de jítǐ）；内部团结（nèibù tuánjié）,我们的团队一直非常团结。,Wǒmen de tuánduì yìzhí fēicháng tuánjié.,تیم ما همیشه بسیار متحد و منسجم بوده است.,
1310,团结,tuán jié,HSK 6,名,4,人们和睦联合、共同合作的关系或状态（名）,اتحاد؛ همبستگی (اسم),名,اسم,加强团结（jiāqiáng tuánjié）；维护团结（wéihù tuánjié）；团结就是力量（tuánjié jiùshì lìliàng）,团结是团队取得成功的重要条件。,Tuánjié shì tuánduì qǔdé chénggōng de zhòngyào tiáojiàn.,همبستگی یکی از شرایط مهم موفقیت تیم است.,
1311,团体,tuán tǐ,HSK 6,名,1,为共同目的、兴趣或活动而组成的集体或组织（名）,گروه؛ انجمن؛ تشکل (اسم),名,اسم,社会团体（shèhuì tuántǐ）；民间团体（mínjiān tuántǐ）；加入团体（jiārù tuántǐ）,这个团体长期从事环境保护工作。,Zhège tuántǐ chángqī cóngshì huánjìng bǎohù gōngzuò.,این تشکل مدت‌هاست در زمینه حفاظت از محیط‌زیست فعالیت می‌کند.,
1312,团圆,tuán yuán,HSK 6,动,1,分离的亲人重新相聚（不及物动）,دوباره دور هم جمع شدن؛ به یکدیگر پیوستن (فعل لازم),不及物动,فعل لازم,全家团圆（quánjiā tuányuán）；与亲人团圆（yǔ qīnrén tuányuán）；终于团圆（zhōngyú tuányuán）,多年以后，他们一家人终于团圆了。,"Duōnián yǐhòu, tāmen yì jiā rén zhōngyú tuányuán le.",پس از سال‌ها، اعضای خانواده آن‌ها سرانجام دوباره دور هم جمع شدند.,
1312,团圆,tuán yuán,HSK 6,名,2,分离的亲人重新相聚的状态或情景（名）,دیدار و گردهمایی دوباره خانواده (اسم),名,اسم,盼望团圆（pànwàng tuányuán）；庆祝团圆（qìngzhù tuányuán）；象征团圆（xiàngzhēng tuányuán）,圆月在中国文化中常常象征团圆。,Yuányuè zài Zhōngguó wénhuà zhōng chángcháng xiàngzhēng tuányuán.,ماه کامل در فرهنگ چین اغلب نماد گردهم‌آمدن دوباره خانواده است.,
1313,图表,tú biǎo,HSK 6,名,1,用于直观展示数据、关系或变化的图形和表格（名）,نمودار و جدول (اسم),名,اسم,制作图表（zhìzuò túbiǎo）；查看图表（chákàn túbiǎo）；数据图表（shùjù túbiǎo）,这张图表清楚地显示了销售额的变化。,Zhè zhāng túbiǎo qīngchu de xiǎnshì le xiāoshòu'é de biànhuà.,این نمودار تغییرات میزان فروش را به‌وضوح نشان می‌دهد.,
1314,徒弟,tú di,HSK 6,名,1,跟随师父学习技艺、武术等的人（名）,شاگرد؛ کارآموز نزد استاد (اسم),名,اسم,收徒弟（shōu túdi）；师父和徒弟（shīfu hé túdi）；教徒弟（jiāo túdi）,师父把这门传统技艺传给了徒弟。,Shīfu bǎ zhè mén chuántǒng jìyì chuán gěi le túdi.,استاد این هنر سنتی را به شاگردش آموخت.,
1315,突发,tū fā,HSK 6,动,1,疾病、事故、情况等突然发生（不及物动）,ناگهان رخ دادن؛ به‌طور ناگهانی بروز کردن (فعل لازم),不及物动,فعل لازم,疾病突发（jíbìng tūfā）；事故突发（shìgù tūfā）；险情突发（xiǎnqíng tūfā）,他在旅途中突发重病。,Tā zài lǚtú zhōng tūfā zhòngbìng.,او در طول سفر ناگهان به بیماری شدیدی دچار شد.,
1315,突发,tū fā,HSK 6,形,2,突然发生、事先难以预料的（形）,ناگهانی؛ غیرمنتظره (صفت),形,صفت,突发事件（tūfā shìjiàn）；突发情况（tūfā qíngkuàng）；突发疾病（tūfā jíbìng）,工作人员迅速处理了这起突发事件。,Gōngzuò rényuán xùnsù chǔlǐ le zhè qǐ tūfā shìjiàn.,کارکنان به‌سرعت به این رویداد ناگهانی رسیدگی کردند.,
1316,推测,tuī cè,HSK 6,动,1,根据已有的情况、证据或经验作出判断（及物动）,حدس زدن؛ استنباط کردن (فعل متعدی),及物动,فعل متعدی,推测原因（tuīcè yuányīn）；合理推测（hélǐ tuīcè）；根据证据推测（gēnjù zhèngjù tuīcè）,警方根据现场痕迹推测了事故发生的时间。,Jǐngfāng gēnjù xiànchǎng hénjì tuīcè le shìgù fāshēng de shíjiān.,پلیس زمان وقوع حادثه را بر اساس آثار محل استنباط کرد.,
1316,推测,tuī cè,HSK 6,名,2,根据已知情况作出的判断或猜想（名）,حدس؛ گمان؛ استنباط (اسم),名,اسم,作出推测（zuòchū tuīcè）；初步推测（chūbù tuīcè）；证实推测（zhèngshí tuīcè）,后来的调查证实了他的推测。,Hòulái de diàochá zhèngshí le tā de tuīcè.,تحقیقات بعدی حدس او را تأیید کرد.,
1317,退税,tuì shuì,HSK 6,动,1,按照规定退还已经缴纳的部分或全部税款，或申请取回该税款（动）,مالیات را بازپرداخت کردن؛ بازپرداخت مالیات گرفتن (فعل),动,فعل,申请退税（shēnqǐng tuìshuì）；办理退税（bànlǐ tuìshuì）；可以退税（kěyǐ tuìshuì）,外国游客离境时可以申请退税。,Wàiguó yóukè líjìng shí kěyǐ shēnqǐng tuìshuì.,گردشگران خارجی هنگام خروج از کشور می‌توانند درخواست بازپرداخت مالیات بدهند.,
1317,退税,tuì shuì,HSK 6,名,2,退还税款的手续或退还的税款（名）,بازپرداخت مالیات؛ مبلغ مالیات بازگردانده‌شده (اسم),名,اسم,出口退税（chūkǒu tuìshuì）；退税政策（tuìshuì zhèngcè）；收到退税（shōudào tuìshuì）,这笔退税将在十个工作日内到账。,Zhè bǐ tuìshuì jiāng zài shí gè gōngzuòrì nèi dàozhàng.,این مبلغ بازپرداخت مالیات ظرف ده روز کاری به حساب واریز خواهد شد.,
1318,推销,tuī xiāo,HSK 6,动,1,向顾客介绍商品或服务并设法使其购买（及物动）,بازاریابی و عرضه کردن؛ برای فروش تبلیغ کردن (فعل متعدی),及物动,فعل متعدی,推销产品（tuīxiāo chǎnpǐn）；上门推销（shàngmén tuīxiāo）；向客户推销（xiàng kèhù tuīxiāo）,销售员正在向客户推销新产品。,Xiāoshòuyuán zhèngzài xiàng kèhù tuīxiāo xīn chǎnpǐn.,فروشنده در حال معرفی و عرضه محصول جدید به مشتری است.,
1318,推销,tuī xiāo,HSK 6,动,2,设法使别人接受某种观点、主张或个人形象（及物动）（比喻）,تبلیغ و ترویج کردن؛ به دیگران قبولاندن (فعل متعدی، مجازی),比喻,فعل متعدی، مجازی,推销观点（tuīxiāo guāndiǎn）；推销自己（tuīxiāo zìjǐ）；推销某种理念（tuīxiāo mǒu zhǒng lǐniàn）,面试时要善于展示自己，而不是过度推销自己。,"Miànshì shí yào shànyú zhǎnshì zìjǐ, ér bú shì guòdù tuīxiāo zìjǐ.",در مصاحبه باید خود را خوب نشان داد، نه اینکه بیش از حد خودستایی کرد.,
1319,推行,tuī xíng,HSK 6,动,1,普遍实施并推广政策、制度、方法等（及物动）（正式）,اجرا و ترویج کردن (فعل متعدی، رسمی),正式,فعل متعدی، رسمی,推行政策（tuīxíng zhèngcè）；推行改革（tuīxíng gǎigé）；全面推行（quánmiàn tuīxíng）,学校正在推行新的教学方法。,Xuéxiào zhèngzài tuīxíng xīn de jiàoxué fāngfǎ.,مدرسه در حال اجرا و ترویج روش آموزشی جدیدی است.,
1320,途径,tú jìng,HSK 6,名,1,达到某种目的、解决问题或获得信息的方法和渠道（名）,راه؛ شیوه؛ مسیر دستیابی (اسم),名,اسم,有效途径（yǒuxiào tújìng）；解决途径（jiějué tújìng）；通过多种途径（tōngguò duō zhǒng tújìng）,互联网是获取信息的重要途径。,Hùliánwǎng shì huòqǔ xìnxī de zhòngyào tújìng.,اینترنت یکی از راه‌های مهم دستیابی به اطلاعات است.,
1321,吞,tūn,HSK 6,动,1,不经过充分咀嚼就把食物或其他东西咽下去（及物动）,بلعیدن؛ قورت دادن (فعل متعدی),及物动,فعل متعدی,吞药片（tūn yàopiàn）；一口吞下（yì kǒu tūnxià）；整个吞进去（zhěnggè tūn jìnqù）,他喝了一口水，把药片吞了下去。,"Tā hē le yì kǒu shuǐ, bǎ yàopiàn tūn le xiàqù.",او جرعه‌ای آب نوشید و قرص را قورت داد.,
1321,吞,tūn,HSK 6,动,2,非法占有或独自拿走本应属于别人或大家的钱财（及物动）（口语）,بالا کشیدن؛ به جیب زدن (فعل متعدی، محاوره‌ای),口语,فعل متعدی، محاوره‌ای,吞了公款（tūn le gōngkuǎn）；把钱全吞了（bǎ qián quán tūn le）；不敢私吞（bù gǎn sītūn）,他偷偷把大家的钱全吞了。,Tā tōutōu bǎ dàjiā de qián quán tūn le.,او مخفیانه تمام پول دیگران را بالا کشید.,
1321,吞,tūn,HSK 6,动,3,忍住想说的话或某种情绪，不让其表达出来（及物动）（比喻）,فروخوردن؛ ناگفته نگه داشتن (فعل متعدی، مجازی),比喻,فعل متعدی، مجازی,把话吞回去（bǎ huà tūn huíqù）；吞下委屈（tūnxià wěiqu）；眼泪往肚里吞（yǎnlèi wǎng dù lǐ tūn）,他想了想，又把到嘴边的话吞了回去。,"Tā xiǎng le xiǎng, yòu bǎ dào zuǐbiān de huà tūn le huíqù.",او کمی فکر کرد و حرفی را که تا نوک زبانش آمده بود فروخورد.,
1322,拖,tuō,HSK 6,动,1,拉着物体使其贴着地面或其他表面移动（及物动）,کشیدن؛ روی زمین دنبال خود کشاندن (فعل متعدی),及物动,فعل متعدی,拖箱子（tuō xiāngzi）；拖着行李（tuōzhe xíngli）；拖到门外（tuō dào ménwài）,他把沉重的箱子拖到了门口。,Tā bǎ chénzhòng de xiāngzi tuō dào le ménkǒu.,او جعبه سنگین را تا جلوی در کشید.,
1322,拖,tuō,HSK 6,动,2,用拖把擦洗地面（及物动）（口语）,تی کشیدن (فعل متعدی، محاوره‌ای),口语,فعل متعدی، محاوره‌ای,拖地（tuō dì）；把地拖干净（bǎ dì tuō gānjìng）；再拖一遍（zài tuō yí biàn）,我刚刚把厨房的地拖干净了。,Wǒ gānggāng bǎ chúfáng de dì tuō gānjìng le.,همین حالا کف آشپزخانه را تی کشیدم.,
1322,拖,tuō,HSK 6,动,3,故意或无意地延长时间，不及时完成或处理（动）（口语）,عقب انداختن؛ امروزوفردا کردن (فعل، محاوره‌ای),口语,فعل، محاوره‌ای,拖时间（tuō shíjiān）；一拖再拖（yì tuō zài tuō）；拖到明天（tuō dào míngtiān）,这件事不能再拖了，今天必须解决。,"Zhè jiàn shì bùnéng zài tuō le, jīntiān bìxū jiějué.",این موضوع را دیگر نمی‌توان عقب انداخت و باید امروز حل شود.,
1323,拖延,tuō yán,HSK 6,动,1,把应该进行或完成的事情向后推迟（及物动）,به تأخیر انداختن؛ عقب انداختن (فعل متعدی),及物动,فعل متعدی,拖延时间（tuōyán shíjiān）；拖延工期（tuōyán gōngqī）；故意拖延（gùyì tuōyán）,恶劣天气拖延了工程进度。,Èliè tiānqì tuōyán le gōngchéng jìndù.,هوای نامساعد روند پروژه را به تأخیر انداخت.,
1323,拖延,tuō yán,HSK 6,动,2,迟迟不采取行动或不完成应该做的事情（不及物动）,تعلل کردن؛ امروزوفردا کردن (فعل لازم),不及物动,فعل لازم,不要拖延（búyào tuōyán）；继续拖延（jìxù tuōyán）；习惯拖延（xíguàn tuōyán）,遇到问题时不要逃避或拖延。,Yùdào wèntí shí búyào táobì huò tuōyán.,هنگام روبه‌روشدن با مشکل، فرار یا تعلل نکن.,
1324,托运,tuō yùn,HSK 6,动,1,委托运输机构运送行李或货物（及物动）,برای حمل تحویل دادن؛ بار فرستادن (فعل متعدی),及物动,فعل متعدی,托运行李（tuōyùn xíngli）；托运货物（tuōyùn huòwù）；办理托运（bànlǐ tuōyùn）,这件行李太大，需要办理托运。,"Zhè jiàn xíngli tài dà, xūyào bànlǐ tuōyùn.",این چمدان بیش از حد بزرگ است و باید به قسمت بار تحویل داده شود.,
1324,托运,tuō yùn,HSK 6,名,2,委托运输机构运送行李或货物的手续或服务（名）,ارسال بار؛ خدمات تحویل بار (اسم),名,اسم,行李托运（xíngli tuōyùn）；免费托运（miǎnfèi tuōyùn）；托运手续（tuōyùn shǒuxù）,这张机票不包含免费行李托运。,Zhè zhāng jīpiào bù bāohán miǎnfèi xíngli tuōyùn.,این بلیت شامل تحویل رایگان بار نمی‌شود.,
1325,突破,tū pò,HSK 6,动,1,冲破防线、包围或障碍（及物动）,درهم شکستن؛ از مانع یا محاصره عبور کردن (فعل متعدی),及物动,فعل متعدی,突破防线（tūpò fángxiàn）；突破包围（tūpò bāowéi）；成功突破（chénggōng tūpò）,部队成功突破了对方的防线。,Bùduì chénggōng tūpò le duìfāng de fángxiàn.,نیروها با موفقیت خط دفاعی طرف مقابل را درهم شکستند.,
1325,突破,tū pò,HSK 6,动,2,超过原有的限制、标准、数量或困难（及物动）（比喻）,از حد گذشتن؛ محدودیت یا رکورد را شکستن (فعل متعدی، مجازی),比喻,فعل متعدی، مجازی,突破纪录（tūpò jìlù）；突破限制（tūpò xiànzhì）；突破一百万人（tūpò yìbǎi wàn rén）,网站的注册用户已经突破了一百万人。,Wǎngzhàn de zhùcè yònghù yǐjīng tūpò le yìbǎi wàn rén.,تعداد کاربران ثبت‌نام‌شده وب‌سایت از یک میلیون نفر گذشته است.,
1325,突破,tū pò,HSK 6,名,3,在研究、技术、工作等方面取得的重要进展（名）,پیشرفت چشمگیر؛ دستاورد مهم (اسم),名,اسم,重大突破（zhòngdà tūpò）；取得突破（qǔdé tūpò）；技术突破（jìshù tūpò）,这项研究取得了重大突破。,Zhè xiàng yánjiū qǔdé le zhòngdà tūpò.,این پژوهش به پیشرفت چشمگیری دست یافته است.,
1326,土壤,tǔ rǎng,HSK 6,名,1,覆盖在地球陆地表面、能够生长植物的疏松物质（名）,خاک (اسم),名,اسم,肥沃的土壤（féiwò de tǔrǎng）；改良土壤（gǎiliáng tǔrǎng）；土壤污染（tǔrǎng wūrǎn）,这种植物适合生长在湿润的土壤中。,Zhè zhǒng zhíwù shìhé shēngzhǎng zài shīrùn de tǔrǎng zhōng.,این گیاه برای رشد در خاک مرطوب مناسب است.,
1326,土壤,tǔ rǎng,HSK 6,名,2,使某种思想、现象或事物产生、发展的社会环境和条件（名）（比喻）,بستر؛ زمینه رشد (اسم، مجازی),比喻,اسم، مجازی,成长的土壤（chéngzhǎng de tǔrǎng）；滋生腐败的土壤（zīshēng fǔbài de tǔrǎng）；提供良好土壤（tígōng liánghǎo tǔrǎng）,开放的环境为创新提供了良好的土壤。,Kāifàng de huánjìng wèi chuàngxīn tígōng le liánghǎo de tǔrǎng.,محیط باز بستر مناسبی برای نوآوری فراهم کرده است.,
1327,图像,tú xiàng,HSK 6,名,1,通过绘画、摄影、设备等形成的人或事物的视觉形象（名）,تصویر (اسم),名,اسم,数字图像（shùzì túxiàng）；处理图像（chǔlǐ túxiàng）；图像清晰（túxiàng qīngxī）,屏幕上的图像非常清晰。,Píngmù shàng de túxiàng fēicháng qīngxī.,تصویر روی صفحه‌نمایش بسیار واضح است.,
1327,图像,tú xiàng,HSK 6,名,2,用坐标、曲线等表示数学关系的图形（名）（数学）,نمودار؛ نمودار تابع (اسم، ریاضی),数学,اسم، ریاضی,函数图像（hánshù túxiàng）；绘制图像（huìzhì túxiàng）；观察图像（guānchá túxiàng）,请在坐标系中画出这个函数的图像。,Qǐng zài zuòbiāoxì zhōng huàchū zhège hánshù de túxiàng.,لطفاً نمودار این تابع را در دستگاه مختصات رسم کنید.,
1328,挖,wā,HSK 6,动,1,用工具或手从地面、物体等里面取出泥土、矿物或其他东西（及物动）,کندن؛ حفاری کردن؛ بیرون آوردن (فعل متعدی),及物动,فعل متعدی,挖土（wā tǔ）；挖井（wā jǐng）；挖煤（wā méi）,工人们正在山脚下挖一口井。,Gōngrenmen zhèngzài shānjiǎo xià wā yì kǒu jǐng.,کارگران در دامنه کوه در حال حفر یک چاه‌اند.,
1328,挖,wā,HSK 6,动,2,深入寻找、发现或争取人才、信息、潜力等（及物动）（比喻）,کشف و پیدا کردن؛ جذب کردن (فعل متعدی، مجازی),比喻,فعل متعدی، مجازی,挖人才（wā réncái）；挖潜力（wā qiánlì）；深挖线索（shēnwā xiànsuǒ）,公司正在从竞争对手那里挖人才。,Gōngsī zhèngzài cóng jìngzhēng duìshǒu nàli wā réncái.,شرکت در حال جذب نیروهای مستعد شرکت رقیب است.,
1329,哇,wā,HSK 6,叹,1,表示惊讶、赞叹或兴奋（叹）（口语）,وای!؛ واو! (حرف ندا، محاوره‌ای),口语,حرف ندا، محاوره‌ای,"哇，真漂亮（wā, zhēn piàoliang）；哇，太好了（wā, tài hǎo le）；哇，好厉害（wā, hǎo lìhai）",哇，这里的风景真美！,"Wā, zhèlǐ de fēngjǐng zhēn měi!",واو، منظره اینجا واقعاً زیباست!,
1329,哇,wā,HSK 6,拟声,2,模拟大哭、呕吐等突然发出的声音（拟声）,صدای ناگهانی گریه یا بالا آوردن (نام‌آوا),拟声,نام‌آوا,哇哇大哭（wāwā dàkū）；哇的一声（wā de yì shēng）；哇地吐了（wā de tù le）,孩子哇的一声哭了起来。,Háizi wā de yì shēng kū le qǐlái.,کودک ناگهان زد زیر گریه.,
1329,哇,wa,HSK 6,助,3,用在句末，表示感叹、赞同、提醒等语气（助）（口语）,حرف پایانی جمله برای تأکید یا بیان احساس (حرف کمکی، محاوره‌ای),口语,حرف کمکی، محاوره‌ای,好哇（hǎo wa）；快走哇（kuài zǒu wa）；真热闹哇（zhēn rènao wa）,好哇，我们明天一起去！,"Hǎo wa, wǒmen míngtiān yìqǐ qù!",خیلی خوب، فردا با هم می‌رویم!,
1330,歪,wāi,HSK 6,形,1,不正；偏斜而不直（形）,کج؛ مایل (صفت),形,صفت,帽子戴歪了（màozi dài wāi le）；桌子有点歪（zhuōzi yǒudiǎn wāi）；字写得歪（zì xiě de wāi）,墙上的画挂歪了。,Qiáng shàng de huà guà wāi le.,تابلوی روی دیوار کج آویزان شده است.,
1330,歪,wāi,HSK 6,动,2,使身体、头部或物体向一边倾斜（及物动）,کج کردن؛ به یک سو خم کردن (فعل متعدی),及物动,فعل متعدی,歪着头（wāizhe tóu）；歪过身子（wāiguò shēnzi）；把帽子歪到一边（bǎ màozi wāi dào yìbiān）,她歪着头想了一会儿。,Tā wāizhe tóu xiǎng le yíhuìr.,او سرش را کج کرد و کمی فکر کرد.,
1330,歪,wāi,HSK 6,形,3,思想、道理或做法不正确、不正当（形）（比喻、口语）,نادرست؛ منحرف؛ ناسالم (صفت، مجازی و محاوره‌ای),比喻、口语,صفت، مجازی و محاوره‌ای,心思有点歪（xīnsi yǒudiǎn wāi）；道理太歪（dàoli tài wāi）；想歪了（xiǎng wāi le）,你别想歪了，我没有别的意思。,"Nǐ bié xiǎng wāi le, wǒ méiyǒu bié de yìsi.",برداشت نادرست نکن؛ منظور دیگری نداشتم.,
1331,外表,wài biǎo,HSK 6,名,1,人或事物从外面看起来的样子（名）,ظاهر؛ نمای بیرونی (اسم),名,اسم,外表漂亮（wàibiǎo piàoliang）；只看外表（zhǐ kàn wàibiǎo）；改变外表（gǎibiàn wàibiǎo）,不要只根据外表判断一个人。,Búyào zhǐ gēnjù wàibiǎo pànduàn yí gè rén.,نباید کسی را فقط بر اساس ظاهرش قضاوت کرد.,
1332,外交,wài jiāo,HSK 6,名,1,国家为处理与其他国家或国际组织的关系而进行的活动（名）,دیپلماسی؛ روابط خارجی (اسم),名,اسم,外交政策（wàijiāo zhèngcè）；外交关系（wàijiāo guānxì）；开展外交活动（kāizhǎn wàijiāo huódòng）,两国正式建立了外交关系。,Liǎng guó zhèngshì jiànlì le wàijiāo guānxì.,دو کشور رسماً روابط دیپلماتیک برقرار کردند.,
1333,外界,wài jiè,HSK 6,名,1,某个人、组织或事物以外的社会、环境或范围（名）,دنیای بیرون؛ محیط خارج (اسم),名,اسم,与外界联系（yǔ wàijiè liánxì）；受到外界影响（shòudào wàijiè yǐngxiǎng）；外界压力（wàijiè yālì）,由于通信中断，他们无法与外界联系。,"Yóuyú tōngxìn zhōngduàn, tāmen wúfǎ yǔ wàijiè liánxì.",به دلیل قطع ارتباطات، آن‌ها نمی‌توانستند با دنیای بیرون تماس بگیرند.,
1334,外科,wài kē,HSK 6,名,1,主要通过手术治疗疾病、损伤等的医学专业或医院科室（名）,جراحی؛ بخش جراحی (اسم),名,اسم,外科医生（wàikē yīshēng）；外科手术（wàikē shǒushù）；外科门诊（wàikē ménzhěn）,他在医院的外科工作。,Tā zài yīyuàn de wàikē gōngzuò.,او در بخش جراحی بیمارستان کار می‌کند.,
1335,外来,wài lái,HSK 6,形,1,从其他地区、国家、组织或系统进入的（形）,واردشده از بیرون؛ غیربومی (صفت),形,صفت,外来人口（wàilái rénkǒu）；外来文化（wàilái wénhuà）；外来物种（wàilái wùzhǒng）,这种外来物种可能会破坏当地生态。,Zhè zhǒng wàilái wùzhǒng kěnéng huì pòhuài dāngdì shēngtài.,این گونه غیربومی ممکن است به زیست‌بوم محلی آسیب بزند.,
1336,外甥,wài sheng,HSK 6,名,1,姐姐或妹妹的儿子（名）,خواهرزاده پسر (اسم),名,اسم,我的外甥（wǒ de wàisheng）；小外甥（xiǎo wàisheng）；照顾外甥（zhàogù wàisheng）,我外甥今年刚上小学。,Wǒ wàisheng jīnnián gāng shàng xiǎoxué.,خواهرزاده‌ام امسال تازه وارد دبستان شده است.,
1337,望,wàng,HSK 6,动,1,向远处或某个方向看（不及物动）（书面）,نگریستن؛ به دوردست نگاه کردن (فعل لازم، ادبی),书面,فعل لازم، ادبی,向远处望（xiàng yuǎnchù wàng）；抬头望（táitóu wàng）；望向窗外（wàngxiàng chuāngwài）,他站在山顶向远处望去。,Tā zhàn zài shāndǐng xiàng yuǎnchù wàngqù.,او بر قله کوه ایستاد و به دوردست نگریست.,
1337,望,wàng,HSK 6,动,2,希望、期待某件事情发生或得到允许（及物动）（书面）,امیدوار بودن؛ انتظار داشتن (فعل متعدی، رسمی),书面,فعل متعدی، رسمی,望批准（wàng pīzhǔn）；望回复（wàng huífù）；望理解（wàng lǐjiě）,以上申请，望批准。,"Yǐshàng shēnqǐng, wàng pīzhǔn.",خواهشمند است با درخواست فوق موافقت شود.,
1337,望,wàng,HSK 6,介,3,向；朝着某个方向（介）,به سوی؛ رو به (حرف اضافه),介,حرف اضافه,望前看（wàng qián kàn）；望窗外看（wàng chuāngwài kàn）；望我点头（wàng wǒ diǎntóu）,她望我点了点头。,Tā wàng wǒ diǎn le diǎn tóu.,او رو به من سر تکان داد.,
1338,网,wǎng,HSK 6,名,1,用线、绳等编成、带有许多小孔的捕捉或防护工具（名）,تور؛ شبکه توری (اسم),名,اسم,一张网（yì zhāng wǎng）；撒网（sā wǎng）；安全网（ānquánwǎng）,渔民把网撒进了海里。,Yúmín bǎ wǎng sā jìn le hǎi lǐ.,ماهیگیر تور را به دریا انداخت.,
1338,网,wǎng,HSK 6,名,2,由相互连接的线路、设备、组织等组成的系统；特指互联网（名）,شبکه؛ اینترنت (اسم),名,اسم,交通网（jiāotōngwǎng）；通信网（tōngxìnwǎng）；上网（shàngwǎng）,这里的网不太稳定。,Zhèlǐ de wǎng bú tài wěndìng.,اینترنت اینجا چندان پایدار نیست.,
1338,网,wǎng,HSK 6,动,3,用网捕捉或罩住（及物动）,با تور گرفتن؛ در تور انداختن (فعل متعدی),及物动,فعل متعدی,网鱼（wǎng yú）；网住小鸟（wǎngzhù xiǎoniǎo）；网了一条鱼（wǎng le yì tiáo yú）,他们在河里网了几条鱼。,Tāmen zài hé lǐ wǎng le jǐ tiáo yú.,آن‌ها چند ماهی را با تور از رودخانه گرفتند.,
1339,往后,wǎng hòu,HSK 6,副,1,从现在或某个时间以后（副）,از این پس؛ بعداً؛ در آینده (قید),副,قید,往后再说（wǎnghòu zài shuō）；往后的日子（wǎnghòu de rìzi）；往后要注意（wǎnghòu yào zhùyì）,往后遇到问题要及时告诉我。,Wǎnghòu yùdào wèntí yào jíshí gàosu wǒ.,از این پس اگر با مشکلی روبه‌رو شدی، به‌موقع به من بگو.,
1339,往后,wǎng hòu,HSK 6,方位词,2,向后面；朝后方（方位词）,به عقب؛ رو به پشت (قید مکان),方位词,قید مکان,往后退（wǎnghòu tuì）；往后看（wǎnghòu kàn）；往后挪一点（wǎnghòu nuó yìdiǎn）,请往后退两步。,Qǐng wǎnghòu tuì liǎng bù.,لطفاً دو قدم به عقب بروید.,
1340,往来,wǎng lái,HSK 6,动,1,人、车辆等来回移动或经过（不及物动）,رفت‌وآمد کردن (فعل لازم),不及物动,فعل لازم,车辆往来（chēliàng wǎnglái）；行人往来（xíngrén wǎnglái）；往来不断（wǎnglái búduàn）,这条街上整天车辆往来不断。,Zhè tiáo jiē shàng zhěngtiān chēliàng wǎnglái búduàn.,در این خیابان تمام روز خودروها پیوسته رفت‌وآمد می‌کنند.,
1340,往来,wǎng lái,HSK 6,动,2,人与人、组织或国家之间互相交往、联系（不及物动）,معاشرت یا ارتباط داشتن (فعل لازم),不及物动,فعل لازم,互相往来（hùxiāng wǎnglái）；密切往来（mìqiè wǎnglái）；与亲戚往来（yǔ qīnqi wǎnglái）,他们两家多年来一直保持往来。,Tāmen liǎng jiā duōniánlái yìzhí bǎochí wǎnglái.,این دو خانواده سال‌هاست با یکدیگر رفت‌وآمد دارند.,
1340,往来,wǎng lái,HSK 6,名,3,个人、组织或国家之间的交往、联系或业务关系（名）,رفت‌وآمد؛ مراوده؛ روابط (اسم),名,اسم,经济往来（jīngjì wǎnglái）；业务往来（yèwù wǎnglái）；人员往来（rényuán wǎnglái）,两国之间的经贸往来日益密切。,Liǎng guó zhījiān de jīngmào wǎnglái rìyì mìqiè.,روابط اقتصادی و تجاری میان دو کشور روزبه‌روز نزدیک‌تر می‌شود.,
1341,往年,wǎng nián,HSK 6,时间词,1,过去的年份；以前的某些年（时间词）,سال‌های گذشته (قید زمان),时间词,قید زمان,往年同期（wǎngnián tóngqī）；按照往年情况（ànzhào wǎngnián qíngkuàng）；比往年更多（bǐ wǎngnián gèng duō）,今年的游客数量比往年多。,Jīnnián de yóukè shùliàng bǐ wǎngnián duō.,تعداد گردشگران امسال از سال‌های گذشته بیشتر است.,
1342,王子,wáng zǐ,HSK 6,名,1,国王或其他男性君主的儿子（名）,شاهزاده؛ پسر پادشاه (اسم),名,اسم,年轻王子（niánqīng wángzǐ）；王子继位（wángzǐ jìwèi）；王子和公主（wángzǐ hé gōngzhǔ）,王子成年后开始参与国家事务。,Wángzǐ chéngnián hòu kāishǐ cānyù guójiā shìwù.,شاهزاده پس از رسیدن به سن بزرگسالی در امور کشور مشارکت کرد.,
1343,顽强,wán qiáng,HSK 6,形,1,意志坚强、不屈服；生命力或抵抗力很强（形）,سرسخت؛ مقاوم؛ تسلیم‌ناپذیر (صفت),形,صفت,意志顽强（yìzhì wánqiáng）；顽强奋斗（wánqiáng fèndòu）；生命力顽强（shēngmìnglì wánqiáng）,这种植物能在沙漠中生长，生命力十分顽强。,"Zhè zhǒng zhíwù néng zài shāmò zhōng shēngzhǎng, shēngmìnglì shífēn wánqiáng.",این گیاه می‌تواند در بیابان رشد کند و بسیار مقاوم است.,
1344,弯曲,wān qū,HSK 6,形,1,形状不直，呈弧形或有转折的（形）,خمیده؛ منحنی؛ پیچ‌درپیچ (صفت),形,صفت,道路弯曲（dàolù wānqū）；弯曲的树枝（wānqū de shùzhī）；形状弯曲（xíngzhuàng wānqū）,一条弯曲的小路通向山顶。,Yì tiáo wānqū de xiǎolù tōngxiàng shāndǐng.,مسیر باریک و پیچ‌درپیچی به قله کوه می‌رسد.,
1344,弯曲,wān qū,HSK 6,动,2,物体受到外力、温度等影响后变得不直（不及物动）,خم شدن؛ انحنا پیدا کردن (فعل لازم),不及物动,فعل لازم,逐渐弯曲（zhújiàn wānqū）；受力弯曲（shòulì wānqū）；向下弯曲（xiàng xià wānqū）,木板受热后逐渐弯曲了。,Mùbǎn shòurè hòu zhújiàn wānqū le.,تخته چوب پس از گرم‌شدن به‌تدریج خم شد.,
1344,弯曲,wān qū,HSK 6,动,3,使物体变得不直或呈弧形（及物动）,خم کردن؛ انحنا دادن (فعل متعدی),及物动,فعل متعدی,弯曲铁丝（wānqū tiěsī）；弯曲膝盖（wānqū xīgài）；把金属弯曲（bǎ jīnshǔ wānqū）,工人用工具把铁丝弯曲成圆形。,Gōngrén yòng gōngjù bǎ tiěsī wānqū chéng yuánxíng.,کارگر با ابزار سیم آهنی را به شکل دایره خم کرد.,
1345,万物,wàn wù,HSK 6,名,1,宇宙间的一切事物和生命（名）（书面）,همه موجودات و پدیده‌های جهان (اسم، ادبی),书面,اسم، ادبی,世间万物（shìjiān wànwù）；万物生长（wànwù shēngzhǎng）；万物复苏（wànwù fùsū）,春天到来，万物开始复苏。,"Chūntiān dàolái, wànwù kāishǐ fùsū.",با فرارسیدن بهار، همه موجودات دوباره جان می‌گیرند.,
1346,娃娃,wá wa,HSK 6,名,1,婴儿或年幼的孩子（名）（口语）,نوزاد؛ کودک خردسال (اسم، محاوره‌ای),口语,اسم، محاوره‌ای,胖娃娃（pàng wáwa）；抱娃娃（bào wáwa）；生了个娃娃（shēng le ge wáwa）,那个娃娃刚学会走路。,Nàge wáwa gāng xuéhuì zǒulù.,آن کودک تازه راه‌رفتن را یاد گرفته است.,
1346,娃娃,wá wa,HSK 6,名,2,做成人或儿童形状的玩具（名）,عروسک (اسم),名,اسم,布娃娃（bùwáwa）；玩具娃娃（wánjù wáwa）；抱着娃娃（bàozhe wáwa）,小女孩抱着一个布娃娃睡着了。,Xiǎo nǚhái bàozhe yí gè bùwáwa shuìzháo le.,دختربچه در حالی که عروسکی پارچه‌ای را بغل کرده بود، خوابش برد.,
1347,未,wèi,HSK 6,副,1,没有；还没有（副）（书面）,هنوز نه؛ تاکنون انجام‌نشده (قید، رسمی),书面,قید، رسمی,尚未完成（shàngwèi wánchéng）；未发现问题（wèi fāxiàn wèntí）；结果未定（jiéguǒ wèidìng）,事故原因目前尚未查明。,Shìgù yuányīn mùqián shàngwèi chámíng.,علت حادثه تاکنون مشخص نشده است.,
1347,未,wèi,HSK 6,名,2,十二地支中的第八位（名）（传统文化）,هشتمین شاخه زمینی در گاه‌شماری سنتی چین (اسم، فرهنگ سنتی),传统文化,اسم، فرهنگ سنتی,未时（wèishí）；辛未年（Xīnwèi nián）；地支中的未（dìzhī zhōng de wèi）,传统上，未时指下午一点到三点。,"Chuántǒng shàng, wèishí zhǐ xiàwǔ yì diǎn dào sān diǎn.",در سنت چینی، ساعت «وِی» به بازه یک تا سه بعدازظهر گفته می‌شود.,
1348,未必,wèi bì,HSK 6,副,1,不一定；事实或结果可能并非如此（副）,لزوماً نه؛ شاید چنین نباشد (قید),副,قید,未必正确（wèibì zhèngquè）；未必知道（wèibì zhīdào）；未必如此（wèibì rúcǐ）,价格高的产品质量未必更好。,Jiàgé gāo de chǎnpǐn zhìliàng wèibì gèng hǎo.,محصول گران‌تر لزوماً کیفیت بهتری ندارد.,
1349,未成年人,wèi chéng nián rén,HSK 6,名,1,尚未达到法律规定成年年龄的人（名）（法律）,فرد زیر سن قانونی؛ نابالغ قانونی (اسم، حقوقی),法律,اسم، حقوقی,保护未成年人（bǎohù wèichéngniánrén）；未成年人犯罪（wèichéngniánrén fànzuì）；禁止向未成年人出售（jìnzhǐ xiàng wèichéngniánrén chūshòu）,法律禁止向未成年人出售酒类。,Fǎlǜ jìnzhǐ xiàng wèichéngniánrén chūshòu jiǔlèi.,قانون فروش نوشیدنی الکلی به افراد زیر سن قانونی را ممنوع می‌کند.,
1350,为此,wèi cǐ,HSK 6,副,1,因为这件事或这种情况（副）（书面）,به همین دلیل؛ ازاین‌رو (قید، رسمی),书面,قید، رسمی,为此感到担忧（wèicǐ gǎndào dānyōu）；为此付出代价（wèicǐ fùchū dàijià）；为此受到批评（wèicǐ shòudào pīpíng）,他违反了规定，并为此受到了处罚。,"Tā wéifǎn le guīdìng, bìng wèicǐ shòudào le chǔfá.",او مقررات را نقض کرد و به همین دلیل مجازات شد.,
1350,为此,wèi cǐ,HSK 6,副,2,为了实现前面提到的目的或处理有关事情（副）（书面）,برای این منظور (قید، رسمی),书面,قید، رسمی,为此作出努力（wèicǐ zuòchū nǔlì）；为此制定计划（wèicǐ zhìdìng jìhuà）；为此采取措施（wèicǐ cǎiqǔ cuòshī）,公司希望提高效率，并为此采取了多项措施。,"Gōngsī xīwàng tígāo xiàolǜ, bìng wèicǐ cǎiqǔ le duō xiàng cuòshī.",شرکت می‌خواست بهره‌وری را افزایش دهد و برای این منظور چندین اقدام انجام داد.,
1351,违规,wéi guī,HSK 6,动,1,违反规定、规章或法律（不及物动）,تخلف‌کردن، مقررات را زیر پا گذاشتن (فعل ناگذر),不及物动,فعل ناگذر,"违规操作 (wéiguī cāozuò), 违规行为 (wéiguī xíngwéi), 严重违规 (yánzhòng wéiguī)",他因违规操作受到了处罚。,Tā yīn wéiguī cāozuò shòudào le chǔfá.,او به‌دلیل تخلف از دستورالعمل‌ها مجازات شد.,
1352,为何,wèi hé,HSK 6,代,1,为什么；因为什么（疑问代词，书面）,چرا، به چه دلیل (ضمیر پرسشی؛ نوشتاری),疑问代词，书面,ضمیر پرسشی؛ نوشتاری,"为何拒绝 (wèihé jùjué), 为何如此 (wèihé rúcǐ), 不知为何 (bùzhī wèihé)",他为何突然改变了主意？,Tā wèihé tūrán gǎibiàn le zhǔyi?,چرا او ناگهان نظرش را عوض کرد؟,
1353,维护,wéi hù,HSK 6,动,1,保护并使某种状态、秩序或权益不受损害（及物动）,حفظ‌کردن، پاسداری‌کردن (فعل گذرا),及物动,فعل گذرا,"维护和平 (wéihù hépíng), 维护秩序 (wéihù zhìxù), 维护权益 (wéihù quányì)",每个人都有责任维护公共秩序。,Měi ge rén dōu yǒu zérèn wéihù gōnggòng zhìxù.,همه وظیفه دارند نظم عمومی را حفظ کنند.,
1353,维护,wéi hù,HSK 6,动,2,保养并修理设备、系统等，使其正常运行（及物动）,نگهداری و تعمیرکردن (فعل گذرا),及物动,فعل گذرا,"维护设备 (wéihù shèbèi), 维护系统 (wéihù xìtǒng), 定期维护 (dìngqī wéihù)",技术人员正在维护公司的网络系统。,Jìshù rényuán zhèngzài wéihù gōngsī de wǎngluò xìtǒng.,کارشناسان فنی در حال نگهداری از سامانهٔ شبکهٔ شرکت هستند.,
1354,危机,wēi jī,HSK 6,名,1,可能造成严重损害或引发重大变化的危险局面（名）,بحران، وضعیت بحرانی (اسم),名,اسم,"经济危机 (jīngjì wēijī), 面临危机 (miànlín wēijī), 化解危机 (huàjiě wēijī)",公司正在采取措施应对这场危机。,Gōngsī zhèngzài cǎiqǔ cuòshī yìngduì zhè chǎng wēijī.,شرکت در حال اقدام برای مقابله با این بحران است.,
1355,味觉,wèi jué,HSK 6,名,1,舌头等味觉器官辨别味道的感觉（名）,حس چشایی، چشایی (اسم),名,اسم,"味觉敏锐 (wèijué mǐnruì), 失去味觉 (shīqù wèijué), 恢复味觉 (huīfù wèijué)",感冒后，她的味觉变得不太灵敏。,"Gǎnmào hòu, tā de wèijué biàn de bú tài língmǐn.",پس از سرماخوردگی، حس چشایی او ضعیف‌تر شد.,
1356,胃口,wèi kǒu,HSK 6,名,1,想吃东西的欲望；食欲（名）,اشتها (اسم),名,اسم,"胃口很好 (wèikǒu hěn hǎo), 没有胃口 (méiyǒu wèikǒu), 胃口大开 (wèikǒu dàkāi)",天气太热，我一点儿胃口也没有。,"Tiānqì tài rè, wǒ yìdiǎnr wèikǒu yě méiyǒu.",هوا خیلی گرم است و اصلاً اشتها ندارم.,
1356,胃口,wèi kǒu,HSK 6,名,2,对某类事物的兴趣或喜好（名，比喻）,میل، علاقه (اسم؛ مجازی),名，比喻,اسم؛ مجازی,"合胃口 (hé wèikǒu), 不合胃口 (bù hé wèikǒu), 对胃口 (duì wèikǒu)",这种幽默正合我的胃口。,Zhè zhǒng yōumò zhèng hé wǒ de wèikǒu.,این نوع شوخی دقیقاً باب میل من است.,
1357,为难,wéi nán,HSK 6,动,1,感到难以处理或决定（不及物动）,دچار تردید یا دشواری‌شدن (فعل ناگذر),不及物动,فعل ناگذر,"感到为难 (gǎndào wéinán), 十分为难 (shífēn wéinán), 左右为难 (zuǒyòu wéinán)",面对这两个选择，她感到很为难。,"Miànduì zhè liǎng ge xuǎnzé, tā gǎndào hěn wéinán.",او در برابر این دو انتخاب دچار تردید شد.,
1357,为难,wéi nán,HSK 6,动,2,故意给别人制造困难（及物动）,به دردسر انداختن، سخت‌گیری‌کردن به (فعل گذرا),及物动,فعل گذرا,"故意为难 (gùyì wéinán), 处处为难 (chùchù wéinán), 别为难他 (bié wéinán tā)",这件事不是他的错，你别为难他。,"Zhè jiàn shì bú shì tā de cuò, nǐ bié wéinán tā.",این ماجرا تقصیر او نیست؛ به او سخت نگیر.,
1358,围棋,wéi qí,HSK 6,名,1,一种由两人用黑白棋子在棋盘上争夺地盘的棋类游戏（名）,بازی گو، وی‌چی (اسم),名,اسم,"下围棋 (xià wéiqí), 围棋比赛 (wéiqí bǐsài), 围棋高手 (wéiqí gāoshǒu)",我爷爷每天都和朋友下围棋。,Wǒ yéye měitiān dōu hé péngyou xià wéiqí.,پدربزرگم هر روز با دوستانش گو بازی می‌کند.,
1359,为期,wéi qī,HSK 6,动,1,表示某项活动持续的时间（动）,به‌مدتِ، به‌طول‌انجامیدن (فعل),动,فعل,"为期一年 (wéiqī yì nián), 为期三天 (wéiqī sān tiān), 为期两周 (wéiqī liǎng zhōu)",双方举行了为期三天的会谈。,Shuāngfāng jǔxíng le wéiqī sān tiān de huìtán.,دو طرف مذاکراتی سه‌روزه برگزار کردند.,
1360,委屈,wěi qu,HSK 6,形,1,受到不公平的待遇或责备而难过（形）,دلخور، رنجیده، مظلوم واقع‌شده (صفت),形,صفت,"感到委屈 (gǎndào wěiqu), 心里委屈 (xīnli wěiqu), 十分委屈 (shífēn wěiqu)",明明不是我的错，我觉得很委屈。,"Míngmíng bú shì wǒ de cuò, wǒ juéde hěn wěiqu.",با اینکه تقصیر من نبود، خیلی احساس کردم به من ظلم شده است.,
1360,委屈,wěi qu,HSK 6,名,2,因受到不公平待遇而产生的难过和不满（名）,رنجش، احساس بی‌عدالتی (اسم),名,اسم,"受委屈 (shòu wěiqu), 满腹委屈 (mǎnfù wěiqu), 诉说委屈 (sùshuō wěiqu)",她终于说出了心里的委屈。,Tā zhōngyú shuōchū le xīnli de wěiqu.,او سرانجام رنجش درونی‌اش را بیان کرد.,
1360,委屈,wěi qu,HSK 6,动,3,使人受到不公平待遇；使人为顾全大局而勉强承受（及物动）,در حق کسی اجحاف‌کردن؛ به زحمت انداختن (فعل گذرا),及物动,فعل گذرا,"委屈自己 (wěiqu zìjǐ), 委屈孩子 (wěiqu háizi), 委屈你了 (wěiqu nǐ le)",这段时间只能委屈你住在客厅了。,Zhè duàn shíjiān zhǐ néng wěiqu nǐ zhù zài kètīng le.,فعلاً ناچاریم تو را به زحمت بیندازیم و بخواهیم در اتاق نشیمن بمانی.,
1361,维生素,wéi shēng sù,HSK 6,名,1,维持人体正常生长和生理功能所必需的一类有机物质（名）,ویتامین (اسم),名,اسم,"补充维生素 (bǔchōng wéishēngsù), 缺乏维生素 (quēfá wèishēngsù), 富含维生素 (fùhán wèishēngsù)",这种水果富含维生素C。,Zhè zhǒng shuǐguǒ fùhán wéishēngsù C.,این میوه سرشار از ویتامین سی است.,
1362,委托,wěi tuō,HSK 6,动,1,请别人或机构代为办理某事（及物动）,سپردن، واگذارکردن (فعل گذرا),及物动,فعل گذرا,"委托办理 (wěituō bànlǐ), 委托律师 (wěituō lǜshī), 受人委托 (shòu rén wěituō)",她委托律师处理这件事。,Tā wěituō lǜshī chǔlǐ zhè jiàn shì.,او رسیدگی به این موضوع را به یک وکیل سپرد.,
1363,微小,wēi xiǎo,HSK 6,形,1,非常小；细小（形）,بسیار کوچک، ریز (صفت),形,صفت,"微小变化 (wēixiǎo biànhuà), 微小差异 (wēixiǎo chāyì), 微小颗粒 (wēixiǎo kēlì)",实验结果出现了微小的变化。,Shíyàn jiéguǒ chūxiàn le wēixiǎo de biànhuà.,در نتیجهٔ آزمایش تغییر بسیار کوچکی پدید آمد.,
1364,为止,wéi zhǐ,HSK 6,动,1,用在表示时间、范围或程度的词语后，表示到某一点停止（动）,تا، تا زمانِ (فعل),动,فعل,"到目前为止 (dào mùqián wéizhǐ), 到今天为止 (dào jīntiān wéizhǐ), 到月底为止 (dào yuèdǐ wéizhǐ)",到目前为止，一切都很顺利。,"Dào mùqián wéizhǐ, yíqiè dōu hěn shùnlì.",تا این لحظه همه‌چیز به‌خوبی پیش رفته است.,
1365,文档,wén dàng,HSK 6,名,1,书面资料，尤指以电子形式保存和处理的文件（名）,سند، فایل متنی (اسم),名,اسم,"创建文档 (chuàngjiàn wéndàng), 编辑文档 (biānjí wéndàng), 保存文档 (bǎocún wéndàng)",请把这份文档保存到电脑里。,Qǐng bǎ zhè fèn wéndàng bǎocún dào diànnǎo lǐ.,لطفاً این فایل را در رایانه ذخیره کن.,
1366,温和,wēn hé,HSK 6,形,1,性情、态度或言语不严厉，不粗暴（形）,ملایم، آرام، خوش‌برخورد (صفت),形,صفت,"性格温和 (xìnggé wēnhé), 态度温和 (tàidu wēnhé), 语气温和 (yǔqì wēnhé)",她性格温和，很少跟别人发脾气。,"Tā xìnggé wēnhé, hěn shǎo gēn biérén fā píqi.",او اخلاق آرامی دارد و به‌ندرت عصبانی می‌شود.,
1366,温和,wēn hé,HSK 6,形,2,气候不冷不热；事物的性质或作用不强烈（形）,معتدل، ملایم (صفت),形,صفت,"气候温和 (qìhòu wēnhé), 药性温和 (yàoxìng wēnhé), 作用温和 (zuòyòng wēnhé)",这里冬天的气候比较温和。,Zhèlǐ dōngtiān de qìhòu bǐjiào wēnhé.,آب‌وهوای زمستان اینجا نسبتاً معتدل است.,
1367,文具,wén jù,HSK 6,名,1,书写、绘画或学习时使用的用品（名）,لوازم‌التحریر (اسم),名,اسم,"购买文具 (gòumǎi wénjù), 文具用品 (wénjù yòngpǐn), 一套文具 (yí tào wénjù)",开学前，妈妈带我去买文具。,"Kāixué qián, māma dài wǒ qù mǎi wénjù.",پیش از شروع مدرسه، مادرم مرا برای خرید لوازم‌التحریر برد.,
1368,文科,wén kē,HSK 6,名,1,以语言、文学、历史、哲学、社会科学等为主要内容的学科类别（名）,علوم انسانی (اسم),名,اسم,"文科专业 (wénkē zhuānyè), 文科学生 (wénkē xuésheng), 选择文科 (xuǎnzé wénkē)",她对历史很感兴趣，所以选择了文科。,"Tā duì lìshǐ hěn gǎn xìngqù, suǒyǐ xuǎnzé le wénkē.",او به تاریخ علاقهٔ زیادی داشت، بنابراین رشتهٔ علوم انسانی را انتخاب کرد.,
1369,文明,wén míng,HSK 6,名,1,人类社会发展中创造的物质和精神成果的总和（名）,تمدن (اسم),名,اسم,"古代文明 (gǔdài wénmíng), 人类文明 (rénlèi wénmíng), 中华文明 (Zhōnghuá wénmíng)",这座城市保留了许多古代文明的遗迹。,Zhè zuò chéngshì bǎoliú le xǔduō gǔdài wénmíng de yíjì.,در این شهر آثار بسیاری از تمدن باستانی باقی مانده است.,
1369,文明,wén míng,HSK 6,形,2,社会发展程度较高的；言行符合社会道德规范的（形）,متمدن؛ بافرهنگ (صفت),形,صفت,"文明社会 (wénmíng shèhuì), 文明行为 (wénmíng xíngwéi), 举止文明 (jǔzhǐ wénmíng)",在公共场所，我们应该注意文明行为。,"Zài gōnggòng chǎngsuǒ, wǒmen yīnggāi zhùyì wénmíng xíngwéi.",در مکان‌های عمومی باید رفتار بافرهنگی داشته باشیم.,
1370,闻名,wén míng,HSK 6,动,1,因有名而被人们知道（不及物动）,مشهوربودن، شهرت‌داشتن (فعل ناگذر),不及物动,فعل ناگذر,"闻名全国 (wénmíng quánguó), 世界闻名 (shìjiè wénmíng), 以美食闻名 (yǐ měishí wénmíng)",这座城市以美丽的海滩而闻名。,Zhè zuò chéngshì yǐ měilì de hǎitān ér wénmíng.,این شهر به سواحل زیبایش مشهور است.,
1371,温柔,wēn róu,HSK 6,形,1,性情、态度或动作温和柔顺（形）,مهربان، لطیف، آرام (صفت),形,صفت,"性格温柔 (xìnggé wēnróu), 语气温柔 (yǔqì wēnróu), 温柔地微笑 (wēnróu de wēixiào)",她用温柔的语气安慰孩子。,Tā yòng wēnróu de yǔqì ānwèi háizi.,او با لحنی مهربان کودک را دلداری داد.,
1372,文物,wén wù,HSK 6,名,1,具有历史、艺术或科学价值的古代遗物（名）,اثر تاریخی، شیء باستانی (اسم),名,اسم,"历史文物 (lìshǐ wénwù), 珍贵文物 (zhēnguì wénwù), 保护文物 (bǎohù wénwù)",博物馆里收藏着许多珍贵文物。,Bówùguǎn lǐ shōucáng zhe xǔduō zhēnguì wénwù.,در موزه آثار تاریخی ارزشمند بسیاری نگهداری می‌شود.,
1373,文献,wén xiàn,HSK 6,名,1,具有研究或参考价值的文字、图像、音像等资料（名）,منبع، سند، منابع مکتوب (اسم),名,اسم,"历史文献 (lìshǐ wénxiàn), 参考文献 (cānkǎo wénxiàn), 查阅文献 (cháyuè wénxiàn)",写论文前需要查阅大量相关文献。,Xiě lùnwén qián xūyào cháyuè dàliàng xiāngguān wénxiàn.,پیش از نوشتن مقاله باید منابع مرتبط زیادی را بررسی کرد.,
1374,文艺,wén yì,HSK 6,名,1,文学和艺术的合称（名）,ادبیات و هنر (اسم),名,اسم,"文艺创作 (wényì chuàngzuò), 文艺作品 (wényì zuòpǐn), 文艺活动 (wényì huódòng)",学校经常组织各种文艺活动。,Xuéxiào jīngcháng zǔzhī gèzhǒng wényì huódòng.,مدرسه مرتب برنامه‌های مختلف ادبی و هنری برگزار می‌کند.,
1374,文艺,wén yì,HSK 6,形,2,具有文学艺术气息或风格的（形，口语）,هنری، اهل هنر (صفت؛ گفتاری),形，口语,صفت؛ گفتاری,"文艺青年 (wényì qīngnián), 文艺气息 (wényì qìxī), 文艺风格 (wényì fēnggé)",这家咖啡馆的装修很文艺。,Zhè jiā kāfēiguǎn de zhuāngxiū hěn wényì.,دکور این کافه خیلی هنری است.,
1375,误,wù,HSK 6,动,1,耽误或错过时间、事情、机会等（及物动）,عقب‌انداختن، ازدست‌دادن (فعل گذرا),及物动,فعل گذرا,"误了时间 (wù le shíjiān), 误了火车 (wù le huǒchē), 误了大事 (wù le dàshì)",路上堵车，我差点儿误了飞机。,"Lùshang dǔchē, wǒ chàdiǎnr wù le fēijī.",راه بندان بود و نزدیک بود از هواپیما جا بمانم.,
1375,误,wù,HSK 6,副,2,因判断错误而错误地（副）,به‌اشتباه (قید),副,قید,"误以为 (wù yǐwéi), 误把他人当朋友 (wù bǎ tārén dàng péngyou), 误入此地 (wù rù cǐdì)",我误以为会议是明天举行。,Wǒ wù yǐwéi huìyì shì míngtiān jǔxíng.,من به‌اشتباه فکر کردم جلسه فردا برگزار می‌شود.,
1376,乌龟,wū guī,HSK 6,名,1,身体外面有硬壳、行动较慢的一种爬行动物（名）,لاک‌پشت (اسم),名,اسم,"一只乌龟 (yì zhī wūguī), 养乌龟 (yǎng wūguī), 乌龟壳 (wūguī ké)",这只乌龟慢慢地爬进了水里。,Zhè zhī wūguī mànmàn de pá jìn le shuǐ lǐ.,این لاک‌پشت آرام‌آرام وارد آب شد.,
1377,误解,wù jiě,HSK 6,动,1,没有正确理解别人的意思或某件事（及物动）,اشتباه فهمیدن، بد برداشت‌کردن (فعل گذرا),及物动,فعل گذرا,"误解意思 (wùjiě yìsi), 容易误解 (róngyì wùjiě), 被人误解 (bèi rén wùjiě)",你误解我的意思了，我并没有责怪你。,"Nǐ wùjiě wǒ de yìsi le, wǒ bìng méiyǒu zéguài nǐ.",منظورم را اشتباه فهمیدی؛ من اصلاً تو را سرزنش نکردم.,
1377,误解,wù jiě,HSK 6,名,2,因理解不正确而产生的错误看法（名）,سوءتفاهم، برداشت نادرست (اسم),名,اسم,"产生误解 (chǎnshēng wùjiě), 消除误解 (xiāochú wùjiě), 一个误解 (yí ge wùjiě)",经过解释，他们之间的误解终于消除了。,"Jīngguò jiěshì, tāmen zhījiān de wùjiě zhōngyú xiāochú le.",پس از توضیح، سوءتفاهم میان آن‌ها سرانجام برطرف شد.,
1378,武器,wǔ qì,HSK 6,名,1,用于攻击、防御或作战的器械和装备（名）,سلاح، جنگ‌افزار (اسم),名,اسم,"使用武器 (shǐyòng wǔqì), 先进武器 (xiānjìn wǔqì), 放下武器 (fàngxià wǔqì)",士兵被命令放下武器。,Shìbīng bèi mìnglìng fàngxià wǔqì.,به سربازان دستور داده شد سلاح‌هایشان را زمین بگذارند.,
1378,武器,wǔ qì,HSK 6,名,2,用来进行斗争或达到某种目的的有力手段（名，比喻）,ابزار قدرتمند، وسیلهٔ مبارزه (اسم؛ مجازی),名，比喻,اسم؛ مجازی,"法律武器 (fǎlǜ wǔqì), 有力武器 (yǒulì wǔqì), 思想武器 (sīxiǎng wǔqì)",消费者应该学会用法律武器保护自己。,Xiāofèizhě yīnggāi xuéhuì yòng fǎlǜ wǔqì bǎohù zìjǐ.,مصرف‌کنندگان باید یاد بگیرند با استفاده از قانون از خودشان دفاع کنند.,
1379,污水,wū shuǐ,HSK 6,名,1,受到污染、含有有害物质的水（名）,آب آلوده، فاضلاب (اسم),名,اسم,"排放污水 (páifàng wūshuǐ), 处理污水 (chǔlǐ wūshuǐ), 工业污水 (gōngyè wūshuǐ)",工厂不能把未经处理的污水排进河里。,Gōngchǎng bù néng bǎ wèi jīng chǔlǐ de wūshuǐ pái jìn hé lǐ.,کارخانه نباید فاضلاب تصفیه‌نشده را وارد رودخانه کند.,
1380,无所谓,wú suǒ wèi,HSK 6,动,1,不在乎；对某事不关心（动）,اهمیت‌ندادن، بی‌تفاوت‌بودن (فعل),动,فعل,"觉得无所谓 (juéde wúsuǒwèi), 一副无所谓的样子 (yí fù wúsuǒwèi de yàngzi), 抱着无所谓的态度 (bàozhe wúsuǒwèi de tàidu)",他对别人的批评总是一副无所谓的样子。,Tā duì biérén de pīpíng zǒng shì yí fù wúsuǒwèi de yàngzi.,او همیشه نسبت به انتقاد دیگران بی‌تفاوت است.,
1380,无所谓,wú suǒ wèi,HSK 6,动,2,没有关系；不论怎样都可以（动）,فرقی‌نداشتن، مهم‌نبودن (فعل),动,فعل,"选哪个都无所谓 (xuǎn nǎge dōu wúsuǒwèi), 早晚无所谓 (zǎowǎn wúsuǒwèi), 去不去无所谓 (qù bu qù wúsuǒwèi)",坐在哪儿都无所谓，你来决定吧。,"Zuò zài nǎr dōu wúsuǒwèi, nǐ lái juédìng ba.",فرقی ندارد کجا بنشینیم؛ تو تصمیم بگیر.,
1381,物体,wù tǐ,HSK 6,名,1,由物质构成、占有一定空间的东西（名）,جسم، شیء (اسم),名,اسم,"移动物体 (yídòng wùtǐ), 固体物体 (gùtǐ wùtǐ), 不明物体 (bùmíng wùtǐ)",这个物体的重量大约是两公斤。,Zhè ge wùtǐ de zhòngliàng dàyuē shì liǎng gōngjīn.,وزن این جسم حدود دو کیلوگرم است.,
1382,无疑,wú yí,HSK 6,副,1,没有疑问；表示非常肯定（副）,بی‌شک، بدون تردید (قید),副,قید,"无疑是 (wúyí shì), 无疑会 (wúyí huì), 无疑将成为 (wúyí jiāng chéngwéi)",这无疑是解决问题的最好办法。,Zhè wúyí shì jiějué wèntí de zuì hǎo bànfǎ.,این بی‌شک بهترین راه‌حل مشکل است.,
1383,吓,xià,HSK 6,动,1,使人或动物感到害怕（及物动）,ترساندن (فعل گذرا),及物动,فعل گذرا,"吓孩子 (xià háizi), 吓哭了 (xià kū le), 别吓我 (bié xià wǒ)",你突然大叫，吓了我一跳。,"Nǐ tūrán dàjiào, xià le wǒ yí tiào.",فریاد ناگهانی‌ات مرا ترساند.,
1383,吓,xià,HSK 6,动,2,因突然受到刺激而感到害怕（不及物动）,ترسیدن، جاخوردن (فعل ناگذر),不及物动,فعل ناگذر,"吓了一跳 (xià le yí tiào), 吓得发抖 (xià de fādǒu), 吓坏了 (xià huài le)",听到门外的声音，她吓得不敢动。,"Tīngdào ménwài de shēngyīn, tā xià de bù gǎn dòng.",با شنیدن صدای پشت در، آن‌قدر ترسید که جرئت تکان‌خوردن نداشت.,
1384,下功夫,xià gōng fu,HSK 6,动,1,为做好某件事投入较多时间和精力（不及物动）,وقت و تلاش صرف‌کردن، زحمت‌کشیدن (فعل ناگذر),不及物动,فعل ناگذر,"认真下功夫 (rènzhēn xià gōngfu), 肯下功夫 (kěn xià gōngfu), 在学习上下功夫 (zài xuéxí shang xià gōngfu)",要想学好汉语，就得在发音上下功夫。,"Yàoshi xiǎng xuéhǎo Hànyǔ, jiù děi zài fāyīn shang xià gōngfu.",برای خوب یادگرفتن چینی باید روی تلفظ وقت و تلاش بگذاری.,
1385,下单,xià dān,HSK 6,动,1,向商家提交购买商品或服务的订单（不及物动）,سفارش‌دادن، ثبت سفارش‌کردن (فعل ناگذر),不及物动,فعل ناگذر,"在线下单 (zàixiàn xiàdān), 立即下单 (lìjí xiàdān), 下单购买 (xiàdān gòumǎi)",我昨晚在网上下单买了一双鞋。,Wǒ zuówǎn zài wǎngshàng xiàdān mǎi le yì shuāng xié.,دیشب اینترنتی یک جفت کفش سفارش دادم.,
1386,夏令营,xià lìng yíng,HSK 6,名,1,在暑假期间为青少年组织的集体学习或活动项目（名）,اردوی تابستانی (اسم),名,اسم,"参加夏令营 (cānjiā xiàlìngyíng), 暑期夏令营 (shǔqī xiàlìngyíng), 举办夏令营 (jǔbàn xiàlìngyíng)",今年暑假，孩子们参加了一个科技夏令营。,"Jīnnián shǔjià, háizimen cānjiā le yí ge kējì xiàlìngyíng.",بچه‌ها امسال در تعطیلات تابستانی در یک اردوی علمی شرکت کردند.,
1387,嫌,xián,HSK 6,动,1,因不满意而认为某人或某事物不好（及物动）,بد دانستن، ایرادگرفتن از (فعل گذرا),及物动,فعل گذرا,"嫌太贵 (xián tài guì), 嫌麻烦 (xián máfan), 嫌他话多 (xián tā huà duō)",他嫌这件衣服太贵，没有买。,"Tā xián zhè jiàn yīfu tài guì, méiyǒu mǎi.",او این لباس را بیش از حد گران دانست و نخرید.,
1388,限,xiàn,HSK 6,动,1,规定范围、数量或期限，不许超过（及物动）,محدودکردن، حد تعیین‌کردن (فعل گذرا),及物动,فعل گذرا,"限三人参加 (xiàn sān rén cānjiā), 限当天使用 (xiàn dàngtiān shǐyòng), 人数不限 (rénshù bú xiàn)",每位顾客限买两张票。,Měi wèi gùkè xiàn mǎi liǎng zhāng piào.,هر مشتری فقط مجاز است دو بلیت بخرد.,
1389,线,xiàn,HSK 6,名,1,用丝、棉、金属等制成的细长物（名）,نخ، سیم (اسم),名,اسم,"一根线 (yì gēn xiàn), 线断了 (xiàn duàn le), 把线接上 (bǎ xiàn jiēshang)",这根线太细，很容易断。,"Zhè gēn xiàn tài xì, hěn róngyì duàn.",این نخ خیلی نازک است و به‌راحتی پاره می‌شود.,
1389,线,xiàn,HSK 6,名,2,画出或形成的细长痕迹；几何学中只有长度而没有宽度的图形（名）,خط (اسم),名,اسم,"画一条线 (huà yì tiáo xiàn), 沿着线剪 (yánzhe xiàn jiǎn), 两条线相交 (liǎng tiáo xiàn xiāngjiāo)",请在这两个点之间画一条线。,Qǐng zài zhè liǎng ge diǎn zhījiān huà yì tiáo xiàn.,لطفاً میان این دو نقطه یک خط بکشید.,
1389,线,xiàn,HSK 6,名,3,交通工具运行的路线（名）,خط، مسیر (اسم),名,اسم,"乘坐这条线 (chéngzuò zhè tiáo xiàn), 换一条线 (huàn yì tiáo xiàn), 地铁三号线 (dìtiě sān hào xiàn)",坐三号线可以直接到火车站。,Zuò sān hào xiàn kěyǐ zhíjiē dào huǒchēzhàn.,با خط سه می‌توان مستقیم به ایستگاه قطار رفت.,
1390,显,xiǎn,HSK 6,动,1,使人或事物看起来具有某种特点（及物动）,نشان‌دادن، به‌نظررساندن (فعل گذرا),及物动,فعل گذرا,"显年轻 (xiǎn niánqīng), 显精神 (xiǎn jīngshen), 显个子高 (xiǎn gèzi gāo)",这件衣服的颜色很显年轻。,Zhè jiàn yīfu de yánsè hěn xiǎn niánqīng.,رنگ این لباس آدم را جوان‌تر نشان می‌دهد.,
1391,险,xiǎn,HSK 6,形,1,容易发生危险；不安全（形）,خطرناک، پرخطر (صفت),形,صفت,"山路很险 (shānlù hěn xiǎn), 地势险 (dìshì xiǎn), 又陡又险 (yòu dǒu yòu xiǎn)",这段山路又窄又险，开车要特别小心。,"Zhè duàn shānlù yòu zhǎi yòu xiǎn, kāichē yào tèbié xiǎoxīn.",این بخش از جادهٔ کوهستانی هم باریک است و هم خطرناک؛ باید با احتیاط رانندگی کرد.,
1392,现存,xiàn cún,HSK 6,动,1,目前仍然保存或存在（不及物动）,موجودبودن، باقی‌ماندن (فعل ناگذر),不及物动,فعل ناگذر,"现存资料 (xiàncún zīliào), 现存建筑 (xiàncún jiànzhù), 现存最早的版本 (xiàncún zuì zǎo de bǎnběn)",这是当地现存最古老的建筑。,Zhè shì dāngdì xiàncún zuì gǔlǎo de jiànzhù.,این قدیمی‌ترین بنای باقی‌مانده در این منطقه است.,
1393,限度,xiàn dù,HSK 6,名,1,范围或数量上的最高界限（名）,حد، حد مجاز (اسم),名,اسم,"一定限度 (yídìng xiàndù), 超过限度 (chāoguò xiàndù), 最大限度 (zuìdà xiàndù)",开玩笑也要有个限度。,Kāi wánxiào yě yào yǒu ge xiàndù.,شوخی‌کردن هم باید حدی داشته باشد.,
1394,相差,xiāng chà,HSK 6,动,1,彼此有差别；相隔一定的数量、程度或距离（不及物动）,تفاوت‌داشتن، فاصله‌داشتن (فعل ناگذر),不及物动,فعل ناگذر,"相差不大 (xiāngchà bú dà), 相差十岁 (xiāngchà shí suì), 相差很远 (xiāngchà hěn yuǎn)",这两台电脑的价格相差不大。,Zhè liǎng tái diànnǎo de jiàgé xiāngchà bú dà.,قیمت این دو رایانه تفاوت زیادی ندارد.,
1395,香肠,xiāng cháng,HSK 6,名,1,把调味后的肉装进肠衣制成的食品（名）,سوسیس (اسم),名,اسم,"一根香肠 (yì gēn xiāngcháng), 烤香肠 (kǎo xiāngcháng), 自制香肠 (zìzhì xiāngcháng)",他早餐吃了面包和香肠。,Tā zǎocān chī le miànbāo hé xiāngcháng.,او برای صبحانه نان و سوسیس خورد.,
1396,相传,xiāng chuán,HSK 6,动,1,长期以来由人们互相传说（动）,روایت‌شدن، نقل‌شدن (فعل),动,فعل,"民间相传 (mínjiān xiāngchuán), 世代相传 (shìdài xiāngchuán), 相传已久 (xiāngchuán yǐ jiǔ)",相传这座桥已经有一千多年的历史。,Xiāngchuán zhè zuò qiáo yǐjīng yǒu yìqiān duō nián de lìshǐ.,روایت است که این پل بیش از هزار سال قدمت دارد.,
1397,相等,xiāng děng,HSK 6,动,1,数量、程度、大小等彼此一样（不及物动）,برابربودن، مساوی‌بودن (فعل ناگذر),不及物动,فعل ناگذر,"数值相等 (shùzhí xiāngděng), 面积相等 (miànjī xiāngděng), 大小相等 (dàxiǎo xiāngděng)",这两个房间的面积基本相等。,Zhè liǎng ge fángjiān de miànjī jīběn xiāngděng.,مساحت این دو اتاق تقریباً برابر است.,
1398,项链,xiàng liàn,HSK 6,名,1,戴在脖子上的链状装饰品（名）,گردنبند (اسم),名,اسم,"一条项链 (yì tiáo xiàngliàn), 戴项链 (dài xiàngliàn), 金项链 (jīn xiàngliàn)",她戴着一条漂亮的项链。,Tā dàizhe yì tiáo piàoliang de xiàngliàn.,او گردنبند زیبایی به گردن داشت.,
1399,相连,xiāng lián,HSK 6,动,1,彼此连接在一起（不及物动）,به‌هم‌متصل‌بودن، پیوسته‌بودن (فعل ناگذر),不及物动,فعل ناگذر,"彼此相连 (bǐcǐ xiānglián), 紧密相连 (jǐnmì xiānglián), 与道路相连 (yǔ dàolù xiānglián)",这两个房间由一扇门相连。,Zhè liǎng ge fángjiān yóu yí shàn mén xiānglián.,این دو اتاق با یک در به هم متصل شده‌اند.,
1400,象棋,xiàng qí,HSK 6,名,1,一种双方各用十六个棋子在棋盘上对弈的中国传统棋类游戏（名）,شطرنج چینی (اسم),名,اسم,"下象棋 (xià xiàngqí), 象棋比赛 (xiàngqí bǐsài), 象棋高手 (xiàngqí gāoshǒu)",爷爷常在公园里和朋友下象棋。,Yéye cháng zài gōngyuán lǐ hé péngyou xià xiàngqí.,پدربزرگ اغلب در پارک با دوستانش شطرنج چینی بازی می‌کند.,
1401,相声,xiàng sheng,HSK 6,名,1,一种以说、学、逗、唱等方式表演的中国曲艺形式（名）,شیانگ‌شِنگ، نمایش کمدی گفتاری چینی (اسم),名,اسم,"说相声 (shuō xiàngsheng), 相声演员 (xiàngsheng yǎnyuán), 相声表演 (xiàngsheng biǎoyǎn)",这位相声演员的表演非常幽默。,Zhè wèi xiàngsheng yǎnyuán de biǎoyǎn fēicháng yōumò.,اجرای این هنرمند شیانگ‌شنگ بسیار خنده‌دار است.,
1402,香水,xiāng shuǐ,HSK 6,名,1,由香料、酒精等制成，喷洒后能散发香味的液体（名）,عطر (اسم),名,اسم,"喷香水 (pēn xiāngshuǐ), 一瓶香水 (yì píng xiāngshuǐ), 香水味 (xiāngshuǐ wèi)",她出门前喷了一点儿香水。,Tā chūmén qián pēn le yìdiǎnr xiāngshuǐ.,او پیش از بیرون‌رفتن کمی عطر زد.,
1403,向往,xiàng wǎng,HSK 6,动,1,因喜爱或羡慕而希望得到或达到（及物动）,آرزوی چیزی را داشتن، مشتاق چیزی بودن (فعل گذرا),及物动,فعل گذرا,"向往自由 (xiàngwǎng zìyóu), 向往和平 (xiàngwǎng hépíng), 令人向往 (lìng rén xiàngwǎng)",她一直向往安静的乡村生活。,Tā yìzhí xiàngwǎng ānjìng de xiāngcūn shēnghuó.,او همیشه آرزوی زندگی آرام روستایی را داشته است.,
1404,相应,xiāng yìng,HSK 6,动,1,彼此适合、配合或存在对应关系（不及物动）,مطابقت‌داشتن، متناسب‌بودن (فعل ناگذر),不及物动,فعل ناگذر,"互相对应 (hùxiāng duìyìng), 与需求相应 (yǔ xūqiú xiāngyìng), 前后相应 (qiánhòu xiāngyìng)",工资应该与工作量相应。,Gōngzī yīnggāi yǔ gōngzuòliàng xiāngyìng.,حقوق باید با حجم کار متناسب باشد.,
1404,相应,xiāng yìng,HSK 6,形,2,与某种情况、要求或变化相配套的（形）,مربوط، متناسب، مقتضی (صفت),形,صفت,"相应措施 (xiāngyìng cuòshī), 相应调整 (xiāngyìng tiáozhěng), 相应责任 (xiāngyìng zérèn)",公司将根据市场变化作出相应调整。,Gōngsī jiāng gēnjù shìchǎng biànhuà zuòchū xiāngyìng tiáozhěng.,شرکت متناسب با تغییرات بازار اصلاحات لازم را انجام خواهد داد.,
1405,现货,xiàn huò,HSK 6,名,1,目前已有、可以立即交付的商品（名）,کالای موجود، موجودی آماده (اسم),名,اسم,"现货供应 (xiànhuò gōngyìng), 现货交易 (xiànhuò jiāoyì), 现货充足 (xiànhuò chōngzú)",这款手机有现货，今天就可以发货。,"Zhè kuǎn shǒujī yǒu xiànhuò, jīntiān jiù kěyǐ fāhuò.",این مدل گوشی موجود است و همین امروز می‌توان آن را ارسال کرد.,
1406,鲜明,xiān míng,HSK 6,形,1,颜色明亮、醒目（形）,روشن، زنده، چشمگیر (صفت),形,صفت,"色彩鲜明 (sècǎi xiānmíng), 对比鲜明 (duìbǐ xiānmíng), 颜色鲜明 (yánsè xiānmíng)",这幅画色彩鲜明，很有吸引力。,"Zhè fú huà sècǎi xiānmíng, hěn yǒu xīyǐnlì.",رنگ‌های این نقاشی زنده و بسیار جذاب‌اند.,
1406,鲜明,xiān míng,HSK 6,形,2,观点、态度或特点清楚而突出（形）,روشن، مشخص، برجسته (صفت),形,صفت,"态度鲜明 (tàidu xiānmíng), 立场鲜明 (lìchǎng xiānmíng), 特点鲜明 (tèdiǎn xiānmíng)",他在这个问题上的立场十分鲜明。,Tā zài zhè ge wèntí shàng de lìchǎng shífēn xiānmíng.,موضع او دربارهٔ این موضوع کاملاً روشن است.,
1407,先前,xiān qián,HSK 6,名,1,现在以前的一段时间；以前（名）,پیش‌تر، قبلاً (اسم),名,اسم,"先前的计划 (xiānqián de jìhuà), 先前的经验 (xiānqián de jīngyàn), 和先前一样 (hé xiānqián yíyàng)",这里和我先前想象的完全不同。,Zhèlǐ hé wǒ xiānqián xiǎngxiàng de wánquán bùtóng.,اینجا با چیزی که قبلاً تصور می‌کردم کاملاً متفاوت است.,
1408,陷入,xiàn rù,HSK 6,动,1,进入不利、困难或难以摆脱的状态（及物动）,گرفتارشدن، فرورفتن در (فعل ناگذر),及物动,فعل ناگذر,"陷入困境 (xiànrù kùnjìng), 陷入危机 (xiànrù wēijī), 陷入沉思 (xiànrù chénsī)",由于资金不足，公司陷入了困境。,"Yóuyú zījīn bùzú, gōngsī xiànrù le kùnjìng.",شرکت به‌دلیل کمبود بودجه گرفتار مشکل شد.,
1409,线索,xiàn suǒ,HSK 6,名,1,可以帮助了解情况、查明问题或寻找答案的事物（名）,سرنخ (اسم),名,اسم,"重要线索 (zhòngyào xiànsuǒ), 提供线索 (tígōng xiànsuǒ), 寻找线索 (xúnzhǎo xiànsuǒ)",警方根据这条线索找到了嫌疑人。,Jǐngfāng gēnjù zhè tiáo xiànsuǒ zhǎodào le xiányírén.,پلیس با استفاده از این سرنخ فرد مظنون را پیدا کرد.,
1410,鲜艳,xiān yàn,HSK 6,形,1,颜色明亮而美丽（形）,خوش‌رنگ، درخشان، زنده (صفت),形,صفت,"颜色鲜艳 (yánsè xiānyàn), 色彩鲜艳 (sècǎi xiānyàn), 鲜艳的花朵 (xiānyàn de huāduǒ)",她穿着一件颜色鲜艳的裙子。,Tā chuānzhe yí jiàn yánsè xiānyàn de qúnzi.,او پیراهنی با رنگ‌های شاد و درخشان پوشیده بود.,
1411,限于,xiàn yú,HSK 6,动,1,限定在某个范围之内（及物动）,محدودبودن به (فعل ناگذر),及物动,فعل ناگذر,"限于内部使用 (xiànyú nèibù shǐyòng), 不限于此 (bù xiànyú cǐ), 范围限于 (fànwéi xiànyú)",这次活动只限于本校学生参加。,Zhè cì huódòng zhǐ xiànyú běnxiào xuésheng cānjiā.,شرکت در این برنامه فقط به دانش‌آموزان همین مدرسه محدود است.,
1411,限于,xiàn yú,HSK 6,动,2,受到某种条件的限制（及物动）,به‌دلیلِ محدودیتِ (فعل),及物动,فعل,"限于时间 (xiànyú shíjiān), 限于条件 (xiànyú tiáojiàn), 限于篇幅 (xiànyú piānfú)",限于时间，我们今天只能讨论这两个问题。,"Xiànyú shíjiān, wǒmen jīntiān zhǐ néng tǎolùn zhè liǎng ge wèntí.",به‌دلیل محدودیت وقت، امروز فقط می‌توانیم این دو موضوع را بررسی کنیم.,
1412,显著,xiǎn zhù,HSK 6,形,1,非常明显；引人注目（形）,چشمگیر، قابل‌توجه، آشکار (صفت),形,صفت,"效果显著 (xiàoguǒ xiǎnzhù), 显著提高 (xiǎnzhù tígāo), 显著差异 (xiǎnzhù chāyì)",采用新方法后，工作效率显著提高了。,"Cǎiyòng xīn fāngfǎ hòu, gōngzuò xiàolǜ xiǎnzhù tígāo le.",پس از استفاده از روش جدید، بازده کار به‌طور چشمگیری افزایش یافت.,
1413,消除,xiāo chú,HSK 6,动,1,使不利的事物、状态或影响不再存在（及物动）,برطرف‌کردن، ازبین‌بردن (فعل گذرا),及物动,فعل گذرا,"消除误解 (xiāochú wùjiě), 消除顾虑 (xiāochú gùlǜ), 消除影响 (xiāochú yǐngxiǎng)",这次谈话消除了我们之间的误解。,Zhè cì tánhuà xiāochú le wǒmen zhījiān de wùjiě.,این گفت‌وگو سوءتفاهم میان ما را برطرف کرد.,
1414,消毒,xiāo dú,HSK 6,动,1,用物理或化学方法杀死有害微生物（及物动）,ضدعفونی‌کردن (فعل گذرا),及物动,فعل گذرا,"消毒伤口 (xiāodú shāngkǒu), 彻底消毒 (chèdǐ xiāodú), 定期消毒 (dìngqī xiāodú)",护士先给伤口消了毒。,Hùshi xiān gěi shāngkǒu xiāo le dú.,پرستار ابتدا زخم را ضدعفونی کرد.,
1415,消防,xiāo fáng,HSK 6,名,1,预防和扑灭火灾的工作（名）,آتش‌نشانی و پیشگیری از حریق (اسم),名,اسم,"消防安全 (xiāofáng ānquán), 消防设施 (xiāofáng shèshī), 消防工作 (xiāofáng gōngzuò)",商场必须定期检查消防设施。,Shāngchǎng bìxū dìngqī jiǎnchá xiāofáng shèshī.,مرکز خرید باید تجهیزات آتش‌نشانی را مرتب بررسی کند.,
1416,消耗,xiāo hào,HSK 6,动,1,因使用或活动而逐渐减少人力、物力、能量等（及物动）,مصرف‌کردن، تحلیل‌بردن (فعل گذرا),及物动,فعل گذرا,"消耗体力 (xiāohào tǐlì), 消耗能源 (xiāohào néngyuán), 消耗大量时间 (xiāohào dàliàng shíjiān)",长时间工作会消耗大量体力。,Cháng shíjiān gōngzuò huì xiāohào dàliàng tǐlì.,کار طولانی‌مدت نیروی جسمی زیادی مصرف می‌کند.,
1416,消耗,xiāo hào,HSK 6,名,2,人力、物力、能量等的耗费（名）,مصرف، اتلاف (اسم),名,اسم,"减少消耗 (jiǎnshǎo xiāohào), 能源消耗 (néngyuán xiāohào), 体力消耗 (tǐlì xiāohào)",这种设备可以减少能源消耗。,Zhè zhǒng shèbèi kěyǐ jiǎnshǎo néngyuán xiāohào.,این دستگاه می‌تواند مصرف انرژی را کاهش دهد.,
1417,小麦,xiǎo mài,HSK 6,名,1,一种重要的粮食作物，籽粒可磨成面粉（名）,گندم (اسم),名,اسم,"种植小麦 (zhòngzhí xiǎomài), 小麦产量 (xiǎomài chǎnliàng), 一片小麦 (yí piàn xiǎomài)",这一带主要种植小麦和玉米。,Zhè yí dài zhǔyào zhòngzhí xiǎomài hé yùmǐ.,در این منطقه بیشتر گندم و ذرت کشت می‌شود.,
1418,消灭,xiāo miè,HSK 6,动,1,使人、动物或有害事物彻底不存在（及物动）,نابودکردن، ریشه‌کن‌کردن (فعل گذرا),及物动,فعل گذرا,"消灭敌人 (xiāomiè dírén), 消灭害虫 (xiāomiè hàichóng), 消灭病菌 (xiāomiè bìngjūn)",这种药能有效消灭害虫。,Zhè zhǒng yào néng yǒuxiào xiāomiè hàichóng.,این سم می‌تواند آفت‌ها را به‌طور مؤثر از بین ببرد.,
1419,小气,xiǎo qi,HSK 6,形,1,过分看重钱财，不愿意花钱或给别人东西（形）,خسیس، دست‌تنگ (صفت),形,صفت,"为人小气 (wéirén xiǎoqi), 太小气 (tài xiǎoqi), 一点儿也不小气 (yìdiǎnr yě bù xiǎoqi)",他请客时从不小气。,Tā qǐngkè shí cóng bù xiǎoqi.,او هنگام مهمانی‌دادن هرگز خساست به خرج نمی‌دهد.,
1419,小气,xiǎo qi,HSK 6,形,2,心胸狭窄，容易为小事计较或生气（形）,کم‌ظرفیت، تنگ‌نظر (صفت),形,صفت,"别那么小气 (bié nàme xiǎoqi), 显得小气 (xiǎnde xiǎoqi), 小气的人 (xiǎoqi de rén)",大家只是开个玩笑，你别那么小气。,"Dàjiā zhǐshì kāi ge wánxiào, nǐ bié nàme xiǎoqi.",همه فقط شوخی کردند؛ این‌قدر کم‌ظرفیت نباش.,
1420,笑容,xiào róng,HSK 6,名,1,微笑时脸上表现出的神情（名）,لبخند (اسم),名,اسم,"露出笑容 (lùchū xiàoróng), 满脸笑容 (mǎnliǎn xiàoróng), 幸福的笑容 (xìngfú de xiàoróng)",听到这个好消息，她脸上露出了笑容。,"Tīngdào zhè ge hǎo xiāoxi, tā liǎnshang lùchū le xiàoróng.",با شنیدن این خبر خوب، لبخند بر چهره‌اش نشست.,
1421,小偷儿,xiǎo tōur,HSK 6,名,1,偷别人财物的人（名）,دزد (اسم),名,اسم,"抓住小偷儿 (zhuāzhù xiǎotōur), 发现小偷儿 (fāxiàn xiǎotōur), 当心小偷儿 (dāngxīn xiǎotōur)",警察很快就抓住了那个小偷儿。,Jǐngchá hěn kuài jiù zhuāzhù le nàge xiǎotōur.,پلیس خیلی زود آن دزد را گرفت.,
1422,效应,xiào yìng,HSK 6,名,1,某种因素或作用产生的特定结果或影响（名）,اثر، پیامد (اسم),名,اسم,"产生效应 (chǎnshēng xiàoyìng), 社会效应 (shèhuì xiàoyìng), 积极效应 (jījí xiàoyìng)",这项政策产生了积极的社会效应。,Zhè xiàng zhèngcè chǎnshēng le jījí de shèhuì xiàoyìng.,این سیاست آثار اجتماعی مثبتی به همراه داشت.,
1423,下线,xià xiàn,HSK 6,动,1,退出网络或停止保持在线状态（不及物动）,آفلاین‌شدن، از اینترنت خارج‌شدن (فعل ناگذر),不及物动,فعل ناگذر,"突然下线 (tūrán xiàxiàn), 自动下线 (zìdòng xiàxiàn), 已经下线 (yǐjīng xiàxiàn)",他刚说了几句话就突然下线了。,Tā gāng shuō le jǐ jù huà jiù tūrán xiàxiàn le.,او پس از گفتن چند جمله ناگهان آفلاین شد.,
1423,下线,xià xiàn,HSK 6,动,2,产品在生产线上完成制造（不及物动）,از خط تولید خارج‌شدن (فعل ناگذر),不及物动,فعل ناگذر,"新车下线 (xīnchē xiàxiàn), 正式下线 (zhèngshì xiàxiàn), 首批产品下线 (shǒupī chǎnpǐn xiàxiàn)",首批新车已经正式下线。,Shǒupī xīnchē yǐjīng zhèngshì xiàxiàn.,نخستین سری خودروهای جدید رسماً از خط تولید خارج شده‌اند.,
1424,下旬,xià xún,HSK 6,名,1,一个月的二十一日到月底这段时间（名）,دههٔ آخر ماه (اسم),名,اسم,"本月下旬 (běnyuè xiàxún), 四月下旬 (sì yuè xiàxún), 下旬开始 (xiàxún kāishǐ)",会议将在九月下旬举行。,Huìyì jiāng zài jiǔ yuè xiàxún jǔxíng.,جلسه در دههٔ آخر سپتامبر برگزار خواهد شد.,
1425,细胞,xì bāo,HSK 6,名,1,构成生物体结构和功能的基本单位（名）,سلول (اسم),名,اسم,"人体细胞 (réntǐ xìbāo), 细胞分裂 (xìbāo fēnliè), 破坏细胞 (pòhuài xìbāo)",人体由大量不同种类的细胞组成。,Réntǐ yóu dàliàng bùtóng zhǒnglèi de xìbāo zǔchéng.,بدن انسان از شمار زیادی سلول گوناگون تشکیل شده است.,
1425,细胞,xì bāo,HSK 6,名,2,构成某个社会组织或整体的基本单位（名，比喻）,واحد بنیادی (اسم؛ مجازی),名，比喻,اسم؛ مجازی,"社会的细胞 (shèhuì de xìbāo), 组织的细胞 (zǔzhī de xìbāo), 基本细胞 (jīběn xìbāo)",家庭常被看作社会的基本细胞。,Jiātíng cháng bèi kànzuò shèhuì de jīběn xìbāo.,خانواده اغلب واحد بنیادی جامعه دانسته می‌شود.,
1426,歇,xiē,HSK 6,动,1,停止工作或活动，暂时休息（不及物动）,استراحت‌کردن، نفسی تازه‌کردن (فعل ناگذر),不及物动,فعل ناگذر,"歇一会儿 (xiē yíhuìr), 歇几分钟 (xiē jǐ fēnzhōng), 坐下歇歇 (zuòxia xiēxie)",你走了这么久，坐下来歇一会儿吧。,"Nǐ zǒu le zhème jiǔ, zuòxia lái xiē yíhuìr ba.",این‌همه راه رفته‌ای؛ بنشین و کمی استراحت کن.,
1427,携带,xié dài,HSK 6,动,1,随身带着人、物品或某种物质（及物动）,همراه‌داشتن، با خود بردن (فعل گذرا),及物动,فعل گذرا,"随身携带 (suíshēn xiédài), 携带证件 (xiédài zhèngjiàn), 禁止携带 (jìnzhǐ xiédài)",乘车时请随身携带有效证件。,Chéngchē shí qǐng suíshēn xiédài yǒuxiào zhèngjiàn.,هنگام سفر با وسیلهٔ نقلیه، مدرک معتبر همراه داشته باشید.,
1428,协会,xié huì,HSK 6,名,1,由具有共同目标、兴趣或职业的人组成的团体（名）,انجمن (اسم),名,اسم,"成立协会 (chénglì xiéhuì), 加入协会 (jiārù xiéhuì), 行业协会 (hángyè xiéhuì)",她去年加入了当地的摄影协会。,Tā qùnián jiārù le dāngdì de shèyǐng xiéhuì.,او سال گذشته به انجمن عکاسی محلی پیوست.,
1429,协调,xié tiáo,HSK 6,动,1,使有关方面配合得适当（及物动）,هماهنگ‌کردن (فعل گذرا),及物动,فعل گذرا,"协调工作 (xiétiáo gōngzuò), 协调关系 (xiétiáo guānxì), 协调各方 (xiétiáo gèfāng)",他负责协调各部门之间的工作。,Tā fùzé xiétiáo gè bùmén zhījiān de gōngzuò.,او مسئول هماهنگ‌کردن کار میان بخش‌های مختلف است.,
1429,协调,xié tiáo,HSK 6,形,2,配合得适当；和谐一致（形）,هماهنگ، متناسب (صفت),形,صفت,"动作协调 (dòngzuò xiétiáo), 配合协调 (pèihé xiétiáo), 发展协调 (fāzhǎn xiétiáo)",这座建筑的颜色与周围环境很协调。,Zhè zuò jiànzhù de yánsè yǔ zhōuwéi huánjì hěn xiétiáo.,رنگ این ساختمان با محیط اطراف بسیار هماهنگ است.,
1430,协助,xié zhù,HSK 6,动,1,帮助别人完成某项工作或任务（及物动）,کمک‌کردن، همکاری‌کردن با (فعل گذرا),及物动,فعل گذرا,"协助调查 (xiézhù diàochá), 协助完成 (xiézhù wánchéng), 从旁协助 (cóngpáng xiézhù)",请你协助我们完成这项调查。,Qǐng nǐ xiézhù wǒmen wánchéng zhè xiàng diàochá.,لطفاً برای تکمیل این تحقیق به ما کمک کن.,
1431,媳妇,xí fu,HSK 6,名,1,儿子的妻子（名）,عروس خانواده، زنِ پسر (اسم),名,اسم,"儿子和媳妇 (érzi hé xífu), 新媳妇 (xīn xífu), 对媳妇很好 (duì xífu hěn hǎo)",她和儿子、媳妇住在一起。,Tā hé érzi、xífu zhù zài yìqǐ.,او با پسر و عروسش زندگی می‌کند.,
1431,媳妇,xí fu,HSK 6,名,2,妻子（名，北方口语）,همسر، زن (اسم؛ گفتاری در شمال چین),名，北方口语,اسم؛ گفتاری در شمال چین,"我媳妇 (wǒ xífu), 他媳妇 (tā xífu), 娶媳妇 (qǔ xífu)",我媳妇今天加班，晚点儿回来。,"Wǒ xífu jīntiān jiābān, wǎndiǎnr huílai.",همسرم امروز اضافه‌کاری دارد و کمی دیرتر برمی‌گردد.,
1432,喜剧,xǐ jù,HSK 6,名,1,以幽默、夸张等手法使人发笑，通常结局圆满的戏剧或影视作品（名）,کمدی، اثر کمدی (اسم),名,اسم,"喜剧电影 (xǐjù diànyǐng), 喜剧演员 (xǐjù yǎnyuán), 一部喜剧 (yí bù xǐjù)",这是一部轻松幽默的爱情喜剧。,Zhè shì yí bù qīngsōng yōumò de àiqíng xǐjù.,این یک کمدی عاشقانهٔ مفرح و خنده‌دار است.,
1433,细菌,xì jūn,HSK 6,名,1,一类形体微小的单细胞微生物（名）,باکتری (اسم),名,اسم,"有害细菌 (yǒuhài xìjūn), 杀死细菌 (shāsǐ xìjūn), 细菌感染 (xìjūn gǎnrǎn)",高温可以杀死食物中的部分细菌。,Gāowēn kěyǐ shāsǐ shíwù zhōng de bùfen xìjūn.,دمای بالا می‌تواند بخشی از باکتری‌های موجود در غذا را از بین ببرد.,
1434,系列,xì liè,HSK 6,名,1,相互关联、具有共同特点的一组事物（名）,مجموعه، سری (اسم),名,اسم,"一系列问题 (yí xìliè wèntí), 系列产品 (xìliè chǎnpǐn), 系列活动 (xìliè huódòng)",公司推出了一系列新产品。,Gōngsī tuīchū le yí xìliè xīn chǎnpǐn.,شرکت مجموعه‌ای از محصولات جدید عرضه کرد.,
1435,心爱,xīn ài,HSK 6,形,1,从心里非常喜爱和珍惜的（形）,محبوب، عزیز، دوست‌داشتنی (صفت),形,صفت,"心爱的人 (xīn’ài de rén), 心爱的礼物 (xīn’ài de lǐwù), 心爱的玩具 (xīn’ài de wánjù)",孩子不小心弄丢了心爱的玩具。,Háizi bù xiǎoxīn nòngdiū le xīn’ài de wánjù.,کودک ناخواسته اسباب‌بازی محبوبش را گم کرد.,
1436,心底,xīn dǐ,HSK 6,名,1,内心深处（名）,ته دل، اعماق دل (اسم),名,اسم,"从心底感谢 (cóng xīndǐ gǎnxiè), 心底深处 (xīndǐ shēnchù), 埋在心底 (mái zài xīndǐ)",我从心底感谢你对我的帮助。,Wǒ cóng xīndǐ gǎnxiè nǐ duì wǒ de bāngzhù.,از ته دل بابت کمکت از تو سپاسگزارم.,
1437,型号,xíng hào,HSK 6,名,1,用来区别同类产品在规格、性能等方面差异的编号或名称（名）,مدل (اسم),名,اسم,"产品型号 (chǎnpǐn xínghào), 不同型号 (bùtóng xínghào), 核对型号 (héduì xínghào)",购买零件前，请先确认机器的型号。,"Gòumǎi língjiàn qián, qǐng xiān quèrèn jīqì de xínghào.",پیش از خرید قطعه، ابتدا مدل دستگاه را بررسی کنید.,
1438,性价比,xìng jià bǐ,HSK 6,名,1,商品的性能、质量与价格之间的比较关系（名）,ارزش خرید، نسبت کیفیت به قیمت (اسم),名,اسم,"性价比高 (xìngjiàbǐ gāo), 性价比低 (xìngjiàbǐ dī), 提高性价比 (tígāo xìngjiàbǐ)",这款电脑价格不高，性价比很好。,"Zhè kuǎn diànnǎo jiàgé bù gāo, xìngjiàbǐ hěn hǎo.",قیمت این رایانه زیاد نیست و ارزش خرید بالایی دارد.,
1439,性能,xìng néng,HSK 6,名,1,机器、设备、材料等所具有的功能和表现（名）,عملکرد، قابلیت (اسم),名,اسم,"产品性能 (chǎnpǐn xìngnéng), 性能稳定 (xìngnéng wěndìng), 提高性能 (tígāo xìngnéng)",新手机的性能比上一代提高了很多。,Xīn shǒujī de xìngnéng bǐ shàng yí dài tígāo le hěn duō.,عملکرد گوشی جدید نسبت به نسل قبلی بسیار بهتر شده است.,
1440,兴起,xīng qǐ,HSK 6,动,1,某种事物开始出现并逐渐发展、流行或强盛（不及物动）,رواج‌یافتن، رونق‌گرفتن، پدیدآمدن (فعل ناگذر),不及物动,فعل ناگذر,"逐渐兴起 (zhújiàn xīngqǐ), 迅速兴起 (xùnsù xīngqǐ), 在各地兴起 (zài gèdì xīngqǐ)",近年来，露营在年轻人中逐渐兴起。,"Jìnnián lái, lùyíng zài niánqīngrén zhōng zhújiàn xīngqǐ.",در سال‌های اخیر کمپینگ به‌تدریج میان جوانان رواج یافته است.,
1441,形态,xíng tài,HSK 6,名,1,事物的形状、结构或表现形式（名）,شکل، ساختار، حالت (اسم),名,اسم,"不同形态 (bùtóng xíngtài), 形态各异 (xíngtài gèyì), 生命形态 (shēngmìng xíngtài)",这些植物的形态各不相同。,Zhèxiē zhíwù de xíngtài gè bù xiāngtóng.,شکل این گیاهان با یکدیگر متفاوت است.,
1442,新款,xīn kuǎn,HSK 6,名,1,新设计或新推出的商品款式（名）,مدل جدید، طرح جدید (اسم),名,اسم,"今年的新款 (jīnnián de xīnkuǎn), 最新款 (zuìxīn kuǎn), 推出新款 (tuīchū xīnkuǎn)",这款手机是今年刚推出的新款。,Zhè kuǎn shǒujī shì jīnnián gāng tuīchū de xīnkuǎn.,این گوشی مدل جدیدی است که امسال به بازار عرضه شده است.,
1443,信赖,xìn lài,HSK 6,动,1,信任并依靠（及物动）,اعتمادکردن به، اطمینان‌داشتن به (فعل گذرا),及物动,فعل گذرا,"值得信赖 (zhíde xìnlài), 深受信赖 (shēn shòu xìnlài), 信赖朋友 (xìnlài péngyou)",他认真负责，深受同事们的信赖。,"Tā rènzhēn fùzé, shēn shòu tóngshìmen de xìnlài.",او جدی و مسئولیت‌پذیر است و همکارانش اعتماد زیادی به او دارند.,
1444,心灵,xīn líng,HSK 6,名,1,人的思想、感情和内心世界（名）,روح و روان، درون (اسم),名,اسم,"心灵深处 (xīnlíng shēnchù), 美好心灵 (měihǎo xīnlíng), 心灵受到伤害 (xīnlíng shòudào shānghài)",音乐能给人的心灵带来安慰。,Yīnyuè néng gěi rén de xīnlíng dàilái ānwèi.,موسیقی می‌تواند به روح انسان آرامش بدهد.,
1445,新媒体,xīn méi tǐ,HSK 6,名,1,依靠互联网和数字技术传播信息的新型媒体（名）,رسانهٔ نوین، رسانهٔ دیجیتال (اسم),名,اسم,"新媒体平台 (xīn méitǐ píngtái), 新媒体时代 (xīn méitǐ shídài), 利用新媒体 (lìyòng xīn méitǐ)",越来越多的公司利用新媒体宣传产品。,Yuèláiyuè duō de gōngsī lìyòng xīn méitǐ xuānchuán chǎnpǐn.,شرکت‌های بیشتری برای تبلیغ محصولاتشان از رسانه‌های دیجیتال استفاده می‌کنند.,
1446,心目,xīn mù,HSK 6,名,1,内心的看法或印象，常用于“在……心目中”（名）,ذهن، تصور (اسم),名,اسم,"在我心目中 (zài wǒ xīnmù zhōng), 心目中的英雄 (xīnmù zhōng de yīngxióng), 在公众心目中 (zài gōngzhòng xīnmù zhōng)",在孩子心目中，父亲一直是他的英雄。,"Zài háizi xīnmù zhōng, fùqīn yìzhí shì tā de yīngxióng.",در ذهن این کودک، پدرش همیشه قهرمان او بوده است.,
1447,新能源,xīn néng yuán,HSK 6,名,1,不同于传统化石能源、正在开发利用的新型能源（名）,انرژی نو (اسم),名,اسم,"开发新能源 (kāifā xīn néngyuán), 新能源产业 (xīn néngyuán chǎnyè), 新能源汽车 (xīn néngyuán qìchē)",许多国家正在大力发展新能源。,Xǔduō guójiā zhèngzài dàlì fāzhǎn xīn néngyuán.,بسیاری از کشورها در حال توسعهٔ گستردهٔ انرژی‌های نو هستند.,
1448,信念,xìn niàn,HSK 6,名,1,自己确信并愿意坚持的看法或主张（名）,باور، اعتقاد راسخ (اسم),名,اسم,"坚定信念 (jiāndìng xìnniàn), 坚持信念 (jiānchí xìnniàn), 共同信念 (gòngtóng xìnniàn)",无论遇到什么困难，他都没有放弃自己的信念。,"Wúlùn yùdào shénme kùnnan, tā dōu méiyǒu fàngqì zìjǐ de xìnniàn.",او با وجود تمام دشواری‌ها از باور خود دست نکشید.,
1449,薪水,xīn shui,HSK 6,名,1,单位定期付给劳动者的报酬（名）,حقوق، دستمزد (اسم),名,اسم,"领薪水 (lǐng xīnshui), 涨薪水 (zhǎng xīnshui), 薪水不高 (xīnshui bù gāo)",虽然这份工作的薪水不高，但他很喜欢。,"Suīrán zhè fèn gōngzuò de xīnshui bù gāo, dàn tā hěn xǐhuan.",با اینکه حقوق این شغل زیاد نیست، او آن را خیلی دوست دارد.,
1450,心疼,xīn téng,HSK 6,动,1,因喜爱、怜惜或同情某人而感到难过（及物动）,دل‌سوزاندن برای، دل‌نگران‌شدن برای (فعل گذرا),及物动,فعل گذرا,"心疼孩子 (xīnténg háizi), 让人心疼 (ràng rén xīnténg), 看着都心疼 (kànzhe dōu xīnténg)",看到孩子生病，她心疼得睡不着觉。,"Kàndào háizi shēngbìng, tā xīnténg de shuì bù zháo jiào.",دیدن بیماری فرزندش آن‌قدر ناراحتش کرد که نتوانست بخوابد.,
1450,心疼,xīn téng,HSK 6,动,2,因钱财、物品等被花费或损坏而舍不得（及物动）,حیف‌دانستن، دل‌سوختن برای (فعل گذرا),及物动,فعل گذرا,"心疼钱 (xīnténg qián), 心疼东西 (xīnténg dōngxi), 一点儿也不心疼 (yìdiǎnr yě bù xīnténg)",这么贵的衣服只穿一次，我都替你心疼。,"Zhème guì de yīfu zhǐ chuān yí cì, wǒ dōu tì nǐ xīnténg.",حیف است چنین لباس گرانی را فقط یک بار بپوشی.,
1451,新兴,xīn xīng,HSK 6,形,1,最近产生或发展起来的（形）,نوظهور، نوپا (صفت),形,صفت,"新兴产业 (xīnxīng chǎnyè), 新兴市场 (xīnxīng shìchǎng), 新兴技术 (xīnxīng jìshù)",人工智能已经成为一个重要的新兴产业。,Réngōng zhìnéng yǐjīng chéngwéi yí ge zhòngyào de xīnxīng chǎnyè.,هوش مصنوعی به یکی از صنایع مهم نوظهور تبدیل شده است.,
1452,新颖,xīn yǐng,HSK 6,形,1,新鲜而有创意，不同于一般事物（形）,تازه، نوآورانه، بدیع (صفت),形,صفت,"设计新颖 (shèjì xīnyǐng), 形式新颖 (xíngshì xīnyǐng), 观点新颖 (guāndiǎn xīnyǐng)",这款产品设计新颖，使用起来也很方便。,"Zhè kuǎn chǎnpǐn shèjì xīnyǐng, shǐyòng qǐlai yě hěn fāngbiàn.",طراحی این محصول نوآورانه است و استفاده از آن نیز بسیار راحت است.,
1453,心愿,xīn yuàn,HSK 6,名,1,内心希望实现的愿望（名）,آرزو، خواستهٔ قلبی (اسم),名,اسم,"实现心愿 (shíxiàn xīnyuàn), 满足心愿 (mǎnzú xīnyuàn), 最大的心愿 (zuìdà de xīnyuàn)",她最大的心愿是家人平安健康。,Tā zuìdà de xīnyuàn shì jiārén píng’ān jiànkāng.,بزرگ‌ترین آرزوی او سلامتی و آرامش خانواده‌اش است.,
1454,心脏,xīn zàng,HSK 6,名,1,推动血液循环的主要器官（名）,قلب (اسم),名,اسم,"心脏健康 (xīnzàng jiànkāng), 心脏功能 (xīnzàng gōngnéng), 保护心脏 (bǎohù xīnzàng)",经常运动有助于保持心脏健康。,Jīngcháng yùndòng yǒuzhùyú bǎochí xīnzàng jiànkāng.,ورزش منظم به حفظ سلامت قلب کمک می‌کند.,
1455,胸,xiōng,HSK 6,名,1,身体前面颈和腹之间的部位（名）,سینه، قفسهٔ سینه (اسم),名,اسم,"捂住胸 (wǔzhù xiōng), 胸疼 (xiōng téng), 双手抱在胸前 (shuāngshǒu bào zài xiōngqián)",他突然觉得胸有点儿疼。,Tā tūrán juéde xiōng yǒudiǎnr téng.,او ناگهان کمی در سینه‌اش احساس درد کرد.,
1456,戏曲,xì qǔ,HSK 6,名,1,融合唱、念、做、打等表演形式的中国传统戏剧艺术（名）,اپرای سنتی چینی، نمایش موزیکال سنتی چین (اسم),名,اسم,"传统戏曲 (chuántǒng xìqǔ), 戏曲表演 (xìqǔ biǎoyǎn), 戏曲艺术 (xìqǔ yìshù)",爷爷年轻时很喜欢看传统戏曲。,Yéye niánqīng shí hěn xǐhuan kàn chuántǒng xìqǔ.,پدربزرگ در جوانی علاقهٔ زیادی به تماشای اپرای سنتی چینی داشت.,
1457,吸取,xī qǔ,HSK 6,动,1,吸收并取得水分、营养等（及物动）,جذب‌کردن (فعل گذرا),及物动,فعل گذرا,"吸取水分 (xīqǔ shuǐfèn), 吸取营养 (xīqǔ yíngyǎng), 从土壤中吸取 (cóng tǔrǎng zhōng xīqǔ)",植物通过根部从土壤中吸取水分。,Zhíwù tōngguò gēnbù cóng tǔrǎng zhōng xīqǔ shuǐfèn.,گیاهان از طریق ریشه‌هایشان آب را از خاک جذب می‌کنند.,
1457,吸取,xī qǔ,HSK 6,动,2,从经验、教训或知识中获得有用的内容（及物动）,درس‌گرفتن، آموختن از (فعل گذرا),及物动,فعل گذرا,"吸取教训 (xīqǔ jiàoxun), 吸取经验 (xīqǔ jīngyàn), 吸取有益知识 (xīqǔ yǒuyì zhīshi)",我们应该从这次失败中吸取教训。,Wǒmen yīnggāi cóng zhè cì shībài zhōng xīqǔ jiàoxun.,باید از این شکست درس بگیریم.,
1458,喜事,xǐ shì,HSK 6,名,1,令人高兴、值得庆祝的事情，常指结婚、生子等（名）,اتفاق خوش، مناسبت شادی (اسم),名,اسم,"一桩喜事 (yì zhuāng xǐshì), 办喜事 (bàn xǐshì), 家有喜事 (jiā yǒu xǐshì)",听说你家最近有喜事，恭喜你！,"Tīngshuō nǐ jiā zuìjìn yǒu xǐshì, gōngxǐ nǐ!",شنیدم اخیراً در خانواده‌تان اتفاق خوشی افتاده؛ تبریک می‌گویم!,
1459,洗漱,xǐ shù,HSK 6,动,1,洗脸、刷牙、漱口等（不及物动）,دست‌وصورت شستن و مسواک‌زدن (فعل ناگذر),不及物动,فعل ناگذر,"起床洗漱 (qǐchuáng xǐshù), 洗漱完毕 (xǐshù wánbì), 简单洗漱 (jiǎndān xǐshù)",他每天起床后先洗漱，再吃早饭。,"Tā měitiān qǐchuáng hòu xiān xǐshù, zài chī zǎofàn.",او هر روز پس از بیدارشدن ابتدا دست‌وصورتش را می‌شوید و مسواک می‌زند، سپس صبحانه می‌خورد.,
1460,习俗,xí sú,HSK 6,名,1,一个地区或社会长期形成并共同遵守的风俗习惯（名）,رسم‌ورسوم (اسم),名,اسم,"传统习俗 (chuántǒng xísú), 当地习俗 (dāngdì xísú), 节日习俗 (jiérì xísú)",不同地区有不同的婚礼习俗。,Bùtóng dìqū yǒu bùtóng de hūnlǐ xísú.,مناطق مختلف رسم‌ورسوم متفاوتی برای عروسی دارند.,
1461,修订,xiū dìng,HSK 6,动,1,对书籍、文件、规章等进行修改和重新确定（及物动）,بازبینی و اصلاح‌کردن (فعل گذرا),及物动,فعل گذرا,"修订法律 (xiūdìng fǎlǜ), 修订计划 (xiūdìng jìhuà), 重新修订 (chóngxīn xiūdìng)",这份管理规定已经修订了三次。,Zhè fèn guǎnlǐ guīdìng yǐjīng xiūdìng le sān cì.,این مقررات مدیریتی تاکنون سه بار بازبینی و اصلاح شده است.,
1462,修复,xiū fù,HSK 6,动,1,修理并恢复损坏事物原有的状态或功能（及物动）,مرمت‌کردن، بازسازی‌کردن، تعمیرکردن (فعل گذرا),及物动,فعل گذرا,"修复文物 (xiūfù wénwù), 修复系统 (xiūfù xìtǒng), 修复受损道路 (xiūfù shòusǔn dàolù)",专家花了两年时间修复这幅古画。,Zhuānjiā huā le liǎng nián shíjiān xiūfù zhè fú gǔhuà.,کارشناسان دو سال برای مرمت این نقاشی قدیمی وقت صرف کردند.,
1463,袖子,xiù zi,HSK 6,名,1,衣服套在胳膊上的部分（名）,آستین (اسم),名,اسم,"长袖子 (cháng xiùzi), 卷起袖子 (juǎnqǐ xiùzi), 衣服的袖子 (yīfu de xiùzi)",这件衬衫的袖子有点儿长。,Zhè jiàn chènshān de xiùzi yǒudiǎnr cháng.,آستین‌های این پیراهن کمی بلند است.,
1464,细致,xì zhì,HSK 6,形,1,精细周密，不粗略、不马虎（形）,دقیق، موشکافانه (صفت),形,صفت,"工作细致 (gōngzuò xìzhì), 观察细致 (guānchá xìzhì), 描写细致 (miáoxiě xìzhì)",她工作认真细致，很少出错。,"Tā gōngzuò rènzhēn xìzhì, hěn shǎo chūcuò.",او با دقت و جدیت کار می‌کند و به‌ندرت اشتباه می‌کند.,
1465,选拔,xuǎn bá,HSK 6,动,1,通过考察、比赛等方式挑选优秀或合适的人（及物动）,گزینش‌کردن، برگزیدن (فعل گذرا),及物动,فعل گذرا,"选拔人才 (xuǎnbá réncái), 选拔队员 (xuǎnbá duìyuán), 公开选拔 (gōngkāi xuǎnbá)",学校将从这些学生中选拔三人参加比赛。,Xuéxiào jiāng cóng zhèxiē xuésheng zhōng xuǎnbá sān rén cānjiā bǐsài.,مدرسه از میان این دانش‌آموزان سه نفر را برای شرکت در مسابقه انتخاب خواهد کرد.,
1466,选修,xuǎn xiū,HSK 6,动,1,从规定范围内选择课程学习（及物动）,به‌عنوان درس اختیاری برداشتن (فعل گذرا),及物动,فعل گذرا,"选修课程 (xuǎnxiū kèchéng), 选修两门课 (xuǎnxiū liǎng mén kè), 自愿选修 (zìyuàn xuǎnxiū)",我这学期选修了一门心理学课程。,Wǒ zhè xuéqī xuǎnxiū le yì mén xīnlǐxué kèchéng.,این ترم یک درس روان‌شناسی را به‌عنوان درس اختیاری برداشتم.,
1467,旋转,xuán zhuǎn,HSK 6,动,1,物体围绕一个点或轴转动（不及物动）,چرخیدن، دوران‌کردن (فعل ناگذر),不及物动,فعل ناگذر,"快速旋转 (kuàisù xuánzhuǎn), 不停旋转 (bùtíng xuánzhuǎn), 绕轴旋转 (rào zhóu xuánzhuǎn)",地球不停地围绕太阳旋转。,Dìqiú bùtíng de wéirào tàiyáng xuánzhuǎn.,زمین پیوسته به دور خورشید می‌چرخد.,
1468,血管,xuè guǎn,HSK 6,名,1,输送血液的管状组织，包括动脉、静脉和毛细血管（名）,رگ خونی (اسم),名,اسم,"血管堵塞 (xuèguǎn dǔsè), 扩张血管 (kuòzhāng xuèguǎn), 保护血管 (bǎohù xuèguǎn)",吸烟会损害心脏和血管。,Xīyān huì sǔnhài xīnzàng hé xuèguǎn.,سیگارکشیدن به قلب و رگ‌های خونی آسیب می‌زند.,
1469,学会,xué huì,HSK 6,动,1,通过学习掌握知识、技能或做某事的方法（及物动）,یادگرفتن، فراگرفتن (فعل گذرا),及物动,فعل گذرا,"学会游泳 (xuéhuì yóuyǒng), 学会使用 (xuéhuì shǐyòng), 逐渐学会 (zhújiàn xuéhuì)",孩子六岁时就学会了游泳。,Háizi liù suì shí jiù xuéhuì le yóuyǒng.,کودک در شش‌سالگی شناکردن را یاد گرفت.,
1469,学会,xué huì,HSK 6,名,2,由研究某一学科的人组成的学术团体（名）,انجمن علمی (اسم),名,اسم,"成立学会 (chénglì xuéhuì), 全国性学会 (quánguóxìng xuéhuì), 加入学会 (jiārù xuéhuì)",他去年加入了中国语言学会。,Tā qùnián jiārù le Zhōngguó Yǔyán Xuéhuì.,او سال گذشته به انجمن زبان‌شناسی چین پیوست.,
1470,学位,xué wèi,HSK 6,名,1,根据专业学习程度授予的学术称号，如学士、硕士、博士（名）,مدرک دانشگاهی، درجهٔ علمی (اسم),名,اسم,"获得学位 (huòdé xuéwèi), 博士学位 (bóshì xuéwèi), 学位证书 (xuéwèi zhèngshū)",她在国外获得了医学博士学位。,Tā zài guówài huòdé le yīxué bóshì xuéwèi.,او در خارج از کشور مدرک دکترای پزشکی گرفت.,
1471,学问,xué wen,HSK 6,名,1,系统的知识；通过学习获得的知识和见识（名）,دانش، معلومات (اسم),名,اسم,"有学问 (yǒu xuéwen), 学问很深 (xuéwen hěn shēn), 做学问 (zuò xuéwen)",他是一位很有学问的历史学家。,Tā shì yí wèi hěn yǒu xuéwen de lìshǐxuéjiā.,او تاریخ‌دانی بسیار دانشمند است.,
1471,学问,xué wen,HSK 6,名,2,值得研究或需要技巧的道理和知识（名）,فوت‌وفن، رمزوراز (اسم),名,اسم,"大有学问 (dàyǒu xuéwen), 其中的学问 (qízhōng de xuéwen), 有不少学问 (yǒu bù shǎo xuéwen)",别看做饭简单，其实里面很有学问。,"Bié kàn zuòfàn jiǎndān, qíshí lǐmiàn hěn yǒu xuéwen.",آشپزی ساده به نظر می‌رسد، اما در واقع فوت‌وفن زیادی دارد.,
1472,血型,xuè xíng,HSK 6,名,1,根据红细胞表面抗原的不同划分的血液类型（名）,گروه خونی (اسم),名,اسم,"检查血型 (jiǎnchá xuèxíng), 血型相同 (xuèxíng xiāngtóng), 稀有血型 (xīyǒu xuèxíng)",你知道自己的血型吗？,Nǐ zhīdào zìjǐ de xuèxíng ma?,آیا گروه خونی خودت را می‌دانی؟,
1473,血压,xuè yā,HSK 6,名,1,血液在血管内流动时对血管壁产生的压力（名）,فشار خون (اسم),名,اسم,"测量血压 (cèliáng xuèyā), 血压升高 (xuèyā shēnggāo), 控制血压 (kòngzhì xuèyā)",医生建议他每天测量一次血压。,Yīshēng jiànyì tā měitiān cèliáng yí cì xuèyā.,پزشک به او توصیه کرد هر روز یک بار فشار خونش را اندازه بگیرد.,
1474,血液,xuè yè,HSK 6,名,1,在人体或动物体内循环，为组织输送氧气和营养物质的液体（名）,خون (اسم),名,اسم,"血液循环 (xuèyè xúnhuán), 血液检查 (xuèyè jiǎnchá), 血液流动 (xuèyè liúdòng)",运动可以促进身体的血液循环。,Yùndòng kěyǐ cùjìn shēntǐ de xuèyè xúnhuán.,ورزش می‌تواند گردش خون بدن را بهتر کند.,
1475,学员,xué yuán,HSK 6,名,1,在学校、培训班或训练机构学习的人（名）,هنرجو، کارآموز، فراگیر (اسم),名,اسم,"培训班学员 (péixùnbān xuéyuán), 招收学员 (zhāoshōu xuéyuán), 全体学员 (quántǐ xuéyuán)",这期培训班一共有三十名学员。,Zhè qī péixùnbān yígòng yǒu sānshí míng xuéyuán.,این دورهٔ آموزشی در مجموع سی کارآموز دارد.,
1476,许可,xǔ kě,HSK 6,动,1,准许；允许（及物动）,اجازه‌دادن (فعل گذرا),及物动,فعل گذرا,"许可进入 (xǔkě jìnrù), 未经许可 (wèijīng xǔkě), 法律许可 (fǎlǜ xǔkě)",未经工作人员许可，任何人不得进入。,"Wèijīng gōngzuò rényuán xǔkě, rènhé rén bùdé jìnrù.",هیچ‌کس بدون اجازهٔ کارکنان حق ورود ندارد.,
1476,许可,xǔ kě,HSK 6,名,2,准许做某事的正式同意（名）,اجازه، مجوز (اسم),名,اسم,"获得许可 (huòdé xǔkě), 得到许可 (dédào xǔkě), 书面许可 (shūmiàn xǔkě)",我们已经获得了使用这些资料的许可。,Wǒmen yǐjīng huòdé le shǐyòng zhèxiē zīliào de xǔkě.,ما مجوز استفاده از این منابع را گرفته‌ایم.,
1477,循环,xún huán,HSK 6,动,1,事物按照一定顺序反复运行或变化（不及物动）,چرخیدن، به‌طور چرخه‌ای تکرارشدن (فعل ناگذر),不及物动,فعل ناگذر,"不断循环 (búduàn xúnhuán), 循环使用 (xúnhuán shǐyòng), 循环播放 (xúnhuán bōfàng)",这些水经过处理后可以循环使用。,Zhèxiē shuǐ jīngguò chǔlǐ hòu kěyǐ xúnhuán shǐyòng.,این آب پس از تصفیه می‌تواند دوباره در چرخهٔ مصرف قرار بگیرد.,
1477,循环,xún huán,HSK 6,名,2,事物按一定顺序运行一周后又回到原处的过程（名）,چرخه، گردش (اسم),名,اسم,"自然循环 (zìrán xúnhuán), 形成循环 (xíngchéng xúnhuán), 良性循环 (liángxìng xúnhuán)",水在自然界中形成了一个完整的循环。,Shuǐ zài zìránjiè zhōng xíngchéng le yí ge wánzhěng de xúnhuán.,آب در طبیعت چرخه‌ای کامل را تشکیل می‌دهد.,
1478,寻求,xún qiú,HSK 6,动,1,寻找并设法得到（及物动）,جست‌وجوکردن، در پیِ چیزی بودن (فعل گذرا),及物动,فعل گذرا,"寻求帮助 (xúnqiú bāngzhù), 寻求机会 (xúnqiú jīhuì), 寻求解决办法 (xúnqiú jiějué bànfǎ)",遇到困难时，我们应该主动寻求帮助。,"Yùdào kùnnan shí, wǒmen yīnggāi zhǔdòng xúnqiú bāngzhù.",هنگام روبه‌روشدن با مشکل باید فعالانه درخواست کمک کنیم.,
1479,叙述,xù shù,HSK 6,动,1,把事情的经过或情况有条理地说出或写出（及物动）,شرح‌دادن، روایت‌کردن (فعل گذرا),及物动,فعل گذرا,"叙述经过 (xùshù jīngguò), 详细叙述 (xiángxì xùshù), 如实叙述 (rúshí xùshù)",他向警察详细叙述了事情的经过。,Tā xiàng jǐngchá xiángxì xùshù le shìqing de jīngguò.,او ماجرا را با جزئیات برای پلیس شرح داد.,
1479,叙述,xù shù,HSK 6,名,2,对事情经过或情况的讲述（名）,شرح، روایت (اسم),名,اسم,"他的叙述 (tā de xùshù), 根据叙述 (gēnjù xùshù), 清楚的叙述 (qīngchu de xùshù)",根据他的叙述，事故发生在晚上十点左右。,"Gēnjù tā de xùshù, shìgù fāshēng zài wǎnshang shí diǎn zuǒyòu.",طبق روایت او، حادثه حدود ساعت ده شب رخ داده است.,
1480,亚军,yà jūn,HSK 6,名,1,比赛中仅次于冠军的第二名（名）,نایب‌قهرمان، مقام دوم (اسم),名,اسم,"获得亚军 (huòdé yàjūn), 比赛亚军 (bǐsài yàjūn), 上届亚军 (shàngjiè yàjūn)",中国队在这次比赛中获得了亚军。,Zhōngguó duì zài zhè cì bǐsài zhōng huòdé le yàjūn.,تیم چین در این مسابقات نایب‌قهرمان شد.,
1481,严,yán,HSK 6,形,1,要求高，不放松；认真而严格（形）,سخت‌گیر، جدی، سخت‌گیرانه (صفت),形,صفت,"要求很严 (yāoqiú hěn yán), 管得严 (guǎn de yán), 对学生很严 (duì xuésheng hěn yán)",这位老师对学生要求很严。,Zhè wèi lǎoshī duì xuésheng yāoqiú hěn yán.,این معلم از دانش‌آموزان انتظارات سخت‌گیرانه‌ای دارد.,
1481,严,yán,HSK 6,形,2,紧密，没有空隙或漏洞（形）,محکم، کیپ (صفت),形,صفت,"关得很严 (guān de hěn yán), 盖得严 (gài de yán), 捂得严严的 (wǔ de yányán de)",外面太冷，请把窗户关严。,"Wàimiàn tài lěng, qǐng bǎ chuānghu guān yán.",بیرون خیلی سرد است؛ لطفاً پنجره را محکم ببندید.,
1481,严,yán,HSK 6,名,3,姓氏（名）,نام خانوادگی «یَن» (اسم),名,اسم,"严老师 (Yán lǎoshī), 严先生 (Yán xiānsheng), 姓严 (xìng Yán)",严老师今天请假了。,Yán lǎoshī jīntiān qǐngjià le.,معلم یَن امروز مرخصی گرفته است.,
1482,淹,yān,HSK 6,动,1,水漫过或覆盖人、物体、土地等（及物动）,زیر آب بردن، غرق‌کردن (فعل گذرا),及物动,فعل گذرا,"淹了庄稼 (yān le zhuāngjia), 被水淹 (bèi shuǐ yān), 淹到膝盖 (yān dào xīgài)",大雨淹了附近的道路和农田。,Dàyǔ yān le fùjìn de dàolù hé nóngtián.,باران شدید جاده‌ها و زمین‌های کشاورزی اطراف را زیر آب برد.,
1483,样,yàng,HSK 6,名,1,人的外表或事物呈现出的形态（名）,شکل، ظاهر، حالت (اسم),名,اسم,"变了样 (biàn le yàng), 看着像样 (kànzhe xiàngyàng), 学他的样 (xué tā de yàng)",几年没来，这里已经完全变了样。,"Jǐ nián méi lái, zhèlǐ yǐjīng wánquán biàn le yàng.",چند سال بود اینجا نیامده بودم؛ اینجا کاملاً تغییر شکل داده است.,
1483,样,yàng,HSK 6,量,2,用于表示事物的种类（量）,نوع، جور (واحد شمارش),量,واحد شمارش,"两样东西 (liǎng yàng dōngxi), 几样小菜 (jǐ yàng xiǎocài), 每样一份 (měi yàng yí fèn)",这几样菜都是她亲手做的。,Zhè jǐ yàng cài dōu shì tā qīnshǒu zuò de.,این چند نوع غذا را خودش درست کرده است.,
1484,仰,yǎng,HSK 6,动,1,脸朝上；把头向上抬（不及物动）,سر را بالاگرفتن، رو به بالا نگاه‌کردن (فعل ناگذر),不及物动,فعل ناگذر,"仰起头 (yǎngqǐ tóu), 仰着脸 (yǎngzhe liǎn), 向后仰 (xiàng hòu yǎng)",她仰起头看着天空。,Tā yǎngqǐ tóu kànzhe tiānkōng.,او سرش را بالا گرفت و به آسمان نگاه کرد.,
1485,痒,yǎng,HSK 6,形,1,皮肤受到轻微刺激而产生想抓挠的感觉（形）,دچار خارش، خارش‌دار (صفت),形,صفت,"皮肤痒 (pífū yǎng), 又疼又痒 (yòu téng yòu yǎng), 痒得难受 (yǎng de nánshòu)",我的胳膊被蚊子咬了，特别痒。,"Wǒ de gēbo bèi wénzi yǎo le, tèbié yǎng.",پشه بازویم را نیش زده و خیلی می‌خارد.,
1486,养老,yǎng lǎo,HSK 6,动,1,为老年人提供生活照顾和经济保障（及物动）,تأمین و مراقبت از سالمندان (فعل گذرا),及物动,فعل گذرا,"养老服务 (yǎnglǎo fúwù), 养老保障 (yǎnglǎo bǎozhàng), 养老问题 (yǎnglǎo wèntí)",政府正在完善养老服务体系。,Zhèngfǔ zhèngzài wánshàn yǎnglǎo fúwù tǐxì.,دولت در حال بهبود نظام خدمات مراقبت از سالمندان است.,
1486,养老,yǎng lǎo,HSK 6,动,2,在年老后生活、休养（不及物动）,دوران سالمندی را گذراندن، در بازنشستگی زندگی‌کردن (فعل ناگذر),不及物动,فعل ناگذر,"回乡养老 (huíxiāng yǎnglǎo), 在家养老 (zài jiā yǎnglǎo), 适合养老 (shìhé yǎnglǎo)",他们打算退休后回老家养老。,Tāmen dǎsuàn tuìxiū hòu huí lǎojiā yǎnglǎo.,آن‌ها قصد دارند پس از بازنشستگی برای گذراندن دوران سالمندی به زادگاهشان برگردند.,
1487,养老院,yǎng lǎo yuàn,HSK 6,名,1,为老年人提供住宿、生活照顾等服务的机构（名）,خانهٔ سالمندان (اسم),名,اسم,"住进养老院 (zhùjìn yǎnglǎoyuàn), 公立养老院 (gōnglì yǎnglǎoyuàn), 养老院工作人员 (yǎnglǎoyuàn gōngzuò rényuán)",这家养老院为老人提供全天照顾。,Zhè jiā yǎnglǎoyuàn wèi lǎorén tígōng quántiān zhàogù.,این خانهٔ سالمندان به سالمندان مراقبت شبانه‌روزی ارائه می‌دهد.,
1488,氧气,yǎng qì,HSK 6,名,1,氧元素形成的无色无味气体，是人和多数动物呼吸所必需的（名）,اکسیژن (اسم),名,اسم,"吸入氧气 (xīrù yǎngqì), 缺少氧气 (quēshǎo yǎngqì), 提供氧气 (tígōng yǎngqì)",海拔越高，空气中的氧气越少。,"Hǎibá yuè gāo, kōngqì zhōng de yǎngqì yuè shǎo.",هرچه ارتفاع بیشتر باشد، اکسیژن موجود در هوا کمتر است.,
1489,眼光,yǎn guāng,HSK 6,名,1,眼睛注视的方向（名）,نگاه (اسم),名,اسم,"避开眼光 (bìkāi yǎnguāng), 投来眼光 (tóulái yǎnguāng), 吸引眼光 (xīyǐn yǎnguāng)",他把眼光转向了窗外。,Tā bǎ yǎnguāng zhuǎnxiàng le chuāngwài.,او نگاهش را به بیرون پنجره برگرداند.,
1489,眼光,yǎn guāng,HSK 6,名,2,观察、判断或鉴别事物的能力（名）,قوهٔ تشخیص، خوش‌سلیقگی (اسم),名,اسم,"很有眼光 (hěn yǒu yǎnguāng), 眼光独到 (yǎnguāng dúdào), 挑选的眼光 (tiāoxuǎn de yǎnguāng)",她很有眼光，挑选的衣服都很好看。,"Tā hěn yǒu yǎnguāng, tiāoxuǎn de yīfu dōu hěn hǎokàn.",او خوش‌سلیقه است و لباس‌هایی که انتخاب می‌کند همگی زیبا هستند.,
1489,眼光,yǎn guāng,HSK 6,名,3,看待事物的观点或考虑问题的范围（名）,دید، نگرش (اسم),名,اسم,"长远眼光 (chángyuǎn yǎnguāng), 战略眼光 (zhànlüè yǎnguāng), 用发展的眼光 (yòng fāzhǎn de yǎnguāng)",我们应该用长远的眼光看待这个问题。,Wǒmen yīnggāi yòng chángyuǎn de yǎnguāng kàndài zhè ge wèntí.,باید با دیدی بلندمدت به این مسئله نگاه کنیم.,
1490,沿海,yán hǎi,HSK 6,名,1,靠近海岸的一带（名）,منطقهٔ ساحلی، نواحی ساحلی (اسم),名,اسم,"东部沿海 (dōngbù yánhǎi), 沿海地区 (yánhǎi dìqū), 沿海城市 (yánhǎi chéngshì)",中国东部沿海分布着许多港口城市。,Zhōngguó dōngbù yánhǎi fēnbùzhe xǔduō gǎngkǒu chéngshì.,در نواحی ساحلی شرق چین شهرهای بندری زیادی قرار دارند.,
1491,严寒,yán hán,HSK 6,形,1,气候极其寒冷（形）,بسیار سرد، سوزناک (صفت),形,صفت,"天气严寒 (tiānqì yánhán), 严寒地区 (yánhán dìqū), 严寒的冬季 (yánhán de dōngjì)",当地冬季气候严寒，最低气温可达零下三十度。,"Dāngdì dōngjì qìhòu yánhán, zuìdī qìwēn kě dá língxià sānshí dù.",زمستان‌های این منطقه بسیار سرد است و دما گاهی به سی درجه زیر صفر می‌رسد.,
1491,严寒,yán hán,HSK 6,名,2,极其寒冷的天气或环境（名）,سرمای شدید (اسم),名,اسم,"忍受严寒 (rěnshòu yánhán), 抵御严寒 (dǐyù yánhán), 不畏严寒 (bú wèi yánhán)",这些动物能抵御冬季的严寒。,Zhèxiē dòngwù néng dǐyù dōngjì de yánhán.,این حیوانات می‌توانند سرمای شدید زمستان را تحمل کنند.,
1492,宴会,yàn huì,HSK 6,名,1,为庆祝、欢迎或招待客人而举行的正式聚餐（名）,ضیافت، مهمانی رسمی (اسم),名,اسم,"举行宴会 (jǔxíng yànhuì), 出席宴会 (chūxí yànhuì), 欢迎宴会 (huānyíng yànhuì)",公司为远道而来的客人举行了欢迎宴会。,Gōngsī wèi yuǎndào ér lái de kèrén jǔxíng le huānyíng yànhuì.,شرکت برای مهمانانی که از راه دور آمده بودند ضیافت خوشامدگویی برگزار کرد.,
1493,严禁,yán jìn,HSK 6,动,1,严格禁止（及物动）,اکیداً ممنوع‌کردن (فعل گذرا),及物动,فعل گذرا,"严禁吸烟 (yánjìn xīyān), 严禁入内 (yánjìn rùnèi), 严禁使用 (yánjìn shǐyòng)",仓库内严禁吸烟和使用明火。,Cāngkù nèi yánjìn xīyān hé shǐyòng mínghuǒ.,سیگارکشیدن و استفاده از شعلهٔ باز در انبار اکیداً ممنوع است.,
1494,眼看,yǎn kàn,HSK 6,动,1,亲眼看着某事发生或发展（及物动）,با چشم خود دیدن، شاهدبودن (فعل گذرا),及物动,فعل گذرا,"眼看着发生 (yǎnkànzhe fāshēng), 眼看孩子长大 (yǎnkàn háizi zhǎngdà), 眼看机会溜走 (yǎnkàn jīhuì liūzǒu)",他只能眼看着机会从身边溜走。,Tā zhǐ néng yǎnkànzhe jīhuì cóng shēnbiān liūzǒu.,او فقط می‌توانست شاهد ازدست‌رفتن فرصت باشد.,
1494,眼看,yǎn kàn,HSK 6,副,2,表示某种情况很快就要发生（副）,چیزی نمانده، نزدیک است (قید),副,قید,"眼看就要 (yǎnkàn jiù yào), 眼看快到 (yǎnkàn kuài dào), 眼看天黑 (yǎnkàn tiānhēi)",眼看就要下雨了，我们赶快回去吧。,"Yǎnkàn jiù yào xiàyǔ le, wǒmen gǎnkuài huíqu ba.",چیزی نمانده باران ببارد؛ بهتر است زود برگردیم.,
1495,严厉,yán lì,HSK 6,形,1,态度、要求或手段严格而有力（形）,سخت‌گیر، شدید، تند (صفت),形,صفت,"态度严厉 (tàidu yánlì), 严厉批评 (yánlì pīpíng), 严厉处罚 (yánlì chǔfá)",老师严厉地批评了他的不诚实行为。,Lǎoshī yánlì de pīpíng le tā de bù chéngshí xíngwéi.,معلم رفتار غیرصادقانهٔ او را به‌شدت سرزنش کرد.,
1496,淹没,yān mò,HSK 6,动,1,水漫过并覆盖物体或土地（及物动）,زیر آب بردن، غرق‌کردن (فعل گذرا),及物动,فعل گذرا,"淹没村庄 (yānmò cūnzhuāng), 被洪水淹没 (bèi hóngshuǐ yānmò), 完全淹没 (wánquán yānmò)",连续几天的大雨淹没了大片农田。,Liánxù jǐ tiān de dàyǔ yānmò le dàpiàn nóngtián.,باران چند روز پیاپی بخش بزرگی از زمین‌های کشاورزی را زیر آب برد.,
1496,淹没,yān mò,HSK 6,动,2,使声音、情绪等被更强烈的事物盖过或吞没（及物动，比喻）,در خود فروبردن، محوکردن (فعل گذرا؛ مجازی),及物动，比喻,فعل گذرا؛ مجازی,"被掌声淹没 (bèi zhǎngshēng yānmò), 淹没声音 (yānmò shēngyīn), 被人群淹没 (bèi rénqún yānmò)",他的声音很快被热烈的掌声淹没了。,Tā de shēngyīn hěn kuài bèi rèliè de zhǎngshēng yānmò le.,صدای او خیلی زود در تشویق پرشور حاضران گم شد.,
1497,延期,yán qī,HSK 6,动,1,把预定的日期向后推迟（不及物动）,به‌تعویق‌افتادن، به‌تعویق‌انداختن (فعل),不及物动,فعل,"会议延期 (huìyì yánqī), 延期举行 (yánqī jǔxíng), 延期一周 (yánqī yì zhōu)",由于天气原因，比赛延期一周举行。,"Yóuyú tiānqì yuányīn, bǐsài yánqī yì zhōu jǔxíng.",مسابقه به‌دلیل شرایط جوی یک هفته به تعویق افتاد.,
1498,炎热,yán rè,HSK 6,形,1,天气非常热（形）,بسیار گرم، داغ و سوزان (صفت),形,صفت,"天气炎热 (tiānqì yánrè), 炎热夏季 (yánrè xiàjì), 气候炎热 (qìhòu yánrè)",炎热的天气让人容易感到疲倦。,Yánrè de tiānqì ràng rén róngyì gǎndào píjuàn.,هوای بسیار گرم باعث می‌شود آدم زود احساس خستگی کند.,
1499,延伸,yán shēn,HSK 6,动,1,在长度或空间上向外伸展（不及物动）,امتداد‌یافتن، کشیده‌شدن (فعل ناگذر),不及物动,فعل ناگذر,"向远处延伸 (xiàng yuǎnchù yánshēn), 沿海岸延伸 (yán hǎi’àn yánshēn), 一直延伸到 (yìzhí yánshēn dào)",这条公路一直延伸到山脚下。,Zhè tiáo gōnglù yìzhí yánshēn dào shānjiǎoxià.,این جاده تا پای کوه امتداد دارد.,
1499,延伸,yán shēn,HSK 6,动,2,在内容、意义或范围上扩大（不及物动）,گسترش‌یافتن (فعل ناگذر),不及物动,فعل ناگذر,"向其他领域延伸 (xiàng qítā lǐngyù yánshēn), 不断延伸 (búduàn yánshēn), 延伸到生活中 (yánshēn dào shēnghuó zhōng)",这个问题已经从经济领域延伸到了社会领域。,Zhè ge wèntí yǐjīng cóng jīngjì lǐngyù yánshēn dào le shèhuì lǐngyù.,این مسئله از حوزهٔ اقتصاد به حوزهٔ اجتماع نیز گسترش یافته است.,
1500,研讨,yán tǎo,HSK 6,动,1,研究并讨论问题（及物动）,بررسی و گفت‌وگوکردن دربارهٔ (فعل گذرا),及物动,فعل گذرا,"深入研讨 (shēnrù yántǎo), 共同研讨 (gòngtóng yántǎo), 研讨方案 (yántǎo fāng’àn)",专家们将共同研讨这个问题的解决方案。,Zhuānjiāmen jiāng gòngtóng yántǎo zhè ge wèntí de jiějué fāng’àn.,کارشناسان راه‌حل این مسئله را با یکدیگر بررسی خواهند کرد.,
1501,延续,yán xù,HSK 6,动,1,继续下去或使某事物继续，不中断（及物动、不及物动）,ادامه‌یافتن، ادامه‌دادن (فعل ناگذر و گذرا),及物动、不及物动,فعل ناگذر و گذرا,"延续至今 (yánxù zhìjīn), 延续传统 (yánxù chuántǒng), 继续延续 (jìxù yánxù)",这一传统已经延续了几百年。,Zhè yí chuántǒng yǐjīng yánxù le jǐ bǎi nián.,این سنت چند صد سال است که ادامه دارد.,
1502,言语,yán yǔ,HSK 6,名,1,说出来的话；说话时使用的词句（名）,سخن، گفتار، حرف (اسم),名,اسم,"言语温和 (yányǔ wēnhé), 言语表达 (yányǔ biǎodá), 言语之间 (yányǔ zhījiān)",他的言语中充满了对家人的关心。,Tā de yányǔ zhōng chōngmǎn le duì jiārén de guānxīn.,سخنان او سرشار از توجه و نگرانی برای خانواده‌اش بود.,
1503,炎症,yán zhèng,HSK 6,名,1,身体组织受到刺激、损伤或感染后出现的红、肿、热、痛等反应（名）,التهاب (اسم),名,اسم,"出现炎症 (chūxiàn yánzhèng), 减轻炎症 (jiǎnqīng yánzhèng), 慢性炎症 (mànxìng yánzhèng)",检查结果显示伤口周围有轻微炎症。,Jiǎnchá jiéguǒ xiǎnshì shāngkǒu zhōuwéi yǒu qīngwēi yánzhèng.,نتیجهٔ معاینه نشان داد اطراف زخم کمی التهاب دارد.,
1504,验证,yàn zhèng,HSK 6,动,1,通过实验、检查或实际结果证明是否正确、有效或真实（及物动）,بررسی و تأییدکردن، اعتبارسنجی‌کردن (فعل گذرا),及物动,فعل گذرا,"验证结果 (yànzhèng jiéguǒ), 验证方法 (yànzhèng fāngfǎ), 进一步验证 (jìnyíbù yànzhèng)",研究人员通过实验验证了这一结论。,Yánjiū rényuán tōngguò shíyàn yànzhèng le zhè yí jiélùn.,پژوهشگران این نتیجه را با آزمایش تأیید کردند.,
1505,演奏,yǎn zòu,HSK 6,动,1,用乐器表演音乐（及物动）,نواختن، اجراکردن با ساز (فعل گذرا),及物动,فعل گذرا,"演奏乐曲 (yǎnzòu yuèqǔ), 现场演奏 (xiànchǎng yǎnzòu), 演奏钢琴曲 (yǎnzòu gāngqínqǔ)",她将在音乐会上演奏一首钢琴曲。,Tā jiāng zài yīnyuèhuì shàng yǎnzòu yì shǒu gāngqínqǔ.,او در کنسرت یک قطعهٔ پیانو اجرا خواهد کرد.,
1506,要点,yào diǎn,HSK 6,名,1,话语、文章、方法等最重要的内容或关键之处（名）,نکتهٔ اصلی، نکتهٔ کلیدی (اسم),名,اسم,"掌握要点 (zhǎngwò yàodiǎn), 内容要点 (nèiróng yàodiǎn), 记下要点 (jìxia yàodiǎn)",请把老师讲的要点记下来。,Qǐng bǎ lǎoshī jiǎng de yàodiǎn jìxia lái.,لطفاً نکات اصلی صحبت‌های معلم را یادداشت کنید.,
1507,要么,yào me,HSK 6,连,1,表示在两种或多种情况中选择一种，常与另一个“要么”配合使用（连）,یا، یا این‌که (حرف ربط),连,حرف ربط,"要么今天要么明天 (yàome jīntiān yàome míngtiān), 要么走要么留 (yàome zǒu yàome liú), 要么这样做 (yàome zhèyàng zuò)",我们要么坐火车去，要么坐飞机去。,"Wǒmen yàome zuò huǒchē qù, yàome zuò fēijī qù.",ما یا با قطار می‌رویم یا با هواپیما.,
1508,要素,yào sù,HSK 6,名,1,构成事物并决定其特点或发展的必要因素（名）,عنصر، عامل اساسی (اسم),名,اسم,"基本要素 (jīběn yàosù), 关键要素 (guānjiàn yàosù), 构成要素 (gòuchéng yàosù)",信任是良好合作的重要要素。,Xìnrèn shì liánghǎo hézuò de zhòngyào yàosù.,اعتماد یکی از عوامل اساسی همکاری خوب است.,
1509,遥远,yáo yuǎn,HSK 6,形,1,距离或时间非常远（形）,بسیار دور، دوردست (صفت),形,صفت,"遥远地区 (yáoyuǎn dìqū), 遥远的过去 (yáoyuǎn de guòqù), 距离遥远 (jùlí yáoyuǎn)",他的家乡在一个遥远的山区。,Tā de jiāxiāng zài yí ge yáoyuǎn de shānqū.,زادگاه او در منطقه‌ای کوهستانی و دورافتاده قرار دارد.,
1510,压缩,yā suō,HSK 6,动,1,施加压力使物体的体积缩小（及物动）,فشرده‌کردن (فعل گذرا),及物动,فعل گذرا,"压缩空气 (yāsuō kōngqì), 压缩体积 (yāsuō tǐjī), 受到压缩 (shòudào yāsuō)",这种机器可以压缩空气。,Zhè zhǒng jīqì kěyǐ yāsuō kōngqì.,این دستگاه می‌تواند هوا را فشرده کند.,
1510,压缩,yā suō,HSK 6,动,2,减少时间、人员、费用或内容等（及物动）,کاهش‌دادن، کوتاه‌کردن (فعل گذرا),及物动,فعل گذرا,"压缩成本 (yāsuō chéngběn), 压缩时间 (yāsuō shíjiān), 压缩篇幅 (yāsuō piānfú)",我们需要把会议时间压缩到一个小时。,Wǒmen xūyào bǎ huìyì shíjiān yāsuō dào yí ge xiǎoshí.,باید مدت جلسه را به یک ساعت کاهش دهیم.,
1510,压缩,yā suō,HSK 6,动,3,用技术手段减小数字文件所占的存储空间（及物动）,فشرده‌سازی‌کردن (فعل گذرا),及物动,فعل گذرا,"压缩文件 (yāsuō wénjiàn), 压缩图片 (yāsuō túpiàn), 压缩数据 (yāsuō shùjù)",发送之前请先压缩这些文件。,Fāsòng zhīqián qǐng xiān yāsuō zhèxiē wénjiàn.,لطفاً پیش از ارسال، این فایل‌ها را فشرده کنید.,
1511,业,yè,HSK 6,名,1,个人所从事的职业或某一类行业（名）,شغل، حرفه، صنعت (اسم),名,اسم,"以教书为业 (yǐ jiāoshū wéi yè), 各行各业 (gèháng-gèyè), 从业多年 (cóngyè duōnián)",他年轻时以捕鱼为业。,Tā niánqīng shí yǐ bǔyú wéi yè.,او در جوانی از راه ماهیگیری امرارمعاش می‌کرد.,
1512,野,yě,HSK 6,形,1,不是人工饲养或种植的；生活、生长在自然环境中的（形）,وحشی، خودرو (صفت),形,صفت,"野的动物 (yě de dòngwù), 这只猫很野 (zhè zhī māo hěn yě), 又小又野 (yòu xiǎo yòu yě)",这只猫很野，不让人靠近。,"Zhè zhī māo hěn yě, bù ràng rén kàojìn.",این گربه وحشی است و اجازه نمی‌دهد کسی نزدیکش شود.,
1512,野,yě,HSK 6,形,2,性情粗野，不受约束或不守规矩（形）,سرکش، مهارنشدنی (صفت),形,صفت,"性子很野 (xìngzi hěn yě), 玩野了 (wán yě le), 越来越野 (yuèláiyuè yě)",这孩子在外面玩了一个假期，心都玩野了。,"Zhè háizi zài wàimiàn wán le yí ge jiàqī, xīn dōu wán yě le.",این بچه یک تعطیلات کامل بیرون بازی کرده و دیگر مهارنشدنی شده است.,
1513,也好,yě hǎo,HSK 6,连,1,表示某种选择可以接受，或列举的不同情况结果相同（连）,هم باشد اشکالی ندارد؛ چه... چه... (حرف ربط),连,حرف ربط,"现在去也好 (xiànzài qù yěhǎo), 去也好不去也好 (qù yěhǎo bú qù yěhǎo), 谁来都好 (shéi lái dōu hǎo)",坐火车也好，坐飞机也好，明天必须到达。,"Zuò huǒchē yěhǎo, zuò fēijī yěhǎo, míngtiān bìxū dàodá.",چه با قطار بروی چه با هواپیما، باید فردا برسی.,
1514,野生,yě shēng,HSK 6,形,1,在自然环境中生长或生活，不是人工种植或饲养的（形）,وحشی، خودرو (صفت),形,صفت,"野生动物 (yěshēng dòngwù), 野生植物 (yěshēng zhíwù), 野生环境 (yěshēng huánjìng)",这里生活着许多珍贵的野生动物。,Zhèlǐ shēnghuózhe xǔduō zhēnguì de yěshēng dòngwù.,جانوران وحشی ارزشمند زیادی در اینجا زندگی می‌کنند.,
1515,液体,yè tǐ,HSK 6,名,1,有一定体积但没有固定形状，可以流动的物质形态（名）,مایع (اسم),名,اسم,"透明液体 (tòumíng yètǐ), 液体流出 (yètǐ liúchū), 液体状态 (yètǐ zhuàngtài)",瓶子里装着一种透明液体。,Píngzi lǐ zhuāngzhe yì zhǒng tòumíng yètǐ.,داخل بطری نوعی مایع شفاف وجود دارد.,
1516,野外,yě wài,HSK 6,名,1,离开城市和居民区的自然环境（名）,طبیعت، فضای باز خارج شهر (اسم),名,اسم,"野外工作 (yěwài gōngzuò), 野外生存 (yěwài shēngcún), 在野外露营 (zài yěwài lùyíng)",研究人员需要长期在野外工作。,Yánjiū rényuán xūyào chángqī zài yěwài gōngzuò.,پژوهشگران باید مدت زیادی در طبیعت کار کنند.,
1517,姨,yí,HSK 6,名,1,母亲的姐妹（名）,خاله (اسم),名,اسم,"我姨 (wǒ yí), 大姨 (dàyí), 去姨家 (qù yí jiā)",我姨住在离我们家不远的地方。,Wǒ yí zhù zài lí wǒmen jiā bù yuǎn de dìfang.,خاله‌ام در نزدیکی خانهٔ ما زندگی می‌کند.,
1517,姨,yí,HSK 6,名,2,对年龄与母亲相近的女性的亲切称呼（名，口语）,خاله، خانم میان‌سال (اسم؛ خطاب دوستانه),名，口语,اسم؛ خطاب دوستانه,"李姨 (Lǐ yí), 王姨 (Wáng yí), 邻居家的姨 (línjū jiā de yí)",李姨，您今天身体好些了吗？,"Lǐ yí, nín jīntiān shēntǐ hǎoxiē le ma?",خاله لی، امروز حالتان بهتر است؟,
1518,一辈子,yí bèi zi,HSK 6,名,1,从出生到死亡的整个一生（名）,یک عمر، تمام زندگی (اسم),名,اسم,"忙了一辈子 (máng le yí bèizi), 一辈子的朋友 (yí bèizi de péngyou), 幸福一辈子 (xìngfú yí bèizi)",他一辈子都生活在这个小镇上。,Tā yí bèizi dōu shēnghuó zài zhè ge xiǎozhèn shàng.,او تمام عمرش را در این شهر کوچک زندگی کرده است.,
1519,以便,yǐ biàn,HSK 6,连,1,连接两个分句，表示后一情况是前一行动的目的（连）,تا، برای اینکه (حرف ربط),连,حرف ربط,"提前准备以便 (tíqián zhǔnbèi yǐbiàn), 记下来以便 (jìxia lái yǐbiàn), 保存好以便 (bǎocún hǎo yǐbiàn)",请把地址记下来，以便以后联系。,"Qǐng bǎ dìzhǐ jìxia lái, yǐbiàn yǐhòu liánxì.",لطفاً نشانی را یادداشت کن تا بعداً بتوانیم تماس بگیریم.,
1520,遗产,yí chǎn,HSK 6,名,1,死者留下并依法由继承人继承的财产（名）,ارث، میراث (اسم),名,اسم,"继承遗产 (jìchéng yíchǎn), 分配遗产 (fēnpèi yíchǎn), 留下遗产 (liúxià yíchǎn)",他把大部分遗产留给了自己的孩子。,Tā bǎ dàbùfen yíchǎn liú gěi le zìjǐ de háizi.,او بیشتر ارث خود را برای فرزندانش گذاشت.,
1520,遗产,yí chǎn,HSK 6,名,2,历史上遗留下来的文化、自然或精神财富（名）,میراث (اسم),名,اسم,"文化遗产 (wénhuà yíchǎn), 自然遗产 (zìrán yíchǎn), 宝贵遗产 (bǎoguì yíchǎn)",这些古建筑是人类共同的文化遗产。,Zhèxiē gǔ jiànzhù shì rénlèi gòngtóng de wénhuà yíchǎn.,این بناهای تاریخی میراث فرهنگی مشترک بشریت‌اند.,
1521,异常,yì cháng,HSK 6,形,1,不同于正常情况（形）,غیرعادی، نامعمول (صفت),形,صفت,"情况异常 (qíngkuàng yìcháng), 异常现象 (yìcháng xiànxiàng), 行为异常 (xíngwéi yìcháng)",系统检测到了异常情况。,Xìtǒng jiǎncè dào le yìcháng qíngkuàng.,سامانه وضعیت غیرعادی را شناسایی کرد.,
1521,异常,yì cháng,HSK 6,副,2,表示程度特别高；非常（副）,بسیار، به‌شدت (قید),副,قید,"异常兴奋 (yìcháng xīngfèn), 异常紧张 (yìcháng jǐnzhāng), 异常安静 (yìcháng ānjìng)",比赛开始前，他显得异常紧张。,"Bǐsài kāishǐ qián, tā xiǎnde yìcháng jǐnzhāng.",او پیش از آغاز مسابقه به‌شدت مضطرب به نظر می‌رسید.,
1522,益处,yì chù,HSK 6,名,1,对人或事物有利的地方（名）,فایده، مزیت (اسم),名,اسم,"很有益处 (hěn yǒu yìchù), 带来益处 (dàilái yìchù), 得到益处 (dédào yìchù)",经常阅读对提高写作能力很有益处。,Jīngcháng yuèdú duì tígāo xiězuò nénglì hěn yǒu yìchù.,مطالعهٔ منظم برای تقویت مهارت نوشتن بسیار مفید است.,
1523,遗传,yí chuán,HSK 6,动,1,生物把自身的某些特征传给下一代（及物动）,به ارث منتقل‌کردن (فعل گذرا),及物动,فعل گذرا,"遗传给下一代 (yíchuán gěi xià yí dài), 遗传父母的特征 (yíchuán fùmǔ de tèzhēng), 可能遗传 (kěnéng yíchuán)",孩子可能会遗传父母的某些身体特征。,Háizi kěnéng huì yíchuán fùmǔ de mǒuxiē shēntǐ tèzhēng.,کودک ممکن است بعضی ویژگی‌های جسمی والدینش را به ارث ببرد.,
1523,遗传,yí chuán,HSK 6,名,2,生物特征由上一代传给下一代的现象（名）,وراثت (اسم),名,اسم,"遗传规律 (yíchuán guīlǜ), 遗传因素 (yíchuán yīnsù), 遗传研究 (yíchuán yánjiū)",这种疾病的发生与遗传有关。,Zhè zhǒng jíbìng de fāshēng yǔ yíchuán yǒuguān.,بروز این بیماری با وراثت ارتباط دارد.,
1524,一带,yí dài,HSK 6,名,1,某个地方及其附近的区域（名）,ناحیه، حوالی (اسم),名,اسم,"沿海一带 (yánhǎi yí dài), 这一带 (zhè yí dài), 学校附近一带 (xuéxiào fùjìn yí dài)",这一带有很多历史悠久的建筑。,Zhè yí dài yǒu hěn duō lìshǐ yōujiǔ de jiànzhù.,در این حوالی بناهای تاریخی زیادی وجود دارد.,
1525,一道,yí dào,HSK 6,数量,1,数量短语，用于菜肴、命令、手续、题目、光线、门墙等（数量）,یک؛ واحد شمارش غذا، سؤال، دستور، مانع و مانند آن (عبارت شمارشی),数量,عبارت شمارشی,"一道菜 (yí dào cài), 一道题 (yí dào tí), 一道命令 (yí dào mìnglì)",这道题比上一道难得多。,Zhè dào tí bǐ shàng yí dào nán de duō.,این سؤال از سؤال قبلی بسیار دشوارتر است.,
1525,一道,yí dào,HSK 6,副,2,一起；一同（副，口语）,با هم، همراه هم (قید؛ گفتاری),副，口语,قید؛ گفتاری,"一道回家 (yídào huíjiā), 一道出发 (yídào chūfā), 一道吃饭 (yídào chīfàn)",下班后我们一道回家吧。,Xiàbān hòu wǒmen yídào huíjiā ba.,بعد از کار با هم به خانه برگردیم.,
1526,一帆风顺,yī fān fēng shùn,HSK 6,成,1,船升起帆后顺风航行；比喻事情进行得非常顺利，没有阻碍（成）,همه‌چیز به‌خوبی پیش‌رفتن، بی‌دردسر و موفق (اصطلاح),成,اصطلاح,"事业一帆风顺 (shìyè yìfānfēngshùn), 进展一帆风顺 (jìnzhǎn yìfānfēngshùn), 祝你一帆风顺 (zhù nǐ yìfānfēngshùn)",人生不可能永远一帆风顺。,Rénshēng bù kěnéng yǒngyuǎn yìfānfēngshùn.,ممکن نیست همه‌چیز در زندگی همیشه بی‌دردسر پیش برود.,
1527,一贯,yí guàn,HSK 6,副,1,从来如此；始终不变地（副）,همیشه، همواره (قید),副,قید,"一贯重视 (yíguàn zhòngshì), 一贯坚持 (yíguàn jiānchí), 一贯反对 (yíguàn fǎnduì)",公司一贯重视产品质量。,Gōngsī yíguàn zhòngshì chǎnpǐn zhìliàng.,شرکت همیشه برای کیفیت محصولات اهمیت قائل بوده است.,
1527,一贯,yí guàn,HSK 6,形,2,思想、作风或政策等始终一致的（形）,همیشگی، ثابت (صفت),形,صفت,"一贯作风 (yíguàn zuòfēng), 一贯立场 (yíguàn lìchǎng), 一贯原则 (yíguàn yuánzé)",认真负责是他一贯的工作作风。,Rènzhēn fùzé shì tā yíguàn de gōngzuò zuòfēng.,جدیت و مسئولیت‌پذیری شیوهٔ همیشگی کار اوست.,
1528,疑惑,yí huò,HSK 6,形,1,因不明白或不相信而感到困惑（形）,سردرگم، دچار تردید (صفت),形,صفت,"感到疑惑 (gǎndào yíhuò), 十分疑惑 (shífēn yíhuò), 疑惑不解 (yíhuò bùjiě)",他的反应让我感到很疑惑。,Tā de fǎnyìng ràng wǒ gǎndào hěn yíhuò.,واکنش او مرا بسیار سردرگم کرد.,
1528,疑惑,yí huò,HSK 6,名,2,因不理解或不相信而产生的疑问（名）,تردید، ابهام (اسم),名,اسم,"心中的疑惑 (xīnzhōng de yíhuò), 消除疑惑 (xiāochú yíhuò), 产生疑惑 (chǎnshēng yíhuò)",老师耐心地解答了学生心中的疑惑。,Lǎoshī nàixīn de jiědá le xuésheng xīnzhōng de yíhuò.,معلم با حوصله ابهام‌های دانش‌آموزان را برطرف کرد.,
1529,依旧,yī jiù,HSK 6,副,1,跟过去一样；仍然（副）,همچنان، مثل گذشته (قید),副,قید,"依旧保持 (yījiù bǎochí), 依旧清晰 (yījiù qīngxī), 依旧没有改变 (yījiù méiyǒu gǎibiàn)",多年以后，这座小城依旧没有太大变化。,"Duōnián yǐhòu, zhè zuò xiǎochéng yījiù méiyǒu tài dà biànhuà.",پس از سال‌ها، این شهر کوچک همچنان تغییر چندانی نکرده است.,
1530,一口气,yì kǒu qì,HSK 6,名,1,一次呼吸；憋住的一次气息（名）,یک نفس (اسم),名,اسم,"吸一口气 (xī yì kǒu qì), 深深一口气 (shēnshēn yì kǒu qì), 憋一口气 (biē yì kǒu qì)",他深深吸了一口气，然后跳进水里。,"Tā shēnshēn xī le yì kǒu qì, ránhòu tiào jìn shuǐ lǐ.",او نفس عمیقی کشید و سپس داخل آب پرید.,
1530,一口气,yì kǒu qì,HSK 6,副,2,中间不停顿地连续完成某事（副）,یک‌نفس، بدون وقفه (قید),副,قید,"一口气说完 (yìkǒuqì shuōwán), 一口气跑完 (yìkǒuqì pǎowán), 一口气读完 (yìkǒuqì dúwán)",她一口气读完了这本小说。,Tā yìkǒuqì dúwán le zhè běn xiǎoshuō.,او این رمان را یک‌نفس تا پایان خواند.,
1531,依赖,yī lài,HSK 6,动,1,依靠别人或事物，不能独立（及物动）,وابسته‌بودن به، تکیه‌کردن به (فعل گذرا),及物动,فعل گذرا,"依赖父母 (yīlài fùmǔ), 过度依赖 (guòdù yīlài), 依赖技术 (yīlài jìshù)",我们不能过度依赖别人的帮助。,Wǒmen bù néng guòdù yīlài biérén de bāngzhù.,نباید بیش از حد به کمک دیگران وابسته باشیم.,
1531,依赖,yī lài,HSK 6,名,2,对别人或事物的依靠（名）,وابستگی، اتکا (اسم),名,اسم,"产生依赖 (chǎnshēng yīlài), 减少依赖 (jiǎnshǎo yīlài), 对药物的依赖 (duì yàowù de yīlài)",长期使用这种药可能会产生依赖。,Chángqī shǐyòng zhè zhǒng yào kěnéng huì chǎnshēng yīlài.,مصرف طولانی‌مدت این دارو ممکن است وابستگی ایجاد کند.,
1532,一流,yì liú,HSK 6,形,1,属于最高等级；非常优秀（形）,درجه‌یک، عالی (صفت),形,صفت,"世界一流 (shìjiè yìliú), 一流水平 (yìliú shuǐpíng), 一流服务 (yìliú fúwù)",这家酒店拥有一流的服务和设施。,Zhè jiā jiǔdiàn yōngyǒu yìliú de fúwù hé shèshī.,این هتل خدمات و امکاناتی درجه‌یک دارد.,
1533,一律,yí lǜ,HSK 6,副,1,没有例外，全都按照同一方式（副）,همگی، بدون استثنا (قید),副,قید,"一律禁止 (yílǜ jìnzhǐ), 一律处理 (yílǜ chǔlǐ), 一律免费 (yílǜ miǎnfèi)",进入会场后，手机一律关闭。,"Jìnrù huìchǎng hòu, shǒujī yílǜ guānbì.",پس از ورود به سالن، همه باید بدون استثنا تلفن همراهشان را خاموش کنند.,
1534,议论,yì lùn,HSK 6,动,1,对人或事情发表看法（及物动）,بحث‌کردن دربارهٔ، اظهارنظرکردن دربارهٔ (فعل گذرا),及物动,فعل گذرا,"纷纷议论 (fēnfēn yìlùn), 私下议论 (sīxià yìlùn), 议论此事 (yìlùn cǐ shì)",大家都在议论昨天发生的事情。,Dàjiā dōu zài yìlùn zuótiān fāshēng de shìqing.,همه دربارهٔ اتفاق دیروز بحث می‌کنند.,
1534,议论,yì lùn,HSK 6,名,2,人们对某人或某事发表的看法（名）,بحث، اظهارنظر (اسم),名,اسم,"引起议论 (yǐnqǐ yìlùn), 众人的议论 (zhòngrén de yìlùn), 各种议论 (gèzhǒng yìlùn)",他的决定引起了不少议论。,Tā de juédìng yǐnqǐ le bù shǎo yìlùn.,تصمیم او بحث و اظهارنظر زیادی به راه انداخت.,
1535,以免,yǐ miǎn,HSK 6,连,1,用于后一分句，表示避免出现不希望发生的情况（连）,تا مبادا، برای جلوگیری از اینکه (حرف ربط),连,حرف ربط,"提前出发以免迟到 (tíqián chūfā yǐmiǎn chídào), 关好门以免进水 (guānhǎo mén yǐmiǎn jìnshuǐ), 做好记录以免忘记 (zuòhǎo jìlù yǐmiǎn wàngjì)",我们早点儿出发，以免路上堵车。,"Wǒmen zǎodiǎnr chūfā, yǐmiǎn lùshang dǔchē.",کمی زودتر حرکت کنیم تا مبادا در راه به ترافیک بخوریم.,
1536,移民,yí mín,HSK 6,动,1,迁往其他国家或地区长期居住（不及物动）,مهاجرت‌کردن (فعل ناگذر),不及物动,فعل ناگذر,"移民海外 (yímín hǎiwài), 移民国外 (yímín guówài), 全家移民 (quánjiā yímín)",他们一家十年前移民到了澳大利亚。,Tāmen yìjiā shí nián qián yímín dào le Àodàlìyà.,خانوادهٔ آن‌ها ده سال پیش به استرالیا مهاجرت کردند.,
1536,移民,yí mín,HSK 6,名,2,迁往其他国家或地区长期居住的人（名）,مهاجر (اسم),名,اسم,"新移民 (xīn yímín), 移民家庭 (yímín jiātíng), 接收移民 (jiēshōu yímín)",这座城市生活着许多来自不同国家的移民。,Zhè zuò chéngshì shēnghuózhe xǔduō láizì bùtóng guójiā de yímín.,مهاجران زیادی از کشورهای مختلف در این شهر زندگی می‌کنند.,
1537,一模一样,yì mú yí yàng,HSK 6,形,1,样子、性质等完全相同（形）,کاملاً یکسان، عین هم (صفت),形,صفت,"长得一模一样 (zhǎng de yìmúyíyàng), 看起来一模一样 (kàn qǐlai yìmúyíyàng), 几乎一模一样 (jīhū yìmúyíyàng)",这两件衣服看起来一模一样。,Zhè liǎng jiàn yīfu kàn qǐlai yìmúyíyàng.,این دو لباس عین هم به نظر می‌رسند.,
1538,银,yín,HSK 6,名,1,一种白色、有光泽、导电性强的金属元素（名）,نقره (اسم),名,اسم,"纯银 (chúnyín), 一块银 (yí kuài yín), 用银制成 (yòng yín zhìchéng)",这只手镯是用银制成的。,Zhè zhī shǒuzhuó shì yòng yín zhìchéng de.,این دستبند از نقره ساخته شده است.,
1539,印,yìn,HSK 6,动,1,用油墨等把文字或图画留在纸张等物体上（及物动）,چاپ‌کردن (فعل گذرا),及物动,فعل گذرا,"印文件 (yìn wénjiàn), 印照片 (yìn zhàopiàn), 印一千份 (yìn yìqiān fèn)",请帮我把这份材料印二十份。,Qǐng bāng wǒ bǎ zhè fèn cáiliào yìn èrshí fèn.,لطفاً بیست نسخه از این متن برایم چاپ کن.,
1539,印,yìn,HSK 6,名,2,印章盖出的痕迹；印章（名）,مُهر، اثر مُهر (اسم),名,اسم,"盖个印 (gài ge yìn), 红色的印 (hóngsè de yìn), 公司的印 (gōngsī de yìn)",这份文件上还缺公司的印。,Zhè fèn wénjiàn shàng hái quē gōngsī de yìn.,این مدرک هنوز مهر شرکت را ندارد.,
1540,引,yǐn,HSK 6,动,1,带领人或事物到某处（及物动）,هدایت‌کردن، راهنمایی‌کردن (فعل گذرا),及物动,فعل گذرا,"引客人进屋 (yǐn kèrén jìnwū), 引到门口 (yǐn dào ménkǒu), 引他上楼 (yǐn tā shànglóu)",服务员把我们引到了座位旁。,Fúwùyuán bǎ wǒmen yǐn dào le zuòwèi páng.,خدمتکار ما را تا کنار صندلی‌هایمان راهنمایی کرد.,
1540,引,yǐn,HSK 6,动,2,使某种事物、反应或结果出现（及物动）,برانگیختن، باعث‌شدن (فعل گذرا),及物动,فعل گذرا,"引人发笑 (yǐn rén fāxiào), 引得大家注意 (yǐn de dàjiā zhùyì), 引来争议 (yǐnlái zhēngyì)",他的话引得大家哈哈大笑。,Tā de huà yǐn de dàjiā hāhā dàxiào.,حرف او همه را به خنده انداخت.,
1540,引,yǐn,HSK 6,动,3,引用别人的话或文字作为根据（及物动）,نقل‌کردن، استنادکردن به (فعل گذرا),及物动,فعل گذرا,"引一句话 (yǐn yí jù huà), 引原文 (yǐn yuánwén), 引古人的话 (yǐn gǔrén de huà)",他在文章开头引了一句古诗。,Tā zài wénzhāng kāitóu yǐn le yí jù gǔshī.,او در آغاز مقاله یک بیت شعر قدیمی نقل کرد.,
1541,因,yīn,HSK 6,介,1,表示原因，相当于“因为”或“由于”（介）,به‌علتِ، به‌دلیلِ (حرف اضافه),介,حرف اضافه,"因病请假 (yīn bìng qǐngjià), 因故取消 (yīn gù qǔxiāo), 因伤退赛 (yīn shāng tuìsài)",比赛因天气恶劣而取消。,Bǐsài yīn tiānqì èliè ér qǔxiāo.,مسابقه به‌دلیل بدی هوا لغو شد.,
1542,隐藏,yǐn cáng,HSK 6,动,1,藏起来或处于不容易被发现的位置（及物动、不及物动）,پنهان‌کردن، پنهان‌شدن (فعل گذرا و ناگذر),及物动、不及物动,فعل گذرا و ناگذر,"隐藏身份 (yǐncáng shēnfèn), 隐藏事实 (yǐncáng shìshí), 隐藏在背后 (yǐncáng zài bèihòu)",他试图隐藏自己的真实身份。,Tā shìtú yǐncáng zìjǐ de zhēnshí shēnfèn.,او تلاش کرد هویت واقعی خود را پنهان کند.,
1543,引导,yǐn dǎo,HSK 6,动,1,带领或启发别人向某个方向行动、思考或发展（及物动）,راهنمایی‌کردن، هدایت‌کردن (فعل گذرا),及物动,فعل گذرا,"正确引导 (zhèngquè yǐndǎo), 引导学生 (yǐndǎo xuésheng), 引导舆论 (yǐndǎo yúlùn)",老师应该引导学生独立思考。,Lǎoshī yīnggāi yǐndǎo xuésheng dúlì sīkǎo.,معلم باید دانش‌آموزان را به تفکر مستقل هدایت کند.,
1544,引发,yǐn fā,HSK 6,动,1,引起某种情况、反应或事件（及物动）,باعث‌شدن، برانگیختن (فعل گذرا),及物动,فعل گذرا,"引发争议 (yǐnfā zhēngyì), 引发事故 (yǐnfā shìgù), 引发关注 (yǐnfā guānzhù)",这一决定在社会上引发了广泛争议。,Zhè yí juédìng zài shèhuì shàng yǐnfā le guǎngfàn zhēngyì.,این تصمیم بحث گسترده‌ای در جامعه برانگیخت.,
1545,婴儿,yīng ér,HSK 6,名,1,不满一周岁或尚在哺乳期的幼儿（名）,نوزاد، شیرخوار (اسم),名,اسم,"照顾婴儿 (zhàogù yīng’ér), 新生婴儿 (xīnshēng yīng’ér), 婴儿用品 (yīng’ér yòngpǐn)",婴儿每天需要睡很长时间。,Yīng’ér měitiān xūyào shuì hěn cháng shíjiān.,نوزاد هر روز به خواب زیادی نیاز دارد.,
1546,英雄,yīng xióng,HSK 6,名,1,具有非凡勇气、能力或作出重大贡献而受人敬佩的人（名）,قهرمان (اسم),名,اسم,"民族英雄 (mínzú yīngxióng), 战斗英雄 (zhàndòu yīngxióng), 心中的英雄 (xīnzhōng de yīngxióng)",救出孩子的消防员成了人们心中的英雄。,Jiùchū háizi de xiāofángyuán chéng le rénmen xīnzhōng de yīngxióng.,آتش‌نشانی که کودک را نجات داد، در نظر مردم به یک قهرمان تبدیل شد.,
1547,影子,yǐng zi,HSK 6,名,1,物体遮住光线后投射在地面或其他物体上的暗形（名）,سایه (اسم),名,اسم,"留下影子 (liúxià yǐngzi), 看见影子 (kànjiàn yǐngzi), 树的影子 (shù de yǐngzi)",阳光下，树的影子映在地面上。,"Yángguāng xià, shù de yǐngzi yìng zài dìmiàn shàng.",زیر نور خورشید، سایهٔ درخت روی زمین افتاده است.,
1547,影子,yǐng zi,HSK 6,名,2,某人或某事物留下的痕迹、印象或相似之处（名，比喻）,رد، اثر، شباهت (اسم؛ مجازی),名，比喻,اسم؛ مجازی,"过去的影子 (guòqù de yǐngzi), 母亲的影子 (mǔqīn de yǐngzi), 找不到影子 (zhǎo bú dào yǐngzi)",从她身上可以看到她母亲年轻时的影子。,Cóng tā shēnshang kěyǐ kàndào tā mǔqīn niánqīng shí de yǐngzi.,در او می‌توان شباهتی به دوران جوانی مادرش دید.,
1548,音节,yīn jié,HSK 6,名,1,语音中由一个或几个音素组成的基本结构单位（名）,هجا (اسم),名,اسم,"一个音节 (yí ge yīnjié), 单音节词 (dān yīnjié cí), 划分音节 (huàfēn yīnjié)",“朋友”这个词由两个音节组成。,“Péngyou” zhè ge cí yóu liǎng ge yīnjié zǔchéng.,واژهٔ «朋友» از دو هجا تشکیل شده است.,
1549,银牌,yín pái,HSK 6,名,1,授予比赛第二名的银质或银色奖牌（名）,مدال نقره (اسم),名,اسم,"获得银牌 (huòdé yínpái), 一枚银牌 (yì méi yínpái), 奥运会银牌 (Àoyùnhuì yínpái)",她在女子游泳比赛中获得了一枚银牌。,Tā zài nǚzǐ yóuyǒng bǐsài zhōng huòdé le yì méi yínpái.,او در مسابقهٔ شنای زنان یک مدال نقره به دست آورد.,
1550,引入,yǐn rù,HSK 6,动,1,把外部的人、事物、资金、技术等带进来（及物动）,واردکردن، به‌کارگرفتن (فعل گذرا),及物动,فعل گذرا,"引入技术 (yǐnrù jìshù), 引入资金 (yǐnrù zījīn), 引入新方法 (yǐnrù xīn fāngfǎ)",公司计划从国外引入先进技术。,Gōngsī jìhuà cóng guówài yǐnrù xiānjìn jìshù.,شرکت قصد دارد فناوری پیشرفته‌ای را از خارج وارد کند.,
1551,隐私,yǐn sī,HSK 6,名,1,个人不愿意公开或让他人知道的事情、信息或生活领域（名）,حریم خصوصی، اطلاعات شخصی (اسم),名,اسم,"保护隐私 (bǎohù yǐnsī), 侵犯隐私 (qīnfàn yǐnsī), 个人隐私 (gèrén yǐnsī)",未经允许公开他人的照片可能会侵犯隐私。,Wèijīng yǔnxǔ gōngkāi tārén de zhàopiàn kěnéng huì qīnfàn yǐnsī.,انتشار عکس دیگران بدون اجازه ممکن است حریم خصوصی آن‌ها را نقض کند.,
1552,饮用水,yǐn yòng shuǐ,HSK 6,名,1,符合卫生标准、可以供人直接饮用的水（名）,آب آشامیدنی (اسم),名,اسم,"安全饮用水 (ānquán yǐnyòngshuǐ), 提供饮用水 (tígōng yǐnyòngshuǐ), 饮用水标准 (yǐnyòngshuǐ biāozhǔn)",当地正在采取措施保障饮用水安全。,Dāngdì zhèngzài cǎiqǔ cuòshī bǎozhàng yǐnyòngshuǐ ānquán.,مسئولان محلی در حال اقدام برای تأمین ایمنی آب آشامیدنی هستند.,
1553,仪器,yí qì,HSK 6,名,1,用于科学研究、测量、观察、检验等的设备或装置（名）,دستگاه، ابزار دقیق (اسم),名,اسم,"精密仪器 (jīngmì yíqì), 操作仪器 (cāozuò yíqì), 检查仪器 (jiǎnchá yíqì)",使用这台仪器前，请仔细阅读说明书。,"Shǐyòng zhè tái yíqì qián, qǐng zǐxì yuèdú shuōmíngshū.",پیش از استفاده از این دستگاه، راهنما را با دقت بخوانید.,
1554,艺人,yì rén,HSK 6,名,1,从事表演艺术工作的演员或演艺人员（名）,هنرمند، هنرمند عرصهٔ سرگرمی (اسم),名,اسم,"知名艺人 (zhīmíng yìrén), 演艺圈艺人 (yǎnyìquān yìrén), 艺人表演 (yìrén biǎoyǎn)",多位知名艺人参加了这场演出。,Duō wèi zhīmíng yìrén cānjiā le zhè chǎng yǎnchū.,چند هنرمند مشهور در این اجرا شرکت کردند.,
1554,艺人,yì rén,HSK 6,名,2,掌握某种传统技艺并以此为业的人（名）,هنرمند یا صنعتگر سنتی (اسم),名,اسم,"民间艺人 (mínjiān yìrén), 手工艺人 (shǒugōng yìrén), 老艺人 (lǎo yìrén)",这位民间艺人擅长制作木雕。,Zhè wèi mínjiān yìrén shàncháng zhìzuò mùdiāo.,این هنرمند محلی در ساخت کنده‌کاری‌های چوبی مهارت دارد.,
1555,一身,yì shēn,HSK 6,名,1,全身；整个身体（名）,تمام بدن، سراپا (اسم),名,اسم,"出了一身汗 (chū le yì shēn hàn), 淋了一身雨 (lín le yì shēn yǔ), 弄得一身泥 (nòng de yì shēn ní)",他跑完步后出了一身汗。,Tā pǎowán bù hòu chū le yì shēn hàn.,او پس از دویدن سراپا عرق کرده بود.,
1555,一身,yì shēn,HSK 6,名,2,全套穿在身上的衣服（名）,یک دست لباس، سراپا لباس (اسم),名,اسم,"一身西装 (yì shēn xīzhuāng), 一身白衣 (yì shēn báiyī), 换了一身衣服 (huàn le yì shēn yīfu)",他今天穿了一身黑色西装。,Tā jīntiān chuān le yì shēn hēisè xīzhuāng.,او امروز یک دست کت‌وشلوار مشکی پوشیده است.,
1555,一身,yì shēn,HSK 6,名,3,一个人所具有的全部本领、优点或问题（名）,مجموع توانایی‌ها یا ویژگی‌های فرد (اسم),名,اسم,"一身本领 (yì shēn běnlǐng), 一身力气 (yì shēn lìqi), 一身毛病 (yì shēn máobing)",他有一身本领，却一直没有机会发挥。,"Tā yǒu yì shēn běnlǐng, què yìzhí méiyǒu jīhuì fāhuī.",او توانایی‌های زیادی دارد، اما هرگز فرصتی برای نشان‌دادنشان نداشته است.,
1556,仪式,yí shì,HSK 6,名,1,按照一定程序举行的正式活动或礼节（名）,مراسم، آیین (اسم),名,اسم,"举行仪式 (jǔxíng yíshì), 开幕仪式 (kāimù yíshì), 传统仪式 (chuántǒng yíshì)",毕业仪式将在学校礼堂举行。,Bìyè yíshì jiāng zài xuéxiào lǐtáng jǔxíng.,مراسم فارغ‌التحصیلی در سالن اجتماعات مدرسه برگزار خواهد شد.,
1557,一时,yì shí,HSK 6,名、副,1,短时间内；暂时（名、副）,مدتی کوتاه، فعلاً، موقتاً (اسم و قید),名、副,اسم و قید,"一时无法接受 (yìshí wúfǎ jiēshòu), 一时想不起来 (yìshí xiǎng bu qǐlai), 流行一时 (liúxíng yìshí)",这个消息太突然，我一时无法接受。,"Zhè ge xiāoxi tài tūrán, wǒ yìshí wúfǎ jiēshòu.",این خبر خیلی ناگهانی بود و فعلاً نمی‌توانم آن را بپذیرم.,
1558,衣食住行,yī shí zhù xíng,HSK 6,名,1,穿衣、吃饭、居住和出行，泛指生活的基本需要（名）,نیازهای اولیهٔ زندگی (اسم),名,اسم,"衣食住行方面 (yīshízhùxíng fāngmiàn), 解决衣食住行 (jiějué yīshízhùxíng), 日常衣食住行 (rìcháng yīshízhùxíng)",这款软件为游客提供衣食住行方面的信息。,Zhè kuǎn ruǎnjiàn wèi yóukè tígōng yīshízhùxíng fāngmiàn de xìnxī.,این برنامه اطلاعات مربوط به نیازهای روزمرهٔ مسافران را ارائه می‌دهد.,
1559,一同,yì tóng,HSK 6,副,1,一起；共同（副）,با هم، به‌اتفاق هم (قید),副,قید,"一同前往 (yìtóng qiánwǎng), 一同参加 (yìtóng cānjiā), 一同完成 (yìtóng wánchéng)",她邀请我们一同参加晚宴。,Tā yāoqǐng wǒmen yìtóng cānjiā wǎnyàn.,او از ما دعوت کرد با هم در مهمانی شام شرکت کنیم.,
1560,以往,yǐ wǎng,HSK 6,名,1,现在以前的时期；过去（名）,گذشته، پیش‌تر (اسم),名,اسم,"以往经验 (yǐwǎng jīngyàn), 与以往不同 (yǔ yǐwǎng bùtóng), 回顾以往 (huígù yǐwǎng)",今年的情况与以往有所不同。,Jīnnián de qíngkuàng yǔ yǐwǎng yǒusuǒ bùtóng.,وضعیت امسال تا حدی با گذشته متفاوت است.,
1561,一向,yí xiàng,HSK 6,副,1,过去到现在一直如此（副）,همیشه، همواره (قید),副,قید,"一向如此 (yíxiàng rúcǐ), 一向认为 (yíxiàng rènwéi), 一向很少 (yíxiàng hěn shǎo)",他一向说话算数，大家都很信任他。,"Tā yíxiàng shuōhuà suànshù, dàjiā dōu hěn xìnrèn tā.",او همیشه به قولش عمل می‌کند و همه به او اعتماد دارند.,
1562,一系列,yī xì liè,HSK 6,数量,1,表示相互关联的一组事物或行动（数量）,مجموعه‌ای از، یک رشته (عبارت شمارشی),数量,عبارت شمارشی,"一系列问题 (yí xìliè wèntí), 一系列措施 (yí xìliè cuòshī), 一系列变化 (yí xìliè biànhuà)",政府采取了一系列措施改善交通状况。,Zhèngfǔ cǎiqǔ le yí xìliè cuòshī gǎishàn jiāotōng zhuàngkuàng.,دولت مجموعه‌ای از اقدامات را برای بهبود وضعیت ترافیک انجام داد.,
1563,医药,yī yào,HSK 6,名,1,医疗和药物的合称，也指相关的行业和技术（名）,پزشکی و داروسازی (اسم),名,اسم,"医药行业 (yīyào hángyè), 医药技术 (yīyào jìshù), 医药费用 (yīyào fèiyòng)",现代医药技术挽救了许多人的生命。,Xiàndài yīyào jìshù wǎnjiù le xǔduō rén de shēngmìng.,فناوری‌های نوین پزشکی و داروسازی جان افراد زیادی را نجات داده‌اند.,
1564,一一,yī yī,HSK 6,副,1,一个接一个地；逐个地（副）,یکی‌یکی، تک‌تک (قید),副,قید,"一一回答 (yīyī huídá), 一一检查 (yīyī jiǎnchá), 一一说明 (yīyī shuōmíng)",老师对学生提出的问题一一作了回答。,Lǎoshī duì xuésheng tíchū de wèntí yīyī zuò le huídá.,معلم به پرسش‌های دانش‌آموزان یکی‌یکی پاسخ داد.,
1565,易于,yì yú,HSK 6,动,1,容易进行、实现或出现某种情况（动）,آسان‌بودن، به‌آسانی امکان‌داشتن (فعل),动,فعل,"易于理解 (yìyú lǐjiě), 易于操作 (yìyú cāozuò), 易于保存 (yìyú bǎocún)",这份说明写得简单清楚，易于理解。,"Zhè fèn shuōmíng xiě de jiǎndān qīngchu, yìyú lǐjiě.",این راهنما ساده و روشن نوشته شده و به‌راحتی قابل فهم است.,
1566,一再,yí zài,HSK 6,副,1,一次又一次地；反复地（副）,بارها، مکرراً (قید),副,قید,"一再强调 (yízài qiángdiào), 一再要求 (yízài yāoqiú), 一再推迟 (yízài tuīchí)",医生一再提醒他要按时吃药。,Yīshēng yízài tíxǐng tā yào ànshí chī yào.,پزشک بارها به او یادآوری کرد که داروهایش را به‌موقع مصرف کند.,
1567,一阵,yí zhèn,HSK 6,数量,1,表示持续时间较短的一次自然现象、感觉、声音或动作（数量）,یک موج، مدتی کوتاه (عبارت شمارشی),数量,عبارت شمارشی,"一阵风 (yí zhèn fēng), 一阵疼痛 (yí zhèn téngtòng), 一阵掌声 (yí zhèn zhǎngshēng)",外面突然刮来一阵大风。,Wàimiàn tūrán guālái yí zhèn dàfēng.,ناگهان تندبادی در بیرون وزیدن گرفت.,
1568,遗址,yí zhǐ,HSK 6,名,1,古代人类活动或建筑留下的地点和遗迹（名）,محوطهٔ باستانی، بقایای تاریخی (اسم),名,اسم,"古代遗址 (gǔdài yízhǐ), 考古遗址 (kǎogǔ yízhǐ), 保护遗址 (bǎohù yízhǐ)",考古人员在这里发现了一处古代城市遗址。,Kǎogǔ rényuán zài zhèlǐ fāxiàn le yí chù gǔdài chéngshì yízhǐ.,باستان‌شناسان بقایای یک شهر باستانی را در اینجا کشف کردند.,
1569,抑制,yì zhì,HSK 6,动,1,控制或阻止情绪、行为、活动或发展，使其减弱（及物动）,مهارکردن، بازداشتن، کاهش‌دادن (فعل گذرا),及物动,فعل گذرا,"抑制情绪 (yìzhì qíngxù), 抑制增长 (yìzhì zēngzhǎng), 抑制病菌 (yìzhì bìngjūn)",这种药可以有效抑制病菌的生长。,Zhè zhǒng yào kěyǐ yǒuxiào yìzhì bìngjūn de shēngzhǎng.,این دارو می‌تواند رشد باکتری‌ها را به‌طور مؤثر مهار کند.,
1570,用餐,yòng cān,HSK 6,动,1,吃饭（不及物动，正式）,غذاخوردن، صرف غذاکردن (فعل ناگذر؛ رسمی),不及物动，正式,فعل ناگذر؛ رسمی,"在此用餐 (zài cǐ yòngcān), 用餐时间 (yòngcān shíjiān), 一同用餐 (yìtóng yòngcān)",客人们正在餐厅用餐。,Kèrenmen zhèngzài cāntīng yòngcān.,مهمانان در رستوران مشغول صرف غذا هستند.,
1571,用处,yòng chu,HSK 6,名,1,事物可以发挥的作用或用途（名）,کاربرد، فایده (اسم),名,اسم,"很有用处 (hěn yǒu yòngchu), 没什么用处 (méi shénme yòngchu), 派上用处 (pàishàng yòngchu)",这些旧盒子以后可能还能派上用处。,Zhèxiē jiù hézi yǐhòu kěnéng hái néng pàishàng yòngchu.,این جعبه‌های قدیمی شاید بعداً باز هم به کار بیایند.,
1572,用功,yòng gōng,HSK 6,形,1,学习努力、勤奋（形）,کوشا، درس‌خوان (صفت),形,صفت,"学习用功 (xuéxí yònggōng), 十分用功 (shífēn yònggōng), 用功读书 (yònggōng dúshū)",她学习很用功，成绩一直不错。,"Tā xuéxí hěn yònggōng, chéngjì yìzhí búcuò.",او بسیار کوشا درس می‌خواند و نمره‌هایش همیشه خوب است.,
1573,拥挤,yōng jǐ,HSK 6,形,1,人或车辆等很多，空间狭小，行动不便（形）,شلوغ، پرازدحام (صفت),形,صفت,"交通拥挤 (jiāotōng yōngjǐ), 十分拥挤 (shífēn yōngjǐ), 拥挤的车厢 (yōngjǐ de chēxiāng)",早高峰时，地铁里非常拥挤。,"Zǎogāofēng shí, dìtiě lǐ fēicháng yōngjǐ.",در ساعت شلوغی صبح، مترو بسیار پرازدحام است.,
1574,用人,yòng rén,HSK 6,动,1,选择、任用或雇用人员（及物动）,استخدام‌کردن، به‌کارگماردن (فعل گذرا),及物动,فعل گذرا,"用人标准 (yòngrén biāozhǔn), 用人不当 (yòngrén bùdàng), 善于用人 (shànyú yòngrén)",一个优秀的管理者应该善于用人。,Yí ge yōuxiù de guǎnlǐzhě yīnggāi shànyú yòngrén.,یک مدیر خوب باید در انتخاب و به‌کارگیری افراد مهارت داشته باشد.,
1575,涌现,yǒng xiàn,HSK 6,动,1,人或事物在短时间内大量出现（不及物动）,پدیدارشدن، سربرآوردن به‌وفور (فعل ناگذر),不及物动,فعل ناگذر,"大量涌现 (dàliàng yǒngxiàn), 不断涌现 (búduàn yǒngxiàn), 涌现出来 (yǒngxiàn chūlai)",近年来，国内涌现出许多优秀的年轻作家。,"Jìnnián lái, guónèi yǒngxiàn chū xǔduō yōuxiù de niánqīng zuòjiā.",در سال‌های اخیر نویسندگان جوان برجستهٔ زیادی در کشور ظهور کرده‌اند.,
1576,用心,yòng xīn,HSK 6,动,1,集中注意力，认真思考或做事（不及物动）,دقت و تلاش‌کردن، دل‌دادن به کار (فعل ناگذر),不及物动,فعل ناگذر,"用心学习 (yòngxīn xuéxí), 用心准备 (yòngxīn zhǔnbèi), 用心去做 (yòngxīn qù zuò)",只要用心学习，你一定会有进步。,"Zhǐyào yòngxīn xuéxí, nǐ yídìng huì yǒu jìnbù.",اگر با دقت و تلاش درس بخوانی، حتماً پیشرفت می‌کنی.,
1576,用心,yòng xīn,HSK 6,名,2,做某件事时怀有的意图或目的（名）,قصد، نیت (اسم),名,اسم,"他的用心 (tā de yòngxīn), 用心良苦 (yòngxīn liángkǔ), 用心不良 (yòngxīn bùliáng)",我明白父母这样安排的用心。,Wǒ míngbai fùmǔ zhèyàng ānpái de yòngxīn.,من نیت پدر و مادرم را از این برنامه‌ریزی درک می‌کنم.,
1577,勇于,yǒng yú,HSK 6,动,1,有勇气做某事，不害怕困难或承担责任（动）,جرئت‌داشتن، با شهامت اقدام‌کردن (فعل),动,فعل,"勇于尝试 (yǒngyú chángshì), 勇于承担责任 (yǒngyú chéngdān zérèn), 勇于面对困难 (yǒngyú miànduì kùnnan)",我们应该勇于承认并改正错误。,Wǒmen yīnggāi yǒngyú chéngrèn bìng gǎizhèng cuòwù.,باید شهامت پذیرفتن و اصلاح اشتباهاتمان را داشته باشیم.,
1578,优化,yōu huà,HSK 6,动,1,通过调整或改进使事物变得更合理、更有效（及物动）,بهینه‌کردن، بهبوددادن (فعل گذرا),及物动,فعل گذرا,"优化结构 (yōuhuà jiégòu), 优化流程 (yōuhuà liúchéng), 优化设计 (yōuhuà shèjì)",公司正在优化产品的生产流程。,Gōngsī zhèngzài yōuhuà chǎnpǐn de shēngchǎn liúchéng.,شرکت در حال بهینه‌سازی فرایند تولید محصول است.,
1579,有机,yǒu jī,HSK 6,形,1,化学上指主要含碳元素的物质或化合物（形）,آلی (صفت؛ شیمی),形,صفت؛ شیمی,"有机物质 (yǒujī wùzhì), 有机化合物 (yǒujī huàhéwù), 有机成分 (yǒujī chéngfèn)",土壤中含有丰富的有机物质。,Tǔrǎng zhōng hányǒu fēngfù de yǒujī wùzhì.,خاک حاوی مواد آلی فراوانی است.,
1579,有机,yǒu jī,HSK 6,形,2,按照限制使用化肥、农药等的标准生产的（形）,ارگانیک (صفت),形,صفت,"有机食品 (yǒujī shípǐn), 有机蔬菜 (yǒujī shūcài), 有机农业 (yǒujī nóngyè)",这家商店主要销售有机食品。,Zhè jiā shāngdiàn zhǔyào xiāoshòu yǒujī shípǐn.,این فروشگاه بیشتر مواد غذایی ارگانیک می‌فروشد.,
1579,有机,yǒu jī,HSK 6,形,3,各部分相互联系、协调配合的（形）,منسجم، هماهنگ (صفت),形,صفت,"有机结合 (yǒujī jiéhé), 有机整体 (yǒujī zhěngtǐ), 有机联系 (yǒujī liánxì)",理论必须与实践有机结合。,Lǐlùn bìxū yǔ shíjiàn yǒujī jiéhé.,نظریه باید به‌شکلی منسجم با عمل پیوند بخورد.,
1580,有劲,yǒu jìn,HSK 6,形,1,有力气；精力充足（形）,پرانرژی، پرقدرت (صفت),形,صفت,"浑身有劲 (húnshēn yǒujìn), 干活有劲 (gànhuó yǒujìn), 越来越有劲 (yuèláiyuè yǒujìn)",休息了一会儿以后，他又觉得浑身有劲了。,"Xiūxi le yíhuìr yǐhòu, tā yòu juéde húnshēn yǒujìn le.",پس از کمی استراحت دوباره احساس کرد سراپا انرژی دارد.,
1580,有劲,yǒu jìn,HSK 6,形,2,有趣味；使人感到兴奋或有兴趣（形，口语）,جالب، هیجان‌انگیز (صفت؛ گفتاری),形，口语,صفت؛ گفتاری,"说得有劲 (shuō de yǒujìn), 越看越有劲 (yuè kàn yuè yǒujìn), 真有劲 (zhēn yǒujìn)",这场比赛越看越有劲。,Zhè chǎng bǐsài yuè kàn yuè yǒujìn.,این مسابقه هرچه جلوتر می‌رود، تماشایی‌تر می‌شود.,
1581,由来,yóu lái,HSK 6,名,1,事物产生的原因、来源或经过（名）,منشأ، علت پیدایش، پیشینه (اسم),名,اسم,"名称的由来 (míngchēng de yóulái), 历史由来 (lìshǐ yóulái), 了解由来 (liǎojiě yóulái)",你知道这个节日的由来吗？,Nǐ zhīdào zhè ge jiérì de yóulái ma?,آیا منشأ این جشن را می‌دانی؟,
1582,游人,yóu rén,HSK 6,名,1,游览名胜、景区等的人（名）,گردشگر، بازدیدکننده (اسم),名,اسم,"众多游人 (zhòngduō yóurén), 吸引游人 (xīyǐn yóurén), 游人如织 (yóurén rúzhī)",春天一到，公园里就挤满了游人。,"Chūntiān yí dào, gōngyuán lǐ jiù jǐmǎn le yóurén.",با فرارسیدن بهار، پارک پر از گردشگر می‌شود.,
1583,犹如,yóu rú,HSK 6,动,1,好像；如同（动，书面）,مانندِ چیزی بودن، گویی (فعل؛ نوشتاری),动，书面,فعل؛ نوشتاری,"犹如梦境 (yóurú mèngjìng), 犹如亲人 (yóurú qīnrén), 犹如一幅画 (yóurú yì fú huà)",雨后的山林犹如一幅美丽的画。,Yǔ hòu de shānlín yóurú yì fú měilì de huà.,جنگل کوهستانی پس از باران مانند تابلویی زیباست.,
1584,优先,yōu xiān,HSK 6,动,1,在顺序、待遇或重要性上放在前面（动）,در اولویت بودن، مقدم دانستن (فعل),动,فعل,"优先考虑 (yōuxiān kǎolǜ), 优先发展 (yōuxiān fāzhǎn), 老人优先 (lǎorén yōuxiān)",申请条件相同时，有工作经验者优先。,"Shēnqǐng tiáojiàn xiāngtóng shí, yǒu gōngzuò jīngyàn zhě yōuxiān.",اگر شرایط متقاضیان یکسان باشد، افراد باتجربه در اولویت‌اند.,
1585,有序,yǒu xù,HSK 6,形,1,有一定的次序，整齐而不混乱（形）,منظم، سامان‌یافته (صفت),形,صفت,"井然有序 (jǐngrán yǒuxù), 有序进行 (yǒuxù jìnxíng), 安全有序 (ānquán yǒuxù)",在工作人员的引导下，大家有序地进入会场。,"Zài gōngzuò rényuán de yǐndǎo xià, dàjiā yǒuxù de jìnrù huìchǎng.",همه با راهنمایی کارکنان به‌صورت منظم وارد سالن شدند.,
1586,优异,yōu yì,HSK 6,形,1,特别优秀；超过一般水平（形）,عالی، برجسته (صفت),形,صفت,"成绩优异 (chéngjì yōuyì), 表现优异 (biǎoxiàn yōuyì), 性能优异 (xìngnéng yōuyì)",她因成绩优异获得了奖学金。,Tā yīn chéngjì yōuyì huòdé le jiǎngxuéjīn.,او به‌دلیل نمرات عالی بورسیه گرفت.,
1587,于,yú,HSK 6,介,1,表示时间、地点、范围或来源，相当于“在、从”等（介，书面）,در، از (حرف اضافه؛ نوشتاری),介，书面,حرف اضافه؛ نوشتاری,"生于北京 (shēng yú Běijīng), 始于去年 (shǐ yú qùnián), 来自于实践 (láizì yú shíjiàn)",本次会议将于下周一举行。,Běn cì huìyì jiāng yú xià zhōuyī jǔxíng.,این جلسه دوشنبهٔ آینده برگزار خواهد شد.,
1587,于,yú,HSK 6,介,2,表示动作涉及的对象、方向或目标，相当于“对、向、给”等（介，书面）,به، برای، در قبالِ (حرف اضافه؛ نوشتاری),介，书面,حرف اضافه؛ نوشتاری,"有利于健康 (yǒulì yú jiànkāng), 致力于研究 (zhìlì yú yánjiū), 应用于实践 (yìngyòng yú shíjiàn)",充足的睡眠有助于身体恢复。,Chōngzú de shuìmián yǒuzhù yú shēntǐ huīfù.,خواب کافی به بهبود بدن کمک می‌کند.,
1587,于,yú,HSK 6,介,3,表示比较，相当于“比”（介，书面）,از، نسبت به (حرف اضافه؛ در مقایسه),介，书面,حرف اضافه؛ در مقایسه,"高于平均水平 (gāo yú píngjūn shuǐpíng), 少于十人 (shǎo yú shí rén), 不低于标准 (bù dī yú biāozhǔn)",今年的销售额高于去年。,Jīnnián de xiāoshòu’é gāo yú qùnián.,میزان فروش امسال از سال گذشته بیشتر است.,
1588,余额,yú é,HSK 6,名,1,账户中或收支相抵后剩余的金额（名）,مانده‌حساب، موجودی باقی‌مانده (اسم),名,اسم,"账户余额 (zhànghù yú’é), 查询余额 (cháxún yú’é), 余额不足 (yú’é bùzú)",付款失败是因为账户余额不足。,Fùkuǎn shībài shì yīnwèi zhànghù yú’é bùzú.,پرداخت به‌دلیل کافی‌نبودن موجودی حساب انجام نشد.,
1589,原本,yuán běn,HSK 6,副,1,起初；本来（副）,در اصل، ابتدا، قرار بود (قید),副,قید,"原本以为 (yuánběn yǐwéi), 原本打算 (yuánběn dǎsuàn), 原本可以 (yuánběn kěyǐ)",我原本打算今天出发，但计划改变了。,"Wǒ yuánběn dǎsuàn jīntiān chūfā, dàn jìhuà gǎibiàn le.",در اصل قصد داشتم امروز حرکت کنم، اما برنامه تغییر کرد.,
1589,原本,yuán běn,HSK 6,名,2,书籍、文件、艺术品等最初的版本或真本（名）,نسخهٔ اصلی، اصل اثر (اسم),名,اسم,"保存原本 (bǎocún yuánběn), 文件原本 (wénjiàn yuánběn), 与原本核对 (yǔ yuánběn héduì)",这幅画的原本收藏在国家博物馆。,Zhè fú huà de yuánběn shōucáng zài Guójiā Bówùguǎn.,نسخهٔ اصلی این نقاشی در موزهٔ ملی نگهداری می‌شود.,
1590,原材料,yuán cái liào,HSK 6,名,1,用于生产或制造产品的基本材料（名）,مواد اولیه (اسم),名,اسم,"购买原材料 (gòumǎi yuáncáiliào), 原材料价格 (yuáncáiliào jiàgé), 进口原材料 (jìnkǒu yuáncáiliào)",原材料价格上涨增加了生产成本。,Yuáncáiliào jiàgé shàngzhǎng zēngjiā le shēngchǎn chéngběn.,افزایش قیمت مواد اولیه هزینهٔ تولید را بالا برده است.,
1591,远程,yuǎn chéng,HSK 6,形,1,相隔较远距离进行的，常借助通信或网络技术（形）,از راه دور (صفت),形,صفت,"远程教育 (yuǎnchéng jiàoyù), 远程办公 (yuǎnchéng bàngōng), 远程控制 (yuǎnchéng kòngzhì)",医生可以通过网络为患者提供远程服务。,Yīshēng kěyǐ tōngguò wǎngluò wèi huànzhě tígōng yuǎnchéng fúwù.,پزشک می‌تواند از طریق اینترنت به بیماران خدمات از راه دور ارائه دهد.,
1592,远方,yuǎn fāng,HSK 6,名,1,距离较远的地方（名）,جای دور، دوردست (اسم),名,اسم,"来自远方 (láizì yuǎnfāng), 前往远方 (qiánwǎng yuǎnfāng), 望向远方 (wàngxiàng yuǎnfāng)",他站在海边，静静地望着远方。,"Tā zhàn zài hǎibiān, jìngjìng de wàngzhe yuǎnfāng.",او کنار دریا ایستاده بود و در سکوت به دوردست نگاه می‌کرد.,
1593,原理,yuán lǐ,HSK 6,名,1,自然现象、事物运行或技术应用所依据的基本规律（名）,اصل، سازوکار (اسم),名,اسم,"基本原理 (jīběn yuánlǐ), 工作原理 (gōngzuò yuánlǐ), 掌握原理 (zhǎngwò yuánlǐ)",老师用简单的例子解释了机器的工作原理。,Lǎoshī yòng jiǎndān de lìzi jiěshì le jīqì de gōngzuò yuánlǐ.,معلم سازوکار دستگاه را با مثالی ساده توضیح داد.,
1594,原料,yuán liào,HSK 6,名,1,经过加工后可制成产品的基本材料（名）,مادهٔ اولیه (اسم),名,اسم,"生产原料 (shēngchǎn yuánliào), 提供原料 (tígōng yuánliào), 原料不足 (yuánliào bùzú)",制作这种纸的主要原料是木材。,Zhìzuò zhè zhǒng zhǐ de zhǔyào yuánliào shì mùcái.,مادهٔ اولیهٔ اصلی برای تولید این نوع کاغذ چوب است.,
1595,园林,yuán lín,HSK 6,名,1,经过规划并种植花木、设置建筑和水景，供人观赏休息的园地（名）,باغ طراحی‌شده، باغ سنتی (اسم),名,اسم,"古典园林 (gǔdiǎn yuánlín), 园林设计 (yuánlín shèjì), 苏州园林 (Sūzhōu yuánlín)",苏州以精美的古典园林闻名。,Sūzhōu yǐ jīngměi de gǔdiǎn yuánlín wénmíng.,سوژو به باغ‌های سنتی زیبایش مشهور است.,
1596,圆满,yuán mǎn,HSK 6,形,1,事情进行得完整、顺利，结果令人满意（形）,موفقیت‌آمیز، رضایت‌بخش (صفت),形,صفت,"圆满完成 (yuánmǎn wánchéng), 圆满结束 (yuánmǎn jiéshù), 圆满成功 (yuánmǎn chénggōng)",本次会议圆满结束。,Běn cì huìyì yuánmǎn jiéshù.,این جلسه با موفقیت به پایان رسید.,
1597,原始,yuán shǐ,HSK 6,形,1,处于最早的发展阶段，较简单、落后或未经发展（形）,ابتدایی، بدوی (صفت),形,صفت,"原始社会 (yuánshǐ shèhuì), 原始森林 (yuánshǐ sēnlín), 原始生活方式 (yuánshǐ shēnghuó fāngshì)",这个地区保留着大片原始森林。,Zhè ge dìqū bǎoliúzhe dàpiàn yuánshǐ sēnlín.,بخش بزرگی از جنگل‌های بکر در این منطقه باقی مانده است.,
1597,原始,yuán shǐ,HSK 6,形,2,最初的、未经整理加工或修改的（形）,خام، اولیه، دست‌نخورده (صفت),形,صفت,"原始数据 (yuánshǐ shùjù), 原始记录 (yuánshǐ jìlù), 原始资料 (yuánshǐ zīliào)",研究人员需要保存实验的原始数据。,Yánjiū rényuán xūyào bǎocún shíyàn de yuánshǐ shùjù.,پژوهشگران باید داده‌های خام آزمایش را نگهداری کنند.,
1598,元素,yuán sù,HSK 6,名,1,化学上不能用普通化学方法分解成更简单物质的基本成分（名）,عنصر شیمیایی (اسم),名,اسم,"化学元素 (huàxué yuánsù), 金属元素 (jīnshǔ yuánsù), 微量元素 (wēiliàng yuánsù)",氧是自然界中常见的化学元素。,Yǎng shì zìránjiè zhōng chángjiàn de huàxué yuánsù.,اکسیژن یکی از عناصر شیمیایی رایج در طبیعت است.,
1598,元素,yuán sù,HSK 6,名,2,构成事物的基本成分或因素（名）,عنصر، مؤلفه (اسم),名,اسم,"文化元素 (wénhuà yuánsù), 现代元素 (xiàndài yuánsù), 设计元素 (shèjì yuánsù)",这座建筑融入了许多传统文化元素。,Zhè zuò jiànzhù róngrù le xǔduō chuántǒng wénhuà yuánsù.,در این ساختمان عناصر زیادی از فرهنگ سنتی به کار رفته است.,
1599,原先,yuán xiān,HSK 6,名、副,1,从前；起初（名、副）,پیش‌تر، در ابتدا، قبلاً (اسم و قید),名、副,اسم و قید,"原先的计划 (yuánxiān de jìhuà), 和原先一样 (hé yuánxiān yíyàng), 原先住在这里 (yuánxiān zhù zài zhèlǐ)",他原先在银行工作，后来当了老师。,"Tā yuánxiān zài yínháng gōngzuò, hòulái dāng le lǎoshī.",او قبلاً در بانک کار می‌کرد و بعداً معلم شد.,
1600,元宵,yuán xiāo,HSK 6,名,1,农历正月十五日的夜晚，也泛指元宵节（名）,شب جشن فانوس، جشن فانوس (اسم),名,اسم,"欢度元宵 (huāndù Yuánxiāo), 元宵灯会 (Yuánxiāo dēnghuì), 正月十五元宵 (zhēngyuè shíwǔ Yuánxiāo)",每年元宵，各地都会举行热闹的灯会。,"Měinián Yuánxiāo, gèdì dōu huì jǔxíng rènào de dēnghuì.",هر سال در جشن فانوس، در مناطق مختلف جشنواره‌های چراغانی پرشوری برگزار می‌شود.,
1600,元宵,yuán xiāo,HSK 6,名,2,用糯米粉包馅制成的球形食品，多在元宵节食用（名）,توپک شیرین آرد برنج چسبناک (اسم),名,اسم,"吃元宵 (chī yuánxiāo), 一碗元宵 (yì wǎn yuánxiāo), 煮元宵 (zhǔ yuánxiāo)",元宵节晚上，我们全家一起吃元宵。,"Yuánxiāojié wǎnshang, wǒmen quánjiā yìqǐ chī yuánxiāo.",شب جشن فانوس، همهٔ خانواده با هم توپک‌های شیرین برنجی می‌خوریم.,
1601,源于,yuán yú,HSK 6,动,1,起源于；来源于（及物动）,سرچشمه‌گرفتن از، ناشی‌شدن از (فعل گذرا),及物动,فعل گذرا,"源于生活 (yuányú shēnghuó), 源于实践 (yuányú shíjiàn), 源于误解 (yuányú wùjiě)",他们之间的矛盾源于一次误解。,Tāmen zhījiān de máodùn yuányú yí cì wùjiě.,اختلاف میان آن‌ها از یک سوءتفاهم ناشی شده است.,
1602,预定,yù dìng,HSK 6,动,1,事先规定或确定时间、计划、目标等（及物动）,از پیش تعیین‌کردن (فعل گذرا),及物动,فعل گذرا,"预定目标 (yùdìng mùbiāo), 预定时间 (yùdìng shíjiān), 按预定计划 (àn yùdìng jìhuà)",工程按照预定计划顺利完成了。,Gōngchéng ànzhào yùdìng jìhuà shùnlì wánchéng le.,پروژه طبق برنامهٔ ازپیش‌تعیین‌شده با موفقیت تکمیل شد.,
1602,预定,yù dìng,HSK 6,动,2,提前订购或保留房间、座位、票等（及物动）,از پیش رزروکردن (فعل گذرا),及物动,فعل گذرا,"预定房间 (yùdìng fángjiān), 预定座位 (yùdìng zuòwèi), 提前预定 (tíqián yùdìng)",旅游旺季最好提前预定酒店。,Lǚyóu wàngjì zuìhǎo tíqián yùdìng jiǔdiàn.,در فصل شلوغ گردشگری بهتر است هتل را از قبل رزرو کنید.,
1603,月光,yuè guāng,HSK 6,名,1,月亮发出的光（名）,مهتاب، نور ماه (اسم),名,اسم,"明亮的月光 (míngliàng de yuèguāng), 洒满月光 (sǎmǎn yuèguāng), 在月光下 (zài yuèguāng xià)",柔和的月光照进了房间。,Róuhé de yuèguāng zhào jìn le fángjiān.,نور ملایم ماه به داخل اتاق تابید.,
1604,乐器,yuè qì,HSK 6,名,1,用于演奏音乐的器具（名）,ساز، ساز موسیقی (اسم),名,اسم,"演奏乐器 (yǎnzòu yuèqì), 民族乐器 (mínzú yuèqì), 学习一种乐器 (xuéxí yì zhǒng yuèqì)",钢琴是她最喜欢的乐器。,Gāngqín shì tā zuì xǐhuan de yuèqì.,پیانو ساز موردعلاقهٔ اوست.,
1605,月球,yuè qiú,HSK 6,名,1,围绕地球运行的天然卫星，即月亮（名）,ماه، کرهٔ ماه (اسم),名,اسم,"登上月球 (dēngshàng yuèqiú), 探索月球 (tànsuǒ yuèqiú), 月球表面 (yuèqiú biǎomiàn)",月球表面没有液态水形成的海洋。,Yuèqiú biǎomiàn méiyǒu yètài shuǐ xíngchéng de hǎiyáng.,روی سطح ماه اقیانوسی از آب مایع وجود ندارد.,
1606,乐曲,yuè qǔ,HSK 6,名,1,音乐作品；有固定曲调和结构的曲子（名）,قطعهٔ موسیقی (اسم),名,اسم,"演奏乐曲 (yǎnzòu yuèqǔ), 一首乐曲 (yì shǒu yuèqǔ), 古典乐曲 (gǔdiǎn yuèqǔ)",音乐会以一首著名的古典乐曲开始。,Yīnyuèhuì yǐ yì shǒu zhùmíng de gǔdiǎn yuèqǔ kāishǐ.,کنسرت با یک قطعهٔ مشهور کلاسیک آغاز شد.,
1607,约束,yuē shù,HSK 6,动,1,限制或管束，使言行不超出一定范围（及物动）,محدودکردن، مهارکردن (فعل گذرا),及物动,فعل گذرا,"约束行为 (yuēshù xíngwéi), 约束自己 (yuēshù zìjǐ), 受到法律约束 (shòudào fǎlǜ yuēshù)",每个人都应该用法律和道德约束自己的行为。,Měi ge rén dōu yīnggāi yòng fǎlǜ hé dàodé yuēshù zìjǐ de xíngwéi.,همه باید رفتار خود را با قانون و اخلاق مهار کنند.,
1607,约束,yuē shù,HSK 6,名,2,对言行或事物范围的限制（名）,محدودیت، قید (اسم),名,اسم,"法律的约束 (fǎlǜ de yuēshù), 失去约束 (shīqù yuēshù), 不受约束 (bú shòu yuēshù)",没有规则的约束，秩序就很难维持。,"Méiyǒu guīzé de yuēshù, zhìxù jiù hěn nán wéichí.",بدون محدودیت‌های ناشی از قوانین، حفظ نظم دشوار خواهد بود.,
1608,预料,yù liào,HSK 6,动,1,事先推测事情的发展或结果（及物动）,پیش‌بینی‌کردن، انتظارداشتن (فعل گذرا),及物动,فعل گذرا,"早已预料 (zǎoyǐ yùliào), 难以预料 (nányǐ yùliào), 预料结果 (yùliào jiéguǒ)",我没有预料到事情会变得这么复杂。,Wǒ méiyǒu yùliào dào shìqing huì biàn de zhème fùzá.,پیش‌بینی نمی‌کردم اوضاع این‌قدر پیچیده شود.,
1608,预料,yù liào,HSK 6,名,2,事先作出的推测或判断（名）,پیش‌بینی، انتظار (اسم),名,اسم,"出乎预料 (chūhū yùliào), 不出预料 (bù chū yùliào), 超出预料 (chāochū yùliào)",比赛的结果完全出乎大家的预料。,Bǐsài de jiéguǒ wánquán chūhū dàjiā de yùliào.,نتیجهٔ مسابقه کاملاً برخلاف انتظار همه بود.,
1609,晕,yūn,HSK 6,形,1,因身体不适而感到头脑昏沉、周围仿佛在转（形）,گیج، دچار سرگیجه (صفت),形,صفت,"感觉很晕 (gǎnjué hěn yūn), 晕得站不稳 (yūn de zhàn bu wěn), 又累又晕 (yòu lèi yòu yūn)",我突然觉得很晕，只好坐下来休息。,"Wǒ tūrán juéde hěn yūn, zhǐhǎo zuòxia lái xiūxi.",ناگهان احساس سرگیجه کردم و ناچار شدم بنشینم و استراحت کنم.,
1609,晕,yūn,HSK 6,动,2,失去知觉；昏倒（不及物动）,بیهوش‌شدن، از حال رفتن (فعل ناگذر),不及物动,فعل ناگذر,"晕了过去 (yūn le guòqu), 差点儿晕倒 (chàdiǎnr yūndǎo), 当场晕了 (dāngchǎng yūn le)",他听到这个消息后一下子晕了过去。,Tā tīngdào zhè ge xiāoxi hòu yíxiàzi yūn le guòqu.,او پس از شنیدن این خبر ناگهان از حال رفت.,
1609,晕,yùn,HSK 6,名,3,太阳或月亮周围形成的彩色光环（名）,هالهٔ دور خورشید یا ماه (اسم),名,اسم,"太阳的晕 (tàiyáng de yùn), 月亮周围的晕 (yuèliang zhōuwéi de yùn), 出现一圈晕 (chūxiàn yì quān yùn)",月亮周围出现了一圈淡淡的晕。,Yuèliang zhōuwéi chūxiàn le yì quān dàndàn de yùn.,هاله‌ای کم‌رنگ دور ماه پدیدار شد.,
1610,晕车,yùn chē,HSK 6,动,1,乘坐车辆时因运动刺激而感到头晕、恶心等不适（不及物动）,ماشین‌گرفتگی داشتن (فعل ناگذر),不及物动,فعل ناگذر,"容易晕车 (róngyì yùnchē), 坐车晕车 (zuòchē yùnchē), 晕车很严重 (yùnchē hěn yánzhòng)",我有点儿晕车，想坐在靠窗的位置。,"Wǒ yǒudiǎnr yùnchē, xiǎng zuò zài kàochuāng de wèizhi.",من کمی ماشین‌گرفتگی دارم و می‌خواهم کنار پنجره بنشینم.,
1611,运送,yùn sòng,HSK 6,动,1,把人或物品从一个地方送到另一个地方（及物动）,حمل‌کردن، انتقال‌دادن (فعل گذرا),及物动,فعل گذرا,"运送货物 (yùnsòng huòwù), 运送乘客 (yùnsòng chéngkè), 及时运送 (jíshí yùnsòng)",这些物资将由卡车运送到灾区。,Zhèxiē wùzī jiāng yóu kǎchē yùnsòng dào zāiqū.,این اقلام با کامیون به منطقهٔ حادثه‌دیده منتقل خواهند شد.,
1612,运行,yùn xíng,HSK 6,动,1,交通工具、天体等按照一定路线或规律移动（不及物动）,حرکت‌کردن، در مسیر مشخص حرکت‌کردن (فعل ناگذر),不及物动,فعل ناگذر,"正常运行 (zhèngcháng yùnxíng), 列车运行 (lièchē yùnxíng), 按轨道运行 (àn guǐdào yùnxíng)",受大雪影响，部分列车停止运行。,"Shòu dàxuě yǐngxiǎng, bùfen lièchē tíngzhǐ yùnxíng.",به‌دلیل بارش سنگین برف، حرکت برخی قطارها متوقف شد.,
1612,运行,yùn xíng,HSK 6,动,2,机器、系统或程序工作（不及物动）,کارکردن، اجراشدن (فعل ناگذر),不及物动,فعل ناگذر,"系统运行 (xìtǒng yùnxíng), 稳定运行 (wěndìng yùnxíng), 运行程序 (yùnxíng chéngxù)",更新以后，这个程序运行得更快了。,"Gēngxīn yǐhòu, zhè ge chéngxù yùnxíng de gèng kuài le.",این برنامه پس از به‌روزرسانی سریع‌تر اجرا می‌شود.,
1613,运营,yùn yíng,HSK 6,动,1,对企业、机构、项目或服务进行经营和管理（及物动）,اداره‌کردن، بهره‌برداری‌کردن از (فعل گذرا),及物动,فعل گذرا,"运营公司 (yùnyíng gōngsī), 运营平台 (yùnyíng píngtái), 负责运营 (fùzé yùnyíng)",这家公司负责运营当地的公共交通系统。,Zhè jiā gōngsī fùzé yùnyíng dāngdì de gōnggòng jiāotōng xìtǒng.,این شرکت مسئول بهره‌برداری از سامانهٔ حمل‌ونقل عمومی محلی است.,
1613,运营,yùn yíng,HSK 6,名,2,企业、机构、项目或服务的经营和运作（名）,عملیات، اداره و بهره‌برداری (اسم),名,اسم,"日常运营 (rìcháng yùnyíng), 运营成本 (yùnyíng chéngběn), 维持运营 (wéichí yùnyíng)",公司正在设法降低日常运营成本。,Gōngsī zhèngzài shèfǎ jiàngdī rìcháng yùnyíng chéngběn.,شرکت در تلاش است هزینه‌های عملیات روزانه را کاهش دهد.,
1614,预期,yù qī,HSK 6,动,1,事先期待或估计某种结果（及物动）,انتظارداشتن، پیش‌بینی‌کردن (فعل گذرا),及物动,فعل گذرا,"预期增长 (yùqī zēngzhǎng), 预期达到 (yùqī dádào), 预期会发生 (yùqī huì fāshēng)",专家预期明年的经济将有所增长。,Zhuānjiā yùqī míngnián de jīngjì jiāng yǒusuǒ zēngzhǎng.,کارشناسان انتظار دارند اقتصاد در سال آینده تا حدی رشد کند.,
1614,预期,yù qī,HSK 6,名,2,事先的期待或估计（名）,انتظار، پیش‌بینی (اسم),名,اسم,"达到预期 (dádào yùqī), 超出预期 (chāochū yùqī), 符合预期 (fúhé yùqī)",新产品的销量远远超出了我们的预期。,Xīn chǎnpǐn de xiāoliàng yuǎnyuǎn chāochū le wǒmen de yùqī.,فروش محصول جدید بسیار فراتر از انتظار ما بود.,
1614,预期,yù qī,HSK 6,形,3,事先期待或估计的（形）,مورد انتظار، پیش‌بینی‌شده (صفت),形,صفت,"预期效果 (yùqī xiàoguǒ), 预期目标 (yùqī mùbiāo), 预期收入 (yùqī shōurù)",实验没有取得预期效果。,Shíyàn méiyǒu qǔdé yùqī xiàoguǒ.,آزمایش نتیجهٔ مورد انتظار را به دست نداد.,
1615,与其,yǔ qí,HSK 6,连,1,用于比较两种选择，常与“不如、宁可”等配合，表示舍弃前者而选择后者（连）,به‌جای اینکه، در مقایسه با اینکه (حرف ربط),连,حرف ربط,"与其等待不如行动 (yǔqí děngdài bùrú xíngdòng), 与其抱怨不如改变 (yǔqí bàoyuàn bùrú gǎibiàn), 与其说是不如说是 (yǔqí shuō shì bùrú shuō shì)",与其一直担心，不如马上开始准备。,"Yǔqí yìzhí dānxīn, bùrú mǎshàng kāishǐ zhǔnbèi.",به‌جای اینکه مدام نگران باشی، بهتر است فوراً آماده‌شدن را شروع کنی.,
1616,羽绒服,yǔ róng fú,HSK 6,名,1,内部填充羽绒、用于保暖的上衣（名）,کاپشن پَر (اسم),名,اسم,"穿羽绒服 (chuān yǔróngfú), 厚羽绒服 (hòu yǔróngfú), 一件羽绒服 (yí jiàn yǔróngfú)",外面很冷，出门别忘了穿羽绒服。,"Wàimiàn hěn lěng, chūmén bié wàng le chuān yǔróngfú.",بیرون خیلی سرد است؛ موقع بیرون‌رفتن یادت نرود کاپشن پَر بپوشی.,
1617,浴室,yù shì,HSK 6,名,1,供人洗澡的房间（名）,حمام (اسم),名,اسم,"公共浴室 (gōnggòng yùshì), 浴室地面 (yùshì dìmiàn), 打扫浴室 (dǎsǎo yùshì)",浴室地面很滑，走路要小心。,"Yùshì dìmiàn hěn huá, zǒulù yào xiǎoxīn.",کف حمام بسیار لغزنده است؛ هنگام راه‌رفتن مراقب باشید.,
1618,欲望,yù wàng,HSK 6,名,1,想得到某种东西或达到某种目的的强烈愿望（名）,میل، خواسته، تمایل شدید (اسم),名,اسم,"强烈欲望 (qiángliè yùwàng), 满足欲望 (mǎnzú yùwàng), 控制欲望 (kòngzhì yùwàng)",人应该学会适当地控制自己的欲望。,Rén yīnggāi xuéhuì shìdàng de kòngzhì zìjǐ de yùwàng.,انسان باید یاد بگیرد خواسته‌هایش را به‌درستی کنترل کند.,
1619,杂,zá,HSK 6,形,1,多种不同的事物混在一起；不单纯或没有条理（形）,مخلوط، جورواجور، درهم‌وبرهم (صفت),形,صفت,"内容很杂 (nèiróng hěn zá), 人多声杂 (rén duō shēng zá), 又多又杂 (yòu duō yòu zá)",这份资料内容太杂，需要重新整理。,"Zhè fèn zīliào nèiróng tài zá, xūyào chóngxīn zhěnglǐ.",محتوای این مجموعه مطالب بیش از حد درهم‌وبرهم است و باید دوباره مرتب شود.,
1620,灾,zāi,HSK 6,名,1,自然或人为原因造成的严重祸害（名）,بلا، فاجعه (اسم),名,اسم,"遭了灾 (zāo le zāi), 一场大灾 (yì chǎng dà zāi), 防灾救灾 (fángzāi jiùzāi)",这场大灾给当地居民造成了严重损失。,Zhè chǎng dà zāi gěi dāngdì jūmín zàochéng le yánzhòng sǔnshī.,این فاجعه خسارت سنگینی به ساکنان منطقه وارد کرد.,
1621,灾害,zāi hài,HSK 6,名,1,自然现象或人为因素造成的严重损害（名）,بلای طبیعی، سانحه، خسارت گسترده (اسم),名,اسم,"自然灾害 (zìrán zāihài), 减少灾害 (jiǎnshǎo zāihài), 灾害发生 (zāihài fāshēng)",暴雨可能引发洪水等自然灾害。,Bàoyǔ kěnéng yǐnfā hóngshuǐ děng zìrán zāihài.,باران شدید ممکن است باعث بلایای طبیعی مانند سیل شود.,
1622,灾难,zāi nàn,HSK 6,名,1,造成巨大损失、痛苦或伤亡的严重事件（名）,فاجعه، مصیبت (اسم),名,اسم,"巨大灾难 (jùdà zāinàn), 遭受灾难 (zāoshòu zāinàn), 避免灾难 (bìmiǎn zāinàn)",战争给当地人民带来了深重的灾难。,Zhànzhēng gěi dāngdì rénmín dàilái le shēnzhòng de zāinàn.,جنگ مصیبت بزرگی برای مردم محلی به بار آورد.,
1623,灾区,zāi qū,HSK 6,名,1,遭受自然灾害或其他重大灾难的地区（名）,منطقهٔ آسیب‌دیده، منطقهٔ حادثه‌زده (اسم),名,اسم,"赶往灾区 (gǎnwǎng zāiqū), 支援灾区 (zhīyuán zāiqū), 灾区群众 (zāiqū qúnzhòng)",救援物资已经陆续运往灾区。,Jiùyuán wùzī yǐjīng lùxù yùnwǎng zāiqū.,اقلام امدادی به‌تدریج به مناطق حادثه‌زده فرستاده شده‌اند.,
1624,再三,zài sān,HSK 6,副,1,一次又一次；反复多次（副）,بارها، مکرراً (قید),副,قید,"再三强调 (zàisān qiángdiào), 再三考虑 (zàisān kǎolǜ), 再三提醒 (zàisān tíxǐng)",医生再三提醒他要按时吃药。,Yīshēng zàisān tíxǐng tā yào ànshí chī yào.,پزشک بارها به او یادآوری کرد که داروهایش را به‌موقع مصرف کند.,
1625,再生,zài shēng,HSK 6,动,1,生物体失去或受损的组织、器官等重新生长（不及物动）,بازسازی‌شدن، دوباره رشدکردن (فعل ناگذر),不及物动,فعل ناگذر,"组织再生 (zǔzhī zàishēng), 细胞再生 (xìbāo zàishēng), 再生能力 (zàishēng nénglì)",这种动物的尾巴具有很强的再生能力。,Zhè zhǒng dòngwù de wěiba jùyǒu hěn qiáng de zàishēng nénglì.,دم این حیوان توانایی زیادی برای رشد دوباره دارد.,
1625,再生,zài shēng,HSK 6,动,2,废旧物品经过加工后重新成为可利用的材料或产品（不及物动）,بازیافت‌شدن، دوباره قابل‌استفاده‌شدن (فعل ناگذر),不及物动,فعل ناگذر,"资源再生 (zīyuán zàishēng), 再生利用 (zàishēng lìyòng), 再生材料 (zàishēng cáiliào)",废纸经过处理后可以再生利用。,Fèizhǐ jīngguò chǔlǐ hòu kěyǐ zàishēng lìyòng.,کاغذ باطله پس از فرآوری می‌تواند بازیافت و دوباره استفاده شود.,
1626,在意,zài yì,HSK 6,动,1,把某人或某事放在心上；介意（及物动）,اهمیت‌دادن به، اهمیت‌دادن و ناراحت‌شدن از (فعل گذرا),及物动,فعل گذرا,"十分在意 (shífēn zàiyì), 在意结果 (zàiyì jiéguǒ), 不必在意 (bùbì zàiyì)",别太在意别人对你的看法。,Bié tài zàiyì biérén duì nǐ de kànfǎ.,بیش از حد به نظر دیگران دربارهٔ خودت اهمیت نده.,
1627,赞赏,zàn shǎng,HSK 6,动,1,认为好而称赞、欣赏（及物动）,تحسین‌کردن، ستودن (فعل گذرا),及物动,فعل گذرا,"赞赏勇气 (zànshǎng yǒngqì), 令人赞赏 (lìng rén zànshǎng), 十分赞赏 (shífēn zànshǎng)",大家都很赞赏她处理问题的方式。,Dàjiā dōu hěn zànshǎng tā chǔlǐ wèntí de fāngshì.,همه شیوهٔ برخورد او با مشکل را تحسین می‌کنند.,
1627,赞赏,zàn shǎng,HSK 6,名,2,称赞和欣赏的态度（名）,تحسین، ستایش (اسم),名,اسم,"表示赞赏 (biǎoshì zànshǎng), 得到赞赏 (dédào zànshǎng), 受到赞赏 (shòudào zànshǎng)",他的出色表现得到了领导的赞赏。,Tā de chūsè biǎoxiàn dédào le lǐngdǎo de zànshǎng.,عملکرد عالی او مورد تحسین مدیر قرار گرفت.,
1628,赞同,zàn tóng,HSK 6,动,1,同意并支持某种意见、主张或做法（及物动）,موافق‌بودن با، تأییدکردن (فعل گذرا),及物动,فعل گذرا,"赞同观点 (zàntóng guāndiǎn), 表示赞同 (biǎoshì zàntóng), 不太赞同 (bú tài zàntóng)",我赞同你的看法，但实施起来并不容易。,"Wǒ zàntóng nǐ de kànfǎ, dàn shíshī qǐlai bìng bù róngyì.",من با نظر تو موافقم، اما اجرای آن آسان نیست.,
1629,遭到,zāo dào,HSK 6,动,1,受到不幸、不利或消极的事情（及物动）,دچارشدن، روبه‌روشدن با (فعل گذرا),及物动,فعل گذرا,"遭到拒绝 (zāodào jùjué), 遭到破坏 (zāodào pòhuài), 遭到批评 (zāodào pīpíng)",这一计划遭到了当地居民的强烈反对。,Zhè yí jìhuà zāodào le dāngdì jūmín de qiángliè fǎnduì.,این طرح با مخالفت شدید ساکنان محلی روبه‌رو شد.,
1630,噪声,zào shēng,HSK 6,名,1,使人感到不适或干扰正常活动的声音；技术上指干扰信号的声音或信号（名）,سروصدا، نویز (اسم),名,اسم,"降低噪声 (jiàngdī zàoshēng), 交通噪声 (jiāotōng zàoshēng), 噪声干扰 (zàoshēng gānrǎo)",长期生活在噪声环境中会影响听力。,Chángqī shēnghuó zài zàoshēng huánjì zhōng huì yǐngxiǎng tīnglì.,زندگی طولانی‌مدت در محیط پرسروصدا می‌تواند به شنوایی آسیب بزند.,
1631,遭受,zāo shòu,HSK 6,动,1,受到不幸、损害、打击或痛苦（及物动）,متحمل‌شدن، دچارشدن (فعل گذرا),及物动,فعل گذرا,"遭受损失 (zāoshòu sǔnshī), 遭受打击 (zāoshòu dǎjī), 遭受痛苦 (zāoshòu tòngkǔ)",这次洪水使当地农业遭受了巨大损失。,Zhè cì hóngshuǐ shǐ dāngdì nóngyè zāoshòu le jùdà sǔnshī.,این سیل خسارت سنگینی به کشاورزی منطقه وارد کرد.,
1632,造型,zào xíng,HSK 6,动,1,设计或塑造物体、人物的外部形象（及物动）,شکل‌دادن، طراحی ظاهری‌کردن (فعل گذرا),及物动,فعل گذرا,"造型设计 (zàoxíng shèjì), 为角色造型 (wèi juésè zàoxíng), 精心造型 (jīngxīn zàoxíng)",设计师根据故事内容为人物造型。,Shèjìshī gēnjù gùshi nèiróng wèi rénwù zàoxíng.,طراح براساس محتوای داستان ظاهر شخصیت‌ها را طراحی می‌کند.,
1632,造型,zào xíng,HSK 6,名,2,物体或人物经过设计后呈现出的外部形象（名）,فرم، طراحی ظاهری، استایل (اسم),名,اسم,"独特造型 (dútè zàoxíng), 建筑造型 (jiànzhù zàoxíng), 舞台造型 (wǔtái zàoxíng)",这座建筑的造型十分独特。,Zhè zuò jiànzhù de zàoxíng shífēn dútè.,طراحی ظاهری این ساختمان بسیار منحصربه‌فرد است.,
1633,遭遇,zāo yù,HSK 6,动,1,遇到不幸、困难、失败等不利情况（及物动）,برخوردکردن با، دچارشدن (فعل گذرا),及物动,فعل گذرا,"遭遇困难 (zāoyù kùnnan), 遭遇失败 (zāoyù shībài), 遭遇危机 (zāoyù wēijī)",公司在发展过程中遭遇了严重的资金困难。,Gōngsī zài fāzhǎn guòchéng zhōng zāoyù le yánzhòng de zījīn kùnnan.,شرکت در مسیر توسعه با مشکلات مالی جدی روبه‌رو شد.,
1633,遭遇,zāo yù,HSK 6,名,2,遇到的不幸或不寻常的经历（名）,سرگذشت، تجربهٔ دشوار (اسم),名,اسم,"不幸遭遇 (búxìng zāoyù), 悲惨遭遇 (bēicǎn zāoyù), 讲述遭遇 (jiǎngshù zāoyù)",她向记者讲述了自己的不幸遭遇。,Tā xiàng jìzhě jiǎngshù le zìjǐ de búxìng zāoyù.,او سرگذشت تلخ خود را برای خبرنگار تعریف کرد.,
1634,则,zé,HSK 6,连,1,表示前后分句之间的承接、结果、转折或对比（连，书面）,آنگاه، اما، درحالی‌که (حرف ربط؛ نوشتاری),连，书面,حرف ربط؛ نوشتاری,"否则 (fǒuzé), 如果成功则 (rúguǒ chénggōng zé), 前者较快后者则较慢 (qiánzhě jiào kuài hòuzhě zé jiào màn)",如果没有按时付款，则合同自动失效。,"Rúguǒ méiyǒu ànshí fùkuǎn, zé hétong zìdòng shīxiào.",اگر پرداخت به‌موقع انجام نشود، قرارداد خودبه‌خود بی‌اعتبار می‌شود.,
1634,则,zé,HSK 6,名,2,规范、准则或原则（名，书面）,قاعده، اصل (اسم؛ نوشتاری),名，书面,اسم؛ نوشتاری,"行为之则 (xíngwéi zhī zé), 以此为则 (yǐ cǐ wéi zé), 基本之则 (jīběn zhī zé)",诚实应当成为每个人的行为之则。,Chéngshí yīngdāng chéngwéi měi ge rén de xíngwéi zhī zé.,صداقت باید اصل رفتاری هر فرد باشد.,
1634,则,zé,HSK 6,量,3,用于新闻、消息、广告、故事等（量）,واحد شمارش خبر، آگهی و داستان (واحد شمارش),量,واحد شمارش,"一则新闻 (yì zé xīnwén), 两则消息 (liǎng zé xiāoxi), 一则广告 (yì zé guǎnggào)",我刚在网上看到一则招聘广告。,Wǒ gāng zài wǎngshàng kàndào yì zé zhāopìn guǎnggào.,همین الان یک آگهی استخدام در اینترنت دیدم.,
1635,扎,zhā,HSK 6,动,1,用尖锐的东西刺入；钻进或插入（及物动、不及物动）,فروکردن، سوراخ‌کردن؛ فرورفتن (فعل گذرا و ناگذر),及物动、不及物动,فعل گذرا و ناگذر,"扎手 (zhā shǒu), 扎进土里 (zhā jìn tǔ lǐ), 扎了一根刺 (zhā le yì gēn cì)",木头上的刺扎进了我的手指。,Mùtou shàng de cì zhā jìn le wǒ de shǒuzhǐ.,تراشهٔ چوب در انگشتم فرو رفت.,
1635,扎,zā,HSK 6,动,2,用绳子、带子等捆、系或束（及物动）,بستن، گره‌زدن (فعل گذرا),及物动,فعل گذرا,"扎头发 (zā tóufa), 扎鞋带 (zā xiédài), 扎成一束 (zā chéng yí shù)",她用一根带子把头发扎了起来。,Tā yòng yì gēn dàizi bǎ tóufa zā le qǐlai.,او موهایش را با یک کش بست.,
1636,粘,zhān,HSK 6,动,1,用有黏性的物质使物体连接；附着在别的物体上（及物动、不及物动）,چسباندن، چسبیدن (فعل گذرا و ناگذر),及物动、不及物动,فعل گذرا و ناگذر,"粘在墙上 (zhān zài qiáng shàng), 粘住纸张 (zhānzhù zhǐzhāng), 用胶水粘 (yòng jiāoshuǐ zhān)",请用胶水把这张照片粘在纸上。,Qǐng yòng jiāoshuǐ bǎ zhè zhāng zhàopiàn zhān zài zhǐ shàng.,لطفاً این عکس را با چسب روی کاغذ بچسبانید.,
1636,粘,nián,HSK 6,形,2,物质具有黏性，不容易分开或流动（形）,چسبناک، غلیظ (صفت),形,صفت,"又湿又粘 (yòu shī yòu nián), 感觉很粘 (gǎnjué hěn nián), 煮得太粘 (zhǔ de tài nián)",米饭煮得太粘了。,Mǐfàn zhǔ de tài nián le.,برنج بیش از حد چسبناک پخته شده است.,
1637,占比,zhàn bǐ,HSK 6,名,1,某一部分在总体中所占的比例（名）,سهم، نسبت (اسم),名,اسم,"占比较高 (zhànbǐ jiào gāo), 市场占比 (shìchǎng zhànbǐ), 提高占比 (tígāo zhànbǐ)",网络销售在公司总收入中的占比不断提高。,Wǎngluò xiāoshòu zài gōngsī zǒng shōurù zhōng de zhànbǐ búduàn tígāo.,سهم فروش اینترنتی از کل درآمد شرکت پیوسته در حال افزایش است.,
1638,战斗,zhàn dòu,HSK 6,动,1,与敌人进行武装斗争；为实现目标而奋力斗争（不及物动）,جنگیدن، مبارزه‌کردن (فعل ناگذر),不及物动,فعل ناگذر,"英勇战斗 (yīngyǒng zhàndòu), 继续战斗 (jìxù zhàndòu), 为自由战斗 (wèi zìyóu zhàndòu)",士兵们为了保卫家园英勇战斗。,Shìbīngmen wèile bǎowèi jiāyuán yīngyǒng zhàndòu.,سربازان برای دفاع از سرزمینشان شجاعانه جنگیدند.,
1638,战斗,zhàn dòu,HSK 6,名,2,敌对双方进行的武装冲突或激烈斗争（名）,نبرد، مبارزه (اسم),名,اسم,"激烈战斗 (jīliè zhàndòu), 投入战斗 (tóurù zhàndòu), 战斗结束 (zhàndòu jiéshù)",这场战斗持续了整整三天。,Zhè chǎng zhàndòu chíxù le zhěngzhěng sān tiān.,این نبرد سه روز کامل ادامه داشت.,
1639,章,zhāng,HSK 6,名,1,书籍、文章或法规中按内容划分的部分（名）,فصل، بخش (اسم),名,اسم,"第一章 (dì-yī zhāng), 全书共十章 (quánshū gòng shí zhāng), 最后一章 (zuìhòu yì zhāng)",这一章主要介绍研究方法。,Zhè yì zhāng zhǔyào jièshào yánjiū fāngfǎ.,این فصل بیشتر به معرفی روش تحقیق می‌پردازد.,
1639,章,zhāng,HSK 6,名,2,印章；盖在文件上表示证明或认可的印记（名）,مُهر (اسم),名,اسم,"盖个章 (gài ge zhāng), 公司的章 (gōngsī de zhāng), 章盖错了 (zhāng gài cuò le)",请负责人在这份文件上盖个章。,Qǐng fùzérén zài zhè fèn wénjiàn shàng gài ge zhāng.,لطفاً مسئول مربوطه این مدرک را مهر کند.,
1639,章,Zhāng,HSK 6,名,3,姓氏（名）,نام خانوادگی «جانگ» (اسم),名,اسم,"章老师 (Zhāng lǎoshī), 章先生 (Zhāng xiānsheng), 姓章 (xìng Zhāng)",章老师下学期还教我们历史。,Zhāng lǎoshī xià xuéqī hái jiāo wǒmen lìshǐ.,معلم جانگ ترم آینده نیز به ما تاریخ درس می‌دهد.,
1640,障碍,zhàng ài,HSK 6,名,1,阻挡前进或妨碍事情进行的事物或问题（名）,مانع، اختلال (اسم),名,اسم,"克服障碍 (kèfú zhàng’ài), 设置障碍 (shèzhì zhàng’ài), 语言障碍 (yǔyán zhàng’ài)",语言障碍给他们的交流带来了困难。,Yǔyán zhàng’ài gěi tāmen de jiāoliú dàilái le kùnnan.,مانع زبانی ارتباط میان آن‌ها را دشوار کرده است.,
1641,长辈,zhǎng bèi,HSK 6,名,1,辈分比自己高的亲属，也泛指年长者（名）,بزرگ‌تر خانواده، بزرگ‌تر (اسم),名,اسم,"尊敬长辈 (zūnjìng zhǎngbèi), 家中长辈 (jiāzhōng zhǎngbèi), 请教长辈 (qǐngjiào zhǎngbèi)",在许多家庭中，晚辈都很尊敬长辈。,"Zài xǔduō jiātíng zhōng, wǎnbèi dōu hěn zūnjìng zhǎngbèi.",در بسیاری از خانواده‌ها، کوچک‌ترها احترام زیادی برای بزرگ‌ترها قائل‌اند.,
1642,账单,zhàng dān,HSK 6,名,1,记录应付或已发生费用的单据或明细（名）,صورتحساب، قبض (اسم),名,اسم,"支付账单 (zhīfù zhàngdān), 查看账单 (chákàn zhàngdān), 银行账单 (yínháng zhàngdān)",服务员把账单放在了桌上。,Fúwùyuán bǎ zhàngdān fàng zài le zhuō shàng.,پیشخدمت صورتحساب را روی میز گذاشت.,
1643,占据,zhàn jù,HSK 6,动,1,用力量取得并占有某个地方或位置（及物动）,اشغال‌کردن، تصرف‌کردن (فعل گذرا),及物动,فعل گذرا,"占据阵地 (zhànjù zhèndì), 占据有利位置 (zhànjù yǒulì wèizhi), 被敌人占据 (bèi dírén zhànjù)",他们很快占据了有利位置。,Tāmen hěn kuài zhànjù le yǒulì wèizhi.,آن‌ها خیلی زود موقعیت مناسبی را تصرف کردند.,
1643,占据,zhàn jù,HSK 6,动,2,在空间、时间、数量或重要性等方面占有一定部分（及物动）,به خود اختصاص‌دادن، جای زیادی گرفتن (فعل گذرا),及物动,فعل گذرا,"占据空间 (zhànjù kōngjiān), 占据市场 (zhànjù shìchǎng), 占据重要地位 (zhànjù zhòngyào dìwèi)",这张桌子占据了房间的大部分空间。,Zhè zhāng zhuōzi zhànjù le fángjiān de dàbùfen kōngjiān.,این میز بیشتر فضای اتاق را اشغال کرده است.,
1644,战胜,zhàn shèng,HSK 6,动,1,在战争、比赛或竞争中打败对方（及物动）,شکست‌دادن، پیروزشدن بر (فعل گذرا),及物动,فعل گذرا,"战胜对手 (zhànshèng duìshǒu), 战胜敌人 (zhànshèng dírén), 成功战胜 (chénggōng zhànshèng)",中国队最终战胜了强大的对手。,Zhōngguó duì zuìzhōng zhànshèng le qiángdà de duìshǒu.,تیم چین سرانجام حریف قدرتمندش را شکست داد.,
1644,战胜,zhàn shèng,HSK 6,动,2,克服困难、恐惧、疾病等（及物动）,غلبه‌کردن بر (فعل گذرا),及物动,فعل گذرا,"战胜困难 (zhànshèng kùnnan), 战胜恐惧 (zhànshèng kǒngjù), 战胜疾病 (zhànshèng jíbìng)",她终于战胜了内心的恐惧。,Tā zhōngyú zhànshèng le nèixīn de kǒngjù.,او سرانجام بر ترس درونی‌اش غلبه کرد.,
1645,粘贴,zhān tiē,HSK 6,动,1,用有黏性的物质把纸张、物品等贴在某处（及物动）,چسباندن (فعل گذرا),及物动,فعل گذرا,"粘贴照片 (zhāntiē zhàopiàn), 粘贴标签 (zhāntiē biāoqiān), 粘贴在墙上 (zhāntiē zài qiáng shàng)",请把标签粘贴在盒子的正面。,Qǐng bǎ biāoqiān zhāntiē zài hézi de zhèngmiàn.,لطفاً برچسب را روی جلوی جعبه بچسبانید.,
1645,粘贴,zhān tiē,HSK 6,动,2,把复制或剪切的文字、图片等放到电子文档中的指定位置（及物动，计算机）,جای‌گذاری‌کردن، پیست‌کردن (فعل گذرا؛ رایانه),及物动，计算机,فعل گذرا؛ رایانه,"复制粘贴 (fùzhì zhāntiē), 粘贴文字 (zhāntiē wénzì), 粘贴到文档中 (zhāntiē dào wéndàng zhōng)",请复制这段文字并粘贴到表格中。,Qǐng fùzhì zhè duàn wénzì bìng zhāntiē dào biǎogé zhōng.,لطفاً این متن را کپی و در جدول جای‌گذاری کنید.,
1646,崭新,zhǎn xīn,HSK 6,形,1,非常新；完全没有使用过或呈现出全新的面貌（形）,کاملاً نو، نو و تازه (صفت),形,صفت,"崭新的衣服 (zhǎnxīn de yīfu), 崭新面貌 (zhǎnxīn miànmào), 崭新时代 (zhǎnxīn shídài)",搬进新家后，他们买了一套崭新的家具。,"Bānjìn xīn jiā hòu, tāmen mǎi le yí tào zhǎnxīn de jiājù.",آن‌ها پس از اسباب‌کشی به خانهٔ جدید، یک دست مبلمان کاملاً نو خریدند.,
1647,占有,zhàn yǒu,HSK 6,动,1,拥有或控制人、土地、财物、资源等（及物动）,در اختیارداشتن، مالک‌بودن بر (فعل گذرا),及物动,فعل گذرا,"占有土地 (zhànyǒu tǔdì), 占有资源 (zhànyǒu zīyuán), 非法占有 (fēifǎ zhànyǒu)",任何人都无权非法占有公共财产。,Rènhé rén dōu wúquán fēifǎ zhànyǒu gōnggòng cáichǎn.,هیچ‌کس حق ندارد اموال عمومی را به‌طور غیرقانونی تصاحب کند.,
1648,战争,zhàn zhēng,HSK 6,名,1,国家、民族、阶级或政治集团之间进行的武装斗争（名）,جنگ (اسم),名,اسم,"发动战争 (fādòng zhànzhēng), 结束战争 (jiéshù zhànzhēng), 战争爆发 (zhànzhēng bàofā)",战争给普通人的生活带来了巨大痛苦。,Zhànzhēng gěi pǔtōng rén de shēnghuó dàilái le jùdà tòngkǔ.,جنگ رنج بزرگی به زندگی مردم عادی وارد کرد.,
1649,招,zhāo,HSK 6,动,1,公开募集或聘用人员（及物动）,استخدام‌کردن، جذب نیروکردن (فعل گذرا),及物动,فعل گذرا,"招了新人 (zhāo le xīnrén), 招十名员工 (zhāo shí míng yuángōng), 公开招人 (gōngkāi zhāo rén)",这家餐厅最近要招两名服务员。,Zhè jiā cāntīng zuìjìn yào zhāo liǎng míng fúwùyuán.,این رستوران به‌تازگی قصد دارد دو پیشخدمت استخدام کند.,
1649,招,zhāo,HSK 6,动,2,引来或惹来某种人、事物或结果（及物动）,جلب‌کردن، به‌بارآوردن (فعل گذرا),及物动,فعل گذرا,"招人喜欢 (zhāo rén xǐhuan), 招来麻烦 (zhāolái máfan), 招蚊子 (zhāo wénzi)",垃圾放在门口很容易招蚊子。,Lājī fàng zài ménkǒu hěn róngyì zhāo wénzi.,گذاشتن زباله جلوی در به‌راحتی پشه‌ها را جذب می‌کند.,
1649,招,zhāo,HSK 6,名,3,方法、计策或武术、棋类中的动作（名）,ترفند، راهکار، حرکت (اسم),名,اسم,"想个招 (xiǎng ge zhāo), 这一招 (zhè yì zhāo), 最后一招 (zuìhòu yì zhāo)",这个办法不行，我们得再想个招。,"Zhè ge bànfǎ bù xíng, wǒmen děi zài xiǎng ge zhāo.",این روش جواب نمی‌دهد؛ باید ترفند دیگری پیدا کنیم.,
1649,招,zhāo,HSK 6,动,4,承认并说出自己的罪行或隐瞒的事情（不及物动，口语）,اعتراف‌کردن (فعل ناگذر؛ گفتاری),不及物动，口语,فعل ناگذر؛ گفتاری,"全招了 (quán zhāo le), 如实招了 (rúshí zhāo le), 终于肯招 (zhōngyú kěn zhāo)",在证据面前，他把一切都招了。,"Zài zhèngjù miànqián, tā bǎ yíqiè dōu zhāo le.",او در برابر شواهد به همه‌چیز اعتراف کرد.,
1650,招待,zhāo dài,HSK 6,动,1,对客人或顾客表示欢迎并提供服务、饮食等（及物动）,پذیرایی‌کردن از، میزبانی‌کردن از (فعل گذرا),及物动,فعل گذرا,"热情招待 (rèqíng zhāodài), 招待客人 (zhāodài kèrén), 好好招待 (hǎohāo zhāodài)",他们准备了丰盛的晚餐招待客人。,Tāmen zhǔnbèi le fēngshèng de wǎncān zhāodài kèrén.,آن‌ها شام مفصلی برای پذیرایی از مهمانان آماده کردند.,
1651,照明,zhào míng,HSK 6,动,1,用灯光等照亮黑暗的地方（不及物动）,روشنایی‌دادن، روشن‌کردن (فعل ناگذر),不及物动,فعل ناگذر,"用灯照明 (yòng dēng zhàomíng), 提供照明 (tígōng zhàomíng), 夜间照明 (yèjiān zhàomíng)",停电后，他们用手电筒照明。,"Tíngdiàn hòu, tāmen yòng shǒudiàntǒng zhàomíng.",پس از قطع برق، آن‌ها از چراغ‌قوه برای روشنایی استفاده کردند.,
1651,照明,zhào míng,HSK 6,名,2,照亮黑暗环境的设备或光线（名）,روشنایی، نورپردازی (اسم),名,اسم,"道路照明 (dàolù zhàomíng), 室内照明 (shìnèi zhàomíng), 照明设备 (zhàomíng shèbèi)",地下停车场的照明不太好。,Dìxià tíngchēchǎng de zhàomíng bú tài hǎo.,روشنایی پارکینگ زیرزمینی چندان مناسب نیست.,
1652,招生,zhāo shēng,HSK 6,动,1,学校或培训机构招收新学生（及物动）,دانش‌آموز یا دانشجو پذیرفتن (فعل گذرا),及物动,فعل گذرا,"开始招生 (kāishǐ zhāoshēng), 招生人数 (zhāoshēng rénshù), 面向全国招生 (miànxiàng quánguó zhāoshēng)",这所学校今年计划招收三百名新生。,Zhè suǒ xuéxiào jīnnián jìhuà zhāoshōu sānbǎi míng xīnshēng.,این مدرسه قصد دارد امسال سیصد دانش‌آموز جدید بپذیرد.,
1653,招手,zhāo shǒu,HSK 6,动,1,举起手来回摆动，表示打招呼、告别或叫人过来（不及物动）,دست تکان‌دادن، با دست اشاره‌کردن (فعل ناگذر),不及物动,فعل ناگذر,"向我招手 (xiàng wǒ zhāoshǒu), 挥手招手 (huīshǒu zhāoshǒu), 笑着招手 (xiàozhe zhāoshǒu)",她站在马路对面向我招手。,Tā zhàn zài mǎlù duìmiàn xiàng wǒ zhāoshǒu.,او آن سوی خیابان ایستاده بود و برایم دست تکان می‌داد.,
1654,招收,zhāo shōu,HSK 6,动,1,通过公开方式接收学生、员工、成员等（及物动）,پذیرفتن، جذب‌کردن (فعل گذرا),及物动,فعل گذرا,"招收学生 (zhāoshōu xuésheng), 招收员工 (zhāoshōu yuángōng), 公开招收 (gōngkāi zhāoshōu)",这个培训班只招收有相关经验的学员。,Zhè ge péixùnbān zhǐ zhāoshōu yǒu xiāngguān jīngyàn de xuéyuán.,این دورهٔ آموزشی فقط کارآموزان دارای تجربهٔ مرتبط را می‌پذیرد.,
1655,折,zhé,HSK 6,动,1,把较薄或较软的物体弯转、叠起来（及物动）,تا‌کردن (فعل گذرا),及物动,فعل گذرا,"折衣服 (zhé yīfu), 折成两半 (zhé chéng liǎng bàn), 折一张纸 (zhé yì zhāng zhǐ)",请把这张纸对折两次。,Qǐng bǎ zhè zhāng zhǐ duìzhé liǎng cì.,لطفاً این کاغذ را دو بار از وسط تا کنید.,
1655,折,zhé,HSK 6,名,2,商品价格按原价的十分之几计算的折扣（名）,تخفیف برحسب دهمِ قیمت اصلی (اسم),名,اسم,"打八折 (dǎ bā zhé), 七五折 (qīwǔ zhé), 不打折 (bù dǎzhé)",这件衣服打八折以后是四百元。,Zhè jiàn yīfu dǎ bā zhé yǐhòu shì sìbǎi yuán.,قیمت این لباس پس از بیست درصد تخفیف چهارصد یوان است.,
1655,折,shé,HSK 6,动,3,物体因受力而断裂（不及物动）,شکستن، قطع‌شدن (فعل ناگذر),不及物动,فعل ناگذر,"树枝折了 (shùzhī shé le), 腿摔折了 (tuǐ shuāi shé le), 一碰就折 (yí pèng jiù shé)",这根树枝太细，一压就折了。,"Zhè gēn shùzhī tài xì, yí yā jiù shé le.",این شاخه خیلی نازک بود و با کمی فشار شکست.,
1656,镇,zhèn,HSK 6,名,1,规模比城市小、比乡村大的居民区和行政单位（名）,شهرک، بخش (اسم),名,اسم,"一个小镇 (yí ge xiǎozhèn), 镇中心 (zhèn zhōngxīn), 住在镇上 (zhù zài zhèn shàng)",这个镇因古老的建筑而闻名。,Zhè ge zhèn yīn gǔlǎo de jiànzhù ér wénmíng.,این شهرک به بناهای قدیمی‌اش مشهور است.,
1656,镇,zhèn,HSK 6,动,2,压住、控制或使局面安定（及物动）,مهارکردن، آرام و کنترل‌کردن (فعل گذرا),及物动,فعل گذرا,"镇住场面 (zhènzhù chǎngmiàn), 镇住对方 (zhènzhù duìfāng), 把局面镇住 (bǎ júmiàn zhènzhù)",关键时刻，他一个人镇住了场面。,"Guānjiàn shíkè, tā yí ge rén zhènzhù le chǎngmiàn.",در لحظهٔ حساس، او به‌تنهایی اوضاع را کنترل کرد.,
1657,针,zhēn,HSK 6,名,1,一头尖锐、用于缝纫、医疗等的细长工具（名）,سوزن (اسم),名,اسم,"一根针 (yì gēn zhēn), 缝衣针 (féngyī zhēn), 针扎手 (zhēn zhā shǒu)",奶奶戴上眼镜，把线穿进针里。,"Nǎinai dàishàng yǎnjìng, bǎ xiàn chuān jìn zhēn lǐ.",مادربزرگ عینکش را زد و نخ را از سوزن رد کرد.,
1657,针,zhēn,HSK 6,名,2,一次针剂注射（名，口语）,آمپول، تزریق (اسم؛ گفتاری),名，口语,اسم؛ گفتاری,"打一针 (dǎ yì zhēn), 每天一针 (měitiān yì zhēn), 这针药 (zhè zhēn yào)",医生说我需要再打一针。,Yīshēng shuō wǒ xūyào zài dǎ yì zhēn.,پزشک گفت باید یک آمپول دیگر بزنم.,
1658,睁,zhēng,HSK 6,动,1,张开眼睛（及物动）,بازکردن چشم (فعل گذرا),及物动,فعل گذرا,"睁大眼睛 (zhēngdà yǎnjing), 睁不开眼 (zhēng bu kāi yǎn), 睁着眼睛 (zhēngzhe yǎnjing)",听到声音后，她立刻睁开了眼睛。,"Tīngdào shēngyīn hòu, tā lìkè zhēngkāi le yǎnjing.",او با شنیدن صدا فوراً چشمانش را باز کرد.,
1659,政策,zhèng cè,HSK 6,名,1,国家、政党或组织为实现一定目标而制定的行动原则和措施（名）,سیاست، خط‌مشی (اسم),名,اسم,"制定政策 (zhìdìng zhèngcè), 实施政策 (shíshī zhèngcè), 政策调整 (zhèngcè tiáozhěng)",政府出台了支持小企业的新政策。,Zhèngfǔ chūtái le zhīchí xiǎo qǐyè de xīn zhèngcè.,دولت سیاست جدیدی برای حمایت از کسب‌وکارهای کوچک ارائه کرده است.,
1660,争吵,zhēng chǎo,HSK 6,动,1,因意见不合而大声互相争辩（不及物动）,دعواکردن، جروبحث‌کردن (فعل ناگذر),不及物动,فعل ناگذر,"激烈争吵 (jīliè zhēngchǎo), 不停争吵 (bùtíng zhēngchǎo), 为小事争吵 (wèi xiǎoshì zhēngchǎo)",他们因为一点儿小事争吵了起来。,Tāmen yīnwèi yìdiǎnr xiǎoshì zhēngchǎo le qǐlai.,آن‌ها بر سر موضوع کوچکی با هم دعوا کردند.,
1660,争吵,zhēng chǎo,HSK 6,名,2,因意见不合产生的激烈争辩（名）,دعوا، جروبحث (اسم),名,اسم,"发生争吵 (fāshēng zhēngchǎo), 一场争吵 (yì chǎng zhēngchǎo), 避免争吵 (bìmiǎn zhēngchǎo)",一次激烈的争吵破坏了他们之间的关系。,Yí cì jīliè de zhēngchǎo pòhuài le tāmen zhījiān de guānxì.,یک دعوای شدید رابطهٔ میان آن‌ها را خراب کرد.,
1661,争夺,zhēng duó,HSK 6,动,1,互相竞争或斗争以取得某人、某物、地位或控制权（及物动）,رقابت و کشمکش‌کردن برای تصاحب (فعل گذرا),及物动,فعل گذرا,"争夺冠军 (zhēngduó guànjūn), 争夺资源 (zhēngduó zīyuán), 争夺控制权 (zhēngduó kòngzhìquán)",两支球队将争夺本届比赛的冠军。,Liǎng zhī qiúduì jiāng zhēngduó běn jiè bǐsài de guànjūn.,دو تیم برای قهرمانی این دوره از مسابقات رقابت خواهند کرد.,
1662,正规,zhèng guī,HSK 6,形,1,符合正式规定或公认标准的（形）,رسمی، معتبر، استاندارد (صفت),形,صفت,"正规医院 (zhèngguī yīyuàn), 正规渠道 (zhèngguī qúdào), 正规训练 (zhèngguī xùnliàn)",购买药品时应选择正规的药店。,Gòumǎi yàopǐn shí yīng xuǎnzé zhèngguī de yàodiàn.,هنگام خرید دارو باید داروخانه‌ای معتبر انتخاب کرد.,
1663,争论,zhēng lùn,HSK 6,动,1,各自坚持不同观点，互相辩论（不及物动）,بحث و جدل‌کردن (فعل ناگذر),不及物动,فعل ناگذر,"激烈争论 (jīliè zhēnglùn), 继续争论 (jìxù zhēnglùn), 为此争论 (wèicǐ zhēnglùn)",双方就这个问题争论了很长时间。,Shuāngfāng jiù zhè ge wèntí zhēnglùn le hěn cháng shíjiān.,دو طرف مدت زیادی دربارهٔ این موضوع بحث کردند.,
1663,争论,zhēng lùn,HSK 6,名,2,因观点不同而进行的辩论（名）,بحث، مجادله (اسم),名,اسم,"引起争论 (yǐnqǐ zhēnglùn), 一场争论 (yì chǎng zhēnglùn), 停止争论 (tíngzhǐ zhēnglùn)",他的观点在会上引起了激烈争论。,Tā de guāndiǎn zài huì shàng yǐnqǐ le jīliè zhēnglùn.,دیدگاه او در جلسه بحث شدیدی به راه انداخت.,
1664,正面,zhèng miàn,HSK 6,名,1,物体主要使用、朝外或有图案的一面；人体朝前的一面（名）,رویِ چیزی، سمت جلو (اسم),名,اسم,"硬币的正面 (yìngbì de zhèngmiàn), 建筑正面 (jiànzhù zhèngmiàn), 从正面看 (cóng zhèngmiàn kàn)",请把身份证的正面朝上放。,Qǐng bǎ shēnfènzhèng de zhèngmiàn cháoshàng fàng.,لطفاً کارت شناسایی را از سمت رو به بالا بگذارید.,
1664,正面,zhèng miàn,HSK 6,形,2,积极、有利或具有肯定作用的（形）,مثبت، سازنده (صفت),形,صفت,"正面影响 (zhèngmiàn yǐngxiǎng), 正面评价 (zhèngmiàn píngjià), 正面形象 (zhèngmiàn xíngxiàng)",这次改革对经济发展产生了正面影响。,Zhè cì gǎigé duì jīngjì fāzhǎn chǎnshēng le zhèngmiàn yǐngxiǎng.,این اصلاحات تأثیر مثبتی بر توسعهٔ اقتصادی گذاشت.,
1664,正面,zhèng miàn,HSK 6,副,3,直接面对，不回避地（副）,مستقیم، رودررو (قید),副,قید,"正面回答 (zhèngmiàn huídá), 正面面对 (zhèngmiàn miànduì), 正面交锋 (zhèngmiàn jiāofēng)",他没有正面回答记者的问题。,Tā méiyǒu zhèngmiàn huídá jìzhě de wèntí.,او مستقیماً به سؤال خبرنگار پاسخ نداد.,
1665,征求,zhēng qiú,HSK 6,动,1,通过询问或公开方式寻求意见、建议、同意等（及物动）,خواستن، جویاشدن (فعل گذرا),及物动,فعل گذرا,"征求意见 (zhēngqiú yìjiàn), 征求建议 (zhēngqiú jiànyì), 征求同意 (zhēngqiú tóngyì)",作出决定前，我们应该征求大家的意见。,"Zuòchū juédìng qián, wǒmen yīnggāi zhēngqiú dàjiā de yìjiàn.",پیش از تصمیم‌گیری باید نظر همه را جویا شویم.,
1666,证实,zhèng shí,HSK 6,动,1,通过证据或事实证明某件事真实、正确（及物动）,تأییدکردن، ثابت‌کردن (فعل گذرا),及物动,فعل گذرا,"证实消息 (zhèngshí xiāoxi), 得到证实 (dédào zhèngshí), 研究证实 (yánjiū zhèngshí)",警方证实了这条消息的真实性。,Jǐngfāng zhèngshí le zhè tiáo xiāoxi de zhēnshíxìng.,پلیس صحت این خبر را تأیید کرد.,
1667,正义,zhèng yì,HSK 6,名,1,符合社会道德和公平原则的正确道理或行为（名）,عدالت، حق‌طلبی (اسم),名,اسم,"维护正义 (wéihù zhèngyì), 追求正义 (zhuīqiú zhèngyì), 社会正义 (shèhuì zhèngyì)",他始终相信正义最终会得到伸张。,Tā shǐzhōng xiāngxìn zhèngyì zuìzhōng huì dédào shēnzhāng.,او همیشه باور داشت که سرانجام عدالت اجرا خواهد شد.,
1668,争议,zhēng yì,HSK 6,名,1,因意见不同而产生的争论或分歧（名）,اختلاف‌نظر، مناقشه (اسم),名,اسم,"引发争议 (yǐnfā zhēngyì), 存在争议 (cúnzài zhēngyì), 解决争议 (jiějué zhēngyì)",这项政策自公布以来一直存在争议。,Zhè xiàng zhèngcè zì gōngbù yǐlái yìzhí cúnzài zhēngyì.,این سیاست از زمان اعلام تاکنون همواره محل اختلاف‌نظر بوده است.,
1669,症状,zhèng zhuàng,HSK 6,名,1,疾病在身体或精神方面表现出来的异常现象（名）,علامت بیماری، نشانه (اسم),名,اسم,"出现症状 (chūxiàn zhèngzhuàng), 症状严重 (zhèngzhuàng yánzhòng), 减轻症状 (jiǎnqīng zhèngzhuàng)",如果症状持续加重，请及时就医。,"Rúguǒ zhèngzhuàng chíxù jiāzhòng, qǐng jíshí jiùyī.",اگر علائم پیوسته شدیدتر شد، به‌موقع به پزشک مراجعه کنید.,
1670,枕头,zhěn tou,HSK 6,名,1,睡觉时垫在头下的物品（名）,بالش (اسم),名,اسم,"一个枕头 (yí ge zhěntou), 软枕头 (ruǎn zhěntou), 把头放在枕头上 (bǎ tóu fàng zài zhěntou shàng)",这个枕头太高了，我睡得不舒服。,"Zhè ge zhěntou tài gāo le, wǒ shuì de bù shūfu.",این بالش بیش از حد بلند است و با آن راحت نمی‌خوابم.,
1671,真相,zhēn xiàng,HSK 6,名,1,事情的真实情况（名）,حقیقت، واقعیت ماجرا (اسم),名,اسم,"查明真相 (chámíng zhēnxiàng), 隐瞒真相 (yǐnmán zhēnxiàng), 了解真相 (liǎojiě zhēnxiàng)",警方正在调查事故的真相。,Jǐngfāng zhèngzài diàochá shìgù de zhēnxiàng.,پلیس در حال بررسی حقیقت حادثه است.,
1672,阵雨,zhèn yǔ,HSK 6,名,1,持续时间较短、开始和停止都比较突然的降雨（名）,رگبار باران (اسم),名,اسم,"局部阵雨 (júbù zhènyǔ), 午后阵雨 (wǔhòu zhènyǔ), 出现阵雨 (chūxiàn zhènyǔ)",天气预报说明天下午有阵雨。,Tiānqì yùbào shuō míngtiān xiàwǔ yǒu zhènyǔ.,پیش‌بینی هوا می‌گوید فردا بعدازظهر رگبار می‌بارد.,
1673,珍珠,zhēn zhū,HSK 6,名,1,某些贝类体内形成的圆形颗粒，通常有光泽，可用作装饰品（名）,مروارید (اسم),名,اسم,"天然珍珠 (tiānrán zhēnzhū), 一颗珍珠 (yì kē zhēnzhū), 珍珠项链 (zhēnzhū xiàngliàn)",奶奶送给她一条珍珠项链。,Nǎinai sòng gěi tā yì tiáo zhēnzhū xiàngliàn.,مادربزرگ یک گردنبند مروارید به او هدیه داد.,
1674,制,zhì,HSK 6,动,1,制造；用原材料做成某种物品（及物动）,ساختن، تولیدکردن (فعل گذرا),及物动,فعل گذرا,"用木头制的 (yòng mùtou zhì de), 手工制 (shǒugōng zhì), 中国制 (Zhōngguó zhì)",这套餐具是用竹子制的。,Zhè tào cānjù shì yòng zhúzi zhì de.,این مجموعه ظروف از بامبو ساخته شده است.,
1675,枝,zhī,HSK 6,名,1,植物主干上分出的茎条（名）,شاخه (اسم),名,اسم,"一根树枝 (yì gēn shùzhī), 枯枝 (kūzhī), 枝上开花 (zhī shàng kāihuā)",一只小鸟停在树枝上。,Yì zhī xiǎoniǎo tíng zài shùzhī shàng.,پرندهٔ کوچکی روی شاخهٔ درخت نشست.,
1675,枝,zhī,HSK 6,量,2,用于带杆的物品，如花、笔、枪等（量）,واحد شمارش اشیای باریک و میله‌ای (واحد شمارش),量,واحد شمارش,"一枝花 (yì zhī huā), 三枝笔 (sān zhī bǐ), 一枝箭 (yì zhī jiàn)",她从花瓶里拿出了一枝花。,Tā cóng huāpíng lǐ náchū le yì zhī huā.,او یک شاخه گل از گلدان بیرون آورد.,
1676,值班,zhí bān,HSK 6,动,1,按照安排在规定时间内负责工作或处理事务（不及物动）,کشیک‌دادن، شیفت‌بودن (فعل ناگذر),不及物动,فعل ناگذر,"夜间值班 (yèjiān zhíbān), 轮流值班 (lúnliú zhíbān), 值班到深夜 (zhíbān dào shēnyè)",今晚轮到我在医院值班。,Jīnwǎn lún dào wǒ zài yīyuàn zhíbān.,امشب نوبت من است که در بیمارستان کشیک بدهم.,
1677,支撑,zhī chēng,HSK 6,动,1,用力量顶住物体，使其不倒塌或不移动（及物动）,نگه‌داشتن، تکیه‌گاه‌بودن برای (فعل گذرا),及物动,فعل گذرا,"支撑屋顶 (zhīchēng wūdǐng), 支撑身体 (zhīchēng shēntǐ), 用木柱支撑 (yòng mùzhù zhīchēng)",这些柱子支撑着整个屋顶。,Zhèxiē zhùzi zhīchēngzhe zhěngge wūdǐng.,این ستون‌ها تمام سقف را نگه داشته‌اند.,
1677,支撑,zhī chēng,HSK 6,动,2,使人或事物能够承受压力并继续存在、发展或运行（及物动）,پشتیبانی‌کردن، سرپا نگه‌داشتن (فعل گذرا),及物动,فعل گذرا,"支撑生活 (zhīchēng shēnghuó), 支撑经济发展 (zhīchēng jīngjì fāzhǎn), 难以支撑 (nányǐ zhīchēng)",这份收入很难支撑一家人的生活。,Zhè fèn shōurù hěn nán zhīchēng yìjiārén de shēnghuó.,این درآمد به‌سختی می‌تواند مخارج زندگی یک خانواده را تأمین کند.,
1678,支出,zhī chū,HSK 6,动,1,付出或花费钱财（及物动）,خرج‌کردن، پرداخت‌کردن (فعل گذرا),及物动,فعل گذرا,"支出费用 (zhīchū fèiyòng), 支出一笔钱 (zhīchū yì bǐ qián), 由公司支出 (yóu gōngsī zhīchū)",活动所需的费用由公司支出。,Huódòng suǒ xū de fèiyòng yóu gōngsī zhīchū.,هزینه‌های لازم برای این برنامه را شرکت پرداخت می‌کند.,
1678,支出,zhī chū,HSK 6,名,2,付出去的钱；费用（名）,هزینه، مخارج (اسم),名,اسم,"日常支出 (rìcháng zhīchū), 减少支出 (jiǎnshǎo zhīchū), 家庭支出 (jiātíng zhīchū)",房租是这个家庭最大的一项支出。,Fángzū shì zhè ge jiātíng zuìdà de yí xiàng zhīchū.,اجاره‌بها بزرگ‌ترین هزینهٔ این خانواده است.,
1679,只得,zhǐ dé,HSK 6,副,1,没有其他办法，只能如此（副）,ناچار، چاره‌ای جز این نداشتن (قید),副,قید,"只得放弃 (zhǐdé fàngqì), 只得同意 (zhǐdé tóngyì), 只得重新开始 (zhǐdé chóngxīn kāishǐ)",末班车已经走了，我们只得打车回家。,"Mòbānchē yǐjīng zǒu le, wǒmen zhǐdé dǎchē huíjiā.",آخرین اتوبوس رفته بود و ناچار شدیم با تاکسی به خانه برگردیم.,
1680,指定,zhǐ dìng,HSK 6,动,1,明确规定或确定具体的人、事物、时间或地点（及物动）,تعیین‌کردن، مشخص‌کردن (فعل گذرا),及物动,فعل گذرا,"指定地点 (zhǐdìng dìdiǎn), 指定人员 (zhǐdìng rényuán), 指定时间 (zhǐdìng shíjiān)",请在指定地点等候工作人员。,Qǐng zài zhǐdìng dìdiǎn děnghòu gōngzuò rényuán.,لطفاً در محل تعیین‌شده منتظر کارکنان بمانید.,
1681,脂肪,zhī fáng,HSK 6,名,1,存在于人体、动物和植物中的一种有机物质，可储存和提供能量（名）,چربی (اسم),名,اسم,"体内脂肪 (tǐnèi zhīfáng), 脂肪含量 (zhīfáng hánliàng), 减少脂肪 (jiǎnshǎo zhīfáng)",这种食品的脂肪含量比较低。,Zhè zhǒng shípǐn de zhīfáng hánliàng bǐjiào dī.,میزان چربی این مادهٔ غذایی نسبتاً کم است.,
1682,只顾,zhǐ gù,HSK 6,动,1,只注意或考虑某人、某事，而忽略其他方面（及物动）,فقط به چیزی توجه‌کردن، تنها در فکر چیزی بودن (فعل گذرا),及物动,فعل گذرا,"只顾自己 (zhǐgù zìjǐ), 只顾眼前 (zhǐgù yǎnqián), 只顾工作 (zhǐgù gōngzuò)",他只顾工作，完全忘了吃饭。,"Tā zhǐgù gōngzuò, wánquán wàng le chīfàn.",او فقط مشغول کار بود و غذاخوردن را کاملاً فراموش کرد.,
1683,至关重要,zhì guān zhòng yào,HSK 6,形,1,关系到整体或结果，极其重要（形）,بسیار مهم، حیاتی (صفت),形,صفت,"至关重要的作用 (zhìguānzhòngyào de zuòyòng), 至关重要的因素 (zhìguānzhòngyào de yīnsù), 显得至关重要 (xiǎnde zhìguānzhòngyào)",及时沟通对解决这个问题至关重要。,Jíshí gōutōng duì jiějué zhè ge wèntí zhìguānzhòngyào.,ارتباط به‌موقع برای حل این مشکل حیاتی است.,
1684,指挥,zhǐ huī,HSK 6,动,1,发出命令并安排、指导有关人员行动（及物动）,فرماندهی‌کردن، هدایت‌کردن (فعل گذرا),及物动,فعل گذرا,"指挥军队 (zhǐhuī jūnduì), 现场指挥 (xiànchǎng zhǐhuī), 统一指挥 (tǒngyī zhǐhuī)",消防队长在现场指挥救援工作。,Xiāofáng duìzhǎng zài xiànchǎng zhǐhuī jiùyuán gōngzuò.,فرماندهٔ آتش‌نشانی در محل عملیات امداد را هدایت می‌کرد.,
1684,指挥,zhǐ huī,HSK 6,名,2,负责发出命令、安排人员行动的人；指挥乐队演奏的人（名）,فرمانده؛ رهبر ارکستر (اسم),名,اسم,"总指挥 (zǒngzhǐhuī), 乐队指挥 (yuèduì zhǐhuī), 现场指挥 (xiànchǎng zhǐhuī)",她是这支交响乐团的指挥。,Tā shì zhè zhī jiāoxiǎng yuètuán de zhǐhuī.,او رهبر این ارکستر سمفونیک است.,
1685,智力,zhì lì,HSK 6,名,1,认识、理解、思考、判断和解决问题的能力（名）,هوش، توانایی ذهنی (اسم),名,اسم,"智力发展 (zhìlì fāzhǎn), 提高智力 (tígāo zhìlì), 智力水平 (zhìlì shuǐpíng)",适当的游戏有助于儿童智力发展。,Shìdàng de yóuxì yǒuzhùyú értóng zhìlì fāzhǎn.,بازی مناسب به رشد هوش کودکان کمک می‌کند.,
1686,治理,zhì lǐ,HSK 6,动,1,管理国家、地区、社会或组织，使其正常、有序地运行（及物动）,اداره‌کردن، حکمرانی‌کردن (فعل گذرا),及物动,فعل گذرا,"治理国家 (zhìlǐ guójiā), 社会治理 (shèhuì zhìlǐ), 治理能力 (zhìlǐ nénglì)",提高社会治理能力需要各方共同努力。,Tígāo shèhuì zhìlǐ nénglì xūyào gèfāng gòngtóng nǔlì.,افزایش توانایی ادارهٔ جامعه به تلاش مشترک همهٔ طرف‌ها نیاز دارد.,
1686,治理,zhì lǐ,HSK 6,动,2,采取措施整治污染、灾害、混乱等问题（及物动）,مهار و ساماندهی‌کردن، رسیدگی‌کردن به (فعل گذرا),及物动,فعل گذرا,"治理污染 (zhìlǐ wūrǎn), 治理河流 (zhìlǐ héliú), 依法治理 (yīfǎ zhìlǐ)",当地政府正在采取措施治理河流污染。,Dāngdì zhèngfǔ zhèngzài cǎiqǔ cuòshī zhìlǐ héliú wūrǎn.,دولت محلی در حال اقدام برای مهار آلودگی رودخانه است.,
1687,制品,zhì pǐn,HSK 6,名,1,经过加工制造而成的产品（名）,محصول ساخته‌شده، مصنوعات (اسم),名,اسم,"塑料制品 (sùliào zhìpǐn), 金属制品 (jīnshǔ zhìpǐn), 玻璃制品 (bōli zhìpǐn)",博物馆里展示着许多精美的陶瓷制品。,Bówùguǎn lǐ zhǎnshìzhe xǔduō jīngměi de táocí zhìpǐn.,در موزه مصنوعات سفالی و چینی زیبای زیادی به نمایش گذاشته شده است.,
1688,指示,zhǐ shì,HSK 6,动,1,指出方向、位置或指导别人如何行动（及物动）,نشان‌دادن، دستور و راهنمایی‌دادن (فعل گذرا),及物动,فعل گذرا,"指示方向 (zhǐshì fāngxiàng), 指示位置 (zhǐshì wèizhi), 指示工作人员 (zhǐshì gōngzuò rényuán)",路标清楚地指示了出口的方向。,Lùbiāo qīngchu de zhǐshì le chūkǒu de fāngxiàng.,تابلو مسیر خروجی را به‌روشنی نشان می‌داد.,
1688,指示,zhǐ shì,HSK 6,名,2,上级对下级发布的命令、要求或指导意见（名）,دستور، رهنمود (اسم),名,اسم,"作出指示 (zuòchū zhǐshì), 按照指示 (ànzhào zhǐshì), 上级指示 (shàngjí zhǐshì)",工作人员按照医生的指示做好了准备。,Gōngzuò rényuán ànzhào yīshēng de zhǐshì zuòhǎo le zhǔnbèi.,کارکنان طبق دستور پزشک آماده شدند.,
1689,之所以,zhī suǒ yǐ,HSK 6,连,1,表示产生某种结果的原因，常与“是因为”配合使用（连）,علت اینکه، دلیل اینکه (حرف ربط),连,حرف ربط,"之所以成功 (zhīsuǒyǐ chénggōng), 之所以这样做 (zhīsuǒyǐ zhèyàng zuò), 之所以迟到 (zhīsuǒyǐ chídào)",他之所以迟到，是因为路上发生了事故。,"Tā zhīsuǒyǐ chídào, shì yīnwèi lùshang fāshēng le shìgù.",علت دیررسیدن او این بود که در راه حادثه‌ای رخ داده بود.,
1690,职位,zhí wèi,HSK 6,名,1,机关、公司或组织中承担一定工作和责任的位置（名）,سمت شغلی، موقعیت شغلی (اسم),名,اسم,"申请职位 (shēnqǐng zhíwèi), 管理职位 (guǎnlǐ zhíwèi), 空缺职位 (kòngquē zhíwèi)",她申请了公司的市场经理职位。,Tā shēnqǐng le gōngsī de shìchǎng jīnglǐ zhíwèi.,او برای سمت مدیر بازاریابی شرکت درخواست داد.,
1691,职务,zhí wù,HSK 6,名,1,在机关、公司或组织中担任的工作及相应责任（名）,سمت، مسئولیت شغلی (اسم),名,اسم,"担任职务 (dānrèn zhíwù), 重要职务 (zhòngyào zhíwù), 辞去职务 (cíqù zhíwù)",他因个人原因辞去了公司里的职务。,Tā yīn gèrén yuányīn cíqù le gōngsī lǐ de zhíwù.,او به‌دلایل شخصی از سمت خود در شرکت کناره‌گیری کرد.,
1692,秩序,zhì xù,HSK 6,名,1,人或事物有条理、不混乱的状态（名）,نظم (اسم),名,اسم,"维持秩序 (wéichí zhìxù), 公共秩序 (gōnggòng zhìxù), 恢复秩序 (huīfù zhìxù)",工作人员正在现场维持秩序。,Gōngzuò rényuán zhèngzài xiànchǎng wéichí zhìxù.,کارکنان در محل در حال حفظ نظم هستند.,
1693,质疑,zhì yí,HSK 6,动,1,提出疑问，表示不相信或不赞同（及物动）,زیر سؤال بردن، تردیدکردن در (فعل گذرا),及物动,فعل گذرا,"质疑结果 (zhìyí jiéguǒ), 质疑决定 (zhìyí juédìng), 公开质疑 (gōngkāi zhìyí)",一些专家质疑这项研究的结论。,Yìxiē zhuānjiā zhìyí zhè xiàng yánjiū de jiélùn.,برخی کارشناسان نتیجهٔ این پژوهش را زیر سؤال بردند.,
1693,质疑,zhì yí,HSK 6,名,2,因不相信或不赞同而提出的疑问（名）,تردید، اعتراض (اسم),名,اسم,"提出质疑 (tíchū zhìyí), 面对质疑 (miànduì zhìyí), 回应质疑 (huíyìng zhìyí)",公司尚未回应公众的质疑。,Gōngsī shàngwèi huíyìng gōngzhòng de zhìyí.,شرکت هنوز به تردیدها و اعتراض‌های مردم پاسخ نداده است.,
1694,至于,zhì yú,HSK 6,介,1,引出另一个话题或需要补充说明的对象（介）,در موردِ، اما دربارهٔ (حرف اضافه),介,حرف اضافه,"至于原因 (zhìyú yuányīn), 至于结果 (zhìyú jiéguǒ), 至于其他问题 (zhìyú qítā wèntí)",我同意这个计划，至于具体时间，我们以后再商量。,"Wǒ tóngyì zhè ge jìhuà, zhìyú jùtǐ shíjiān, wǒmen yǐhòu zài shāngliang.",من با این برنامه موافقم؛ دربارهٔ زمان دقیق بعداً صحبت می‌کنیم.,
1694,至于,zhì yú,HSK 6,动,2,达到某种程度，多用于否定句或反问句（动）,به آن حد رسیدن (فعل ناگذر),动,فعل ناگذر,"不至于失败 (bú zhìyú shībài), 还不至于 (hái bú zhìyú), 至于这样吗 (zhìyú zhèyàng ma)",只是一次小错误，不至于这么生气。,"Zhǐshì yí cì xiǎo cuòwù, bú zhìyú zhème shēngqì.",فقط یک اشتباه کوچک بود؛ لازم نیست تا این حد عصبانی شوی.,
1695,职员,zhí yuán,HSK 6,名,1,在机关、公司或组织中工作的人员（名）,کارمند (اسم),名,اسم,"公司职员 (gōngsī zhíyuán), 普通职员 (pǔtōng zhíyuán), 全体职员 (quántǐ zhíyuán)",这家公司有两百多名职员。,Zhè jiā gōngsī yǒu liǎngbǎi duō míng zhíyuán.,این شرکت بیش از دویست کارمند دارد.,
1696,职责,zhí zé,HSK 6,名,1,由职务或身份决定的责任（名）,وظیفه، مسئولیت (اسم),名,اسم,"履行职责 (lǚxíng zhízé), 工作职责 (gōngzuò zhízé), 明确职责 (míngquè zhízé)",保护乘客安全是司机的重要职责。,Bǎohù chéngkè ānquán shì sījī de zhòngyào zhízé.,حفظ امنیت مسافران یکی از مسئولیت‌های مهم راننده است.,
1697,指责,zhǐ zé,HSK 6,动,1,指出错误并加以责备（及物动）,سرزنش‌کردن، مقصر دانستن (فعل گذرا),及物动,فعل گذرا,"指责他人 (zhǐzé tārén), 公开指责 (gōngkāi zhǐzé), 无端指责 (wúduān zhǐzé)",在不了解真相之前，不要随便指责别人。,"Zài bù liǎojiě zhēnxiàng zhīqián, bú yào suíbiàn zhǐzé biérén.",پیش از آگاهی از حقیقت، دیگران را بی‌دلیل سرزنش نکنید.,
1697,指责,zhǐ zé,HSK 6,名,2,对错误或不当行为的责备（名）,سرزنش، انتقاد (اسم),名,اسم,"面对指责 (miànduì zhǐzé), 受到指责 (shòudào zhǐzé), 严厉指责 (yánlì zhǐzé)",面对大家的指责，他没有作出任何解释。,"Miànduì dàjiā de zhǐzé, tā méiyǒu zuòchū rènhé jiěshì.",او در برابر سرزنش دیگران هیچ توضیحی نداد.,
1698,侄子,zhí zi,HSK 6,名,1,兄弟的儿子（名）,برادرزادهٔ پسر (اسم),名,اسم,"我的侄子 (wǒ de zhízi), 小侄子 (xiǎo zhízi), 侄子一家 (zhízi yìjiā)",我侄子今年刚上小学。,Wǒ zhízi jīnnián gāng shàng xiǎoxué.,برادرزاده‌ام امسال تازه وارد دبستان شده است.,
1699,肿,zhǒng,HSK 6,形,1,身体某个部位因受伤、发炎等而体积增大（形）,متورم، ورم‌کرده (صفت),形,صفت,"眼睛肿了 (yǎnjing zhǒng le), 又红又肿 (yòu hóng yòu zhǒng), 肿得厉害 (zhǒng de lìhai)",他的脚受伤以后肿得很厉害。,Tā de jiǎo shòushāng yǐhòu zhǒng de hěn lìhai.,پای او پس از آسیب‌دیدگی به‌شدت ورم کرد.,
1700,中等,zhōng děng,HSK 6,形,1,处于高低、大小、程度等的中间水平（形）,متوسط، میانه (صفت),形,صفت,"中等水平 (zhōngděng shuǐpíng), 中等收入 (zhōngděng shōurù), 中等大小 (zhōngděng dàxiǎo)",他的汉语目前处于中等水平。,Tā de Hànyǔ mùqián chǔyú zhōngděng shuǐpíng.,سطح فعلی زبان چینی او متوسط است.,
1701,种地,zhòng dì,HSK 6,动,1,从事耕种土地、种植农作物的劳动（不及物动）,کشاورزی‌کردن، زمین کاشتن (فعل ناگذر),不及物动,فعل ناگذر,"靠种地生活 (kào zhòngdì shēnghuó), 回乡种地 (huíxiāng zhòngdì), 种地为生 (zhòngdì wéishēng)",他父母一辈子都在农村种地。,Tā fùmǔ yí bèizi dōu zài nóngcūn zhòngdì.,پدر و مادرش تمام عمر در روستا کشاورزی کرده‌اند.,
1702,终点,zhōng diǎn,HSK 6,名,1,路程、比赛或某个过程结束的地点或阶段（名）,نقطهٔ پایان، مقصد نهایی (اسم),名,اسم,"到达终点 (dàodá zhōngdiǎn), 比赛终点 (bǐsài zhōngdiǎn), 地铁终点 (dìtiě zhōngdiǎn)",运动员们陆续到达了比赛终点。,Yùndòngyuánmen lùxù dàodá le bǐsài zhōngdiǎn.,ورزشکاران یکی پس از دیگری به خط پایان مسابقه رسیدند.,
1703,中毒,zhòng dú,HSK 6,动,1,有毒物质进入人体或动物体内并产生有害反应（不及物动）,مسموم‌شدن (فعل ناگذر),不及物动,فعل ناگذر,"食物中毒 (shíwù zhòngdú), 煤气中毒 (méiqì zhòngdú), 严重中毒 (yánzhòng zhòngdú)",他吃了变质的食物后中毒了。,Tā chī le biànzhì de shíwù hòu zhòngdú le.,او پس از خوردن غذای فاسد مسموم شد.,
1704,中断,zhōng duàn,HSK 6,动,1,事物在进行过程中停止，或使其停止（及物动、不及物动）,قطع‌شدن، قطع‌کردن (فعل ناگذر و گذرا),及物动、不及物动,فعل ناگذر و گذرا,"通信中断 (tōngxìn zhōngduàn), 中断谈话 (zhōngduàn tánhuà), 突然中断 (tūrán zhōngduàn)",暴风雨导致当地通信中断。,Bàofēngyǔ dǎozhì dāngdì tōngxìn zhōngduàn.,طوفان باعث قطع ارتباطات در منطقه شد.,
1705,中奖,zhòng jiǎng,HSK 6,动,1,彩票、抽奖等选中了号码或人而获得奖金、奖品（不及物动）,برندهٔ جایزه‌شدن (فعل ناگذر),不及物动,فعل ناگذر,"彩票中奖 (cǎipiào zhòngjiǎng), 抽奖中奖 (chōujiǎng zhòngjiǎng), 中奖号码 (zhòngjiǎng hàomǎ)",他买的彩票中了二等奖。,Tā mǎi de cǎipiào zhòng le èrděngjiǎng.,بلیت بخت‌آزمایی او برندهٔ جایزهٔ دوم شد.,
1706,众人,zhòng rén,HSK 6,名,1,许多人；大家（名）,مردم، جمع حاضران، همه (اسم),名,اسم,"众人皆知 (zhòngrén jiē zhī), 引起众人关注 (yǐnqǐ zhòngrén guānzhù), 在众人面前 (zài zhòngrén miànqián)",他在众人的帮助下完成了任务。,Tā zài zhòngrén de bāngzhù xià wánchéng le rènwu.,او با کمک همه توانست مأموریت را به پایان برساند.,
1707,终身,zhōng shēn,HSK 6,名、副,1,一生；从某时起直到生命结束（名、副）,تمام عمر، مادام‌العمر (اسم و قید),名、副,اسم و قید,"终身受益 (zhōngshēn shòuyì), 终身学习 (zhōngshēn xuéxí), 终身难忘 (zhōngshēn nánwàng)",这段经历让我终身难忘。,Zhè duàn jīnglì ràng wǒ zhōngshēn nánwàng.,این تجربه تا پایان عمر از یادم نخواهد رفت.,
1708,中暑,zhòng shǔ,HSK 6,动,1,因长时间处于高温环境而出现头晕、恶心、体温升高等症状（不及物动）,گرمازده‌شدن (فعل ناگذر),不及物动,فعل ناگذر,"严重中暑 (yánzhòng zhòngshǔ), 防止中暑 (fángzhǐ zhòngshǔ), 容易中暑 (róngyì zhòngshǔ)",天气太热，在户外工作很容易中暑。,"Tiānqì tài rè, zài hùwài gōngzuò hěn róngyì zhòngshǔ.",هوا خیلی گرم است و کار در فضای باز به‌راحتی باعث گرمازدگی می‌شود.,
1709,众所周知,zhòng suǒ zhōu zhī,HSK 6,成,1,大家普遍知道（成）,همان‌طور که همه می‌دانند، بر همگان روشن (اصطلاح),成,اصطلاح,"众所周知的事实 (zhòngsuǒzhōuzhī de shìshí), 众所周知的问题 (zhòngsuǒzhōuzhī de wèntí), 已是众所周知 (yǐ shì zhòngsuǒzhōuzhī)",众所周知，吸烟会危害健康。,"Zhòngsuǒzhōuzhī, xīyān huì wēihài jiànkāng.",همان‌طور که همه می‌دانند، سیگارکشیدن برای سلامتی مضر است.,
1710,钟头,zhōng tóu,HSK 6,名,1,小时（名，口语）,ساعت (اسم؛ گفتاری),名，口语,اسم؛ گفتاری,"一个钟头 (yí ge zhōngtóu), 半个钟头 (bàn ge zhōngtóu), 等了两钟头 (děng le liǎng zhōngtóu)",我在门口等了你整整一个钟头。,Wǒ zài ménkǒu děng le nǐ zhěngzhěng yí ge zhōngtóu.,یک ساعت کامل جلوی در منتظرت ماندم.,
1711,重心,zhòng xīn,HSK 6,名,1,物体各部分所受重力作用集中的点（名）,مرکز ثقل (اسم),名,اسم,"降低重心 (jiàngdī zhòngxīn), 保持重心 (bǎochí zhòngxīn), 重心不稳 (zhòngxīn bù wěn)",骑车转弯时要注意保持重心。,Qíchē zhuǎnwān shí yào zhùyì bǎochí zhòngxīn.,هنگام پیچیدن با دوچرخه باید تعادل مرکز ثقل را حفظ کرد.,
1711,重心,zhòng xīn,HSK 6,名,2,事情的重点或主要部分（名）,محور اصلی، تمرکز (اسم),名,اسم,"工作重心 (gōngzuò zhòngxīn), 转移重心 (zhuǎnyí zhòngxīn), 发展重心 (fāzhǎn zhòngxīn)",公司明年将把工作重心转向海外市场。,Gōngsī míngnián jiāng bǎ gōngzuò zhòngxīn zhuǎnxiàng hǎiwài shìchǎng.,شرکت سال آینده تمرکز فعالیت‌هایش را به بازارهای خارجی منتقل خواهد کرد.,
1712,中旬,zhōng xún,HSK 6,名,1,一个月的十一日到二十日这段时间（名）,دههٔ میانی ماه (اسم),名,اسم,"本月中旬 (běnyuè zhōngxún), 七月中旬 (qī yuè zhōngxún), 中旬开始 (zhōngxún kāishǐ)",新店计划在下个月中旬开业。,Xīn diàn jìhuà zài xià ge yuè zhōngxún kāiyè.,قرار است فروشگاه جدید در دههٔ میانی ماه آینده افتتاح شود.,
1713,中央,zhōng yāng,HSK 6,名,1,一个区域、空间或物体的中心部分（名）,مرکز، بخش میانی (اسم),名,اسم,"广场中央 (guǎngchǎng zhōngyāng), 舞台中央 (wǔtái zhōngyāng), 房间中央 (fángjiān zhōngyāng)",广场中央有一座高大的雕像。,Guǎngchǎng zhōngyāng yǒu yí zuò gāodà de diāoxiàng.,در مرکز میدان مجسمهٔ بزرگی قرار دارد.,
1713,中央,zhōng yāng,HSK 6,名,2,国家政权或政党最高领导机构（名）,دولت یا رهبری مرکزی (اسم),名,اسم,"中央政府 (zhōngyāng zhèngfǔ), 中央领导 (zhōngyāng lǐngdǎo), 中央部门 (zhōngyāng bùmén)",这项政策由中央政府统一制定。,Zhè xiàng zhèngcè yóu zhōngyāng zhèngfǔ tǒngyī zhìdìng.,این سیاست به‌صورت یکپارچه از سوی دولت مرکزی تدوین شده است.,
1714,州,zhōu,HSK 6,名,1,中国古代或部分国家使用的行政区划单位（名）,ایالت، واحد تقسیمات کشوری (اسم),名,اسم,"一个州 (yí ge zhōu), 州政府 (zhōu zhèngfǔ), 加利福尼亚州 (Jiālìfúníyà Zhōu)",澳大利亚由六个州和两个主要领地组成。,Àodàlìyà yóu liù ge zhōu hé liǎng ge zhǔyào lǐngdì zǔchéng.,استرالیا از شش ایالت و دو قلمرو اصلی تشکیل شده است.,
1715,粥,zhōu,HSK 6,名,1,用米、豆等加较多的水煮成的半流质食物（名）,آش رقیق، حریره، فرنی برنجی (اسم),名,اسم,"一碗粥 (yì wǎn zhōu), 煮粥 (zhǔ zhōu), 喝热粥 (hē rè zhōu)",她早上喜欢喝一碗热粥。,Tā zǎoshang xǐhuan hē yì wǎn rè zhōu.,او صبح‌ها دوست دارد یک کاسه حریرهٔ گرم بخورد.,
1716,周边,zhōu biān,HSK 6,名、形,1,某个地方或事物的周围；位于其周围的（名、形）,اطراف، پیرامون؛ اطرافِ (اسم و صفت),名、形,اسم و صفت,"城市周边 (chéngshì zhōubiān), 周边地区 (zhōubiān dìqū), 周边环境 (zhōubiān huánjìng)",学校周边有很多书店和咖啡馆。,Xuéxiào zhōubiān yǒu hěn duō shūdiàn hé kāfēiguǎn.,در اطراف مدرسه کتاب‌فروشی‌ها و کافه‌های زیادی وجود دارد.,
1717,周到,zhōu dào,HSK 6,形,1,各方面都考虑得全面、细致（形）,همه‌جانبه، دقیق، باملاحظه (صفت),形,صفت,"考虑周到 (kǎolǜ zhōudào), 服务周到 (fúwù zhōudào), 安排周到 (ānpái zhōudào)",她考虑得很周到，提前准备好了所有东西。,"Tā kǎolǜ de hěn zhōudào, tíqián zhǔnbèi hǎo le suǒyǒu dōngxi.",او همه‌چیز را با دقت در نظر گرفته و از قبل آماده کرده بود.,
1718,周期,zhōu qī,HSK 6,名,1,事物运动、变化或发展经过一轮后再次重复所需的时间或过程（名）,چرخه، دوره (اسم),名,اسم,"生命周期 (shēngmìng zhōuqī), 生产周期 (shēngchǎn zhōuqī), 缩短周期 (suōduǎn zhōuqī)",这种产品的生产周期大约是三个月。,Zhè zhǒng chǎnpǐn de shēngchǎn zhōuqī dàyuē shì sān ge yuè.,چرخهٔ تولید این محصول حدود سه ماه است.,
1719,株,zhū,HSK 6,量,1,用于植物，尤指有主干或独立根部的植物（量）,واحد شمارش گیاه و درخت (واحد شمارش),量,واحد شمارش,"一株植物 (yì zhū zhíwù), 两株小树 (liǎng zhū xiǎoshù), 几株兰花 (jǐ zhū lánhuā)",院子里种着几株玫瑰。,Yuànzi lǐ zhòngzhe jǐ zhū méigui.,در حیاط چند بوته گل رز کاشته شده است.,
1720,砖,zhuān,HSK 6,名,1,用黏土、水泥等制成的块状建筑材料（名）,آجر (اسم),名,اسم,"一块砖 (yí kuài zhuān), 红砖 (hóngzhuān), 用砖砌墙 (yòng zhuān qì qiáng)",工人们正在用砖砌一面墙。,Gōngrénmen zhèngzài yòng zhuān qì yí miàn qiáng.,کارگران در حال ساختن دیواری با آجر هستند.,
1721,转动,zhuǎn dòng,HSK 6,动,1,用手或其他力量使物体改变方向或转起来（及物动）,چرخاندن (فعل گذرا),及物动,فعل گذرا,"转动把手 (zhuǎndòng bǎshou), 转动方向盘 (zhuǎndòng fāngxiàngpán), 轻轻转动 (qīngqīng zhuǎndòng)",请慢慢转动门上的把手。,Qǐng mànmàn zhuǎndòng mén shàng de bǎshou.,لطفاً دستگیرهٔ در را آرام بچرخانید.,
1721,转动,zhuàn dòng,HSK 6,动,2,物体围绕中心或轴旋转（不及物动）,چرخیدن (فعل ناگذر),不及物动,فعل ناگذر,"不停转动 (bùtíng zhuàndòng), 快速转动 (kuàisù zhuàndòng), 绕轴转动 (rào zhóu zhuàndòng)",机器里的轮子正在快速转动。,Jīqì lǐ de lúnzi zhèngzài kuàisù zhuàndòng.,چرخ‌های داخل دستگاه به‌سرعت می‌چرخند.,
1722,装备,zhuāng bèi,HSK 6,动,1,给人或组织配备所需的工具、武器、设备等（及物动）,مجهزکردن (فعل گذرا),及物动,فعل گذرا,"装备部队 (zhuāngbèi bùduì), 装备车辆 (zhuāngbèi chēliàng), 装备先进设备 (zhuāngbèi xiānjìn shèbèi)",救援队装备了先进的通信设备。,Jiùyuán duì zhuāngbèi le xiānjìn de tōngxìn shèbèi.,تیم امداد به تجهیزات ارتباطی پیشرفته مجهز شده است.,
1722,装备,zhuāng bèi,HSK 6,名,2,为完成任务而配备的工具、设备或武器等（名）,تجهیزات، سازوبرگ (اسم),名,اسم,"先进装备 (xiānjìn zhuāngbèi), 救援装备 (jiùyuán zhuāngbèi), 检查装备 (jiǎnchá zhuāngbèi)",登山前一定要检查自己的装备。,Dēngshān qián yídìng yào jiǎnchá zìjǐ de zhuāngbèi.,پیش از کوهنوردی حتماً باید تجهیزات خود را بررسی کنید.,
1723,庄稼,zhuāng jia,HSK 6,名,1,种在田地里的粮食作物等农作物（名）,محصول زراعی، کشتزار (اسم),名,اسم,"种庄稼 (zhòng zhuāngjia), 收庄稼 (shōu zhuāngjia), 庄稼长得好 (zhuāngjia zhǎng de hǎo)",今年雨水充足，庄稼长得很好。,"Jīnnián yǔshuǐ chōngzú, zhuāngjia zhǎng de hěn hǎo.",امسال بارندگی کافی بوده و محصولات زراعی به‌خوبی رشد کرده‌اند.,
1724,转换,zhuǎn huàn,HSK 6,动,1,从一种状态、形式、方向或用途变成另一种（及物动、不及物动）,تبدیل‌کردن، تغییرکردن (فعل گذرا و ناگذر),及物动、不及物动,فعل گذرا و ناگذر,"转换格式 (zhuǎnhuàn géshì), 转换角色 (zhuǎnhuàn juésè), 能量转换 (néngliàng zhuǎnhuàn)",这个软件可以把图片转换成其他格式。,Zhè ge ruǎnjiàn kěyǐ bǎ túpiàn zhuǎnhuàn chéng qítā géshì.,این نرم‌افزار می‌تواند تصویر را به قالب‌های دیگری تبدیل کند.,
1725,转交,zhuǎn jiāo,HSK 6,动,1,把收到的人、物品、文件等转送给另一个人或单位（及物动）,تحویل‌دادن، منتقل‌کردن به دیگری (فعل گذرا),及物动,فعل گذرا,"转交文件 (zhuǎnjiāo wénjiàn), 转交本人 (zhuǎnjiāo běnrén), 请人转交 (qǐng rén zhuǎnjiāo)",请把这封信转交给王经理。,Qǐng bǎ zhè fēng xìn zhuǎnjiāo gěi Wáng jīnglǐ.,لطفاً این نامه را به مدیر وانگ تحویل دهید.,
1726,专科,zhuān kē,HSK 6,名,1,专门研究或诊治某一领域的学科、科室（名）,رشته یا بخش تخصصی (اسم),名,اسم,"医院专科 (yīyuàn zhuānkē), 专科门诊 (zhuānkē ménzhěn), 临床专科 (línchuáng zhuānkē)",这家医院设有多个儿童疾病专科。,Zhè jiā yīyuàn shèyǒu duō ge értóng jíbìng zhuānkē.,این بیمارستان چندین بخش تخصصی بیماری‌های کودکان دارد.,
1726,专科,zhuān kē,HSK 6,名,2,层次低于本科、通常以职业技能培养为主的高等教育（名）,دورهٔ کاردانی (اسم),名,اسم,"专科学历 (zhuānkē xuélì), 专科院校 (zhuānkē yuànxiào), 专科毕业 (zhuānkē bìyè)",他专科毕业后进入了一家技术公司。,Tā zhuānkē bìyè hòu jìnrù le yì jiā jìshù gōngsī.,او پس از پایان دورهٔ کاردانی وارد یک شرکت فنی شد.,
1727,专利,zhuān lì,HSK 6,名,1,法律授予发明人或权利人在一定期限内独占使用其发明创造的权利（名）,حق ثبت اختراع، پتنت (اسم),名,اسم,"申请专利 (shēnqǐng zhuānlì), 获得专利 (huòdé zhuānlì), 发明专利 (fāmíng zhuānlì)",这项新技术已经申请了国家专利。,Zhè xiàng xīn jìshù yǐjīng shēnqǐng le guójiā zhuānlì.,برای این فناوری جدید درخواست ثبت اختراع ملی شده است.,
1728,转让,zhuǎn ràng,HSK 6,动,1,把权利、财产、技术、职位等让给别人（及物动）,واگذارکردن، انتقال‌دادن (فعل گذرا),及物动,فعل گذرا,"转让股份 (zhuǎnràng gǔfèn), 转让技术 (zhuǎnràng jìshù), 转让所有权 (zhuǎnràng suǒyǒuquán)",未经许可，不得转让这项技术。,"Wèijīng xǔkě, bùdé zhuǎnràng zhè xiàng jìshù.",انتقال این فناوری بدون مجوز ممنوع است.,
1729,转身,zhuǎn shēn,HSK 6,动,1,转动身体，改变面对的方向（不及物动）,برگشتن، چرخاندن بدن (فعل ناگذر),不及物动,فعل ناگذر,"突然转身 (tūrán zhuǎnshēn), 转身离开 (zhuǎnshēn líkāi), 转过身来 (zhuǎn guò shēn lái)",她听见有人叫自己，立刻转过身来。,"Tā tīngjiàn yǒu rén jiào zìjǐ, lìkè zhuǎn guò shēn lái.",او با شنیدن صدای کسی که صدایش می‌زد، فوراً برگشت.,
1730,专题,zhuān tí,HSK 6,名,1,专门针对某个主题设置的内容、栏目或研究项目（名）,موضوع ویژه، پروندهٔ ویژه (اسم),名,اسم,"专题研究 (zhuāntí yánjiū), 专题报道 (zhuāntí bàodào), 专题节目 (zhuāntí jiémù)",电视台制作了一期关于环境保护的专题节目。,Diànshìtái zhìzuò le yì qī guānyú huánjìng bǎohù de zhuāntí jiémù.,شبکهٔ تلویزیونی برنامه‌ای ویژه دربارهٔ حفاظت از محیط‌زیست تهیه کرد.,
1731,转移,zhuǎn yí,HSK 6,动,1,改变人、事物、注意力、财产等原来的位置、方向或对象（及物动、不及物动）,منتقل‌کردن، جابه‌جاشدن؛ معطوف‌کردن (فعل گذرا و ناگذر),及物动、不及物动,فعل گذرا و ناگذر,"转移注意力 (zhuǎnyí zhùyìlì), 转移资金 (zhuǎnyí zījīn), 转移到安全地带 (zhuǎnyí dào ānquán dìdài)",救援人员迅速把居民转移到了安全地带。,Jiùyuán rényuán xùnsù bǎ jūmín zhuǎnyí dào le ānquán dìdài.,نیروهای امدادی ساکنان را به‌سرعت به منطقه‌ای امن منتقل کردند.,
1732,专用,zhuān yòng,HSK 6,形,1,专门用于某种用途或供某类人使用的（形）,اختصاصی، مخصوص (صفت),形,صفت,"专用设备 (zhuānyòng shèbèi), 专用通道 (zhuānyòng tōngdào), 儿童专用 (értóng zhuānyòng)",这个通道只供工作人员专用。,Zhè ge tōngdào zhǐ gōng gōngzuò rényuán zhuānyòng.,این مسیر فقط مخصوص کارکنان است.,
1733,专注,zhuān zhù,HSK 6,动,1,集中注意力做某事（不及物动）,تمرکزکردن بر (فعل ناگذر),不及物动,فعل ناگذر,"专注于研究 (zhuānzhù yú yánjiū), 专注工作 (zhuānzhù gōngzuò), 专注眼前的任务 (zhuānzhù yǎnqián de rènwu)",她一直专注于儿童教育研究。,Tā yìzhí zhuānzhù yú értóng jiàoyù yánjiū.,او همواره بر پژوهش در زمینهٔ آموزش کودکان تمرکز داشته است.,
1733,专注,zhuān zhù,HSK 6,形,2,注意力高度集中、认真投入的（形）,متمرکز، غرق در کار (صفت),形,صفت,"神情专注 (shénqíng zhuānzhù), 十分专注 (shífēn zhuānzhù), 保持专注 (bǎochí zhuānzhù)",孩子们神情专注地听老师讲故事。,Háizimen shénqíng zhuānzhù de tīng lǎoshī jiǎng gùshi.,بچه‌ها با تمرکز کامل به داستان معلم گوش می‌دادند.,
1734,主办,zhǔ bàn,HSK 6,动,1,负责发起并组织会议、比赛、展览等活动（及物动）,برگزارکردن، میزبانی‌کردن (فعل گذرا),及物动,فعل گذرا,"主办比赛 (zhǔbàn bǐsài), 主办会议 (zhǔbàn huìyì), 由学校主办 (yóu xuéxiào zhǔbàn)",这次文化节由市政府主办。,Zhè cì wénhuàjié yóu shì zhèngfǔ zhǔbàn.,این جشنوارهٔ فرهنگی را شهرداری برگزار می‌کند.,
1735,珠宝,zhū bǎo,HSK 6,名,1,珍珠、宝石以及用它们制成的贵重饰品（名）,جواهرات (اسم),名,اسم,"珠宝首饰 (zhūbǎo shǒushì), 珍贵珠宝 (zhēnguì zhūbǎo), 珠宝设计 (zhūbǎo shèjì)",博物馆展出了多件古代珠宝。,Bówùguǎn zhǎnchū le duō jiàn gǔdài zhūbǎo.,در موزه چندین قطعه جواهر باستانی به نمایش گذاشته شده است.,
1736,主播,zhǔ bō,HSK 6,名,1,在电视台、电台等主持并播报节目的人员（名）,مجری یا گویندهٔ برنامه (اسم),名,اسم,"新闻主播 (xīnwén zhǔbō), 电台主播 (diàntái zhǔbō), 节目主播 (jiémù zhǔbō)",她是一名经验丰富的新闻主播。,Tā shì yì míng jīngyàn fēngfù de xīnwén zhǔbō.,او مجری خبری باتجربه‌ای است.,
1736,主播,zhǔ bō,HSK 6,名,2,在网络平台上进行直播并与观众互动的人（名）,استریمر، مجری پخش زنده (اسم),名,اسم,"网络主播 (wǎngluò zhǔbō), 游戏主播 (yóuxì zhǔbō), 带货主播 (dàihuò zhǔbō)",这位游戏主播每天晚上直播。,Zhè wèi yóuxì zhǔbō měitiān wǎnshang zhíbō.,این استریمر بازی هر شب پخش زنده دارد.,
1737,主导,zhǔ dǎo,HSK 6,动,1,控制或引导事物发展的方向和过程（及物动）,هدایت‌کردن، نقش اصلی داشتن در (فعل گذرا),及物动,فعل گذرا,"主导市场 (zhǔdǎo shìchǎng), 主导改革 (zhǔdǎo gǎigé), 主导谈判 (zhǔdǎo tánpàn)",这家公司主导了新技术的开发。,Zhè jiā gōngsī zhǔdǎo le xīn jìshù de kāifā.,این شرکت هدایت توسعهٔ فناوری جدید را بر عهده داشت.,
1737,主导,zhǔ dǎo,HSK 6,形,2,起主要引导或决定作用的（形）,اصلی، هدایت‌کننده، غالب (صفت),形,صفت,"主导作用 (zhǔdǎo zuòyòng), 主导地位 (zhǔdǎo dìwèi), 主导因素 (zhǔdǎo yīnsù)",消费者需求在市场中起着主导作用。,Xiāofèizhě xūqiú zài shìchǎng zhōng qǐzhe zhǔdǎo zuòyòng.,تقاضای مصرف‌کنندگان در بازار نقشی تعیین‌کننده دارد.,
1738,诸多,zhū duō,HSK 6,形,1,许多；很多（形，书面）,بسیاری، متعدد (صفت؛ نوشتاری),形，书面,صفت؛ نوشتاری,"诸多问题 (zhūduō wèntí), 诸多因素 (zhūduō yīnsù), 诸多不便 (zhūduō búbiàn)",这项计划在实施过程中遇到了诸多困难。,Zhè xiàng jìhuà zài shíshī guòchéng zhōng yùdào le zhūduō kùnnan.,این طرح هنگام اجرا با مشکلات متعددی روبه‌رو شد.,
1739,祝福,zhù fú,HSK 6,动,1,祝愿别人幸福、平安或顺利（及物动）,آرزوی خوشبختی و موفقیت‌کردن برای (فعل گذرا),及物动,فعل گذرا,"祝福新人 (zhùfú xīnrén), 真心祝福 (zhēnxīn zhùfú), 祝福他们 (zhùfú tāmen)",我们衷心祝福他们生活幸福。,Wǒmen zhōngxīn zhùfú tāmen shēnghuó xìngfú.,از صمیم قلب برایشان زندگی خوشی آرزو می‌کنیم.,
1739,祝福,zhù fú,HSK 6,名,2,对别人幸福、平安或顺利的美好祝愿（名）,آرزوی خیر، دعای خیر (اسم),名,اسم,"送上祝福 (sòngshàng zhùfú), 美好祝福 (měihǎo zhùfú), 接受祝福 (jiēshòu zhùfú)",生日当天，她收到了朋友们的祝福。,"Shēngrì dàngtiān, tā shōudào le péngyoumen de zhùfú.",او روز تولدش آرزوهای خیر دوستانش را دریافت کرد.,
1740,主管,zhǔ guǎn,HSK 6,动,1,主要负责管理某项工作或某个部门（及物动）,مسئول‌بودن و مدیریت‌کردن (فعل گذرا),及物动,فعل گذرا,"主管销售 (zhǔguǎn xiāoshòu), 主管人事工作 (zhǔguǎn rénshì gōngzuò), 主管这个部门 (zhǔguǎn zhè ge bùmén)",她在公司主管市场推广工作。,Tā zài gōngsī zhǔguǎn shìchǎng tuīguǎng gōngzuò.,او در شرکت مسئول امور بازاریابی است.,
1740,主管,zhǔ guǎn,HSK 6,名,2,负责管理某项工作或某个部门的人（名）,سرپرست، مدیر مسئول (اسم),名,اسم,"部门主管 (bùmén zhǔguǎn), 销售主管 (xiāoshòu zhǔguǎn), 直接主管 (zhíjiē zhǔguǎn)",有问题可以直接联系部门主管。,Yǒu wèntí kěyǐ zhíjiē liánxì bùmén zhǔguǎn.,اگر مشکلی دارید، می‌توانید مستقیماً با سرپرست بخش تماس بگیرید.,
1741,追究,zhuī jiū,HSK 6,动,1,深入调查事情的原因、经过或责任（及物动）,پیگیری و بررسی‌کردن (فعل گذرا),及物动,فعل گذرا,"追究原因 (zhuījiū yuányīn), 追究到底 (zhuījiū dàodǐ), 进一步追究 (jìnyíbù zhuījiū)",有关部门将进一步追究事故发生的原因。,Yǒuguān bùmén jiāng jìnyíbù zhuījiū shìgù fāshēng de yuányīn.,نهادهای مربوطه علت وقوع حادثه را بیشتر بررسی خواهند کرد.,
1741,追究,zhuī jiū,HSK 6,动,2,要求有过错的人承担责任（及物动）,مسئول دانستن، بازخواست‌کردن (فعل گذرا),及物动,فعل گذرا,"追究责任 (zhuījiū zérèn), 依法追究 (yīfǎ zhuījiū), 不予追究 (bù yǔ zhuījiū)",公司将依法追究相关人员的责任。,Gōngsī jiāng yīfǎ zhuījiū xiāngguān rényuán de zérèn.,شرکت افراد مربوطه را طبق قانون مسئول خواهد دانست.,
1742,主角,zhǔ jué,HSK 6,名,1,戏剧、电影、小说等作品中的主要角色（名）,شخصیت اصلی، نقش اول (اسم),名,اسم,"电影主角 (diànyǐng zhǔjué), 担任主角 (dānrèn zhǔjué), 男女主角 (nánnǚ zhǔjué)",她在这部电影中担任女主角。,Tā zài zhè bù diànyǐng zhōng dānrèn nǚ zhǔjué.,او در این فیلم نقش اول زن را بازی می‌کند.,
1742,主角,zhǔ jué,HSK 6,名,2,某个事件、活动或领域中最重要的人或事物（名，比喻）,چهره یا عامل اصلی (اسم؛ مجازی),名，比喻,اسم؛ مجازی,"活动的主角 (huódòng de zhǔjué), 成为主角 (chéngwéi zhǔjué), 市场主角 (shìchǎng zhǔjué)",年轻人成了这次文化节的主角。,Niánqīngrén chéng le zhè cì wénhuàjié de zhǔjué.,جوانان به چهره‌های اصلی این جشنوارهٔ فرهنگی تبدیل شدند.,
1743,助理,zhù lǐ,HSK 6,名,1,协助负责人处理工作的人员（名）,دستیار (اسم),名,اسم,"经理助理 (jīnglǐ zhùlǐ), 研究助理 (yánjiū zhùlǐ), 担任助理 (dānrèn zhùlǐ)",她毕业后成为了一名研究助理。,Tā bìyè hòu chéngwéi le yì míng yánjiū zhùlǐ.,او پس از فارغ‌التحصیلی دستیار پژوهشی شد.,
1744,主流,zhǔ liú,HSK 6,名,1,事物发展中占主要地位、产生较大影响的趋势、思想或事物（名）,جریان اصلی، روند غالب (اسم),名,اسم,"社会主流 (shèhuì zhǔliú), 成为主流 (chéngwéi zhǔliú), 主流观点 (zhǔliú guāndiǎn)",网上购物已经成为一种主流消费方式。,Wǎngshàng gòuwù yǐjīng chéngwéi yì zhǒng zhǔliú xiāofèi fāngshì.,خرید اینترنتی به یکی از روش‌های رایج و غالب مصرف تبدیل شده است.,
1745,捉,zhuō,HSK 6,动,1,用手抓住人、动物或其他活动的东西（及物动）,گرفتن، به دام انداختن (فعل گذرا),及物动,فعل گذرا,"捉虫子 (zhuō chóngzi), 捉小偷儿 (zhuō xiǎotōur), 捉鱼 (zhuō yú)",那只猫正在院子里捉老鼠。,Nà zhī māo zhèngzài yuànzi lǐ zhuō lǎoshǔ.,آن گربه در حیاط مشغول گرفتن موش است.,
1746,助手,zhù shǒu,HSK 6,名,1,协助别人完成工作的人或工具（名）,دستیار، کمک‌کار (اسم),名,اسم,"得力助手 (délì zhùshǒu), 实验助手 (shíyàn zhùshǒu), 智能助手 (zhìnéng zhùshǒu)",他是经理最信赖的助手。,Tā shì jīnglǐ zuì xìnlài de zhùshǒu.,او مورداعتمادترین دستیار مدیر است.,
1747,主演,zhǔ yǎn,HSK 6,动,1,在电影、电视剧、戏剧等作品中扮演主要角色（及物动）,نقش اصلی را بازی‌کردن (فعل گذرا),及物动,فعل گذرا,"主演电影 (zhǔyǎn diànyǐng), 领衔主演 (lǐngxián zhǔyǎn), 由他主演 (yóu tā zhǔyǎn)",这部电影由一位年轻演员主演。,Zhè bù diànyǐng yóu yí wèi niánqīng yǎnyuán zhǔyǎn.,نقش اصلی این فیلم را یک بازیگر جوان ایفا می‌کند.,
1747,主演,zhǔ yǎn,HSK 6,名,2,在电影、电视剧、戏剧等作品中扮演主要角色的演员（名）,بازیگر نقش اصلی (اسم),名,اسم,"电影主演 (diànyǐng zhǔyǎn), 主要主演 (zhǔyào zhǔyǎn), 男女主演 (nánnǚ zhǔyǎn)",两位主演都出席了电影的首映活动。,Liǎng wèi zhǔyǎn dōu chūxí le diànyǐng de shǒuyìng huódòng.,هر دو بازیگر نقش اصلی در مراسم افتتاحیهٔ فیلم حضور یافتند.,
1748,祝愿,zhù yuàn,HSK 6,动,1,表示希望别人幸福、顺利或实现愿望（及物动）,آرزوکردن برای (فعل گذرا),及物动,فعل گذرا,"衷心祝愿 (zhōngxīn zhùyuàn), 祝愿成功 (zhùyuàn chénggōng), 祝愿大家幸福 (zhùyuàn dàjiā xìngfú)",我衷心祝愿你早日康复。,Wǒ zhōngxīn zhùyuàn nǐ zǎorì kāngfù.,از صمیم قلب آرزو می‌کنم هرچه زودتر بهبود پیدا کنی.,
1749,住宅,zhù zhái,HSK 6,名,1,供人居住的房屋（名）,خانهٔ مسکونی، مسکن (اسم),名,اسم,"住宅小区 (zhùzhái xiǎoqū), 高层住宅 (gāocéng zhùzhái), 住宅建筑 (zhùzhái jiànzhù)",这片住宅离市中心很近。,Zhè piàn zhùzhái lí shì zhōngxīn hěn jìn.,این منطقهٔ مسکونی به مرکز شهر بسیار نزدیک است.,
1750,主张,zhǔ zhāng,HSK 6,动,1,对某件事持有并提出明确的意见或做法（及物动）,طرفداربودن، پیشنهادکردن (فعل گذرا),及物动,فعل گذرا,"主张改革 (zhǔzhāng gǎigé), 极力主张 (jílì zhǔzhāng), 主张立即行动 (zhǔzhāng lìjí xíngdòng)",他主张通过谈判解决双方的分歧。,Tā zhǔzhāng tōngguò tánpàn jiějué shuāngfāng de fēnqí.,او طرفدار حل اختلاف دو طرف از طریق مذاکره است.,
1750,主张,zhǔ zhāng,HSK 6,名,2,对事情所持的意见、看法或提出的办法（名）,دیدگاه، موضع، پیشنهاد (اسم),名,اسم,"提出主张 (tíchū zhǔzhāng), 政治主张 (zhèngzhì zhǔzhāng), 坚持主张 (jiānchí zhǔzhāng)",他的主张得到了多数人的支持。,Tā de zhǔzhāng dédào le duōshù rén de zhīchí.,دیدگاه او حمایت بیشتر مردم را به دست آورد.,
1751,著作,zhù zuò,HSK 6,动,1,撰写书籍或学术作品（及物动，书面）,تألیف‌کردن، نوشتن (فعل گذرا؛ نوشتاری),及物动，书面,فعل گذرا؛ نوشتاری,"著作此书 (zhùzuò cǐ shū), 著作多部作品 (zhùzuò duō bù zuòpǐn), 从事著作 (cóngshì zhùzuò)",他用了十年时间著作这部历史书。,Tā yòng le shí nián shíjiān zhùzuò zhè bù lìshǐ shū.,او ده سال صرف تألیف این کتاب تاریخی کرد.,
1751,著作,zhù zuò,HSK 6,名,2,作者创作的书籍或学术作品（名）,اثر، تألیف (اسم),名,اسم,"学术著作 (xuéshù zhùzuò), 经典著作 (jīngdiǎn zhùzuò), 出版著作 (chūbǎn zhùzuò)",这本书是他最重要的学术著作之一。,Zhè běn shū shì tā zuì zhòngyào de xuéshù zhùzuò zhī yī.,این کتاب یکی از مهم‌ترین آثار علمی اوست.,
1752,资本,zī běn,HSK 6,名,1,用于生产、经营或投资并能带来收益的资金或财产（名）,سرمایه (اسم),名,اسم,"投入资本 (tóurù zīběn), 社会资本 (shèhuì zīběn), 资本市场 (zīběn shìchǎng)",创业初期，他们需要投入大量资本。,"Chuàngyè chūqī, tāmen xūyào tóurù dàliàng zīběn.",آن‌ها در آغاز راه‌اندازی کسب‌وکار باید سرمایهٔ زیادی وارد کار کنند.,
1752,资本,zī běn,HSK 6,名,2,可以凭借并为自己带来好处的条件或能力（名，比喻）,پشتوانه، مایهٔ برتری (اسم؛ مجازی),名，比喻,اسم؛ مجازی,"发展的资本 (fāzhǎn de zīběn), 成功的资本 (chénggōng de zīběn), 炫耀的资本 (xuànyào de zīběn)",年轻并不是浪费时间的资本。,Niánqīng bìng bú shì làngfèi shíjiān de zīběn.,جوانی مجوزی برای تلف‌کردن وقت نیست.,
1753,资产,zī chǎn,HSK 6,名,1,个人、企业或机构拥有的具有经济价值的财产和资源（名）,دارایی (اسم),名,اسم,"公司资产 (gōngsī zīchǎn), 固定资产 (gùdìng zīchǎn), 个人资产 (gèrén zīchǎn)",这家公司正在出售部分资产以偿还债务。,Zhè jiā gōngsī zhèngzài chūshòu bùfen zīchǎn yǐ chánghuán zhàiwù.,این شرکت برای بازپرداخت بدهی‌هایش بخشی از دارایی‌های خود را می‌فروشد.,
1754,自豪,zì háo,HSK 6,形,1,因自己或与自己有关的人、集体取得成就而感到光荣（形）,مفتخر، سربلند (صفت),形,صفت,"感到自豪 (gǎndào zìháo), 为此自豪 (wèicǐ zìháo), 令人自豪 (lìng rén zìháo)",我为你取得的成绩感到自豪。,Wǒ wèi nǐ qǔdé de chéngjì gǎndào zìháo.,من به موفقیتی که به دست آورده‌ای افتخار می‌کنم.,
1755,自来水,zì lái shuǐ,HSK 6,名,1,经过处理后通过管道输送到居民、单位等处的水（名）,آب لوله‌کشی (اسم),名,اسم,"供应自来水 (gōngyìng zìláishuǐ), 自来水管道 (zìláishuǐ guǎndào), 使用自来水 (shǐyòng zìláishuǐ)",由于管道维修，附近小区将暂停供应自来水。,"Yóuyú guǎndào wéixiū, fùjìn xiǎoqū jiāng zàntíng gōngyìng zìláishuǐ.",به‌دلیل تعمیر لوله‌ها، آب لوله‌کشی محله‌های اطراف موقتاً قطع خواهد شد.,
1756,自律,zì lǜ,HSK 6,动,1,主动约束和管理自己的行为（不及物动）,خود را منضبط‌کردن، خودکنترلی‌داشتن (فعل ناگذر),不及物动,فعل ناگذر,"学会自律 (xuéhuì zìlǜ), 严格自律 (yángé zìlǜ), 懂得自律 (dǒngde zìlǜ)",即使没有人监督，他也能严格自律。,"Jíshǐ méiyǒu rén jiāndū, tā yě néng yángé zìlǜ.",حتی بدون نظارت دیگران نیز می‌تواند انضباط شخصی خود را حفظ کند.,
1756,自律,zì lǜ,HSK 6,名,2,自觉约束和管理自己行为的能力或态度（名）,خودانضباطی، خودکنترلی (اسم),名,اسم,"缺乏自律 (quēfá zìlǜ), 保持自律 (bǎochí zìlǜ), 高度自律 (gāodù zìlǜ)",长期坚持锻炼需要很强的自律。,Chángqī jiānchí duànliàn xūyào hěn qiáng de zìlǜ.,ادامه‌دادن ورزش در بلندمدت به خودانضباطی زیادی نیاز دارد.,
1757,字幕,zì mù,HSK 6,名,1,电影、电视、视频等画面上显示的文字，如对白、翻译或说明（名）,زیرنویس (اسم),名,اسم,"中文字幕 (Zhōngwén zìmù), 添加字幕 (tiānjiā zìmù), 显示字幕 (xiǎnshì zìmù)",这部电影有中文和英文字幕。,Zhè bù diànyǐng yǒu Zhōngwén hé Yīngwén zìmù.,این فیلم زیرنویس چینی و انگلیسی دارد.,
1758,自杀,zì shā,HSK 6,动,1,故意结束自己的生命（不及物动）,خودکشی‌کردن (فعل ناگذر),不及物动,فعل ناگذر,"企图自杀 (qǐtú zìshā), 自杀身亡 (zìshā shēnwáng), 防止自杀 (fángzhǐ zìshā)",警方正在调查他自杀的原因。,Jǐngfāng zhèngzài diàochá tā zìshā de yuányīn.,پلیس در حال بررسی علت خودکشی اوست.,
1758,自杀,zì shā,HSK 6,名,2,故意结束自己生命的行为（名）,خودکشی (اسم),名,اسم,"自杀行为 (zìshā xíngwéi), 自杀风险 (zìshā fēngxiǎn), 预防自杀 (yùfáng zìshā)",及时的心理支持有助于降低自杀风险。,Jíshí de xīnlǐ zhīchí yǒuzhùyú jiàngdī zìshā fēngxiǎn.,حمایت روانی به‌موقع به کاهش خطر خودکشی کمک می‌کند.,
1759,自我,zì wǒ,HSK 6,名,1,自己；个人对自身的认识或意识（名）,خود، خویشتن (اسم),名,اسم,"认识自我 (rènshi zìwǒ), 实现自我 (shíxiàn zìwǒ), 失去自我 (shīqù zìwǒ)",了解他人的同时，我们也需要认识自我。,"Liǎojiě tārén de tóngshí, wǒmen yě xūyào rènshi zìwǒ.",در کنار شناخت دیگران، باید خودمان را نیز بشناسیم.,
1759,自我,zì wǒ,HSK 6,形,2,过分以自己为中心，只考虑自己的感受或利益（形，口语）,خودمحور (صفت؛ گفتاری),形，口语,صفت؛ گفتاری,"太自我 (tài zìwǒ), 变得自我 (biàn de zìwǒ), 比较自我 (bǐjiào zìwǒ)",他有时候太自我，不太考虑别人的感受。,"Tā yǒushíhou tài zìwǒ, bú tài kǎolǜ biérén de gǎnshòu.",او گاهی بیش از حد خودمحور است و چندان به احساسات دیگران توجه نمی‌کند.,
1760,自言自语,zì yán zì yǔ,HSK 6,成,1,自己跟自己说话（成）,با خود حرف‌زدن (اصطلاح),成,اصطلاح,"小声自言自语 (xiǎoshēng zìyánzìyǔ), 独自自言自语 (dúzì zìyánzìyǔ), 不停地自言自语 (bùtíng de zìyánzìyǔ)",他一边找东西，一边自言自语。,"Tā yìbiān zhǎo dōngxi, yìbiān zìyánzìyǔ.",او هنگام گشتن دنبال وسایل، با خودش حرف می‌زد.,
1761,自愿,zì yuàn,HSK 6,动,1,出于自己的意愿，没有受到强迫（动）,داوطلب‌بودن، به میل خود انجام‌دادن (فعل),动,فعل,"自愿参加 (zìyuàn cānjiā), 自愿放弃 (zìyuàn fàngqì), 完全自愿 (wánquán zìyuàn)",所有参与者都是自愿参加这项研究的。,Suǒyǒu cānyùzhě dōu shì zìyuàn cānjiā zhè xiàng yánjiū de.,همهٔ شرکت‌کنندگان با میل خود در این پژوهش شرکت کرده‌اند.,
1762,自助,zì zhù,HSK 6,动,1,依靠自己的力量帮助自己（不及物动）,به خود کمک‌کردن، متکی به خود بودن (فعل ناگذر),不及物动,فعل ناگذر,"自助互助 (zìzhù hùzhù), 努力自助 (nǔlì zìzhù), 自助者 (zìzhùzhě)",除了接受帮助，我们也要学会自助。,"Chúle jiēshòu bāngzhù, wǒmen yě yào xuéhuì zìzhù.",در کنار پذیرفتن کمک دیگران، باید یاد بگیریم به خودمان نیز کمک کنیم.,
1762,自助,zì zhù,HSK 6,形,2,由使用者自己操作或为自己服务的（形）,سلف‌سرویس، خودکار (صفت),形,صفت,"自助服务 (zìzhù fúwù), 自助设备 (zìzhù shèbèi), 自助办理 (zìzhù bànlǐ)",乘客可以在机器上自助办理登机手续。,Chéngkè kěyǐ zài jīqì shàng zìzhù bànlǐ dēngjī shǒuxù.,مسافران می‌توانند با دستگاه، مراحل پذیرش پرواز را خودشان انجام دهند.,
1763,总裁,zǒng cái,HSK 6,名,1,公司或大型机构的最高级管理人员之一（名）,مدیرعامل، رئیس ارشد شرکت (اسم),名,اسم,"公司总裁 (gōngsī zǒngcái), 集团总裁 (jítuán zǒngcái), 担任总裁 (dānrèn zǒngcái)",她去年被任命为集团总裁。,Tā qùnián bèi rènmìng wéi jítuán zǒngcái.,او سال گذشته به ریاست ارشد گروه منصوب شد.,
1764,总计,zǒng jì,HSK 6,动,1,把各部分合在一起计算；合计（及物动）,جمع‌زدن؛ در مجموع شدن (فعل گذرا),及物动,فعل گذرا,"费用总计 (fèiyòng zǒngjì), 总计三百人 (zǒngjì sānbǎi rén), 总计金额 (zǒngjì jīn’é)",本次活动的各项费用总计两万元。,Běn cì huódòng de gè xiàng fèiyòng zǒngjì liǎng wàn yuán.,هزینه‌های مختلف این برنامه در مجموع بیست هزار یوان شد.,
1765,总理,zǒng lǐ,HSK 6,名,1,某些国家中央政府的最高负责人（名）,نخست‌وزیر (اسم),名,اسم,"国家总理 (guójiā zǒnglǐ), 政府总理 (zhèngfǔ zǒnglǐ), 总理访问 (zǒnglǐ fǎngwèn)",两国总理举行了正式会谈。,Liǎng guó zǒnglǐ jǔxíng le zhèngshì huìtán.,نخست‌وزیران دو کشور مذاکرات رسمی برگزار کردند.,
1766,棕色,zōng sè,HSK 6,名、形,1,像棕毛一样的颜色；呈这种颜色的（名、形）,قهوه‌ای؛ قهوه‌ای‌رنگ (اسم و صفت),名、形,اسم و صفت,"深棕色 (shēn zōngsè), 棕色皮鞋 (zōngsè píxié), 染成棕色 (rǎn chéng zōngsè)",他今天穿了一件棕色外套。,Tā jīntiān chuān le yí jiàn zōngsè wàitào.,او امروز یک کت قهوه‌ای پوشیده است.,
1767,总算,zǒng suàn,HSK 6,副,1,经过较长时间或许多困难后终于达到某种结果（副）,بالاخره، سرانجام (قید),副,قید,"总算完成 (zǒngsuàn wánchéng), 总算找到 (zǒngsuàn zhǎodào), 总算解决了 (zǒngsuàn jiějué le)",找了半天，我们总算找到了正确的地址。,"Zhǎo le bàntiān, wǒmen zǒngsuàn zhǎodào le zhèngquè de dìzhǐ.",پس از مدت زیادی جست‌وجو، بالاخره نشانی درست را پیدا کردیم.,
1767,总算,zǒng suàn,HSK 6,副,2,表示总体上还可以或勉强令人满意（副）,در مجموع بد نیست، دست‌کم (قید),副,قید,"总算不错 (zǒngsuàn búcuò), 总算顺利 (zǒngsuàn shùnlì), 总算没有白费 (zǒngsuàn méiyǒu báifèi)",这次旅行虽然很累，但总算还顺利。,"Zhè cì lǚxíng suīrán hěn lèi, dàn zǒngsuàn hái shùnlì.",این سفر با اینکه خسته‌کننده بود، دست‌کم بدون مشکل پیش رفت.,
1768,粽子,zòng zi,HSK 6,名,1,用竹叶或苇叶包裹糯米蒸煮而成的传统食品（名）,زونگ‌زی، دلمهٔ برنج چسبناک چینی (اسم),名,اسم,"包粽子 (bāo zòngzi), 吃粽子 (chī zòngzi), 一个粽子 (yí ge zòngzi)",端午节时，很多家庭会一起包粽子。,"Duānwǔjié shí, hěn duō jiātíng huì yìqǐ bāo zòngzi.",در جشن قایق اژدها، بسیاری از خانواده‌ها با هم زونگ‌زی درست می‌کنند.,
1769,走廊,zǒu láng,HSK 6,名,1,连接房间或建筑不同部分的狭长通道（名）,راهرو (اسم),名,اسم,"走廊尽头 (zǒuláng jìntóu), 穿过走廊 (chuānguò zǒuláng), 长长的走廊 (chángcháng de zǒuláng)",医生的办公室在走廊尽头。,Yīshēng de bàngōngshì zài zǒuláng jìntóu.,اتاق پزشک در انتهای راهرو است.,
1770,足,zú,HSK 6,名,1,脚（名，书面）,پا (اسم؛ نوشتاری),名，书面,اسم؛ نوشتاری,"双足 (shuāng zú), 赤足 (chìzú), 从头到足 (cóng tóu dào zú)",这种动物能够用双足站立。,Zhè zhǒng dòngwù nénggòu yòng shuāng zú zhànlì.,این حیوان می‌تواند روی دو پا بایستد.,
1770,足,zú,HSK 6,形,2,数量充分，达到需要或应有的程度（形）,کافی، بسنده (صفت),形,صفت,"理由不足 (lǐyóu bùzú), 证据很足 (zhèngjù hěn zú), 信心十足 (xìnxīn shízú)",现有的证据还不足，无法得出结论。,"Xiànyǒu de zhèngjù hái bùzú, wúfǎ déchū jiélùn.",شواهد موجود هنوز کافی نیست و نمی‌توان نتیجه‌گیری کرد.,
1770,足,zú,HSK 6,副,3,表示数量或程度达到甚至超过某个标准（副）,تماماً، به‌اندازهٔ کامل (قید),副,قید,"足有十年 (zú yǒu shí nián), 足足等了一小时 (zúzú děng le yì xiǎoshí), 足可证明 (zú kě zhèngmíng)",这个大厅足可以容纳一千人。,Zhè ge dàtīng zú kěyǐ róngnà yìqiān rén.,این سالن به‌راحتی گنجایش هزار نفر را دارد.,
1771,阻碍,zǔ ài,HSK 6,动,1,阻挡并妨碍事物顺利进行或发展（及物动）,مانع‌شدن، بازداشتن (فعل گذرا),及物动,فعل گذرا,"阻碍发展 (zǔ’ài fāzhǎn), 阻碍交通 (zǔ’ài jiāotōng), 严重阻碍 (yánzhòng zǔ’ài)",缺乏资金严重阻碍了项目的进展。,Quēfá zījīn yánzhòng zǔ’ài le xiàngmù de jìnzhǎn.,کمبود بودجه به‌شدت مانع پیشرفت پروژه شده است.,
1771,阻碍,zǔ ài,HSK 6,名,2,妨碍事物顺利进行或发展的因素（名）,مانع (اسم),名,اسم,"克服阻碍 (kèfú zǔ’ài), 形成阻碍 (xíngchéng zǔ’ài), 最大的阻碍 (zuìdà de zǔ’ài)",语言差异并不是双方交流的最大阻碍。,Yǔyán chāyì bìng bú shì shuāngfāng jiāoliú de zuìdà zǔ’ài.,تفاوت زبانی بزرگ‌ترین مانع ارتباط دو طرف نیست.,
1772,钻,zuān,HSK 6,动,1,用尖锐或旋转的工具在物体上打孔（及物动）,سوراخ‌کردن، دریل‌کردن (فعل گذرا),及物动,فعل گذرا,"钻个孔 (zuān ge kǒng), 钻一口井 (zuān yì kǒu jǐng), 在墙上钻孔 (zài qiáng shàng zuān kǒng)",工人正在墙上钻一个孔。,Gōngrén zhèngzài qiáng shàng zuān yí ge kǒng.,کارگر در حال سوراخ‌کردن دیوار است.,
1772,钻,zuān,HSK 6,动,2,穿过、进入狭小的空间或空隙（不及物动）,خزیدن یا رفتن به داخل، از شکافی ردشدن (فعل ناگذر),不及物动,فعل ناگذر,"钻进洞里 (zuān jìn dòng lǐ), 钻出人群 (zuān chū rénqún), 从缝里钻过去 (cóng fèng lǐ zuān guòqu)",小猫从门缝里钻了进来。,Xiǎomāo cóng ménfèng lǐ zuān le jìnlai.,بچه‌گربه از شکاف در به داخل خزید.,
1773,阻挡,zǔ dǎng,HSK 6,动,1,拦住人或事物，使其不能前进、通过或发展（及物动）,سدکردن، جلوی چیزی را گرفتن (فعل گذرا),及物动,فعل گذرا,"阻挡去路 (zǔdǎng qùlù), 阻挡车辆 (zǔdǎng chēliàng), 无法阻挡 (wúfǎ zǔdǎng)",倒下的大树阻挡了车辆通行。,Dǎoxià de dàshù zǔdǎng le chēliàng tōngxíng.,درخت افتاده راه عبور خودروها را سد کرده بود.,
1774,祖国,zǔ guó,HSK 6,名,1,自己的国家（名）,میهن، وطن (اسم),名,اسم,"热爱祖国 (rè’ài zǔguó), 保卫祖国 (bǎowèi zǔguó), 回到祖国 (huídào zǔguó)",海外游子一直思念自己的祖国。,Hǎiwài yóuzǐ yìzhí sīniàn zìjǐ de zǔguó.,مهاجران دور از وطن همواره دلتنگ میهن خود هستند.,
1775,罪,zuì,HSK 6,名,1,违反法律、道德或宗教规范的行为（名）,جرم، گناه (اسم),名,اسم,"犯了罪 (fàn le zuì), 有罪 (yǒu zuì), 无罪 (wúzuì)",任何人犯了罪都应依法承担责任。,Rènhé rén fàn le zuì dōu yīng yīfǎ chéngdān zérèn.,هرکس مرتکب جرمی شود، باید طبق قانون پاسخ‌گو باشد.,
1776,祖先,zǔ xiān,HSK 6,名,1,一个民族、家族或个人的上代，尤指年代较远的先辈（名）,نیاکان، اجداد (اسم),名,اسم,"人类祖先 (rénlèi zǔxiān), 共同祖先 (gòngtóng zǔxiān), 祖先留下的遗产 (zǔxiān liúxià de yíchǎn)",我们的祖先很早就在这里生活了。,Wǒmen de zǔxiān hěn zǎo jiù zài zhèlǐ shēnghuó le.,نیاکان ما از زمان‌های بسیار دور در اینجا زندگی می‌کردند.,
1777,足以,zú yǐ,HSK 6,动,1,完全可以；达到能够做某事或产生某种结果的程度（动）,کافی‌بودن برای، آن‌قدر بودن که (فعل),动,فعل,"足以证明 (zúyǐ zhèngmíng), 足以应对 (zúyǐ yìngduì), 不足以说明 (bùzúyǐ shuōmíng)",现有证据还不足以证明他的说法。,Xiànyǒu zhèngjù hái bùzúyǐ zhèngmíng tā de shuōfǎ.,شواهد موجود هنوز برای اثبات ادعای او کافی نیست.,
